#  E (eV)   dos(E)     Int dos(E) EFermi =    0.533 eV
 -49.388  0.0000E+00  0.0000E+00
 -49.378  0.1840E+02  0.1693E+00
 -49.368  0.2250E+02  0.3725E+00
 -49.358  0.2985E+02  0.6295E+00
 -49.348  0.4806E+02  0.9998E+00
 -49.338  0.7593E+02  0.1815E+01
 -49.328  0.0000E+00  0.2000E+01
 -49.318  0.0000E+00  0.2000E+01
 -49.308  0.0000E+00  0.2000E+01
 -49.298  0.0000E+00  0.2000E+01
 -49.288  0.0000E+00  0.2000E+01
 -49.278  0.0000E+00  0.2000E+01
 -49.268  0.0000E+00  0.2000E+01
 -49.258  0.0000E+00  0.2000E+01
 -49.248  0.0000E+00  0.2000E+01
 -49.238  0.0000E+00  0.2000E+01
 -49.228  0.0000E+00  0.2000E+01
 -49.218  0.0000E+00  0.2000E+01
 -49.208  0.0000E+00  0.2000E+01
 -49.198  0.0000E+00  0.2000E+01
 -49.188  0.0000E+00  0.2000E+01
 -49.178  0.0000E+00  0.2000E+01
 -49.168  0.0000E+00  0.2000E+01
 -49.158  0.0000E+00  0.2000E+01
 -49.148  0.0000E+00  0.2000E+01
 -49.138  0.0000E+00  0.2000E+01
 -49.128  0.0000E+00  0.2000E+01
 -49.118  0.0000E+00  0.2000E+01
 -49.108  0.0000E+00  0.2000E+01
 -49.098  0.0000E+00  0.2000E+01
 -49.088  0.0000E+00  0.2000E+01
 -49.078  0.0000E+00  0.2000E+01
 -49.068  0.0000E+00  0.2000E+01
 -49.058  0.0000E+00  0.2000E+01
 -49.048  0.0000E+00  0.2000E+01
 -49.038  0.0000E+00  0.2000E+01
 -49.028  0.0000E+00  0.2000E+01
 -49.018  0.0000E+00  0.2000E+01
 -49.008  0.0000E+00  0.2000E+01
 -48.998  0.0000E+00  0.2000E+01
 -48.988  0.0000E+00  0.2000E+01
 -48.978  0.0000E+00  0.2000E+01
 -48.968  0.0000E+00  0.2000E+01
 -48.958  0.0000E+00  0.2000E+01
 -48.948  0.0000E+00  0.2000E+01
 -48.938  0.0000E+00  0.2000E+01
 -48.928  0.0000E+00  0.2000E+01
 -48.918  0.0000E+00  0.2000E+01
 -48.908  0.0000E+00  0.2000E+01
 -48.898  0.0000E+00  0.2000E+01
 -48.888  0.0000E+00  0.2000E+01
 -48.878  0.0000E+00  0.2000E+01
 -48.868  0.0000E+00  0.2000E+01
 -48.858  0.0000E+00  0.2000E+01
 -48.848  0.0000E+00  0.2000E+01
 -48.838  0.0000E+00  0.2000E+01
 -48.828  0.0000E+00  0.2000E+01
 -48.818  0.0000E+00  0.2000E+01
 -48.808  0.0000E+00  0.2000E+01
 -48.798  0.0000E+00  0.2000E+01
 -48.788  0.0000E+00  0.2000E+01
 -48.778  0.0000E+00  0.2000E+01
 -48.768  0.0000E+00  0.2000E+01
 -48.758  0.0000E+00  0.2000E+01
 -48.748  0.0000E+00  0.2000E+01
 -48.738  0.0000E+00  0.2000E+01
 -48.728  0.0000E+00  0.2000E+01
 -48.718  0.0000E+00  0.2000E+01
 -48.708  0.0000E+00  0.2000E+01
 -48.698  0.0000E+00  0.2000E+01
 -48.688  0.0000E+00  0.2000E+01
 -48.678  0.0000E+00  0.2000E+01
 -48.668  0.0000E+00  0.2000E+01
 -48.658  0.0000E+00  0.2000E+01
 -48.648  0.0000E+00  0.2000E+01
 -48.638  0.0000E+00  0.2000E+01
 -48.628  0.0000E+00  0.2000E+01
 -48.618  0.0000E+00  0.2000E+01
 -48.608  0.0000E+00  0.2000E+01
 -48.598  0.0000E+00  0.2000E+01
 -48.588  0.0000E+00  0.2000E+01
 -48.578  0.0000E+00  0.2000E+01
 -48.568  0.0000E+00  0.2000E+01
 -48.558  0.0000E+00  0.2000E+01
 -48.548  0.0000E+00  0.2000E+01
 -48.538  0.0000E+00  0.2000E+01
 -48.528  0.0000E+00  0.2000E+01
 -48.518  0.0000E+00  0.2000E+01
 -48.508  0.0000E+00  0.2000E+01
 -48.498  0.0000E+00  0.2000E+01
 -48.488  0.0000E+00  0.2000E+01
 -48.478  0.0000E+00  0.2000E+01
 -48.468  0.0000E+00  0.2000E+01
 -48.458  0.0000E+00  0.2000E+01
 -48.448  0.0000E+00  0.2000E+01
 -48.438  0.0000E+00  0.2000E+01
 -48.428  0.0000E+00  0.2000E+01
 -48.418  0.0000E+00  0.2000E+01
 -48.408  0.0000E+00  0.2000E+01
 -48.398  0.0000E+00  0.2000E+01
 -48.388  0.0000E+00  0.2000E+01
 -48.378  0.0000E+00  0.2000E+01
 -48.368  0.0000E+00  0.2000E+01
 -48.358  0.0000E+00  0.2000E+01
 -48.348  0.0000E+00  0.2000E+01
 -48.338  0.0000E+00  0.2000E+01
 -48.328  0.0000E+00  0.2000E+01
 -48.318  0.0000E+00  0.2000E+01
 -48.308  0.0000E+00  0.2000E+01
 -48.298  0.0000E+00  0.2000E+01
 -48.288  0.0000E+00  0.2000E+01
 -48.278  0.0000E+00  0.2000E+01
 -48.268  0.0000E+00  0.2000E+01
 -48.258  0.0000E+00  0.2000E+01
 -48.248  0.0000E+00  0.2000E+01
 -48.238  0.0000E+00  0.2000E+01
 -48.228  0.0000E+00  0.2000E+01
 -48.218  0.0000E+00  0.2000E+01
 -48.208  0.0000E+00  0.2000E+01
 -48.198  0.0000E+00  0.2000E+01
 -48.188  0.0000E+00  0.2000E+01
 -48.178  0.0000E+00  0.2000E+01
 -48.168  0.0000E+00  0.2000E+01
 -48.158  0.0000E+00  0.2000E+01
 -48.148  0.0000E+00  0.2000E+01
 -48.138  0.0000E+00  0.2000E+01
 -48.128  0.0000E+00  0.2000E+01
 -48.118  0.0000E+00  0.2000E+01
 -48.108  0.0000E+00  0.2000E+01
 -48.098  0.0000E+00  0.2000E+01
 -48.088  0.0000E+00  0.2000E+01
 -48.078  0.0000E+00  0.2000E+01
 -48.068  0.0000E+00  0.2000E+01
 -48.058  0.0000E+00  0.2000E+01
 -48.048  0.0000E+00  0.2000E+01
 -48.038  0.0000E+00  0.2000E+01
 -48.028  0.0000E+00  0.2000E+01
 -48.018  0.0000E+00  0.2000E+01
 -48.008  0.0000E+00  0.2000E+01
 -47.998  0.0000E+00  0.2000E+01
 -47.988  0.0000E+00  0.2000E+01
 -47.978  0.0000E+00  0.2000E+01
 -47.968  0.0000E+00  0.2000E+01
 -47.958  0.0000E+00  0.2000E+01
 -47.948  0.0000E+00  0.2000E+01
 -47.938  0.0000E+00  0.2000E+01
 -47.928  0.0000E+00  0.2000E+01
 -47.918  0.0000E+00  0.2000E+01
 -47.908  0.0000E+00  0.2000E+01
 -47.898  0.0000E+00  0.2000E+01
 -47.888  0.0000E+00  0.2000E+01
 -47.878  0.0000E+00  0.2000E+01
 -47.868  0.0000E+00  0.2000E+01
 -47.858  0.0000E+00  0.2000E+01
 -47.848  0.0000E+00  0.2000E+01
 -47.838  0.0000E+00  0.2000E+01
 -47.828  0.0000E+00  0.2000E+01
 -47.818  0.0000E+00  0.2000E+01
 -47.808  0.0000E+00  0.2000E+01
 -47.798  0.0000E+00  0.2000E+01
 -47.788  0.0000E+00  0.2000E+01
 -47.778  0.0000E+00  0.2000E+01
 -47.768  0.0000E+00  0.2000E+01
 -47.758  0.0000E+00  0.2000E+01
 -47.748  0.0000E+00  0.2000E+01
 -47.738  0.0000E+00  0.2000E+01
 -47.728  0.0000E+00  0.2000E+01
 -47.718  0.0000E+00  0.2000E+01
 -47.708  0.0000E+00  0.2000E+01
 -47.698  0.0000E+00  0.2000E+01
 -47.688  0.0000E+00  0.2000E+01
 -47.678  0.0000E+00  0.2000E+01
 -47.668  0.0000E+00  0.2000E+01
 -47.658  0.0000E+00  0.2000E+01
 -47.648  0.0000E+00  0.2000E+01
 -47.638  0.0000E+00  0.2000E+01
 -47.628  0.0000E+00  0.2000E+01
 -47.618  0.0000E+00  0.2000E+01
 -47.608  0.0000E+00  0.2000E+01
 -47.598  0.0000E+00  0.2000E+01
 -47.588  0.0000E+00  0.2000E+01
 -47.578  0.0000E+00  0.2000E+01
 -47.568  0.0000E+00  0.2000E+01
 -47.558  0.0000E+00  0.2000E+01
 -47.548  0.0000E+00  0.2000E+01
 -47.538  0.0000E+00  0.2000E+01
 -47.528  0.0000E+00  0.2000E+01
 -47.518  0.0000E+00  0.2000E+01
 -47.508  0.0000E+00  0.2000E+01
 -47.498  0.0000E+00  0.2000E+01
 -47.488  0.0000E+00  0.2000E+01
 -47.478  0.0000E+00  0.2000E+01
 -47.468  0.0000E+00  0.2000E+01
 -47.458  0.0000E+00  0.2000E+01
 -47.448  0.0000E+00  0.2000E+01
 -47.438  0.0000E+00  0.2000E+01
 -47.428  0.0000E+00  0.2000E+01
 -47.418  0.0000E+00  0.2000E+01
 -47.408  0.0000E+00  0.2000E+01
 -47.398  0.0000E+00  0.2000E+01
 -47.388  0.0000E+00  0.2000E+01
 -47.378  0.0000E+00  0.2000E+01
 -47.368  0.0000E+00  0.2000E+01
 -47.358  0.0000E+00  0.2000E+01
 -47.348  0.0000E+00  0.2000E+01
 -47.338  0.0000E+00  0.2000E+01
 -47.328  0.0000E+00  0.2000E+01
 -47.318  0.0000E+00  0.2000E+01
 -47.308  0.0000E+00  0.2000E+01
 -47.298  0.0000E+00  0.2000E+01
 -47.288  0.0000E+00  0.2000E+01
 -47.278  0.0000E+00  0.2000E+01
 -47.268  0.0000E+00  0.2000E+01
 -47.258  0.0000E+00  0.2000E+01
 -47.248  0.0000E+00  0.2000E+01
 -47.238  0.0000E+00  0.2000E+01
 -47.228  0.0000E+00  0.2000E+01
 -47.218  0.0000E+00  0.2000E+01
 -47.208  0.0000E+00  0.2000E+01
 -47.198  0.0000E+00  0.2000E+01
 -47.188  0.0000E+00  0.2000E+01
 -47.178  0.0000E+00  0.2000E+01
 -47.168  0.0000E+00  0.2000E+01
 -47.158  0.0000E+00  0.2000E+01
 -47.148  0.0000E+00  0.2000E+01
 -47.138  0.0000E+00  0.2000E+01
 -47.128  0.0000E+00  0.2000E+01
 -47.118  0.0000E+00  0.2000E+01
 -47.108  0.0000E+00  0.2000E+01
 -47.098  0.0000E+00  0.2000E+01
 -47.088  0.0000E+00  0.2000E+01
 -47.078  0.0000E+00  0.2000E+01
 -47.068  0.0000E+00  0.2000E+01
 -47.058  0.0000E+00  0.2000E+01
 -47.048  0.0000E+00  0.2000E+01
 -47.038  0.0000E+00  0.2000E+01
 -47.028  0.0000E+00  0.2000E+01
 -47.018  0.0000E+00  0.2000E+01
 -47.008  0.0000E+00  0.2000E+01
 -46.998  0.0000E+00  0.2000E+01
 -46.988  0.0000E+00  0.2000E+01
 -46.978  0.0000E+00  0.2000E+01
 -46.968  0.0000E+00  0.2000E+01
 -46.958  0.0000E+00  0.2000E+01
 -46.948  0.0000E+00  0.2000E+01
 -46.938  0.0000E+00  0.2000E+01
 -46.928  0.0000E+00  0.2000E+01
 -46.918  0.0000E+00  0.2000E+01
 -46.908  0.0000E+00  0.2000E+01
 -46.898  0.0000E+00  0.2000E+01
 -46.888  0.0000E+00  0.2000E+01
 -46.878  0.0000E+00  0.2000E+01
 -46.868  0.0000E+00  0.2000E+01
 -46.858  0.0000E+00  0.2000E+01
 -46.848  0.0000E+00  0.2000E+01
 -46.838  0.0000E+00  0.2000E+01
 -46.828  0.0000E+00  0.2000E+01
 -46.818  0.0000E+00  0.2000E+01
 -46.808  0.0000E+00  0.2000E+01
 -46.798  0.0000E+00  0.2000E+01
 -46.788  0.0000E+00  0.2000E+01
 -46.778  0.0000E+00  0.2000E+01
 -46.768  0.0000E+00  0.2000E+01
 -46.758  0.0000E+00  0.2000E+01
 -46.748  0.0000E+00  0.2000E+01
 -46.738  0.0000E+00  0.2000E+01
 -46.728  0.0000E+00  0.2000E+01
 -46.718  0.0000E+00  0.2000E+01
 -46.708  0.0000E+00  0.2000E+01
 -46.698  0.0000E+00  0.2000E+01
 -46.688  0.0000E+00  0.2000E+01
 -46.678  0.0000E+00  0.2000E+01
 -46.668  0.0000E+00  0.2000E+01
 -46.658  0.0000E+00  0.2000E+01
 -46.648  0.0000E+00  0.2000E+01
 -46.638  0.0000E+00  0.2000E+01
 -46.628  0.0000E+00  0.2000E+01
 -46.618  0.0000E+00  0.2000E+01
 -46.608  0.0000E+00  0.2000E+01
 -46.598  0.0000E+00  0.2000E+01
 -46.588  0.0000E+00  0.2000E+01
 -46.578  0.0000E+00  0.2000E+01
 -46.568  0.0000E+00  0.2000E+01
 -46.558  0.0000E+00  0.2000E+01
 -46.548  0.0000E+00  0.2000E+01
 -46.538  0.0000E+00  0.2000E+01
 -46.528  0.0000E+00  0.2000E+01
 -46.518  0.0000E+00  0.2000E+01
 -46.508  0.0000E+00  0.2000E+01
 -46.498  0.0000E+00  0.2000E+01
 -46.488  0.0000E+00  0.2000E+01
 -46.478  0.0000E+00  0.2000E+01
 -46.468  0.0000E+00  0.2000E+01
 -46.458  0.0000E+00  0.2000E+01
 -46.448  0.0000E+00  0.2000E+01
 -46.438  0.0000E+00  0.2000E+01
 -46.428  0.0000E+00  0.2000E+01
 -46.418  0.0000E+00  0.2000E+01
 -46.408  0.0000E+00  0.2000E+01
 -46.398  0.0000E+00  0.2000E+01
 -46.388  0.0000E+00  0.2000E+01
 -46.378  0.0000E+00  0.2000E+01
 -46.368  0.0000E+00  0.2000E+01
 -46.358  0.0000E+00  0.2000E+01
 -46.348  0.0000E+00  0.2000E+01
 -46.338  0.0000E+00  0.2000E+01
 -46.328  0.0000E+00  0.2000E+01
 -46.318  0.0000E+00  0.2000E+01
 -46.308  0.0000E+00  0.2000E+01
 -46.298  0.0000E+00  0.2000E+01
 -46.288  0.0000E+00  0.2000E+01
 -46.278  0.0000E+00  0.2000E+01
 -46.268  0.0000E+00  0.2000E+01
 -46.258  0.0000E+00  0.2000E+01
 -46.248  0.0000E+00  0.2000E+01
 -46.238  0.0000E+00  0.2000E+01
 -46.228  0.0000E+00  0.2000E+01
 -46.218  0.0000E+00  0.2000E+01
 -46.208  0.0000E+00  0.2000E+01
 -46.198  0.0000E+00  0.2000E+01
 -46.188  0.0000E+00  0.2000E+01
 -46.178  0.0000E+00  0.2000E+01
 -46.168  0.0000E+00  0.2000E+01
 -46.158  0.0000E+00  0.2000E+01
 -46.148  0.0000E+00  0.2000E+01
 -46.138  0.0000E+00  0.2000E+01
 -46.128  0.0000E+00  0.2000E+01
 -46.118  0.0000E+00  0.2000E+01
 -46.108  0.0000E+00  0.2000E+01
 -46.098  0.0000E+00  0.2000E+01
 -46.088  0.0000E+00  0.2000E+01
 -46.078  0.0000E+00  0.2000E+01
 -46.068  0.0000E+00  0.2000E+01
 -46.058  0.0000E+00  0.2000E+01
 -46.048  0.0000E+00  0.2000E+01
 -46.038  0.0000E+00  0.2000E+01
 -46.028  0.0000E+00  0.2000E+01
 -46.018  0.0000E+00  0.2000E+01
 -46.008  0.0000E+00  0.2000E+01
 -45.998  0.0000E+00  0.2000E+01
 -45.988  0.0000E+00  0.2000E+01
 -45.978  0.0000E+00  0.2000E+01
 -45.968  0.0000E+00  0.2000E+01
 -45.958  0.0000E+00  0.2000E+01
 -45.948  0.0000E+00  0.2000E+01
 -45.938  0.0000E+00  0.2000E+01
 -45.928  0.0000E+00  0.2000E+01
 -45.918  0.0000E+00  0.2000E+01
 -45.908  0.0000E+00  0.2000E+01
 -45.898  0.0000E+00  0.2000E+01
 -45.888  0.0000E+00  0.2000E+01
 -45.878  0.0000E+00  0.2000E+01
 -45.868  0.0000E+00  0.2000E+01
 -45.858  0.0000E+00  0.2000E+01
 -45.848  0.0000E+00  0.2000E+01
 -45.838  0.0000E+00  0.2000E+01
 -45.828  0.0000E+00  0.2000E+01
 -45.818  0.0000E+00  0.2000E+01
 -45.808  0.0000E+00  0.2000E+01
 -45.798  0.0000E+00  0.2000E+01
 -45.788  0.0000E+00  0.2000E+01
 -45.778  0.0000E+00  0.2000E+01
 -45.768  0.0000E+00  0.2000E+01
 -45.758  0.0000E+00  0.2000E+01
 -45.748  0.0000E+00  0.2000E+01
 -45.738  0.0000E+00  0.2000E+01
 -45.728  0.0000E+00  0.2000E+01
 -45.718  0.0000E+00  0.2000E+01
 -45.708  0.0000E+00  0.2000E+01
 -45.698  0.0000E+00  0.2000E+01
 -45.688  0.0000E+00  0.2000E+01
 -45.678  0.0000E+00  0.2000E+01
 -45.668  0.0000E+00  0.2000E+01
 -45.658  0.0000E+00  0.2000E+01
 -45.648  0.0000E+00  0.2000E+01
 -45.638  0.0000E+00  0.2000E+01
 -45.628  0.0000E+00  0.2000E+01
 -45.618  0.0000E+00  0.2000E+01
 -45.608  0.0000E+00  0.2000E+01
 -45.598  0.0000E+00  0.2000E+01
 -45.588  0.0000E+00  0.2000E+01
 -45.578  0.0000E+00  0.2000E+01
 -45.568  0.0000E+00  0.2000E+01
 -45.558  0.0000E+00  0.2000E+01
 -45.548  0.0000E+00  0.2000E+01
 -45.538  0.0000E+00  0.2000E+01
 -45.528  0.0000E+00  0.2000E+01
 -45.518  0.0000E+00  0.2000E+01
 -45.508  0.0000E+00  0.2000E+01
 -45.498  0.0000E+00  0.2000E+01
 -45.488  0.0000E+00  0.2000E+01
 -45.478  0.0000E+00  0.2000E+01
 -45.468  0.0000E+00  0.2000E+01
 -45.458  0.0000E+00  0.2000E+01
 -45.448  0.0000E+00  0.2000E+01
 -45.438  0.0000E+00  0.2000E+01
 -45.428  0.0000E+00  0.2000E+01
 -45.418  0.0000E+00  0.2000E+01
 -45.408  0.0000E+00  0.2000E+01
 -45.398  0.0000E+00  0.2000E+01
 -45.388  0.0000E+00  0.2000E+01
 -45.378  0.0000E+00  0.2000E+01
 -45.368  0.0000E+00  0.2000E+01
 -45.358  0.0000E+00  0.2000E+01
 -45.348  0.0000E+00  0.2000E+01
 -45.338  0.0000E+00  0.2000E+01
 -45.328  0.0000E+00  0.2000E+01
 -45.318  0.0000E+00  0.2000E+01
 -45.308  0.0000E+00  0.2000E+01
 -45.298  0.0000E+00  0.2000E+01
 -45.288  0.0000E+00  0.2000E+01
 -45.278  0.0000E+00  0.2000E+01
 -45.268  0.0000E+00  0.2000E+01
 -45.258  0.0000E+00  0.2000E+01
 -45.248  0.0000E+00  0.2000E+01
 -45.238  0.0000E+00  0.2000E+01
 -45.228  0.0000E+00  0.2000E+01
 -45.218  0.0000E+00  0.2000E+01
 -45.208  0.0000E+00  0.2000E+01
 -45.198  0.0000E+00  0.2000E+01
 -45.188  0.0000E+00  0.2000E+01
 -45.178  0.0000E+00  0.2000E+01
 -45.168  0.0000E+00  0.2000E+01
 -45.158  0.0000E+00  0.2000E+01
 -45.148  0.0000E+00  0.2000E+01
 -45.138  0.0000E+00  0.2000E+01
 -45.128  0.0000E+00  0.2000E+01
 -45.118  0.0000E+00  0.2000E+01
 -45.108  0.0000E+00  0.2000E+01
 -45.098  0.0000E+00  0.2000E+01
 -45.088  0.0000E+00  0.2000E+01
 -45.078  0.0000E+00  0.2000E+01
 -45.068  0.0000E+00  0.2000E+01
 -45.058  0.0000E+00  0.2000E+01
 -45.048  0.0000E+00  0.2000E+01
 -45.038  0.0000E+00  0.2000E+01
 -45.028  0.0000E+00  0.2000E+01
 -45.018  0.0000E+00  0.2000E+01
 -45.008  0.0000E+00  0.2000E+01
 -44.998  0.0000E+00  0.2000E+01
 -44.988  0.0000E+00  0.2000E+01
 -44.978  0.0000E+00  0.2000E+01
 -44.968  0.0000E+00  0.2000E+01
 -44.958  0.0000E+00  0.2000E+01
 -44.948  0.0000E+00  0.2000E+01
 -44.938  0.0000E+00  0.2000E+01
 -44.928  0.0000E+00  0.2000E+01
 -44.918  0.0000E+00  0.2000E+01
 -44.908  0.0000E+00  0.2000E+01
 -44.898  0.0000E+00  0.2000E+01
 -44.888  0.0000E+00  0.2000E+01
 -44.878  0.0000E+00  0.2000E+01
 -44.868  0.0000E+00  0.2000E+01
 -44.858  0.0000E+00  0.2000E+01
 -44.848  0.0000E+00  0.2000E+01
 -44.838  0.0000E+00  0.2000E+01
 -44.828  0.0000E+00  0.2000E+01
 -44.818  0.0000E+00  0.2000E+01
 -44.808  0.0000E+00  0.2000E+01
 -44.798  0.0000E+00  0.2000E+01
 -44.788  0.0000E+00  0.2000E+01
 -44.778  0.0000E+00  0.2000E+01
 -44.768  0.0000E+00  0.2000E+01
 -44.758  0.0000E+00  0.2000E+01
 -44.748  0.0000E+00  0.2000E+01
 -44.738  0.0000E+00  0.2000E+01
 -44.728  0.0000E+00  0.2000E+01
 -44.718  0.0000E+00  0.2000E+01
 -44.708  0.0000E+00  0.2000E+01
 -44.698  0.0000E+00  0.2000E+01
 -44.688  0.0000E+00  0.2000E+01
 -44.678  0.0000E+00  0.2000E+01
 -44.668  0.0000E+00  0.2000E+01
 -44.658  0.0000E+00  0.2000E+01
 -44.648  0.0000E+00  0.2000E+01
 -44.638  0.0000E+00  0.2000E+01
 -44.628  0.0000E+00  0.2000E+01
 -44.618  0.0000E+00  0.2000E+01
 -44.608  0.0000E+00  0.2000E+01
 -44.598  0.0000E+00  0.2000E+01
 -44.588  0.0000E+00  0.2000E+01
 -44.578  0.0000E+00  0.2000E+01
 -44.568  0.0000E+00  0.2000E+01
 -44.558  0.0000E+00  0.2000E+01
 -44.548  0.0000E+00  0.2000E+01
 -44.538  0.0000E+00  0.2000E+01
 -44.528  0.0000E+00  0.2000E+01
 -44.518  0.0000E+00  0.2000E+01
 -44.508  0.0000E+00  0.2000E+01
 -44.498  0.0000E+00  0.2000E+01
 -44.488  0.0000E+00  0.2000E+01
 -44.478  0.0000E+00  0.2000E+01
 -44.468  0.0000E+00  0.2000E+01
 -44.458  0.0000E+00  0.2000E+01
 -44.448  0.0000E+00  0.2000E+01
 -44.438  0.0000E+00  0.2000E+01
 -44.428  0.0000E+00  0.2000E+01
 -44.418  0.0000E+00  0.2000E+01
 -44.408  0.0000E+00  0.2000E+01
 -44.398  0.0000E+00  0.2000E+01
 -44.388  0.0000E+00  0.2000E+01
 -44.378  0.0000E+00  0.2000E+01
 -44.368  0.0000E+00  0.2000E+01
 -44.358  0.0000E+00  0.2000E+01
 -44.348  0.0000E+00  0.2000E+01
 -44.338  0.0000E+00  0.2000E+01
 -44.328  0.0000E+00  0.2000E+01
 -44.318  0.0000E+00  0.2000E+01
 -44.308  0.0000E+00  0.2000E+01
 -44.298  0.0000E+00  0.2000E+01
 -44.288  0.0000E+00  0.2000E+01
 -44.278  0.0000E+00  0.2000E+01
 -44.268  0.0000E+00  0.2000E+01
 -44.258  0.0000E+00  0.2000E+01
 -44.248  0.0000E+00  0.2000E+01
 -44.238  0.0000E+00  0.2000E+01
 -44.228  0.0000E+00  0.2000E+01
 -44.218  0.0000E+00  0.2000E+01
 -44.208  0.0000E+00  0.2000E+01
 -44.198  0.0000E+00  0.2000E+01
 -44.188  0.0000E+00  0.2000E+01
 -44.178  0.0000E+00  0.2000E+01
 -44.168  0.0000E+00  0.2000E+01
 -44.158  0.0000E+00  0.2000E+01
 -44.148  0.0000E+00  0.2000E+01
 -44.138  0.0000E+00  0.2000E+01
 -44.128  0.0000E+00  0.2000E+01
 -44.118  0.0000E+00  0.2000E+01
 -44.108  0.0000E+00  0.2000E+01
 -44.098  0.0000E+00  0.2000E+01
 -44.088  0.0000E+00  0.2000E+01
 -44.078  0.0000E+00  0.2000E+01
 -44.068  0.0000E+00  0.2000E+01
 -44.058  0.0000E+00  0.2000E+01
 -44.048  0.0000E+00  0.2000E+01
 -44.038  0.0000E+00  0.2000E+01
 -44.028  0.0000E+00  0.2000E+01
 -44.018  0.0000E+00  0.2000E+01
 -44.008  0.0000E+00  0.2000E+01
 -43.998  0.0000E+00  0.2000E+01
 -43.988  0.0000E+00  0.2000E+01
 -43.978  0.0000E+00  0.2000E+01
 -43.968  0.0000E+00  0.2000E+01
 -43.958  0.0000E+00  0.2000E+01
 -43.948  0.0000E+00  0.2000E+01
 -43.938  0.0000E+00  0.2000E+01
 -43.928  0.0000E+00  0.2000E+01
 -43.918  0.0000E+00  0.2000E+01
 -43.908  0.0000E+00  0.2000E+01
 -43.898  0.0000E+00  0.2000E+01
 -43.888  0.0000E+00  0.2000E+01
 -43.878  0.0000E+00  0.2000E+01
 -43.868  0.0000E+00  0.2000E+01
 -43.858  0.0000E+00  0.2000E+01
 -43.848  0.0000E+00  0.2000E+01
 -43.838  0.0000E+00  0.2000E+01
 -43.828  0.0000E+00  0.2000E+01
 -43.818  0.0000E+00  0.2000E+01
 -43.808  0.0000E+00  0.2000E+01
 -43.798  0.0000E+00  0.2000E+01
 -43.788  0.0000E+00  0.2000E+01
 -43.778  0.0000E+00  0.2000E+01
 -43.768  0.0000E+00  0.2000E+01
 -43.758  0.0000E+00  0.2000E+01
 -43.748  0.0000E+00  0.2000E+01
 -43.738  0.0000E+00  0.2000E+01
 -43.728  0.0000E+00  0.2000E+01
 -43.718  0.0000E+00  0.2000E+01
 -43.708  0.0000E+00  0.2000E+01
 -43.698  0.0000E+00  0.2000E+01
 -43.688  0.0000E+00  0.2000E+01
 -43.678  0.0000E+00  0.2000E+01
 -43.668  0.0000E+00  0.2000E+01
 -43.658  0.0000E+00  0.2000E+01
 -43.648  0.0000E+00  0.2000E+01
 -43.638  0.0000E+00  0.2000E+01
 -43.628  0.0000E+00  0.2000E+01
 -43.618  0.0000E+00  0.2000E+01
 -43.608  0.0000E+00  0.2000E+01
 -43.598  0.0000E+00  0.2000E+01
 -43.588  0.0000E+00  0.2000E+01
 -43.578  0.0000E+00  0.2000E+01
 -43.568  0.0000E+00  0.2000E+01
 -43.558  0.0000E+00  0.2000E+01
 -43.548  0.0000E+00  0.2000E+01
 -43.538  0.0000E+00  0.2000E+01
 -43.528  0.0000E+00  0.2000E+01
 -43.518  0.0000E+00  0.2000E+01
 -43.508  0.0000E+00  0.2000E+01
 -43.498  0.0000E+00  0.2000E+01
 -43.488  0.0000E+00  0.2000E+01
 -43.478  0.0000E+00  0.2000E+01
 -43.468  0.0000E+00  0.2000E+01
 -43.458  0.0000E+00  0.2000E+01
 -43.448  0.0000E+00  0.2000E+01
 -43.438  0.0000E+00  0.2000E+01
 -43.428  0.0000E+00  0.2000E+01
 -43.418  0.0000E+00  0.2000E+01
 -43.408  0.0000E+00  0.2000E+01
 -43.398  0.0000E+00  0.2000E+01
 -43.388  0.0000E+00  0.2000E+01
 -43.378  0.0000E+00  0.2000E+01
 -43.368  0.0000E+00  0.2000E+01
 -43.358  0.0000E+00  0.2000E+01
 -43.348  0.0000E+00  0.2000E+01
 -43.338  0.0000E+00  0.2000E+01
 -43.328  0.0000E+00  0.2000E+01
 -43.318  0.0000E+00  0.2000E+01
 -43.308  0.0000E+00  0.2000E+01
 -43.298  0.0000E+00  0.2000E+01
 -43.288  0.0000E+00  0.2000E+01
 -43.278  0.0000E+00  0.2000E+01
 -43.268  0.0000E+00  0.2000E+01
 -43.258  0.0000E+00  0.2000E+01
 -43.248  0.0000E+00  0.2000E+01
 -43.238  0.0000E+00  0.2000E+01
 -43.228  0.0000E+00  0.2000E+01
 -43.218  0.0000E+00  0.2000E+01
 -43.208  0.0000E+00  0.2000E+01
 -43.198  0.0000E+00  0.2000E+01
 -43.188  0.0000E+00  0.2000E+01
 -43.178  0.0000E+00  0.2000E+01
 -43.168  0.0000E+00  0.2000E+01
 -43.158  0.0000E+00  0.2000E+01
 -43.148  0.0000E+00  0.2000E+01
 -43.138  0.0000E+00  0.2000E+01
 -43.128  0.0000E+00  0.2000E+01
 -43.118  0.0000E+00  0.2000E+01
 -43.108  0.0000E+00  0.2000E+01
 -43.098  0.0000E+00  0.2000E+01
 -43.088  0.0000E+00  0.2000E+01
 -43.078  0.0000E+00  0.2000E+01
 -43.068  0.0000E+00  0.2000E+01
 -43.058  0.0000E+00  0.2000E+01
 -43.048  0.0000E+00  0.2000E+01
 -43.038  0.0000E+00  0.2000E+01
 -43.028  0.0000E+00  0.2000E+01
 -43.018  0.0000E+00  0.2000E+01
 -43.008  0.0000E+00  0.2000E+01
 -42.998  0.0000E+00  0.2000E+01
 -42.988  0.0000E+00  0.2000E+01
 -42.978  0.0000E+00  0.2000E+01
 -42.968  0.0000E+00  0.2000E+01
 -42.958  0.0000E+00  0.2000E+01
 -42.948  0.0000E+00  0.2000E+01
 -42.938  0.0000E+00  0.2000E+01
 -42.928  0.0000E+00  0.2000E+01
 -42.918  0.0000E+00  0.2000E+01
 -42.908  0.0000E+00  0.2000E+01
 -42.898  0.0000E+00  0.2000E+01
 -42.888  0.0000E+00  0.2000E+01
 -42.878  0.0000E+00  0.2000E+01
 -42.868  0.0000E+00  0.2000E+01
 -42.858  0.0000E+00  0.2000E+01
 -42.848  0.0000E+00  0.2000E+01
 -42.838  0.0000E+00  0.2000E+01
 -42.828  0.0000E+00  0.2000E+01
 -42.818  0.0000E+00  0.2000E+01
 -42.808  0.0000E+00  0.2000E+01
 -42.798  0.0000E+00  0.2000E+01
 -42.788  0.0000E+00  0.2000E+01
 -42.778  0.0000E+00  0.2000E+01
 -42.768  0.0000E+00  0.2000E+01
 -42.758  0.0000E+00  0.2000E+01
 -42.748  0.0000E+00  0.2000E+01
 -42.738  0.0000E+00  0.2000E+01
 -42.728  0.0000E+00  0.2000E+01
 -42.718  0.0000E+00  0.2000E+01
 -42.708  0.0000E+00  0.2000E+01
 -42.698  0.0000E+00  0.2000E+01
 -42.688  0.0000E+00  0.2000E+01
 -42.678  0.0000E+00  0.2000E+01
 -42.668  0.0000E+00  0.2000E+01
 -42.658  0.0000E+00  0.2000E+01
 -42.648  0.0000E+00  0.2000E+01
 -42.638  0.0000E+00  0.2000E+01
 -42.628  0.0000E+00  0.2000E+01
 -42.618  0.0000E+00  0.2000E+01
 -42.608  0.0000E+00  0.2000E+01
 -42.598  0.0000E+00  0.2000E+01
 -42.588  0.0000E+00  0.2000E+01
 -42.578  0.0000E+00  0.2000E+01
 -42.568  0.0000E+00  0.2000E+01
 -42.558  0.0000E+00  0.2000E+01
 -42.548  0.0000E+00  0.2000E+01
 -42.538  0.0000E+00  0.2000E+01
 -42.528  0.0000E+00  0.2000E+01
 -42.518  0.0000E+00  0.2000E+01
 -42.508  0.0000E+00  0.2000E+01
 -42.498  0.0000E+00  0.2000E+01
 -42.488  0.0000E+00  0.2000E+01
 -42.478  0.0000E+00  0.2000E+01
 -42.468  0.0000E+00  0.2000E+01
 -42.458  0.0000E+00  0.2000E+01
 -42.448  0.0000E+00  0.2000E+01
 -42.438  0.0000E+00  0.2000E+01
 -42.428  0.0000E+00  0.2000E+01
 -42.418  0.0000E+00  0.2000E+01
 -42.408  0.0000E+00  0.2000E+01
 -42.398  0.0000E+00  0.2000E+01
 -42.388  0.0000E+00  0.2000E+01
 -42.378  0.0000E+00  0.2000E+01
 -42.368  0.0000E+00  0.2000E+01
 -42.358  0.0000E+00  0.2000E+01
 -42.348  0.0000E+00  0.2000E+01
 -42.338  0.0000E+00  0.2000E+01
 -42.328  0.0000E+00  0.2000E+01
 -42.318  0.0000E+00  0.2000E+01
 -42.308  0.0000E+00  0.2000E+01
 -42.298  0.0000E+00  0.2000E+01
 -42.288  0.0000E+00  0.2000E+01
 -42.278  0.0000E+00  0.2000E+01
 -42.268  0.0000E+00  0.2000E+01
 -42.258  0.0000E+00  0.2000E+01
 -42.248  0.0000E+00  0.2000E+01
 -42.238  0.0000E+00  0.2000E+01
 -42.228  0.0000E+00  0.2000E+01
 -42.218  0.0000E+00  0.2000E+01
 -42.208  0.0000E+00  0.2000E+01
 -42.198  0.0000E+00  0.2000E+01
 -42.188  0.0000E+00  0.2000E+01
 -42.178  0.0000E+00  0.2000E+01
 -42.168  0.0000E+00  0.2000E+01
 -42.158  0.0000E+00  0.2000E+01
 -42.148  0.0000E+00  0.2000E+01
 -42.138  0.0000E+00  0.2000E+01
 -42.128  0.0000E+00  0.2000E+01
 -42.118  0.0000E+00  0.2000E+01
 -42.108  0.0000E+00  0.2000E+01
 -42.098  0.0000E+00  0.2000E+01
 -42.088  0.0000E+00  0.2000E+01
 -42.078  0.0000E+00  0.2000E+01
 -42.068  0.0000E+00  0.2000E+01
 -42.058  0.0000E+00  0.2000E+01
 -42.048  0.0000E+00  0.2000E+01
 -42.038  0.0000E+00  0.2000E+01
 -42.028  0.0000E+00  0.2000E+01
 -42.018  0.0000E+00  0.2000E+01
 -42.008  0.0000E+00  0.2000E+01
 -41.998  0.0000E+00  0.2000E+01
 -41.988  0.0000E+00  0.2000E+01
 -41.978  0.0000E+00  0.2000E+01
 -41.968  0.0000E+00  0.2000E+01
 -41.958  0.0000E+00  0.2000E+01
 -41.948  0.0000E+00  0.2000E+01
 -41.938  0.0000E+00  0.2000E+01
 -41.928  0.0000E+00  0.2000E+01
 -41.918  0.0000E+00  0.2000E+01
 -41.908  0.0000E+00  0.2000E+01
 -41.898  0.0000E+00  0.2000E+01
 -41.888  0.0000E+00  0.2000E+01
 -41.878  0.0000E+00  0.2000E+01
 -41.868  0.0000E+00  0.2000E+01
 -41.858  0.0000E+00  0.2000E+01
 -41.848  0.0000E+00  0.2000E+01
 -41.838  0.0000E+00  0.2000E+01
 -41.828  0.0000E+00  0.2000E+01
 -41.818  0.0000E+00  0.2000E+01
 -41.808  0.0000E+00  0.2000E+01
 -41.798  0.0000E+00  0.2000E+01
 -41.788  0.0000E+00  0.2000E+01
 -41.778  0.0000E+00  0.2000E+01
 -41.768  0.0000E+00  0.2000E+01
 -41.758  0.0000E+00  0.2000E+01
 -41.748  0.0000E+00  0.2000E+01
 -41.738  0.0000E+00  0.2000E+01
 -41.728  0.0000E+00  0.2000E+01
 -41.718  0.0000E+00  0.2000E+01
 -41.708  0.0000E+00  0.2000E+01
 -41.698  0.0000E+00  0.2000E+01
 -41.688  0.0000E+00  0.2000E+01
 -41.678  0.0000E+00  0.2000E+01
 -41.668  0.0000E+00  0.2000E+01
 -41.658  0.0000E+00  0.2000E+01
 -41.648  0.0000E+00  0.2000E+01
 -41.638  0.0000E+00  0.2000E+01
 -41.628  0.0000E+00  0.2000E+01
 -41.618  0.0000E+00  0.2000E+01
 -41.608  0.0000E+00  0.2000E+01
 -41.598  0.0000E+00  0.2000E+01
 -41.588  0.0000E+00  0.2000E+01
 -41.578  0.0000E+00  0.2000E+01
 -41.568  0.0000E+00  0.2000E+01
 -41.558  0.0000E+00  0.2000E+01
 -41.548  0.0000E+00  0.2000E+01
 -41.538  0.0000E+00  0.2000E+01
 -41.528  0.0000E+00  0.2000E+01
 -41.518  0.0000E+00  0.2000E+01
 -41.508  0.0000E+00  0.2000E+01
 -41.498  0.0000E+00  0.2000E+01
 -41.488  0.0000E+00  0.2000E+01
 -41.478  0.0000E+00  0.2000E+01
 -41.468  0.0000E+00  0.2000E+01
 -41.458  0.0000E+00  0.2000E+01
 -41.448  0.0000E+00  0.2000E+01
 -41.438  0.0000E+00  0.2000E+01
 -41.428  0.0000E+00  0.2000E+01
 -41.418  0.0000E+00  0.2000E+01
 -41.408  0.0000E+00  0.2000E+01
 -41.398  0.0000E+00  0.2000E+01
 -41.388  0.0000E+00  0.2000E+01
 -41.378  0.0000E+00  0.2000E+01
 -41.368  0.0000E+00  0.2000E+01
 -41.358  0.0000E+00  0.2000E+01
 -41.348  0.0000E+00  0.2000E+01
 -41.338  0.0000E+00  0.2000E+01
 -41.328  0.0000E+00  0.2000E+01
 -41.318  0.0000E+00  0.2000E+01
 -41.308  0.0000E+00  0.2000E+01
 -41.298  0.0000E+00  0.2000E+01
 -41.288  0.0000E+00  0.2000E+01
 -41.278  0.0000E+00  0.2000E+01
 -41.268  0.0000E+00  0.2000E+01
 -41.258  0.0000E+00  0.2000E+01
 -41.248  0.0000E+00  0.2000E+01
 -41.238  0.0000E+00  0.2000E+01
 -41.228  0.0000E+00  0.2000E+01
 -41.218  0.0000E+00  0.2000E+01
 -41.208  0.0000E+00  0.2000E+01
 -41.198  0.0000E+00  0.2000E+01
 -41.188  0.0000E+00  0.2000E+01
 -41.178  0.0000E+00  0.2000E+01
 -41.168  0.0000E+00  0.2000E+01
 -41.158  0.0000E+00  0.2000E+01
 -41.148  0.0000E+00  0.2000E+01
 -41.138  0.0000E+00  0.2000E+01
 -41.128  0.0000E+00  0.2000E+01
 -41.118  0.0000E+00  0.2000E+01
 -41.108  0.0000E+00  0.2000E+01
 -41.098  0.0000E+00  0.2000E+01
 -41.088  0.0000E+00  0.2000E+01
 -41.078  0.0000E+00  0.2000E+01
 -41.068  0.0000E+00  0.2000E+01
 -41.058  0.0000E+00  0.2000E+01
 -41.048  0.0000E+00  0.2000E+01
 -41.038  0.0000E+00  0.2000E+01
 -41.028  0.0000E+00  0.2000E+01
 -41.018  0.0000E+00  0.2000E+01
 -41.008  0.0000E+00  0.2000E+01
 -40.998  0.0000E+00  0.2000E+01
 -40.988  0.0000E+00  0.2000E+01
 -40.978  0.0000E+00  0.2000E+01
 -40.968  0.0000E+00  0.2000E+01
 -40.958  0.0000E+00  0.2000E+01
 -40.948  0.0000E+00  0.2000E+01
 -40.938  0.0000E+00  0.2000E+01
 -40.928  0.0000E+00  0.2000E+01
 -40.918  0.0000E+00  0.2000E+01
 -40.908  0.0000E+00  0.2000E+01
 -40.898  0.0000E+00  0.2000E+01
 -40.888  0.0000E+00  0.2000E+01
 -40.878  0.0000E+00  0.2000E+01
 -40.868  0.0000E+00  0.2000E+01
 -40.858  0.0000E+00  0.2000E+01
 -40.848  0.0000E+00  0.2000E+01
 -40.838  0.0000E+00  0.2000E+01
 -40.828  0.0000E+00  0.2000E+01
 -40.818  0.0000E+00  0.2000E+01
 -40.808  0.0000E+00  0.2000E+01
 -40.798  0.0000E+00  0.2000E+01
 -40.788  0.0000E+00  0.2000E+01
 -40.778  0.0000E+00  0.2000E+01
 -40.768  0.0000E+00  0.2000E+01
 -40.758  0.0000E+00  0.2000E+01
 -40.748  0.0000E+00  0.2000E+01
 -40.738  0.0000E+00  0.2000E+01
 -40.728  0.0000E+00  0.2000E+01
 -40.718  0.0000E+00  0.2000E+01
 -40.708  0.0000E+00  0.2000E+01
 -40.698  0.0000E+00  0.2000E+01
 -40.688  0.0000E+00  0.2000E+01
 -40.678  0.0000E+00  0.2000E+01
 -40.668  0.0000E+00  0.2000E+01
 -40.658  0.0000E+00  0.2000E+01
 -40.648  0.0000E+00  0.2000E+01
 -40.638  0.0000E+00  0.2000E+01
 -40.628  0.0000E+00  0.2000E+01
 -40.618  0.0000E+00  0.2000E+01
 -40.608  0.0000E+00  0.2000E+01
 -40.598  0.0000E+00  0.2000E+01
 -40.588  0.0000E+00  0.2000E+01
 -40.578  0.0000E+00  0.2000E+01
 -40.568  0.0000E+00  0.2000E+01
 -40.558  0.0000E+00  0.2000E+01
 -40.548  0.0000E+00  0.2000E+01
 -40.538  0.0000E+00  0.2000E+01
 -40.528  0.0000E+00  0.2000E+01
 -40.518  0.0000E+00  0.2000E+01
 -40.508  0.0000E+00  0.2000E+01
 -40.498  0.0000E+00  0.2000E+01
 -40.488  0.0000E+00  0.2000E+01
 -40.478  0.0000E+00  0.2000E+01
 -40.468  0.0000E+00  0.2000E+01
 -40.458  0.0000E+00  0.2000E+01
 -40.448  0.0000E+00  0.2000E+01
 -40.438  0.0000E+00  0.2000E+01
 -40.428  0.0000E+00  0.2000E+01
 -40.418  0.0000E+00  0.2000E+01
 -40.408  0.0000E+00  0.2000E+01
 -40.398  0.0000E+00  0.2000E+01
 -40.388  0.0000E+00  0.2000E+01
 -40.378  0.0000E+00  0.2000E+01
 -40.368  0.0000E+00  0.2000E+01
 -40.358  0.0000E+00  0.2000E+01
 -40.348  0.0000E+00  0.2000E+01
 -40.338  0.0000E+00  0.2000E+01
 -40.328  0.0000E+00  0.2000E+01
 -40.318  0.0000E+00  0.2000E+01
 -40.308  0.0000E+00  0.2000E+01
 -40.298  0.0000E+00  0.2000E+01
 -40.288  0.0000E+00  0.2000E+01
 -40.278  0.0000E+00  0.2000E+01
 -40.268  0.0000E+00  0.2000E+01
 -40.258  0.0000E+00  0.2000E+01
 -40.248  0.0000E+00  0.2000E+01
 -40.238  0.0000E+00  0.2000E+01
 -40.228  0.0000E+00  0.2000E+01
 -40.218  0.0000E+00  0.2000E+01
 -40.208  0.0000E+00  0.2000E+01
 -40.198  0.0000E+00  0.2000E+01
 -40.188  0.0000E+00  0.2000E+01
 -40.178  0.0000E+00  0.2000E+01
 -40.168  0.0000E+00  0.2000E+01
 -40.158  0.0000E+00  0.2000E+01
 -40.148  0.0000E+00  0.2000E+01
 -40.138  0.0000E+00  0.2000E+01
 -40.128  0.0000E+00  0.2000E+01
 -40.118  0.0000E+00  0.2000E+01
 -40.108  0.0000E+00  0.2000E+01
 -40.098  0.0000E+00  0.2000E+01
 -40.088  0.0000E+00  0.2000E+01
 -40.078  0.0000E+00  0.2000E+01
 -40.068  0.0000E+00  0.2000E+01
 -40.058  0.0000E+00  0.2000E+01
 -40.048  0.0000E+00  0.2000E+01
 -40.038  0.0000E+00  0.2000E+01
 -40.028  0.0000E+00  0.2000E+01
 -40.018  0.0000E+00  0.2000E+01
 -40.008  0.0000E+00  0.2000E+01
 -39.998  0.0000E+00  0.2000E+01
 -39.988  0.0000E+00  0.2000E+01
 -39.978  0.0000E+00  0.2000E+01
 -39.968  0.0000E+00  0.2000E+01
 -39.958  0.0000E+00  0.2000E+01
 -39.948  0.0000E+00  0.2000E+01
 -39.938  0.0000E+00  0.2000E+01
 -39.928  0.0000E+00  0.2000E+01
 -39.918  0.0000E+00  0.2000E+01
 -39.908  0.0000E+00  0.2000E+01
 -39.898  0.0000E+00  0.2000E+01
 -39.888  0.0000E+00  0.2000E+01
 -39.878  0.0000E+00  0.2000E+01
 -39.868  0.0000E+00  0.2000E+01
 -39.858  0.0000E+00  0.2000E+01
 -39.848  0.0000E+00  0.2000E+01
 -39.838  0.0000E+00  0.2000E+01
 -39.828  0.0000E+00  0.2000E+01
 -39.818  0.0000E+00  0.2000E+01
 -39.808  0.0000E+00  0.2000E+01
 -39.798  0.0000E+00  0.2000E+01
 -39.788  0.0000E+00  0.2000E+01
 -39.778  0.0000E+00  0.2000E+01
 -39.768  0.0000E+00  0.2000E+01
 -39.758  0.0000E+00  0.2000E+01
 -39.748  0.0000E+00  0.2000E+01
 -39.738  0.0000E+00  0.2000E+01
 -39.728  0.0000E+00  0.2000E+01
 -39.718  0.0000E+00  0.2000E+01
 -39.708  0.0000E+00  0.2000E+01
 -39.698  0.0000E+00  0.2000E+01
 -39.688  0.0000E+00  0.2000E+01
 -39.678  0.0000E+00  0.2000E+01
 -39.668  0.0000E+00  0.2000E+01
 -39.658  0.0000E+00  0.2000E+01
 -39.648  0.0000E+00  0.2000E+01
 -39.638  0.0000E+00  0.2000E+01
 -39.628  0.0000E+00  0.2000E+01
 -39.618  0.0000E+00  0.2000E+01
 -39.608  0.0000E+00  0.2000E+01
 -39.598  0.0000E+00  0.2000E+01
 -39.588  0.0000E+00  0.2000E+01
 -39.578  0.0000E+00  0.2000E+01
 -39.568  0.0000E+00  0.2000E+01
 -39.558  0.0000E+00  0.2000E+01
 -39.548  0.0000E+00  0.2000E+01
 -39.538  0.0000E+00  0.2000E+01
 -39.528  0.0000E+00  0.2000E+01
 -39.518  0.0000E+00  0.2000E+01
 -39.508  0.0000E+00  0.2000E+01
 -39.498  0.0000E+00  0.2000E+01
 -39.488  0.0000E+00  0.2000E+01
 -39.478  0.0000E+00  0.2000E+01
 -39.468  0.0000E+00  0.2000E+01
 -39.458  0.0000E+00  0.2000E+01
 -39.448  0.0000E+00  0.2000E+01
 -39.438  0.0000E+00  0.2000E+01
 -39.428  0.0000E+00  0.2000E+01
 -39.418  0.0000E+00  0.2000E+01
 -39.408  0.0000E+00  0.2000E+01
 -39.398  0.0000E+00  0.2000E+01
 -39.388  0.0000E+00  0.2000E+01
 -39.378  0.0000E+00  0.2000E+01
 -39.368  0.0000E+00  0.2000E+01
 -39.358  0.0000E+00  0.2000E+01
 -39.348  0.0000E+00  0.2000E+01
 -39.338  0.0000E+00  0.2000E+01
 -39.328  0.0000E+00  0.2000E+01
 -39.318  0.0000E+00  0.2000E+01
 -39.308  0.0000E+00  0.2000E+01
 -39.298  0.0000E+00  0.2000E+01
 -39.288  0.0000E+00  0.2000E+01
 -39.278  0.0000E+00  0.2000E+01
 -39.268  0.0000E+00  0.2000E+01
 -39.258  0.0000E+00  0.2000E+01
 -39.248  0.0000E+00  0.2000E+01
 -39.238  0.0000E+00  0.2000E+01
 -39.228  0.0000E+00  0.2000E+01
 -39.218  0.0000E+00  0.2000E+01
 -39.208  0.0000E+00  0.2000E+01
 -39.198  0.0000E+00  0.2000E+01
 -39.188  0.0000E+00  0.2000E+01
 -39.178  0.0000E+00  0.2000E+01
 -39.168  0.0000E+00  0.2000E+01
 -39.158  0.0000E+00  0.2000E+01
 -39.148  0.0000E+00  0.2000E+01
 -39.138  0.0000E+00  0.2000E+01
 -39.128  0.0000E+00  0.2000E+01
 -39.118  0.0000E+00  0.2000E+01
 -39.108  0.0000E+00  0.2000E+01
 -39.098  0.0000E+00  0.2000E+01
 -39.088  0.0000E+00  0.2000E+01
 -39.078  0.0000E+00  0.2000E+01
 -39.068  0.0000E+00  0.2000E+01
 -39.058  0.0000E+00  0.2000E+01
 -39.048  0.0000E+00  0.2000E+01
 -39.038  0.0000E+00  0.2000E+01
 -39.028  0.0000E+00  0.2000E+01
 -39.018  0.0000E+00  0.2000E+01
 -39.008  0.0000E+00  0.2000E+01
 -38.998  0.0000E+00  0.2000E+01
 -38.988  0.0000E+00  0.2000E+01
 -38.978  0.0000E+00  0.2000E+01
 -38.968  0.0000E+00  0.2000E+01
 -38.958  0.0000E+00  0.2000E+01
 -38.948  0.0000E+00  0.2000E+01
 -38.938  0.0000E+00  0.2000E+01
 -38.928  0.0000E+00  0.2000E+01
 -38.918  0.0000E+00  0.2000E+01
 -38.908  0.0000E+00  0.2000E+01
 -38.898  0.0000E+00  0.2000E+01
 -38.888  0.0000E+00  0.2000E+01
 -38.878  0.0000E+00  0.2000E+01
 -38.868  0.0000E+00  0.2000E+01
 -38.858  0.0000E+00  0.2000E+01
 -38.848  0.0000E+00  0.2000E+01
 -38.838  0.0000E+00  0.2000E+01
 -38.828  0.0000E+00  0.2000E+01
 -38.818  0.0000E+00  0.2000E+01
 -38.808  0.0000E+00  0.2000E+01
 -38.798  0.0000E+00  0.2000E+01
 -38.788  0.0000E+00  0.2000E+01
 -38.778  0.0000E+00  0.2000E+01
 -38.768  0.0000E+00  0.2000E+01
 -38.758  0.0000E+00  0.2000E+01
 -38.748  0.0000E+00  0.2000E+01
 -38.738  0.0000E+00  0.2000E+01
 -38.728  0.0000E+00  0.2000E+01
 -38.718  0.0000E+00  0.2000E+01
 -38.708  0.0000E+00  0.2000E+01
 -38.698  0.0000E+00  0.2000E+01
 -38.688  0.0000E+00  0.2000E+01
 -38.678  0.0000E+00  0.2000E+01
 -38.668  0.0000E+00  0.2000E+01
 -38.658  0.0000E+00  0.2000E+01
 -38.648  0.0000E+00  0.2000E+01
 -38.638  0.0000E+00  0.2000E+01
 -38.628  0.0000E+00  0.2000E+01
 -38.618  0.0000E+00  0.2000E+01
 -38.608  0.0000E+00  0.2000E+01
 -38.598  0.0000E+00  0.2000E+01
 -38.588  0.0000E+00  0.2000E+01
 -38.578  0.0000E+00  0.2000E+01
 -38.568  0.0000E+00  0.2000E+01
 -38.558  0.0000E+00  0.2000E+01
 -38.548  0.0000E+00  0.2000E+01
 -38.538  0.0000E+00  0.2000E+01
 -38.528  0.0000E+00  0.2000E+01
 -38.518  0.0000E+00  0.2000E+01
 -38.508  0.0000E+00  0.2000E+01
 -38.498  0.0000E+00  0.2000E+01
 -38.488  0.0000E+00  0.2000E+01
 -38.478  0.0000E+00  0.2000E+01
 -38.468  0.0000E+00  0.2000E+01
 -38.458  0.0000E+00  0.2000E+01
 -38.448  0.0000E+00  0.2000E+01
 -38.438  0.0000E+00  0.2000E+01
 -38.428  0.0000E+00  0.2000E+01
 -38.418  0.0000E+00  0.2000E+01
 -38.408  0.0000E+00  0.2000E+01
 -38.398  0.0000E+00  0.2000E+01
 -38.388  0.0000E+00  0.2000E+01
 -38.378  0.0000E+00  0.2000E+01
 -38.368  0.0000E+00  0.2000E+01
 -38.358  0.0000E+00  0.2000E+01
 -38.348  0.0000E+00  0.2000E+01
 -38.338  0.0000E+00  0.2000E+01
 -38.328  0.0000E+00  0.2000E+01
 -38.318  0.0000E+00  0.2000E+01
 -38.308  0.0000E+00  0.2000E+01
 -38.298  0.0000E+00  0.2000E+01
 -38.288  0.0000E+00  0.2000E+01
 -38.278  0.0000E+00  0.2000E+01
 -38.268  0.0000E+00  0.2000E+01
 -38.258  0.0000E+00  0.2000E+01
 -38.248  0.0000E+00  0.2000E+01
 -38.238  0.0000E+00  0.2000E+01
 -38.228  0.0000E+00  0.2000E+01
 -38.218  0.0000E+00  0.2000E+01
 -38.208  0.0000E+00  0.2000E+01
 -38.198  0.0000E+00  0.2000E+01
 -38.188  0.0000E+00  0.2000E+01
 -38.178  0.0000E+00  0.2000E+01
 -38.168  0.0000E+00  0.2000E+01
 -38.158  0.0000E+00  0.2000E+01
 -38.148  0.0000E+00  0.2000E+01
 -38.138  0.0000E+00  0.2000E+01
 -38.128  0.0000E+00  0.2000E+01
 -38.118  0.0000E+00  0.2000E+01
 -38.108  0.0000E+00  0.2000E+01
 -38.098  0.0000E+00  0.2000E+01
 -38.088  0.0000E+00  0.2000E+01
 -38.078  0.0000E+00  0.2000E+01
 -38.068  0.0000E+00  0.2000E+01
 -38.058  0.0000E+00  0.2000E+01
 -38.048  0.0000E+00  0.2000E+01
 -38.038  0.0000E+00  0.2000E+01
 -38.028  0.0000E+00  0.2000E+01
 -38.018  0.0000E+00  0.2000E+01
 -38.008  0.0000E+00  0.2000E+01
 -37.998  0.0000E+00  0.2000E+01
 -37.988  0.0000E+00  0.2000E+01
 -37.978  0.0000E+00  0.2000E+01
 -37.968  0.0000E+00  0.2000E+01
 -37.958  0.0000E+00  0.2000E+01
 -37.948  0.0000E+00  0.2000E+01
 -37.938  0.0000E+00  0.2000E+01
 -37.928  0.0000E+00  0.2000E+01
 -37.918  0.0000E+00  0.2000E+01
 -37.908  0.0000E+00  0.2000E+01
 -37.898  0.0000E+00  0.2000E+01
 -37.888  0.0000E+00  0.2000E+01
 -37.878  0.0000E+00  0.2000E+01
 -37.868  0.0000E+00  0.2000E+01
 -37.858  0.0000E+00  0.2000E+01
 -37.848  0.0000E+00  0.2000E+01
 -37.838  0.0000E+00  0.2000E+01
 -37.828  0.0000E+00  0.2000E+01
 -37.818  0.0000E+00  0.2000E+01
 -37.808  0.0000E+00  0.2000E+01
 -37.798  0.0000E+00  0.2000E+01
 -37.788  0.0000E+00  0.2000E+01
 -37.778  0.0000E+00  0.2000E+01
 -37.768  0.0000E+00  0.2000E+01
 -37.758  0.0000E+00  0.2000E+01
 -37.748  0.0000E+00  0.2000E+01
 -37.738  0.0000E+00  0.2000E+01
 -37.728  0.0000E+00  0.2000E+01
 -37.718  0.0000E+00  0.2000E+01
 -37.708  0.0000E+00  0.2000E+01
 -37.698  0.0000E+00  0.2000E+01
 -37.688  0.0000E+00  0.2000E+01
 -37.678  0.0000E+00  0.2000E+01
 -37.668  0.0000E+00  0.2000E+01
 -37.658  0.0000E+00  0.2000E+01
 -37.648  0.0000E+00  0.2000E+01
 -37.638  0.0000E+00  0.2000E+01
 -37.628  0.0000E+00  0.2000E+01
 -37.618  0.0000E+00  0.2000E+01
 -37.608  0.0000E+00  0.2000E+01
 -37.598  0.0000E+00  0.2000E+01
 -37.588  0.0000E+00  0.2000E+01
 -37.578  0.0000E+00  0.2000E+01
 -37.568  0.0000E+00  0.2000E+01
 -37.558  0.0000E+00  0.2000E+01
 -37.548  0.0000E+00  0.2000E+01
 -37.538  0.0000E+00  0.2000E+01
 -37.528  0.0000E+00  0.2000E+01
 -37.518  0.0000E+00  0.2000E+01
 -37.508  0.0000E+00  0.2000E+01
 -37.498  0.0000E+00  0.2000E+01
 -37.488  0.0000E+00  0.2000E+01
 -37.478  0.0000E+00  0.2000E+01
 -37.468  0.0000E+00  0.2000E+01
 -37.458  0.0000E+00  0.2000E+01
 -37.448  0.0000E+00  0.2000E+01
 -37.438  0.0000E+00  0.2000E+01
 -37.428  0.0000E+00  0.2000E+01
 -37.418  0.0000E+00  0.2000E+01
 -37.408  0.0000E+00  0.2000E+01
 -37.398  0.0000E+00  0.2000E+01
 -37.388  0.0000E+00  0.2000E+01
 -37.378  0.0000E+00  0.2000E+01
 -37.368  0.0000E+00  0.2000E+01
 -37.358  0.0000E+00  0.2000E+01
 -37.348  0.0000E+00  0.2000E+01
 -37.338  0.0000E+00  0.2000E+01
 -37.328  0.0000E+00  0.2000E+01
 -37.318  0.0000E+00  0.2000E+01
 -37.308  0.0000E+00  0.2000E+01
 -37.298  0.0000E+00  0.2000E+01
 -37.288  0.0000E+00  0.2000E+01
 -37.278  0.0000E+00  0.2000E+01
 -37.268  0.0000E+00  0.2000E+01
 -37.258  0.0000E+00  0.2000E+01
 -37.248  0.0000E+00  0.2000E+01
 -37.238  0.0000E+00  0.2000E+01
 -37.228  0.0000E+00  0.2000E+01
 -37.218  0.0000E+00  0.2000E+01
 -37.208  0.0000E+00  0.2000E+01
 -37.198  0.0000E+00  0.2000E+01
 -37.188  0.0000E+00  0.2000E+01
 -37.178  0.0000E+00  0.2000E+01
 -37.168  0.0000E+00  0.2000E+01
 -37.158  0.0000E+00  0.2000E+01
 -37.148  0.0000E+00  0.2000E+01
 -37.138  0.0000E+00  0.2000E+01
 -37.128  0.0000E+00  0.2000E+01
 -37.118  0.0000E+00  0.2000E+01
 -37.108  0.0000E+00  0.2000E+01
 -37.098  0.0000E+00  0.2000E+01
 -37.088  0.0000E+00  0.2000E+01
 -37.078  0.0000E+00  0.2000E+01
 -37.068  0.0000E+00  0.2000E+01
 -37.058  0.0000E+00  0.2000E+01
 -37.048  0.0000E+00  0.2000E+01
 -37.038  0.0000E+00  0.2000E+01
 -37.028  0.0000E+00  0.2000E+01
 -37.018  0.0000E+00  0.2000E+01
 -37.008  0.0000E+00  0.2000E+01
 -36.998  0.0000E+00  0.2000E+01
 -36.988  0.0000E+00  0.2000E+01
 -36.978  0.0000E+00  0.2000E+01
 -36.968  0.0000E+00  0.2000E+01
 -36.958  0.0000E+00  0.2000E+01
 -36.948  0.0000E+00  0.2000E+01
 -36.938  0.0000E+00  0.2000E+01
 -36.928  0.0000E+00  0.2000E+01
 -36.918  0.0000E+00  0.2000E+01
 -36.908  0.0000E+00  0.2000E+01
 -36.898  0.0000E+00  0.2000E+01
 -36.888  0.0000E+00  0.2000E+01
 -36.878  0.0000E+00  0.2000E+01
 -36.868  0.0000E+00  0.2000E+01
 -36.858  0.0000E+00  0.2000E+01
 -36.848  0.0000E+00  0.2000E+01
 -36.838  0.0000E+00  0.2000E+01
 -36.828  0.0000E+00  0.2000E+01
 -36.818  0.0000E+00  0.2000E+01
 -36.808  0.0000E+00  0.2000E+01
 -36.798  0.0000E+00  0.2000E+01
 -36.788  0.0000E+00  0.2000E+01
 -36.778  0.0000E+00  0.2000E+01
 -36.768  0.0000E+00  0.2000E+01
 -36.758  0.0000E+00  0.2000E+01
 -36.748  0.0000E+00  0.2000E+01
 -36.738  0.0000E+00  0.2000E+01
 -36.728  0.0000E+00  0.2000E+01
 -36.718  0.0000E+00  0.2000E+01
 -36.708  0.0000E+00  0.2000E+01
 -36.698  0.0000E+00  0.2000E+01
 -36.688  0.0000E+00  0.2000E+01
 -36.678  0.0000E+00  0.2000E+01
 -36.668  0.0000E+00  0.2000E+01
 -36.658  0.0000E+00  0.2000E+01
 -36.648  0.0000E+00  0.2000E+01
 -36.638  0.0000E+00  0.2000E+01
 -36.628  0.0000E+00  0.2000E+01
 -36.618  0.0000E+00  0.2000E+01
 -36.608  0.0000E+00  0.2000E+01
 -36.598  0.0000E+00  0.2000E+01
 -36.588  0.0000E+00  0.2000E+01
 -36.578  0.0000E+00  0.2000E+01
 -36.568  0.0000E+00  0.2000E+01
 -36.558  0.0000E+00  0.2000E+01
 -36.548  0.0000E+00  0.2000E+01
 -36.538  0.0000E+00  0.2000E+01
 -36.528  0.0000E+00  0.2000E+01
 -36.518  0.0000E+00  0.2000E+01
 -36.508  0.0000E+00  0.2000E+01
 -36.498  0.0000E+00  0.2000E+01
 -36.488  0.0000E+00  0.2000E+01
 -36.478  0.0000E+00  0.2000E+01
 -36.468  0.0000E+00  0.2000E+01
 -36.458  0.0000E+00  0.2000E+01
 -36.448  0.0000E+00  0.2000E+01
 -36.438  0.0000E+00  0.2000E+01
 -36.428  0.0000E+00  0.2000E+01
 -36.418  0.0000E+00  0.2000E+01
 -36.408  0.0000E+00  0.2000E+01
 -36.398  0.0000E+00  0.2000E+01
 -36.388  0.0000E+00  0.2000E+01
 -36.378  0.0000E+00  0.2000E+01
 -36.368  0.0000E+00  0.2000E+01
 -36.358  0.0000E+00  0.2000E+01
 -36.348  0.0000E+00  0.2000E+01
 -36.338  0.0000E+00  0.2000E+01
 -36.328  0.0000E+00  0.2000E+01
 -36.318  0.0000E+00  0.2000E+01
 -36.308  0.0000E+00  0.2000E+01
 -36.298  0.0000E+00  0.2000E+01
 -36.288  0.0000E+00  0.2000E+01
 -36.278  0.0000E+00  0.2000E+01
 -36.268  0.0000E+00  0.2000E+01
 -36.258  0.0000E+00  0.2000E+01
 -36.248  0.0000E+00  0.2000E+01
 -36.238  0.0000E+00  0.2000E+01
 -36.228  0.0000E+00  0.2000E+01
 -36.218  0.0000E+00  0.2000E+01
 -36.208  0.0000E+00  0.2000E+01
 -36.198  0.0000E+00  0.2000E+01
 -36.188  0.0000E+00  0.2000E+01
 -36.178  0.0000E+00  0.2000E+01
 -36.168  0.0000E+00  0.2000E+01
 -36.158  0.0000E+00  0.2000E+01
 -36.148  0.0000E+00  0.2000E+01
 -36.138  0.0000E+00  0.2000E+01
 -36.128  0.0000E+00  0.2000E+01
 -36.118  0.0000E+00  0.2000E+01
 -36.108  0.0000E+00  0.2000E+01
 -36.098  0.0000E+00  0.2000E+01
 -36.088  0.0000E+00  0.2000E+01
 -36.078  0.0000E+00  0.2000E+01
 -36.068  0.0000E+00  0.2000E+01
 -36.058  0.0000E+00  0.2000E+01
 -36.048  0.0000E+00  0.2000E+01
 -36.038  0.0000E+00  0.2000E+01
 -36.028  0.0000E+00  0.2000E+01
 -36.018  0.0000E+00  0.2000E+01
 -36.008  0.0000E+00  0.2000E+01
 -35.998  0.0000E+00  0.2000E+01
 -35.988  0.0000E+00  0.2000E+01
 -35.978  0.0000E+00  0.2000E+01
 -35.968  0.0000E+00  0.2000E+01
 -35.958  0.0000E+00  0.2000E+01
 -35.948  0.0000E+00  0.2000E+01
 -35.938  0.0000E+00  0.2000E+01
 -35.928  0.0000E+00  0.2000E+01
 -35.918  0.0000E+00  0.2000E+01
 -35.908  0.0000E+00  0.2000E+01
 -35.898  0.0000E+00  0.2000E+01
 -35.888  0.0000E+00  0.2000E+01
 -35.878  0.0000E+00  0.2000E+01
 -35.868  0.0000E+00  0.2000E+01
 -35.858  0.0000E+00  0.2000E+01
 -35.848  0.0000E+00  0.2000E+01
 -35.838  0.0000E+00  0.2000E+01
 -35.828  0.0000E+00  0.2000E+01
 -35.818  0.0000E+00  0.2000E+01
 -35.808  0.0000E+00  0.2000E+01
 -35.798  0.0000E+00  0.2000E+01
 -35.788  0.0000E+00  0.2000E+01
 -35.778  0.0000E+00  0.2000E+01
 -35.768  0.0000E+00  0.2000E+01
 -35.758  0.0000E+00  0.2000E+01
 -35.748  0.0000E+00  0.2000E+01
 -35.738  0.0000E+00  0.2000E+01
 -35.728  0.0000E+00  0.2000E+01
 -35.718  0.0000E+00  0.2000E+01
 -35.708  0.0000E+00  0.2000E+01
 -35.698  0.0000E+00  0.2000E+01
 -35.688  0.0000E+00  0.2000E+01
 -35.678  0.0000E+00  0.2000E+01
 -35.668  0.0000E+00  0.2000E+01
 -35.658  0.0000E+00  0.2000E+01
 -35.648  0.0000E+00  0.2000E+01
 -35.638  0.0000E+00  0.2000E+01
 -35.628  0.0000E+00  0.2000E+01
 -35.618  0.0000E+00  0.2000E+01
 -35.608  0.0000E+00  0.2000E+01
 -35.598  0.0000E+00  0.2000E+01
 -35.588  0.0000E+00  0.2000E+01
 -35.578  0.0000E+00  0.2000E+01
 -35.568  0.0000E+00  0.2000E+01
 -35.558  0.0000E+00  0.2000E+01
 -35.548  0.0000E+00  0.2000E+01
 -35.538  0.0000E+00  0.2000E+01
 -35.528  0.0000E+00  0.2000E+01
 -35.518  0.0000E+00  0.2000E+01
 -35.508  0.0000E+00  0.2000E+01
 -35.498  0.0000E+00  0.2000E+01
 -35.488  0.0000E+00  0.2000E+01
 -35.478  0.0000E+00  0.2000E+01
 -35.468  0.0000E+00  0.2000E+01
 -35.458  0.0000E+00  0.2000E+01
 -35.448  0.0000E+00  0.2000E+01
 -35.438  0.0000E+00  0.2000E+01
 -35.428  0.0000E+00  0.2000E+01
 -35.418  0.0000E+00  0.2000E+01
 -35.408  0.0000E+00  0.2000E+01
 -35.398  0.0000E+00  0.2000E+01
 -35.388  0.0000E+00  0.2000E+01
 -35.378  0.0000E+00  0.2000E+01
 -35.368  0.0000E+00  0.2000E+01
 -35.358  0.0000E+00  0.2000E+01
 -35.348  0.0000E+00  0.2000E+01
 -35.338  0.0000E+00  0.2000E+01
 -35.328  0.0000E+00  0.2000E+01
 -35.318  0.0000E+00  0.2000E+01
 -35.308  0.0000E+00  0.2000E+01
 -35.298  0.0000E+00  0.2000E+01
 -35.288  0.0000E+00  0.2000E+01
 -35.278  0.0000E+00  0.2000E+01
 -35.268  0.0000E+00  0.2000E+01
 -35.258  0.0000E+00  0.2000E+01
 -35.248  0.0000E+00  0.2000E+01
 -35.238  0.0000E+00  0.2000E+01
 -35.228  0.0000E+00  0.2000E+01
 -35.218  0.0000E+00  0.2000E+01
 -35.208  0.0000E+00  0.2000E+01
 -35.198  0.0000E+00  0.2000E+01
 -35.188  0.0000E+00  0.2000E+01
 -35.178  0.0000E+00  0.2000E+01
 -35.168  0.0000E+00  0.2000E+01
 -35.158  0.0000E+00  0.2000E+01
 -35.148  0.0000E+00  0.2000E+01
 -35.138  0.0000E+00  0.2000E+01
 -35.128  0.0000E+00  0.2000E+01
 -35.118  0.0000E+00  0.2000E+01
 -35.108  0.0000E+00  0.2000E+01
 -35.098  0.0000E+00  0.2000E+01
 -35.088  0.0000E+00  0.2000E+01
 -35.078  0.0000E+00  0.2000E+01
 -35.068  0.0000E+00  0.2000E+01
 -35.058  0.0000E+00  0.2000E+01
 -35.048  0.0000E+00  0.2000E+01
 -35.038  0.0000E+00  0.2000E+01
 -35.028  0.0000E+00  0.2000E+01
 -35.018  0.0000E+00  0.2000E+01
 -35.008  0.0000E+00  0.2000E+01
 -34.998  0.0000E+00  0.2000E+01
 -34.988  0.0000E+00  0.2000E+01
 -34.978  0.0000E+00  0.2000E+01
 -34.968  0.0000E+00  0.2000E+01
 -34.958  0.0000E+00  0.2000E+01
 -34.948  0.0000E+00  0.2000E+01
 -34.938  0.0000E+00  0.2000E+01
 -34.928  0.0000E+00  0.2000E+01
 -34.918  0.0000E+00  0.2000E+01
 -34.908  0.0000E+00  0.2000E+01
 -34.898  0.0000E+00  0.2000E+01
 -34.888  0.0000E+00  0.2000E+01
 -34.878  0.0000E+00  0.2000E+01
 -34.868  0.0000E+00  0.2000E+01
 -34.858  0.0000E+00  0.2000E+01
 -34.848  0.0000E+00  0.2000E+01
 -34.838  0.0000E+00  0.2000E+01
 -34.828  0.0000E+00  0.2000E+01
 -34.818  0.0000E+00  0.2000E+01
 -34.808  0.0000E+00  0.2000E+01
 -34.798  0.0000E+00  0.2000E+01
 -34.788  0.0000E+00  0.2000E+01
 -34.778  0.0000E+00  0.2000E+01
 -34.768  0.0000E+00  0.2000E+01
 -34.758  0.0000E+00  0.2000E+01
 -34.748  0.0000E+00  0.2000E+01
 -34.738  0.0000E+00  0.2000E+01
 -34.728  0.0000E+00  0.2000E+01
 -34.718  0.0000E+00  0.2000E+01
 -34.708  0.0000E+00  0.2000E+01
 -34.698  0.0000E+00  0.2000E+01
 -34.688  0.0000E+00  0.2000E+01
 -34.678  0.0000E+00  0.2000E+01
 -34.668  0.0000E+00  0.2000E+01
 -34.658  0.0000E+00  0.2000E+01
 -34.648  0.0000E+00  0.2000E+01
 -34.638  0.0000E+00  0.2000E+01
 -34.628  0.0000E+00  0.2000E+01
 -34.618  0.0000E+00  0.2000E+01
 -34.608  0.0000E+00  0.2000E+01
 -34.598  0.0000E+00  0.2000E+01
 -34.588  0.0000E+00  0.2000E+01
 -34.578  0.0000E+00  0.2000E+01
 -34.568  0.0000E+00  0.2000E+01
 -34.558  0.0000E+00  0.2000E+01
 -34.548  0.0000E+00  0.2000E+01
 -34.538  0.0000E+00  0.2000E+01
 -34.528  0.0000E+00  0.2000E+01
 -34.518  0.0000E+00  0.2000E+01
 -34.508  0.0000E+00  0.2000E+01
 -34.498  0.0000E+00  0.2000E+01
 -34.488  0.0000E+00  0.2000E+01
 -34.478  0.0000E+00  0.2000E+01
 -34.468  0.0000E+00  0.2000E+01
 -34.458  0.0000E+00  0.2000E+01
 -34.448  0.0000E+00  0.2000E+01
 -34.438  0.0000E+00  0.2000E+01
 -34.428  0.0000E+00  0.2000E+01
 -34.418  0.0000E+00  0.2000E+01
 -34.408  0.0000E+00  0.2000E+01
 -34.398  0.0000E+00  0.2000E+01
 -34.388  0.0000E+00  0.2000E+01
 -34.378  0.0000E+00  0.2000E+01
 -34.368  0.0000E+00  0.2000E+01
 -34.358  0.0000E+00  0.2000E+01
 -34.348  0.0000E+00  0.2000E+01
 -34.338  0.0000E+00  0.2000E+01
 -34.328  0.0000E+00  0.2000E+01
 -34.318  0.0000E+00  0.2000E+01
 -34.308  0.0000E+00  0.2000E+01
 -34.298  0.0000E+00  0.2000E+01
 -34.288  0.0000E+00  0.2000E+01
 -34.278  0.0000E+00  0.2000E+01
 -34.268  0.0000E+00  0.2000E+01
 -34.258  0.0000E+00  0.2000E+01
 -34.248  0.0000E+00  0.2000E+01
 -34.238  0.0000E+00  0.2000E+01
 -34.228  0.0000E+00  0.2000E+01
 -34.218  0.0000E+00  0.2000E+01
 -34.208  0.0000E+00  0.2000E+01
 -34.198  0.0000E+00  0.2000E+01
 -34.188  0.0000E+00  0.2000E+01
 -34.178  0.0000E+00  0.2000E+01
 -34.168  0.0000E+00  0.2000E+01
 -34.158  0.0000E+00  0.2000E+01
 -34.148  0.0000E+00  0.2000E+01
 -34.138  0.0000E+00  0.2000E+01
 -34.128  0.0000E+00  0.2000E+01
 -34.118  0.0000E+00  0.2000E+01
 -34.108  0.0000E+00  0.2000E+01
 -34.098  0.0000E+00  0.2000E+01
 -34.088  0.0000E+00  0.2000E+01
 -34.078  0.0000E+00  0.2000E+01
 -34.068  0.0000E+00  0.2000E+01
 -34.058  0.0000E+00  0.2000E+01
 -34.048  0.0000E+00  0.2000E+01
 -34.038  0.0000E+00  0.2000E+01
 -34.028  0.0000E+00  0.2000E+01
 -34.018  0.0000E+00  0.2000E+01
 -34.008  0.0000E+00  0.2000E+01
 -33.998  0.0000E+00  0.2000E+01
 -33.988  0.0000E+00  0.2000E+01
 -33.978  0.0000E+00  0.2000E+01
 -33.968  0.0000E+00  0.2000E+01
 -33.958  0.0000E+00  0.2000E+01
 -33.948  0.0000E+00  0.2000E+01
 -33.938  0.0000E+00  0.2000E+01
 -33.928  0.0000E+00  0.2000E+01
 -33.918  0.0000E+00  0.2000E+01
 -33.908  0.0000E+00  0.2000E+01
 -33.898  0.0000E+00  0.2000E+01
 -33.888  0.0000E+00  0.2000E+01
 -33.878  0.0000E+00  0.2000E+01
 -33.868  0.0000E+00  0.2000E+01
 -33.858  0.0000E+00  0.2000E+01
 -33.848  0.0000E+00  0.2000E+01
 -33.838  0.0000E+00  0.2000E+01
 -33.828  0.0000E+00  0.2000E+01
 -33.818  0.0000E+00  0.2000E+01
 -33.808  0.0000E+00  0.2000E+01
 -33.798  0.0000E+00  0.2000E+01
 -33.788  0.0000E+00  0.2000E+01
 -33.778  0.0000E+00  0.2000E+01
 -33.768  0.0000E+00  0.2000E+01
 -33.758  0.0000E+00  0.2000E+01
 -33.748  0.0000E+00  0.2000E+01
 -33.738  0.0000E+00  0.2000E+01
 -33.728  0.0000E+00  0.2000E+01
 -33.718  0.0000E+00  0.2000E+01
 -33.708  0.0000E+00  0.2000E+01
 -33.698  0.0000E+00  0.2000E+01
 -33.688  0.0000E+00  0.2000E+01
 -33.678  0.0000E+00  0.2000E+01
 -33.668  0.0000E+00  0.2000E+01
 -33.658  0.0000E+00  0.2000E+01
 -33.648  0.0000E+00  0.2000E+01
 -33.638  0.0000E+00  0.2000E+01
 -33.628  0.0000E+00  0.2000E+01
 -33.618  0.0000E+00  0.2000E+01
 -33.608  0.0000E+00  0.2000E+01
 -33.598  0.0000E+00  0.2000E+01
 -33.588  0.0000E+00  0.2000E+01
 -33.578  0.0000E+00  0.2000E+01
 -33.568  0.0000E+00  0.2000E+01
 -33.558  0.0000E+00  0.2000E+01
 -33.548  0.0000E+00  0.2000E+01
 -33.538  0.0000E+00  0.2000E+01
 -33.528  0.0000E+00  0.2000E+01
 -33.518  0.0000E+00  0.2000E+01
 -33.508  0.0000E+00  0.2000E+01
 -33.498  0.0000E+00  0.2000E+01
 -33.488  0.0000E+00  0.2000E+01
 -33.478  0.0000E+00  0.2000E+01
 -33.468  0.0000E+00  0.2000E+01
 -33.458  0.0000E+00  0.2000E+01
 -33.448  0.0000E+00  0.2000E+01
 -33.438  0.0000E+00  0.2000E+01
 -33.428  0.0000E+00  0.2000E+01
 -33.418  0.0000E+00  0.2000E+01
 -33.408  0.0000E+00  0.2000E+01
 -33.398  0.0000E+00  0.2000E+01
 -33.388  0.0000E+00  0.2000E+01
 -33.378  0.0000E+00  0.2000E+01
 -33.368  0.0000E+00  0.2000E+01
 -33.358  0.0000E+00  0.2000E+01
 -33.348  0.0000E+00  0.2000E+01
 -33.338  0.0000E+00  0.2000E+01
 -33.328  0.0000E+00  0.2000E+01
 -33.318  0.0000E+00  0.2000E+01
 -33.308  0.0000E+00  0.2000E+01
 -33.298  0.0000E+00  0.2000E+01
 -33.288  0.0000E+00  0.2000E+01
 -33.278  0.0000E+00  0.2000E+01
 -33.268  0.0000E+00  0.2000E+01
 -33.258  0.0000E+00  0.2000E+01
 -33.248  0.0000E+00  0.2000E+01
 -33.238  0.0000E+00  0.2000E+01
 -33.228  0.0000E+00  0.2000E+01
 -33.218  0.0000E+00  0.2000E+01
 -33.208  0.0000E+00  0.2000E+01
 -33.198  0.0000E+00  0.2000E+01
 -33.188  0.0000E+00  0.2000E+01
 -33.178  0.0000E+00  0.2000E+01
 -33.168  0.0000E+00  0.2000E+01
 -33.158  0.0000E+00  0.2000E+01
 -33.148  0.0000E+00  0.2000E+01
 -33.138  0.0000E+00  0.2000E+01
 -33.128  0.0000E+00  0.2000E+01
 -33.118  0.0000E+00  0.2000E+01
 -33.108  0.0000E+00  0.2000E+01
 -33.098  0.0000E+00  0.2000E+01
 -33.088  0.0000E+00  0.2000E+01
 -33.078  0.0000E+00  0.2000E+01
 -33.068  0.0000E+00  0.2000E+01
 -33.058  0.0000E+00  0.2000E+01
 -33.048  0.0000E+00  0.2000E+01
 -33.038  0.0000E+00  0.2000E+01
 -33.028  0.0000E+00  0.2000E+01
 -33.018  0.0000E+00  0.2000E+01
 -33.008  0.0000E+00  0.2000E+01
 -32.998  0.0000E+00  0.2000E+01
 -32.988  0.0000E+00  0.2000E+01
 -32.978  0.0000E+00  0.2000E+01
 -32.968  0.0000E+00  0.2000E+01
 -32.958  0.0000E+00  0.2000E+01
 -32.948  0.0000E+00  0.2000E+01
 -32.938  0.0000E+00  0.2000E+01
 -32.928  0.0000E+00  0.2000E+01
 -32.918  0.0000E+00  0.2000E+01
 -32.908  0.0000E+00  0.2000E+01
 -32.898  0.0000E+00  0.2000E+01
 -32.888  0.0000E+00  0.2000E+01
 -32.878  0.0000E+00  0.2000E+01
 -32.868  0.0000E+00  0.2000E+01
 -32.858  0.0000E+00  0.2000E+01
 -32.848  0.0000E+00  0.2000E+01
 -32.838  0.0000E+00  0.2000E+01
 -32.828  0.0000E+00  0.2000E+01
 -32.818  0.0000E+00  0.2000E+01
 -32.808  0.0000E+00  0.2000E+01
 -32.798  0.0000E+00  0.2000E+01
 -32.788  0.0000E+00  0.2000E+01
 -32.778  0.0000E+00  0.2000E+01
 -32.768  0.0000E+00  0.2000E+01
 -32.758  0.0000E+00  0.2000E+01
 -32.748  0.0000E+00  0.2000E+01
 -32.738  0.0000E+00  0.2000E+01
 -32.728  0.0000E+00  0.2000E+01
 -32.718  0.0000E+00  0.2000E+01
 -32.708  0.0000E+00  0.2000E+01
 -32.698  0.0000E+00  0.2000E+01
 -32.688  0.0000E+00  0.2000E+01
 -32.678  0.0000E+00  0.2000E+01
 -32.668  0.0000E+00  0.2000E+01
 -32.658  0.0000E+00  0.2000E+01
 -32.648  0.0000E+00  0.2000E+01
 -32.638  0.0000E+00  0.2000E+01
 -32.628  0.0000E+00  0.2000E+01
 -32.618  0.0000E+00  0.2000E+01
 -32.608  0.0000E+00  0.2000E+01
 -32.598  0.0000E+00  0.2000E+01
 -32.588  0.0000E+00  0.2000E+01
 -32.578  0.0000E+00  0.2000E+01
 -32.568  0.0000E+00  0.2000E+01
 -32.558  0.0000E+00  0.2000E+01
 -32.548  0.0000E+00  0.2000E+01
 -32.538  0.0000E+00  0.2000E+01
 -32.528  0.0000E+00  0.2000E+01
 -32.518  0.0000E+00  0.2000E+01
 -32.508  0.0000E+00  0.2000E+01
 -32.498  0.0000E+00  0.2000E+01
 -32.488  0.0000E+00  0.2000E+01
 -32.478  0.0000E+00  0.2000E+01
 -32.468  0.0000E+00  0.2000E+01
 -32.458  0.0000E+00  0.2000E+01
 -32.448  0.0000E+00  0.2000E+01
 -32.438  0.0000E+00  0.2000E+01
 -32.428  0.0000E+00  0.2000E+01
 -32.418  0.0000E+00  0.2000E+01
 -32.408  0.0000E+00  0.2000E+01
 -32.398  0.0000E+00  0.2000E+01
 -32.388  0.0000E+00  0.2000E+01
 -32.378  0.0000E+00  0.2000E+01
 -32.368  0.0000E+00  0.2000E+01
 -32.358  0.0000E+00  0.2000E+01
 -32.348  0.0000E+00  0.2000E+01
 -32.338  0.0000E+00  0.2000E+01
 -32.328  0.0000E+00  0.2000E+01
 -32.318  0.0000E+00  0.2000E+01
 -32.308  0.0000E+00  0.2000E+01
 -32.298  0.0000E+00  0.2000E+01
 -32.288  0.0000E+00  0.2000E+01
 -32.278  0.0000E+00  0.2000E+01
 -32.268  0.0000E+00  0.2000E+01
 -32.258  0.0000E+00  0.2000E+01
 -32.248  0.0000E+00  0.2000E+01
 -32.238  0.0000E+00  0.2000E+01
 -32.228  0.0000E+00  0.2000E+01
 -32.218  0.0000E+00  0.2000E+01
 -32.208  0.0000E+00  0.2000E+01
 -32.198  0.0000E+00  0.2000E+01
 -32.188  0.0000E+00  0.2000E+01
 -32.178  0.0000E+00  0.2000E+01
 -32.168  0.0000E+00  0.2000E+01
 -32.158  0.0000E+00  0.2000E+01
 -32.148  0.0000E+00  0.2000E+01
 -32.138  0.0000E+00  0.2000E+01
 -32.128  0.0000E+00  0.2000E+01
 -32.118  0.0000E+00  0.2000E+01
 -32.108  0.0000E+00  0.2000E+01
 -32.098  0.0000E+00  0.2000E+01
 -32.088  0.0000E+00  0.2000E+01
 -32.078  0.0000E+00  0.2000E+01
 -32.068  0.0000E+00  0.2000E+01
 -32.058  0.0000E+00  0.2000E+01
 -32.048  0.0000E+00  0.2000E+01
 -32.038  0.0000E+00  0.2000E+01
 -32.028  0.0000E+00  0.2000E+01
 -32.018  0.0000E+00  0.2000E+01
 -32.008  0.0000E+00  0.2000E+01
 -31.998  0.0000E+00  0.2000E+01
 -31.988  0.0000E+00  0.2000E+01
 -31.978  0.0000E+00  0.2000E+01
 -31.968  0.0000E+00  0.2000E+01
 -31.958  0.0000E+00  0.2000E+01
 -31.948  0.0000E+00  0.2000E+01
 -31.938  0.0000E+00  0.2000E+01
 -31.928  0.0000E+00  0.2000E+01
 -31.918  0.0000E+00  0.2000E+01
 -31.908  0.0000E+00  0.2000E+01
 -31.898  0.0000E+00  0.2000E+01
 -31.888  0.0000E+00  0.2000E+01
 -31.878  0.0000E+00  0.2000E+01
 -31.868  0.0000E+00  0.2000E+01
 -31.858  0.0000E+00  0.2000E+01
 -31.848  0.0000E+00  0.2000E+01
 -31.838  0.0000E+00  0.2000E+01
 -31.828  0.0000E+00  0.2000E+01
 -31.818  0.0000E+00  0.2000E+01
 -31.808  0.0000E+00  0.2000E+01
 -31.798  0.0000E+00  0.2000E+01
 -31.788  0.0000E+00  0.2000E+01
 -31.778  0.0000E+00  0.2000E+01
 -31.768  0.0000E+00  0.2000E+01
 -31.758  0.0000E+00  0.2000E+01
 -31.748  0.0000E+00  0.2000E+01
 -31.738  0.0000E+00  0.2000E+01
 -31.728  0.0000E+00  0.2000E+01
 -31.718  0.0000E+00  0.2000E+01
 -31.708  0.0000E+00  0.2000E+01
 -31.698  0.0000E+00  0.2000E+01
 -31.688  0.0000E+00  0.2000E+01
 -31.678  0.0000E+00  0.2000E+01
 -31.668  0.0000E+00  0.2000E+01
 -31.658  0.0000E+00  0.2000E+01
 -31.648  0.0000E+00  0.2000E+01
 -31.638  0.0000E+00  0.2000E+01
 -31.628  0.0000E+00  0.2000E+01
 -31.618  0.0000E+00  0.2000E+01
 -31.608  0.0000E+00  0.2000E+01
 -31.598  0.0000E+00  0.2000E+01
 -31.588  0.0000E+00  0.2000E+01
 -31.578  0.0000E+00  0.2000E+01
 -31.568  0.0000E+00  0.2000E+01
 -31.558  0.0000E+00  0.2000E+01
 -31.548  0.0000E+00  0.2000E+01
 -31.538  0.0000E+00  0.2000E+01
 -31.528  0.0000E+00  0.2000E+01
 -31.518  0.0000E+00  0.2000E+01
 -31.508  0.0000E+00  0.2000E+01
 -31.498  0.0000E+00  0.2000E+01
 -31.488  0.0000E+00  0.2000E+01
 -31.478  0.0000E+00  0.2000E+01
 -31.468  0.0000E+00  0.2000E+01
 -31.458  0.0000E+00  0.2000E+01
 -31.448  0.0000E+00  0.2000E+01
 -31.438  0.0000E+00  0.2000E+01
 -31.428  0.0000E+00  0.2000E+01
 -31.418  0.0000E+00  0.2000E+01
 -31.408  0.0000E+00  0.2000E+01
 -31.398  0.0000E+00  0.2000E+01
 -31.388  0.0000E+00  0.2000E+01
 -31.378  0.0000E+00  0.2000E+01
 -31.368  0.0000E+00  0.2000E+01
 -31.358  0.0000E+00  0.2000E+01
 -31.348  0.0000E+00  0.2000E+01
 -31.338  0.0000E+00  0.2000E+01
 -31.328  0.0000E+00  0.2000E+01
 -31.318  0.0000E+00  0.2000E+01
 -31.308  0.0000E+00  0.2000E+01
 -31.298  0.0000E+00  0.2000E+01
 -31.288  0.0000E+00  0.2000E+01
 -31.278  0.0000E+00  0.2000E+01
 -31.268  0.0000E+00  0.2000E+01
 -31.258  0.0000E+00  0.2000E+01
 -31.248  0.0000E+00  0.2000E+01
 -31.238  0.0000E+00  0.2000E+01
 -31.228  0.0000E+00  0.2000E+01
 -31.218  0.0000E+00  0.2000E+01
 -31.208  0.0000E+00  0.2000E+01
 -31.198  0.0000E+00  0.2000E+01
 -31.188  0.0000E+00  0.2000E+01
 -31.178  0.0000E+00  0.2000E+01
 -31.168  0.0000E+00  0.2000E+01
 -31.158  0.0000E+00  0.2000E+01
 -31.148  0.0000E+00  0.2000E+01
 -31.138  0.0000E+00  0.2000E+01
 -31.128  0.0000E+00  0.2000E+01
 -31.118  0.0000E+00  0.2000E+01
 -31.108  0.0000E+00  0.2000E+01
 -31.098  0.0000E+00  0.2000E+01
 -31.088  0.0000E+00  0.2000E+01
 -31.078  0.0000E+00  0.2000E+01
 -31.068  0.0000E+00  0.2000E+01
 -31.058  0.0000E+00  0.2000E+01
 -31.048  0.0000E+00  0.2000E+01
 -31.038  0.0000E+00  0.2000E+01
 -31.028  0.0000E+00  0.2000E+01
 -31.018  0.0000E+00  0.2000E+01
 -31.008  0.0000E+00  0.2000E+01
 -30.998  0.0000E+00  0.2000E+01
 -30.988  0.0000E+00  0.2000E+01
 -30.978  0.0000E+00  0.2000E+01
 -30.968  0.0000E+00  0.2000E+01
 -30.958  0.0000E+00  0.2000E+01
 -30.948  0.0000E+00  0.2000E+01
 -30.938  0.0000E+00  0.2000E+01
 -30.928  0.0000E+00  0.2000E+01
 -30.918  0.0000E+00  0.2000E+01
 -30.908  0.0000E+00  0.2000E+01
 -30.898  0.0000E+00  0.2000E+01
 -30.888  0.0000E+00  0.2000E+01
 -30.878  0.0000E+00  0.2000E+01
 -30.868  0.0000E+00  0.2000E+01
 -30.858  0.0000E+00  0.2000E+01
 -30.848  0.0000E+00  0.2000E+01
 -30.838  0.0000E+00  0.2000E+01
 -30.828  0.0000E+00  0.2000E+01
 -30.818  0.0000E+00  0.2000E+01
 -30.808  0.0000E+00  0.2000E+01
 -30.798  0.0000E+00  0.2000E+01
 -30.788  0.0000E+00  0.2000E+01
 -30.778  0.0000E+00  0.2000E+01
 -30.768  0.0000E+00  0.2000E+01
 -30.758  0.0000E+00  0.2000E+01
 -30.748  0.0000E+00  0.2000E+01
 -30.738  0.0000E+00  0.2000E+01
 -30.728  0.0000E+00  0.2000E+01
 -30.718  0.0000E+00  0.2000E+01
 -30.708  0.0000E+00  0.2000E+01
 -30.698  0.0000E+00  0.2000E+01
 -30.688  0.0000E+00  0.2000E+01
 -30.678  0.0000E+00  0.2000E+01
 -30.668  0.0000E+00  0.2000E+01
 -30.658  0.0000E+00  0.2000E+01
 -30.648  0.0000E+00  0.2000E+01
 -30.638  0.0000E+00  0.2000E+01
 -30.628  0.0000E+00  0.2000E+01
 -30.618  0.0000E+00  0.2000E+01
 -30.608  0.0000E+00  0.2000E+01
 -30.598  0.0000E+00  0.2000E+01
 -30.588  0.0000E+00  0.2000E+01
 -30.578  0.0000E+00  0.2000E+01
 -30.568  0.0000E+00  0.2000E+01
 -30.558  0.0000E+00  0.2000E+01
 -30.548  0.0000E+00  0.2000E+01
 -30.538  0.0000E+00  0.2000E+01
 -30.528  0.0000E+00  0.2000E+01
 -30.518  0.0000E+00  0.2000E+01
 -30.508  0.0000E+00  0.2000E+01
 -30.498  0.0000E+00  0.2000E+01
 -30.488  0.0000E+00  0.2000E+01
 -30.478  0.0000E+00  0.2000E+01
 -30.468  0.0000E+00  0.2000E+01
 -30.458  0.0000E+00  0.2000E+01
 -30.448  0.0000E+00  0.2000E+01
 -30.438  0.0000E+00  0.2000E+01
 -30.428  0.0000E+00  0.2000E+01
 -30.418  0.0000E+00  0.2000E+01
 -30.408  0.0000E+00  0.2000E+01
 -30.398  0.0000E+00  0.2000E+01
 -30.388  0.0000E+00  0.2000E+01
 -30.378  0.0000E+00  0.2000E+01
 -30.368  0.0000E+00  0.2000E+01
 -30.358  0.0000E+00  0.2000E+01
 -30.348  0.0000E+00  0.2000E+01
 -30.338  0.0000E+00  0.2000E+01
 -30.328  0.0000E+00  0.2000E+01
 -30.318  0.0000E+00  0.2000E+01
 -30.308  0.0000E+00  0.2000E+01
 -30.298  0.0000E+00  0.2000E+01
 -30.288  0.0000E+00  0.2000E+01
 -30.278  0.0000E+00  0.2000E+01
 -30.268  0.0000E+00  0.2000E+01
 -30.258  0.0000E+00  0.2000E+01
 -30.248  0.0000E+00  0.2000E+01
 -30.238  0.0000E+00  0.2000E+01
 -30.228  0.0000E+00  0.2000E+01
 -30.218  0.0000E+00  0.2000E+01
 -30.208  0.0000E+00  0.2000E+01
 -30.198  0.0000E+00  0.2000E+01
 -30.188  0.0000E+00  0.2000E+01
 -30.178  0.0000E+00  0.2000E+01
 -30.168  0.0000E+00  0.2000E+01
 -30.158  0.0000E+00  0.2000E+01
 -30.148  0.0000E+00  0.2000E+01
 -30.138  0.0000E+00  0.2000E+01
 -30.128  0.0000E+00  0.2000E+01
 -30.118  0.0000E+00  0.2000E+01
 -30.108  0.0000E+00  0.2000E+01
 -30.098  0.0000E+00  0.2000E+01
 -30.088  0.0000E+00  0.2000E+01
 -30.078  0.0000E+00  0.2000E+01
 -30.068  0.0000E+00  0.2000E+01
 -30.058  0.0000E+00  0.2000E+01
 -30.048  0.0000E+00  0.2000E+01
 -30.038  0.0000E+00  0.2000E+01
 -30.028  0.0000E+00  0.2000E+01
 -30.018  0.0000E+00  0.2000E+01
 -30.008  0.0000E+00  0.2000E+01
 -29.998  0.0000E+00  0.2000E+01
 -29.988  0.0000E+00  0.2000E+01
 -29.978  0.0000E+00  0.2000E+01
 -29.968  0.0000E+00  0.2000E+01
 -29.958  0.0000E+00  0.2000E+01
 -29.948  0.0000E+00  0.2000E+01
 -29.938  0.0000E+00  0.2000E+01
 -29.928  0.0000E+00  0.2000E+01
 -29.918  0.0000E+00  0.2000E+01
 -29.908  0.0000E+00  0.2000E+01
 -29.898  0.0000E+00  0.2000E+01
 -29.888  0.0000E+00  0.2000E+01
 -29.878  0.0000E+00  0.2000E+01
 -29.868  0.0000E+00  0.2000E+01
 -29.858  0.0000E+00  0.2000E+01
 -29.848  0.0000E+00  0.2000E+01
 -29.838  0.0000E+00  0.2000E+01
 -29.828  0.0000E+00  0.2000E+01
 -29.818  0.0000E+00  0.2000E+01
 -29.808  0.0000E+00  0.2000E+01
 -29.798  0.0000E+00  0.2000E+01
 -29.788  0.0000E+00  0.2000E+01
 -29.778  0.0000E+00  0.2000E+01
 -29.768  0.0000E+00  0.2000E+01
 -29.758  0.0000E+00  0.2000E+01
 -29.748  0.0000E+00  0.2000E+01
 -29.738  0.0000E+00  0.2000E+01
 -29.728  0.0000E+00  0.2000E+01
 -29.718  0.0000E+00  0.2000E+01
 -29.708  0.0000E+00  0.2000E+01
 -29.698  0.0000E+00  0.2000E+01
 -29.688  0.0000E+00  0.2000E+01
 -29.678  0.0000E+00  0.2000E+01
 -29.668  0.0000E+00  0.2000E+01
 -29.658  0.0000E+00  0.2000E+01
 -29.648  0.0000E+00  0.2000E+01
 -29.638  0.0000E+00  0.2000E+01
 -29.628  0.0000E+00  0.2000E+01
 -29.618  0.0000E+00  0.2000E+01
 -29.608  0.0000E+00  0.2000E+01
 -29.598  0.0000E+00  0.2000E+01
 -29.588  0.0000E+00  0.2000E+01
 -29.578  0.0000E+00  0.2000E+01
 -29.568  0.0000E+00  0.2000E+01
 -29.558  0.0000E+00  0.2000E+01
 -29.548  0.0000E+00  0.2000E+01
 -29.538  0.0000E+00  0.2000E+01
 -29.528  0.0000E+00  0.2000E+01
 -29.518  0.0000E+00  0.2000E+01
 -29.508  0.0000E+00  0.2000E+01
 -29.498  0.0000E+00  0.2000E+01
 -29.488  0.0000E+00  0.2000E+01
 -29.478  0.0000E+00  0.2000E+01
 -29.468  0.0000E+00  0.2000E+01
 -29.458  0.0000E+00  0.2000E+01
 -29.448  0.0000E+00  0.2000E+01
 -29.438  0.0000E+00  0.2000E+01
 -29.428  0.0000E+00  0.2000E+01
 -29.418  0.0000E+00  0.2000E+01
 -29.408  0.0000E+00  0.2000E+01
 -29.398  0.0000E+00  0.2000E+01
 -29.388  0.0000E+00  0.2000E+01
 -29.378  0.0000E+00  0.2000E+01
 -29.368  0.0000E+00  0.2000E+01
 -29.358  0.0000E+00  0.2000E+01
 -29.348  0.0000E+00  0.2000E+01
 -29.338  0.0000E+00  0.2000E+01
 -29.328  0.0000E+00  0.2000E+01
 -29.318  0.0000E+00  0.2000E+01
 -29.308  0.0000E+00  0.2000E+01
 -29.298  0.0000E+00  0.2000E+01
 -29.288  0.0000E+00  0.2000E+01
 -29.278  0.0000E+00  0.2000E+01
 -29.268  0.0000E+00  0.2000E+01
 -29.258  0.0000E+00  0.2000E+01
 -29.248  0.0000E+00  0.2000E+01
 -29.238  0.0000E+00  0.2000E+01
 -29.228  0.0000E+00  0.2000E+01
 -29.218  0.0000E+00  0.2000E+01
 -29.208  0.0000E+00  0.2000E+01
 -29.198  0.0000E+00  0.2000E+01
 -29.188  0.0000E+00  0.2000E+01
 -29.178  0.0000E+00  0.2000E+01
 -29.168  0.0000E+00  0.2000E+01
 -29.158  0.0000E+00  0.2000E+01
 -29.148  0.0000E+00  0.2000E+01
 -29.138  0.0000E+00  0.2000E+01
 -29.128  0.0000E+00  0.2000E+01
 -29.118  0.0000E+00  0.2000E+01
 -29.108  0.0000E+00  0.2000E+01
 -29.098  0.0000E+00  0.2000E+01
 -29.088  0.0000E+00  0.2000E+01
 -29.078  0.0000E+00  0.2000E+01
 -29.068  0.0000E+00  0.2000E+01
 -29.058  0.0000E+00  0.2000E+01
 -29.048  0.0000E+00  0.2000E+01
 -29.038  0.0000E+00  0.2000E+01
 -29.028  0.0000E+00  0.2000E+01
 -29.018  0.0000E+00  0.2000E+01
 -29.008  0.0000E+00  0.2000E+01
 -28.998  0.0000E+00  0.2000E+01
 -28.988  0.0000E+00  0.2000E+01
 -28.978  0.0000E+00  0.2000E+01
 -28.968  0.0000E+00  0.2000E+01
 -28.958  0.0000E+00  0.2000E+01
 -28.948  0.0000E+00  0.2000E+01
 -28.938  0.0000E+00  0.2000E+01
 -28.928  0.0000E+00  0.2000E+01
 -28.918  0.0000E+00  0.2000E+01
 -28.908  0.0000E+00  0.2000E+01
 -28.898  0.0000E+00  0.2000E+01
 -28.888  0.0000E+00  0.2000E+01
 -28.878  0.0000E+00  0.2000E+01
 -28.868  0.0000E+00  0.2000E+01
 -28.858  0.0000E+00  0.2000E+01
 -28.848  0.0000E+00  0.2000E+01
 -28.838  0.0000E+00  0.2000E+01
 -28.828  0.0000E+00  0.2000E+01
 -28.818  0.0000E+00  0.2000E+01
 -28.808  0.0000E+00  0.2000E+01
 -28.798  0.0000E+00  0.2000E+01
 -28.788  0.0000E+00  0.2000E+01
 -28.778  0.0000E+00  0.2000E+01
 -28.768  0.0000E+00  0.2000E+01
 -28.758  0.0000E+00  0.2000E+01
 -28.748  0.0000E+00  0.2000E+01
 -28.738  0.0000E+00  0.2000E+01
 -28.728  0.0000E+00  0.2000E+01
 -28.718  0.0000E+00  0.2000E+01
 -28.708  0.0000E+00  0.2000E+01
 -28.698  0.0000E+00  0.2000E+01
 -28.688  0.0000E+00  0.2000E+01
 -28.678  0.0000E+00  0.2000E+01
 -28.668  0.0000E+00  0.2000E+01
 -28.658  0.0000E+00  0.2000E+01
 -28.648  0.0000E+00  0.2000E+01
 -28.638  0.0000E+00  0.2000E+01
 -28.628  0.0000E+00  0.2000E+01
 -28.618  0.0000E+00  0.2000E+01
 -28.608  0.0000E+00  0.2000E+01
 -28.598  0.0000E+00  0.2000E+01
 -28.588  0.0000E+00  0.2000E+01
 -28.578  0.0000E+00  0.2000E+01
 -28.568  0.0000E+00  0.2000E+01
 -28.558  0.0000E+00  0.2000E+01
 -28.548  0.0000E+00  0.2000E+01
 -28.538  0.0000E+00  0.2000E+01
 -28.528  0.0000E+00  0.2000E+01
 -28.518  0.0000E+00  0.2000E+01
 -28.508  0.0000E+00  0.2000E+01
 -28.498  0.0000E+00  0.2000E+01
 -28.488  0.0000E+00  0.2000E+01
 -28.478  0.0000E+00  0.2000E+01
 -28.468  0.0000E+00  0.2000E+01
 -28.458  0.0000E+00  0.2000E+01
 -28.448  0.0000E+00  0.2000E+01
 -28.438  0.0000E+00  0.2000E+01
 -28.428  0.0000E+00  0.2000E+01
 -28.418  0.0000E+00  0.2000E+01
 -28.408  0.0000E+00  0.2000E+01
 -28.398  0.0000E+00  0.2000E+01
 -28.388  0.0000E+00  0.2000E+01
 -28.378  0.0000E+00  0.2000E+01
 -28.368  0.0000E+00  0.2000E+01
 -28.358  0.0000E+00  0.2000E+01
 -28.348  0.0000E+00  0.2000E+01
 -28.338  0.0000E+00  0.2000E+01
 -28.328  0.0000E+00  0.2000E+01
 -28.318  0.0000E+00  0.2000E+01
 -28.308  0.0000E+00  0.2000E+01
 -28.298  0.0000E+00  0.2000E+01
 -28.288  0.0000E+00  0.2000E+01
 -28.278  0.0000E+00  0.2000E+01
 -28.268  0.0000E+00  0.2000E+01
 -28.258  0.0000E+00  0.2000E+01
 -28.248  0.0000E+00  0.2000E+01
 -28.238  0.0000E+00  0.2000E+01
 -28.228  0.0000E+00  0.2000E+01
 -28.218  0.0000E+00  0.2000E+01
 -28.208  0.0000E+00  0.2000E+01
 -28.198  0.0000E+00  0.2000E+01
 -28.188  0.0000E+00  0.2000E+01
 -28.178  0.0000E+00  0.2000E+01
 -28.168  0.0000E+00  0.2000E+01
 -28.158  0.0000E+00  0.2000E+01
 -28.148  0.0000E+00  0.2000E+01
 -28.138  0.0000E+00  0.2000E+01
 -28.128  0.0000E+00  0.2000E+01
 -28.118  0.0000E+00  0.2000E+01
 -28.108  0.0000E+00  0.2000E+01
 -28.098  0.0000E+00  0.2000E+01
 -28.088  0.0000E+00  0.2000E+01
 -28.078  0.0000E+00  0.2000E+01
 -28.068  0.0000E+00  0.2000E+01
 -28.058  0.0000E+00  0.2000E+01
 -28.048  0.0000E+00  0.2000E+01
 -28.038  0.0000E+00  0.2000E+01
 -28.028  0.0000E+00  0.2000E+01
 -28.018  0.0000E+00  0.2000E+01
 -28.008  0.0000E+00  0.2000E+01
 -27.998  0.0000E+00  0.2000E+01
 -27.988  0.0000E+00  0.2000E+01
 -27.978  0.0000E+00  0.2000E+01
 -27.968  0.0000E+00  0.2000E+01
 -27.958  0.0000E+00  0.2000E+01
 -27.948  0.0000E+00  0.2000E+01
 -27.938  0.0000E+00  0.2000E+01
 -27.928  0.0000E+00  0.2000E+01
 -27.918  0.0000E+00  0.2000E+01
 -27.908  0.0000E+00  0.2000E+01
 -27.898  0.0000E+00  0.2000E+01
 -27.888  0.0000E+00  0.2000E+01
 -27.878  0.0000E+00  0.2000E+01
 -27.868  0.0000E+00  0.2000E+01
 -27.858  0.0000E+00  0.2000E+01
 -27.848  0.0000E+00  0.2000E+01
 -27.838  0.0000E+00  0.2000E+01
 -27.828  0.0000E+00  0.2000E+01
 -27.818  0.0000E+00  0.2000E+01
 -27.808  0.0000E+00  0.2000E+01
 -27.798  0.0000E+00  0.2000E+01
 -27.788  0.0000E+00  0.2000E+01
 -27.778  0.0000E+00  0.2000E+01
 -27.768  0.0000E+00  0.2000E+01
 -27.758  0.0000E+00  0.2000E+01
 -27.748  0.0000E+00  0.2000E+01
 -27.738  0.0000E+00  0.2000E+01
 -27.728  0.0000E+00  0.2000E+01
 -27.718  0.0000E+00  0.2000E+01
 -27.708  0.0000E+00  0.2000E+01
 -27.698  0.0000E+00  0.2000E+01
 -27.688  0.0000E+00  0.2000E+01
 -27.678  0.8006E+01  0.2030E+01
 -27.668  0.7485E+01  0.2103E+01
 -27.658  0.7828E+01  0.2180E+01
 -27.648  0.1387E+02  0.2309E+01
 -27.638  0.1467E+02  0.2452E+01
 -27.628  0.1558E+02  0.2603E+01
 -27.618  0.1694E+02  0.2765E+01
 -27.608  0.1908E+02  0.2944E+01
 -27.598  0.2718E+02  0.3159E+01
 -27.588  0.1941E+02  0.3389E+01
 -27.578  0.1773E+02  0.3575E+01
 -27.568  0.1617E+02  0.3744E+01
 -27.558  0.1346E+02  0.3923E+01
 -27.548  0.1700E+02  0.4064E+01
 -27.538  0.2171E+02  0.4276E+01
 -27.528  0.2886E+02  0.4522E+01
 -27.518  0.3906E+02  0.4927E+01
 -27.508  0.2673E+02  0.5242E+01
 -27.498  0.3183E+01  0.5370E+01
 -27.488  0.3073E+01  0.5402E+01
 -27.478  0.4439E+01  0.5442E+01
 -27.468  0.4640E+01  0.5488E+01
 -27.458  0.4818E+01  0.5535E+01
 -27.448  0.4972E+01  0.5584E+01
 -27.438  0.5168E+01  0.5635E+01
 -27.428  0.5366E+01  0.5688E+01
 -27.418  0.5593E+01  0.5742E+01
 -27.408  0.5818E+01  0.5800E+01
 -27.398  0.6135E+01  0.5859E+01
 -27.388  0.6415E+01  0.5922E+01
 -27.378  0.6774E+01  0.5988E+01
 -27.368  0.7234E+01  0.6058E+01
 -27.358  0.7617E+01  0.6132E+01
 -27.348  0.8261E+01  0.6211E+01
 -27.338  0.8998E+01  0.6297E+01
 -27.328  0.9767E+01  0.6391E+01
 -27.318  0.1102E+02  0.6495E+01
 -27.308  0.1292E+02  0.6615E+01
 -27.298  0.1806E+02  0.6763E+01
 -27.288  0.1631E+02  0.6963E+01
 -27.278  0.1329E+02  0.7108E+01
 -27.268  0.1180E+02  0.7233E+01
 -27.258  0.1090E+02  0.7347E+01
 -27.248  0.1016E+02  0.7453E+01
 -27.238  0.9738E+01  0.7553E+01
 -27.228  0.9468E+01  0.7649E+01
 -27.218  0.8858E+01  0.7740E+01
 -27.208  0.8678E+01  0.7829E+01
 -27.198  0.8317E+01  0.7914E+01
 -27.188  0.6158E+01  0.7997E+01
 -27.178  0.0000E+00  0.8000E+01
 -27.168  0.0000E+00  0.8000E+01
 -27.158  0.0000E+00  0.8000E+01
 -27.148  0.0000E+00  0.8000E+01
 -27.138  0.0000E+00  0.8000E+01
 -27.128  0.0000E+00  0.8000E+01
 -27.118  0.0000E+00  0.8000E+01
 -27.108  0.0000E+00  0.8000E+01
 -27.098  0.0000E+00  0.8000E+01
 -27.088  0.0000E+00  0.8000E+01
 -27.078  0.0000E+00  0.8000E+01
 -27.068  0.0000E+00  0.8000E+01
 -27.058  0.0000E+00  0.8000E+01
 -27.048  0.0000E+00  0.8000E+01
 -27.038  0.0000E+00  0.8000E+01
 -27.028  0.0000E+00  0.8000E+01
 -27.018  0.0000E+00  0.8000E+01
 -27.008  0.0000E+00  0.8000E+01
 -26.998  0.0000E+00  0.8000E+01
 -26.988  0.0000E+00  0.8000E+01
 -26.978  0.0000E+00  0.8000E+01
 -26.968  0.0000E+00  0.8000E+01
 -26.958  0.0000E+00  0.8000E+01
 -26.948  0.0000E+00  0.8000E+01
 -26.938  0.0000E+00  0.8000E+01
 -26.928  0.0000E+00  0.8000E+01
 -26.918  0.0000E+00  0.8000E+01
 -26.908  0.0000E+00  0.8000E+01
 -26.898  0.0000E+00  0.8000E+01
 -26.888  0.0000E+00  0.8000E+01
 -26.878  0.0000E+00  0.8000E+01
 -26.868  0.0000E+00  0.8000E+01
 -26.858  0.0000E+00  0.8000E+01
 -26.848  0.0000E+00  0.8000E+01
 -26.838  0.0000E+00  0.8000E+01
 -26.828  0.0000E+00  0.8000E+01
 -26.818  0.0000E+00  0.8000E+01
 -26.808  0.0000E+00  0.8000E+01
 -26.798  0.0000E+00  0.8000E+01
 -26.788  0.0000E+00  0.8000E+01
 -26.778  0.0000E+00  0.8000E+01
 -26.768  0.0000E+00  0.8000E+01
 -26.758  0.0000E+00  0.8000E+01
 -26.748  0.0000E+00  0.8000E+01
 -26.738  0.0000E+00  0.8000E+01
 -26.728  0.0000E+00  0.8000E+01
 -26.718  0.0000E+00  0.8000E+01
 -26.708  0.0000E+00  0.8000E+01
 -26.698  0.0000E+00  0.8000E+01
 -26.688  0.0000E+00  0.8000E+01
 -26.678  0.0000E+00  0.8000E+01
 -26.668  0.0000E+00  0.8000E+01
 -26.658  0.0000E+00  0.8000E+01
 -26.648  0.0000E+00  0.8000E+01
 -26.638  0.0000E+00  0.8000E+01
 -26.628  0.0000E+00  0.8000E+01
 -26.618  0.0000E+00  0.8000E+01
 -26.608  0.0000E+00  0.8000E+01
 -26.598  0.0000E+00  0.8000E+01
 -26.588  0.0000E+00  0.8000E+01
 -26.578  0.0000E+00  0.8000E+01
 -26.568  0.0000E+00  0.8000E+01
 -26.558  0.0000E+00  0.8000E+01
 -26.548  0.0000E+00  0.8000E+01
 -26.538  0.0000E+00  0.8000E+01
 -26.528  0.0000E+00  0.8000E+01
 -26.518  0.0000E+00  0.8000E+01
 -26.508  0.0000E+00  0.8000E+01
 -26.498  0.0000E+00  0.8000E+01
 -26.488  0.0000E+00  0.8000E+01
 -26.478  0.0000E+00  0.8000E+01
 -26.468  0.0000E+00  0.8000E+01
 -26.458  0.0000E+00  0.8000E+01
 -26.448  0.0000E+00  0.8000E+01
 -26.438  0.0000E+00  0.8000E+01
 -26.428  0.0000E+00  0.8000E+01
 -26.418  0.0000E+00  0.8000E+01
 -26.408  0.0000E+00  0.8000E+01
 -26.398  0.0000E+00  0.8000E+01
 -26.388  0.0000E+00  0.8000E+01
 -26.378  0.0000E+00  0.8000E+01
 -26.368  0.0000E+00  0.8000E+01
 -26.358  0.0000E+00  0.8000E+01
 -26.348  0.0000E+00  0.8000E+01
 -26.338  0.0000E+00  0.8000E+01
 -26.328  0.0000E+00  0.8000E+01
 -26.318  0.0000E+00  0.8000E+01
 -26.308  0.0000E+00  0.8000E+01
 -26.298  0.0000E+00  0.8000E+01
 -26.288  0.0000E+00  0.8000E+01
 -26.278  0.0000E+00  0.8000E+01
 -26.268  0.0000E+00  0.8000E+01
 -26.258  0.0000E+00  0.8000E+01
 -26.248  0.0000E+00  0.8000E+01
 -26.238  0.0000E+00  0.8000E+01
 -26.228  0.0000E+00  0.8000E+01
 -26.218  0.0000E+00  0.8000E+01
 -26.208  0.0000E+00  0.8000E+01
 -26.198  0.0000E+00  0.8000E+01
 -26.188  0.0000E+00  0.8000E+01
 -26.178  0.0000E+00  0.8000E+01
 -26.168  0.0000E+00  0.8000E+01
 -26.158  0.0000E+00  0.8000E+01
 -26.148  0.0000E+00  0.8000E+01
 -26.138  0.0000E+00  0.8000E+01
 -26.128  0.0000E+00  0.8000E+01
 -26.118  0.0000E+00  0.8000E+01
 -26.108  0.0000E+00  0.8000E+01
 -26.098  0.0000E+00  0.8000E+01
 -26.088  0.0000E+00  0.8000E+01
 -26.078  0.0000E+00  0.8000E+01
 -26.068  0.0000E+00  0.8000E+01
 -26.058  0.0000E+00  0.8000E+01
 -26.048  0.0000E+00  0.8000E+01
 -26.038  0.0000E+00  0.8000E+01
 -26.028  0.0000E+00  0.8000E+01
 -26.018  0.0000E+00  0.8000E+01
 -26.008  0.0000E+00  0.8000E+01
 -25.998  0.0000E+00  0.8000E+01
 -25.988  0.0000E+00  0.8000E+01
 -25.978  0.0000E+00  0.8000E+01
 -25.968  0.0000E+00  0.8000E+01
 -25.958  0.0000E+00  0.8000E+01
 -25.948  0.0000E+00  0.8000E+01
 -25.938  0.0000E+00  0.8000E+01
 -25.928  0.0000E+00  0.8000E+01
 -25.918  0.0000E+00  0.8000E+01
 -25.908  0.0000E+00  0.8000E+01
 -25.898  0.0000E+00  0.8000E+01
 -25.888  0.0000E+00  0.8000E+01
 -25.878  0.0000E+00  0.8000E+01
 -25.868  0.0000E+00  0.8000E+01
 -25.858  0.0000E+00  0.8000E+01
 -25.848  0.0000E+00  0.8000E+01
 -25.838  0.0000E+00  0.8000E+01
 -25.828  0.0000E+00  0.8000E+01
 -25.818  0.0000E+00  0.8000E+01
 -25.808  0.0000E+00  0.8000E+01
 -25.798  0.0000E+00  0.8000E+01
 -25.788  0.0000E+00  0.8000E+01
 -25.778  0.0000E+00  0.8000E+01
 -25.768  0.0000E+00  0.8000E+01
 -25.758  0.0000E+00  0.8000E+01
 -25.748  0.0000E+00  0.8000E+01
 -25.738  0.0000E+00  0.8000E+01
 -25.728  0.0000E+00  0.8000E+01
 -25.718  0.0000E+00  0.8000E+01
 -25.708  0.0000E+00  0.8000E+01
 -25.698  0.0000E+00  0.8000E+01
 -25.688  0.0000E+00  0.8000E+01
 -25.678  0.0000E+00  0.8000E+01
 -25.668  0.0000E+00  0.8000E+01
 -25.658  0.0000E+00  0.8000E+01
 -25.648  0.0000E+00  0.8000E+01
 -25.638  0.0000E+00  0.8000E+01
 -25.628  0.0000E+00  0.8000E+01
 -25.618  0.0000E+00  0.8000E+01
 -25.608  0.0000E+00  0.8000E+01
 -25.598  0.0000E+00  0.8000E+01
 -25.588  0.0000E+00  0.8000E+01
 -25.578  0.0000E+00  0.8000E+01
 -25.568  0.0000E+00  0.8000E+01
 -25.558  0.0000E+00  0.8000E+01
 -25.548  0.0000E+00  0.8000E+01
 -25.538  0.0000E+00  0.8000E+01
 -25.528  0.0000E+00  0.8000E+01
 -25.518  0.0000E+00  0.8000E+01
 -25.508  0.0000E+00  0.8000E+01
 -25.498  0.0000E+00  0.8000E+01
 -25.488  0.0000E+00  0.8000E+01
 -25.478  0.0000E+00  0.8000E+01
 -25.468  0.0000E+00  0.8000E+01
 -25.458  0.0000E+00  0.8000E+01
 -25.448  0.0000E+00  0.8000E+01
 -25.438  0.0000E+00  0.8000E+01
 -25.428  0.0000E+00  0.8000E+01
 -25.418  0.0000E+00  0.8000E+01
 -25.408  0.0000E+00  0.8000E+01
 -25.398  0.0000E+00  0.8000E+01
 -25.388  0.0000E+00  0.8000E+01
 -25.378  0.0000E+00  0.8000E+01
 -25.368  0.0000E+00  0.8000E+01
 -25.358  0.0000E+00  0.8000E+01
 -25.348  0.0000E+00  0.8000E+01
 -25.338  0.0000E+00  0.8000E+01
 -25.328  0.0000E+00  0.8000E+01
 -25.318  0.0000E+00  0.8000E+01
 -25.308  0.0000E+00  0.8000E+01
 -25.298  0.0000E+00  0.8000E+01
 -25.288  0.0000E+00  0.8000E+01
 -25.278  0.0000E+00  0.8000E+01
 -25.268  0.0000E+00  0.8000E+01
 -25.258  0.0000E+00  0.8000E+01
 -25.248  0.0000E+00  0.8000E+01
 -25.238  0.0000E+00  0.8000E+01
 -25.228  0.0000E+00  0.8000E+01
 -25.218  0.0000E+00  0.8000E+01
 -25.208  0.0000E+00  0.8000E+01
 -25.198  0.0000E+00  0.8000E+01
 -25.188  0.0000E+00  0.8000E+01
 -25.178  0.0000E+00  0.8000E+01
 -25.168  0.0000E+00  0.8000E+01
 -25.158  0.0000E+00  0.8000E+01
 -25.148  0.0000E+00  0.8000E+01
 -25.138  0.0000E+00  0.8000E+01
 -25.128  0.0000E+00  0.8000E+01
 -25.118  0.0000E+00  0.8000E+01
 -25.108  0.0000E+00  0.8000E+01
 -25.098  0.0000E+00  0.8000E+01
 -25.088  0.0000E+00  0.8000E+01
 -25.078  0.0000E+00  0.8000E+01
 -25.068  0.0000E+00  0.8000E+01
 -25.058  0.0000E+00  0.8000E+01
 -25.048  0.0000E+00  0.8000E+01
 -25.038  0.0000E+00  0.8000E+01
 -25.028  0.0000E+00  0.8000E+01
 -25.018  0.0000E+00  0.8000E+01
 -25.008  0.0000E+00  0.8000E+01
 -24.998  0.0000E+00  0.8000E+01
 -24.988  0.0000E+00  0.8000E+01
 -24.978  0.0000E+00  0.8000E+01
 -24.968  0.0000E+00  0.8000E+01
 -24.958  0.0000E+00  0.8000E+01
 -24.948  0.0000E+00  0.8000E+01
 -24.938  0.0000E+00  0.8000E+01
 -24.928  0.0000E+00  0.8000E+01
 -24.918  0.0000E+00  0.8000E+01
 -24.908  0.0000E+00  0.8000E+01
 -24.898  0.0000E+00  0.8000E+01
 -24.888  0.0000E+00  0.8000E+01
 -24.878  0.0000E+00  0.8000E+01
 -24.868  0.0000E+00  0.8000E+01
 -24.858  0.0000E+00  0.8000E+01
 -24.848  0.0000E+00  0.8000E+01
 -24.838  0.0000E+00  0.8000E+01
 -24.828  0.0000E+00  0.8000E+01
 -24.818  0.0000E+00  0.8000E+01
 -24.808  0.0000E+00  0.8000E+01
 -24.798  0.0000E+00  0.8000E+01
 -24.788  0.0000E+00  0.8000E+01
 -24.778  0.0000E+00  0.8000E+01
 -24.768  0.0000E+00  0.8000E+01
 -24.758  0.0000E+00  0.8000E+01
 -24.748  0.0000E+00  0.8000E+01
 -24.738  0.0000E+00  0.8000E+01
 -24.728  0.0000E+00  0.8000E+01
 -24.718  0.0000E+00  0.8000E+01
 -24.708  0.0000E+00  0.8000E+01
 -24.698  0.0000E+00  0.8000E+01
 -24.688  0.0000E+00  0.8000E+01
 -24.678  0.0000E+00  0.8000E+01
 -24.668  0.0000E+00  0.8000E+01
 -24.658  0.0000E+00  0.8000E+01
 -24.648  0.0000E+00  0.8000E+01
 -24.638  0.0000E+00  0.8000E+01
 -24.628  0.0000E+00  0.8000E+01
 -24.618  0.0000E+00  0.8000E+01
 -24.608  0.0000E+00  0.8000E+01
 -24.598  0.0000E+00  0.8000E+01
 -24.588  0.0000E+00  0.8000E+01
 -24.578  0.0000E+00  0.8000E+01
 -24.568  0.0000E+00  0.8000E+01
 -24.558  0.0000E+00  0.8000E+01
 -24.548  0.0000E+00  0.8000E+01
 -24.538  0.0000E+00  0.8000E+01
 -24.528  0.0000E+00  0.8000E+01
 -24.518  0.0000E+00  0.8000E+01
 -24.508  0.0000E+00  0.8000E+01
 -24.498  0.0000E+00  0.8000E+01
 -24.488  0.0000E+00  0.8000E+01
 -24.478  0.0000E+00  0.8000E+01
 -24.468  0.0000E+00  0.8000E+01
 -24.458  0.0000E+00  0.8000E+01
 -24.448  0.0000E+00  0.8000E+01
 -24.438  0.0000E+00  0.8000E+01
 -24.428  0.0000E+00  0.8000E+01
 -24.418  0.0000E+00  0.8000E+01
 -24.408  0.0000E+00  0.8000E+01
 -24.398  0.0000E+00  0.8000E+01
 -24.388  0.0000E+00  0.8000E+01
 -24.378  0.0000E+00  0.8000E+01
 -24.368  0.0000E+00  0.8000E+01
 -24.358  0.0000E+00  0.8000E+01
 -24.348  0.0000E+00  0.8000E+01
 -24.338  0.0000E+00  0.8000E+01
 -24.328  0.0000E+00  0.8000E+01
 -24.318  0.0000E+00  0.8000E+01
 -24.308  0.0000E+00  0.8000E+01
 -24.298  0.0000E+00  0.8000E+01
 -24.288  0.0000E+00  0.8000E+01
 -24.278  0.0000E+00  0.8000E+01
 -24.268  0.0000E+00  0.8000E+01
 -24.258  0.0000E+00  0.8000E+01
 -24.248  0.0000E+00  0.8000E+01
 -24.238  0.0000E+00  0.8000E+01
 -24.228  0.0000E+00  0.8000E+01
 -24.218  0.0000E+00  0.8000E+01
 -24.208  0.0000E+00  0.8000E+01
 -24.198  0.0000E+00  0.8000E+01
 -24.188  0.0000E+00  0.8000E+01
 -24.178  0.0000E+00  0.8000E+01
 -24.168  0.0000E+00  0.8000E+01
 -24.158  0.0000E+00  0.8000E+01
 -24.148  0.0000E+00  0.8000E+01
 -24.138  0.0000E+00  0.8000E+01
 -24.128  0.0000E+00  0.8000E+01
 -24.118  0.0000E+00  0.8000E+01
 -24.108  0.0000E+00  0.8000E+01
 -24.098  0.0000E+00  0.8000E+01
 -24.088  0.0000E+00  0.8000E+01
 -24.078  0.0000E+00  0.8000E+01
 -24.068  0.0000E+00  0.8000E+01
 -24.058  0.0000E+00  0.8000E+01
 -24.048  0.0000E+00  0.8000E+01
 -24.038  0.0000E+00  0.8000E+01
 -24.028  0.0000E+00  0.8000E+01
 -24.018  0.0000E+00  0.8000E+01
 -24.008  0.0000E+00  0.8000E+01
 -23.998  0.0000E+00  0.8000E+01
 -23.988  0.0000E+00  0.8000E+01
 -23.978  0.0000E+00  0.8000E+01
 -23.968  0.0000E+00  0.8000E+01
 -23.958  0.0000E+00  0.8000E+01
 -23.948  0.0000E+00  0.8000E+01
 -23.938  0.0000E+00  0.8000E+01
 -23.928  0.0000E+00  0.8000E+01
 -23.918  0.0000E+00  0.8000E+01
 -23.908  0.0000E+00  0.8000E+01
 -23.898  0.0000E+00  0.8000E+01
 -23.888  0.0000E+00  0.8000E+01
 -23.878  0.0000E+00  0.8000E+01
 -23.868  0.0000E+00  0.8000E+01
 -23.858  0.0000E+00  0.8000E+01
 -23.848  0.0000E+00  0.8000E+01
 -23.838  0.0000E+00  0.8000E+01
 -23.828  0.0000E+00  0.8000E+01
 -23.818  0.0000E+00  0.8000E+01
 -23.808  0.0000E+00  0.8000E+01
 -23.798  0.0000E+00  0.8000E+01
 -23.788  0.0000E+00  0.8000E+01
 -23.778  0.0000E+00  0.8000E+01
 -23.768  0.0000E+00  0.8000E+01
 -23.758  0.0000E+00  0.8000E+01
 -23.748  0.0000E+00  0.8000E+01
 -23.738  0.0000E+00  0.8000E+01
 -23.728  0.0000E+00  0.8000E+01
 -23.718  0.0000E+00  0.8000E+01
 -23.708  0.0000E+00  0.8000E+01
 -23.698  0.0000E+00  0.8000E+01
 -23.688  0.0000E+00  0.8000E+01
 -23.678  0.0000E+00  0.8000E+01
 -23.668  0.0000E+00  0.8000E+01
 -23.658  0.0000E+00  0.8000E+01
 -23.648  0.0000E+00  0.8000E+01
 -23.638  0.0000E+00  0.8000E+01
 -23.628  0.0000E+00  0.8000E+01
 -23.618  0.0000E+00  0.8000E+01
 -23.608  0.0000E+00  0.8000E+01
 -23.598  0.0000E+00  0.8000E+01
 -23.588  0.0000E+00  0.8000E+01
 -23.578  0.0000E+00  0.8000E+01
 -23.568  0.0000E+00  0.8000E+01
 -23.558  0.0000E+00  0.8000E+01
 -23.548  0.0000E+00  0.8000E+01
 -23.538  0.0000E+00  0.8000E+01
 -23.528  0.0000E+00  0.8000E+01
 -23.518  0.0000E+00  0.8000E+01
 -23.508  0.0000E+00  0.8000E+01
 -23.498  0.0000E+00  0.8000E+01
 -23.488  0.0000E+00  0.8000E+01
 -23.478  0.0000E+00  0.8000E+01
 -23.468  0.0000E+00  0.8000E+01
 -23.458  0.0000E+00  0.8000E+01
 -23.448  0.0000E+00  0.8000E+01
 -23.438  0.0000E+00  0.8000E+01
 -23.428  0.0000E+00  0.8000E+01
 -23.418  0.0000E+00  0.8000E+01
 -23.408  0.0000E+00  0.8000E+01
 -23.398  0.0000E+00  0.8000E+01
 -23.388  0.0000E+00  0.8000E+01
 -23.378  0.0000E+00  0.8000E+01
 -23.368  0.0000E+00  0.8000E+01
 -23.358  0.0000E+00  0.8000E+01
 -23.348  0.0000E+00  0.8000E+01
 -23.338  0.0000E+00  0.8000E+01
 -23.328  0.0000E+00  0.8000E+01
 -23.318  0.0000E+00  0.8000E+01
 -23.308  0.0000E+00  0.8000E+01
 -23.298  0.0000E+00  0.8000E+01
 -23.288  0.0000E+00  0.8000E+01
 -23.278  0.0000E+00  0.8000E+01
 -23.268  0.0000E+00  0.8000E+01
 -23.258  0.0000E+00  0.8000E+01
 -23.248  0.0000E+00  0.8000E+01
 -23.238  0.0000E+00  0.8000E+01
 -23.228  0.0000E+00  0.8000E+01
 -23.218  0.0000E+00  0.8000E+01
 -23.208  0.0000E+00  0.8000E+01
 -23.198  0.0000E+00  0.8000E+01
 -23.188  0.0000E+00  0.8000E+01
 -23.178  0.0000E+00  0.8000E+01
 -23.168  0.0000E+00  0.8000E+01
 -23.158  0.0000E+00  0.8000E+01
 -23.148  0.0000E+00  0.8000E+01
 -23.138  0.0000E+00  0.8000E+01
 -23.128  0.0000E+00  0.8000E+01
 -23.118  0.0000E+00  0.8000E+01
 -23.108  0.0000E+00  0.8000E+01
 -23.098  0.0000E+00  0.8000E+01
 -23.088  0.0000E+00  0.8000E+01
 -23.078  0.0000E+00  0.8000E+01
 -23.068  0.0000E+00  0.8000E+01
 -23.058  0.0000E+00  0.8000E+01
 -23.048  0.0000E+00  0.8000E+01
 -23.038  0.0000E+00  0.8000E+01
 -23.028  0.0000E+00  0.8000E+01
 -23.018  0.0000E+00  0.8000E+01
 -23.008  0.0000E+00  0.8000E+01
 -22.998  0.0000E+00  0.8000E+01
 -22.988  0.0000E+00  0.8000E+01
 -22.978  0.0000E+00  0.8000E+01
 -22.968  0.0000E+00  0.8000E+01
 -22.958  0.0000E+00  0.8000E+01
 -22.948  0.0000E+00  0.8000E+01
 -22.938  0.0000E+00  0.8000E+01
 -22.928  0.0000E+00  0.8000E+01
 -22.918  0.0000E+00  0.8000E+01
 -22.908  0.0000E+00  0.8000E+01
 -22.898  0.0000E+00  0.8000E+01
 -22.888  0.0000E+00  0.8000E+01
 -22.878  0.0000E+00  0.8000E+01
 -22.868  0.0000E+00  0.8000E+01
 -22.858  0.0000E+00  0.8000E+01
 -22.848  0.0000E+00  0.8000E+01
 -22.838  0.0000E+00  0.8000E+01
 -22.828  0.0000E+00  0.8000E+01
 -22.818  0.0000E+00  0.8000E+01
 -22.808  0.0000E+00  0.8000E+01
 -22.798  0.0000E+00  0.8000E+01
 -22.788  0.0000E+00  0.8000E+01
 -22.778  0.0000E+00  0.8000E+01
 -22.768  0.0000E+00  0.8000E+01
 -22.758  0.0000E+00  0.8000E+01
 -22.748  0.0000E+00  0.8000E+01
 -22.738  0.0000E+00  0.8000E+01
 -22.728  0.0000E+00  0.8000E+01
 -22.718  0.0000E+00  0.8000E+01
 -22.708  0.0000E+00  0.8000E+01
 -22.698  0.0000E+00  0.8000E+01
 -22.688  0.0000E+00  0.8000E+01
 -22.678  0.0000E+00  0.8000E+01
 -22.668  0.0000E+00  0.8000E+01
 -22.658  0.0000E+00  0.8000E+01
 -22.648  0.0000E+00  0.8000E+01
 -22.638  0.0000E+00  0.8000E+01
 -22.628  0.0000E+00  0.8000E+01
 -22.618  0.0000E+00  0.8000E+01
 -22.608  0.0000E+00  0.8000E+01
 -22.598  0.0000E+00  0.8000E+01
 -22.588  0.0000E+00  0.8000E+01
 -22.578  0.0000E+00  0.8000E+01
 -22.568  0.0000E+00  0.8000E+01
 -22.558  0.0000E+00  0.8000E+01
 -22.548  0.0000E+00  0.8000E+01
 -22.538  0.0000E+00  0.8000E+01
 -22.528  0.0000E+00  0.8000E+01
 -22.518  0.0000E+00  0.8000E+01
 -22.508  0.0000E+00  0.8000E+01
 -22.498  0.0000E+00  0.8000E+01
 -22.488  0.0000E+00  0.8000E+01
 -22.478  0.0000E+00  0.8000E+01
 -22.468  0.0000E+00  0.8000E+01
 -22.458  0.0000E+00  0.8000E+01
 -22.448  0.0000E+00  0.8000E+01
 -22.438  0.0000E+00  0.8000E+01
 -22.428  0.0000E+00  0.8000E+01
 -22.418  0.0000E+00  0.8000E+01
 -22.408  0.0000E+00  0.8000E+01
 -22.398  0.0000E+00  0.8000E+01
 -22.388  0.0000E+00  0.8000E+01
 -22.378  0.0000E+00  0.8000E+01
 -22.368  0.0000E+00  0.8000E+01
 -22.358  0.0000E+00  0.8000E+01
 -22.348  0.0000E+00  0.8000E+01
 -22.338  0.0000E+00  0.8000E+01
 -22.328  0.0000E+00  0.8000E+01
 -22.318  0.0000E+00  0.8000E+01
 -22.308  0.0000E+00  0.8000E+01
 -22.298  0.0000E+00  0.8000E+01
 -22.288  0.0000E+00  0.8000E+01
 -22.278  0.0000E+00  0.8000E+01
 -22.268  0.0000E+00  0.8000E+01
 -22.258  0.0000E+00  0.8000E+01
 -22.248  0.0000E+00  0.8000E+01
 -22.238  0.0000E+00  0.8000E+01
 -22.228  0.0000E+00  0.8000E+01
 -22.218  0.0000E+00  0.8000E+01
 -22.208  0.0000E+00  0.8000E+01
 -22.198  0.0000E+00  0.8000E+01
 -22.188  0.0000E+00  0.8000E+01
 -22.178  0.0000E+00  0.8000E+01
 -22.168  0.0000E+00  0.8000E+01
 -22.158  0.0000E+00  0.8000E+01
 -22.148  0.0000E+00  0.8000E+01
 -22.138  0.0000E+00  0.8000E+01
 -22.128  0.0000E+00  0.8000E+01
 -22.118  0.0000E+00  0.8000E+01
 -22.108  0.0000E+00  0.8000E+01
 -22.098  0.0000E+00  0.8000E+01
 -22.088  0.0000E+00  0.8000E+01
 -22.078  0.0000E+00  0.8000E+01
 -22.068  0.0000E+00  0.8000E+01
 -22.058  0.0000E+00  0.8000E+01
 -22.048  0.0000E+00  0.8000E+01
 -22.038  0.0000E+00  0.8000E+01
 -22.028  0.0000E+00  0.8000E+01
 -22.018  0.0000E+00  0.8000E+01
 -22.008  0.0000E+00  0.8000E+01
 -21.998  0.0000E+00  0.8000E+01
 -21.988  0.0000E+00  0.8000E+01
 -21.978  0.0000E+00  0.8000E+01
 -21.968  0.0000E+00  0.8000E+01
 -21.958  0.0000E+00  0.8000E+01
 -21.948  0.0000E+00  0.8000E+01
 -21.938  0.0000E+00  0.8000E+01
 -21.928  0.0000E+00  0.8000E+01
 -21.918  0.0000E+00  0.8000E+01
 -21.908  0.0000E+00  0.8000E+01
 -21.898  0.0000E+00  0.8000E+01
 -21.888  0.0000E+00  0.8000E+01
 -21.878  0.0000E+00  0.8000E+01
 -21.868  0.0000E+00  0.8000E+01
 -21.858  0.0000E+00  0.8000E+01
 -21.848  0.0000E+00  0.8000E+01
 -21.838  0.0000E+00  0.8000E+01
 -21.828  0.0000E+00  0.8000E+01
 -21.818  0.0000E+00  0.8000E+01
 -21.808  0.0000E+00  0.8000E+01
 -21.798  0.0000E+00  0.8000E+01
 -21.788  0.0000E+00  0.8000E+01
 -21.778  0.0000E+00  0.8000E+01
 -21.768  0.0000E+00  0.8000E+01
 -21.758  0.0000E+00  0.8000E+01
 -21.748  0.0000E+00  0.8000E+01
 -21.738  0.0000E+00  0.8000E+01
 -21.728  0.0000E+00  0.8000E+01
 -21.718  0.0000E+00  0.8000E+01
 -21.708  0.0000E+00  0.8000E+01
 -21.698  0.0000E+00  0.8000E+01
 -21.688  0.0000E+00  0.8000E+01
 -21.678  0.0000E+00  0.8000E+01
 -21.668  0.0000E+00  0.8000E+01
 -21.658  0.0000E+00  0.8000E+01
 -21.648  0.0000E+00  0.8000E+01
 -21.638  0.0000E+00  0.8000E+01
 -21.628  0.0000E+00  0.8000E+01
 -21.618  0.0000E+00  0.8000E+01
 -21.608  0.0000E+00  0.8000E+01
 -21.598  0.0000E+00  0.8000E+01
 -21.588  0.0000E+00  0.8000E+01
 -21.578  0.0000E+00  0.8000E+01
 -21.568  0.0000E+00  0.8000E+01
 -21.558  0.0000E+00  0.8000E+01
 -21.548  0.0000E+00  0.8000E+01
 -21.538  0.0000E+00  0.8000E+01
 -21.528  0.0000E+00  0.8000E+01
 -21.518  0.0000E+00  0.8000E+01
 -21.508  0.0000E+00  0.8000E+01
 -21.498  0.0000E+00  0.8000E+01
 -21.488  0.0000E+00  0.8000E+01
 -21.478  0.0000E+00  0.8000E+01
 -21.468  0.0000E+00  0.8000E+01
 -21.458  0.0000E+00  0.8000E+01
 -21.448  0.0000E+00  0.8000E+01
 -21.438  0.0000E+00  0.8000E+01
 -21.428  0.0000E+00  0.8000E+01
 -21.418  0.0000E+00  0.8000E+01
 -21.408  0.0000E+00  0.8000E+01
 -21.398  0.0000E+00  0.8000E+01
 -21.388  0.0000E+00  0.8000E+01
 -21.378  0.0000E+00  0.8000E+01
 -21.368  0.0000E+00  0.8000E+01
 -21.358  0.0000E+00  0.8000E+01
 -21.348  0.0000E+00  0.8000E+01
 -21.338  0.0000E+00  0.8000E+01
 -21.328  0.0000E+00  0.8000E+01
 -21.318  0.0000E+00  0.8000E+01
 -21.308  0.0000E+00  0.8000E+01
 -21.298  0.0000E+00  0.8000E+01
 -21.288  0.0000E+00  0.8000E+01
 -21.278  0.0000E+00  0.8000E+01
 -21.268  0.0000E+00  0.8000E+01
 -21.258  0.0000E+00  0.8000E+01
 -21.248  0.0000E+00  0.8000E+01
 -21.238  0.0000E+00  0.8000E+01
 -21.228  0.0000E+00  0.8000E+01
 -21.218  0.0000E+00  0.8000E+01
 -21.208  0.0000E+00  0.8000E+01
 -21.198  0.0000E+00  0.8000E+01
 -21.188  0.0000E+00  0.8000E+01
 -21.178  0.0000E+00  0.8000E+01
 -21.168  0.0000E+00  0.8000E+01
 -21.158  0.0000E+00  0.8000E+01
 -21.148  0.0000E+00  0.8000E+01
 -21.138  0.0000E+00  0.8000E+01
 -21.128  0.0000E+00  0.8000E+01
 -21.118  0.0000E+00  0.8000E+01
 -21.108  0.0000E+00  0.8000E+01
 -21.098  0.0000E+00  0.8000E+01
 -21.088  0.0000E+00  0.8000E+01
 -21.078  0.0000E+00  0.8000E+01
 -21.068  0.0000E+00  0.8000E+01
 -21.058  0.0000E+00  0.8000E+01
 -21.048  0.0000E+00  0.8000E+01
 -21.038  0.0000E+00  0.8000E+01
 -21.028  0.0000E+00  0.8000E+01
 -21.018  0.0000E+00  0.8000E+01
 -21.008  0.0000E+00  0.8000E+01
 -20.998  0.0000E+00  0.8000E+01
 -20.988  0.0000E+00  0.8000E+01
 -20.978  0.0000E+00  0.8000E+01
 -20.968  0.0000E+00  0.8000E+01
 -20.958  0.0000E+00  0.8000E+01
 -20.948  0.0000E+00  0.8000E+01
 -20.938  0.0000E+00  0.8000E+01
 -20.928  0.0000E+00  0.8000E+01
 -20.918  0.0000E+00  0.8000E+01
 -20.908  0.0000E+00  0.8000E+01
 -20.898  0.0000E+00  0.8000E+01
 -20.888  0.0000E+00  0.8000E+01
 -20.878  0.0000E+00  0.8000E+01
 -20.868  0.0000E+00  0.8000E+01
 -20.858  0.0000E+00  0.8000E+01
 -20.848  0.0000E+00  0.8000E+01
 -20.838  0.0000E+00  0.8000E+01
 -20.828  0.0000E+00  0.8000E+01
 -20.818  0.0000E+00  0.8000E+01
 -20.808  0.0000E+00  0.8000E+01
 -20.798  0.0000E+00  0.8000E+01
 -20.788  0.0000E+00  0.8000E+01
 -20.778  0.0000E+00  0.8000E+01
 -20.768  0.0000E+00  0.8000E+01
 -20.758  0.0000E+00  0.8000E+01
 -20.748  0.0000E+00  0.8000E+01
 -20.738  0.0000E+00  0.8000E+01
 -20.728  0.0000E+00  0.8000E+01
 -20.718  0.0000E+00  0.8000E+01
 -20.708  0.0000E+00  0.8000E+01
 -20.698  0.0000E+00  0.8000E+01
 -20.688  0.0000E+00  0.8000E+01
 -20.678  0.0000E+00  0.8000E+01
 -20.668  0.0000E+00  0.8000E+01
 -20.658  0.0000E+00  0.8000E+01
 -20.648  0.0000E+00  0.8000E+01
 -20.638  0.0000E+00  0.8000E+01
 -20.628  0.0000E+00  0.8000E+01
 -20.618  0.0000E+00  0.8000E+01
 -20.608  0.0000E+00  0.8000E+01
 -20.598  0.0000E+00  0.8000E+01
 -20.588  0.0000E+00  0.8000E+01
 -20.578  0.0000E+00  0.8000E+01
 -20.568  0.0000E+00  0.8000E+01
 -20.558  0.0000E+00  0.8000E+01
 -20.548  0.0000E+00  0.8000E+01
 -20.538  0.0000E+00  0.8000E+01
 -20.528  0.0000E+00  0.8000E+01
 -20.518  0.0000E+00  0.8000E+01
 -20.508  0.0000E+00  0.8000E+01
 -20.498  0.0000E+00  0.8000E+01
 -20.488  0.0000E+00  0.8000E+01
 -20.478  0.0000E+00  0.8000E+01
 -20.468  0.0000E+00  0.8000E+01
 -20.458  0.0000E+00  0.8000E+01
 -20.448  0.0000E+00  0.8000E+01
 -20.438  0.0000E+00  0.8000E+01
 -20.428  0.0000E+00  0.8000E+01
 -20.418  0.0000E+00  0.8000E+01
 -20.408  0.0000E+00  0.8000E+01
 -20.398  0.0000E+00  0.8000E+01
 -20.388  0.0000E+00  0.8000E+01
 -20.378  0.0000E+00  0.8000E+01
 -20.368  0.0000E+00  0.8000E+01
 -20.358  0.0000E+00  0.8000E+01
 -20.348  0.0000E+00  0.8000E+01
 -20.338  0.0000E+00  0.8000E+01
 -20.328  0.0000E+00  0.8000E+01
 -20.318  0.0000E+00  0.8000E+01
 -20.308  0.0000E+00  0.8000E+01
 -20.298  0.0000E+00  0.8000E+01
 -20.288  0.0000E+00  0.8000E+01
 -20.278  0.0000E+00  0.8000E+01
 -20.268  0.0000E+00  0.8000E+01
 -20.258  0.0000E+00  0.8000E+01
 -20.248  0.0000E+00  0.8000E+01
 -20.238  0.0000E+00  0.8000E+01
 -20.228  0.0000E+00  0.8000E+01
 -20.218  0.0000E+00  0.8000E+01
 -20.208  0.0000E+00  0.8000E+01
 -20.198  0.0000E+00  0.8000E+01
 -20.188  0.0000E+00  0.8000E+01
 -20.178  0.0000E+00  0.8000E+01
 -20.168  0.0000E+00  0.8000E+01
 -20.158  0.0000E+00  0.8000E+01
 -20.148  0.0000E+00  0.8000E+01
 -20.138  0.0000E+00  0.8000E+01
 -20.128  0.0000E+00  0.8000E+01
 -20.118  0.0000E+00  0.8000E+01
 -20.108  0.0000E+00  0.8000E+01
 -20.098  0.0000E+00  0.8000E+01
 -20.088  0.0000E+00  0.8000E+01
 -20.078  0.0000E+00  0.8000E+01
 -20.068  0.0000E+00  0.8000E+01
 -20.058  0.0000E+00  0.8000E+01
 -20.048  0.0000E+00  0.8000E+01
 -20.038  0.0000E+00  0.8000E+01
 -20.028  0.0000E+00  0.8000E+01
 -20.018  0.0000E+00  0.8000E+01
 -20.008  0.0000E+00  0.8000E+01
 -19.998  0.0000E+00  0.8000E+01
 -19.988  0.0000E+00  0.8000E+01
 -19.978  0.0000E+00  0.8000E+01
 -19.968  0.0000E+00  0.8000E+01
 -19.958  0.0000E+00  0.8000E+01
 -19.948  0.0000E+00  0.8000E+01
 -19.938  0.0000E+00  0.8000E+01
 -19.928  0.0000E+00  0.8000E+01
 -19.918  0.0000E+00  0.8000E+01
 -19.908  0.0000E+00  0.8000E+01
 -19.898  0.0000E+00  0.8000E+01
 -19.888  0.0000E+00  0.8000E+01
 -19.878  0.0000E+00  0.8000E+01
 -19.868  0.0000E+00  0.8000E+01
 -19.858  0.0000E+00  0.8000E+01
 -19.848  0.0000E+00  0.8000E+01
 -19.838  0.0000E+00  0.8000E+01
 -19.828  0.0000E+00  0.8000E+01
 -19.818  0.0000E+00  0.8000E+01
 -19.808  0.0000E+00  0.8000E+01
 -19.798  0.0000E+00  0.8000E+01
 -19.788  0.0000E+00  0.8000E+01
 -19.778  0.0000E+00  0.8000E+01
 -19.768  0.0000E+00  0.8000E+01
 -19.758  0.0000E+00  0.8000E+01
 -19.748  0.0000E+00  0.8000E+01
 -19.738  0.0000E+00  0.8000E+01
 -19.728  0.0000E+00  0.8000E+01
 -19.718  0.0000E+00  0.8000E+01
 -19.708  0.0000E+00  0.8000E+01
 -19.698  0.0000E+00  0.8000E+01
 -19.688  0.0000E+00  0.8000E+01
 -19.678  0.0000E+00  0.8000E+01
 -19.668  0.0000E+00  0.8000E+01
 -19.658  0.0000E+00  0.8000E+01
 -19.648  0.0000E+00  0.8000E+01
 -19.638  0.0000E+00  0.8000E+01
 -19.628  0.0000E+00  0.8000E+01
 -19.618  0.0000E+00  0.8000E+01
 -19.608  0.0000E+00  0.8000E+01
 -19.598  0.0000E+00  0.8000E+01
 -19.588  0.0000E+00  0.8000E+01
 -19.578  0.0000E+00  0.8000E+01
 -19.568  0.0000E+00  0.8000E+01
 -19.558  0.0000E+00  0.8000E+01
 -19.548  0.0000E+00  0.8000E+01
 -19.538  0.0000E+00  0.8000E+01
 -19.528  0.0000E+00  0.8000E+01
 -19.518  0.0000E+00  0.8000E+01
 -19.508  0.0000E+00  0.8000E+01
 -19.498  0.0000E+00  0.8000E+01
 -19.488  0.0000E+00  0.8000E+01
 -19.478  0.0000E+00  0.8000E+01
 -19.468  0.0000E+00  0.8000E+01
 -19.458  0.0000E+00  0.8000E+01
 -19.448  0.0000E+00  0.8000E+01
 -19.438  0.0000E+00  0.8000E+01
 -19.428  0.0000E+00  0.8000E+01
 -19.418  0.0000E+00  0.8000E+01
 -19.408  0.0000E+00  0.8000E+01
 -19.398  0.0000E+00  0.8000E+01
 -19.388  0.0000E+00  0.8000E+01
 -19.378  0.0000E+00  0.8000E+01
 -19.368  0.0000E+00  0.8000E+01
 -19.358  0.0000E+00  0.8000E+01
 -19.348  0.0000E+00  0.8000E+01
 -19.338  0.0000E+00  0.8000E+01
 -19.328  0.0000E+00  0.8000E+01
 -19.318  0.0000E+00  0.8000E+01
 -19.308  0.0000E+00  0.8000E+01
 -19.298  0.0000E+00  0.8000E+01
 -19.288  0.0000E+00  0.8000E+01
 -19.278  0.0000E+00  0.8000E+01
 -19.268  0.0000E+00  0.8000E+01
 -19.258  0.0000E+00  0.8000E+01
 -19.248  0.0000E+00  0.8000E+01
 -19.238  0.0000E+00  0.8000E+01
 -19.228  0.0000E+00  0.8000E+01
 -19.218  0.0000E+00  0.8000E+01
 -19.208  0.0000E+00  0.8000E+01
 -19.198  0.0000E+00  0.8000E+01
 -19.188  0.0000E+00  0.8000E+01
 -19.178  0.0000E+00  0.8000E+01
 -19.168  0.0000E+00  0.8000E+01
 -19.158  0.0000E+00  0.8000E+01
 -19.148  0.0000E+00  0.8000E+01
 -19.138  0.0000E+00  0.8000E+01
 -19.128  0.0000E+00  0.8000E+01
 -19.118  0.0000E+00  0.8000E+01
 -19.108  0.0000E+00  0.8000E+01
 -19.098  0.0000E+00  0.8000E+01
 -19.088  0.0000E+00  0.8000E+01
 -19.078  0.0000E+00  0.8000E+01
 -19.068  0.0000E+00  0.8000E+01
 -19.058  0.0000E+00  0.8000E+01
 -19.048  0.0000E+00  0.8000E+01
 -19.038  0.0000E+00  0.8000E+01
 -19.028  0.0000E+00  0.8000E+01
 -19.018  0.0000E+00  0.8000E+01
 -19.008  0.0000E+00  0.8000E+01
 -18.998  0.0000E+00  0.8000E+01
 -18.988  0.0000E+00  0.8000E+01
 -18.978  0.0000E+00  0.8000E+01
 -18.968  0.0000E+00  0.8000E+01
 -18.958  0.0000E+00  0.8000E+01
 -18.948  0.0000E+00  0.8000E+01
 -18.938  0.0000E+00  0.8000E+01
 -18.928  0.0000E+00  0.8000E+01
 -18.918  0.0000E+00  0.8000E+01
 -18.908  0.0000E+00  0.8000E+01
 -18.898  0.0000E+00  0.8000E+01
 -18.888  0.0000E+00  0.8000E+01
 -18.878  0.0000E+00  0.8000E+01
 -18.868  0.0000E+00  0.8000E+01
 -18.858  0.0000E+00  0.8000E+01
 -18.848  0.0000E+00  0.8000E+01
 -18.838  0.0000E+00  0.8000E+01
 -18.828  0.0000E+00  0.8000E+01
 -18.818  0.0000E+00  0.8000E+01
 -18.808  0.0000E+00  0.8000E+01
 -18.798  0.0000E+00  0.8000E+01
 -18.788  0.0000E+00  0.8000E+01
 -18.778  0.0000E+00  0.8000E+01
 -18.768  0.0000E+00  0.8000E+01
 -18.758  0.0000E+00  0.8000E+01
 -18.748  0.0000E+00  0.8000E+01
 -18.738  0.0000E+00  0.8000E+01
 -18.728  0.0000E+00  0.8000E+01
 -18.718  0.0000E+00  0.8000E+01
 -18.708  0.0000E+00  0.8000E+01
 -18.698  0.0000E+00  0.8000E+01
 -18.688  0.0000E+00  0.8000E+01
 -18.678  0.0000E+00  0.8000E+01
 -18.668  0.0000E+00  0.8000E+01
 -18.658  0.0000E+00  0.8000E+01
 -18.648  0.0000E+00  0.8000E+01
 -18.638  0.0000E+00  0.8000E+01
 -18.628  0.0000E+00  0.8000E+01
 -18.618  0.0000E+00  0.8000E+01
 -18.608  0.0000E+00  0.8000E+01
 -18.598  0.0000E+00  0.8000E+01
 -18.588  0.0000E+00  0.8000E+01
 -18.578  0.0000E+00  0.8000E+01
 -18.568  0.0000E+00  0.8000E+01
 -18.558  0.0000E+00  0.8000E+01
 -18.548  0.0000E+00  0.8000E+01
 -18.538  0.0000E+00  0.8000E+01
 -18.528  0.0000E+00  0.8000E+01
 -18.518  0.0000E+00  0.8000E+01
 -18.508  0.0000E+00  0.8000E+01
 -18.498  0.0000E+00  0.8000E+01
 -18.488  0.0000E+00  0.8000E+01
 -18.478  0.0000E+00  0.8000E+01
 -18.468  0.0000E+00  0.8000E+01
 -18.458  0.0000E+00  0.8000E+01
 -18.448  0.0000E+00  0.8000E+01
 -18.438  0.0000E+00  0.8000E+01
 -18.428  0.0000E+00  0.8000E+01
 -18.418  0.0000E+00  0.8000E+01
 -18.408  0.0000E+00  0.8000E+01
 -18.398  0.0000E+00  0.8000E+01
 -18.388  0.0000E+00  0.8000E+01
 -18.378  0.0000E+00  0.8000E+01
 -18.368  0.0000E+00  0.8000E+01
 -18.358  0.0000E+00  0.8000E+01
 -18.348  0.0000E+00  0.8000E+01
 -18.338  0.0000E+00  0.8000E+01
 -18.328  0.0000E+00  0.8000E+01
 -18.318  0.0000E+00  0.8000E+01
 -18.308  0.0000E+00  0.8000E+01
 -18.298  0.0000E+00  0.8000E+01
 -18.288  0.0000E+00  0.8000E+01
 -18.278  0.0000E+00  0.8000E+01
 -18.268  0.0000E+00  0.8000E+01
 -18.258  0.0000E+00  0.8000E+01
 -18.248  0.0000E+00  0.8000E+01
 -18.238  0.0000E+00  0.8000E+01
 -18.228  0.0000E+00  0.8000E+01
 -18.218  0.0000E+00  0.8000E+01
 -18.208  0.0000E+00  0.8000E+01
 -18.198  0.0000E+00  0.8000E+01
 -18.188  0.0000E+00  0.8000E+01
 -18.178  0.0000E+00  0.8000E+01
 -18.168  0.0000E+00  0.8000E+01
 -18.158  0.0000E+00  0.8000E+01
 -18.148  0.0000E+00  0.8000E+01
 -18.138  0.0000E+00  0.8000E+01
 -18.128  0.0000E+00  0.8000E+01
 -18.118  0.0000E+00  0.8000E+01
 -18.108  0.0000E+00  0.8000E+01
 -18.098  0.0000E+00  0.8000E+01
 -18.088  0.0000E+00  0.8000E+01
 -18.078  0.0000E+00  0.8000E+01
 -18.068  0.0000E+00  0.8000E+01
 -18.058  0.0000E+00  0.8000E+01
 -18.048  0.0000E+00  0.8000E+01
 -18.038  0.0000E+00  0.8000E+01
 -18.028  0.0000E+00  0.8000E+01
 -18.018  0.0000E+00  0.8000E+01
 -18.008  0.0000E+00  0.8000E+01
 -17.998  0.0000E+00  0.8000E+01
 -17.988  0.0000E+00  0.8000E+01
 -17.978  0.0000E+00  0.8000E+01
 -17.968  0.0000E+00  0.8000E+01
 -17.958  0.0000E+00  0.8000E+01
 -17.948  0.0000E+00  0.8000E+01
 -17.938  0.0000E+00  0.8000E+01
 -17.928  0.0000E+00  0.8000E+01
 -17.918  0.0000E+00  0.8000E+01
 -17.908  0.0000E+00  0.8000E+01
 -17.898  0.0000E+00  0.8000E+01
 -17.888  0.0000E+00  0.8000E+01
 -17.878  0.0000E+00  0.8000E+01
 -17.868  0.0000E+00  0.8000E+01
 -17.858  0.0000E+00  0.8000E+01
 -17.848  0.0000E+00  0.8000E+01
 -17.838  0.0000E+00  0.8000E+01
 -17.828  0.0000E+00  0.8000E+01
 -17.818  0.0000E+00  0.8000E+01
 -17.808  0.0000E+00  0.8000E+01
 -17.798  0.0000E+00  0.8000E+01
 -17.788  0.0000E+00  0.8000E+01
 -17.778  0.0000E+00  0.8000E+01
 -17.768  0.0000E+00  0.8000E+01
 -17.758  0.0000E+00  0.8000E+01
 -17.748  0.0000E+00  0.8000E+01
 -17.738  0.0000E+00  0.8000E+01
 -17.728  0.0000E+00  0.8000E+01
 -17.718  0.0000E+00  0.8000E+01
 -17.708  0.0000E+00  0.8000E+01
 -17.698  0.0000E+00  0.8000E+01
 -17.688  0.0000E+00  0.8000E+01
 -17.678  0.0000E+00  0.8000E+01
 -17.668  0.0000E+00  0.8000E+01
 -17.658  0.0000E+00  0.8000E+01
 -17.648  0.0000E+00  0.8000E+01
 -17.638  0.0000E+00  0.8000E+01
 -17.628  0.0000E+00  0.8000E+01
 -17.618  0.0000E+00  0.8000E+01
 -17.608  0.0000E+00  0.8000E+01
 -17.598  0.0000E+00  0.8000E+01
 -17.588  0.0000E+00  0.8000E+01
 -17.578  0.0000E+00  0.8000E+01
 -17.568  0.0000E+00  0.8000E+01
 -17.558  0.0000E+00  0.8000E+01
 -17.548  0.0000E+00  0.8000E+01
 -17.538  0.0000E+00  0.8000E+01
 -17.528  0.0000E+00  0.8000E+01
 -17.518  0.0000E+00  0.8000E+01
 -17.508  0.0000E+00  0.8000E+01
 -17.498  0.1030E+01  0.8008E+01
 -17.488  0.9762E+00  0.8018E+01
 -17.478  0.9370E+00  0.8027E+01
 -17.468  0.1008E+01  0.8037E+01
 -17.458  0.9685E+00  0.8047E+01
 -17.448  0.1008E+01  0.8057E+01
 -17.438  0.9823E+00  0.8067E+01
 -17.428  0.1005E+01  0.8077E+01
 -17.418  0.1013E+01  0.8087E+01
 -17.408  0.1012E+01  0.8097E+01
 -17.398  0.1033E+01  0.8107E+01
 -17.388  0.1040E+01  0.8117E+01
 -17.378  0.1043E+01  0.8128E+01
 -17.368  0.1057E+01  0.8138E+01
 -17.358  0.1076E+01  0.8149E+01
 -17.348  0.1073E+01  0.8160E+01
 -17.338  0.1085E+01  0.8171E+01
 -17.328  0.1099E+01  0.8181E+01
 -17.318  0.1110E+01  0.8193E+01
 -17.308  0.1116E+01  0.8204E+01
 -17.298  0.1128E+01  0.8215E+01
 -17.288  0.1143E+01  0.8226E+01
 -17.278  0.1155E+01  0.8238E+01
 -17.268  0.1163E+01  0.8249E+01
 -17.258  0.1176E+01  0.8261E+01
 -17.248  0.1190E+01  0.8273E+01
 -17.238  0.1205E+01  0.8285E+01
 -17.228  0.1215E+01  0.8297E+01
 -17.218  0.1228E+01  0.8309E+01
 -17.208  0.1243E+01  0.8321E+01
 -17.198  0.1258E+01  0.8334E+01
 -17.188  0.1272E+01  0.8347E+01
 -17.178  0.1287E+01  0.8359E+01
 -17.168  0.1303E+01  0.8372E+01
 -17.158  0.1319E+01  0.8385E+01
 -17.148  0.1335E+01  0.8399E+01
 -17.138  0.1353E+01  0.8412E+01
 -17.128  0.1371E+01  0.8426E+01
 -17.118  0.1388E+01  0.8440E+01
 -17.108  0.1406E+01  0.8454E+01
 -17.098  0.1427E+01  0.8468E+01
 -17.088  0.1449E+01  0.8482E+01
 -17.078  0.1469E+01  0.8497E+01
 -17.068  0.1489E+01  0.8511E+01
 -17.058  0.1509E+01  0.8526E+01
 -17.048  0.1537E+01  0.8542E+01
 -17.038  0.1563E+01  0.8557E+01
 -17.028  0.1587E+01  0.8573E+01
 -17.018  0.1611E+01  0.8589E+01
 -17.008  0.1634E+01  0.8605E+01
 -16.998  0.1672E+01  0.8622E+01
 -16.988  0.1703E+01  0.8639E+01
 -16.978  0.1732E+01  0.8656E+01
 -16.968  0.1760E+01  0.8673E+01
 -16.958  0.1797E+01  0.8691E+01
 -16.948  0.1841E+01  0.8709E+01
 -16.938  0.1879E+01  0.8728E+01
 -16.928  0.1914E+01  0.8747E+01
 -16.918  0.6161E+01  0.8781E+01
 -16.908  0.6579E+01  0.8845E+01
 -16.898  0.6648E+01  0.8910E+01
 -16.888  0.6914E+01  0.8978E+01
 -16.878  0.7081E+01  0.9047E+01
 -16.868  0.7354E+01  0.9120E+01
 -16.858  0.7660E+01  0.9195E+01
 -16.848  0.7985E+01  0.9273E+01
 -16.838  0.8342E+01  0.9355E+01
 -16.828  0.8759E+01  0.9440E+01
 -16.818  0.9254E+01  0.9530E+01
 -16.808  0.9786E+01  0.9625E+01
 -16.798  0.1043E+02  0.9726E+01
 -16.788  0.1125E+02  0.9835E+01
 -16.778  0.1229E+02  0.9953E+01
 -16.768  0.1375E+02  0.1008E+02
 -16.758  0.1607E+02  0.1023E+02
 -16.748  0.1736E+02  0.1040E+02
 -16.738  0.2849E+02  0.1061E+02
 -16.728  0.2301E+02  0.1091E+02
 -16.718  0.1976E+02  0.1111E+02
 -16.708  0.1798E+02  0.1130E+02
 -16.698  0.6263E+01  0.1143E+02
 -16.688  0.1060E+02  0.1151E+02
 -16.678  0.6378E+01  0.1158E+02
 -16.668  0.5471E+01  0.1164E+02
 -16.658  0.4878E+01  0.1169E+02
 -16.648  0.4453E+01  0.1174E+02
 -16.638  0.4314E+01  0.1179E+02
 -16.628  0.3969E+01  0.1183E+02
 -16.618  0.3893E+01  0.1187E+02
 -16.608  0.3668E+01  0.1190E+02
 -16.598  0.3496E+01  0.1194E+02
 -16.588  0.3261E+01  0.1198E+02
 -16.578  0.0000E+00  0.1200E+02
 -16.568  0.0000E+00  0.1200E+02
 -16.558  0.0000E+00  0.1200E+02
 -16.548  0.0000E+00  0.1200E+02
 -16.538  0.0000E+00  0.1200E+02
 -16.528  0.0000E+00  0.1200E+02
 -16.518  0.0000E+00  0.1200E+02
 -16.508  0.0000E+00  0.1200E+02
 -16.498  0.0000E+00  0.1200E+02
 -16.488  0.0000E+00  0.1200E+02
 -16.478  0.0000E+00  0.1200E+02
 -16.468  0.0000E+00  0.1200E+02
 -16.458  0.0000E+00  0.1200E+02
 -16.448  0.0000E+00  0.1200E+02
 -16.438  0.0000E+00  0.1200E+02
 -16.428  0.0000E+00  0.1200E+02
 -16.418  0.0000E+00  0.1200E+02
 -16.408  0.0000E+00  0.1200E+02
 -16.398  0.0000E+00  0.1200E+02
 -16.388  0.0000E+00  0.1200E+02
 -16.378  0.0000E+00  0.1200E+02
 -16.368  0.0000E+00  0.1200E+02
 -16.358  0.0000E+00  0.1200E+02
 -16.348  0.0000E+00  0.1200E+02
 -16.338  0.0000E+00  0.1200E+02
 -16.328  0.0000E+00  0.1200E+02
 -16.318  0.0000E+00  0.1200E+02
 -16.308  0.0000E+00  0.1200E+02
 -16.298  0.0000E+00  0.1200E+02
 -16.288  0.0000E+00  0.1200E+02
 -16.278  0.0000E+00  0.1200E+02
 -16.268  0.0000E+00  0.1200E+02
 -16.258  0.0000E+00  0.1200E+02
 -16.248  0.0000E+00  0.1200E+02
 -16.238  0.0000E+00  0.1200E+02
 -16.228  0.0000E+00  0.1200E+02
 -16.218  0.0000E+00  0.1200E+02
 -16.208  0.0000E+00  0.1200E+02
 -16.198  0.0000E+00  0.1200E+02
 -16.188  0.0000E+00  0.1200E+02
 -16.178  0.0000E+00  0.1200E+02
 -16.168  0.0000E+00  0.1200E+02
 -16.158  0.0000E+00  0.1200E+02
 -16.148  0.0000E+00  0.1200E+02
 -16.138  0.0000E+00  0.1200E+02
 -16.128  0.0000E+00  0.1200E+02
 -16.118  0.0000E+00  0.1200E+02
 -16.108  0.0000E+00  0.1200E+02
 -16.098  0.0000E+00  0.1200E+02
 -16.088  0.0000E+00  0.1200E+02
 -16.078  0.0000E+00  0.1200E+02
 -16.068  0.0000E+00  0.1200E+02
 -16.058  0.0000E+00  0.1200E+02
 -16.048  0.0000E+00  0.1200E+02
 -16.038  0.0000E+00  0.1200E+02
 -16.028  0.0000E+00  0.1200E+02
 -16.018  0.0000E+00  0.1200E+02
 -16.008  0.0000E+00  0.1200E+02
 -15.998  0.0000E+00  0.1200E+02
 -15.988  0.0000E+00  0.1200E+02
 -15.978  0.0000E+00  0.1200E+02
 -15.968  0.0000E+00  0.1200E+02
 -15.958  0.0000E+00  0.1200E+02
 -15.948  0.0000E+00  0.1200E+02
 -15.938  0.0000E+00  0.1200E+02
 -15.928  0.0000E+00  0.1200E+02
 -15.918  0.0000E+00  0.1200E+02
 -15.908  0.0000E+00  0.1200E+02
 -15.898  0.0000E+00  0.1200E+02
 -15.888  0.0000E+00  0.1200E+02
 -15.878  0.0000E+00  0.1200E+02
 -15.868  0.0000E+00  0.1200E+02
 -15.858  0.0000E+00  0.1200E+02
 -15.848  0.0000E+00  0.1200E+02
 -15.838  0.0000E+00  0.1200E+02
 -15.828  0.0000E+00  0.1200E+02
 -15.818  0.0000E+00  0.1200E+02
 -15.808  0.0000E+00  0.1200E+02
 -15.798  0.0000E+00  0.1200E+02
 -15.788  0.0000E+00  0.1200E+02
 -15.778  0.0000E+00  0.1200E+02
 -15.768  0.0000E+00  0.1200E+02
 -15.758  0.0000E+00  0.1200E+02
 -15.748  0.0000E+00  0.1200E+02
 -15.738  0.0000E+00  0.1200E+02
 -15.728  0.0000E+00  0.1200E+02
 -15.718  0.0000E+00  0.1200E+02
 -15.708  0.0000E+00  0.1200E+02
 -15.698  0.0000E+00  0.1200E+02
 -15.688  0.0000E+00  0.1200E+02
 -15.678  0.0000E+00  0.1200E+02
 -15.668  0.0000E+00  0.1200E+02
 -15.658  0.0000E+00  0.1200E+02
 -15.648  0.0000E+00  0.1200E+02
 -15.638  0.0000E+00  0.1200E+02
 -15.628  0.0000E+00  0.1200E+02
 -15.618  0.0000E+00  0.1200E+02
 -15.608  0.0000E+00  0.1200E+02
 -15.598  0.0000E+00  0.1200E+02
 -15.588  0.0000E+00  0.1200E+02
 -15.578  0.0000E+00  0.1200E+02
 -15.568  0.0000E+00  0.1200E+02
 -15.558  0.0000E+00  0.1200E+02
 -15.548  0.0000E+00  0.1200E+02
 -15.538  0.0000E+00  0.1200E+02
 -15.528  0.0000E+00  0.1200E+02
 -15.518  0.0000E+00  0.1200E+02
 -15.508  0.0000E+00  0.1200E+02
 -15.498  0.0000E+00  0.1200E+02
 -15.488  0.0000E+00  0.1200E+02
 -15.478  0.0000E+00  0.1200E+02
 -15.468  0.0000E+00  0.1200E+02
 -15.458  0.0000E+00  0.1200E+02
 -15.448  0.0000E+00  0.1200E+02
 -15.438  0.0000E+00  0.1200E+02
 -15.428  0.0000E+00  0.1200E+02
 -15.418  0.0000E+00  0.1200E+02
 -15.408  0.0000E+00  0.1200E+02
 -15.398  0.0000E+00  0.1200E+02
 -15.388  0.0000E+00  0.1200E+02
 -15.378  0.0000E+00  0.1200E+02
 -15.368  0.0000E+00  0.1200E+02
 -15.358  0.0000E+00  0.1200E+02
 -15.348  0.0000E+00  0.1200E+02
 -15.338  0.0000E+00  0.1200E+02
 -15.328  0.0000E+00  0.1200E+02
 -15.318  0.0000E+00  0.1200E+02
 -15.308  0.0000E+00  0.1200E+02
 -15.298  0.0000E+00  0.1200E+02
 -15.288  0.0000E+00  0.1200E+02
 -15.278  0.0000E+00  0.1200E+02
 -15.268  0.0000E+00  0.1200E+02
 -15.258  0.0000E+00  0.1200E+02
 -15.248  0.0000E+00  0.1200E+02
 -15.238  0.0000E+00  0.1200E+02
 -15.228  0.0000E+00  0.1200E+02
 -15.218  0.0000E+00  0.1200E+02
 -15.208  0.0000E+00  0.1200E+02
 -15.198  0.0000E+00  0.1200E+02
 -15.188  0.0000E+00  0.1200E+02
 -15.178  0.0000E+00  0.1200E+02
 -15.168  0.0000E+00  0.1200E+02
 -15.158  0.0000E+00  0.1200E+02
 -15.148  0.0000E+00  0.1200E+02
 -15.138  0.0000E+00  0.1200E+02
 -15.128  0.0000E+00  0.1200E+02
 -15.118  0.0000E+00  0.1200E+02
 -15.108  0.0000E+00  0.1200E+02
 -15.098  0.0000E+00  0.1200E+02
 -15.088  0.0000E+00  0.1200E+02
 -15.078  0.0000E+00  0.1200E+02
 -15.068  0.0000E+00  0.1200E+02
 -15.058  0.0000E+00  0.1200E+02
 -15.048  0.0000E+00  0.1200E+02
 -15.038  0.0000E+00  0.1200E+02
 -15.028  0.0000E+00  0.1200E+02
 -15.018  0.0000E+00  0.1200E+02
 -15.008  0.0000E+00  0.1200E+02
 -14.998  0.0000E+00  0.1200E+02
 -14.988  0.0000E+00  0.1200E+02
 -14.978  0.0000E+00  0.1200E+02
 -14.968  0.0000E+00  0.1200E+02
 -14.958  0.0000E+00  0.1200E+02
 -14.948  0.0000E+00  0.1200E+02
 -14.938  0.0000E+00  0.1200E+02
 -14.928  0.0000E+00  0.1200E+02
 -14.918  0.0000E+00  0.1200E+02
 -14.908  0.0000E+00  0.1200E+02
 -14.898  0.0000E+00  0.1200E+02
 -14.888  0.0000E+00  0.1200E+02
 -14.878  0.0000E+00  0.1200E+02
 -14.868  0.0000E+00  0.1200E+02
 -14.858  0.0000E+00  0.1200E+02
 -14.848  0.0000E+00  0.1200E+02
 -14.838  0.0000E+00  0.1200E+02
 -14.828  0.0000E+00  0.1200E+02
 -14.818  0.0000E+00  0.1200E+02
 -14.808  0.0000E+00  0.1200E+02
 -14.798  0.0000E+00  0.1200E+02
 -14.788  0.0000E+00  0.1200E+02
 -14.778  0.0000E+00  0.1200E+02
 -14.768  0.0000E+00  0.1200E+02
 -14.758  0.0000E+00  0.1200E+02
 -14.748  0.0000E+00  0.1200E+02
 -14.738  0.0000E+00  0.1200E+02
 -14.728  0.0000E+00  0.1200E+02
 -14.718  0.0000E+00  0.1200E+02
 -14.708  0.0000E+00  0.1200E+02
 -14.698  0.0000E+00  0.1200E+02
 -14.688  0.0000E+00  0.1200E+02
 -14.678  0.0000E+00  0.1200E+02
 -14.668  0.0000E+00  0.1200E+02
 -14.658  0.0000E+00  0.1200E+02
 -14.648  0.0000E+00  0.1200E+02
 -14.638  0.0000E+00  0.1200E+02
 -14.628  0.0000E+00  0.1200E+02
 -14.618  0.0000E+00  0.1200E+02
 -14.608  0.0000E+00  0.1200E+02
 -14.598  0.0000E+00  0.1200E+02
 -14.588  0.0000E+00  0.1200E+02
 -14.578  0.0000E+00  0.1200E+02
 -14.568  0.0000E+00  0.1200E+02
 -14.558  0.0000E+00  0.1200E+02
 -14.548  0.0000E+00  0.1200E+02
 -14.538  0.0000E+00  0.1200E+02
 -14.528  0.0000E+00  0.1200E+02
 -14.518  0.0000E+00  0.1200E+02
 -14.508  0.0000E+00  0.1200E+02
 -14.498  0.0000E+00  0.1200E+02
 -14.488  0.0000E+00  0.1200E+02
 -14.478  0.0000E+00  0.1200E+02
 -14.468  0.0000E+00  0.1200E+02
 -14.458  0.0000E+00  0.1200E+02
 -14.448  0.0000E+00  0.1200E+02
 -14.438  0.0000E+00  0.1200E+02
 -14.428  0.0000E+00  0.1200E+02
 -14.418  0.0000E+00  0.1200E+02
 -14.408  0.0000E+00  0.1200E+02
 -14.398  0.0000E+00  0.1200E+02
 -14.388  0.0000E+00  0.1200E+02
 -14.378  0.0000E+00  0.1200E+02
 -14.368  0.0000E+00  0.1200E+02
 -14.358  0.0000E+00  0.1200E+02
 -14.348  0.0000E+00  0.1200E+02
 -14.338  0.0000E+00  0.1200E+02
 -14.328  0.0000E+00  0.1200E+02
 -14.318  0.0000E+00  0.1200E+02
 -14.308  0.0000E+00  0.1200E+02
 -14.298  0.0000E+00  0.1200E+02
 -14.288  0.0000E+00  0.1200E+02
 -14.278  0.0000E+00  0.1200E+02
 -14.268  0.0000E+00  0.1200E+02
 -14.258  0.0000E+00  0.1200E+02
 -14.248  0.0000E+00  0.1200E+02
 -14.238  0.0000E+00  0.1200E+02
 -14.228  0.0000E+00  0.1200E+02
 -14.218  0.0000E+00  0.1200E+02
 -14.208  0.0000E+00  0.1200E+02
 -14.198  0.0000E+00  0.1200E+02
 -14.188  0.0000E+00  0.1200E+02
 -14.178  0.0000E+00  0.1200E+02
 -14.168  0.0000E+00  0.1200E+02
 -14.158  0.0000E+00  0.1200E+02
 -14.148  0.0000E+00  0.1200E+02
 -14.138  0.0000E+00  0.1200E+02
 -14.128  0.0000E+00  0.1200E+02
 -14.118  0.0000E+00  0.1200E+02
 -14.108  0.0000E+00  0.1200E+02
 -14.098  0.0000E+00  0.1200E+02
 -14.088  0.0000E+00  0.1200E+02
 -14.078  0.0000E+00  0.1200E+02
 -14.068  0.0000E+00  0.1200E+02
 -14.058  0.0000E+00  0.1200E+02
 -14.048  0.0000E+00  0.1200E+02
 -14.038  0.0000E+00  0.1200E+02
 -14.028  0.0000E+00  0.1200E+02
 -14.018  0.0000E+00  0.1200E+02
 -14.008  0.0000E+00  0.1200E+02
 -13.998  0.0000E+00  0.1200E+02
 -13.988  0.0000E+00  0.1200E+02
 -13.978  0.0000E+00  0.1200E+02
 -13.968  0.0000E+00  0.1200E+02
 -13.958  0.0000E+00  0.1200E+02
 -13.948  0.0000E+00  0.1200E+02
 -13.938  0.0000E+00  0.1200E+02
 -13.928  0.0000E+00  0.1200E+02
 -13.918  0.0000E+00  0.1200E+02
 -13.908  0.0000E+00  0.1200E+02
 -13.898  0.0000E+00  0.1200E+02
 -13.888  0.0000E+00  0.1200E+02
 -13.878  0.0000E+00  0.1200E+02
 -13.868  0.0000E+00  0.1200E+02
 -13.858  0.0000E+00  0.1200E+02
 -13.848  0.0000E+00  0.1200E+02
 -13.838  0.0000E+00  0.1200E+02
 -13.828  0.0000E+00  0.1200E+02
 -13.818  0.0000E+00  0.1200E+02
 -13.808  0.0000E+00  0.1200E+02
 -13.798  0.0000E+00  0.1200E+02
 -13.788  0.0000E+00  0.1200E+02
 -13.778  0.0000E+00  0.1200E+02
 -13.768  0.0000E+00  0.1200E+02
 -13.758  0.0000E+00  0.1200E+02
 -13.748  0.0000E+00  0.1200E+02
 -13.738  0.0000E+00  0.1200E+02
 -13.728  0.0000E+00  0.1200E+02
 -13.718  0.0000E+00  0.1200E+02
 -13.708  0.0000E+00  0.1200E+02
 -13.698  0.0000E+00  0.1200E+02
 -13.688  0.0000E+00  0.1200E+02
 -13.678  0.0000E+00  0.1200E+02
 -13.668  0.0000E+00  0.1200E+02
 -13.658  0.0000E+00  0.1200E+02
 -13.648  0.0000E+00  0.1200E+02
 -13.638  0.0000E+00  0.1200E+02
 -13.628  0.0000E+00  0.1200E+02
 -13.618  0.0000E+00  0.1200E+02
 -13.608  0.0000E+00  0.1200E+02
 -13.598  0.0000E+00  0.1200E+02
 -13.588  0.0000E+00  0.1200E+02
 -13.578  0.0000E+00  0.1200E+02
 -13.568  0.0000E+00  0.1200E+02
 -13.558  0.0000E+00  0.1200E+02
 -13.548  0.0000E+00  0.1200E+02
 -13.538  0.0000E+00  0.1200E+02
 -13.528  0.0000E+00  0.1200E+02
 -13.518  0.0000E+00  0.1200E+02
 -13.508  0.0000E+00  0.1200E+02
 -13.498  0.0000E+00  0.1200E+02
 -13.488  0.0000E+00  0.1200E+02
 -13.478  0.0000E+00  0.1200E+02
 -13.468  0.0000E+00  0.1200E+02
 -13.458  0.0000E+00  0.1200E+02
 -13.448  0.0000E+00  0.1200E+02
 -13.438  0.0000E+00  0.1200E+02
 -13.428  0.0000E+00  0.1200E+02
 -13.418  0.0000E+00  0.1200E+02
 -13.408  0.0000E+00  0.1200E+02
 -13.398  0.0000E+00  0.1200E+02
 -13.388  0.0000E+00  0.1200E+02
 -13.378  0.0000E+00  0.1200E+02
 -13.368  0.0000E+00  0.1200E+02
 -13.358  0.0000E+00  0.1200E+02
 -13.348  0.0000E+00  0.1200E+02
 -13.338  0.0000E+00  0.1200E+02
 -13.328  0.0000E+00  0.1200E+02
 -13.318  0.0000E+00  0.1200E+02
 -13.308  0.0000E+00  0.1200E+02
 -13.298  0.0000E+00  0.1200E+02
 -13.288  0.0000E+00  0.1200E+02
 -13.278  0.0000E+00  0.1200E+02
 -13.268  0.0000E+00  0.1200E+02
 -13.258  0.0000E+00  0.1200E+02
 -13.248  0.0000E+00  0.1200E+02
 -13.238  0.0000E+00  0.1200E+02
 -13.228  0.0000E+00  0.1200E+02
 -13.218  0.0000E+00  0.1200E+02
 -13.208  0.0000E+00  0.1200E+02
 -13.198  0.0000E+00  0.1200E+02
 -13.188  0.0000E+00  0.1200E+02
 -13.178  0.0000E+00  0.1200E+02
 -13.168  0.0000E+00  0.1200E+02
 -13.158  0.0000E+00  0.1200E+02
 -13.148  0.0000E+00  0.1200E+02
 -13.138  0.0000E+00  0.1200E+02
 -13.128  0.0000E+00  0.1200E+02
 -13.118  0.0000E+00  0.1200E+02
 -13.108  0.0000E+00  0.1200E+02
 -13.098  0.0000E+00  0.1200E+02
 -13.088  0.0000E+00  0.1200E+02
 -13.078  0.0000E+00  0.1200E+02
 -13.068  0.0000E+00  0.1200E+02
 -13.058  0.0000E+00  0.1200E+02
 -13.048  0.0000E+00  0.1200E+02
 -13.038  0.0000E+00  0.1200E+02
 -13.028  0.0000E+00  0.1200E+02
 -13.018  0.0000E+00  0.1200E+02
 -13.008  0.0000E+00  0.1200E+02
 -12.998  0.0000E+00  0.1200E+02
 -12.988  0.0000E+00  0.1200E+02
 -12.978  0.0000E+00  0.1200E+02
 -12.968  0.0000E+00  0.1200E+02
 -12.958  0.0000E+00  0.1200E+02
 -12.948  0.0000E+00  0.1200E+02
 -12.938  0.0000E+00  0.1200E+02
 -12.928  0.0000E+00  0.1200E+02
 -12.918  0.0000E+00  0.1200E+02
 -12.908  0.0000E+00  0.1200E+02
 -12.898  0.0000E+00  0.1200E+02
 -12.888  0.0000E+00  0.1200E+02
 -12.878  0.0000E+00  0.1200E+02
 -12.868  0.0000E+00  0.1200E+02
 -12.858  0.0000E+00  0.1200E+02
 -12.848  0.0000E+00  0.1200E+02
 -12.838  0.0000E+00  0.1200E+02
 -12.828  0.0000E+00  0.1200E+02
 -12.818  0.0000E+00  0.1200E+02
 -12.808  0.0000E+00  0.1200E+02
 -12.798  0.0000E+00  0.1200E+02
 -12.788  0.0000E+00  0.1200E+02
 -12.778  0.0000E+00  0.1200E+02
 -12.768  0.0000E+00  0.1200E+02
 -12.758  0.0000E+00  0.1200E+02
 -12.748  0.0000E+00  0.1200E+02
 -12.738  0.0000E+00  0.1200E+02
 -12.728  0.0000E+00  0.1200E+02
 -12.718  0.0000E+00  0.1200E+02
 -12.708  0.0000E+00  0.1200E+02
 -12.698  0.0000E+00  0.1200E+02
 -12.688  0.0000E+00  0.1200E+02
 -12.678  0.0000E+00  0.1200E+02
 -12.668  0.0000E+00  0.1200E+02
 -12.658  0.0000E+00  0.1200E+02
 -12.648  0.0000E+00  0.1200E+02
 -12.638  0.0000E+00  0.1200E+02
 -12.628  0.0000E+00  0.1200E+02
 -12.618  0.0000E+00  0.1200E+02
 -12.608  0.0000E+00  0.1200E+02
 -12.598  0.0000E+00  0.1200E+02
 -12.588  0.0000E+00  0.1200E+02
 -12.578  0.0000E+00  0.1200E+02
 -12.568  0.0000E+00  0.1200E+02
 -12.558  0.0000E+00  0.1200E+02
 -12.548  0.0000E+00  0.1200E+02
 -12.538  0.0000E+00  0.1200E+02
 -12.528  0.0000E+00  0.1200E+02
 -12.518  0.0000E+00  0.1200E+02
 -12.508  0.0000E+00  0.1200E+02
 -12.498  0.0000E+00  0.1200E+02
 -12.488  0.0000E+00  0.1200E+02
 -12.478  0.0000E+00  0.1200E+02
 -12.468  0.0000E+00  0.1200E+02
 -12.458  0.0000E+00  0.1200E+02
 -12.448  0.0000E+00  0.1200E+02
 -12.438  0.0000E+00  0.1200E+02
 -12.428  0.0000E+00  0.1200E+02
 -12.418  0.0000E+00  0.1200E+02
 -12.408  0.0000E+00  0.1200E+02
 -12.398  0.0000E+00  0.1200E+02
 -12.388  0.0000E+00  0.1200E+02
 -12.378  0.0000E+00  0.1200E+02
 -12.368  0.0000E+00  0.1200E+02
 -12.358  0.0000E+00  0.1200E+02
 -12.348  0.0000E+00  0.1200E+02
 -12.338  0.0000E+00  0.1200E+02
 -12.328  0.0000E+00  0.1200E+02
 -12.318  0.0000E+00  0.1200E+02
 -12.308  0.0000E+00  0.1200E+02
 -12.298  0.0000E+00  0.1200E+02
 -12.288  0.0000E+00  0.1200E+02
 -12.278  0.0000E+00  0.1200E+02
 -12.268  0.0000E+00  0.1200E+02
 -12.258  0.0000E+00  0.1200E+02
 -12.248  0.0000E+00  0.1200E+02
 -12.238  0.0000E+00  0.1200E+02
 -12.228  0.0000E+00  0.1200E+02
 -12.218  0.0000E+00  0.1200E+02
 -12.208  0.0000E+00  0.1200E+02
 -12.198  0.0000E+00  0.1200E+02
 -12.188  0.0000E+00  0.1200E+02
 -12.178  0.0000E+00  0.1200E+02
 -12.168  0.0000E+00  0.1200E+02
 -12.158  0.0000E+00  0.1200E+02
 -12.148  0.0000E+00  0.1200E+02
 -12.138  0.0000E+00  0.1200E+02
 -12.128  0.0000E+00  0.1200E+02
 -12.118  0.0000E+00  0.1200E+02
 -12.108  0.0000E+00  0.1200E+02
 -12.098  0.0000E+00  0.1200E+02
 -12.088  0.0000E+00  0.1200E+02
 -12.078  0.0000E+00  0.1200E+02
 -12.068  0.0000E+00  0.1200E+02
 -12.058  0.0000E+00  0.1200E+02
 -12.048  0.0000E+00  0.1200E+02
 -12.038  0.0000E+00  0.1200E+02
 -12.028  0.0000E+00  0.1200E+02
 -12.018  0.0000E+00  0.1200E+02
 -12.008  0.0000E+00  0.1200E+02
 -11.998  0.0000E+00  0.1200E+02
 -11.988  0.0000E+00  0.1200E+02
 -11.978  0.0000E+00  0.1200E+02
 -11.968  0.0000E+00  0.1200E+02
 -11.958  0.0000E+00  0.1200E+02
 -11.948  0.0000E+00  0.1200E+02
 -11.938  0.0000E+00  0.1200E+02
 -11.928  0.0000E+00  0.1200E+02
 -11.918  0.0000E+00  0.1200E+02
 -11.908  0.0000E+00  0.1200E+02
 -11.898  0.0000E+00  0.1200E+02
 -11.888  0.0000E+00  0.1200E+02
 -11.878  0.0000E+00  0.1200E+02
 -11.868  0.0000E+00  0.1200E+02
 -11.858  0.0000E+00  0.1200E+02
 -11.848  0.0000E+00  0.1200E+02
 -11.838  0.0000E+00  0.1200E+02
 -11.828  0.0000E+00  0.1200E+02
 -11.818  0.0000E+00  0.1200E+02
 -11.808  0.0000E+00  0.1200E+02
 -11.798  0.0000E+00  0.1200E+02
 -11.788  0.0000E+00  0.1200E+02
 -11.778  0.0000E+00  0.1200E+02
 -11.768  0.0000E+00  0.1200E+02
 -11.758  0.0000E+00  0.1200E+02
 -11.748  0.0000E+00  0.1200E+02
 -11.738  0.0000E+00  0.1200E+02
 -11.728  0.0000E+00  0.1200E+02
 -11.718  0.0000E+00  0.1200E+02
 -11.708  0.0000E+00  0.1200E+02
 -11.698  0.0000E+00  0.1200E+02
 -11.688  0.0000E+00  0.1200E+02
 -11.678  0.0000E+00  0.1200E+02
 -11.668  0.0000E+00  0.1200E+02
 -11.658  0.0000E+00  0.1200E+02
 -11.648  0.0000E+00  0.1200E+02
 -11.638  0.0000E+00  0.1200E+02
 -11.628  0.0000E+00  0.1200E+02
 -11.618  0.0000E+00  0.1200E+02
 -11.608  0.0000E+00  0.1200E+02
 -11.598  0.0000E+00  0.1200E+02
 -11.588  0.0000E+00  0.1200E+02
 -11.578  0.0000E+00  0.1200E+02
 -11.568  0.0000E+00  0.1200E+02
 -11.558  0.0000E+00  0.1200E+02
 -11.548  0.0000E+00  0.1200E+02
 -11.538  0.0000E+00  0.1200E+02
 -11.528  0.0000E+00  0.1200E+02
 -11.518  0.0000E+00  0.1200E+02
 -11.508  0.0000E+00  0.1200E+02
 -11.498  0.0000E+00  0.1200E+02
 -11.488  0.0000E+00  0.1200E+02
 -11.478  0.0000E+00  0.1200E+02
 -11.468  0.0000E+00  0.1200E+02
 -11.458  0.0000E+00  0.1200E+02
 -11.448  0.0000E+00  0.1200E+02
 -11.438  0.0000E+00  0.1200E+02
 -11.428  0.0000E+00  0.1200E+02
 -11.418  0.0000E+00  0.1200E+02
 -11.408  0.0000E+00  0.1200E+02
 -11.398  0.0000E+00  0.1200E+02
 -11.388  0.0000E+00  0.1200E+02
 -11.378  0.0000E+00  0.1200E+02
 -11.368  0.0000E+00  0.1200E+02
 -11.358  0.0000E+00  0.1200E+02
 -11.348  0.0000E+00  0.1200E+02
 -11.338  0.0000E+00  0.1200E+02
 -11.328  0.0000E+00  0.1200E+02
 -11.318  0.0000E+00  0.1200E+02
 -11.308  0.0000E+00  0.1200E+02
 -11.298  0.0000E+00  0.1200E+02
 -11.288  0.0000E+00  0.1200E+02
 -11.278  0.0000E+00  0.1200E+02
 -11.268  0.0000E+00  0.1200E+02
 -11.258  0.0000E+00  0.1200E+02
 -11.248  0.0000E+00  0.1200E+02
 -11.238  0.0000E+00  0.1200E+02
 -11.228  0.0000E+00  0.1200E+02
 -11.218  0.0000E+00  0.1200E+02
 -11.208  0.0000E+00  0.1200E+02
 -11.198  0.0000E+00  0.1200E+02
 -11.188  0.0000E+00  0.1200E+02
 -11.178  0.0000E+00  0.1200E+02
 -11.168  0.0000E+00  0.1200E+02
 -11.158  0.0000E+00  0.1200E+02
 -11.148  0.0000E+00  0.1200E+02
 -11.138  0.0000E+00  0.1200E+02
 -11.128  0.0000E+00  0.1200E+02
 -11.118  0.0000E+00  0.1200E+02
 -11.108  0.0000E+00  0.1200E+02
 -11.098  0.0000E+00  0.1200E+02
 -11.088  0.0000E+00  0.1200E+02
 -11.078  0.0000E+00  0.1200E+02
 -11.068  0.0000E+00  0.1200E+02
 -11.058  0.0000E+00  0.1200E+02
 -11.048  0.0000E+00  0.1200E+02
 -11.038  0.0000E+00  0.1200E+02
 -11.028  0.0000E+00  0.1200E+02
 -11.018  0.0000E+00  0.1200E+02
 -11.008  0.0000E+00  0.1200E+02
 -10.998  0.0000E+00  0.1200E+02
 -10.988  0.0000E+00  0.1200E+02
 -10.978  0.0000E+00  0.1200E+02
 -10.968  0.0000E+00  0.1200E+02
 -10.958  0.0000E+00  0.1200E+02
 -10.948  0.0000E+00  0.1200E+02
 -10.938  0.0000E+00  0.1200E+02
 -10.928  0.0000E+00  0.1200E+02
 -10.918  0.0000E+00  0.1200E+02
 -10.908  0.0000E+00  0.1200E+02
 -10.898  0.0000E+00  0.1200E+02
 -10.888  0.0000E+00  0.1200E+02
 -10.878  0.0000E+00  0.1200E+02
 -10.868  0.0000E+00  0.1200E+02
 -10.858  0.0000E+00  0.1200E+02
 -10.848  0.0000E+00  0.1200E+02
 -10.838  0.0000E+00  0.1200E+02
 -10.828  0.0000E+00  0.1200E+02
 -10.818  0.0000E+00  0.1200E+02
 -10.808  0.0000E+00  0.1200E+02
 -10.798  0.0000E+00  0.1200E+02
 -10.788  0.0000E+00  0.1200E+02
 -10.778  0.0000E+00  0.1200E+02
 -10.768  0.0000E+00  0.1200E+02
 -10.758  0.0000E+00  0.1200E+02
 -10.748  0.0000E+00  0.1200E+02
 -10.738  0.0000E+00  0.1200E+02
 -10.728  0.0000E+00  0.1200E+02
 -10.718  0.0000E+00  0.1200E+02
 -10.708  0.0000E+00  0.1200E+02
 -10.698  0.0000E+00  0.1200E+02
 -10.688  0.0000E+00  0.1200E+02
 -10.678  0.0000E+00  0.1200E+02
 -10.668  0.0000E+00  0.1200E+02
 -10.658  0.0000E+00  0.1200E+02
 -10.648  0.0000E+00  0.1200E+02
 -10.638  0.0000E+00  0.1200E+02
 -10.628  0.0000E+00  0.1200E+02
 -10.618  0.0000E+00  0.1200E+02
 -10.608  0.0000E+00  0.1200E+02
 -10.598  0.0000E+00  0.1200E+02
 -10.588  0.0000E+00  0.1200E+02
 -10.578  0.0000E+00  0.1200E+02
 -10.568  0.0000E+00  0.1200E+02
 -10.558  0.0000E+00  0.1200E+02
 -10.548  0.0000E+00  0.1200E+02
 -10.538  0.0000E+00  0.1200E+02
 -10.528  0.0000E+00  0.1200E+02
 -10.518  0.0000E+00  0.1200E+02
 -10.508  0.0000E+00  0.1200E+02
 -10.498  0.0000E+00  0.1200E+02
 -10.488  0.0000E+00  0.1200E+02
 -10.478  0.0000E+00  0.1200E+02
 -10.468  0.0000E+00  0.1200E+02
 -10.458  0.0000E+00  0.1200E+02
 -10.448  0.0000E+00  0.1200E+02
 -10.438  0.0000E+00  0.1200E+02
 -10.428  0.0000E+00  0.1200E+02
 -10.418  0.0000E+00  0.1200E+02
 -10.408  0.0000E+00  0.1200E+02
 -10.398  0.0000E+00  0.1200E+02
 -10.388  0.0000E+00  0.1200E+02
 -10.378  0.0000E+00  0.1200E+02
 -10.368  0.0000E+00  0.1200E+02
 -10.358  0.0000E+00  0.1200E+02
 -10.348  0.0000E+00  0.1200E+02
 -10.338  0.0000E+00  0.1200E+02
 -10.328  0.0000E+00  0.1200E+02
 -10.318  0.0000E+00  0.1200E+02
 -10.308  0.0000E+00  0.1200E+02
 -10.298  0.0000E+00  0.1200E+02
 -10.288  0.0000E+00  0.1200E+02
 -10.278  0.0000E+00  0.1200E+02
 -10.268  0.0000E+00  0.1200E+02
 -10.258  0.0000E+00  0.1200E+02
 -10.248  0.0000E+00  0.1200E+02
 -10.238  0.0000E+00  0.1200E+02
 -10.228  0.0000E+00  0.1200E+02
 -10.218  0.0000E+00  0.1200E+02
 -10.208  0.0000E+00  0.1200E+02
 -10.198  0.0000E+00  0.1200E+02
 -10.188  0.0000E+00  0.1200E+02
 -10.178  0.0000E+00  0.1200E+02
 -10.168  0.0000E+00  0.1200E+02
 -10.158  0.0000E+00  0.1200E+02
 -10.148  0.0000E+00  0.1200E+02
 -10.138  0.0000E+00  0.1200E+02
 -10.128  0.0000E+00  0.1200E+02
 -10.118  0.0000E+00  0.1200E+02
 -10.108  0.0000E+00  0.1200E+02
 -10.098  0.0000E+00  0.1200E+02
 -10.088  0.0000E+00  0.1200E+02
 -10.078  0.0000E+00  0.1200E+02
 -10.068  0.0000E+00  0.1200E+02
 -10.058  0.0000E+00  0.1200E+02
 -10.048  0.0000E+00  0.1200E+02
 -10.038  0.0000E+00  0.1200E+02
 -10.028  0.0000E+00  0.1200E+02
 -10.018  0.0000E+00  0.1200E+02
 -10.008  0.0000E+00  0.1200E+02
  -9.998  0.0000E+00  0.1200E+02
  -9.988  0.0000E+00  0.1200E+02
  -9.978  0.0000E+00  0.1200E+02
  -9.968  0.0000E+00  0.1200E+02
  -9.958  0.0000E+00  0.1200E+02
  -9.948  0.0000E+00  0.1200E+02
  -9.938  0.0000E+00  0.1200E+02
  -9.928  0.0000E+00  0.1200E+02
  -9.918  0.0000E+00  0.1200E+02
  -9.908  0.0000E+00  0.1200E+02
  -9.898  0.0000E+00  0.1200E+02
  -9.888  0.0000E+00  0.1200E+02
  -9.878  0.0000E+00  0.1200E+02
  -9.868  0.0000E+00  0.1200E+02
  -9.858  0.0000E+00  0.1200E+02
  -9.848  0.0000E+00  0.1200E+02
  -9.838  0.0000E+00  0.1200E+02
  -9.828  0.0000E+00  0.1200E+02
  -9.818  0.0000E+00  0.1200E+02
  -9.808  0.0000E+00  0.1200E+02
  -9.798  0.0000E+00  0.1200E+02
  -9.788  0.0000E+00  0.1200E+02
  -9.778  0.0000E+00  0.1200E+02
  -9.768  0.0000E+00  0.1200E+02
  -9.758  0.0000E+00  0.1200E+02
  -9.748  0.0000E+00  0.1200E+02
  -9.738  0.0000E+00  0.1200E+02
  -9.728  0.0000E+00  0.1200E+02
  -9.718  0.0000E+00  0.1200E+02
  -9.708  0.0000E+00  0.1200E+02
  -9.698  0.0000E+00  0.1200E+02
  -9.688  0.0000E+00  0.1200E+02
  -9.678  0.0000E+00  0.1200E+02
  -9.668  0.0000E+00  0.1200E+02
  -9.658  0.0000E+00  0.1200E+02
  -9.648  0.0000E+00  0.1200E+02
  -9.638  0.0000E+00  0.1200E+02
  -9.628  0.0000E+00  0.1200E+02
  -9.618  0.0000E+00  0.1200E+02
  -9.608  0.0000E+00  0.1200E+02
  -9.598  0.0000E+00  0.1200E+02
  -9.588  0.0000E+00  0.1200E+02
  -9.578  0.0000E+00  0.1200E+02
  -9.568  0.0000E+00  0.1200E+02
  -9.558  0.0000E+00  0.1200E+02
  -9.548  0.0000E+00  0.1200E+02
  -9.538  0.0000E+00  0.1200E+02
  -9.528  0.0000E+00  0.1200E+02
  -9.518  0.0000E+00  0.1200E+02
  -9.508  0.0000E+00  0.1200E+02
  -9.498  0.0000E+00  0.1200E+02
  -9.488  0.0000E+00  0.1200E+02
  -9.478  0.0000E+00  0.1200E+02
  -9.468  0.0000E+00  0.1200E+02
  -9.458  0.0000E+00  0.1200E+02
  -9.448  0.0000E+00  0.1200E+02
  -9.438  0.0000E+00  0.1200E+02
  -9.428  0.0000E+00  0.1200E+02
  -9.418  0.0000E+00  0.1200E+02
  -9.408  0.0000E+00  0.1200E+02
  -9.398  0.0000E+00  0.1200E+02
  -9.388  0.0000E+00  0.1200E+02
  -9.378  0.0000E+00  0.1200E+02
  -9.368  0.0000E+00  0.1200E+02
  -9.358  0.0000E+00  0.1200E+02
  -9.348  0.0000E+00  0.1200E+02
  -9.338  0.0000E+00  0.1200E+02
  -9.328  0.0000E+00  0.1200E+02
  -9.318  0.0000E+00  0.1200E+02
  -9.308  0.0000E+00  0.1200E+02
  -9.298  0.0000E+00  0.1200E+02
  -9.288  0.0000E+00  0.1200E+02
  -9.278  0.0000E+00  0.1200E+02
  -9.268  0.0000E+00  0.1200E+02
  -9.258  0.0000E+00  0.1200E+02
  -9.248  0.0000E+00  0.1200E+02
  -9.238  0.0000E+00  0.1200E+02
  -9.228  0.0000E+00  0.1200E+02
  -9.218  0.0000E+00  0.1200E+02
  -9.208  0.0000E+00  0.1200E+02
  -9.198  0.0000E+00  0.1200E+02
  -9.188  0.0000E+00  0.1200E+02
  -9.178  0.0000E+00  0.1200E+02
  -9.168  0.0000E+00  0.1200E+02
  -9.158  0.0000E+00  0.1200E+02
  -9.148  0.0000E+00  0.1200E+02
  -9.138  0.0000E+00  0.1200E+02
  -9.128  0.0000E+00  0.1200E+02
  -9.118  0.0000E+00  0.1200E+02
  -9.108  0.0000E+00  0.1200E+02
  -9.098  0.0000E+00  0.1200E+02
  -9.088  0.0000E+00  0.1200E+02
  -9.078  0.0000E+00  0.1200E+02
  -9.068  0.0000E+00  0.1200E+02
  -9.058  0.0000E+00  0.1200E+02
  -9.048  0.0000E+00  0.1200E+02
  -9.038  0.0000E+00  0.1200E+02
  -9.028  0.0000E+00  0.1200E+02
  -9.018  0.0000E+00  0.1200E+02
  -9.008  0.0000E+00  0.1200E+02
  -8.998  0.0000E+00  0.1200E+02
  -8.988  0.0000E+00  0.1200E+02
  -8.978  0.0000E+00  0.1200E+02
  -8.968  0.0000E+00  0.1200E+02
  -8.958  0.0000E+00  0.1200E+02
  -8.948  0.0000E+00  0.1200E+02
  -8.938  0.0000E+00  0.1200E+02
  -8.928  0.0000E+00  0.1200E+02
  -8.918  0.0000E+00  0.1200E+02
  -8.908  0.0000E+00  0.1200E+02
  -8.898  0.0000E+00  0.1200E+02
  -8.888  0.0000E+00  0.1200E+02
  -8.878  0.0000E+00  0.1200E+02
  -8.868  0.0000E+00  0.1200E+02
  -8.858  0.0000E+00  0.1200E+02
  -8.848  0.0000E+00  0.1200E+02
  -8.838  0.0000E+00  0.1200E+02
  -8.828  0.0000E+00  0.1200E+02
  -8.818  0.0000E+00  0.1200E+02
  -8.808  0.0000E+00  0.1200E+02
  -8.798  0.0000E+00  0.1200E+02
  -8.788  0.0000E+00  0.1200E+02
  -8.778  0.0000E+00  0.1200E+02
  -8.768  0.0000E+00  0.1200E+02
  -8.758  0.0000E+00  0.1200E+02
  -8.748  0.0000E+00  0.1200E+02
  -8.738  0.0000E+00  0.1200E+02
  -8.728  0.0000E+00  0.1200E+02
  -8.718  0.0000E+00  0.1200E+02
  -8.708  0.0000E+00  0.1200E+02
  -8.698  0.0000E+00  0.1200E+02
  -8.688  0.0000E+00  0.1200E+02
  -8.678  0.0000E+00  0.1200E+02
  -8.668  0.0000E+00  0.1200E+02
  -8.658  0.0000E+00  0.1200E+02
  -8.648  0.0000E+00  0.1200E+02
  -8.638  0.0000E+00  0.1200E+02
  -8.628  0.0000E+00  0.1200E+02
  -8.618  0.0000E+00  0.1200E+02
  -8.608  0.0000E+00  0.1200E+02
  -8.598  0.0000E+00  0.1200E+02
  -8.588  0.0000E+00  0.1200E+02
  -8.578  0.0000E+00  0.1200E+02
  -8.568  0.0000E+00  0.1200E+02
  -8.558  0.0000E+00  0.1200E+02
  -8.548  0.0000E+00  0.1200E+02
  -8.538  0.0000E+00  0.1200E+02
  -8.528  0.0000E+00  0.1200E+02
  -8.518  0.0000E+00  0.1200E+02
  -8.508  0.0000E+00  0.1200E+02
  -8.498  0.0000E+00  0.1200E+02
  -8.488  0.0000E+00  0.1200E+02
  -8.478  0.0000E+00  0.1200E+02
  -8.468  0.0000E+00  0.1200E+02
  -8.458  0.0000E+00  0.1200E+02
  -8.448  0.0000E+00  0.1200E+02
  -8.438  0.0000E+00  0.1200E+02
  -8.428  0.0000E+00  0.1200E+02
  -8.418  0.0000E+00  0.1200E+02
  -8.408  0.0000E+00  0.1200E+02
  -8.398  0.0000E+00  0.1200E+02
  -8.388  0.0000E+00  0.1200E+02
  -8.378  0.0000E+00  0.1200E+02
  -8.368  0.0000E+00  0.1200E+02
  -8.358  0.0000E+00  0.1200E+02
  -8.348  0.0000E+00  0.1200E+02
  -8.338  0.0000E+00  0.1200E+02
  -8.328  0.0000E+00  0.1200E+02
  -8.318  0.0000E+00  0.1200E+02
  -8.308  0.0000E+00  0.1200E+02
  -8.298  0.0000E+00  0.1200E+02
  -8.288  0.0000E+00  0.1200E+02
  -8.278  0.0000E+00  0.1200E+02
  -8.268  0.0000E+00  0.1200E+02
  -8.258  0.0000E+00  0.1200E+02
  -8.248  0.0000E+00  0.1200E+02
  -8.238  0.0000E+00  0.1200E+02
  -8.228  0.0000E+00  0.1200E+02
  -8.218  0.0000E+00  0.1200E+02
  -8.208  0.0000E+00  0.1200E+02
  -8.198  0.0000E+00  0.1200E+02
  -8.188  0.0000E+00  0.1200E+02
  -8.178  0.0000E+00  0.1200E+02
  -8.168  0.0000E+00  0.1200E+02
  -8.158  0.0000E+00  0.1200E+02
  -8.148  0.0000E+00  0.1200E+02
  -8.138  0.0000E+00  0.1200E+02
  -8.128  0.0000E+00  0.1200E+02
  -8.118  0.0000E+00  0.1200E+02
  -8.108  0.0000E+00  0.1200E+02
  -8.098  0.0000E+00  0.1200E+02
  -8.088  0.0000E+00  0.1200E+02
  -8.078  0.0000E+00  0.1200E+02
  -8.068  0.0000E+00  0.1200E+02
  -8.058  0.0000E+00  0.1200E+02
  -8.048  0.0000E+00  0.1200E+02
  -8.038  0.0000E+00  0.1200E+02
  -8.028  0.0000E+00  0.1200E+02
  -8.018  0.0000E+00  0.1200E+02
  -8.008  0.0000E+00  0.1200E+02
  -7.998  0.0000E+00  0.1200E+02
  -7.988  0.0000E+00  0.1200E+02
  -7.978  0.0000E+00  0.1200E+02
  -7.968  0.0000E+00  0.1200E+02
  -7.958  0.0000E+00  0.1200E+02
  -7.948  0.0000E+00  0.1200E+02
  -7.938  0.0000E+00  0.1200E+02
  -7.928  0.0000E+00  0.1200E+02
  -7.918  0.0000E+00  0.1200E+02
  -7.908  0.0000E+00  0.1200E+02
  -7.898  0.0000E+00  0.1200E+02
  -7.888  0.0000E+00  0.1200E+02
  -7.878  0.0000E+00  0.1200E+02
  -7.868  0.0000E+00  0.1200E+02
  -7.858  0.0000E+00  0.1200E+02
  -7.848  0.0000E+00  0.1200E+02
  -7.838  0.0000E+00  0.1200E+02
  -7.828  0.0000E+00  0.1200E+02
  -7.818  0.0000E+00  0.1200E+02
  -7.808  0.0000E+00  0.1200E+02
  -7.798  0.0000E+00  0.1200E+02
  -7.788  0.0000E+00  0.1200E+02
  -7.778  0.0000E+00  0.1200E+02
  -7.768  0.0000E+00  0.1200E+02
  -7.758  0.0000E+00  0.1200E+02
  -7.748  0.0000E+00  0.1200E+02
  -7.738  0.0000E+00  0.1200E+02
  -7.728  0.0000E+00  0.1200E+02
  -7.718  0.0000E+00  0.1200E+02
  -7.708  0.0000E+00  0.1200E+02
  -7.698  0.0000E+00  0.1200E+02
  -7.688  0.0000E+00  0.1200E+02
  -7.678  0.0000E+00  0.1200E+02
  -7.668  0.0000E+00  0.1200E+02
  -7.658  0.0000E+00  0.1200E+02
  -7.648  0.0000E+00  0.1200E+02
  -7.638  0.0000E+00  0.1200E+02
  -7.628  0.0000E+00  0.1200E+02
  -7.618  0.0000E+00  0.1200E+02
  -7.608  0.0000E+00  0.1200E+02
  -7.598  0.0000E+00  0.1200E+02
  -7.588  0.0000E+00  0.1200E+02
  -7.578  0.0000E+00  0.1200E+02
  -7.568  0.0000E+00  0.1200E+02
  -7.558  0.0000E+00  0.1200E+02
  -7.548  0.0000E+00  0.1200E+02
  -7.538  0.0000E+00  0.1200E+02
  -7.528  0.0000E+00  0.1200E+02
  -7.518  0.0000E+00  0.1200E+02
  -7.508  0.0000E+00  0.1200E+02
  -7.498  0.0000E+00  0.1200E+02
  -7.488  0.0000E+00  0.1200E+02
  -7.478  0.0000E+00  0.1200E+02
  -7.468  0.0000E+00  0.1200E+02
  -7.458  0.0000E+00  0.1200E+02
  -7.448  0.0000E+00  0.1200E+02
  -7.438  0.0000E+00  0.1200E+02
  -7.428  0.0000E+00  0.1200E+02
  -7.418  0.0000E+00  0.1200E+02
  -7.408  0.0000E+00  0.1200E+02
  -7.398  0.0000E+00  0.1200E+02
  -7.388  0.0000E+00  0.1200E+02
  -7.378  0.0000E+00  0.1200E+02
  -7.368  0.0000E+00  0.1200E+02
  -7.358  0.0000E+00  0.1200E+02
  -7.348  0.0000E+00  0.1200E+02
  -7.338  0.0000E+00  0.1200E+02
  -7.328  0.0000E+00  0.1200E+02
  -7.318  0.0000E+00  0.1200E+02
  -7.308  0.0000E+00  0.1200E+02
  -7.298  0.0000E+00  0.1200E+02
  -7.288  0.0000E+00  0.1200E+02
  -7.278  0.0000E+00  0.1200E+02
  -7.268  0.0000E+00  0.1200E+02
  -7.258  0.0000E+00  0.1200E+02
  -7.248  0.0000E+00  0.1200E+02
  -7.238  0.0000E+00  0.1200E+02
  -7.228  0.0000E+00  0.1200E+02
  -7.218  0.0000E+00  0.1200E+02
  -7.208  0.0000E+00  0.1200E+02
  -7.198  0.0000E+00  0.1200E+02
  -7.188  0.0000E+00  0.1200E+02
  -7.178  0.0000E+00  0.1200E+02
  -7.168  0.0000E+00  0.1200E+02
  -7.158  0.0000E+00  0.1200E+02
  -7.148  0.0000E+00  0.1200E+02
  -7.138  0.0000E+00  0.1200E+02
  -7.128  0.0000E+00  0.1200E+02
  -7.118  0.0000E+00  0.1200E+02
  -7.108  0.0000E+00  0.1200E+02
  -7.098  0.0000E+00  0.1200E+02
  -7.088  0.0000E+00  0.1200E+02
  -7.078  0.0000E+00  0.1200E+02
  -7.068  0.0000E+00  0.1200E+02
  -7.058  0.0000E+00  0.1200E+02
  -7.048  0.0000E+00  0.1200E+02
  -7.038  0.0000E+00  0.1200E+02
  -7.028  0.0000E+00  0.1200E+02
  -7.018  0.0000E+00  0.1200E+02
  -7.008  0.0000E+00  0.1200E+02
  -6.998  0.0000E+00  0.1200E+02
  -6.988  0.0000E+00  0.1200E+02
  -6.978  0.0000E+00  0.1200E+02
  -6.968  0.1760E+00  0.1200E+02
  -6.958  0.1215E+01  0.1201E+02
  -6.948  0.1429E+01  0.1203E+02
  -6.938  0.1319E+01  0.1204E+02
  -6.928  0.1384E+01  0.1205E+02
  -6.918  0.1430E+01  0.1207E+02
  -6.908  0.1357E+01  0.1208E+02
  -6.898  0.1388E+01  0.1209E+02
  -6.888  0.1401E+01  0.1211E+02
  -6.878  0.1433E+01  0.1212E+02
  -6.868  0.1402E+01  0.1214E+02
  -6.858  0.2301E+01  0.1215E+02
  -6.848  0.2084E+01  0.1217E+02
  -6.838  0.2048E+01  0.1219E+02
  -6.828  0.2110E+01  0.1221E+02
  -6.818  0.2064E+01  0.1223E+02
  -6.808  0.2092E+01  0.1226E+02
  -6.798  0.2104E+01  0.1228E+02
  -6.788  0.2122E+01  0.1230E+02
  -6.778  0.2160E+01  0.1232E+02
  -6.768  0.2177E+01  0.1234E+02
  -6.758  0.2162E+01  0.1236E+02
  -6.748  0.2180E+01  0.1238E+02
  -6.738  0.2210E+01  0.1241E+02
  -6.728  0.2239E+01  0.1243E+02
  -6.718  0.2252E+01  0.1245E+02
  -6.708  0.2270E+01  0.1247E+02
  -6.698  0.2287E+01  0.1250E+02
  -6.688  0.2310E+01  0.1252E+02
  -6.678  0.2327E+01  0.1254E+02
  -6.668  0.2351E+01  0.1257E+02
  -6.658  0.2379E+01  0.1259E+02
  -6.648  0.2412E+01  0.1261E+02
  -6.638  0.2441E+01  0.1264E+02
  -6.628  0.2457E+01  0.1266E+02
  -6.618  0.2485E+01  0.1269E+02
  -6.608  0.2518E+01  0.1271E+02
  -6.598  0.2554E+01  0.1274E+02
  -6.588  0.2591E+01  0.1276E+02
  -6.578  0.2627E+01  0.1279E+02
  -6.568  0.2671E+01  0.1282E+02
  -6.558  0.2713E+01  0.1284E+02
  -6.548  0.2761E+01  0.1287E+02
  -6.538  0.2813E+01  0.1290E+02
  -6.528  0.2870E+01  0.1293E+02
  -6.518  0.2926E+01  0.1295E+02
  -6.508  0.4317E+01  0.1299E+02
  -6.498  0.5134E+01  0.1303E+02
  -6.488  0.5932E+01  0.1309E+02
  -6.478  0.5753E+01  0.1315E+02
  -6.468  0.4577E+01  0.1320E+02
  -6.458  0.5678E+01  0.1325E+02
  -6.448  0.6528E+01  0.1331E+02
  -6.438  0.8000E+01  0.1338E+02
  -6.428  0.1036E+02  0.1348E+02
  -6.418  0.9475E+01  0.1362E+02
  -6.408  0.8028E+01  0.1371E+02
  -6.398  0.7294E+01  0.1379E+02
  -6.388  0.7544E+01  0.1386E+02
  -6.378  0.6564E+01  0.1393E+02
  -6.368  0.6291E+01  0.1400E+02
  -6.358  0.6004E+01  0.1406E+02
  -6.348  0.5866E+01  0.1412E+02
  -6.338  0.5756E+01  0.1417E+02
  -6.328  0.5745E+01  0.1423E+02
  -6.318  0.5787E+01  0.1429E+02
  -6.308  0.6103E+01  0.1435E+02
  -6.298  0.6838E+01  0.1442E+02
  -6.288  0.5096E+01  0.1447E+02
  -6.278  0.4964E+01  0.1453E+02
  -6.268  0.4699E+01  0.1457E+02
  -6.258  0.4192E+01  0.1462E+02
  -6.248  0.3905E+01  0.1466E+02
  -6.238  0.3770E+01  0.1470E+02
  -6.228  0.3796E+01  0.1473E+02
  -6.218  0.3317E+01  0.1477E+02
  -6.208  0.2849E+01  0.1480E+02
  -6.198  0.2794E+01  0.1483E+02
  -6.188  0.2741E+01  0.1486E+02
  -6.178  0.2448E+01  0.1488E+02
  -6.168  0.2038E+01  0.1490E+02
  -6.158  0.1413E+01  0.1492E+02
  -6.148  0.1380E+01  0.1493E+02
  -6.138  0.1344E+01  0.1495E+02
  -6.128  0.1322E+01  0.1496E+02
  -6.118  0.1302E+01  0.1497E+02
  -6.108  0.1282E+01  0.1499E+02
  -6.098  0.1261E+01  0.1500E+02
  -6.088  0.1240E+01  0.1501E+02
  -6.078  0.1218E+01  0.1503E+02
  -6.068  0.1194E+01  0.1504E+02
  -6.058  0.1171E+01  0.1505E+02
  -6.048  0.1156E+01  0.1506E+02
  -6.038  0.1143E+01  0.1507E+02
  -6.028  0.1158E+01  0.1508E+02
  -6.018  0.1181E+01  0.1510E+02
  -6.008  0.3008E+01  0.1511E+02
  -5.998  0.2876E+01  0.1514E+02
  -5.988  0.3660E+01  0.1517E+02
  -5.978  0.5166E+01  0.1523E+02
  -5.968  0.9112E+01  0.1529E+02
  -5.958  0.4131E+01  0.1536E+02
  -5.948  0.1565E+01  0.1538E+02
  -5.938  0.5529E+01  0.1541E+02
  -5.928  0.6873E+01  0.1548E+02
  -5.918  0.5822E+01  0.1554E+02
  -5.908  0.5395E+01  0.1560E+02
  -5.898  0.5226E+01  0.1565E+02
  -5.888  0.5111E+01  0.1570E+02
  -5.878  0.5146E+01  0.1576E+02
  -5.868  0.5283E+01  0.1581E+02
  -5.858  0.5499E+01  0.1586E+02
  -5.848  0.5715E+01  0.1592E+02
  -5.838  0.5977E+01  0.1598E+02
  -5.828  0.6454E+01  0.1604E+02
  -5.818  0.7009E+01  0.1610E+02
  -5.808  0.7915E+01  0.1618E+02
  -5.798  0.9903E+01  0.1627E+02
  -5.788  0.1044E+02  0.1638E+02
  -5.778  0.8306E+01  0.1648E+02
  -5.768  0.7610E+01  0.1656E+02
  -5.758  0.7415E+01  0.1663E+02
  -5.748  0.7294E+01  0.1670E+02
  -5.738  0.7448E+01  0.1678E+02
  -5.728  0.7984E+01  0.1686E+02
  -5.718  0.7224E+01  0.1693E+02
  -5.708  0.1339E+01  0.1695E+02
  -5.698  0.1329E+01  0.1696E+02
  -5.688  0.1319E+01  0.1697E+02
  -5.678  0.1736E+01  0.1699E+02
  -5.668  0.1605E+01  0.1700E+02
  -5.658  0.1617E+01  0.1702E+02
  -5.648  0.1628E+01  0.1704E+02
  -5.638  0.1640E+01  0.1705E+02
  -5.628  0.1591E+01  0.1707E+02
  -5.618  0.1536E+01  0.1709E+02
  -5.608  0.1520E+01  0.1710E+02
  -5.598  0.1521E+01  0.1712E+02
  -5.588  0.1522E+01  0.1713E+02
  -5.578  0.1523E+01  0.1715E+02
  -5.568  0.1524E+01  0.1716E+02
  -5.558  0.1521E+01  0.1718E+02
  -5.548  0.1522E+01  0.1719E+02
  -5.538  0.1508E+01  0.1721E+02
  -5.528  0.1505E+01  0.1722E+02
  -5.518  0.1502E+01  0.1724E+02
  -5.508  0.1501E+01  0.1725E+02
  -5.498  0.1499E+01  0.1727E+02
  -5.488  0.1498E+01  0.1728E+02
  -5.478  0.1493E+01  0.1730E+02
  -5.468  0.1496E+01  0.1731E+02
  -5.458  0.1498E+01  0.1733E+02
  -5.448  0.1504E+01  0.1734E+02
  -5.438  0.1509E+01  0.1736E+02
  -5.428  0.1517E+01  0.1737E+02
  -5.418  0.1529E+01  0.1739E+02
  -5.408  0.1542E+01  0.1740E+02
  -5.398  0.1554E+01  0.1742E+02
  -5.388  0.1588E+01  0.1743E+02
  -5.378  0.2242E+01  0.1745E+02
  -5.368  0.5670E+01  0.1750E+02
  -5.358  0.6298E+01  0.1756E+02
  -5.348  0.7738E+01  0.1763E+02
  -5.338  0.1470E+02  0.1773E+02
  -5.328  0.6064E+01  0.1781E+02
  -5.318  0.5732E+01  0.1787E+02
  -5.308  0.5047E+01  0.1792E+02
  -5.298  0.4890E+01  0.1797E+02
  -5.288  0.4643E+01  0.1802E+02
  -5.278  0.4430E+01  0.1807E+02
  -5.268  0.4350E+01  0.1811E+02
  -5.258  0.4231E+01  0.1815E+02
  -5.248  0.4243E+01  0.1819E+02
  -5.238  0.4160E+01  0.1824E+02
  -5.228  0.4095E+01  0.1828E+02
  -5.218  0.4035E+01  0.1832E+02
  -5.208  0.4056E+01  0.1836E+02
  -5.198  0.4059E+01  0.1840E+02
  -5.188  0.3974E+01  0.1844E+02
  -5.178  0.3928E+01  0.1848E+02
  -5.168  0.3873E+01  0.1852E+02
  -5.158  0.3879E+01  0.1856E+02
  -5.148  0.3899E+01  0.1860E+02
  -5.138  0.3915E+01  0.1863E+02
  -5.128  0.3943E+01  0.1867E+02
  -5.118  0.3990E+01  0.1871E+02
  -5.108  0.4056E+01  0.1875E+02
  -5.098  0.4098E+01  0.1879E+02
  -5.088  0.4104E+01  0.1884E+02
  -5.078  0.4105E+01  0.1888E+02
  -5.068  0.4094E+01  0.1892E+02
  -5.058  0.4226E+01  0.1896E+02
  -5.048  0.4261E+01  0.1900E+02
  -5.038  0.4282E+01  0.1904E+02
  -5.028  0.4508E+01  0.1909E+02
  -5.018  0.4631E+01  0.1913E+02
  -5.008  0.5334E+01  0.1918E+02
  -4.998  0.4916E+01  0.1924E+02
  -4.988  0.4333E+01  0.1928E+02
  -4.978  0.4174E+01  0.1933E+02
  -4.968  0.3916E+01  0.1937E+02
  -4.958  0.5636E+01  0.1941E+02
  -4.948  0.4960E+01  0.1946E+02
  -4.938  0.4897E+01  0.1951E+02
  -4.928  0.5039E+01  0.1956E+02
  -4.918  0.4914E+01  0.1961E+02
  -4.908  0.5017E+01  0.1966E+02
  -4.898  0.5149E+01  0.1971E+02
  -4.888  0.5149E+01  0.1976E+02
  -4.878  0.5270E+01  0.1981E+02
  -4.868  0.5416E+01  0.1987E+02
  -4.858  0.5641E+01  0.1992E+02
  -4.848  0.8959E+01  0.2000E+02
  -4.838  0.8805E+01  0.2008E+02
  -4.828  0.1197E+02  0.2018E+02
  -4.818  0.1002E+02  0.2030E+02
  -4.808  0.8358E+01  0.2039E+02
  -4.798  0.7583E+01  0.2047E+02
  -4.788  0.7068E+01  0.2055E+02
  -4.778  0.6686E+01  0.2061E+02
  -4.768  0.6343E+01  0.2068E+02
  -4.758  0.6245E+01  0.2074E+02
  -4.748  0.5963E+01  0.2080E+02
  -4.738  0.5722E+01  0.2086E+02
  -4.728  0.5636E+01  0.2092E+02
  -4.718  0.5451E+01  0.2097E+02
  -4.708  0.5308E+01  0.2103E+02
  -4.698  0.5191E+01  0.2108E+02
  -4.688  0.5167E+01  0.2113E+02
  -4.678  0.5075E+01  0.2118E+02
  -4.668  0.4991E+01  0.2123E+02
  -4.658  0.4943E+01  0.2128E+02
  -4.648  0.4921E+01  0.2133E+02
  -4.638  0.4857E+01  0.2138E+02
  -4.628  0.4805E+01  0.2143E+02
  -4.618  0.4753E+01  0.2148E+02
  -4.608  0.4722E+01  0.2153E+02
  -4.598  0.4695E+01  0.2157E+02
  -4.588  0.4703E+01  0.2162E+02
  -4.578  0.4677E+01  0.2167E+02
  -4.568  0.4678E+01  0.2171E+02
  -4.558  0.4683E+01  0.2176E+02
  -4.548  0.4655E+01  0.2181E+02
  -4.538  0.4623E+01  0.2185E+02
  -4.528  0.4626E+01  0.2190E+02
  -4.518  0.4669E+01  0.2195E+02
  -4.508  0.4643E+01  0.2199E+02
  -4.498  0.4642E+01  0.2204E+02
  -4.488  0.4709E+01  0.2209E+02
  -4.478  0.4827E+01  0.2213E+02
  -4.468  0.4813E+01  0.2218E+02
  -4.458  0.4810E+01  0.2223E+02
  -4.448  0.4894E+01  0.2228E+02
  -4.438  0.4924E+01  0.2233E+02
  -4.428  0.4974E+01  0.2238E+02
  -4.418  0.5103E+01  0.2243E+02
  -4.408  0.5266E+01  0.2248E+02
  -4.398  0.5360E+01  0.2253E+02
  -4.388  0.5523E+01  0.2259E+02
  -4.378  0.5697E+01  0.2264E+02
  -4.368  0.5796E+01  0.2270E+02
  -4.358  0.6307E+01  0.2276E+02
  -4.348  0.6755E+01  0.2283E+02
  -4.338  0.7188E+01  0.2290E+02
  -4.328  0.8649E+01  0.2297E+02
  -4.318  0.1120E+02  0.2307E+02
  -4.308  0.9434E+01  0.2317E+02
  -4.298  0.9977E+01  0.2327E+02
  -4.288  0.1203E+02  0.2338E+02
  -4.278  0.1175E+02  0.2360E+02
  -4.268  0.3016E+01  0.2370E+02
  -4.258  0.1843E+01  0.2372E+02
  -4.248  0.1728E+01  0.2374E+02
  -4.238  0.1590E+01  0.2376E+02
  -4.228  0.1534E+01  0.2377E+02
  -4.218  0.1497E+01  0.2379E+02
  -4.208  0.1425E+01  0.2380E+02
  -4.198  0.1420E+01  0.2382E+02
  -4.188  0.1407E+01  0.2383E+02
  -4.178  0.1342E+01  0.2385E+02
  -4.168  0.1316E+01  0.2386E+02
  -4.158  0.1278E+01  0.2387E+02
  -4.148  0.1238E+01  0.2389E+02
  -4.138  0.1255E+01  0.2390E+02
  -4.128  0.1210E+01  0.2391E+02
  -4.118  0.1162E+01  0.2392E+02
  -4.108  0.1142E+01  0.2393E+02
  -4.098  0.1155E+01  0.2394E+02
  -4.088  0.1105E+01  0.2396E+02
  -4.078  0.1073E+01  0.2397E+02
  -4.068  0.1090E+01  0.2398E+02
  -4.058  0.1028E+01  0.2399E+02
  -4.048  0.8528E+00  0.2400E+02
  -4.038  0.0000E+00  0.2400E+02
  -4.028  0.0000E+00  0.2400E+02
  -4.018  0.0000E+00  0.2400E+02
  -4.008  0.0000E+00  0.2400E+02
  -3.998  0.0000E+00  0.2400E+02
  -3.988  0.0000E+00  0.2400E+02
  -3.978  0.0000E+00  0.2400E+02
  -3.968  0.0000E+00  0.2400E+02
  -3.958  0.0000E+00  0.2400E+02
  -3.948  0.0000E+00  0.2400E+02
  -3.938  0.0000E+00  0.2400E+02
  -3.928  0.0000E+00  0.2400E+02
  -3.918  0.0000E+00  0.2400E+02
  -3.908  0.0000E+00  0.2400E+02
  -3.898  0.0000E+00  0.2400E+02
  -3.888  0.0000E+00  0.2400E+02
  -3.878  0.0000E+00  0.2400E+02
  -3.868  0.0000E+00  0.2400E+02
  -3.858  0.0000E+00  0.2400E+02
  -3.848  0.0000E+00  0.2400E+02
  -3.838  0.0000E+00  0.2400E+02
  -3.828  0.0000E+00  0.2400E+02
  -3.818  0.0000E+00  0.2400E+02
  -3.808  0.0000E+00  0.2400E+02
  -3.798  0.0000E+00  0.2400E+02
  -3.788  0.0000E+00  0.2400E+02
  -3.778  0.0000E+00  0.2400E+02
  -3.768  0.0000E+00  0.2400E+02
  -3.758  0.0000E+00  0.2400E+02
  -3.748  0.0000E+00  0.2400E+02
  -3.738  0.0000E+00  0.2400E+02
  -3.728  0.0000E+00  0.2400E+02
  -3.718  0.0000E+00  0.2400E+02
  -3.708  0.0000E+00  0.2400E+02
  -3.698  0.0000E+00  0.2400E+02
  -3.688  0.0000E+00  0.2400E+02
  -3.678  0.0000E+00  0.2400E+02
  -3.668  0.0000E+00  0.2400E+02
  -3.658  0.0000E+00  0.2400E+02
  -3.648  0.0000E+00  0.2400E+02
  -3.638  0.0000E+00  0.2400E+02
  -3.628  0.0000E+00  0.2400E+02
  -3.618  0.0000E+00  0.2400E+02
  -3.608  0.0000E+00  0.2400E+02
  -3.598  0.0000E+00  0.2400E+02
  -3.588  0.0000E+00  0.2400E+02
  -3.578  0.0000E+00  0.2400E+02
  -3.568  0.0000E+00  0.2400E+02
  -3.558  0.0000E+00  0.2400E+02
  -3.548  0.0000E+00  0.2400E+02
  -3.538  0.0000E+00  0.2400E+02
  -3.528  0.0000E+00  0.2400E+02
  -3.518  0.0000E+00  0.2400E+02
  -3.508  0.0000E+00  0.2400E+02
  -3.498  0.0000E+00  0.2400E+02
  -3.488  0.0000E+00  0.2400E+02
  -3.478  0.0000E+00  0.2400E+02
  -3.468  0.0000E+00  0.2400E+02
  -3.458  0.0000E+00  0.2400E+02
  -3.448  0.0000E+00  0.2400E+02
  -3.438  0.0000E+00  0.2400E+02
  -3.428  0.0000E+00  0.2400E+02
  -3.418  0.0000E+00  0.2400E+02
  -3.408  0.0000E+00  0.2400E+02
  -3.398  0.0000E+00  0.2400E+02
  -3.388  0.0000E+00  0.2400E+02
  -3.378  0.0000E+00  0.2400E+02
  -3.368  0.0000E+00  0.2400E+02
  -3.358  0.0000E+00  0.2400E+02
  -3.348  0.0000E+00  0.2400E+02
  -3.338  0.0000E+00  0.2400E+02
  -3.328  0.0000E+00  0.2400E+02
  -3.318  0.0000E+00  0.2400E+02
  -3.308  0.0000E+00  0.2400E+02
  -3.298  0.0000E+00  0.2400E+02
  -3.288  0.0000E+00  0.2400E+02
  -3.278  0.0000E+00  0.2400E+02
  -3.268  0.0000E+00  0.2400E+02
  -3.258  0.0000E+00  0.2400E+02
  -3.248  0.0000E+00  0.2400E+02
  -3.238  0.0000E+00  0.2400E+02
  -3.228  0.0000E+00  0.2400E+02
  -3.218  0.0000E+00  0.2400E+02
  -3.208  0.0000E+00  0.2400E+02
  -3.198  0.0000E+00  0.2400E+02
  -3.188  0.0000E+00  0.2400E+02
  -3.178  0.0000E+00  0.2400E+02
  -3.168  0.0000E+00  0.2400E+02
  -3.158  0.0000E+00  0.2400E+02
  -3.148  0.0000E+00  0.2400E+02
  -3.138  0.0000E+00  0.2400E+02
  -3.128  0.0000E+00  0.2400E+02
  -3.118  0.0000E+00  0.2400E+02
  -3.108  0.0000E+00  0.2400E+02
  -3.098  0.0000E+00  0.2400E+02
  -3.088  0.0000E+00  0.2400E+02
  -3.078  0.0000E+00  0.2400E+02
  -3.068  0.0000E+00  0.2400E+02
  -3.058  0.0000E+00  0.2400E+02
  -3.048  0.0000E+00  0.2400E+02
  -3.038  0.0000E+00  0.2400E+02
  -3.028  0.0000E+00  0.2400E+02
  -3.018  0.0000E+00  0.2400E+02
  -3.008  0.0000E+00  0.2400E+02
  -2.998  0.0000E+00  0.2400E+02
  -2.988  0.0000E+00  0.2400E+02
  -2.978  0.0000E+00  0.2400E+02
  -2.968  0.0000E+00  0.2400E+02
  -2.958  0.0000E+00  0.2400E+02
  -2.948  0.0000E+00  0.2400E+02
  -2.938  0.0000E+00  0.2400E+02
  -2.928  0.0000E+00  0.2400E+02
  -2.918  0.0000E+00  0.2400E+02
  -2.908  0.0000E+00  0.2400E+02
  -2.898  0.0000E+00  0.2400E+02
  -2.888  0.0000E+00  0.2400E+02
  -2.878  0.0000E+00  0.2400E+02
  -2.868  0.0000E+00  0.2400E+02
  -2.858  0.0000E+00  0.2400E+02
  -2.848  0.0000E+00  0.2400E+02
  -2.838  0.0000E+00  0.2400E+02
  -2.828  0.0000E+00  0.2400E+02
  -2.818  0.0000E+00  0.2400E+02
  -2.808  0.0000E+00  0.2400E+02
  -2.798  0.0000E+00  0.2400E+02
  -2.788  0.0000E+00  0.2400E+02
  -2.778  0.0000E+00  0.2400E+02
  -2.768  0.0000E+00  0.2400E+02
  -2.758  0.0000E+00  0.2400E+02
  -2.748  0.0000E+00  0.2400E+02
  -2.738  0.0000E+00  0.2400E+02
  -2.728  0.0000E+00  0.2400E+02
  -2.718  0.0000E+00  0.2400E+02
  -2.708  0.0000E+00  0.2400E+02
  -2.698  0.0000E+00  0.2400E+02
  -2.688  0.0000E+00  0.2400E+02
  -2.678  0.0000E+00  0.2400E+02
  -2.668  0.0000E+00  0.2400E+02
  -2.658  0.0000E+00  0.2400E+02
  -2.648  0.0000E+00  0.2400E+02
  -2.638  0.0000E+00  0.2400E+02
  -2.628  0.0000E+00  0.2400E+02
  -2.618  0.0000E+00  0.2400E+02
  -2.608  0.0000E+00  0.2400E+02
  -2.598  0.0000E+00  0.2400E+02
  -2.588  0.0000E+00  0.2400E+02
  -2.578  0.0000E+00  0.2400E+02
  -2.568  0.0000E+00  0.2400E+02
  -2.558  0.0000E+00  0.2400E+02
  -2.548  0.0000E+00  0.2400E+02
  -2.538  0.0000E+00  0.2400E+02
  -2.528  0.0000E+00  0.2400E+02
  -2.518  0.0000E+00  0.2400E+02
  -2.508  0.0000E+00  0.2400E+02
  -2.498  0.0000E+00  0.2400E+02
  -2.488  0.0000E+00  0.2400E+02
  -2.478  0.0000E+00  0.2400E+02
  -2.468  0.0000E+00  0.2400E+02
  -2.458  0.0000E+00  0.2400E+02
  -2.448  0.0000E+00  0.2400E+02
  -2.438  0.0000E+00  0.2400E+02
  -2.428  0.0000E+00  0.2400E+02
  -2.418  0.0000E+00  0.2400E+02
  -2.408  0.0000E+00  0.2400E+02
  -2.398  0.0000E+00  0.2400E+02
  -2.388  0.0000E+00  0.2400E+02
  -2.378  0.0000E+00  0.2400E+02
  -2.368  0.0000E+00  0.2400E+02
  -2.358  0.0000E+00  0.2400E+02
  -2.348  0.0000E+00  0.2400E+02
  -2.338  0.0000E+00  0.2400E+02
  -2.328  0.0000E+00  0.2400E+02
  -2.318  0.0000E+00  0.2400E+02
  -2.308  0.0000E+00  0.2400E+02
  -2.298  0.0000E+00  0.2400E+02
  -2.288  0.0000E+00  0.2400E+02
  -2.278  0.0000E+00  0.2400E+02
  -2.268  0.0000E+00  0.2400E+02
  -2.258  0.0000E+00  0.2400E+02
  -2.248  0.0000E+00  0.2400E+02
  -2.238  0.0000E+00  0.2400E+02
  -2.228  0.0000E+00  0.2400E+02
  -2.218  0.0000E+00  0.2400E+02
  -2.208  0.0000E+00  0.2400E+02
  -2.198  0.0000E+00  0.2400E+02
  -2.188  0.0000E+00  0.2400E+02
  -2.178  0.0000E+00  0.2400E+02
  -2.168  0.0000E+00  0.2400E+02
  -2.158  0.0000E+00  0.2400E+02
  -2.148  0.0000E+00  0.2400E+02
  -2.138  0.0000E+00  0.2400E+02
  -2.128  0.0000E+00  0.2400E+02
  -2.118  0.0000E+00  0.2400E+02
  -2.108  0.0000E+00  0.2400E+02
  -2.098  0.0000E+00  0.2400E+02
  -2.088  0.0000E+00  0.2400E+02
  -2.078  0.0000E+00  0.2400E+02
  -2.068  0.0000E+00  0.2400E+02
  -2.058  0.0000E+00  0.2400E+02
  -2.048  0.0000E+00  0.2400E+02
  -2.038  0.0000E+00  0.2400E+02
  -2.028  0.0000E+00  0.2400E+02
  -2.018  0.0000E+00  0.2400E+02
  -2.008  0.0000E+00  0.2400E+02
  -1.998  0.0000E+00  0.2400E+02
  -1.988  0.0000E+00  0.2400E+02
  -1.978  0.0000E+00  0.2400E+02
  -1.968  0.0000E+00  0.2400E+02
  -1.958  0.0000E+00  0.2400E+02
  -1.948  0.0000E+00  0.2400E+02
  -1.938  0.0000E+00  0.2400E+02
  -1.928  0.0000E+00  0.2400E+02
  -1.918  0.0000E+00  0.2400E+02
  -1.908  0.0000E+00  0.2400E+02
  -1.898  0.0000E+00  0.2400E+02
  -1.888  0.0000E+00  0.2400E+02
  -1.878  0.0000E+00  0.2400E+02
  -1.868  0.0000E+00  0.2400E+02
  -1.858  0.0000E+00  0.2400E+02
  -1.848  0.0000E+00  0.2400E+02
  -1.838  0.0000E+00  0.2400E+02
  -1.828  0.0000E+00  0.2400E+02
  -1.818  0.0000E+00  0.2400E+02
  -1.808  0.0000E+00  0.2400E+02
  -1.798  0.0000E+00  0.2400E+02
  -1.788  0.0000E+00  0.2400E+02
  -1.778  0.0000E+00  0.2400E+02
  -1.768  0.0000E+00  0.2400E+02
  -1.758  0.0000E+00  0.2400E+02
  -1.748  0.0000E+00  0.2400E+02
  -1.738  0.0000E+00  0.2400E+02
  -1.728  0.0000E+00  0.2400E+02
  -1.718  0.0000E+00  0.2400E+02
  -1.708  0.0000E+00  0.2400E+02
  -1.698  0.0000E+00  0.2400E+02
  -1.688  0.0000E+00  0.2400E+02
  -1.678  0.0000E+00  0.2400E+02
  -1.668  0.0000E+00  0.2400E+02
  -1.658  0.0000E+00  0.2400E+02
  -1.648  0.0000E+00  0.2400E+02
  -1.638  0.0000E+00  0.2400E+02
  -1.628  0.0000E+00  0.2400E+02
  -1.618  0.0000E+00  0.2400E+02
  -1.608  0.0000E+00  0.2400E+02
  -1.598  0.0000E+00  0.2400E+02
  -1.588  0.0000E+00  0.2400E+02
  -1.578  0.0000E+00  0.2400E+02
  -1.568  0.0000E+00  0.2400E+02
  -1.558  0.0000E+00  0.2400E+02
  -1.548  0.0000E+00  0.2400E+02
  -1.538  0.0000E+00  0.2400E+02
  -1.528  0.0000E+00  0.2400E+02
  -1.518  0.0000E+00  0.2400E+02
  -1.508  0.0000E+00  0.2400E+02
  -1.498  0.0000E+00  0.2400E+02
  -1.488  0.0000E+00  0.2400E+02
  -1.478  0.0000E+00  0.2400E+02
  -1.468  0.0000E+00  0.2400E+02
  -1.458  0.0000E+00  0.2400E+02
  -1.448  0.0000E+00  0.2400E+02
  -1.438  0.0000E+00  0.2400E+02
  -1.428  0.0000E+00  0.2400E+02
  -1.418  0.0000E+00  0.2400E+02
  -1.408  0.0000E+00  0.2400E+02
  -1.398  0.0000E+00  0.2400E+02
  -1.388  0.0000E+00  0.2400E+02
  -1.378  0.0000E+00  0.2400E+02
  -1.368  0.0000E+00  0.2400E+02
  -1.358  0.0000E+00  0.2400E+02
  -1.348  0.0000E+00  0.2400E+02
  -1.338  0.0000E+00  0.2400E+02
  -1.328  0.0000E+00  0.2400E+02
  -1.318  0.0000E+00  0.2400E+02
  -1.308  0.0000E+00  0.2400E+02
  -1.298  0.0000E+00  0.2400E+02
  -1.288  0.0000E+00  0.2400E+02
  -1.278  0.0000E+00  0.2400E+02
  -1.268  0.0000E+00  0.2400E+02
  -1.258  0.0000E+00  0.2400E+02
  -1.248  0.0000E+00  0.2400E+02
  -1.238  0.0000E+00  0.2400E+02
  -1.228  0.0000E+00  0.2400E+02
  -1.218  0.0000E+00  0.2400E+02
  -1.208  0.0000E+00  0.2400E+02
  -1.198  0.0000E+00  0.2400E+02
  -1.188  0.0000E+00  0.2400E+02
  -1.178  0.0000E+00  0.2400E+02
  -1.168  0.0000E+00  0.2400E+02
  -1.158  0.0000E+00  0.2400E+02
  -1.148  0.0000E+00  0.2400E+02
  -1.138  0.0000E+00  0.2400E+02
  -1.128  0.0000E+00  0.2400E+02
  -1.118  0.0000E+00  0.2400E+02
  -1.108  0.0000E+00  0.2400E+02
  -1.098  0.0000E+00  0.2400E+02
  -1.088  0.0000E+00  0.2400E+02
  -1.078  0.0000E+00  0.2400E+02
  -1.068  0.0000E+00  0.2400E+02
  -1.058  0.0000E+00  0.2400E+02
  -1.048  0.0000E+00  0.2400E+02
  -1.038  0.0000E+00  0.2400E+02
  -1.028  0.0000E+00  0.2400E+02
  -1.018  0.0000E+00  0.2400E+02
  -1.008  0.0000E+00  0.2400E+02
  -0.998  0.0000E+00  0.2400E+02
  -0.988  0.0000E+00  0.2400E+02
  -0.978  0.0000E+00  0.2400E+02
  -0.968  0.0000E+00  0.2400E+02
  -0.958  0.0000E+00  0.2400E+02
  -0.948  0.0000E+00  0.2400E+02
  -0.938  0.0000E+00  0.2400E+02
  -0.928  0.0000E+00  0.2400E+02
  -0.918  0.0000E+00  0.2400E+02
  -0.908  0.0000E+00  0.2400E+02
  -0.898  0.0000E+00  0.2400E+02
  -0.888  0.0000E+00  0.2400E+02
  -0.878  0.0000E+00  0.2400E+02
  -0.868  0.0000E+00  0.2400E+02
  -0.858  0.0000E+00  0.2400E+02
  -0.848  0.0000E+00  0.2400E+02
  -0.838  0.0000E+00  0.2400E+02
  -0.828  0.0000E+00  0.2400E+02
  -0.818  0.0000E+00  0.2400E+02
  -0.808  0.5255E+01  0.2403E+02
  -0.798  0.3051E+01  0.2406E+02
  -0.788  0.3192E+01  0.2410E+02
  -0.778  0.2774E+01  0.2413E+02
  -0.768  0.2684E+01  0.2415E+02
  -0.758  0.2748E+01  0.2418E+02
  -0.748  0.2794E+01  0.2421E+02
  -0.738  0.2547E+01  0.2424E+02
  -0.728  0.2557E+01  0.2426E+02
  -0.718  0.2573E+01  0.2429E+02
  -0.708  0.2620E+01  0.2431E+02
  -0.698  0.2686E+01  0.2434E+02
  -0.688  0.2618E+01  0.2437E+02
  -0.678  0.2553E+01  0.2439E+02
  -0.668  0.2599E+01  0.2442E+02
  -0.658  0.2650E+01  0.2444E+02
  -0.648  0.2716E+01  0.2447E+02
  -0.638  0.2781E+01  0.2450E+02
  -0.628  0.2775E+01  0.2453E+02
  -0.618  0.2770E+01  0.2455E+02
  -0.608  0.2838E+01  0.2458E+02
  -0.598  0.2920E+01  0.2461E+02
  -0.588  0.3000E+01  0.2464E+02
  -0.578  0.3092E+01  0.2467E+02
  -0.568  0.3226E+01  0.2470E+02
  -0.558  0.3342E+01  0.2474E+02
  -0.548  0.3459E+01  0.2477E+02
  -0.538  0.3682E+01  0.2480E+02
  -0.528  0.3954E+01  0.2484E+02
  -0.518  0.4415E+01  0.2488E+02
  -0.508  0.5798E+01  0.2493E+02
  -0.498  0.4740E+01  0.2499E+02
  -0.488  0.4209E+01  0.2504E+02
  -0.478  0.3800E+01  0.2508E+02
  -0.468  0.3511E+01  0.2511E+02
  -0.458  0.3319E+01  0.2515E+02
  -0.448  0.3206E+01  0.2518E+02
  -0.438  0.3024E+01  0.2521E+02
  -0.428  0.2948E+01  0.2524E+02
  -0.418  0.2906E+01  0.2527E+02
  -0.408  0.2815E+01  0.2530E+02
  -0.398  0.2739E+01  0.2533E+02
  -0.388  0.2725E+01  0.2535E+02
  -0.378  0.2704E+01  0.2538E+02
  -0.368  0.2700E+01  0.2541E+02
  -0.358  0.2710E+01  0.2544E+02
  -0.348  0.2705E+01  0.2546E+02
  -0.338  0.2755E+01  0.2549E+02
  -0.328  0.2887E+01  0.2552E+02
  -0.318  0.3077E+01  0.2555E+02
  -0.308  0.3402E+01  0.2558E+02
  -0.298  0.4343E+01  0.2562E+02
  -0.288  0.9123E+00  0.2569E+02
  -0.278  0.8996E+00  0.2570E+02
  -0.268  0.8854E+00  0.2571E+02
  -0.258  0.8683E+00  0.2572E+02
  -0.248  0.8485E+00  0.2573E+02
  -0.238  0.8335E+00  0.2573E+02
  -0.228  0.8139E+00  0.2574E+02
  -0.218  0.7845E+00  0.2575E+02
  -0.208  0.7736E+00  0.2576E+02
  -0.198  0.7632E+00  0.2577E+02
  -0.188  0.7521E+00  0.2577E+02
  -0.178  0.7408E+00  0.2578E+02
  -0.168  0.7262E+00  0.2579E+02
  -0.158  0.7110E+00  0.2580E+02
  -0.148  0.6862E+00  0.2580E+02
  -0.138  0.6772E+00  0.2581E+02
  -0.128  0.6682E+00  0.2582E+02
  -0.118  0.6580E+00  0.2582E+02
  -0.108  0.6479E+00  0.2583E+02
  -0.098  0.6378E+00  0.2584E+02
  -0.088  0.6276E+00  0.2584E+02
  -0.078  0.6125E+00  0.2585E+02
  -0.068  0.5980E+00  0.2585E+02
  -0.058  0.5912E+00  0.2586E+02
  -0.048  0.5867E+00  0.2587E+02
  -0.038  0.5772E+00  0.2587E+02
  -0.028  0.5675E+00  0.2588E+02
  -0.018  0.5569E+00  0.2588E+02
  -0.008  0.5464E+00  0.2589E+02
   0.002  0.5315E+00  0.2589E+02
   0.012  0.5243E+00  0.2590E+02
   0.022  0.5179E+00  0.2591E+02
   0.032  0.5116E+00  0.2591E+02
   0.042  0.5092E+00  0.2592E+02
   0.052  0.5033E+00  0.2592E+02
   0.062  0.4922E+00  0.2593E+02
   0.072  0.4812E+00  0.2593E+02
   0.082  0.4712E+00  0.2594E+02
   0.092  0.4622E+00  0.2594E+02
   0.102  0.4533E+00  0.2594E+02
   0.112  0.4503E+00  0.2595E+02
   0.122  0.4473E+00  0.2595E+02
   0.132  0.4479E+00  0.2596E+02
   0.142  0.4387E+00  0.2596E+02
   0.152  0.4247E+00  0.2597E+02
   0.162  0.4107E+00  0.2597E+02
   0.172  0.3967E+00  0.2597E+02
   0.182  0.4145E+00  0.2598E+02
   0.192  0.4270E+00  0.2598E+02
   0.202  0.3949E+00  0.2599E+02
   0.212  0.3612E+00  0.2599E+02
   0.222  0.3274E+00  0.2599E+02
   0.232  0.2846E+00  0.2600E+02
   0.242  0.0000E+00  0.2600E+02
   0.252  0.0000E+00  0.2600E+02
   0.262  0.0000E+00  0.2600E+02
   0.272  0.0000E+00  0.2600E+02
   0.282  0.0000E+00  0.2600E+02
   0.292  0.0000E+00  0.2600E+02
   0.302  0.0000E+00  0.2600E+02
   0.312  0.0000E+00  0.2600E+02
   0.322  0.0000E+00  0.2600E+02
   0.332  0.0000E+00  0.2600E+02
   0.342  0.0000E+00  0.2600E+02
   0.352  0.0000E+00  0.2600E+02
   0.362  0.0000E+00  0.2600E+02
   0.372  0.0000E+00  0.2600E+02
   0.382  0.0000E+00  0.2600E+02
   0.392  0.0000E+00  0.2600E+02
   0.402  0.0000E+00  0.2600E+02
   0.412  0.0000E+00  0.2600E+02
   0.422  0.0000E+00  0.2600E+02
   0.432  0.0000E+00  0.2600E+02
   0.442  0.0000E+00  0.2600E+02
   0.452  0.0000E+00  0.2600E+02
   0.462  0.0000E+00  0.2600E+02
   0.472  0.0000E+00  0.2600E+02
   0.482  0.0000E+00  0.2600E+02
   0.492  0.0000E+00  0.2600E+02
   0.502  0.0000E+00  0.2600E+02
   0.512  0.0000E+00  0.2600E+02
   0.522  0.0000E+00  0.2600E+02
   0.532  0.0000E+00  0.2600E+02
   0.542  0.0000E+00  0.2600E+02
   0.552  0.0000E+00  0.2600E+02
   0.562  0.0000E+00  0.2600E+02
   0.572  0.0000E+00  0.2600E+02
   0.582  0.0000E+00  0.2600E+02
   0.592  0.0000E+00  0.2600E+02
   0.602  0.0000E+00  0.2600E+02
   0.612  0.0000E+00  0.2600E+02
   0.622  0.0000E+00  0.2600E+02
   0.632  0.0000E+00  0.2600E+02
   0.642  0.0000E+00  0.2600E+02
   0.652  0.0000E+00  0.2600E+02
   0.662  0.0000E+00  0.2600E+02
   0.672  0.0000E+00  0.2600E+02
   0.682  0.0000E+00  0.2600E+02
   0.692  0.0000E+00  0.2600E+02
   0.702  0.0000E+00  0.2600E+02
   0.712  0.0000E+00  0.2600E+02
   0.722  0.0000E+00  0.2600E+02
   0.732  0.0000E+00  0.2600E+02
   0.742  0.0000E+00  0.2600E+02
   0.752  0.0000E+00  0.2600E+02
   0.762  0.0000E+00  0.2600E+02
   0.772  0.0000E+00  0.2600E+02
   0.782  0.0000E+00  0.2600E+02
   0.792  0.0000E+00  0.2600E+02
   0.802  0.0000E+00  0.2600E+02
   0.812  0.0000E+00  0.2600E+02
   0.822  0.0000E+00  0.2600E+02
   0.832  0.0000E+00  0.2600E+02
   0.842  0.0000E+00  0.2600E+02
   0.852  0.0000E+00  0.2600E+02
   0.862  0.0000E+00  0.2600E+02
   0.872  0.0000E+00  0.2600E+02
   0.882  0.0000E+00  0.2600E+02
   0.892  0.0000E+00  0.2600E+02
   0.902  0.0000E+00  0.2600E+02
   0.912  0.0000E+00  0.2600E+02
   0.922  0.0000E+00  0.2600E+02
   0.932  0.0000E+00  0.2600E+02
   0.942  0.0000E+00  0.2600E+02
   0.952  0.0000E+00  0.2600E+02
   0.962  0.0000E+00  0.2600E+02
   0.972  0.0000E+00  0.2600E+02
   0.982  0.0000E+00  0.2600E+02
   0.992  0.0000E+00  0.2600E+02
   1.002  0.0000E+00  0.2600E+02
   1.012  0.0000E+00  0.2600E+02
   1.022  0.0000E+00  0.2600E+02
   1.032  0.0000E+00  0.2600E+02
   1.042  0.0000E+00  0.2600E+02
   1.052  0.0000E+00  0.2600E+02
   1.062  0.0000E+00  0.2600E+02
   1.072  0.0000E+00  0.2600E+02
   1.082  0.0000E+00  0.2600E+02
   1.092  0.0000E+00  0.2600E+02
   1.102  0.0000E+00  0.2600E+02
   1.112  0.0000E+00  0.2600E+02
   1.122  0.0000E+00  0.2600E+02
   1.132  0.0000E+00  0.2600E+02
   1.142  0.0000E+00  0.2600E+02
   1.152  0.0000E+00  0.2600E+02
   1.162  0.0000E+00  0.2600E+02
   1.172  0.0000E+00  0.2600E+02
   1.182  0.0000E+00  0.2600E+02
   1.192  0.0000E+00  0.2600E+02
   1.202  0.0000E+00  0.2600E+02
   1.212  0.0000E+00  0.2600E+02
   1.222  0.0000E+00  0.2600E+02
   1.232  0.0000E+00  0.2600E+02
   1.242  0.2446E+01  0.2600E+02
   1.252  0.2737E+01  0.2603E+02
   1.262  0.3039E+01  0.2606E+02
   1.272  0.3315E+01  0.2609E+02
   1.282  0.3767E+01  0.2613E+02
   1.292  0.4379E+01  0.2618E+02
   1.302  0.3381E+01  0.2621E+02
   1.312  0.2928E+01  0.2625E+02
   1.322  0.2440E+01  0.2627E+02
   1.332  0.2308E+01  0.2630E+02
   1.342  0.2205E+01  0.2632E+02
   1.352  0.2118E+01  0.2634E+02
   1.362  0.2039E+01  0.2636E+02
   1.372  0.1866E+01  0.2638E+02
   1.382  0.1796E+01  0.2640E+02
   1.392  0.1712E+01  0.2642E+02
   1.402  0.1717E+01  0.2643E+02
   1.412  0.1904E+01  0.2645E+02
   1.422  0.2109E+01  0.2647E+02
   1.432  0.1865E+01  0.2648E+02
   1.442  0.1759E+01  0.2650E+02
   1.452  0.1772E+01  0.2652E+02
   1.462  0.1660E+01  0.2654E+02
   1.472  0.1685E+01  0.2655E+02
   1.482  0.1644E+01  0.2657E+02
   1.492  0.1632E+01  0.2659E+02
   1.502  0.1640E+01  0.2660E+02
   1.512  0.1663E+01  0.2662E+02
   1.522  0.1617E+01  0.2664E+02
   1.532  0.1610E+01  0.2665E+02
   1.542  0.1605E+01  0.2667E+02
   1.552  0.1580E+01  0.2668E+02
   1.562  0.1573E+01  0.2670E+02
   1.572  0.1533E+01  0.2672E+02
   1.582  0.1528E+01  0.2673E+02
   1.592  0.1531E+01  0.2675E+02
   1.602  0.1536E+01  0.2676E+02
   1.612  0.1545E+01  0.2678E+02
   1.622  0.1530E+01  0.2679E+02
   1.632  0.1508E+01  0.2681E+02
   1.642  0.1506E+01  0.2682E+02
   1.652  0.1513E+01  0.2684E+02
   1.662  0.1500E+01  0.2685E+02
   1.672  0.1487E+01  0.2687E+02
   1.682  0.1490E+01  0.2688E+02
   1.692  0.1477E+01  0.2690E+02
   1.702  0.1450E+01  0.2691E+02
   1.712  0.1452E+01  0.2693E+02
   1.722  0.1455E+01  0.2694E+02
   1.732  0.1460E+01  0.2696E+02
   1.742  0.1464E+01  0.2697E+02
   1.752  0.1470E+01  0.2698E+02
   1.762  0.1476E+01  0.2700E+02
   1.772  0.1481E+01  0.2701E+02
   1.782  0.1452E+01  0.2703E+02
   1.792  0.1441E+01  0.2704E+02
   1.802  0.1428E+01  0.2706E+02
   1.812  0.1427E+01  0.2707E+02
   1.822  0.1429E+01  0.2709E+02
   1.832  0.1431E+01  0.2710E+02
   1.842  0.1434E+01  0.2712E+02
   1.852  0.1438E+01  0.2713E+02
   1.862  0.1451E+01  0.2714E+02
   1.872  0.1459E+01  0.2716E+02
   1.882  0.1431E+01  0.2717E+02
   1.892  0.1430E+01  0.2719E+02
   1.902  0.1431E+01  0.2720E+02
   1.912  0.1435E+01  0.2722E+02
   1.922  0.1438E+01  0.2723E+02
   1.932  0.1438E+01  0.2724E+02
   1.942  0.1432E+01  0.2726E+02
   1.952  0.1440E+01  0.2727E+02
   1.962  0.1447E+01  0.2729E+02
   1.972  0.1452E+01  0.2730E+02
   1.982  0.1457E+01  0.2732E+02
   1.992  0.1430E+01  0.2733E+02
   2.002  0.1427E+01  0.2735E+02
   2.012  0.1427E+01  0.2736E+02
   2.022  0.1444E+01  0.2737E+02
   2.032  0.1452E+01  0.2739E+02
   2.042  0.1459E+01  0.2740E+02
   2.052  0.1467E+01  0.2742E+02
   2.062  0.1473E+01  0.2743E+02
   2.072  0.1479E+01  0.2745E+02
   2.082  0.1483E+01  0.2746E+02
   2.092  0.1486E+01  0.2748E+02
   2.102  0.1499E+01  0.2749E+02
   2.112  0.1512E+01  0.2751E+02
   2.122  0.1486E+01  0.2752E+02
   2.132  0.1489E+01  0.2754E+02
   2.142  0.1492E+01  0.2755E+02
   2.152  0.1497E+01  0.2757E+02
   2.162  0.1501E+01  0.2758E+02
   2.172  0.1235E+02  0.2767E+02
   2.182  0.6993E+01  0.2775E+02
   2.192  0.5198E+01  0.2781E+02
   2.202  0.4945E+01  0.2786E+02
   2.212  0.4333E+01  0.2790E+02
   2.222  0.4239E+01  0.2794E+02
   2.232  0.4243E+01  0.2799E+02
   2.242  0.3854E+01  0.2803E+02
   2.252  0.3670E+01  0.2806E+02
   2.262  0.3880E+01  0.2810E+02
   2.272  0.3885E+01  0.2814E+02
   2.282  0.3927E+01  0.2818E+02
   2.292  0.4061E+01  0.2822E+02
   2.302  0.4134E+01  0.2826E+02
   2.312  0.4360E+01  0.2831E+02
   2.322  0.4391E+01  0.2836E+02
   2.332  0.3499E+01  0.2839E+02
   2.342  0.3480E+01  0.2843E+02
   2.352  0.3543E+01  0.2846E+02
   2.362  0.3676E+01  0.2850E+02
   2.372  0.3780E+01  0.2854E+02
   2.382  0.3867E+01  0.2858E+02
   2.392  0.3955E+01  0.2862E+02
   2.402  0.3783E+01  0.2865E+02
   2.412  0.3640E+01  0.2869E+02
   2.422  0.3636E+01  0.2873E+02
   2.432  0.3652E+01  0.2876E+02
   2.442  0.3670E+01  0.2880E+02
   2.452  0.3679E+01  0.2884E+02
   2.462  0.3679E+01  0.2887E+02
   2.472  0.3719E+01  0.2891E+02
   2.482  0.3786E+01  0.2895E+02
   2.492  0.3857E+01  0.2899E+02
   2.502  0.3919E+01  0.2903E+02
   2.512  0.3958E+01  0.2906E+02
   2.522  0.3927E+01  0.2910E+02
   2.532  0.3889E+01  0.2914E+02
   2.542  0.4258E+01  0.2918E+02
   2.552  0.4506E+01  0.2923E+02
   2.562  0.4676E+01  0.2927E+02
   2.572  0.4898E+01  0.2932E+02
   2.582  0.5592E+01  0.2937E+02
   2.592  0.6407E+01  0.2943E+02
   2.602  0.5387E+01  0.2950E+02
   2.612  0.6528E+01  0.2956E+02
   2.622  0.6447E+01  0.2962E+02
   2.632  0.6290E+01  0.2969E+02
   2.642  0.6225E+01  0.2975E+02
   2.652  0.6301E+01  0.2981E+02
   2.662  0.6291E+01  0.2988E+02
   2.672  0.6274E+01  0.2994E+02
   2.682  0.6411E+01  0.3000E+02
   2.692  0.6524E+01  0.3007E+02
   2.702  0.6819E+01  0.3013E+02
   2.712  0.7087E+01  0.3020E+02
   2.722  0.7454E+01  0.3028E+02
   2.732  0.7964E+01  0.3035E+02
   2.742  0.9410E+01  0.3044E+02
   2.752  0.1002E+02  0.3053E+02
   2.762  0.1093E+02  0.3066E+02
   2.772  0.8111E+01  0.3076E+02
   2.782  0.8548E+01  0.3084E+02
   2.792  0.5295E+01  0.3091E+02
   2.802  0.2932E+01  0.3094E+02
   2.812  0.2855E+01  0.3097E+02
   2.822  0.2809E+01  0.3100E+02
   2.832  0.2775E+01  0.3103E+02
   2.842  0.2779E+01  0.3106E+02
   2.852  0.2772E+01  0.3109E+02
   2.862  0.2824E+01  0.3111E+02
   2.872  0.2882E+01  0.3114E+02
   2.882  0.2951E+01  0.3117E+02
   2.892  0.3039E+01  0.3120E+02
   2.902  0.3134E+01  0.3123E+02
   2.912  0.3293E+01  0.3126E+02
   2.922  0.3414E+01  0.3130E+02
   2.932  0.3254E+01  0.3133E+02
   2.942  0.3185E+01  0.3136E+02
   2.952  0.3118E+01  0.3140E+02
   2.962  0.3100E+01  0.3143E+02
   2.972  0.3140E+01  0.3146E+02
   2.982  0.3214E+01  0.3149E+02
   2.992  0.3339E+01  0.3152E+02
   3.002  0.3325E+01  0.3156E+02
   3.012  0.3379E+01  0.3159E+02
   3.022  0.3493E+01  0.3162E+02
   3.032  0.3850E+01  0.3166E+02
   3.042  0.3913E+01  0.3170E+02
   3.052  0.3907E+01  0.3174E+02
   3.062  0.4129E+01  0.3178E+02
   3.072  0.3969E+01  0.3182E+02
   3.082  0.3964E+01  0.3186E+02
   3.092  0.3973E+01  0.3190E+02
   3.102  0.4378E+01  0.3194E+02
   3.112  0.3912E+01  0.3198E+02
   3.122  0.3677E+01  0.3202E+02
   3.132  0.3793E+01  0.3206E+02
   3.142  0.4111E+01  0.3210E+02
   3.152  0.4378E+01  0.3214E+02
   3.162  0.4722E+01  0.3218E+02
   3.172  0.4794E+01  0.3223E+02
   3.182  0.5046E+01  0.3228E+02
   3.192  0.5365E+01  0.3233E+02
   3.202  0.6109E+01  0.3239E+02
   3.212  0.8159E+01  0.3246E+02
   3.222  0.6482E+01  0.3253E+02
   3.232  0.5757E+01  0.3259E+02
   3.242  0.5499E+01  0.3265E+02
   3.252  0.5287E+01  0.3270E+02
   3.262  0.5232E+01  0.3276E+02
   3.272  0.4920E+01  0.3281E+02
   3.282  0.2637E+01  0.3285E+02
   3.292  0.2628E+01  0.3287E+02
   3.302  0.2658E+01  0.3290E+02
   3.312  0.2679E+01  0.3293E+02
   3.322  0.2694E+01  0.3295E+02
   3.332  0.2701E+01  0.3298E+02
   3.342  0.2711E+01  0.3301E+02
   3.352  0.2628E+01  0.3304E+02
   3.362  0.2572E+01  0.3307E+02
   3.372  0.2518E+01  0.3309E+02
   3.382  0.2469E+01  0.3312E+02
   3.392  0.2564E+01  0.3314E+02
   3.402  0.4164E+01  0.3317E+02
   3.412  0.2830E+01  0.3320E+02
   3.422  0.3231E+01  0.3323E+02
   3.432  0.3274E+01  0.3327E+02
   3.442  0.3136E+01  0.3330E+02
   3.452  0.3211E+01  0.3333E+02
   3.462  0.3334E+01  0.3336E+02
   3.472  0.3543E+01  0.3340E+02
   3.482  0.4030E+01  0.3343E+02
   3.492  0.5032E+01  0.3348E+02
   3.502  0.4066E+01  0.3352E+02
   3.512  0.4280E+01  0.3357E+02
   3.522  0.4750E+01  0.3361E+02
   3.532  0.5673E+01  0.3366E+02
   3.542  0.7783E+01  0.3373E+02
   3.552  0.5675E+01  0.3379E+02
   3.562  0.5565E+01  0.3385E+02
   3.572  0.7286E+01  0.3391E+02
   3.582  0.5073E+01  0.3396E+02
   3.592  0.4772E+01  0.3401E+02
   3.602  0.4557E+01  0.3406E+02
   3.612  0.4392E+01  0.3410E+02
   3.622  0.2183E+01  0.3414E+02
   3.632  0.2371E+01  0.3416E+02
   3.642  0.1680E+01  0.3418E+02
   3.652  0.1548E+01  0.3420E+02
   3.662  0.1541E+01  0.3421E+02
   3.672  0.1540E+01  0.3423E+02
   3.682  0.1542E+01  0.3425E+02
   3.692  0.1532E+01  0.3426E+02
   3.702  0.1534E+01  0.3428E+02
   3.712  0.1547E+01  0.3429E+02
   3.722  0.1553E+01  0.3431E+02
   3.732  0.1558E+01  0.3432E+02
   3.742  0.1550E+01  0.3434E+02
   3.752  0.1530E+01  0.3435E+02
   3.762  0.1526E+01  0.3437E+02
   3.772  0.1531E+01  0.3438E+02
   3.782  0.1548E+01  0.3440E+02
   3.792  0.1550E+01  0.3442E+02
   3.802  0.1539E+01  0.3443E+02
   3.812  0.1529E+01  0.3445E+02
   3.822  0.1538E+01  0.3446E+02
   3.832  0.1577E+01  0.3448E+02
   3.842  0.1527E+01  0.3449E+02
   3.852  0.1481E+01  0.3451E+02
   3.862  0.1572E+01  0.3452E+02
   3.872  0.1072E+01  0.3454E+02
   3.882  0.1078E+01  0.3455E+02
   3.892  0.1085E+01  0.3456E+02
   3.902  0.1084E+01  0.3457E+02
   3.912  0.1087E+01  0.3458E+02
   3.922  0.1093E+01  0.3459E+02
   3.932  0.1098E+01  0.3460E+02
   3.942  0.1097E+01  0.3461E+02
   3.952  0.1099E+01  0.3462E+02
   3.962  0.1103E+01  0.3463E+02
   3.972  0.1107E+01  0.3465E+02
   3.982  0.1110E+01  0.3466E+02
   3.992  0.1110E+01  0.3467E+02
   4.002  0.1114E+01  0.3468E+02
   4.012  0.1118E+01  0.3469E+02
   4.022  0.1123E+01  0.3470E+02
   4.032  0.1128E+01  0.3471E+02
   4.042  0.1134E+01  0.3472E+02
   4.052  0.1139E+01  0.3473E+02
   4.062  0.1145E+01  0.3475E+02
   4.072  0.1151E+01  0.3476E+02
   4.082  0.1147E+01  0.3477E+02
   4.092  0.1145E+01  0.3478E+02
   4.102  0.1146E+01  0.3479E+02
   4.112  0.1147E+01  0.3480E+02
   4.122  0.1149E+01  0.3482E+02
   4.132  0.1152E+01  0.3483E+02
   4.142  0.1156E+01  0.3484E+02
   4.152  0.1159E+01  0.3485E+02
   4.162  0.1163E+01  0.3486E+02
   4.172  0.1167E+01  0.3487E+02
   4.182  0.1173E+01  0.3488E+02
   4.192  0.1190E+01  0.3490E+02
   4.202  0.1182E+01  0.3491E+02
   4.212  0.1187E+01  0.3492E+02
   4.222  0.1188E+01  0.3493E+02
   4.232  0.1191E+01  0.3494E+02
   4.242  0.1194E+01  0.3496E+02
   4.252  0.1198E+01  0.3497E+02
   4.262  0.1201E+01  0.3498E+02
   4.272  0.1204E+01  0.3499E+02
   4.282  0.1209E+01  0.3500E+02
   4.292  0.1214E+01  0.3502E+02
   4.302  0.1216E+01  0.3503E+02
   4.312  0.1218E+01  0.3504E+02
   4.322  0.1221E+01  0.3505E+02
   4.332  0.1224E+01  0.3506E+02
   4.342  0.1226E+01  0.3508E+02
   4.352  0.1229E+01  0.3509E+02
   4.362  0.1326E+01  0.3510E+02
   4.372  0.1497E+01  0.3512E+02
   4.382  0.1542E+01  0.3513E+02
   4.392  0.1577E+01  0.3515E+02
   4.402  0.1538E+01  0.3516E+02
   4.412  0.1557E+01  0.3518E+02
   4.422  0.1577E+01  0.3519E+02
   4.432  0.1567E+01  0.3521E+02
   4.442  0.1567E+01  0.3523E+02
   4.452  0.1569E+01  0.3524E+02
   4.462  0.1580E+01  0.3526E+02
   4.472  0.1592E+01  0.3527E+02
   4.482  0.1604E+01  0.3529E+02
   4.492  0.1589E+01  0.3531E+02
   4.502  0.1594E+01  0.3532E+02
   4.512  0.1599E+01  0.3534E+02
   4.522  0.1605E+01  0.3535E+02
   4.532  0.1615E+01  0.3537E+02
   4.542  0.1624E+01  0.3539E+02
   4.552  0.1625E+01  0.3540E+02
   4.562  0.1625E+01  0.3542E+02
   4.572  0.1625E+01  0.3543E+02
   4.582  0.1631E+01  0.3545E+02
   4.592  0.1637E+01  0.3547E+02
   4.602  0.1644E+01  0.3548E+02
   4.612  0.1651E+01  0.3550E+02
   4.622  0.1659E+01  0.3552E+02
   4.632  0.1667E+01  0.3553E+02
   4.642  0.1665E+01  0.3555E+02
   4.652  0.1670E+01  0.3557E+02
   4.662  0.1673E+01  0.3558E+02
   4.672  0.1677E+01  0.3560E+02
   4.682  0.1684E+01  0.3562E+02
   4.692  0.1691E+01  0.3563E+02
   4.702  0.1698E+01  0.3565E+02
   4.712  0.1703E+01  0.3567E+02
   4.722  0.1709E+01  0.3568E+02
   4.732  0.1711E+01  0.3570E+02
   4.742  0.1715E+01  0.3572E+02
   4.752  0.1721E+01  0.3574E+02
   4.762  0.1727E+01  0.3575E+02
   4.772  0.1735E+01  0.3577E+02
   4.782  0.1742E+01  0.3579E+02
   4.792  0.1750E+01  0.3581E+02
   4.802  0.1758E+01  0.3582E+02
   4.812  0.1767E+01  0.3584E+02
   4.822  0.1776E+01  0.3586E+02
   4.832  0.1782E+01  0.3588E+02
   4.842  0.1784E+01  0.3589E+02
   4.852  0.1790E+01  0.3591E+02
   4.862  0.1794E+01  0.3593E+02
   4.872  0.1800E+01  0.3595E+02
   4.882  0.1808E+01  0.3597E+02
   4.892  0.1817E+01  0.3598E+02
   4.902  0.1826E+01  0.3600E+02
   4.912  0.1836E+01  0.3602E+02
   4.922  0.1847E+01  0.3604E+02
   4.932  0.1857E+01  0.3606E+02
   4.942  0.1905E+01  0.3608E+02
   4.952  0.2174E+01  0.3610E+02
   4.962  0.2093E+01  0.3612E+02
   4.972  0.2126E+01  0.3614E+02
   4.982  0.2160E+01  0.3616E+02
   4.992  0.2152E+01  0.3618E+02
   5.002  0.2161E+01  0.3620E+02
   5.012  0.2178E+01  0.3622E+02
   5.022  0.2196E+01  0.3625E+02
   5.032  0.2221E+01  0.3627E+02
   5.042  0.2227E+01  0.3629E+02
   5.052  0.2244E+01  0.3631E+02
   5.062  0.2262E+01  0.3634E+02
   5.072  0.2284E+01  0.3636E+02
   5.082  0.2306E+01  0.3638E+02
   5.092  0.2325E+01  0.3640E+02
   5.102  0.2341E+01  0.3643E+02
   5.112  0.2355E+01  0.3645E+02
   5.122  0.2386E+01  0.3648E+02
   5.132  0.2416E+01  0.3650E+02
   5.142  0.2443E+01  0.3652E+02
   5.152  0.2469E+01  0.3655E+02
   5.162  0.2493E+01  0.3657E+02
   5.172  0.2519E+01  0.3660E+02
   5.182  0.2540E+01  0.3662E+02
   5.192  0.2580E+01  0.3665E+02
   5.202  0.2609E+01  0.3667E+02
   5.212  0.2641E+01  0.3670E+02
   5.222  0.2672E+01  0.3673E+02
   5.232  0.2703E+01  0.3675E+02
   5.242  0.2765E+01  0.3678E+02
   5.252  0.2812E+01  0.3681E+02
   5.262  0.2854E+01  0.3684E+02
   5.272  0.2893E+01  0.3687E+02
   5.282  0.3008E+01  0.3690E+02
   5.292  0.3086E+01  0.3693E+02
   5.302  0.3165E+01  0.3696E+02
   5.312  0.3665E+01  0.3699E+02
   5.322  0.3483E+01  0.3703E+02
   5.332  0.3124E+01  0.3706E+02
   5.342  0.3106E+01  0.3709E+02
   5.352  0.3075E+01  0.3712E+02
   5.362  0.3003E+01  0.3715E+02
   5.372  0.2969E+01  0.3718E+02
   5.382  0.2967E+01  0.3721E+02
   5.392  0.2961E+01  0.3724E+02
   5.402  0.2956E+01  0.3727E+02
   5.412  0.2946E+01  0.3730E+02
   5.422  0.2938E+01  0.3733E+02
   5.432  0.2942E+01  0.3736E+02
   5.442  0.2946E+01  0.3739E+02
   5.452  0.2949E+01  0.3742E+02
   5.462  0.2954E+01  0.3745E+02
   5.472  0.2971E+01  0.3748E+02
   5.482  0.2979E+01  0.3751E+02
   5.492  0.2986E+01  0.3754E+02
   5.502  0.3016E+01  0.3757E+02
   5.512  0.3033E+01  0.3760E+02
   5.522  0.3051E+01  0.3763E+02
   5.532  0.3071E+01  0.3766E+02
   5.542  0.3091E+01  0.3769E+02
   5.552  0.3100E+01  0.3772E+02
   5.562  0.3108E+01  0.3775E+02
   5.572  0.3118E+01  0.3778E+02
   5.582  0.3130E+01  0.3781E+02
   5.592  0.3144E+01  0.3785E+02
   5.602  0.3164E+01  0.3788E+02
   5.612  0.3183E+01  0.3791E+02
   5.622  0.3207E+01  0.3794E+02
   5.632  0.3228E+01  0.3797E+02
   5.642  0.3246E+01  0.3800E+02
   5.652  0.3302E+01  0.3804E+02
   5.662  0.3339E+01  0.3807E+02
   5.672  0.3363E+01  0.3810E+02
   5.682  0.3390E+01  0.3814E+02
   5.692  0.3414E+01  0.3817E+02
   5.702  0.3442E+01  0.3821E+02
   5.712  0.3466E+01  0.3824E+02
   5.722  0.3492E+01  0.3828E+02
   5.732  0.3525E+01  0.3831E+02
   5.742  0.3572E+01  0.3835E+02
   5.752  0.3763E+01  0.3838E+02
   5.762  0.3912E+01  0.3842E+02
   5.772  0.4534E+01  0.3846E+02
   5.782  0.4759E+01  0.3851E+02
   5.792  0.4921E+01  0.3856E+02
   5.802  0.5200E+01  0.3861E+02
   5.812  0.5512E+01  0.3866E+02
   5.822  0.6090E+01  0.3872E+02
   5.832  0.6552E+01  0.3879E+02
   5.842  0.5705E+01  0.3885E+02
   5.852  0.5063E+01  0.3890E+02
   5.862  0.5029E+01  0.3895E+02
   5.872  0.5055E+01  0.3900E+02
   5.882  0.4934E+01  0.3905E+02
   5.892  0.4806E+01  0.3910E+02
   5.902  0.4658E+01  0.3915E+02
   5.912  0.4481E+01  0.3919E+02
   5.922  0.4345E+01  0.3924E+02
   5.932  0.4415E+01  0.3928E+02
   5.942  0.4377E+01  0.3932E+02
   5.952  0.4343E+01  0.3937E+02
   5.962  0.4370E+01  0.3941E+02
   5.972  0.4309E+01  0.3946E+02
   5.982  0.4246E+01  0.3950E+02
   5.992  0.4099E+01  0.3954E+02
   6.002  0.4085E+01  0.3958E+02
   6.012  0.4030E+01  0.3962E+02
   6.022  0.3891E+01  0.3966E+02
   6.032  0.3819E+01  0.3970E+02
   6.042  0.3752E+01  0.3974E+02
   6.052  0.3529E+01  0.3977E+02
   6.062  0.3515E+01  0.3981E+02
   6.072  0.3486E+01  0.3985E+02
   6.082  0.3435E+01  0.3988E+02
   6.092  0.3349E+01  0.3991E+02
   6.102  0.3310E+01  0.3995E+02
   6.112  0.3275E+01  0.3998E+02
   6.122  0.3162E+01  0.4001E+02
   6.132  0.3065E+01  0.4004E+02
   6.142  0.3036E+01  0.4007E+02
   6.152  0.3008E+01  0.4010E+02
   6.162  0.2978E+01  0.4013E+02
   6.172  0.2921E+01  0.4016E+02
   6.182  0.2871E+01  0.4019E+02
   6.192  0.2845E+01  0.4022E+02
   6.202  0.2820E+01  0.4025E+02
   6.212  0.2781E+01  0.4028E+02
   6.222  0.2723E+01  0.4031E+02
   6.232  0.2548E+01  0.4033E+02
   6.242  0.2414E+01  0.4036E+02
   6.252  0.2397E+01  0.4038E+02
   6.262  0.2384E+01  0.4040E+02
   6.272  0.2371E+01  0.4043E+02
   6.282  0.2363E+01  0.4045E+02
   6.292  0.2358E+01  0.4048E+02
   6.302  0.2352E+01  0.4050E+02
   6.312  0.2345E+01  0.4052E+02
   6.322  0.2337E+01  0.4055E+02
   6.332  0.2332E+01  0.4057E+02
   6.342  0.2330E+01  0.4059E+02
   6.352  0.2329E+01  0.4062E+02
   6.362  0.2297E+01  0.4064E+02
   6.372  0.2284E+01  0.4066E+02
   6.382  0.2279E+01  0.4068E+02
   6.392  0.2276E+01  0.4071E+02
   6.402  0.2274E+01  0.4073E+02
   6.412  0.2271E+01  0.4075E+02
   6.422  0.2271E+01  0.4078E+02
   6.432  0.2381E+01  0.4080E+02
   6.442  0.2572E+01  0.4082E+02
   6.452  0.2630E+01  0.4085E+02
   6.462  0.2636E+01  0.4088E+02
   6.472  0.2621E+01  0.4090E+02
   6.482  0.2646E+01  0.4093E+02
   6.492  0.2676E+01  0.4096E+02
   6.502  0.2674E+01  0.4098E+02
   6.512  0.2682E+01  0.4101E+02
   6.522  0.2707E+01  0.4104E+02
   6.532  0.2731E+01  0.4106E+02
   6.542  0.2744E+01  0.4109E+02
   6.552  0.2754E+01  0.4112E+02
   6.562  0.2786E+01  0.4115E+02
   6.572  0.2820E+01  0.4117E+02
   6.582  0.2857E+01  0.4120E+02
   6.592  0.2933E+01  0.4123E+02
   6.602  0.3374E+01  0.4126E+02
   6.612  0.3413E+01  0.4130E+02
   6.622  0.2984E+01  0.4133E+02
   6.632  0.2958E+01  0.4136E+02
   6.642  0.3014E+01  0.4139E+02
   6.652  0.3069E+01  0.4142E+02
   6.662  0.3079E+01  0.4145E+02
   6.672  0.2997E+01  0.4148E+02
   6.682  0.3000E+01  0.4151E+02
   6.692  0.3047E+01  0.4154E+02
   6.702  0.3093E+01  0.4157E+02
   6.712  0.3098E+01  0.4160E+02
   6.722  0.3112E+01  0.4163E+02
   6.732  0.3105E+01  0.4166E+02
   6.742  0.3111E+01  0.4170E+02
   6.752  0.3109E+01  0.4173E+02
   6.762  0.3106E+01  0.4176E+02
   6.772  0.3193E+01  0.4179E+02
   6.782  0.3212E+01  0.4182E+02
   6.792  0.3231E+01  0.4185E+02
   6.802  0.3576E+01  0.4189E+02
   6.812  0.3465E+01  0.4192E+02
   6.822  0.3363E+01  0.4196E+02
   6.832  0.3123E+01  0.4199E+02
   6.842  0.3117E+01  0.4202E+02
   6.852  0.3113E+01  0.4205E+02
   6.862  0.3131E+01  0.4208E+02
   6.872  0.3076E+01  0.4212E+02
   6.882  0.3036E+01  0.4215E+02
   6.892  0.3012E+01  0.4218E+02
   6.902  0.3014E+01  0.4221E+02
   6.912  0.3039E+01  0.4224E+02
   6.922  0.3061E+01  0.4227E+02
   6.932  0.3079E+01  0.4230E+02
   6.942  0.3053E+01  0.4233E+02
   6.952  0.4954E+01  0.4237E+02
   6.962  0.4458E+01  0.4242E+02
   6.972  0.4144E+01  0.4247E+02
   6.982  0.3954E+01  0.4251E+02
   6.992  0.3284E+01  0.4254E+02
   7.002  0.3302E+01  0.4258E+02
   7.012  0.3333E+01  0.4261E+02
   7.022  0.3289E+01  0.4264E+02
   7.032  0.3173E+01  0.4268E+02
   7.042  0.3132E+01  0.4271E+02
   7.052  0.3154E+01  0.4274E+02
   7.062  0.3175E+01  0.4277E+02
   7.072  0.3201E+01  0.4280E+02
   7.082  0.3206E+01  0.4283E+02
   7.092  0.3162E+01  0.4287E+02
   7.102  0.3100E+01  0.4290E+02
   7.112  0.3123E+01  0.4293E+02
   7.122  0.3144E+01  0.4296E+02
   7.132  0.3210E+01  0.4299E+02
   7.142  0.3274E+01  0.4302E+02
   7.152  0.3321E+01  0.4306E+02
   7.162  0.3398E+01  0.4309E+02
   7.172  0.3407E+01  0.4312E+02
   7.182  0.3435E+01  0.4316E+02
   7.192  0.3465E+01  0.4319E+02
   7.202  0.3507E+01  0.4323E+02
   7.212  0.3659E+01  0.4326E+02
   7.222  0.3785E+01  0.4330E+02
   7.232  0.3914E+01  0.4334E+02
   7.242  0.4077E+01  0.4338E+02
   7.252  0.4289E+01  0.4342E+02
   7.262  0.4826E+01  0.4347E+02
   7.272  0.5471E+01  0.4352E+02
   7.282  0.5857E+01  0.4357E+02
   7.292  0.7544E+01  0.4364E+02
   7.302  0.6951E+01  0.4371E+02
   7.312  0.7386E+01  0.4378E+02
   7.322  0.6117E+01  0.4385E+02
   7.332  0.6757E+01  0.4391E+02
   7.342  0.5822E+01  0.4398E+02
   7.352  0.5212E+01  0.4403E+02
   7.362  0.4818E+01  0.4408E+02
   7.372  0.5288E+01  0.4413E+02
   7.382  0.5305E+01  0.4419E+02
   7.392  0.5686E+01  0.4424E+02
   7.402  0.6471E+01  0.4430E+02
   7.412  0.5392E+01  0.4436E+02
   7.422  0.5280E+01  0.4441E+02
   7.432  0.5143E+01  0.4446E+02
   7.442  0.5115E+01  0.4451E+02
   7.452  0.5173E+01  0.4456E+02
   7.462  0.5203E+01  0.4462E+02
   7.472  0.5006E+01  0.4467E+02
   7.482  0.5241E+01  0.4472E+02
   7.492  0.5216E+01  0.4477E+02
   7.502  0.5197E+01  0.4482E+02
   7.512  0.5174E+01  0.4488E+02
   7.522  0.5258E+01  0.4493E+02
   7.532  0.5346E+01  0.4498E+02
   7.542  0.5648E+01  0.4504E+02
   7.552  0.5510E+01  0.4510E+02
   7.562  0.5471E+01  0.4515E+02
   7.572  0.5274E+01  0.4521E+02
   7.582  0.5068E+01  0.4526E+02
   7.592  0.5130E+01  0.4531E+02
   7.602  0.5016E+01  0.4536E+02
   7.612  0.4513E+01  0.4541E+02
   7.622  0.4366E+01  0.4545E+02
   7.632  0.4364E+01  0.4550E+02
   7.642  0.4264E+01  0.4554E+02
   7.652  0.4298E+01  0.4558E+02
   7.662  0.4373E+01  0.4562E+02
   7.672  0.4224E+01  0.4567E+02
   7.682  0.4845E+01  0.4572E+02
   7.692  0.4949E+01  0.4577E+02
   7.702  0.4927E+01  0.4581E+02
   7.712  0.4883E+01  0.4586E+02
   7.722  0.4953E+01  0.4591E+02
   7.732  0.5113E+01  0.4596E+02
   7.742  0.5361E+01  0.4602E+02
   7.752  0.5463E+01  0.4607E+02
   7.762  0.5504E+01  0.4613E+02
   7.772  0.5735E+01  0.4618E+02
   7.782  0.6722E+01  0.4624E+02
   7.792  0.5766E+01  0.4631E+02
   7.802  0.5456E+01  0.4636E+02
   7.812  0.5212E+01  0.4642E+02
   7.822  0.5083E+01  0.4647E+02
   7.832  0.5454E+01  0.4653E+02
   7.842  0.5083E+01  0.4658E+02
   7.852  0.5176E+01  0.4663E+02
   7.862  0.5043E+01  0.4668E+02
   7.872  0.5152E+01  0.4674E+02
   7.882  0.9524E+01  0.4681E+02
   7.892  0.8372E+01  0.4691E+02
   7.902  0.6877E+01  0.4699E+02
   7.912  0.6481E+01  0.4705E+02
   7.922  0.6840E+01  0.4712E+02
   7.932  0.6022E+01  0.4718E+02
   7.942  0.5754E+01  0.4724E+02
   7.952  0.5325E+01  0.4730E+02
   7.962  0.4486E+01  0.4735E+02
   7.972  0.4229E+01  0.4739E+02
   7.982  0.3987E+01  0.4743E+02
   7.992  0.3863E+01  0.4747E+02
   8.002  0.4510E+01  0.4752E+02
   8.012  0.3757E+01  0.4756E+02
   8.022  0.3101E+01  0.4759E+02
   8.032  0.2816E+01  0.4762E+02
   8.042  0.2719E+01  0.4765E+02
   8.052  0.2658E+01  0.4767E+02
   8.062  0.2612E+01  0.4770E+02
   8.072  0.2545E+01  0.4773E+02
   8.082  0.2465E+01  0.4775E+02
   8.092  0.2391E+01  0.4778E+02
   8.102  0.2813E+01  0.4780E+02
   8.112  0.2892E+01  0.4783E+02
   8.122  0.2915E+01  0.4786E+02
   8.132  0.2760E+01  0.4789E+02
   8.142  0.2478E+01  0.4791E+02
   8.152  0.2545E+01  0.4794E+02
   8.162  0.2686E+01  0.4797E+02
   8.172  0.2741E+01  0.4800E+02
   8.182  0.2779E+01  0.4802E+02
   8.192  0.2822E+01  0.4805E+02
   8.202  0.2852E+01  0.4808E+02
   8.212  0.2948E+01  0.4811E+02
   8.222  0.2854E+01  0.4814E+02
   8.232  0.2973E+01  0.4817E+02
   8.242  0.3100E+01  0.4820E+02
   8.252  0.3866E+01  0.4823E+02
   8.262  0.3890E+01  0.4827E+02
   8.272  0.3290E+01  0.4831E+02
   8.282  0.2945E+01  0.4834E+02
   8.292  0.2654E+01  0.4837E+02
   8.302  0.2062E+01  0.4839E+02
   8.312  0.2294E+01  0.4841E+02
   8.322  0.2705E+01  0.4844E+02
   8.332  0.3600E+01  0.4847E+02
   8.342  0.3332E+01  0.4851E+02
   8.352  0.3112E+01  0.4854E+02
   8.362  0.3139E+01  0.4857E+02
   8.372  0.3202E+01  0.4860E+02
   8.382  0.3297E+01  0.4863E+02
   8.392  0.3470E+01  0.4867E+02
   8.402  0.8321E+01  0.4873E+02
   8.412  0.5267E+01  0.4878E+02
   8.422  0.4378E+01  0.4883E+02
   8.432  0.4347E+01  0.4887E+02
   8.442  0.4221E+01  0.4892E+02
   8.452  0.4173E+01  0.4896E+02
   8.462  0.4023E+01  0.4900E+02
   8.472  0.3967E+01  0.4904E+02
   8.482  0.3926E+01  0.4908E+02
   8.492  0.3925E+01  0.4912E+02
   8.502  0.4039E+01  0.4916E+02
   8.512  0.3989E+01  0.4920E+02
   8.522  0.3859E+01  0.4924E+02
   8.532  0.3767E+01  0.4928E+02
   8.542  0.3272E+01  0.4931E+02
   8.552  0.3358E+01  0.4935E+02
   8.562  0.3515E+01  0.4938E+02
   8.572  0.3664E+01  0.4942E+02
   8.582  0.3782E+01  0.4945E+02
   8.592  0.3945E+01  0.4949E+02
   8.602  0.4691E+01  0.4953E+02
   8.612  0.4727E+01  0.4958E+02
   8.622  0.5581E+01  0.4964E+02
   8.632  0.6351E+01  0.4970E+02
   8.642  0.7362E+01  0.4977E+02
   8.652  0.6828E+01  0.4984E+02
   8.662  0.6920E+01  0.4991E+02
   8.672  0.7022E+01  0.4998E+02
   8.682  0.6524E+01  0.5005E+02
   8.692  0.6875E+01  0.5011E+02
   8.702  0.5410E+01  0.5017E+02
   8.712  0.5166E+01  0.5023E+02
   8.722  0.4952E+01  0.5028E+02
   8.732  0.4909E+01  0.5033E+02
   8.742  0.4787E+01  0.5038E+02
   8.752  0.4723E+01  0.5042E+02
   8.762  0.4677E+01  0.5047E+02
   8.772  0.4643E+01  0.5052E+02
   8.782  0.4697E+01  0.5056E+02
   8.792  0.4784E+01  0.5061E+02
   8.802  0.4912E+01  0.5066E+02
   8.812  0.5170E+01  0.5071E+02
   8.822  0.5285E+01  0.5076E+02
   8.832  0.6315E+01  0.5082E+02
   8.842  0.2839E+01  0.5088E+02
   8.852  0.2783E+01  0.5090E+02
   8.862  0.2848E+01  0.5093E+02
   8.872  0.2927E+01  0.5096E+02
   8.882  0.3103E+01  0.5099E+02
   8.892  0.3215E+01  0.5102E+02
   8.902  0.3359E+01  0.5105E+02
   8.912  0.3701E+01  0.5109E+02
   8.922  0.4505E+01  0.5113E+02
   8.932  0.4432E+01  0.5117E+02
   8.942  0.3554E+01  0.5121E+02
   8.952  0.3303E+01  0.5124E+02
   8.962  0.3059E+01  0.5128E+02
   8.972  0.3083E+01  0.5131E+02
   8.982  0.2893E+01  0.5134E+02
   8.992  0.2751E+01  0.5137E+02
   9.002  0.2638E+01  0.5139E+02
   9.012  0.2461E+01  0.5142E+02
   9.022  0.2271E+01  0.5144E+02
   9.032  0.2261E+01  0.5147E+02
   9.042  0.1696E+01  0.5149E+02
   9.052  0.1667E+01  0.5151E+02
   9.062  0.1626E+01  0.5152E+02
   9.072  0.2632E+01  0.5154E+02
   9.082  0.2941E+01  0.5157E+02
   9.092  0.3412E+01  0.5161E+02
   9.102  0.3310E+01  0.5164E+02
   9.112  0.3103E+01  0.5167E+02
   9.122  0.3077E+01  0.5170E+02
   9.132  0.3241E+01  0.5174E+02
   9.142  0.3568E+01  0.5177E+02
   9.152  0.2130E+01  0.5180E+02
   9.162  0.1212E+01  0.5181E+02
   9.172  0.1241E+01  0.5182E+02
   9.182  0.1043E+01  0.5184E+02
   9.192  0.9080E+00  0.5185E+02
   9.202  0.9487E+00  0.5185E+02
   9.212  0.1004E+01  0.5186E+02
   9.222  0.8318E+00  0.5187E+02
   9.232  0.7826E+00  0.5188E+02
   9.242  0.7310E+00  0.5189E+02
   9.252  0.6793E+00  0.5190E+02
   9.262  0.6315E+00  0.5190E+02
   9.272  0.6094E+00  0.5191E+02
   9.282  0.5809E+00  0.5191E+02
   9.292  0.5525E+00  0.5192E+02
   9.302  0.5219E+00  0.5193E+02
   9.312  0.4810E+00  0.5193E+02
   9.322  0.4402E+00  0.5194E+02
   9.332  0.4071E+00  0.5194E+02
   9.342  0.3856E+00  0.5194E+02
   9.352  0.3801E+00  0.5195E+02
   9.362  0.3789E+00  0.5195E+02
   9.372  0.3777E+00  0.5195E+02
   9.382  0.3766E+00  0.5196E+02
   9.392  0.3708E+00  0.5196E+02
   9.402  0.3565E+00  0.5197E+02
   9.412  0.3422E+00  0.5197E+02
   9.422  0.3291E+00  0.5197E+02
   9.432  0.3173E+00  0.5198E+02
   9.442  0.3359E+00  0.5198E+02
   9.452  0.3249E+00  0.5198E+02
   9.462  0.3138E+00  0.5199E+02
   9.472  0.3781E+00  0.5199E+02
   9.482  0.3130E+00  0.5199E+02
   9.492  0.2479E+00  0.5200E+02
   9.502  0.1827E+00  0.5200E+02
   9.512  0.1176E+00  0.5200E+02
   9.522  0.5253E-01  0.5200E+02
