#  E (eV)   dos(E)     Int dos(E) EFermi =    5.563 eV
 -45.375  0.0000E+00  0.0000E+00
 -45.365  0.1385E+02  0.1301E+00
 -45.355  0.1595E+02  0.2782E+00
 -45.345  0.1898E+02  0.4517E+00
 -45.335  0.2403E+02  0.6644E+00
 -45.325  0.3432E+02  0.9488E+00
 -45.315  0.1072E+03  0.1465E+01
 -45.305  0.0000E+00  0.2000E+01
 -45.295  0.0000E+00  0.2000E+01
 -45.285  0.0000E+00  0.2000E+01
 -45.275  0.0000E+00  0.2000E+01
 -45.265  0.0000E+00  0.2000E+01
 -45.255  0.0000E+00  0.2000E+01
 -45.245  0.0000E+00  0.2000E+01
 -45.235  0.0000E+00  0.2000E+01
 -45.225  0.0000E+00  0.2000E+01
 -45.215  0.0000E+00  0.2000E+01
 -45.205  0.0000E+00  0.2000E+01
 -45.195  0.0000E+00  0.2000E+01
 -45.185  0.0000E+00  0.2000E+01
 -45.175  0.0000E+00  0.2000E+01
 -45.165  0.0000E+00  0.2000E+01
 -45.155  0.0000E+00  0.2000E+01
 -45.145  0.0000E+00  0.2000E+01
 -45.135  0.0000E+00  0.2000E+01
 -45.125  0.0000E+00  0.2000E+01
 -45.115  0.0000E+00  0.2000E+01
 -45.105  0.0000E+00  0.2000E+01
 -45.095  0.0000E+00  0.2000E+01
 -45.085  0.0000E+00  0.2000E+01
 -45.075  0.0000E+00  0.2000E+01
 -45.065  0.0000E+00  0.2000E+01
 -45.055  0.0000E+00  0.2000E+01
 -45.045  0.0000E+00  0.2000E+01
 -45.035  0.0000E+00  0.2000E+01
 -45.025  0.0000E+00  0.2000E+01
 -45.015  0.0000E+00  0.2000E+01
 -45.005  0.0000E+00  0.2000E+01
 -44.995  0.0000E+00  0.2000E+01
 -44.985  0.0000E+00  0.2000E+01
 -44.975  0.0000E+00  0.2000E+01
 -44.965  0.0000E+00  0.2000E+01
 -44.955  0.0000E+00  0.2000E+01
 -44.945  0.0000E+00  0.2000E+01
 -44.935  0.0000E+00  0.2000E+01
 -44.925  0.0000E+00  0.2000E+01
 -44.915  0.0000E+00  0.2000E+01
 -44.905  0.0000E+00  0.2000E+01
 -44.895  0.0000E+00  0.2000E+01
 -44.885  0.0000E+00  0.2000E+01
 -44.875  0.0000E+00  0.2000E+01
 -44.865  0.0000E+00  0.2000E+01
 -44.855  0.0000E+00  0.2000E+01
 -44.845  0.0000E+00  0.2000E+01
 -44.835  0.0000E+00  0.2000E+01
 -44.825  0.0000E+00  0.2000E+01
 -44.815  0.0000E+00  0.2000E+01
 -44.805  0.0000E+00  0.2000E+01
 -44.795  0.0000E+00  0.2000E+01
 -44.785  0.0000E+00  0.2000E+01
 -44.775  0.0000E+00  0.2000E+01
 -44.765  0.0000E+00  0.2000E+01
 -44.755  0.0000E+00  0.2000E+01
 -44.745  0.0000E+00  0.2000E+01
 -44.735  0.0000E+00  0.2000E+01
 -44.725  0.0000E+00  0.2000E+01
 -44.715  0.0000E+00  0.2000E+01
 -44.705  0.0000E+00  0.2000E+01
 -44.695  0.0000E+00  0.2000E+01
 -44.685  0.0000E+00  0.2000E+01
 -44.675  0.0000E+00  0.2000E+01
 -44.665  0.0000E+00  0.2000E+01
 -44.655  0.0000E+00  0.2000E+01
 -44.645  0.0000E+00  0.2000E+01
 -44.635  0.0000E+00  0.2000E+01
 -44.625  0.0000E+00  0.2000E+01
 -44.615  0.0000E+00  0.2000E+01
 -44.605  0.0000E+00  0.2000E+01
 -44.595  0.0000E+00  0.2000E+01
 -44.585  0.0000E+00  0.2000E+01
 -44.575  0.0000E+00  0.2000E+01
 -44.565  0.0000E+00  0.2000E+01
 -44.555  0.0000E+00  0.2000E+01
 -44.545  0.0000E+00  0.2000E+01
 -44.535  0.0000E+00  0.2000E+01
 -44.525  0.0000E+00  0.2000E+01
 -44.515  0.0000E+00  0.2000E+01
 -44.505  0.0000E+00  0.2000E+01
 -44.495  0.0000E+00  0.2000E+01
 -44.485  0.0000E+00  0.2000E+01
 -44.475  0.0000E+00  0.2000E+01
 -44.465  0.0000E+00  0.2000E+01
 -44.455  0.0000E+00  0.2000E+01
 -44.445  0.0000E+00  0.2000E+01
 -44.435  0.0000E+00  0.2000E+01
 -44.425  0.0000E+00  0.2000E+01
 -44.415  0.0000E+00  0.2000E+01
 -44.405  0.0000E+00  0.2000E+01
 -44.395  0.0000E+00  0.2000E+01
 -44.385  0.0000E+00  0.2000E+01
 -44.375  0.0000E+00  0.2000E+01
 -44.365  0.0000E+00  0.2000E+01
 -44.355  0.0000E+00  0.2000E+01
 -44.345  0.0000E+00  0.2000E+01
 -44.335  0.0000E+00  0.2000E+01
 -44.325  0.0000E+00  0.2000E+01
 -44.315  0.0000E+00  0.2000E+01
 -44.305  0.0000E+00  0.2000E+01
 -44.295  0.0000E+00  0.2000E+01
 -44.285  0.0000E+00  0.2000E+01
 -44.275  0.0000E+00  0.2000E+01
 -44.265  0.0000E+00  0.2000E+01
 -44.255  0.0000E+00  0.2000E+01
 -44.245  0.0000E+00  0.2000E+01
 -44.235  0.0000E+00  0.2000E+01
 -44.225  0.0000E+00  0.2000E+01
 -44.215  0.0000E+00  0.2000E+01
 -44.205  0.0000E+00  0.2000E+01
 -44.195  0.0000E+00  0.2000E+01
 -44.185  0.0000E+00  0.2000E+01
 -44.175  0.0000E+00  0.2000E+01
 -44.165  0.0000E+00  0.2000E+01
 -44.155  0.0000E+00  0.2000E+01
 -44.145  0.0000E+00  0.2000E+01
 -44.135  0.0000E+00  0.2000E+01
 -44.125  0.0000E+00  0.2000E+01
 -44.115  0.0000E+00  0.2000E+01
 -44.105  0.0000E+00  0.2000E+01
 -44.095  0.0000E+00  0.2000E+01
 -44.085  0.0000E+00  0.2000E+01
 -44.075  0.0000E+00  0.2000E+01
 -44.065  0.0000E+00  0.2000E+01
 -44.055  0.0000E+00  0.2000E+01
 -44.045  0.0000E+00  0.2000E+01
 -44.035  0.0000E+00  0.2000E+01
 -44.025  0.0000E+00  0.2000E+01
 -44.015  0.0000E+00  0.2000E+01
 -44.005  0.0000E+00  0.2000E+01
 -43.995  0.0000E+00  0.2000E+01
 -43.985  0.0000E+00  0.2000E+01
 -43.975  0.0000E+00  0.2000E+01
 -43.965  0.0000E+00  0.2000E+01
 -43.955  0.0000E+00  0.2000E+01
 -43.945  0.0000E+00  0.2000E+01
 -43.935  0.0000E+00  0.2000E+01
 -43.925  0.0000E+00  0.2000E+01
 -43.915  0.0000E+00  0.2000E+01
 -43.905  0.0000E+00  0.2000E+01
 -43.895  0.0000E+00  0.2000E+01
 -43.885  0.0000E+00  0.2000E+01
 -43.875  0.0000E+00  0.2000E+01
 -43.865  0.0000E+00  0.2000E+01
 -43.855  0.0000E+00  0.2000E+01
 -43.845  0.0000E+00  0.2000E+01
 -43.835  0.0000E+00  0.2000E+01
 -43.825  0.0000E+00  0.2000E+01
 -43.815  0.0000E+00  0.2000E+01
 -43.805  0.0000E+00  0.2000E+01
 -43.795  0.0000E+00  0.2000E+01
 -43.785  0.0000E+00  0.2000E+01
 -43.775  0.0000E+00  0.2000E+01
 -43.765  0.0000E+00  0.2000E+01
 -43.755  0.0000E+00  0.2000E+01
 -43.745  0.0000E+00  0.2000E+01
 -43.735  0.0000E+00  0.2000E+01
 -43.725  0.0000E+00  0.2000E+01
 -43.715  0.0000E+00  0.2000E+01
 -43.705  0.0000E+00  0.2000E+01
 -43.695  0.0000E+00  0.2000E+01
 -43.685  0.0000E+00  0.2000E+01
 -43.675  0.0000E+00  0.2000E+01
 -43.665  0.0000E+00  0.2000E+01
 -43.655  0.0000E+00  0.2000E+01
 -43.645  0.0000E+00  0.2000E+01
 -43.635  0.0000E+00  0.2000E+01
 -43.625  0.0000E+00  0.2000E+01
 -43.615  0.0000E+00  0.2000E+01
 -43.605  0.0000E+00  0.2000E+01
 -43.595  0.0000E+00  0.2000E+01
 -43.585  0.0000E+00  0.2000E+01
 -43.575  0.0000E+00  0.2000E+01
 -43.565  0.0000E+00  0.2000E+01
 -43.555  0.0000E+00  0.2000E+01
 -43.545  0.0000E+00  0.2000E+01
 -43.535  0.0000E+00  0.2000E+01
 -43.525  0.0000E+00  0.2000E+01
 -43.515  0.0000E+00  0.2000E+01
 -43.505  0.0000E+00  0.2000E+01
 -43.495  0.0000E+00  0.2000E+01
 -43.485  0.0000E+00  0.2000E+01
 -43.475  0.0000E+00  0.2000E+01
 -43.465  0.0000E+00  0.2000E+01
 -43.455  0.0000E+00  0.2000E+01
 -43.445  0.0000E+00  0.2000E+01
 -43.435  0.0000E+00  0.2000E+01
 -43.425  0.0000E+00  0.2000E+01
 -43.415  0.0000E+00  0.2000E+01
 -43.405  0.0000E+00  0.2000E+01
 -43.395  0.0000E+00  0.2000E+01
 -43.385  0.0000E+00  0.2000E+01
 -43.375  0.0000E+00  0.2000E+01
 -43.365  0.0000E+00  0.2000E+01
 -43.355  0.0000E+00  0.2000E+01
 -43.345  0.0000E+00  0.2000E+01
 -43.335  0.0000E+00  0.2000E+01
 -43.325  0.0000E+00  0.2000E+01
 -43.315  0.0000E+00  0.2000E+01
 -43.305  0.0000E+00  0.2000E+01
 -43.295  0.0000E+00  0.2000E+01
 -43.285  0.0000E+00  0.2000E+01
 -43.275  0.0000E+00  0.2000E+01
 -43.265  0.0000E+00  0.2000E+01
 -43.255  0.0000E+00  0.2000E+01
 -43.245  0.0000E+00  0.2000E+01
 -43.235  0.0000E+00  0.2000E+01
 -43.225  0.0000E+00  0.2000E+01
 -43.215  0.0000E+00  0.2000E+01
 -43.205  0.0000E+00  0.2000E+01
 -43.195  0.0000E+00  0.2000E+01
 -43.185  0.0000E+00  0.2000E+01
 -43.175  0.0000E+00  0.2000E+01
 -43.165  0.0000E+00  0.2000E+01
 -43.155  0.0000E+00  0.2000E+01
 -43.145  0.0000E+00  0.2000E+01
 -43.135  0.0000E+00  0.2000E+01
 -43.125  0.0000E+00  0.2000E+01
 -43.115  0.0000E+00  0.2000E+01
 -43.105  0.0000E+00  0.2000E+01
 -43.095  0.0000E+00  0.2000E+01
 -43.085  0.0000E+00  0.2000E+01
 -43.075  0.0000E+00  0.2000E+01
 -43.065  0.0000E+00  0.2000E+01
 -43.055  0.0000E+00  0.2000E+01
 -43.045  0.0000E+00  0.2000E+01
 -43.035  0.0000E+00  0.2000E+01
 -43.025  0.0000E+00  0.2000E+01
 -43.015  0.0000E+00  0.2000E+01
 -43.005  0.0000E+00  0.2000E+01
 -42.995  0.0000E+00  0.2000E+01
 -42.985  0.0000E+00  0.2000E+01
 -42.975  0.0000E+00  0.2000E+01
 -42.965  0.0000E+00  0.2000E+01
 -42.955  0.0000E+00  0.2000E+01
 -42.945  0.0000E+00  0.2000E+01
 -42.935  0.0000E+00  0.2000E+01
 -42.925  0.0000E+00  0.2000E+01
 -42.915  0.0000E+00  0.2000E+01
 -42.905  0.0000E+00  0.2000E+01
 -42.895  0.0000E+00  0.2000E+01
 -42.885  0.0000E+00  0.2000E+01
 -42.875  0.0000E+00  0.2000E+01
 -42.865  0.0000E+00  0.2000E+01
 -42.855  0.0000E+00  0.2000E+01
 -42.845  0.0000E+00  0.2000E+01
 -42.835  0.0000E+00  0.2000E+01
 -42.825  0.0000E+00  0.2000E+01
 -42.815  0.0000E+00  0.2000E+01
 -42.805  0.0000E+00  0.2000E+01
 -42.795  0.0000E+00  0.2000E+01
 -42.785  0.0000E+00  0.2000E+01
 -42.775  0.0000E+00  0.2000E+01
 -42.765  0.0000E+00  0.2000E+01
 -42.755  0.0000E+00  0.2000E+01
 -42.745  0.0000E+00  0.2000E+01
 -42.735  0.0000E+00  0.2000E+01
 -42.725  0.0000E+00  0.2000E+01
 -42.715  0.0000E+00  0.2000E+01
 -42.705  0.0000E+00  0.2000E+01
 -42.695  0.0000E+00  0.2000E+01
 -42.685  0.0000E+00  0.2000E+01
 -42.675  0.0000E+00  0.2000E+01
 -42.665  0.0000E+00  0.2000E+01
 -42.655  0.0000E+00  0.2000E+01
 -42.645  0.0000E+00  0.2000E+01
 -42.635  0.0000E+00  0.2000E+01
 -42.625  0.0000E+00  0.2000E+01
 -42.615  0.0000E+00  0.2000E+01
 -42.605  0.0000E+00  0.2000E+01
 -42.595  0.0000E+00  0.2000E+01
 -42.585  0.0000E+00  0.2000E+01
 -42.575  0.0000E+00  0.2000E+01
 -42.565  0.0000E+00  0.2000E+01
 -42.555  0.0000E+00  0.2000E+01
 -42.545  0.0000E+00  0.2000E+01
 -42.535  0.0000E+00  0.2000E+01
 -42.525  0.0000E+00  0.2000E+01
 -42.515  0.0000E+00  0.2000E+01
 -42.505  0.0000E+00  0.2000E+01
 -42.495  0.0000E+00  0.2000E+01
 -42.485  0.0000E+00  0.2000E+01
 -42.475  0.0000E+00  0.2000E+01
 -42.465  0.0000E+00  0.2000E+01
 -42.455  0.0000E+00  0.2000E+01
 -42.445  0.0000E+00  0.2000E+01
 -42.435  0.0000E+00  0.2000E+01
 -42.425  0.0000E+00  0.2000E+01
 -42.415  0.0000E+00  0.2000E+01
 -42.405  0.0000E+00  0.2000E+01
 -42.395  0.0000E+00  0.2000E+01
 -42.385  0.0000E+00  0.2000E+01
 -42.375  0.0000E+00  0.2000E+01
 -42.365  0.0000E+00  0.2000E+01
 -42.355  0.0000E+00  0.2000E+01
 -42.345  0.0000E+00  0.2000E+01
 -42.335  0.0000E+00  0.2000E+01
 -42.325  0.0000E+00  0.2000E+01
 -42.315  0.0000E+00  0.2000E+01
 -42.305  0.0000E+00  0.2000E+01
 -42.295  0.0000E+00  0.2000E+01
 -42.285  0.0000E+00  0.2000E+01
 -42.275  0.0000E+00  0.2000E+01
 -42.265  0.0000E+00  0.2000E+01
 -42.255  0.0000E+00  0.2000E+01
 -42.245  0.0000E+00  0.2000E+01
 -42.235  0.0000E+00  0.2000E+01
 -42.225  0.0000E+00  0.2000E+01
 -42.215  0.0000E+00  0.2000E+01
 -42.205  0.0000E+00  0.2000E+01
 -42.195  0.0000E+00  0.2000E+01
 -42.185  0.0000E+00  0.2000E+01
 -42.175  0.0000E+00  0.2000E+01
 -42.165  0.0000E+00  0.2000E+01
 -42.155  0.0000E+00  0.2000E+01
 -42.145  0.0000E+00  0.2000E+01
 -42.135  0.0000E+00  0.2000E+01
 -42.125  0.0000E+00  0.2000E+01
 -42.115  0.0000E+00  0.2000E+01
 -42.105  0.0000E+00  0.2000E+01
 -42.095  0.0000E+00  0.2000E+01
 -42.085  0.0000E+00  0.2000E+01
 -42.075  0.0000E+00  0.2000E+01
 -42.065  0.0000E+00  0.2000E+01
 -42.055  0.0000E+00  0.2000E+01
 -42.045  0.0000E+00  0.2000E+01
 -42.035  0.0000E+00  0.2000E+01
 -42.025  0.0000E+00  0.2000E+01
 -42.015  0.0000E+00  0.2000E+01
 -42.005  0.0000E+00  0.2000E+01
 -41.995  0.0000E+00  0.2000E+01
 -41.985  0.0000E+00  0.2000E+01
 -41.975  0.0000E+00  0.2000E+01
 -41.965  0.0000E+00  0.2000E+01
 -41.955  0.0000E+00  0.2000E+01
 -41.945  0.0000E+00  0.2000E+01
 -41.935  0.0000E+00  0.2000E+01
 -41.925  0.0000E+00  0.2000E+01
 -41.915  0.0000E+00  0.2000E+01
 -41.905  0.0000E+00  0.2000E+01
 -41.895  0.0000E+00  0.2000E+01
 -41.885  0.0000E+00  0.2000E+01
 -41.875  0.0000E+00  0.2000E+01
 -41.865  0.0000E+00  0.2000E+01
 -41.855  0.0000E+00  0.2000E+01
 -41.845  0.0000E+00  0.2000E+01
 -41.835  0.0000E+00  0.2000E+01
 -41.825  0.0000E+00  0.2000E+01
 -41.815  0.0000E+00  0.2000E+01
 -41.805  0.0000E+00  0.2000E+01
 -41.795  0.0000E+00  0.2000E+01
 -41.785  0.0000E+00  0.2000E+01
 -41.775  0.0000E+00  0.2000E+01
 -41.765  0.0000E+00  0.2000E+01
 -41.755  0.0000E+00  0.2000E+01
 -41.745  0.0000E+00  0.2000E+01
 -41.735  0.0000E+00  0.2000E+01
 -41.725  0.0000E+00  0.2000E+01
 -41.715  0.0000E+00  0.2000E+01
 -41.705  0.0000E+00  0.2000E+01
 -41.695  0.0000E+00  0.2000E+01
 -41.685  0.0000E+00  0.2000E+01
 -41.675  0.0000E+00  0.2000E+01
 -41.665  0.0000E+00  0.2000E+01
 -41.655  0.0000E+00  0.2000E+01
 -41.645  0.0000E+00  0.2000E+01
 -41.635  0.0000E+00  0.2000E+01
 -41.625  0.0000E+00  0.2000E+01
 -41.615  0.0000E+00  0.2000E+01
 -41.605  0.0000E+00  0.2000E+01
 -41.595  0.0000E+00  0.2000E+01
 -41.585  0.0000E+00  0.2000E+01
 -41.575  0.0000E+00  0.2000E+01
 -41.565  0.0000E+00  0.2000E+01
 -41.555  0.0000E+00  0.2000E+01
 -41.545  0.0000E+00  0.2000E+01
 -41.535  0.0000E+00  0.2000E+01
 -41.525  0.0000E+00  0.2000E+01
 -41.515  0.0000E+00  0.2000E+01
 -41.505  0.0000E+00  0.2000E+01
 -41.495  0.0000E+00  0.2000E+01
 -41.485  0.0000E+00  0.2000E+01
 -41.475  0.0000E+00  0.2000E+01
 -41.465  0.0000E+00  0.2000E+01
 -41.455  0.0000E+00  0.2000E+01
 -41.445  0.0000E+00  0.2000E+01
 -41.435  0.0000E+00  0.2000E+01
 -41.425  0.0000E+00  0.2000E+01
 -41.415  0.0000E+00  0.2000E+01
 -41.405  0.0000E+00  0.2000E+01
 -41.395  0.0000E+00  0.2000E+01
 -41.385  0.0000E+00  0.2000E+01
 -41.375  0.0000E+00  0.2000E+01
 -41.365  0.0000E+00  0.2000E+01
 -41.355  0.0000E+00  0.2000E+01
 -41.345  0.0000E+00  0.2000E+01
 -41.335  0.0000E+00  0.2000E+01
 -41.325  0.0000E+00  0.2000E+01
 -41.315  0.0000E+00  0.2000E+01
 -41.305  0.0000E+00  0.2000E+01
 -41.295  0.0000E+00  0.2000E+01
 -41.285  0.0000E+00  0.2000E+01
 -41.275  0.0000E+00  0.2000E+01
 -41.265  0.0000E+00  0.2000E+01
 -41.255  0.0000E+00  0.2000E+01
 -41.245  0.0000E+00  0.2000E+01
 -41.235  0.0000E+00  0.2000E+01
 -41.225  0.0000E+00  0.2000E+01
 -41.215  0.0000E+00  0.2000E+01
 -41.205  0.0000E+00  0.2000E+01
 -41.195  0.0000E+00  0.2000E+01
 -41.185  0.0000E+00  0.2000E+01
 -41.175  0.0000E+00  0.2000E+01
 -41.165  0.0000E+00  0.2000E+01
 -41.155  0.0000E+00  0.2000E+01
 -41.145  0.0000E+00  0.2000E+01
 -41.135  0.0000E+00  0.2000E+01
 -41.125  0.0000E+00  0.2000E+01
 -41.115  0.0000E+00  0.2000E+01
 -41.105  0.0000E+00  0.2000E+01
 -41.095  0.0000E+00  0.2000E+01
 -41.085  0.0000E+00  0.2000E+01
 -41.075  0.0000E+00  0.2000E+01
 -41.065  0.0000E+00  0.2000E+01
 -41.055  0.0000E+00  0.2000E+01
 -41.045  0.0000E+00  0.2000E+01
 -41.035  0.0000E+00  0.2000E+01
 -41.025  0.0000E+00  0.2000E+01
 -41.015  0.0000E+00  0.2000E+01
 -41.005  0.0000E+00  0.2000E+01
 -40.995  0.0000E+00  0.2000E+01
 -40.985  0.0000E+00  0.2000E+01
 -40.975  0.0000E+00  0.2000E+01
 -40.965  0.0000E+00  0.2000E+01
 -40.955  0.0000E+00  0.2000E+01
 -40.945  0.0000E+00  0.2000E+01
 -40.935  0.0000E+00  0.2000E+01
 -40.925  0.0000E+00  0.2000E+01
 -40.915  0.0000E+00  0.2000E+01
 -40.905  0.0000E+00  0.2000E+01
 -40.895  0.0000E+00  0.2000E+01
 -40.885  0.0000E+00  0.2000E+01
 -40.875  0.0000E+00  0.2000E+01
 -40.865  0.0000E+00  0.2000E+01
 -40.855  0.0000E+00  0.2000E+01
 -40.845  0.0000E+00  0.2000E+01
 -40.835  0.0000E+00  0.2000E+01
 -40.825  0.0000E+00  0.2000E+01
 -40.815  0.0000E+00  0.2000E+01
 -40.805  0.0000E+00  0.2000E+01
 -40.795  0.0000E+00  0.2000E+01
 -40.785  0.0000E+00  0.2000E+01
 -40.775  0.0000E+00  0.2000E+01
 -40.765  0.0000E+00  0.2000E+01
 -40.755  0.0000E+00  0.2000E+01
 -40.745  0.0000E+00  0.2000E+01
 -40.735  0.0000E+00  0.2000E+01
 -40.725  0.0000E+00  0.2000E+01
 -40.715  0.0000E+00  0.2000E+01
 -40.705  0.0000E+00  0.2000E+01
 -40.695  0.0000E+00  0.2000E+01
 -40.685  0.0000E+00  0.2000E+01
 -40.675  0.0000E+00  0.2000E+01
 -40.665  0.0000E+00  0.2000E+01
 -40.655  0.0000E+00  0.2000E+01
 -40.645  0.0000E+00  0.2000E+01
 -40.635  0.0000E+00  0.2000E+01
 -40.625  0.0000E+00  0.2000E+01
 -40.615  0.0000E+00  0.2000E+01
 -40.605  0.0000E+00  0.2000E+01
 -40.595  0.0000E+00  0.2000E+01
 -40.585  0.0000E+00  0.2000E+01
 -40.575  0.0000E+00  0.2000E+01
 -40.565  0.0000E+00  0.2000E+01
 -40.555  0.0000E+00  0.2000E+01
 -40.545  0.0000E+00  0.2000E+01
 -40.535  0.0000E+00  0.2000E+01
 -40.525  0.0000E+00  0.2000E+01
 -40.515  0.0000E+00  0.2000E+01
 -40.505  0.0000E+00  0.2000E+01
 -40.495  0.0000E+00  0.2000E+01
 -40.485  0.0000E+00  0.2000E+01
 -40.475  0.0000E+00  0.2000E+01
 -40.465  0.0000E+00  0.2000E+01
 -40.455  0.0000E+00  0.2000E+01
 -40.445  0.0000E+00  0.2000E+01
 -40.435  0.0000E+00  0.2000E+01
 -40.425  0.0000E+00  0.2000E+01
 -40.415  0.0000E+00  0.2000E+01
 -40.405  0.0000E+00  0.2000E+01
 -40.395  0.0000E+00  0.2000E+01
 -40.385  0.0000E+00  0.2000E+01
 -40.375  0.0000E+00  0.2000E+01
 -40.365  0.0000E+00  0.2000E+01
 -40.355  0.0000E+00  0.2000E+01
 -40.345  0.0000E+00  0.2000E+01
 -40.335  0.0000E+00  0.2000E+01
 -40.325  0.0000E+00  0.2000E+01
 -40.315  0.0000E+00  0.2000E+01
 -40.305  0.0000E+00  0.2000E+01
 -40.295  0.0000E+00  0.2000E+01
 -40.285  0.0000E+00  0.2000E+01
 -40.275  0.0000E+00  0.2000E+01
 -40.265  0.0000E+00  0.2000E+01
 -40.255  0.0000E+00  0.2000E+01
 -40.245  0.0000E+00  0.2000E+01
 -40.235  0.0000E+00  0.2000E+01
 -40.225  0.0000E+00  0.2000E+01
 -40.215  0.0000E+00  0.2000E+01
 -40.205  0.0000E+00  0.2000E+01
 -40.195  0.0000E+00  0.2000E+01
 -40.185  0.0000E+00  0.2000E+01
 -40.175  0.0000E+00  0.2000E+01
 -40.165  0.0000E+00  0.2000E+01
 -40.155  0.0000E+00  0.2000E+01
 -40.145  0.0000E+00  0.2000E+01
 -40.135  0.0000E+00  0.2000E+01
 -40.125  0.0000E+00  0.2000E+01
 -40.115  0.0000E+00  0.2000E+01
 -40.105  0.0000E+00  0.2000E+01
 -40.095  0.0000E+00  0.2000E+01
 -40.085  0.0000E+00  0.2000E+01
 -40.075  0.0000E+00  0.2000E+01
 -40.065  0.0000E+00  0.2000E+01
 -40.055  0.0000E+00  0.2000E+01
 -40.045  0.0000E+00  0.2000E+01
 -40.035  0.0000E+00  0.2000E+01
 -40.025  0.0000E+00  0.2000E+01
 -40.015  0.0000E+00  0.2000E+01
 -40.005  0.0000E+00  0.2000E+01
 -39.995  0.0000E+00  0.2000E+01
 -39.985  0.0000E+00  0.2000E+01
 -39.975  0.0000E+00  0.2000E+01
 -39.965  0.0000E+00  0.2000E+01
 -39.955  0.0000E+00  0.2000E+01
 -39.945  0.0000E+00  0.2000E+01
 -39.935  0.0000E+00  0.2000E+01
 -39.925  0.0000E+00  0.2000E+01
 -39.915  0.0000E+00  0.2000E+01
 -39.905  0.0000E+00  0.2000E+01
 -39.895  0.0000E+00  0.2000E+01
 -39.885  0.0000E+00  0.2000E+01
 -39.875  0.0000E+00  0.2000E+01
 -39.865  0.0000E+00  0.2000E+01
 -39.855  0.0000E+00  0.2000E+01
 -39.845  0.0000E+00  0.2000E+01
 -39.835  0.0000E+00  0.2000E+01
 -39.825  0.0000E+00  0.2000E+01
 -39.815  0.0000E+00  0.2000E+01
 -39.805  0.0000E+00  0.2000E+01
 -39.795  0.0000E+00  0.2000E+01
 -39.785  0.0000E+00  0.2000E+01
 -39.775  0.0000E+00  0.2000E+01
 -39.765  0.0000E+00  0.2000E+01
 -39.755  0.0000E+00  0.2000E+01
 -39.745  0.0000E+00  0.2000E+01
 -39.735  0.0000E+00  0.2000E+01
 -39.725  0.0000E+00  0.2000E+01
 -39.715  0.0000E+00  0.2000E+01
 -39.705  0.0000E+00  0.2000E+01
 -39.695  0.0000E+00  0.2000E+01
 -39.685  0.0000E+00  0.2000E+01
 -39.675  0.0000E+00  0.2000E+01
 -39.665  0.0000E+00  0.2000E+01
 -39.655  0.0000E+00  0.2000E+01
 -39.645  0.0000E+00  0.2000E+01
 -39.635  0.0000E+00  0.2000E+01
 -39.625  0.0000E+00  0.2000E+01
 -39.615  0.0000E+00  0.2000E+01
 -39.605  0.0000E+00  0.2000E+01
 -39.595  0.0000E+00  0.2000E+01
 -39.585  0.0000E+00  0.2000E+01
 -39.575  0.0000E+00  0.2000E+01
 -39.565  0.0000E+00  0.2000E+01
 -39.555  0.0000E+00  0.2000E+01
 -39.545  0.0000E+00  0.2000E+01
 -39.535  0.0000E+00  0.2000E+01
 -39.525  0.0000E+00  0.2000E+01
 -39.515  0.0000E+00  0.2000E+01
 -39.505  0.0000E+00  0.2000E+01
 -39.495  0.0000E+00  0.2000E+01
 -39.485  0.0000E+00  0.2000E+01
 -39.475  0.0000E+00  0.2000E+01
 -39.465  0.0000E+00  0.2000E+01
 -39.455  0.0000E+00  0.2000E+01
 -39.445  0.0000E+00  0.2000E+01
 -39.435  0.0000E+00  0.2000E+01
 -39.425  0.0000E+00  0.2000E+01
 -39.415  0.0000E+00  0.2000E+01
 -39.405  0.0000E+00  0.2000E+01
 -39.395  0.0000E+00  0.2000E+01
 -39.385  0.0000E+00  0.2000E+01
 -39.375  0.0000E+00  0.2000E+01
 -39.365  0.0000E+00  0.2000E+01
 -39.355  0.0000E+00  0.2000E+01
 -39.345  0.0000E+00  0.2000E+01
 -39.335  0.0000E+00  0.2000E+01
 -39.325  0.0000E+00  0.2000E+01
 -39.315  0.0000E+00  0.2000E+01
 -39.305  0.0000E+00  0.2000E+01
 -39.295  0.0000E+00  0.2000E+01
 -39.285  0.0000E+00  0.2000E+01
 -39.275  0.0000E+00  0.2000E+01
 -39.265  0.0000E+00  0.2000E+01
 -39.255  0.0000E+00  0.2000E+01
 -39.245  0.0000E+00  0.2000E+01
 -39.235  0.0000E+00  0.2000E+01
 -39.225  0.0000E+00  0.2000E+01
 -39.215  0.0000E+00  0.2000E+01
 -39.205  0.0000E+00  0.2000E+01
 -39.195  0.0000E+00  0.2000E+01
 -39.185  0.0000E+00  0.2000E+01
 -39.175  0.0000E+00  0.2000E+01
 -39.165  0.0000E+00  0.2000E+01
 -39.155  0.0000E+00  0.2000E+01
 -39.145  0.0000E+00  0.2000E+01
 -39.135  0.0000E+00  0.2000E+01
 -39.125  0.0000E+00  0.2000E+01
 -39.115  0.0000E+00  0.2000E+01
 -39.105  0.0000E+00  0.2000E+01
 -39.095  0.0000E+00  0.2000E+01
 -39.085  0.0000E+00  0.2000E+01
 -39.075  0.0000E+00  0.2000E+01
 -39.065  0.0000E+00  0.2000E+01
 -39.055  0.0000E+00  0.2000E+01
 -39.045  0.0000E+00  0.2000E+01
 -39.035  0.0000E+00  0.2000E+01
 -39.025  0.0000E+00  0.2000E+01
 -39.015  0.0000E+00  0.2000E+01
 -39.005  0.0000E+00  0.2000E+01
 -38.995  0.0000E+00  0.2000E+01
 -38.985  0.0000E+00  0.2000E+01
 -38.975  0.0000E+00  0.2000E+01
 -38.965  0.0000E+00  0.2000E+01
 -38.955  0.0000E+00  0.2000E+01
 -38.945  0.0000E+00  0.2000E+01
 -38.935  0.0000E+00  0.2000E+01
 -38.925  0.0000E+00  0.2000E+01
 -38.915  0.0000E+00  0.2000E+01
 -38.905  0.0000E+00  0.2000E+01
 -38.895  0.0000E+00  0.2000E+01
 -38.885  0.0000E+00  0.2000E+01
 -38.875  0.0000E+00  0.2000E+01
 -38.865  0.0000E+00  0.2000E+01
 -38.855  0.0000E+00  0.2000E+01
 -38.845  0.0000E+00  0.2000E+01
 -38.835  0.0000E+00  0.2000E+01
 -38.825  0.0000E+00  0.2000E+01
 -38.815  0.0000E+00  0.2000E+01
 -38.805  0.0000E+00  0.2000E+01
 -38.795  0.0000E+00  0.2000E+01
 -38.785  0.0000E+00  0.2000E+01
 -38.775  0.0000E+00  0.2000E+01
 -38.765  0.0000E+00  0.2000E+01
 -38.755  0.0000E+00  0.2000E+01
 -38.745  0.0000E+00  0.2000E+01
 -38.735  0.0000E+00  0.2000E+01
 -38.725  0.0000E+00  0.2000E+01
 -38.715  0.0000E+00  0.2000E+01
 -38.705  0.0000E+00  0.2000E+01
 -38.695  0.0000E+00  0.2000E+01
 -38.685  0.0000E+00  0.2000E+01
 -38.675  0.0000E+00  0.2000E+01
 -38.665  0.0000E+00  0.2000E+01
 -38.655  0.0000E+00  0.2000E+01
 -38.645  0.0000E+00  0.2000E+01
 -38.635  0.0000E+00  0.2000E+01
 -38.625  0.0000E+00  0.2000E+01
 -38.615  0.0000E+00  0.2000E+01
 -38.605  0.0000E+00  0.2000E+01
 -38.595  0.0000E+00  0.2000E+01
 -38.585  0.0000E+00  0.2000E+01
 -38.575  0.0000E+00  0.2000E+01
 -38.565  0.0000E+00  0.2000E+01
 -38.555  0.0000E+00  0.2000E+01
 -38.545  0.0000E+00  0.2000E+01
 -38.535  0.0000E+00  0.2000E+01
 -38.525  0.0000E+00  0.2000E+01
 -38.515  0.0000E+00  0.2000E+01
 -38.505  0.0000E+00  0.2000E+01
 -38.495  0.0000E+00  0.2000E+01
 -38.485  0.0000E+00  0.2000E+01
 -38.475  0.0000E+00  0.2000E+01
 -38.465  0.0000E+00  0.2000E+01
 -38.455  0.0000E+00  0.2000E+01
 -38.445  0.0000E+00  0.2000E+01
 -38.435  0.0000E+00  0.2000E+01
 -38.425  0.0000E+00  0.2000E+01
 -38.415  0.0000E+00  0.2000E+01
 -38.405  0.0000E+00  0.2000E+01
 -38.395  0.0000E+00  0.2000E+01
 -38.385  0.0000E+00  0.2000E+01
 -38.375  0.0000E+00  0.2000E+01
 -38.365  0.0000E+00  0.2000E+01
 -38.355  0.0000E+00  0.2000E+01
 -38.345  0.0000E+00  0.2000E+01
 -38.335  0.0000E+00  0.2000E+01
 -38.325  0.0000E+00  0.2000E+01
 -38.315  0.0000E+00  0.2000E+01
 -38.305  0.0000E+00  0.2000E+01
 -38.295  0.0000E+00  0.2000E+01
 -38.285  0.0000E+00  0.2000E+01
 -38.275  0.0000E+00  0.2000E+01
 -38.265  0.0000E+00  0.2000E+01
 -38.255  0.0000E+00  0.2000E+01
 -38.245  0.0000E+00  0.2000E+01
 -38.235  0.0000E+00  0.2000E+01
 -38.225  0.0000E+00  0.2000E+01
 -38.215  0.0000E+00  0.2000E+01
 -38.205  0.0000E+00  0.2000E+01
 -38.195  0.0000E+00  0.2000E+01
 -38.185  0.0000E+00  0.2000E+01
 -38.175  0.0000E+00  0.2000E+01
 -38.165  0.0000E+00  0.2000E+01
 -38.155  0.0000E+00  0.2000E+01
 -38.145  0.0000E+00  0.2000E+01
 -38.135  0.0000E+00  0.2000E+01
 -38.125  0.0000E+00  0.2000E+01
 -38.115  0.0000E+00  0.2000E+01
 -38.105  0.0000E+00  0.2000E+01
 -38.095  0.0000E+00  0.2000E+01
 -38.085  0.0000E+00  0.2000E+01
 -38.075  0.0000E+00  0.2000E+01
 -38.065  0.0000E+00  0.2000E+01
 -38.055  0.0000E+00  0.2000E+01
 -38.045  0.0000E+00  0.2000E+01
 -38.035  0.0000E+00  0.2000E+01
 -38.025  0.0000E+00  0.2000E+01
 -38.015  0.0000E+00  0.2000E+01
 -38.005  0.0000E+00  0.2000E+01
 -37.995  0.0000E+00  0.2000E+01
 -37.985  0.0000E+00  0.2000E+01
 -37.975  0.0000E+00  0.2000E+01
 -37.965  0.0000E+00  0.2000E+01
 -37.955  0.0000E+00  0.2000E+01
 -37.945  0.0000E+00  0.2000E+01
 -37.935  0.0000E+00  0.2000E+01
 -37.925  0.0000E+00  0.2000E+01
 -37.915  0.0000E+00  0.2000E+01
 -37.905  0.0000E+00  0.2000E+01
 -37.895  0.0000E+00  0.2000E+01
 -37.885  0.0000E+00  0.2000E+01
 -37.875  0.0000E+00  0.2000E+01
 -37.865  0.0000E+00  0.2000E+01
 -37.855  0.0000E+00  0.2000E+01
 -37.845  0.0000E+00  0.2000E+01
 -37.835  0.0000E+00  0.2000E+01
 -37.825  0.0000E+00  0.2000E+01
 -37.815  0.0000E+00  0.2000E+01
 -37.805  0.0000E+00  0.2000E+01
 -37.795  0.0000E+00  0.2000E+01
 -37.785  0.0000E+00  0.2000E+01
 -37.775  0.0000E+00  0.2000E+01
 -37.765  0.0000E+00  0.2000E+01
 -37.755  0.0000E+00  0.2000E+01
 -37.745  0.0000E+00  0.2000E+01
 -37.735  0.0000E+00  0.2000E+01
 -37.725  0.0000E+00  0.2000E+01
 -37.715  0.0000E+00  0.2000E+01
 -37.705  0.0000E+00  0.2000E+01
 -37.695  0.0000E+00  0.2000E+01
 -37.685  0.0000E+00  0.2000E+01
 -37.675  0.0000E+00  0.2000E+01
 -37.665  0.0000E+00  0.2000E+01
 -37.655  0.0000E+00  0.2000E+01
 -37.645  0.0000E+00  0.2000E+01
 -37.635  0.0000E+00  0.2000E+01
 -37.625  0.0000E+00  0.2000E+01
 -37.615  0.0000E+00  0.2000E+01
 -37.605  0.0000E+00  0.2000E+01
 -37.595  0.0000E+00  0.2000E+01
 -37.585  0.0000E+00  0.2000E+01
 -37.575  0.0000E+00  0.2000E+01
 -37.565  0.0000E+00  0.2000E+01
 -37.555  0.0000E+00  0.2000E+01
 -37.545  0.0000E+00  0.2000E+01
 -37.535  0.0000E+00  0.2000E+01
 -37.525  0.0000E+00  0.2000E+01
 -37.515  0.0000E+00  0.2000E+01
 -37.505  0.0000E+00  0.2000E+01
 -37.495  0.0000E+00  0.2000E+01
 -37.485  0.0000E+00  0.2000E+01
 -37.475  0.0000E+00  0.2000E+01
 -37.465  0.0000E+00  0.2000E+01
 -37.455  0.0000E+00  0.2000E+01
 -37.445  0.0000E+00  0.2000E+01
 -37.435  0.0000E+00  0.2000E+01
 -37.425  0.0000E+00  0.2000E+01
 -37.415  0.0000E+00  0.2000E+01
 -37.405  0.0000E+00  0.2000E+01
 -37.395  0.0000E+00  0.2000E+01
 -37.385  0.0000E+00  0.2000E+01
 -37.375  0.0000E+00  0.2000E+01
 -37.365  0.0000E+00  0.2000E+01
 -37.355  0.0000E+00  0.2000E+01
 -37.345  0.0000E+00  0.2000E+01
 -37.335  0.0000E+00  0.2000E+01
 -37.325  0.0000E+00  0.2000E+01
 -37.315  0.0000E+00  0.2000E+01
 -37.305  0.0000E+00  0.2000E+01
 -37.295  0.0000E+00  0.2000E+01
 -37.285  0.0000E+00  0.2000E+01
 -37.275  0.0000E+00  0.2000E+01
 -37.265  0.0000E+00  0.2000E+01
 -37.255  0.0000E+00  0.2000E+01
 -37.245  0.0000E+00  0.2000E+01
 -37.235  0.0000E+00  0.2000E+01
 -37.225  0.0000E+00  0.2000E+01
 -37.215  0.0000E+00  0.2000E+01
 -37.205  0.0000E+00  0.2000E+01
 -37.195  0.0000E+00  0.2000E+01
 -37.185  0.0000E+00  0.2000E+01
 -37.175  0.0000E+00  0.2000E+01
 -37.165  0.0000E+00  0.2000E+01
 -37.155  0.0000E+00  0.2000E+01
 -37.145  0.0000E+00  0.2000E+01
 -37.135  0.0000E+00  0.2000E+01
 -37.125  0.0000E+00  0.2000E+01
 -37.115  0.0000E+00  0.2000E+01
 -37.105  0.0000E+00  0.2000E+01
 -37.095  0.0000E+00  0.2000E+01
 -37.085  0.0000E+00  0.2000E+01
 -37.075  0.0000E+00  0.2000E+01
 -37.065  0.0000E+00  0.2000E+01
 -37.055  0.0000E+00  0.2000E+01
 -37.045  0.0000E+00  0.2000E+01
 -37.035  0.0000E+00  0.2000E+01
 -37.025  0.0000E+00  0.2000E+01
 -37.015  0.0000E+00  0.2000E+01
 -37.005  0.0000E+00  0.2000E+01
 -36.995  0.0000E+00  0.2000E+01
 -36.985  0.0000E+00  0.2000E+01
 -36.975  0.0000E+00  0.2000E+01
 -36.965  0.0000E+00  0.2000E+01
 -36.955  0.0000E+00  0.2000E+01
 -36.945  0.0000E+00  0.2000E+01
 -36.935  0.0000E+00  0.2000E+01
 -36.925  0.0000E+00  0.2000E+01
 -36.915  0.0000E+00  0.2000E+01
 -36.905  0.0000E+00  0.2000E+01
 -36.895  0.0000E+00  0.2000E+01
 -36.885  0.0000E+00  0.2000E+01
 -36.875  0.0000E+00  0.2000E+01
 -36.865  0.0000E+00  0.2000E+01
 -36.855  0.0000E+00  0.2000E+01
 -36.845  0.0000E+00  0.2000E+01
 -36.835  0.0000E+00  0.2000E+01
 -36.825  0.0000E+00  0.2000E+01
 -36.815  0.0000E+00  0.2000E+01
 -36.805  0.0000E+00  0.2000E+01
 -36.795  0.0000E+00  0.2000E+01
 -36.785  0.0000E+00  0.2000E+01
 -36.775  0.0000E+00  0.2000E+01
 -36.765  0.0000E+00  0.2000E+01
 -36.755  0.0000E+00  0.2000E+01
 -36.745  0.0000E+00  0.2000E+01
 -36.735  0.0000E+00  0.2000E+01
 -36.725  0.0000E+00  0.2000E+01
 -36.715  0.0000E+00  0.2000E+01
 -36.705  0.0000E+00  0.2000E+01
 -36.695  0.0000E+00  0.2000E+01
 -36.685  0.0000E+00  0.2000E+01
 -36.675  0.0000E+00  0.2000E+01
 -36.665  0.0000E+00  0.2000E+01
 -36.655  0.0000E+00  0.2000E+01
 -36.645  0.0000E+00  0.2000E+01
 -36.635  0.0000E+00  0.2000E+01
 -36.625  0.0000E+00  0.2000E+01
 -36.615  0.0000E+00  0.2000E+01
 -36.605  0.0000E+00  0.2000E+01
 -36.595  0.0000E+00  0.2000E+01
 -36.585  0.0000E+00  0.2000E+01
 -36.575  0.0000E+00  0.2000E+01
 -36.565  0.0000E+00  0.2000E+01
 -36.555  0.0000E+00  0.2000E+01
 -36.545  0.0000E+00  0.2000E+01
 -36.535  0.0000E+00  0.2000E+01
 -36.525  0.0000E+00  0.2000E+01
 -36.515  0.0000E+00  0.2000E+01
 -36.505  0.0000E+00  0.2000E+01
 -36.495  0.0000E+00  0.2000E+01
 -36.485  0.0000E+00  0.2000E+01
 -36.475  0.0000E+00  0.2000E+01
 -36.465  0.0000E+00  0.2000E+01
 -36.455  0.0000E+00  0.2000E+01
 -36.445  0.0000E+00  0.2000E+01
 -36.435  0.0000E+00  0.2000E+01
 -36.425  0.0000E+00  0.2000E+01
 -36.415  0.0000E+00  0.2000E+01
 -36.405  0.0000E+00  0.2000E+01
 -36.395  0.0000E+00  0.2000E+01
 -36.385  0.0000E+00  0.2000E+01
 -36.375  0.0000E+00  0.2000E+01
 -36.365  0.0000E+00  0.2000E+01
 -36.355  0.0000E+00  0.2000E+01
 -36.345  0.0000E+00  0.2000E+01
 -36.335  0.0000E+00  0.2000E+01
 -36.325  0.0000E+00  0.2000E+01
 -36.315  0.0000E+00  0.2000E+01
 -36.305  0.0000E+00  0.2000E+01
 -36.295  0.0000E+00  0.2000E+01
 -36.285  0.0000E+00  0.2000E+01
 -36.275  0.0000E+00  0.2000E+01
 -36.265  0.0000E+00  0.2000E+01
 -36.255  0.0000E+00  0.2000E+01
 -36.245  0.0000E+00  0.2000E+01
 -36.235  0.0000E+00  0.2000E+01
 -36.225  0.0000E+00  0.2000E+01
 -36.215  0.0000E+00  0.2000E+01
 -36.205  0.0000E+00  0.2000E+01
 -36.195  0.0000E+00  0.2000E+01
 -36.185  0.0000E+00  0.2000E+01
 -36.175  0.0000E+00  0.2000E+01
 -36.165  0.0000E+00  0.2000E+01
 -36.155  0.0000E+00  0.2000E+01
 -36.145  0.0000E+00  0.2000E+01
 -36.135  0.0000E+00  0.2000E+01
 -36.125  0.0000E+00  0.2000E+01
 -36.115  0.0000E+00  0.2000E+01
 -36.105  0.0000E+00  0.2000E+01
 -36.095  0.0000E+00  0.2000E+01
 -36.085  0.0000E+00  0.2000E+01
 -36.075  0.0000E+00  0.2000E+01
 -36.065  0.0000E+00  0.2000E+01
 -36.055  0.0000E+00  0.2000E+01
 -36.045  0.0000E+00  0.2000E+01
 -36.035  0.0000E+00  0.2000E+01
 -36.025  0.0000E+00  0.2000E+01
 -36.015  0.0000E+00  0.2000E+01
 -36.005  0.0000E+00  0.2000E+01
 -35.995  0.0000E+00  0.2000E+01
 -35.985  0.0000E+00  0.2000E+01
 -35.975  0.0000E+00  0.2000E+01
 -35.965  0.0000E+00  0.2000E+01
 -35.955  0.0000E+00  0.2000E+01
 -35.945  0.0000E+00  0.2000E+01
 -35.935  0.0000E+00  0.2000E+01
 -35.925  0.0000E+00  0.2000E+01
 -35.915  0.0000E+00  0.2000E+01
 -35.905  0.0000E+00  0.2000E+01
 -35.895  0.0000E+00  0.2000E+01
 -35.885  0.0000E+00  0.2000E+01
 -35.875  0.0000E+00  0.2000E+01
 -35.865  0.0000E+00  0.2000E+01
 -35.855  0.0000E+00  0.2000E+01
 -35.845  0.0000E+00  0.2000E+01
 -35.835  0.0000E+00  0.2000E+01
 -35.825  0.0000E+00  0.2000E+01
 -35.815  0.0000E+00  0.2000E+01
 -35.805  0.0000E+00  0.2000E+01
 -35.795  0.0000E+00  0.2000E+01
 -35.785  0.0000E+00  0.2000E+01
 -35.775  0.0000E+00  0.2000E+01
 -35.765  0.0000E+00  0.2000E+01
 -35.755  0.0000E+00  0.2000E+01
 -35.745  0.0000E+00  0.2000E+01
 -35.735  0.0000E+00  0.2000E+01
 -35.725  0.0000E+00  0.2000E+01
 -35.715  0.0000E+00  0.2000E+01
 -35.705  0.0000E+00  0.2000E+01
 -35.695  0.0000E+00  0.2000E+01
 -35.685  0.0000E+00  0.2000E+01
 -35.675  0.0000E+00  0.2000E+01
 -35.665  0.0000E+00  0.2000E+01
 -35.655  0.0000E+00  0.2000E+01
 -35.645  0.0000E+00  0.2000E+01
 -35.635  0.0000E+00  0.2000E+01
 -35.625  0.0000E+00  0.2000E+01
 -35.615  0.0000E+00  0.2000E+01
 -35.605  0.0000E+00  0.2000E+01
 -35.595  0.0000E+00  0.2000E+01
 -35.585  0.0000E+00  0.2000E+01
 -35.575  0.0000E+00  0.2000E+01
 -35.565  0.0000E+00  0.2000E+01
 -35.555  0.0000E+00  0.2000E+01
 -35.545  0.0000E+00  0.2000E+01
 -35.535  0.0000E+00  0.2000E+01
 -35.525  0.0000E+00  0.2000E+01
 -35.515  0.0000E+00  0.2000E+01
 -35.505  0.0000E+00  0.2000E+01
 -35.495  0.0000E+00  0.2000E+01
 -35.485  0.0000E+00  0.2000E+01
 -35.475  0.0000E+00  0.2000E+01
 -35.465  0.0000E+00  0.2000E+01
 -35.455  0.0000E+00  0.2000E+01
 -35.445  0.0000E+00  0.2000E+01
 -35.435  0.0000E+00  0.2000E+01
 -35.425  0.0000E+00  0.2000E+01
 -35.415  0.0000E+00  0.2000E+01
 -35.405  0.0000E+00  0.2000E+01
 -35.395  0.0000E+00  0.2000E+01
 -35.385  0.0000E+00  0.2000E+01
 -35.375  0.0000E+00  0.2000E+01
 -35.365  0.0000E+00  0.2000E+01
 -35.355  0.0000E+00  0.2000E+01
 -35.345  0.0000E+00  0.2000E+01
 -35.335  0.0000E+00  0.2000E+01
 -35.325  0.0000E+00  0.2000E+01
 -35.315  0.0000E+00  0.2000E+01
 -35.305  0.0000E+00  0.2000E+01
 -35.295  0.0000E+00  0.2000E+01
 -35.285  0.0000E+00  0.2000E+01
 -35.275  0.0000E+00  0.2000E+01
 -35.265  0.0000E+00  0.2000E+01
 -35.255  0.0000E+00  0.2000E+01
 -35.245  0.0000E+00  0.2000E+01
 -35.235  0.0000E+00  0.2000E+01
 -35.225  0.0000E+00  0.2000E+01
 -35.215  0.0000E+00  0.2000E+01
 -35.205  0.0000E+00  0.2000E+01
 -35.195  0.0000E+00  0.2000E+01
 -35.185  0.0000E+00  0.2000E+01
 -35.175  0.0000E+00  0.2000E+01
 -35.165  0.0000E+00  0.2000E+01
 -35.155  0.0000E+00  0.2000E+01
 -35.145  0.0000E+00  0.2000E+01
 -35.135  0.0000E+00  0.2000E+01
 -35.125  0.0000E+00  0.2000E+01
 -35.115  0.0000E+00  0.2000E+01
 -35.105  0.0000E+00  0.2000E+01
 -35.095  0.0000E+00  0.2000E+01
 -35.085  0.0000E+00  0.2000E+01
 -35.075  0.0000E+00  0.2000E+01
 -35.065  0.0000E+00  0.2000E+01
 -35.055  0.0000E+00  0.2000E+01
 -35.045  0.0000E+00  0.2000E+01
 -35.035  0.0000E+00  0.2000E+01
 -35.025  0.0000E+00  0.2000E+01
 -35.015  0.0000E+00  0.2000E+01
 -35.005  0.0000E+00  0.2000E+01
 -34.995  0.0000E+00  0.2000E+01
 -34.985  0.0000E+00  0.2000E+01
 -34.975  0.0000E+00  0.2000E+01
 -34.965  0.0000E+00  0.2000E+01
 -34.955  0.0000E+00  0.2000E+01
 -34.945  0.0000E+00  0.2000E+01
 -34.935  0.0000E+00  0.2000E+01
 -34.925  0.0000E+00  0.2000E+01
 -34.915  0.0000E+00  0.2000E+01
 -34.905  0.0000E+00  0.2000E+01
 -34.895  0.0000E+00  0.2000E+01
 -34.885  0.0000E+00  0.2000E+01
 -34.875  0.0000E+00  0.2000E+01
 -34.865  0.0000E+00  0.2000E+01
 -34.855  0.0000E+00  0.2000E+01
 -34.845  0.0000E+00  0.2000E+01
 -34.835  0.0000E+00  0.2000E+01
 -34.825  0.0000E+00  0.2000E+01
 -34.815  0.0000E+00  0.2000E+01
 -34.805  0.0000E+00  0.2000E+01
 -34.795  0.0000E+00  0.2000E+01
 -34.785  0.0000E+00  0.2000E+01
 -34.775  0.0000E+00  0.2000E+01
 -34.765  0.0000E+00  0.2000E+01
 -34.755  0.0000E+00  0.2000E+01
 -34.745  0.0000E+00  0.2000E+01
 -34.735  0.0000E+00  0.2000E+01
 -34.725  0.0000E+00  0.2000E+01
 -34.715  0.0000E+00  0.2000E+01
 -34.705  0.0000E+00  0.2000E+01
 -34.695  0.0000E+00  0.2000E+01
 -34.685  0.0000E+00  0.2000E+01
 -34.675  0.0000E+00  0.2000E+01
 -34.665  0.0000E+00  0.2000E+01
 -34.655  0.0000E+00  0.2000E+01
 -34.645  0.0000E+00  0.2000E+01
 -34.635  0.0000E+00  0.2000E+01
 -34.625  0.0000E+00  0.2000E+01
 -34.615  0.0000E+00  0.2000E+01
 -34.605  0.0000E+00  0.2000E+01
 -34.595  0.0000E+00  0.2000E+01
 -34.585  0.0000E+00  0.2000E+01
 -34.575  0.0000E+00  0.2000E+01
 -34.565  0.0000E+00  0.2000E+01
 -34.555  0.0000E+00  0.2000E+01
 -34.545  0.0000E+00  0.2000E+01
 -34.535  0.0000E+00  0.2000E+01
 -34.525  0.0000E+00  0.2000E+01
 -34.515  0.0000E+00  0.2000E+01
 -34.505  0.0000E+00  0.2000E+01
 -34.495  0.0000E+00  0.2000E+01
 -34.485  0.0000E+00  0.2000E+01
 -34.475  0.0000E+00  0.2000E+01
 -34.465  0.0000E+00  0.2000E+01
 -34.455  0.0000E+00  0.2000E+01
 -34.445  0.0000E+00  0.2000E+01
 -34.435  0.0000E+00  0.2000E+01
 -34.425  0.0000E+00  0.2000E+01
 -34.415  0.0000E+00  0.2000E+01
 -34.405  0.0000E+00  0.2000E+01
 -34.395  0.0000E+00  0.2000E+01
 -34.385  0.0000E+00  0.2000E+01
 -34.375  0.0000E+00  0.2000E+01
 -34.365  0.0000E+00  0.2000E+01
 -34.355  0.0000E+00  0.2000E+01
 -34.345  0.0000E+00  0.2000E+01
 -34.335  0.0000E+00  0.2000E+01
 -34.325  0.0000E+00  0.2000E+01
 -34.315  0.0000E+00  0.2000E+01
 -34.305  0.0000E+00  0.2000E+01
 -34.295  0.0000E+00  0.2000E+01
 -34.285  0.0000E+00  0.2000E+01
 -34.275  0.0000E+00  0.2000E+01
 -34.265  0.0000E+00  0.2000E+01
 -34.255  0.0000E+00  0.2000E+01
 -34.245  0.0000E+00  0.2000E+01
 -34.235  0.0000E+00  0.2000E+01
 -34.225  0.0000E+00  0.2000E+01
 -34.215  0.0000E+00  0.2000E+01
 -34.205  0.0000E+00  0.2000E+01
 -34.195  0.0000E+00  0.2000E+01
 -34.185  0.0000E+00  0.2000E+01
 -34.175  0.0000E+00  0.2000E+01
 -34.165  0.0000E+00  0.2000E+01
 -34.155  0.0000E+00  0.2000E+01
 -34.145  0.0000E+00  0.2000E+01
 -34.135  0.0000E+00  0.2000E+01
 -34.125  0.0000E+00  0.2000E+01
 -34.115  0.0000E+00  0.2000E+01
 -34.105  0.0000E+00  0.2000E+01
 -34.095  0.0000E+00  0.2000E+01
 -34.085  0.0000E+00  0.2000E+01
 -34.075  0.0000E+00  0.2000E+01
 -34.065  0.0000E+00  0.2000E+01
 -34.055  0.0000E+00  0.2000E+01
 -34.045  0.0000E+00  0.2000E+01
 -34.035  0.0000E+00  0.2000E+01
 -34.025  0.0000E+00  0.2000E+01
 -34.015  0.0000E+00  0.2000E+01
 -34.005  0.0000E+00  0.2000E+01
 -33.995  0.0000E+00  0.2000E+01
 -33.985  0.0000E+00  0.2000E+01
 -33.975  0.0000E+00  0.2000E+01
 -33.965  0.0000E+00  0.2000E+01
 -33.955  0.0000E+00  0.2000E+01
 -33.945  0.0000E+00  0.2000E+01
 -33.935  0.0000E+00  0.2000E+01
 -33.925  0.0000E+00  0.2000E+01
 -33.915  0.0000E+00  0.2000E+01
 -33.905  0.0000E+00  0.2000E+01
 -33.895  0.0000E+00  0.2000E+01
 -33.885  0.0000E+00  0.2000E+01
 -33.875  0.0000E+00  0.2000E+01
 -33.865  0.0000E+00  0.2000E+01
 -33.855  0.0000E+00  0.2000E+01
 -33.845  0.0000E+00  0.2000E+01
 -33.835  0.0000E+00  0.2000E+01
 -33.825  0.0000E+00  0.2000E+01
 -33.815  0.0000E+00  0.2000E+01
 -33.805  0.0000E+00  0.2000E+01
 -33.795  0.0000E+00  0.2000E+01
 -33.785  0.0000E+00  0.2000E+01
 -33.775  0.0000E+00  0.2000E+01
 -33.765  0.0000E+00  0.2000E+01
 -33.755  0.0000E+00  0.2000E+01
 -33.745  0.0000E+00  0.2000E+01
 -33.735  0.0000E+00  0.2000E+01
 -33.725  0.0000E+00  0.2000E+01
 -33.715  0.0000E+00  0.2000E+01
 -33.705  0.0000E+00  0.2000E+01
 -33.695  0.0000E+00  0.2000E+01
 -33.685  0.0000E+00  0.2000E+01
 -33.675  0.0000E+00  0.2000E+01
 -33.665  0.0000E+00  0.2000E+01
 -33.655  0.0000E+00  0.2000E+01
 -33.645  0.0000E+00  0.2000E+01
 -33.635  0.0000E+00  0.2000E+01
 -33.625  0.0000E+00  0.2000E+01
 -33.615  0.0000E+00  0.2000E+01
 -33.605  0.0000E+00  0.2000E+01
 -33.595  0.0000E+00  0.2000E+01
 -33.585  0.0000E+00  0.2000E+01
 -33.575  0.0000E+00  0.2000E+01
 -33.565  0.0000E+00  0.2000E+01
 -33.555  0.0000E+00  0.2000E+01
 -33.545  0.0000E+00  0.2000E+01
 -33.535  0.0000E+00  0.2000E+01
 -33.525  0.0000E+00  0.2000E+01
 -33.515  0.0000E+00  0.2000E+01
 -33.505  0.0000E+00  0.2000E+01
 -33.495  0.0000E+00  0.2000E+01
 -33.485  0.0000E+00  0.2000E+01
 -33.475  0.0000E+00  0.2000E+01
 -33.465  0.0000E+00  0.2000E+01
 -33.455  0.0000E+00  0.2000E+01
 -33.445  0.0000E+00  0.2000E+01
 -33.435  0.0000E+00  0.2000E+01
 -33.425  0.0000E+00  0.2000E+01
 -33.415  0.0000E+00  0.2000E+01
 -33.405  0.0000E+00  0.2000E+01
 -33.395  0.0000E+00  0.2000E+01
 -33.385  0.0000E+00  0.2000E+01
 -33.375  0.0000E+00  0.2000E+01
 -33.365  0.0000E+00  0.2000E+01
 -33.355  0.0000E+00  0.2000E+01
 -33.345  0.0000E+00  0.2000E+01
 -33.335  0.0000E+00  0.2000E+01
 -33.325  0.0000E+00  0.2000E+01
 -33.315  0.0000E+00  0.2000E+01
 -33.305  0.0000E+00  0.2000E+01
 -33.295  0.0000E+00  0.2000E+01
 -33.285  0.0000E+00  0.2000E+01
 -33.275  0.0000E+00  0.2000E+01
 -33.265  0.0000E+00  0.2000E+01
 -33.255  0.0000E+00  0.2000E+01
 -33.245  0.0000E+00  0.2000E+01
 -33.235  0.0000E+00  0.2000E+01
 -33.225  0.0000E+00  0.2000E+01
 -33.215  0.0000E+00  0.2000E+01
 -33.205  0.0000E+00  0.2000E+01
 -33.195  0.0000E+00  0.2000E+01
 -33.185  0.0000E+00  0.2000E+01
 -33.175  0.0000E+00  0.2000E+01
 -33.165  0.0000E+00  0.2000E+01
 -33.155  0.0000E+00  0.2000E+01
 -33.145  0.0000E+00  0.2000E+01
 -33.135  0.0000E+00  0.2000E+01
 -33.125  0.0000E+00  0.2000E+01
 -33.115  0.0000E+00  0.2000E+01
 -33.105  0.0000E+00  0.2000E+01
 -33.095  0.0000E+00  0.2000E+01
 -33.085  0.0000E+00  0.2000E+01
 -33.075  0.0000E+00  0.2000E+01
 -33.065  0.0000E+00  0.2000E+01
 -33.055  0.0000E+00  0.2000E+01
 -33.045  0.0000E+00  0.2000E+01
 -33.035  0.0000E+00  0.2000E+01
 -33.025  0.0000E+00  0.2000E+01
 -33.015  0.0000E+00  0.2000E+01
 -33.005  0.0000E+00  0.2000E+01
 -32.995  0.0000E+00  0.2000E+01
 -32.985  0.0000E+00  0.2000E+01
 -32.975  0.0000E+00  0.2000E+01
 -32.965  0.0000E+00  0.2000E+01
 -32.955  0.0000E+00  0.2000E+01
 -32.945  0.0000E+00  0.2000E+01
 -32.935  0.0000E+00  0.2000E+01
 -32.925  0.0000E+00  0.2000E+01
 -32.915  0.0000E+00  0.2000E+01
 -32.905  0.0000E+00  0.2000E+01
 -32.895  0.0000E+00  0.2000E+01
 -32.885  0.0000E+00  0.2000E+01
 -32.875  0.0000E+00  0.2000E+01
 -32.865  0.0000E+00  0.2000E+01
 -32.855  0.0000E+00  0.2000E+01
 -32.845  0.0000E+00  0.2000E+01
 -32.835  0.0000E+00  0.2000E+01
 -32.825  0.0000E+00  0.2000E+01
 -32.815  0.0000E+00  0.2000E+01
 -32.805  0.0000E+00  0.2000E+01
 -32.795  0.0000E+00  0.2000E+01
 -32.785  0.0000E+00  0.2000E+01
 -32.775  0.0000E+00  0.2000E+01
 -32.765  0.0000E+00  0.2000E+01
 -32.755  0.0000E+00  0.2000E+01
 -32.745  0.0000E+00  0.2000E+01
 -32.735  0.0000E+00  0.2000E+01
 -32.725  0.0000E+00  0.2000E+01
 -32.715  0.0000E+00  0.2000E+01
 -32.705  0.0000E+00  0.2000E+01
 -32.695  0.0000E+00  0.2000E+01
 -32.685  0.0000E+00  0.2000E+01
 -32.675  0.0000E+00  0.2000E+01
 -32.665  0.0000E+00  0.2000E+01
 -32.655  0.0000E+00  0.2000E+01
 -32.645  0.0000E+00  0.2000E+01
 -32.635  0.0000E+00  0.2000E+01
 -32.625  0.0000E+00  0.2000E+01
 -32.615  0.0000E+00  0.2000E+01
 -32.605  0.0000E+00  0.2000E+01
 -32.595  0.0000E+00  0.2000E+01
 -32.585  0.0000E+00  0.2000E+01
 -32.575  0.0000E+00  0.2000E+01
 -32.565  0.0000E+00  0.2000E+01
 -32.555  0.0000E+00  0.2000E+01
 -32.545  0.0000E+00  0.2000E+01
 -32.535  0.0000E+00  0.2000E+01
 -32.525  0.0000E+00  0.2000E+01
 -32.515  0.0000E+00  0.2000E+01
 -32.505  0.0000E+00  0.2000E+01
 -32.495  0.0000E+00  0.2000E+01
 -32.485  0.0000E+00  0.2000E+01
 -32.475  0.0000E+00  0.2000E+01
 -32.465  0.0000E+00  0.2000E+01
 -32.455  0.0000E+00  0.2000E+01
 -32.445  0.0000E+00  0.2000E+01
 -32.435  0.0000E+00  0.2000E+01
 -32.425  0.0000E+00  0.2000E+01
 -32.415  0.0000E+00  0.2000E+01
 -32.405  0.0000E+00  0.2000E+01
 -32.395  0.0000E+00  0.2000E+01
 -32.385  0.0000E+00  0.2000E+01
 -32.375  0.0000E+00  0.2000E+01
 -32.365  0.0000E+00  0.2000E+01
 -32.355  0.0000E+00  0.2000E+01
 -32.345  0.0000E+00  0.2000E+01
 -32.335  0.0000E+00  0.2000E+01
 -32.325  0.0000E+00  0.2000E+01
 -32.315  0.0000E+00  0.2000E+01
 -32.305  0.0000E+00  0.2000E+01
 -32.295  0.0000E+00  0.2000E+01
 -32.285  0.0000E+00  0.2000E+01
 -32.275  0.0000E+00  0.2000E+01
 -32.265  0.0000E+00  0.2000E+01
 -32.255  0.0000E+00  0.2000E+01
 -32.245  0.0000E+00  0.2000E+01
 -32.235  0.0000E+00  0.2000E+01
 -32.225  0.0000E+00  0.2000E+01
 -32.215  0.0000E+00  0.2000E+01
 -32.205  0.0000E+00  0.2000E+01
 -32.195  0.0000E+00  0.2000E+01
 -32.185  0.0000E+00  0.2000E+01
 -32.175  0.0000E+00  0.2000E+01
 -32.165  0.0000E+00  0.2000E+01
 -32.155  0.0000E+00  0.2000E+01
 -32.145  0.0000E+00  0.2000E+01
 -32.135  0.0000E+00  0.2000E+01
 -32.125  0.0000E+00  0.2000E+01
 -32.115  0.0000E+00  0.2000E+01
 -32.105  0.0000E+00  0.2000E+01
 -32.095  0.0000E+00  0.2000E+01
 -32.085  0.0000E+00  0.2000E+01
 -32.075  0.0000E+00  0.2000E+01
 -32.065  0.0000E+00  0.2000E+01
 -32.055  0.0000E+00  0.2000E+01
 -32.045  0.0000E+00  0.2000E+01
 -32.035  0.0000E+00  0.2000E+01
 -32.025  0.0000E+00  0.2000E+01
 -32.015  0.0000E+00  0.2000E+01
 -32.005  0.0000E+00  0.2000E+01
 -31.995  0.0000E+00  0.2000E+01
 -31.985  0.0000E+00  0.2000E+01
 -31.975  0.0000E+00  0.2000E+01
 -31.965  0.0000E+00  0.2000E+01
 -31.955  0.0000E+00  0.2000E+01
 -31.945  0.0000E+00  0.2000E+01
 -31.935  0.0000E+00  0.2000E+01
 -31.925  0.0000E+00  0.2000E+01
 -31.915  0.0000E+00  0.2000E+01
 -31.905  0.0000E+00  0.2000E+01
 -31.895  0.0000E+00  0.2000E+01
 -31.885  0.0000E+00  0.2000E+01
 -31.875  0.0000E+00  0.2000E+01
 -31.865  0.0000E+00  0.2000E+01
 -31.855  0.0000E+00  0.2000E+01
 -31.845  0.0000E+00  0.2000E+01
 -31.835  0.0000E+00  0.2000E+01
 -31.825  0.0000E+00  0.2000E+01
 -31.815  0.0000E+00  0.2000E+01
 -31.805  0.0000E+00  0.2000E+01
 -31.795  0.0000E+00  0.2000E+01
 -31.785  0.0000E+00  0.2000E+01
 -31.775  0.0000E+00  0.2000E+01
 -31.765  0.0000E+00  0.2000E+01
 -31.755  0.0000E+00  0.2000E+01
 -31.745  0.0000E+00  0.2000E+01
 -31.735  0.0000E+00  0.2000E+01
 -31.725  0.0000E+00  0.2000E+01
 -31.715  0.0000E+00  0.2000E+01
 -31.705  0.0000E+00  0.2000E+01
 -31.695  0.0000E+00  0.2000E+01
 -31.685  0.0000E+00  0.2000E+01
 -31.675  0.0000E+00  0.2000E+01
 -31.665  0.0000E+00  0.2000E+01
 -31.655  0.0000E+00  0.2000E+01
 -31.645  0.0000E+00  0.2000E+01
 -31.635  0.0000E+00  0.2000E+01
 -31.625  0.0000E+00  0.2000E+01
 -31.615  0.0000E+00  0.2000E+01
 -31.605  0.0000E+00  0.2000E+01
 -31.595  0.0000E+00  0.2000E+01
 -31.585  0.0000E+00  0.2000E+01
 -31.575  0.0000E+00  0.2000E+01
 -31.565  0.0000E+00  0.2000E+01
 -31.555  0.0000E+00  0.2000E+01
 -31.545  0.0000E+00  0.2000E+01
 -31.535  0.0000E+00  0.2000E+01
 -31.525  0.0000E+00  0.2000E+01
 -31.515  0.0000E+00  0.2000E+01
 -31.505  0.0000E+00  0.2000E+01
 -31.495  0.0000E+00  0.2000E+01
 -31.485  0.0000E+00  0.2000E+01
 -31.475  0.0000E+00  0.2000E+01
 -31.465  0.0000E+00  0.2000E+01
 -31.455  0.0000E+00  0.2000E+01
 -31.445  0.0000E+00  0.2000E+01
 -31.435  0.0000E+00  0.2000E+01
 -31.425  0.0000E+00  0.2000E+01
 -31.415  0.0000E+00  0.2000E+01
 -31.405  0.0000E+00  0.2000E+01
 -31.395  0.0000E+00  0.2000E+01
 -31.385  0.0000E+00  0.2000E+01
 -31.375  0.0000E+00  0.2000E+01
 -31.365  0.0000E+00  0.2000E+01
 -31.355  0.0000E+00  0.2000E+01
 -31.345  0.0000E+00  0.2000E+01
 -31.335  0.0000E+00  0.2000E+01
 -31.325  0.0000E+00  0.2000E+01
 -31.315  0.0000E+00  0.2000E+01
 -31.305  0.0000E+00  0.2000E+01
 -31.295  0.0000E+00  0.2000E+01
 -31.285  0.0000E+00  0.2000E+01
 -31.275  0.0000E+00  0.2000E+01
 -31.265  0.0000E+00  0.2000E+01
 -31.255  0.0000E+00  0.2000E+01
 -31.245  0.0000E+00  0.2000E+01
 -31.235  0.0000E+00  0.2000E+01
 -31.225  0.0000E+00  0.2000E+01
 -31.215  0.0000E+00  0.2000E+01
 -31.205  0.0000E+00  0.2000E+01
 -31.195  0.0000E+00  0.2000E+01
 -31.185  0.0000E+00  0.2000E+01
 -31.175  0.0000E+00  0.2000E+01
 -31.165  0.0000E+00  0.2000E+01
 -31.155  0.0000E+00  0.2000E+01
 -31.145  0.0000E+00  0.2000E+01
 -31.135  0.0000E+00  0.2000E+01
 -31.125  0.0000E+00  0.2000E+01
 -31.115  0.0000E+00  0.2000E+01
 -31.105  0.0000E+00  0.2000E+01
 -31.095  0.0000E+00  0.2000E+01
 -31.085  0.0000E+00  0.2000E+01
 -31.075  0.0000E+00  0.2000E+01
 -31.065  0.0000E+00  0.2000E+01
 -31.055  0.0000E+00  0.2000E+01
 -31.045  0.0000E+00  0.2000E+01
 -31.035  0.0000E+00  0.2000E+01
 -31.025  0.0000E+00  0.2000E+01
 -31.015  0.0000E+00  0.2000E+01
 -31.005  0.0000E+00  0.2000E+01
 -30.995  0.0000E+00  0.2000E+01
 -30.985  0.0000E+00  0.2000E+01
 -30.975  0.0000E+00  0.2000E+01
 -30.965  0.0000E+00  0.2000E+01
 -30.955  0.0000E+00  0.2000E+01
 -30.945  0.0000E+00  0.2000E+01
 -30.935  0.0000E+00  0.2000E+01
 -30.925  0.0000E+00  0.2000E+01
 -30.915  0.0000E+00  0.2000E+01
 -30.905  0.0000E+00  0.2000E+01
 -30.895  0.0000E+00  0.2000E+01
 -30.885  0.0000E+00  0.2000E+01
 -30.875  0.0000E+00  0.2000E+01
 -30.865  0.0000E+00  0.2000E+01
 -30.855  0.0000E+00  0.2000E+01
 -30.845  0.0000E+00  0.2000E+01
 -30.835  0.0000E+00  0.2000E+01
 -30.825  0.0000E+00  0.2000E+01
 -30.815  0.0000E+00  0.2000E+01
 -30.805  0.0000E+00  0.2000E+01
 -30.795  0.0000E+00  0.2000E+01
 -30.785  0.0000E+00  0.2000E+01
 -30.775  0.0000E+00  0.2000E+01
 -30.765  0.0000E+00  0.2000E+01
 -30.755  0.0000E+00  0.2000E+01
 -30.745  0.0000E+00  0.2000E+01
 -30.735  0.0000E+00  0.2000E+01
 -30.725  0.0000E+00  0.2000E+01
 -30.715  0.0000E+00  0.2000E+01
 -30.705  0.0000E+00  0.2000E+01
 -30.695  0.0000E+00  0.2000E+01
 -30.685  0.0000E+00  0.2000E+01
 -30.675  0.0000E+00  0.2000E+01
 -30.665  0.0000E+00  0.2000E+01
 -30.655  0.0000E+00  0.2000E+01
 -30.645  0.0000E+00  0.2000E+01
 -30.635  0.0000E+00  0.2000E+01
 -30.625  0.0000E+00  0.2000E+01
 -30.615  0.0000E+00  0.2000E+01
 -30.605  0.0000E+00  0.2000E+01
 -30.595  0.0000E+00  0.2000E+01
 -30.585  0.0000E+00  0.2000E+01
 -30.575  0.0000E+00  0.2000E+01
 -30.565  0.0000E+00  0.2000E+01
 -30.555  0.0000E+00  0.2000E+01
 -30.545  0.0000E+00  0.2000E+01
 -30.535  0.0000E+00  0.2000E+01
 -30.525  0.0000E+00  0.2000E+01
 -30.515  0.0000E+00  0.2000E+01
 -30.505  0.0000E+00  0.2000E+01
 -30.495  0.0000E+00  0.2000E+01
 -30.485  0.0000E+00  0.2000E+01
 -30.475  0.0000E+00  0.2000E+01
 -30.465  0.0000E+00  0.2000E+01
 -30.455  0.0000E+00  0.2000E+01
 -30.445  0.0000E+00  0.2000E+01
 -30.435  0.0000E+00  0.2000E+01
 -30.425  0.0000E+00  0.2000E+01
 -30.415  0.0000E+00  0.2000E+01
 -30.405  0.0000E+00  0.2000E+01
 -30.395  0.0000E+00  0.2000E+01
 -30.385  0.0000E+00  0.2000E+01
 -30.375  0.0000E+00  0.2000E+01
 -30.365  0.0000E+00  0.2000E+01
 -30.355  0.0000E+00  0.2000E+01
 -30.345  0.0000E+00  0.2000E+01
 -30.335  0.0000E+00  0.2000E+01
 -30.325  0.0000E+00  0.2000E+01
 -30.315  0.0000E+00  0.2000E+01
 -30.305  0.0000E+00  0.2000E+01
 -30.295  0.0000E+00  0.2000E+01
 -30.285  0.0000E+00  0.2000E+01
 -30.275  0.0000E+00  0.2000E+01
 -30.265  0.0000E+00  0.2000E+01
 -30.255  0.0000E+00  0.2000E+01
 -30.245  0.0000E+00  0.2000E+01
 -30.235  0.0000E+00  0.2000E+01
 -30.225  0.0000E+00  0.2000E+01
 -30.215  0.0000E+00  0.2000E+01
 -30.205  0.0000E+00  0.2000E+01
 -30.195  0.0000E+00  0.2000E+01
 -30.185  0.0000E+00  0.2000E+01
 -30.175  0.0000E+00  0.2000E+01
 -30.165  0.0000E+00  0.2000E+01
 -30.155  0.0000E+00  0.2000E+01
 -30.145  0.0000E+00  0.2000E+01
 -30.135  0.0000E+00  0.2000E+01
 -30.125  0.0000E+00  0.2000E+01
 -30.115  0.0000E+00  0.2000E+01
 -30.105  0.0000E+00  0.2000E+01
 -30.095  0.0000E+00  0.2000E+01
 -30.085  0.0000E+00  0.2000E+01
 -30.075  0.0000E+00  0.2000E+01
 -30.065  0.0000E+00  0.2000E+01
 -30.055  0.0000E+00  0.2000E+01
 -30.045  0.0000E+00  0.2000E+01
 -30.035  0.0000E+00  0.2000E+01
 -30.025  0.0000E+00  0.2000E+01
 -30.015  0.0000E+00  0.2000E+01
 -30.005  0.0000E+00  0.2000E+01
 -29.995  0.0000E+00  0.2000E+01
 -29.985  0.0000E+00  0.2000E+01
 -29.975  0.0000E+00  0.2000E+01
 -29.965  0.0000E+00  0.2000E+01
 -29.955  0.0000E+00  0.2000E+01
 -29.945  0.0000E+00  0.2000E+01
 -29.935  0.0000E+00  0.2000E+01
 -29.925  0.0000E+00  0.2000E+01
 -29.915  0.0000E+00  0.2000E+01
 -29.905  0.0000E+00  0.2000E+01
 -29.895  0.0000E+00  0.2000E+01
 -29.885  0.0000E+00  0.2000E+01
 -29.875  0.0000E+00  0.2000E+01
 -29.865  0.0000E+00  0.2000E+01
 -29.855  0.0000E+00  0.2000E+01
 -29.845  0.0000E+00  0.2000E+01
 -29.835  0.0000E+00  0.2000E+01
 -29.825  0.0000E+00  0.2000E+01
 -29.815  0.0000E+00  0.2000E+01
 -29.805  0.0000E+00  0.2000E+01
 -29.795  0.0000E+00  0.2000E+01
 -29.785  0.0000E+00  0.2000E+01
 -29.775  0.0000E+00  0.2000E+01
 -29.765  0.0000E+00  0.2000E+01
 -29.755  0.0000E+00  0.2000E+01
 -29.745  0.0000E+00  0.2000E+01
 -29.735  0.0000E+00  0.2000E+01
 -29.725  0.0000E+00  0.2000E+01
 -29.715  0.0000E+00  0.2000E+01
 -29.705  0.0000E+00  0.2000E+01
 -29.695  0.0000E+00  0.2000E+01
 -29.685  0.0000E+00  0.2000E+01
 -29.675  0.0000E+00  0.2000E+01
 -29.665  0.0000E+00  0.2000E+01
 -29.655  0.0000E+00  0.2000E+01
 -29.645  0.0000E+00  0.2000E+01
 -29.635  0.0000E+00  0.2000E+01
 -29.625  0.0000E+00  0.2000E+01
 -29.615  0.0000E+00  0.2000E+01
 -29.605  0.0000E+00  0.2000E+01
 -29.595  0.0000E+00  0.2000E+01
 -29.585  0.0000E+00  0.2000E+01
 -29.575  0.0000E+00  0.2000E+01
 -29.565  0.0000E+00  0.2000E+01
 -29.555  0.0000E+00  0.2000E+01
 -29.545  0.0000E+00  0.2000E+01
 -29.535  0.0000E+00  0.2000E+01
 -29.525  0.0000E+00  0.2000E+01
 -29.515  0.0000E+00  0.2000E+01
 -29.505  0.0000E+00  0.2000E+01
 -29.495  0.0000E+00  0.2000E+01
 -29.485  0.0000E+00  0.2000E+01
 -29.475  0.0000E+00  0.2000E+01
 -29.465  0.0000E+00  0.2000E+01
 -29.455  0.0000E+00  0.2000E+01
 -29.445  0.0000E+00  0.2000E+01
 -29.435  0.0000E+00  0.2000E+01
 -29.425  0.0000E+00  0.2000E+01
 -29.415  0.0000E+00  0.2000E+01
 -29.405  0.0000E+00  0.2000E+01
 -29.395  0.0000E+00  0.2000E+01
 -29.385  0.0000E+00  0.2000E+01
 -29.375  0.0000E+00  0.2000E+01
 -29.365  0.0000E+00  0.2000E+01
 -29.355  0.0000E+00  0.2000E+01
 -29.345  0.0000E+00  0.2000E+01
 -29.335  0.0000E+00  0.2000E+01
 -29.325  0.0000E+00  0.2000E+01
 -29.315  0.0000E+00  0.2000E+01
 -29.305  0.0000E+00  0.2000E+01
 -29.295  0.0000E+00  0.2000E+01
 -29.285  0.0000E+00  0.2000E+01
 -29.275  0.0000E+00  0.2000E+01
 -29.265  0.0000E+00  0.2000E+01
 -29.255  0.0000E+00  0.2000E+01
 -29.245  0.0000E+00  0.2000E+01
 -29.235  0.0000E+00  0.2000E+01
 -29.225  0.0000E+00  0.2000E+01
 -29.215  0.0000E+00  0.2000E+01
 -29.205  0.0000E+00  0.2000E+01
 -29.195  0.0000E+00  0.2000E+01
 -29.185  0.0000E+00  0.2000E+01
 -29.175  0.0000E+00  0.2000E+01
 -29.165  0.0000E+00  0.2000E+01
 -29.155  0.0000E+00  0.2000E+01
 -29.145  0.0000E+00  0.2000E+01
 -29.135  0.0000E+00  0.2000E+01
 -29.125  0.0000E+00  0.2000E+01
 -29.115  0.0000E+00  0.2000E+01
 -29.105  0.0000E+00  0.2000E+01
 -29.095  0.0000E+00  0.2000E+01
 -29.085  0.0000E+00  0.2000E+01
 -29.075  0.0000E+00  0.2000E+01
 -29.065  0.0000E+00  0.2000E+01
 -29.055  0.0000E+00  0.2000E+01
 -29.045  0.0000E+00  0.2000E+01
 -29.035  0.0000E+00  0.2000E+01
 -29.025  0.0000E+00  0.2000E+01
 -29.015  0.0000E+00  0.2000E+01
 -29.005  0.0000E+00  0.2000E+01
 -28.995  0.0000E+00  0.2000E+01
 -28.985  0.0000E+00  0.2000E+01
 -28.975  0.0000E+00  0.2000E+01
 -28.965  0.0000E+00  0.2000E+01
 -28.955  0.0000E+00  0.2000E+01
 -28.945  0.0000E+00  0.2000E+01
 -28.935  0.0000E+00  0.2000E+01
 -28.925  0.0000E+00  0.2000E+01
 -28.915  0.0000E+00  0.2000E+01
 -28.905  0.0000E+00  0.2000E+01
 -28.895  0.0000E+00  0.2000E+01
 -28.885  0.0000E+00  0.2000E+01
 -28.875  0.0000E+00  0.2000E+01
 -28.865  0.0000E+00  0.2000E+01
 -28.855  0.0000E+00  0.2000E+01
 -28.845  0.0000E+00  0.2000E+01
 -28.835  0.0000E+00  0.2000E+01
 -28.825  0.0000E+00  0.2000E+01
 -28.815  0.0000E+00  0.2000E+01
 -28.805  0.0000E+00  0.2000E+01
 -28.795  0.0000E+00  0.2000E+01
 -28.785  0.0000E+00  0.2000E+01
 -28.775  0.0000E+00  0.2000E+01
 -28.765  0.0000E+00  0.2000E+01
 -28.755  0.0000E+00  0.2000E+01
 -28.745  0.0000E+00  0.2000E+01
 -28.735  0.0000E+00  0.2000E+01
 -28.725  0.0000E+00  0.2000E+01
 -28.715  0.0000E+00  0.2000E+01
 -28.705  0.0000E+00  0.2000E+01
 -28.695  0.0000E+00  0.2000E+01
 -28.685  0.0000E+00  0.2000E+01
 -28.675  0.0000E+00  0.2000E+01
 -28.665  0.0000E+00  0.2000E+01
 -28.655  0.0000E+00  0.2000E+01
 -28.645  0.0000E+00  0.2000E+01
 -28.635  0.0000E+00  0.2000E+01
 -28.625  0.0000E+00  0.2000E+01
 -28.615  0.0000E+00  0.2000E+01
 -28.605  0.0000E+00  0.2000E+01
 -28.595  0.0000E+00  0.2000E+01
 -28.585  0.0000E+00  0.2000E+01
 -28.575  0.0000E+00  0.2000E+01
 -28.565  0.0000E+00  0.2000E+01
 -28.555  0.0000E+00  0.2000E+01
 -28.545  0.0000E+00  0.2000E+01
 -28.535  0.0000E+00  0.2000E+01
 -28.525  0.0000E+00  0.2000E+01
 -28.515  0.0000E+00  0.2000E+01
 -28.505  0.0000E+00  0.2000E+01
 -28.495  0.0000E+00  0.2000E+01
 -28.485  0.0000E+00  0.2000E+01
 -28.475  0.0000E+00  0.2000E+01
 -28.465  0.0000E+00  0.2000E+01
 -28.455  0.0000E+00  0.2000E+01
 -28.445  0.0000E+00  0.2000E+01
 -28.435  0.0000E+00  0.2000E+01
 -28.425  0.0000E+00  0.2000E+01
 -28.415  0.0000E+00  0.2000E+01
 -28.405  0.0000E+00  0.2000E+01
 -28.395  0.0000E+00  0.2000E+01
 -28.385  0.0000E+00  0.2000E+01
 -28.375  0.0000E+00  0.2000E+01
 -28.365  0.0000E+00  0.2000E+01
 -28.355  0.0000E+00  0.2000E+01
 -28.345  0.0000E+00  0.2000E+01
 -28.335  0.0000E+00  0.2000E+01
 -28.325  0.0000E+00  0.2000E+01
 -28.315  0.0000E+00  0.2000E+01
 -28.305  0.0000E+00  0.2000E+01
 -28.295  0.0000E+00  0.2000E+01
 -28.285  0.0000E+00  0.2000E+01
 -28.275  0.0000E+00  0.2000E+01
 -28.265  0.0000E+00  0.2000E+01
 -28.255  0.0000E+00  0.2000E+01
 -28.245  0.0000E+00  0.2000E+01
 -28.235  0.0000E+00  0.2000E+01
 -28.225  0.0000E+00  0.2000E+01
 -28.215  0.0000E+00  0.2000E+01
 -28.205  0.0000E+00  0.2000E+01
 -28.195  0.0000E+00  0.2000E+01
 -28.185  0.0000E+00  0.2000E+01
 -28.175  0.0000E+00  0.2000E+01
 -28.165  0.0000E+00  0.2000E+01
 -28.155  0.0000E+00  0.2000E+01
 -28.145  0.0000E+00  0.2000E+01
 -28.135  0.0000E+00  0.2000E+01
 -28.125  0.0000E+00  0.2000E+01
 -28.115  0.0000E+00  0.2000E+01
 -28.105  0.0000E+00  0.2000E+01
 -28.095  0.0000E+00  0.2000E+01
 -28.085  0.0000E+00  0.2000E+01
 -28.075  0.0000E+00  0.2000E+01
 -28.065  0.0000E+00  0.2000E+01
 -28.055  0.0000E+00  0.2000E+01
 -28.045  0.0000E+00  0.2000E+01
 -28.035  0.0000E+00  0.2000E+01
 -28.025  0.0000E+00  0.2000E+01
 -28.015  0.0000E+00  0.2000E+01
 -28.005  0.0000E+00  0.2000E+01
 -27.995  0.0000E+00  0.2000E+01
 -27.985  0.0000E+00  0.2000E+01
 -27.975  0.0000E+00  0.2000E+01
 -27.965  0.0000E+00  0.2000E+01
 -27.955  0.0000E+00  0.2000E+01
 -27.945  0.0000E+00  0.2000E+01
 -27.935  0.0000E+00  0.2000E+01
 -27.925  0.0000E+00  0.2000E+01
 -27.915  0.0000E+00  0.2000E+01
 -27.905  0.0000E+00  0.2000E+01
 -27.895  0.0000E+00  0.2000E+01
 -27.885  0.0000E+00  0.2000E+01
 -27.875  0.0000E+00  0.2000E+01
 -27.865  0.0000E+00  0.2000E+01
 -27.855  0.0000E+00  0.2000E+01
 -27.845  0.0000E+00  0.2000E+01
 -27.835  0.0000E+00  0.2000E+01
 -27.825  0.0000E+00  0.2000E+01
 -27.815  0.0000E+00  0.2000E+01
 -27.805  0.0000E+00  0.2000E+01
 -27.795  0.0000E+00  0.2000E+01
 -27.785  0.0000E+00  0.2000E+01
 -27.775  0.0000E+00  0.2000E+01
 -27.765  0.0000E+00  0.2000E+01
 -27.755  0.0000E+00  0.2000E+01
 -27.745  0.0000E+00  0.2000E+01
 -27.735  0.0000E+00  0.2000E+01
 -27.725  0.0000E+00  0.2000E+01
 -27.715  0.0000E+00  0.2000E+01
 -27.705  0.0000E+00  0.2000E+01
 -27.695  0.0000E+00  0.2000E+01
 -27.685  0.0000E+00  0.2000E+01
 -27.675  0.0000E+00  0.2000E+01
 -27.665  0.0000E+00  0.2000E+01
 -27.655  0.0000E+00  0.2000E+01
 -27.645  0.0000E+00  0.2000E+01
 -27.635  0.0000E+00  0.2000E+01
 -27.625  0.0000E+00  0.2000E+01
 -27.615  0.0000E+00  0.2000E+01
 -27.605  0.0000E+00  0.2000E+01
 -27.595  0.0000E+00  0.2000E+01
 -27.585  0.0000E+00  0.2000E+01
 -27.575  0.0000E+00  0.2000E+01
 -27.565  0.0000E+00  0.2000E+01
 -27.555  0.0000E+00  0.2000E+01
 -27.545  0.0000E+00  0.2000E+01
 -27.535  0.0000E+00  0.2000E+01
 -27.525  0.0000E+00  0.2000E+01
 -27.515  0.0000E+00  0.2000E+01
 -27.505  0.0000E+00  0.2000E+01
 -27.495  0.0000E+00  0.2000E+01
 -27.485  0.0000E+00  0.2000E+01
 -27.475  0.0000E+00  0.2000E+01
 -27.465  0.0000E+00  0.2000E+01
 -27.455  0.0000E+00  0.2000E+01
 -27.445  0.0000E+00  0.2000E+01
 -27.435  0.0000E+00  0.2000E+01
 -27.425  0.0000E+00  0.2000E+01
 -27.415  0.0000E+00  0.2000E+01
 -27.405  0.0000E+00  0.2000E+01
 -27.395  0.0000E+00  0.2000E+01
 -27.385  0.0000E+00  0.2000E+01
 -27.375  0.0000E+00  0.2000E+01
 -27.365  0.0000E+00  0.2000E+01
 -27.355  0.0000E+00  0.2000E+01
 -27.345  0.0000E+00  0.2000E+01
 -27.335  0.0000E+00  0.2000E+01
 -27.325  0.0000E+00  0.2000E+01
 -27.315  0.0000E+00  0.2000E+01
 -27.305  0.0000E+00  0.2000E+01
 -27.295  0.0000E+00  0.2000E+01
 -27.285  0.0000E+00  0.2000E+01
 -27.275  0.0000E+00  0.2000E+01
 -27.265  0.0000E+00  0.2000E+01
 -27.255  0.0000E+00  0.2000E+01
 -27.245  0.0000E+00  0.2000E+01
 -27.235  0.0000E+00  0.2000E+01
 -27.225  0.0000E+00  0.2000E+01
 -27.215  0.0000E+00  0.2000E+01
 -27.205  0.0000E+00  0.2000E+01
 -27.195  0.0000E+00  0.2000E+01
 -27.185  0.0000E+00  0.2000E+01
 -27.175  0.0000E+00  0.2000E+01
 -27.165  0.0000E+00  0.2000E+01
 -27.155  0.0000E+00  0.2000E+01
 -27.145  0.0000E+00  0.2000E+01
 -27.135  0.0000E+00  0.2000E+01
 -27.125  0.0000E+00  0.2000E+01
 -27.115  0.0000E+00  0.2000E+01
 -27.105  0.0000E+00  0.2000E+01
 -27.095  0.0000E+00  0.2000E+01
 -27.085  0.0000E+00  0.2000E+01
 -27.075  0.0000E+00  0.2000E+01
 -27.065  0.0000E+00  0.2000E+01
 -27.055  0.0000E+00  0.2000E+01
 -27.045  0.0000E+00  0.2000E+01
 -27.035  0.0000E+00  0.2000E+01
 -27.025  0.0000E+00  0.2000E+01
 -27.015  0.0000E+00  0.2000E+01
 -27.005  0.0000E+00  0.2000E+01
 -26.995  0.0000E+00  0.2000E+01
 -26.985  0.0000E+00  0.2000E+01
 -26.975  0.0000E+00  0.2000E+01
 -26.965  0.0000E+00  0.2000E+01
 -26.955  0.0000E+00  0.2000E+01
 -26.945  0.0000E+00  0.2000E+01
 -26.935  0.0000E+00  0.2000E+01
 -26.925  0.0000E+00  0.2000E+01
 -26.915  0.0000E+00  0.2000E+01
 -26.905  0.0000E+00  0.2000E+01
 -26.895  0.0000E+00  0.2000E+01
 -26.885  0.0000E+00  0.2000E+01
 -26.875  0.0000E+00  0.2000E+01
 -26.865  0.0000E+00  0.2000E+01
 -26.855  0.0000E+00  0.2000E+01
 -26.845  0.0000E+00  0.2000E+01
 -26.835  0.0000E+00  0.2000E+01
 -26.825  0.0000E+00  0.2000E+01
 -26.815  0.0000E+00  0.2000E+01
 -26.805  0.0000E+00  0.2000E+01
 -26.795  0.0000E+00  0.2000E+01
 -26.785  0.0000E+00  0.2000E+01
 -26.775  0.0000E+00  0.2000E+01
 -26.765  0.0000E+00  0.2000E+01
 -26.755  0.0000E+00  0.2000E+01
 -26.745  0.0000E+00  0.2000E+01
 -26.735  0.0000E+00  0.2000E+01
 -26.725  0.0000E+00  0.2000E+01
 -26.715  0.0000E+00  0.2000E+01
 -26.705  0.0000E+00  0.2000E+01
 -26.695  0.0000E+00  0.2000E+01
 -26.685  0.0000E+00  0.2000E+01
 -26.675  0.0000E+00  0.2000E+01
 -26.665  0.0000E+00  0.2000E+01
 -26.655  0.0000E+00  0.2000E+01
 -26.645  0.0000E+00  0.2000E+01
 -26.635  0.0000E+00  0.2000E+01
 -26.625  0.0000E+00  0.2000E+01
 -26.615  0.0000E+00  0.2000E+01
 -26.605  0.0000E+00  0.2000E+01
 -26.595  0.0000E+00  0.2000E+01
 -26.585  0.0000E+00  0.2000E+01
 -26.575  0.0000E+00  0.2000E+01
 -26.565  0.0000E+00  0.2000E+01
 -26.555  0.0000E+00  0.2000E+01
 -26.545  0.0000E+00  0.2000E+01
 -26.535  0.0000E+00  0.2000E+01
 -26.525  0.0000E+00  0.2000E+01
 -26.515  0.0000E+00  0.2000E+01
 -26.505  0.0000E+00  0.2000E+01
 -26.495  0.0000E+00  0.2000E+01
 -26.485  0.0000E+00  0.2000E+01
 -26.475  0.0000E+00  0.2000E+01
 -26.465  0.0000E+00  0.2000E+01
 -26.455  0.0000E+00  0.2000E+01
 -26.445  0.0000E+00  0.2000E+01
 -26.435  0.0000E+00  0.2000E+01
 -26.425  0.0000E+00  0.2000E+01
 -26.415  0.0000E+00  0.2000E+01
 -26.405  0.0000E+00  0.2000E+01
 -26.395  0.0000E+00  0.2000E+01
 -26.385  0.0000E+00  0.2000E+01
 -26.375  0.0000E+00  0.2000E+01
 -26.365  0.0000E+00  0.2000E+01
 -26.355  0.0000E+00  0.2000E+01
 -26.345  0.0000E+00  0.2000E+01
 -26.335  0.0000E+00  0.2000E+01
 -26.325  0.0000E+00  0.2000E+01
 -26.315  0.0000E+00  0.2000E+01
 -26.305  0.0000E+00  0.2000E+01
 -26.295  0.0000E+00  0.2000E+01
 -26.285  0.0000E+00  0.2000E+01
 -26.275  0.0000E+00  0.2000E+01
 -26.265  0.0000E+00  0.2000E+01
 -26.255  0.0000E+00  0.2000E+01
 -26.245  0.0000E+00  0.2000E+01
 -26.235  0.0000E+00  0.2000E+01
 -26.225  0.0000E+00  0.2000E+01
 -26.215  0.0000E+00  0.2000E+01
 -26.205  0.0000E+00  0.2000E+01
 -26.195  0.0000E+00  0.2000E+01
 -26.185  0.0000E+00  0.2000E+01
 -26.175  0.0000E+00  0.2000E+01
 -26.165  0.0000E+00  0.2000E+01
 -26.155  0.0000E+00  0.2000E+01
 -26.145  0.0000E+00  0.2000E+01
 -26.135  0.0000E+00  0.2000E+01
 -26.125  0.0000E+00  0.2000E+01
 -26.115  0.0000E+00  0.2000E+01
 -26.105  0.0000E+00  0.2000E+01
 -26.095  0.0000E+00  0.2000E+01
 -26.085  0.0000E+00  0.2000E+01
 -26.075  0.0000E+00  0.2000E+01
 -26.065  0.0000E+00  0.2000E+01
 -26.055  0.0000E+00  0.2000E+01
 -26.045  0.0000E+00  0.2000E+01
 -26.035  0.0000E+00  0.2000E+01
 -26.025  0.0000E+00  0.2000E+01
 -26.015  0.0000E+00  0.2000E+01
 -26.005  0.0000E+00  0.2000E+01
 -25.995  0.0000E+00  0.2000E+01
 -25.985  0.0000E+00  0.2000E+01
 -25.975  0.0000E+00  0.2000E+01
 -25.965  0.0000E+00  0.2000E+01
 -25.955  0.0000E+00  0.2000E+01
 -25.945  0.0000E+00  0.2000E+01
 -25.935  0.0000E+00  0.2000E+01
 -25.925  0.0000E+00  0.2000E+01
 -25.915  0.0000E+00  0.2000E+01
 -25.905  0.0000E+00  0.2000E+01
 -25.895  0.0000E+00  0.2000E+01
 -25.885  0.0000E+00  0.2000E+01
 -25.875  0.0000E+00  0.2000E+01
 -25.865  0.0000E+00  0.2000E+01
 -25.855  0.0000E+00  0.2000E+01
 -25.845  0.0000E+00  0.2000E+01
 -25.835  0.0000E+00  0.2000E+01
 -25.825  0.0000E+00  0.2000E+01
 -25.815  0.0000E+00  0.2000E+01
 -25.805  0.0000E+00  0.2000E+01
 -25.795  0.0000E+00  0.2000E+01
 -25.785  0.0000E+00  0.2000E+01
 -25.775  0.0000E+00  0.2000E+01
 -25.765  0.0000E+00  0.2000E+01
 -25.755  0.0000E+00  0.2000E+01
 -25.745  0.0000E+00  0.2000E+01
 -25.735  0.0000E+00  0.2000E+01
 -25.725  0.0000E+00  0.2000E+01
 -25.715  0.0000E+00  0.2000E+01
 -25.705  0.0000E+00  0.2000E+01
 -25.695  0.0000E+00  0.2000E+01
 -25.685  0.0000E+00  0.2000E+01
 -25.675  0.0000E+00  0.2000E+01
 -25.665  0.0000E+00  0.2000E+01
 -25.655  0.0000E+00  0.2000E+01
 -25.645  0.0000E+00  0.2000E+01
 -25.635  0.0000E+00  0.2000E+01
 -25.625  0.0000E+00  0.2000E+01
 -25.615  0.0000E+00  0.2000E+01
 -25.605  0.0000E+00  0.2000E+01
 -25.595  0.0000E+00  0.2000E+01
 -25.585  0.0000E+00  0.2000E+01
 -25.575  0.0000E+00  0.2000E+01
 -25.565  0.0000E+00  0.2000E+01
 -25.555  0.0000E+00  0.2000E+01
 -25.545  0.0000E+00  0.2000E+01
 -25.535  0.0000E+00  0.2000E+01
 -25.525  0.0000E+00  0.2000E+01
 -25.515  0.0000E+00  0.2000E+01
 -25.505  0.0000E+00  0.2000E+01
 -25.495  0.0000E+00  0.2000E+01
 -25.485  0.0000E+00  0.2000E+01
 -25.475  0.0000E+00  0.2000E+01
 -25.465  0.0000E+00  0.2000E+01
 -25.455  0.0000E+00  0.2000E+01
 -25.445  0.0000E+00  0.2000E+01
 -25.435  0.0000E+00  0.2000E+01
 -25.425  0.0000E+00  0.2000E+01
 -25.415  0.0000E+00  0.2000E+01
 -25.405  0.0000E+00  0.2000E+01
 -25.395  0.0000E+00  0.2000E+01
 -25.385  0.0000E+00  0.2000E+01
 -25.375  0.0000E+00  0.2000E+01
 -25.365  0.0000E+00  0.2000E+01
 -25.355  0.0000E+00  0.2000E+01
 -25.345  0.0000E+00  0.2000E+01
 -25.335  0.0000E+00  0.2000E+01
 -25.325  0.0000E+00  0.2000E+01
 -25.315  0.0000E+00  0.2000E+01
 -25.305  0.0000E+00  0.2000E+01
 -25.295  0.0000E+00  0.2000E+01
 -25.285  0.0000E+00  0.2000E+01
 -25.275  0.0000E+00  0.2000E+01
 -25.265  0.0000E+00  0.2000E+01
 -25.255  0.0000E+00  0.2000E+01
 -25.245  0.0000E+00  0.2000E+01
 -25.235  0.0000E+00  0.2000E+01
 -25.225  0.0000E+00  0.2000E+01
 -25.215  0.0000E+00  0.2000E+01
 -25.205  0.0000E+00  0.2000E+01
 -25.195  0.0000E+00  0.2000E+01
 -25.185  0.0000E+00  0.2000E+01
 -25.175  0.0000E+00  0.2000E+01
 -25.165  0.0000E+00  0.2000E+01
 -25.155  0.0000E+00  0.2000E+01
 -25.145  0.0000E+00  0.2000E+01
 -25.135  0.0000E+00  0.2000E+01
 -25.125  0.0000E+00  0.2000E+01
 -25.115  0.0000E+00  0.2000E+01
 -25.105  0.0000E+00  0.2000E+01
 -25.095  0.0000E+00  0.2000E+01
 -25.085  0.0000E+00  0.2000E+01
 -25.075  0.0000E+00  0.2000E+01
 -25.065  0.0000E+00  0.2000E+01
 -25.055  0.0000E+00  0.2000E+01
 -25.045  0.0000E+00  0.2000E+01
 -25.035  0.0000E+00  0.2000E+01
 -25.025  0.0000E+00  0.2000E+01
 -25.015  0.0000E+00  0.2000E+01
 -25.005  0.0000E+00  0.2000E+01
 -24.995  0.0000E+00  0.2000E+01
 -24.985  0.0000E+00  0.2000E+01
 -24.975  0.0000E+00  0.2000E+01
 -24.965  0.0000E+00  0.2000E+01
 -24.955  0.0000E+00  0.2000E+01
 -24.945  0.0000E+00  0.2000E+01
 -24.935  0.0000E+00  0.2000E+01
 -24.925  0.0000E+00  0.2000E+01
 -24.915  0.0000E+00  0.2000E+01
 -24.905  0.0000E+00  0.2000E+01
 -24.895  0.0000E+00  0.2000E+01
 -24.885  0.0000E+00  0.2000E+01
 -24.875  0.0000E+00  0.2000E+01
 -24.865  0.0000E+00  0.2000E+01
 -24.855  0.0000E+00  0.2000E+01
 -24.845  0.0000E+00  0.2000E+01
 -24.835  0.0000E+00  0.2000E+01
 -24.825  0.0000E+00  0.2000E+01
 -24.815  0.0000E+00  0.2000E+01
 -24.805  0.0000E+00  0.2000E+01
 -24.795  0.0000E+00  0.2000E+01
 -24.785  0.0000E+00  0.2000E+01
 -24.775  0.0000E+00  0.2000E+01
 -24.765  0.0000E+00  0.2000E+01
 -24.755  0.0000E+00  0.2000E+01
 -24.745  0.0000E+00  0.2000E+01
 -24.735  0.0000E+00  0.2000E+01
 -24.725  0.0000E+00  0.2000E+01
 -24.715  0.0000E+00  0.2000E+01
 -24.705  0.0000E+00  0.2000E+01
 -24.695  0.0000E+00  0.2000E+01
 -24.685  0.0000E+00  0.2000E+01
 -24.675  0.0000E+00  0.2000E+01
 -24.665  0.0000E+00  0.2000E+01
 -24.655  0.0000E+00  0.2000E+01
 -24.645  0.0000E+00  0.2000E+01
 -24.635  0.0000E+00  0.2000E+01
 -24.625  0.0000E+00  0.2000E+01
 -24.615  0.0000E+00  0.2000E+01
 -24.605  0.0000E+00  0.2000E+01
 -24.595  0.0000E+00  0.2000E+01
 -24.585  0.0000E+00  0.2000E+01
 -24.575  0.0000E+00  0.2000E+01
 -24.565  0.0000E+00  0.2000E+01
 -24.555  0.0000E+00  0.2000E+01
 -24.545  0.0000E+00  0.2000E+01
 -24.535  0.0000E+00  0.2000E+01
 -24.525  0.0000E+00  0.2000E+01
 -24.515  0.0000E+00  0.2000E+01
 -24.505  0.0000E+00  0.2000E+01
 -24.495  0.0000E+00  0.2000E+01
 -24.485  0.0000E+00  0.2000E+01
 -24.475  0.0000E+00  0.2000E+01
 -24.465  0.0000E+00  0.2000E+01
 -24.455  0.0000E+00  0.2000E+01
 -24.445  0.0000E+00  0.2000E+01
 -24.435  0.0000E+00  0.2000E+01
 -24.425  0.0000E+00  0.2000E+01
 -24.415  0.0000E+00  0.2000E+01
 -24.405  0.0000E+00  0.2000E+01
 -24.395  0.0000E+00  0.2000E+01
 -24.385  0.0000E+00  0.2000E+01
 -24.375  0.0000E+00  0.2000E+01
 -24.365  0.0000E+00  0.2000E+01
 -24.355  0.0000E+00  0.2000E+01
 -24.345  0.0000E+00  0.2000E+01
 -24.335  0.0000E+00  0.2000E+01
 -24.325  0.0000E+00  0.2000E+01
 -24.315  0.0000E+00  0.2000E+01
 -24.305  0.0000E+00  0.2000E+01
 -24.295  0.0000E+00  0.2000E+01
 -24.285  0.0000E+00  0.2000E+01
 -24.275  0.0000E+00  0.2000E+01
 -24.265  0.0000E+00  0.2000E+01
 -24.255  0.0000E+00  0.2000E+01
 -24.245  0.0000E+00  0.2000E+01
 -24.235  0.0000E+00  0.2000E+01
 -24.225  0.0000E+00  0.2000E+01
 -24.215  0.0000E+00  0.2000E+01
 -24.205  0.0000E+00  0.2000E+01
 -24.195  0.0000E+00  0.2000E+01
 -24.185  0.0000E+00  0.2000E+01
 -24.175  0.0000E+00  0.2000E+01
 -24.165  0.0000E+00  0.2000E+01
 -24.155  0.0000E+00  0.2000E+01
 -24.145  0.0000E+00  0.2000E+01
 -24.135  0.0000E+00  0.2000E+01
 -24.125  0.0000E+00  0.2000E+01
 -24.115  0.0000E+00  0.2000E+01
 -24.105  0.0000E+00  0.2000E+01
 -24.095  0.0000E+00  0.2000E+01
 -24.085  0.0000E+00  0.2000E+01
 -24.075  0.0000E+00  0.2000E+01
 -24.065  0.0000E+00  0.2000E+01
 -24.055  0.0000E+00  0.2000E+01
 -24.045  0.0000E+00  0.2000E+01
 -24.035  0.0000E+00  0.2000E+01
 -24.025  0.0000E+00  0.2000E+01
 -24.015  0.0000E+00  0.2000E+01
 -24.005  0.0000E+00  0.2000E+01
 -23.995  0.0000E+00  0.2000E+01
 -23.985  0.0000E+00  0.2000E+01
 -23.975  0.0000E+00  0.2000E+01
 -23.965  0.0000E+00  0.2000E+01
 -23.955  0.0000E+00  0.2000E+01
 -23.945  0.0000E+00  0.2000E+01
 -23.935  0.0000E+00  0.2000E+01
 -23.925  0.0000E+00  0.2000E+01
 -23.915  0.0000E+00  0.2000E+01
 -23.905  0.0000E+00  0.2000E+01
 -23.895  0.0000E+00  0.2000E+01
 -23.885  0.0000E+00  0.2000E+01
 -23.875  0.0000E+00  0.2000E+01
 -23.865  0.6070E+01  0.2038E+01
 -23.855  0.9524E+01  0.2110E+01
 -23.845  0.9979E+01  0.2207E+01
 -23.835  0.1051E+02  0.2310E+01
 -23.825  0.1116E+02  0.2418E+01
 -23.815  0.1201E+02  0.2534E+01
 -23.805  0.1313E+02  0.2659E+01
 -23.795  0.1482E+02  0.2798E+01
 -23.785  0.1786E+02  0.2960E+01
 -23.775  0.2821E+02  0.3186E+01
 -23.765  0.2029E+02  0.3408E+01
 -23.755  0.1853E+02  0.3583E+01
 -23.745  0.2235E+02  0.3830E+01
 -23.735  0.0000E+00  0.4000E+01
 -23.725  0.0000E+00  0.4000E+01
 -23.715  0.0000E+00  0.4000E+01
 -23.705  0.0000E+00  0.4000E+01
 -23.695  0.0000E+00  0.4000E+01
 -23.685  0.0000E+00  0.4000E+01
 -23.675  0.0000E+00  0.4000E+01
 -23.665  0.0000E+00  0.4000E+01
 -23.655  0.0000E+00  0.4000E+01
 -23.645  0.0000E+00  0.4000E+01
 -23.635  0.0000E+00  0.4000E+01
 -23.625  0.0000E+00  0.4000E+01
 -23.615  0.0000E+00  0.4000E+01
 -23.605  0.0000E+00  0.4000E+01
 -23.595  0.0000E+00  0.4000E+01
 -23.585  0.0000E+00  0.4000E+01
 -23.575  0.0000E+00  0.4000E+01
 -23.565  0.0000E+00  0.4000E+01
 -23.555  0.2640E+02  0.4082E+01
 -23.545  0.4955E+02  0.4418E+01
 -23.535  0.3235E+02  0.4871E+01
 -23.525  0.2324E+02  0.5140E+01
 -23.515  0.3821E+01  0.5357E+01
 -23.505  0.3265E+01  0.5392E+01
 -23.495  0.2923E+01  0.5423E+01
 -23.485  0.2664E+01  0.5451E+01
 -23.475  0.2461E+01  0.5476E+01
 -23.465  0.2298E+01  0.5500E+01
 -23.455  0.2162E+01  0.5522E+01
 -23.445  0.2047E+01  0.5543E+01
 -23.435  0.3980E+01  0.5571E+01
 -23.425  0.4012E+01  0.5611E+01
 -23.415  0.4063E+01  0.5652E+01
 -23.405  0.4106E+01  0.5692E+01
 -23.395  0.4180E+01  0.5734E+01
 -23.385  0.4257E+01  0.5776E+01
 -23.375  0.4354E+01  0.5819E+01
 -23.365  0.4472E+01  0.5863E+01
 -23.355  0.4596E+01  0.5908E+01
 -23.345  0.4732E+01  0.5955E+01
 -23.335  0.4896E+01  0.6003E+01
 -23.325  0.5076E+01  0.6053E+01
 -23.315  0.5281E+01  0.6105E+01
 -23.305  0.5520E+01  0.6159E+01
 -23.295  0.5788E+01  0.6215E+01
 -23.285  0.6097E+01  0.6275E+01
 -23.275  0.6455E+01  0.6337E+01
 -23.265  0.6906E+01  0.6404E+01
 -23.255  0.7405E+01  0.6476E+01
 -23.245  0.8125E+01  0.6553E+01
 -23.235  0.9072E+01  0.6639E+01
 -23.225  0.1049E+02  0.6736E+01
 -23.215  0.1386E+02  0.6854E+01
 -23.205  0.1319E+02  0.7014E+01
 -23.195  0.1080E+02  0.7132E+01
 -23.185  0.9689E+01  0.7234E+01
 -23.175  0.8974E+01  0.7327E+01
 -23.165  0.8444E+01  0.7414E+01
 -23.155  0.8062E+01  0.7497E+01
 -23.145  0.7734E+01  0.7576E+01
 -23.135  0.7487E+01  0.7652E+01
 -23.125  0.7288E+01  0.7725E+01
 -23.115  0.7040E+01  0.7797E+01
 -23.105  0.6861E+01  0.7866E+01
 -23.095  0.6805E+01  0.7934E+01
 -23.085  0.0000E+00  0.8000E+01
 -23.075  0.0000E+00  0.8000E+01
 -23.065  0.0000E+00  0.8000E+01
 -23.055  0.0000E+00  0.8000E+01
 -23.045  0.0000E+00  0.8000E+01
 -23.035  0.0000E+00  0.8000E+01
 -23.025  0.0000E+00  0.8000E+01
 -23.015  0.0000E+00  0.8000E+01
 -23.005  0.0000E+00  0.8000E+01
 -22.995  0.0000E+00  0.8000E+01
 -22.985  0.0000E+00  0.8000E+01
 -22.975  0.0000E+00  0.8000E+01
 -22.965  0.0000E+00  0.8000E+01
 -22.955  0.0000E+00  0.8000E+01
 -22.945  0.0000E+00  0.8000E+01
 -22.935  0.0000E+00  0.8000E+01
 -22.925  0.0000E+00  0.8000E+01
 -22.915  0.0000E+00  0.8000E+01
 -22.905  0.0000E+00  0.8000E+01
 -22.895  0.0000E+00  0.8000E+01
 -22.885  0.0000E+00  0.8000E+01
 -22.875  0.0000E+00  0.8000E+01
 -22.865  0.0000E+00  0.8000E+01
 -22.855  0.0000E+00  0.8000E+01
 -22.845  0.0000E+00  0.8000E+01
 -22.835  0.0000E+00  0.8000E+01
 -22.825  0.0000E+00  0.8000E+01
 -22.815  0.0000E+00  0.8000E+01
 -22.805  0.0000E+00  0.8000E+01
 -22.795  0.0000E+00  0.8000E+01
 -22.785  0.0000E+00  0.8000E+01
 -22.775  0.0000E+00  0.8000E+01
 -22.765  0.0000E+00  0.8000E+01
 -22.755  0.0000E+00  0.8000E+01
 -22.745  0.0000E+00  0.8000E+01
 -22.735  0.0000E+00  0.8000E+01
 -22.725  0.0000E+00  0.8000E+01
 -22.715  0.0000E+00  0.8000E+01
 -22.705  0.0000E+00  0.8000E+01
 -22.695  0.0000E+00  0.8000E+01
 -22.685  0.0000E+00  0.8000E+01
 -22.675  0.0000E+00  0.8000E+01
 -22.665  0.0000E+00  0.8000E+01
 -22.655  0.0000E+00  0.8000E+01
 -22.645  0.0000E+00  0.8000E+01
 -22.635  0.0000E+00  0.8000E+01
 -22.625  0.0000E+00  0.8000E+01
 -22.615  0.0000E+00  0.8000E+01
 -22.605  0.0000E+00  0.8000E+01
 -22.595  0.0000E+00  0.8000E+01
 -22.585  0.0000E+00  0.8000E+01
 -22.575  0.0000E+00  0.8000E+01
 -22.565  0.0000E+00  0.8000E+01
 -22.555  0.0000E+00  0.8000E+01
 -22.545  0.0000E+00  0.8000E+01
 -22.535  0.0000E+00  0.8000E+01
 -22.525  0.0000E+00  0.8000E+01
 -22.515  0.0000E+00  0.8000E+01
 -22.505  0.0000E+00  0.8000E+01
 -22.495  0.0000E+00  0.8000E+01
 -22.485  0.0000E+00  0.8000E+01
 -22.475  0.0000E+00  0.8000E+01
 -22.465  0.0000E+00  0.8000E+01
 -22.455  0.0000E+00  0.8000E+01
 -22.445  0.0000E+00  0.8000E+01
 -22.435  0.0000E+00  0.8000E+01
 -22.425  0.0000E+00  0.8000E+01
 -22.415  0.0000E+00  0.8000E+01
 -22.405  0.0000E+00  0.8000E+01
 -22.395  0.0000E+00  0.8000E+01
 -22.385  0.0000E+00  0.8000E+01
 -22.375  0.0000E+00  0.8000E+01
 -22.365  0.0000E+00  0.8000E+01
 -22.355  0.0000E+00  0.8000E+01
 -22.345  0.0000E+00  0.8000E+01
 -22.335  0.0000E+00  0.8000E+01
 -22.325  0.0000E+00  0.8000E+01
 -22.315  0.0000E+00  0.8000E+01
 -22.305  0.0000E+00  0.8000E+01
 -22.295  0.0000E+00  0.8000E+01
 -22.285  0.0000E+00  0.8000E+01
 -22.275  0.0000E+00  0.8000E+01
 -22.265  0.0000E+00  0.8000E+01
 -22.255  0.0000E+00  0.8000E+01
 -22.245  0.0000E+00  0.8000E+01
 -22.235  0.0000E+00  0.8000E+01
 -22.225  0.0000E+00  0.8000E+01
 -22.215  0.0000E+00  0.8000E+01
 -22.205  0.0000E+00  0.8000E+01
 -22.195  0.0000E+00  0.8000E+01
 -22.185  0.0000E+00  0.8000E+01
 -22.175  0.0000E+00  0.8000E+01
 -22.165  0.0000E+00  0.8000E+01
 -22.155  0.0000E+00  0.8000E+01
 -22.145  0.0000E+00  0.8000E+01
 -22.135  0.0000E+00  0.8000E+01
 -22.125  0.0000E+00  0.8000E+01
 -22.115  0.0000E+00  0.8000E+01
 -22.105  0.0000E+00  0.8000E+01
 -22.095  0.0000E+00  0.8000E+01
 -22.085  0.0000E+00  0.8000E+01
 -22.075  0.0000E+00  0.8000E+01
 -22.065  0.0000E+00  0.8000E+01
 -22.055  0.0000E+00  0.8000E+01
 -22.045  0.0000E+00  0.8000E+01
 -22.035  0.0000E+00  0.8000E+01
 -22.025  0.0000E+00  0.8000E+01
 -22.015  0.0000E+00  0.8000E+01
 -22.005  0.0000E+00  0.8000E+01
 -21.995  0.0000E+00  0.8000E+01
 -21.985  0.0000E+00  0.8000E+01
 -21.975  0.0000E+00  0.8000E+01
 -21.965  0.0000E+00  0.8000E+01
 -21.955  0.0000E+00  0.8000E+01
 -21.945  0.0000E+00  0.8000E+01
 -21.935  0.0000E+00  0.8000E+01
 -21.925  0.0000E+00  0.8000E+01
 -21.915  0.0000E+00  0.8000E+01
 -21.905  0.0000E+00  0.8000E+01
 -21.895  0.0000E+00  0.8000E+01
 -21.885  0.0000E+00  0.8000E+01
 -21.875  0.0000E+00  0.8000E+01
 -21.865  0.0000E+00  0.8000E+01
 -21.855  0.0000E+00  0.8000E+01
 -21.845  0.0000E+00  0.8000E+01
 -21.835  0.0000E+00  0.8000E+01
 -21.825  0.0000E+00  0.8000E+01
 -21.815  0.0000E+00  0.8000E+01
 -21.805  0.0000E+00  0.8000E+01
 -21.795  0.0000E+00  0.8000E+01
 -21.785  0.0000E+00  0.8000E+01
 -21.775  0.0000E+00  0.8000E+01
 -21.765  0.0000E+00  0.8000E+01
 -21.755  0.0000E+00  0.8000E+01
 -21.745  0.0000E+00  0.8000E+01
 -21.735  0.0000E+00  0.8000E+01
 -21.725  0.0000E+00  0.8000E+01
 -21.715  0.0000E+00  0.8000E+01
 -21.705  0.0000E+00  0.8000E+01
 -21.695  0.0000E+00  0.8000E+01
 -21.685  0.0000E+00  0.8000E+01
 -21.675  0.0000E+00  0.8000E+01
 -21.665  0.0000E+00  0.8000E+01
 -21.655  0.0000E+00  0.8000E+01
 -21.645  0.0000E+00  0.8000E+01
 -21.635  0.0000E+00  0.8000E+01
 -21.625  0.0000E+00  0.8000E+01
 -21.615  0.0000E+00  0.8000E+01
 -21.605  0.0000E+00  0.8000E+01
 -21.595  0.0000E+00  0.8000E+01
 -21.585  0.0000E+00  0.8000E+01
 -21.575  0.0000E+00  0.8000E+01
 -21.565  0.0000E+00  0.8000E+01
 -21.555  0.0000E+00  0.8000E+01
 -21.545  0.0000E+00  0.8000E+01
 -21.535  0.0000E+00  0.8000E+01
 -21.525  0.0000E+00  0.8000E+01
 -21.515  0.0000E+00  0.8000E+01
 -21.505  0.0000E+00  0.8000E+01
 -21.495  0.0000E+00  0.8000E+01
 -21.485  0.0000E+00  0.8000E+01
 -21.475  0.0000E+00  0.8000E+01
 -21.465  0.0000E+00  0.8000E+01
 -21.455  0.0000E+00  0.8000E+01
 -21.445  0.0000E+00  0.8000E+01
 -21.435  0.0000E+00  0.8000E+01
 -21.425  0.0000E+00  0.8000E+01
 -21.415  0.0000E+00  0.8000E+01
 -21.405  0.0000E+00  0.8000E+01
 -21.395  0.0000E+00  0.8000E+01
 -21.385  0.0000E+00  0.8000E+01
 -21.375  0.0000E+00  0.8000E+01
 -21.365  0.0000E+00  0.8000E+01
 -21.355  0.0000E+00  0.8000E+01
 -21.345  0.0000E+00  0.8000E+01
 -21.335  0.0000E+00  0.8000E+01
 -21.325  0.0000E+00  0.8000E+01
 -21.315  0.0000E+00  0.8000E+01
 -21.305  0.0000E+00  0.8000E+01
 -21.295  0.0000E+00  0.8000E+01
 -21.285  0.0000E+00  0.8000E+01
 -21.275  0.0000E+00  0.8000E+01
 -21.265  0.0000E+00  0.8000E+01
 -21.255  0.0000E+00  0.8000E+01
 -21.245  0.0000E+00  0.8000E+01
 -21.235  0.0000E+00  0.8000E+01
 -21.225  0.0000E+00  0.8000E+01
 -21.215  0.0000E+00  0.8000E+01
 -21.205  0.0000E+00  0.8000E+01
 -21.195  0.0000E+00  0.8000E+01
 -21.185  0.0000E+00  0.8000E+01
 -21.175  0.0000E+00  0.8000E+01
 -21.165  0.0000E+00  0.8000E+01
 -21.155  0.0000E+00  0.8000E+01
 -21.145  0.0000E+00  0.8000E+01
 -21.135  0.0000E+00  0.8000E+01
 -21.125  0.0000E+00  0.8000E+01
 -21.115  0.0000E+00  0.8000E+01
 -21.105  0.0000E+00  0.8000E+01
 -21.095  0.0000E+00  0.8000E+01
 -21.085  0.0000E+00  0.8000E+01
 -21.075  0.0000E+00  0.8000E+01
 -21.065  0.0000E+00  0.8000E+01
 -21.055  0.0000E+00  0.8000E+01
 -21.045  0.0000E+00  0.8000E+01
 -21.035  0.0000E+00  0.8000E+01
 -21.025  0.0000E+00  0.8000E+01
 -21.015  0.0000E+00  0.8000E+01
 -21.005  0.0000E+00  0.8000E+01
 -20.995  0.0000E+00  0.8000E+01
 -20.985  0.0000E+00  0.8000E+01
 -20.975  0.0000E+00  0.8000E+01
 -20.965  0.0000E+00  0.8000E+01
 -20.955  0.0000E+00  0.8000E+01
 -20.945  0.0000E+00  0.8000E+01
 -20.935  0.0000E+00  0.8000E+01
 -20.925  0.0000E+00  0.8000E+01
 -20.915  0.0000E+00  0.8000E+01
 -20.905  0.0000E+00  0.8000E+01
 -20.895  0.0000E+00  0.8000E+01
 -20.885  0.0000E+00  0.8000E+01
 -20.875  0.0000E+00  0.8000E+01
 -20.865  0.0000E+00  0.8000E+01
 -20.855  0.0000E+00  0.8000E+01
 -20.845  0.0000E+00  0.8000E+01
 -20.835  0.0000E+00  0.8000E+01
 -20.825  0.0000E+00  0.8000E+01
 -20.815  0.0000E+00  0.8000E+01
 -20.805  0.0000E+00  0.8000E+01
 -20.795  0.0000E+00  0.8000E+01
 -20.785  0.0000E+00  0.8000E+01
 -20.775  0.0000E+00  0.8000E+01
 -20.765  0.0000E+00  0.8000E+01
 -20.755  0.0000E+00  0.8000E+01
 -20.745  0.0000E+00  0.8000E+01
 -20.735  0.0000E+00  0.8000E+01
 -20.725  0.0000E+00  0.8000E+01
 -20.715  0.0000E+00  0.8000E+01
 -20.705  0.0000E+00  0.8000E+01
 -20.695  0.0000E+00  0.8000E+01
 -20.685  0.0000E+00  0.8000E+01
 -20.675  0.3232E+01  0.8010E+01
 -20.665  0.3593E+01  0.8044E+01
 -20.655  0.4031E+01  0.8082E+01
 -20.645  0.4580E+01  0.8125E+01
 -20.635  0.5285E+01  0.8175E+01
 -20.625  0.6258E+01  0.8232E+01
 -20.615  0.7616E+01  0.8301E+01
 -20.605  0.9784E+01  0.8387E+01
 -20.595  0.1378E+02  0.8503E+01
 -20.585  0.2433E+02  0.8682E+01
 -20.575  0.5049E+02  0.9224E+01
 -20.565  0.3457E+02  0.9630E+01
 -20.555  0.2701E+02  0.9936E+01
 -20.545  0.0000E+00  0.1000E+02
 -20.535  0.0000E+00  0.1000E+02
 -20.525  0.0000E+00  0.1000E+02
 -20.515  0.0000E+00  0.1000E+02
 -20.505  0.0000E+00  0.1000E+02
 -20.495  0.0000E+00  0.1000E+02
 -20.485  0.0000E+00  0.1000E+02
 -20.475  0.0000E+00  0.1000E+02
 -20.465  0.0000E+00  0.1000E+02
 -20.455  0.0000E+00  0.1000E+02
 -20.445  0.0000E+00  0.1000E+02
 -20.435  0.0000E+00  0.1000E+02
 -20.425  0.0000E+00  0.1000E+02
 -20.415  0.0000E+00  0.1000E+02
 -20.405  0.0000E+00  0.1000E+02
 -20.395  0.0000E+00  0.1000E+02
 -20.385  0.0000E+00  0.1000E+02
 -20.375  0.0000E+00  0.1000E+02
 -20.365  0.0000E+00  0.1000E+02
 -20.355  0.0000E+00  0.1000E+02
 -20.345  0.0000E+00  0.1000E+02
 -20.335  0.0000E+00  0.1000E+02
 -20.325  0.0000E+00  0.1000E+02
 -20.315  0.0000E+00  0.1000E+02
 -20.305  0.0000E+00  0.1000E+02
 -20.295  0.0000E+00  0.1000E+02
 -20.285  0.0000E+00  0.1000E+02
 -20.275  0.0000E+00  0.1000E+02
 -20.265  0.0000E+00  0.1000E+02
 -20.255  0.0000E+00  0.1000E+02
 -20.245  0.0000E+00  0.1000E+02
 -20.235  0.0000E+00  0.1000E+02
 -20.225  0.0000E+00  0.1000E+02
 -20.215  0.0000E+00  0.1000E+02
 -20.205  0.0000E+00  0.1000E+02
 -20.195  0.0000E+00  0.1000E+02
 -20.185  0.0000E+00  0.1000E+02
 -20.175  0.0000E+00  0.1000E+02
 -20.165  0.0000E+00  0.1000E+02
 -20.155  0.0000E+00  0.1000E+02
 -20.145  0.0000E+00  0.1000E+02
 -20.135  0.0000E+00  0.1000E+02
 -20.125  0.0000E+00  0.1000E+02
 -20.115  0.0000E+00  0.1000E+02
 -20.105  0.0000E+00  0.1000E+02
 -20.095  0.0000E+00  0.1000E+02
 -20.085  0.0000E+00  0.1000E+02
 -20.075  0.0000E+00  0.1000E+02
 -20.065  0.0000E+00  0.1000E+02
 -20.055  0.0000E+00  0.1000E+02
 -20.045  0.0000E+00  0.1000E+02
 -20.035  0.0000E+00  0.1000E+02
 -20.025  0.0000E+00  0.1000E+02
 -20.015  0.0000E+00  0.1000E+02
 -20.005  0.0000E+00  0.1000E+02
 -19.995  0.0000E+00  0.1000E+02
 -19.985  0.0000E+00  0.1000E+02
 -19.975  0.0000E+00  0.1000E+02
 -19.965  0.0000E+00  0.1000E+02
 -19.955  0.0000E+00  0.1000E+02
 -19.945  0.0000E+00  0.1000E+02
 -19.935  0.0000E+00  0.1000E+02
 -19.925  0.0000E+00  0.1000E+02
 -19.915  0.0000E+00  0.1000E+02
 -19.905  0.0000E+00  0.1000E+02
 -19.895  0.0000E+00  0.1000E+02
 -19.885  0.0000E+00  0.1000E+02
 -19.875  0.0000E+00  0.1000E+02
 -19.865  0.0000E+00  0.1000E+02
 -19.855  0.0000E+00  0.1000E+02
 -19.845  0.0000E+00  0.1000E+02
 -19.835  0.0000E+00  0.1000E+02
 -19.825  0.0000E+00  0.1000E+02
 -19.815  0.0000E+00  0.1000E+02
 -19.805  0.0000E+00  0.1000E+02
 -19.795  0.0000E+00  0.1000E+02
 -19.785  0.0000E+00  0.1000E+02
 -19.775  0.0000E+00  0.1000E+02
 -19.765  0.0000E+00  0.1000E+02
 -19.755  0.0000E+00  0.1000E+02
 -19.745  0.0000E+00  0.1000E+02
 -19.735  0.0000E+00  0.1000E+02
 -19.725  0.0000E+00  0.1000E+02
 -19.715  0.0000E+00  0.1000E+02
 -19.705  0.0000E+00  0.1000E+02
 -19.695  0.0000E+00  0.1000E+02
 -19.685  0.0000E+00  0.1000E+02
 -19.675  0.0000E+00  0.1000E+02
 -19.665  0.0000E+00  0.1000E+02
 -19.655  0.0000E+00  0.1000E+02
 -19.645  0.0000E+00  0.1000E+02
 -19.635  0.0000E+00  0.1000E+02
 -19.625  0.0000E+00  0.1000E+02
 -19.615  0.0000E+00  0.1000E+02
 -19.605  0.0000E+00  0.1000E+02
 -19.595  0.0000E+00  0.1000E+02
 -19.585  0.0000E+00  0.1000E+02
 -19.575  0.0000E+00  0.1000E+02
 -19.565  0.0000E+00  0.1000E+02
 -19.555  0.0000E+00  0.1000E+02
 -19.545  0.0000E+00  0.1000E+02
 -19.535  0.0000E+00  0.1000E+02
 -19.525  0.0000E+00  0.1000E+02
 -19.515  0.0000E+00  0.1000E+02
 -19.505  0.0000E+00  0.1000E+02
 -19.495  0.0000E+00  0.1000E+02
 -19.485  0.0000E+00  0.1000E+02
 -19.475  0.0000E+00  0.1000E+02
 -19.465  0.0000E+00  0.1000E+02
 -19.455  0.0000E+00  0.1000E+02
 -19.445  0.0000E+00  0.1000E+02
 -19.435  0.0000E+00  0.1000E+02
 -19.425  0.0000E+00  0.1000E+02
 -19.415  0.0000E+00  0.1000E+02
 -19.405  0.0000E+00  0.1000E+02
 -19.395  0.0000E+00  0.1000E+02
 -19.385  0.0000E+00  0.1000E+02
 -19.375  0.0000E+00  0.1000E+02
 -19.365  0.0000E+00  0.1000E+02
 -19.355  0.0000E+00  0.1000E+02
 -19.345  0.0000E+00  0.1000E+02
 -19.335  0.0000E+00  0.1000E+02
 -19.325  0.0000E+00  0.1000E+02
 -19.315  0.0000E+00  0.1000E+02
 -19.305  0.0000E+00  0.1000E+02
 -19.295  0.0000E+00  0.1000E+02
 -19.285  0.0000E+00  0.1000E+02
 -19.275  0.0000E+00  0.1000E+02
 -19.265  0.0000E+00  0.1000E+02
 -19.255  0.0000E+00  0.1000E+02
 -19.245  0.0000E+00  0.1000E+02
 -19.235  0.0000E+00  0.1000E+02
 -19.225  0.0000E+00  0.1000E+02
 -19.215  0.0000E+00  0.1000E+02
 -19.205  0.0000E+00  0.1000E+02
 -19.195  0.0000E+00  0.1000E+02
 -19.185  0.0000E+00  0.1000E+02
 -19.175  0.0000E+00  0.1000E+02
 -19.165  0.0000E+00  0.1000E+02
 -19.155  0.0000E+00  0.1000E+02
 -19.145  0.0000E+00  0.1000E+02
 -19.135  0.0000E+00  0.1000E+02
 -19.125  0.0000E+00  0.1000E+02
 -19.115  0.0000E+00  0.1000E+02
 -19.105  0.0000E+00  0.1000E+02
 -19.095  0.0000E+00  0.1000E+02
 -19.085  0.0000E+00  0.1000E+02
 -19.075  0.0000E+00  0.1000E+02
 -19.065  0.0000E+00  0.1000E+02
 -19.055  0.0000E+00  0.1000E+02
 -19.045  0.0000E+00  0.1000E+02
 -19.035  0.0000E+00  0.1000E+02
 -19.025  0.0000E+00  0.1000E+02
 -19.015  0.0000E+00  0.1000E+02
 -19.005  0.0000E+00  0.1000E+02
 -18.995  0.0000E+00  0.1000E+02
 -18.985  0.0000E+00  0.1000E+02
 -18.975  0.0000E+00  0.1000E+02
 -18.965  0.0000E+00  0.1000E+02
 -18.955  0.0000E+00  0.1000E+02
 -18.945  0.0000E+00  0.1000E+02
 -18.935  0.0000E+00  0.1000E+02
 -18.925  0.0000E+00  0.1000E+02
 -18.915  0.0000E+00  0.1000E+02
 -18.905  0.0000E+00  0.1000E+02
 -18.895  0.0000E+00  0.1000E+02
 -18.885  0.0000E+00  0.1000E+02
 -18.875  0.0000E+00  0.1000E+02
 -18.865  0.0000E+00  0.1000E+02
 -18.855  0.0000E+00  0.1000E+02
 -18.845  0.0000E+00  0.1000E+02
 -18.835  0.0000E+00  0.1000E+02
 -18.825  0.0000E+00  0.1000E+02
 -18.815  0.0000E+00  0.1000E+02
 -18.805  0.0000E+00  0.1000E+02
 -18.795  0.0000E+00  0.1000E+02
 -18.785  0.0000E+00  0.1000E+02
 -18.775  0.0000E+00  0.1000E+02
 -18.765  0.0000E+00  0.1000E+02
 -18.755  0.0000E+00  0.1000E+02
 -18.745  0.0000E+00  0.1000E+02
 -18.735  0.0000E+00  0.1000E+02
 -18.725  0.0000E+00  0.1000E+02
 -18.715  0.0000E+00  0.1000E+02
 -18.705  0.0000E+00  0.1000E+02
 -18.695  0.0000E+00  0.1000E+02
 -18.685  0.0000E+00  0.1000E+02
 -18.675  0.0000E+00  0.1000E+02
 -18.665  0.0000E+00  0.1000E+02
 -18.655  0.0000E+00  0.1000E+02
 -18.645  0.0000E+00  0.1000E+02
 -18.635  0.0000E+00  0.1000E+02
 -18.625  0.0000E+00  0.1000E+02
 -18.615  0.0000E+00  0.1000E+02
 -18.605  0.0000E+00  0.1000E+02
 -18.595  0.0000E+00  0.1000E+02
 -18.585  0.0000E+00  0.1000E+02
 -18.575  0.0000E+00  0.1000E+02
 -18.565  0.0000E+00  0.1000E+02
 -18.555  0.0000E+00  0.1000E+02
 -18.545  0.0000E+00  0.1000E+02
 -18.535  0.0000E+00  0.1000E+02
 -18.525  0.0000E+00  0.1000E+02
 -18.515  0.0000E+00  0.1000E+02
 -18.505  0.0000E+00  0.1000E+02
 -18.495  0.0000E+00  0.1000E+02
 -18.485  0.0000E+00  0.1000E+02
 -18.475  0.0000E+00  0.1000E+02
 -18.465  0.0000E+00  0.1000E+02
 -18.455  0.0000E+00  0.1000E+02
 -18.445  0.0000E+00  0.1000E+02
 -18.435  0.0000E+00  0.1000E+02
 -18.425  0.0000E+00  0.1000E+02
 -18.415  0.0000E+00  0.1000E+02
 -18.405  0.0000E+00  0.1000E+02
 -18.395  0.0000E+00  0.1000E+02
 -18.385  0.0000E+00  0.1000E+02
 -18.375  0.0000E+00  0.1000E+02
 -18.365  0.0000E+00  0.1000E+02
 -18.355  0.0000E+00  0.1000E+02
 -18.345  0.0000E+00  0.1000E+02
 -18.335  0.0000E+00  0.1000E+02
 -18.325  0.0000E+00  0.1000E+02
 -18.315  0.0000E+00  0.1000E+02
 -18.305  0.0000E+00  0.1000E+02
 -18.295  0.0000E+00  0.1000E+02
 -18.285  0.0000E+00  0.1000E+02
 -18.275  0.0000E+00  0.1000E+02
 -18.265  0.0000E+00  0.1000E+02
 -18.255  0.0000E+00  0.1000E+02
 -18.245  0.0000E+00  0.1000E+02
 -18.235  0.0000E+00  0.1000E+02
 -18.225  0.0000E+00  0.1000E+02
 -18.215  0.0000E+00  0.1000E+02
 -18.205  0.0000E+00  0.1000E+02
 -18.195  0.0000E+00  0.1000E+02
 -18.185  0.0000E+00  0.1000E+02
 -18.175  0.0000E+00  0.1000E+02
 -18.165  0.0000E+00  0.1000E+02
 -18.155  0.0000E+00  0.1000E+02
 -18.145  0.0000E+00  0.1000E+02
 -18.135  0.0000E+00  0.1000E+02
 -18.125  0.0000E+00  0.1000E+02
 -18.115  0.0000E+00  0.1000E+02
 -18.105  0.0000E+00  0.1000E+02
 -18.095  0.0000E+00  0.1000E+02
 -18.085  0.0000E+00  0.1000E+02
 -18.075  0.0000E+00  0.1000E+02
 -18.065  0.0000E+00  0.1000E+02
 -18.055  0.0000E+00  0.1000E+02
 -18.045  0.0000E+00  0.1000E+02
 -18.035  0.0000E+00  0.1000E+02
 -18.025  0.0000E+00  0.1000E+02
 -18.015  0.0000E+00  0.1000E+02
 -18.005  0.0000E+00  0.1000E+02
 -17.995  0.0000E+00  0.1000E+02
 -17.985  0.0000E+00  0.1000E+02
 -17.975  0.0000E+00  0.1000E+02
 -17.965  0.0000E+00  0.1000E+02
 -17.955  0.0000E+00  0.1000E+02
 -17.945  0.0000E+00  0.1000E+02
 -17.935  0.0000E+00  0.1000E+02
 -17.925  0.0000E+00  0.1000E+02
 -17.915  0.0000E+00  0.1000E+02
 -17.905  0.0000E+00  0.1000E+02
 -17.895  0.0000E+00  0.1000E+02
 -17.885  0.0000E+00  0.1000E+02
 -17.875  0.0000E+00  0.1000E+02
 -17.865  0.0000E+00  0.1000E+02
 -17.855  0.0000E+00  0.1000E+02
 -17.845  0.0000E+00  0.1000E+02
 -17.835  0.0000E+00  0.1000E+02
 -17.825  0.0000E+00  0.1000E+02
 -17.815  0.0000E+00  0.1000E+02
 -17.805  0.0000E+00  0.1000E+02
 -17.795  0.0000E+00  0.1000E+02
 -17.785  0.0000E+00  0.1000E+02
 -17.775  0.0000E+00  0.1000E+02
 -17.765  0.0000E+00  0.1000E+02
 -17.755  0.0000E+00  0.1000E+02
 -17.745  0.0000E+00  0.1000E+02
 -17.735  0.0000E+00  0.1000E+02
 -17.725  0.0000E+00  0.1000E+02
 -17.715  0.0000E+00  0.1000E+02
 -17.705  0.0000E+00  0.1000E+02
 -17.695  0.0000E+00  0.1000E+02
 -17.685  0.0000E+00  0.1000E+02
 -17.675  0.0000E+00  0.1000E+02
 -17.665  0.0000E+00  0.1000E+02
 -17.655  0.0000E+00  0.1000E+02
 -17.645  0.0000E+00  0.1000E+02
 -17.635  0.0000E+00  0.1000E+02
 -17.625  0.0000E+00  0.1000E+02
 -17.615  0.0000E+00  0.1000E+02
 -17.605  0.0000E+00  0.1000E+02
 -17.595  0.0000E+00  0.1000E+02
 -17.585  0.0000E+00  0.1000E+02
 -17.575  0.0000E+00  0.1000E+02
 -17.565  0.0000E+00  0.1000E+02
 -17.555  0.0000E+00  0.1000E+02
 -17.545  0.0000E+00  0.1000E+02
 -17.535  0.0000E+00  0.1000E+02
 -17.525  0.0000E+00  0.1000E+02
 -17.515  0.0000E+00  0.1000E+02
 -17.505  0.0000E+00  0.1000E+02
 -17.495  0.0000E+00  0.1000E+02
 -17.485  0.0000E+00  0.1000E+02
 -17.475  0.0000E+00  0.1000E+02
 -17.465  0.0000E+00  0.1000E+02
 -17.455  0.0000E+00  0.1000E+02
 -17.445  0.0000E+00  0.1000E+02
 -17.435  0.0000E+00  0.1000E+02
 -17.425  0.0000E+00  0.1000E+02
 -17.415  0.0000E+00  0.1000E+02
 -17.405  0.0000E+00  0.1000E+02
 -17.395  0.0000E+00  0.1000E+02
 -17.385  0.0000E+00  0.1000E+02
 -17.375  0.0000E+00  0.1000E+02
 -17.365  0.0000E+00  0.1000E+02
 -17.355  0.0000E+00  0.1000E+02
 -17.345  0.0000E+00  0.1000E+02
 -17.335  0.0000E+00  0.1000E+02
 -17.325  0.0000E+00  0.1000E+02
 -17.315  0.0000E+00  0.1000E+02
 -17.305  0.0000E+00  0.1000E+02
 -17.295  0.0000E+00  0.1000E+02
 -17.285  0.0000E+00  0.1000E+02
 -17.275  0.0000E+00  0.1000E+02
 -17.265  0.0000E+00  0.1000E+02
 -17.255  0.0000E+00  0.1000E+02
 -17.245  0.0000E+00  0.1000E+02
 -17.235  0.0000E+00  0.1000E+02
 -17.225  0.0000E+00  0.1000E+02
 -17.215  0.0000E+00  0.1000E+02
 -17.205  0.0000E+00  0.1000E+02
 -17.195  0.0000E+00  0.1000E+02
 -17.185  0.0000E+00  0.1000E+02
 -17.175  0.0000E+00  0.1000E+02
 -17.165  0.0000E+00  0.1000E+02
 -17.155  0.0000E+00  0.1000E+02
 -17.145  0.0000E+00  0.1000E+02
 -17.135  0.0000E+00  0.1000E+02
 -17.125  0.0000E+00  0.1000E+02
 -17.115  0.0000E+00  0.1000E+02
 -17.105  0.0000E+00  0.1000E+02
 -17.095  0.0000E+00  0.1000E+02
 -17.085  0.0000E+00  0.1000E+02
 -17.075  0.0000E+00  0.1000E+02
 -17.065  0.0000E+00  0.1000E+02
 -17.055  0.0000E+00  0.1000E+02
 -17.045  0.0000E+00  0.1000E+02
 -17.035  0.0000E+00  0.1000E+02
 -17.025  0.0000E+00  0.1000E+02
 -17.015  0.0000E+00  0.1000E+02
 -17.005  0.0000E+00  0.1000E+02
 -16.995  0.0000E+00  0.1000E+02
 -16.985  0.0000E+00  0.1000E+02
 -16.975  0.0000E+00  0.1000E+02
 -16.965  0.0000E+00  0.1000E+02
 -16.955  0.0000E+00  0.1000E+02
 -16.945  0.0000E+00  0.1000E+02
 -16.935  0.0000E+00  0.1000E+02
 -16.925  0.0000E+00  0.1000E+02
 -16.915  0.0000E+00  0.1000E+02
 -16.905  0.0000E+00  0.1000E+02
 -16.895  0.0000E+00  0.1000E+02
 -16.885  0.0000E+00  0.1000E+02
 -16.875  0.0000E+00  0.1000E+02
 -16.865  0.0000E+00  0.1000E+02
 -16.855  0.0000E+00  0.1000E+02
 -16.845  0.0000E+00  0.1000E+02
 -16.835  0.0000E+00  0.1000E+02
 -16.825  0.0000E+00  0.1000E+02
 -16.815  0.0000E+00  0.1000E+02
 -16.805  0.0000E+00  0.1000E+02
 -16.795  0.0000E+00  0.1000E+02
 -16.785  0.0000E+00  0.1000E+02
 -16.775  0.0000E+00  0.1000E+02
 -16.765  0.0000E+00  0.1000E+02
 -16.755  0.0000E+00  0.1000E+02
 -16.745  0.0000E+00  0.1000E+02
 -16.735  0.0000E+00  0.1000E+02
 -16.725  0.0000E+00  0.1000E+02
 -16.715  0.0000E+00  0.1000E+02
 -16.705  0.0000E+00  0.1000E+02
 -16.695  0.0000E+00  0.1000E+02
 -16.685  0.0000E+00  0.1000E+02
 -16.675  0.0000E+00  0.1000E+02
 -16.665  0.0000E+00  0.1000E+02
 -16.655  0.0000E+00  0.1000E+02
 -16.645  0.0000E+00  0.1000E+02
 -16.635  0.0000E+00  0.1000E+02
 -16.625  0.0000E+00  0.1000E+02
 -16.615  0.0000E+00  0.1000E+02
 -16.605  0.0000E+00  0.1000E+02
 -16.595  0.0000E+00  0.1000E+02
 -16.585  0.0000E+00  0.1000E+02
 -16.575  0.0000E+00  0.1000E+02
 -16.565  0.0000E+00  0.1000E+02
 -16.555  0.0000E+00  0.1000E+02
 -16.545  0.0000E+00  0.1000E+02
 -16.535  0.0000E+00  0.1000E+02
 -16.525  0.0000E+00  0.1000E+02
 -16.515  0.0000E+00  0.1000E+02
 -16.505  0.0000E+00  0.1000E+02
 -16.495  0.0000E+00  0.1000E+02
 -16.485  0.0000E+00  0.1000E+02
 -16.475  0.0000E+00  0.1000E+02
 -16.465  0.0000E+00  0.1000E+02
 -16.455  0.0000E+00  0.1000E+02
 -16.445  0.0000E+00  0.1000E+02
 -16.435  0.0000E+00  0.1000E+02
 -16.425  0.0000E+00  0.1000E+02
 -16.415  0.0000E+00  0.1000E+02
 -16.405  0.0000E+00  0.1000E+02
 -16.395  0.0000E+00  0.1000E+02
 -16.385  0.0000E+00  0.1000E+02
 -16.375  0.0000E+00  0.1000E+02
 -16.365  0.0000E+00  0.1000E+02
 -16.355  0.0000E+00  0.1000E+02
 -16.345  0.0000E+00  0.1000E+02
 -16.335  0.0000E+00  0.1000E+02
 -16.325  0.0000E+00  0.1000E+02
 -16.315  0.0000E+00  0.1000E+02
 -16.305  0.0000E+00  0.1000E+02
 -16.295  0.0000E+00  0.1000E+02
 -16.285  0.0000E+00  0.1000E+02
 -16.275  0.0000E+00  0.1000E+02
 -16.265  0.0000E+00  0.1000E+02
 -16.255  0.0000E+00  0.1000E+02
 -16.245  0.0000E+00  0.1000E+02
 -16.235  0.0000E+00  0.1000E+02
 -16.225  0.0000E+00  0.1000E+02
 -16.215  0.0000E+00  0.1000E+02
 -16.205  0.0000E+00  0.1000E+02
 -16.195  0.0000E+00  0.1000E+02
 -16.185  0.0000E+00  0.1000E+02
 -16.175  0.0000E+00  0.1000E+02
 -16.165  0.0000E+00  0.1000E+02
 -16.155  0.0000E+00  0.1000E+02
 -16.145  0.0000E+00  0.1000E+02
 -16.135  0.0000E+00  0.1000E+02
 -16.125  0.0000E+00  0.1000E+02
 -16.115  0.0000E+00  0.1000E+02
 -16.105  0.0000E+00  0.1000E+02
 -16.095  0.0000E+00  0.1000E+02
 -16.085  0.0000E+00  0.1000E+02
 -16.075  0.0000E+00  0.1000E+02
 -16.065  0.0000E+00  0.1000E+02
 -16.055  0.0000E+00  0.1000E+02
 -16.045  0.0000E+00  0.1000E+02
 -16.035  0.0000E+00  0.1000E+02
 -16.025  0.0000E+00  0.1000E+02
 -16.015  0.0000E+00  0.1000E+02
 -16.005  0.0000E+00  0.1000E+02
 -15.995  0.0000E+00  0.1000E+02
 -15.985  0.0000E+00  0.1000E+02
 -15.975  0.0000E+00  0.1000E+02
 -15.965  0.0000E+00  0.1000E+02
 -15.955  0.0000E+00  0.1000E+02
 -15.945  0.0000E+00  0.1000E+02
 -15.935  0.0000E+00  0.1000E+02
 -15.925  0.0000E+00  0.1000E+02
 -15.915  0.0000E+00  0.1000E+02
 -15.905  0.0000E+00  0.1000E+02
 -15.895  0.0000E+00  0.1000E+02
 -15.885  0.0000E+00  0.1000E+02
 -15.875  0.0000E+00  0.1000E+02
 -15.865  0.0000E+00  0.1000E+02
 -15.855  0.0000E+00  0.1000E+02
 -15.845  0.0000E+00  0.1000E+02
 -15.835  0.0000E+00  0.1000E+02
 -15.825  0.0000E+00  0.1000E+02
 -15.815  0.0000E+00  0.1000E+02
 -15.805  0.0000E+00  0.1000E+02
 -15.795  0.0000E+00  0.1000E+02
 -15.785  0.0000E+00  0.1000E+02
 -15.775  0.0000E+00  0.1000E+02
 -15.765  0.0000E+00  0.1000E+02
 -15.755  0.0000E+00  0.1000E+02
 -15.745  0.0000E+00  0.1000E+02
 -15.735  0.0000E+00  0.1000E+02
 -15.725  0.0000E+00  0.1000E+02
 -15.715  0.0000E+00  0.1000E+02
 -15.705  0.0000E+00  0.1000E+02
 -15.695  0.0000E+00  0.1000E+02
 -15.685  0.0000E+00  0.1000E+02
 -15.675  0.0000E+00  0.1000E+02
 -15.665  0.0000E+00  0.1000E+02
 -15.655  0.0000E+00  0.1000E+02
 -15.645  0.0000E+00  0.1000E+02
 -15.635  0.0000E+00  0.1000E+02
 -15.625  0.0000E+00  0.1000E+02
 -15.615  0.0000E+00  0.1000E+02
 -15.605  0.0000E+00  0.1000E+02
 -15.595  0.0000E+00  0.1000E+02
 -15.585  0.0000E+00  0.1000E+02
 -15.575  0.0000E+00  0.1000E+02
 -15.565  0.0000E+00  0.1000E+02
 -15.555  0.0000E+00  0.1000E+02
 -15.545  0.0000E+00  0.1000E+02
 -15.535  0.0000E+00  0.1000E+02
 -15.525  0.0000E+00  0.1000E+02
 -15.515  0.0000E+00  0.1000E+02
 -15.505  0.0000E+00  0.1000E+02
 -15.495  0.0000E+00  0.1000E+02
 -15.485  0.0000E+00  0.1000E+02
 -15.475  0.0000E+00  0.1000E+02
 -15.465  0.0000E+00  0.1000E+02
 -15.455  0.0000E+00  0.1000E+02
 -15.445  0.0000E+00  0.1000E+02
 -15.435  0.0000E+00  0.1000E+02
 -15.425  0.0000E+00  0.1000E+02
 -15.415  0.0000E+00  0.1000E+02
 -15.405  0.0000E+00  0.1000E+02
 -15.395  0.0000E+00  0.1000E+02
 -15.385  0.0000E+00  0.1000E+02
 -15.375  0.0000E+00  0.1000E+02
 -15.365  0.0000E+00  0.1000E+02
 -15.355  0.0000E+00  0.1000E+02
 -15.345  0.0000E+00  0.1000E+02
 -15.335  0.0000E+00  0.1000E+02
 -15.325  0.0000E+00  0.1000E+02
 -15.315  0.0000E+00  0.1000E+02
 -15.305  0.0000E+00  0.1000E+02
 -15.295  0.0000E+00  0.1000E+02
 -15.285  0.0000E+00  0.1000E+02
 -15.275  0.0000E+00  0.1000E+02
 -15.265  0.0000E+00  0.1000E+02
 -15.255  0.0000E+00  0.1000E+02
 -15.245  0.0000E+00  0.1000E+02
 -15.235  0.0000E+00  0.1000E+02
 -15.225  0.0000E+00  0.1000E+02
 -15.215  0.0000E+00  0.1000E+02
 -15.205  0.0000E+00  0.1000E+02
 -15.195  0.0000E+00  0.1000E+02
 -15.185  0.0000E+00  0.1000E+02
 -15.175  0.0000E+00  0.1000E+02
 -15.165  0.0000E+00  0.1000E+02
 -15.155  0.0000E+00  0.1000E+02
 -15.145  0.0000E+00  0.1000E+02
 -15.135  0.0000E+00  0.1000E+02
 -15.125  0.0000E+00  0.1000E+02
 -15.115  0.0000E+00  0.1000E+02
 -15.105  0.0000E+00  0.1000E+02
 -15.095  0.0000E+00  0.1000E+02
 -15.085  0.0000E+00  0.1000E+02
 -15.075  0.0000E+00  0.1000E+02
 -15.065  0.0000E+00  0.1000E+02
 -15.055  0.0000E+00  0.1000E+02
 -15.045  0.0000E+00  0.1000E+02
 -15.035  0.0000E+00  0.1000E+02
 -15.025  0.0000E+00  0.1000E+02
 -15.015  0.0000E+00  0.1000E+02
 -15.005  0.0000E+00  0.1000E+02
 -14.995  0.0000E+00  0.1000E+02
 -14.985  0.0000E+00  0.1000E+02
 -14.975  0.0000E+00  0.1000E+02
 -14.965  0.0000E+00  0.1000E+02
 -14.955  0.0000E+00  0.1000E+02
 -14.945  0.0000E+00  0.1000E+02
 -14.935  0.0000E+00  0.1000E+02
 -14.925  0.0000E+00  0.1000E+02
 -14.915  0.0000E+00  0.1000E+02
 -14.905  0.0000E+00  0.1000E+02
 -14.895  0.0000E+00  0.1000E+02
 -14.885  0.0000E+00  0.1000E+02
 -14.875  0.0000E+00  0.1000E+02
 -14.865  0.0000E+00  0.1000E+02
 -14.855  0.0000E+00  0.1000E+02
 -14.845  0.0000E+00  0.1000E+02
 -14.835  0.0000E+00  0.1000E+02
 -14.825  0.0000E+00  0.1000E+02
 -14.815  0.0000E+00  0.1000E+02
 -14.805  0.0000E+00  0.1000E+02
 -14.795  0.0000E+00  0.1000E+02
 -14.785  0.0000E+00  0.1000E+02
 -14.775  0.0000E+00  0.1000E+02
 -14.765  0.0000E+00  0.1000E+02
 -14.755  0.0000E+00  0.1000E+02
 -14.745  0.0000E+00  0.1000E+02
 -14.735  0.0000E+00  0.1000E+02
 -14.725  0.0000E+00  0.1000E+02
 -14.715  0.0000E+00  0.1000E+02
 -14.705  0.0000E+00  0.1000E+02
 -14.695  0.0000E+00  0.1000E+02
 -14.685  0.0000E+00  0.1000E+02
 -14.675  0.0000E+00  0.1000E+02
 -14.665  0.0000E+00  0.1000E+02
 -14.655  0.0000E+00  0.1000E+02
 -14.645  0.0000E+00  0.1000E+02
 -14.635  0.0000E+00  0.1000E+02
 -14.625  0.0000E+00  0.1000E+02
 -14.615  0.0000E+00  0.1000E+02
 -14.605  0.0000E+00  0.1000E+02
 -14.595  0.0000E+00  0.1000E+02
 -14.585  0.0000E+00  0.1000E+02
 -14.575  0.0000E+00  0.1000E+02
 -14.565  0.0000E+00  0.1000E+02
 -14.555  0.0000E+00  0.1000E+02
 -14.545  0.0000E+00  0.1000E+02
 -14.535  0.0000E+00  0.1000E+02
 -14.525  0.0000E+00  0.1000E+02
 -14.515  0.0000E+00  0.1000E+02
 -14.505  0.0000E+00  0.1000E+02
 -14.495  0.0000E+00  0.1000E+02
 -14.485  0.0000E+00  0.1000E+02
 -14.475  0.0000E+00  0.1000E+02
 -14.465  0.0000E+00  0.1000E+02
 -14.455  0.0000E+00  0.1000E+02
 -14.445  0.0000E+00  0.1000E+02
 -14.435  0.0000E+00  0.1000E+02
 -14.425  0.0000E+00  0.1000E+02
 -14.415  0.0000E+00  0.1000E+02
 -14.405  0.0000E+00  0.1000E+02
 -14.395  0.0000E+00  0.1000E+02
 -14.385  0.0000E+00  0.1000E+02
 -14.375  0.0000E+00  0.1000E+02
 -14.365  0.0000E+00  0.1000E+02
 -14.355  0.0000E+00  0.1000E+02
 -14.345  0.0000E+00  0.1000E+02
 -14.335  0.0000E+00  0.1000E+02
 -14.325  0.0000E+00  0.1000E+02
 -14.315  0.0000E+00  0.1000E+02
 -14.305  0.0000E+00  0.1000E+02
 -14.295  0.0000E+00  0.1000E+02
 -14.285  0.0000E+00  0.1000E+02
 -14.275  0.0000E+00  0.1000E+02
 -14.265  0.0000E+00  0.1000E+02
 -14.255  0.0000E+00  0.1000E+02
 -14.245  0.0000E+00  0.1000E+02
 -14.235  0.0000E+00  0.1000E+02
 -14.225  0.0000E+00  0.1000E+02
 -14.215  0.0000E+00  0.1000E+02
 -14.205  0.0000E+00  0.1000E+02
 -14.195  0.0000E+00  0.1000E+02
 -14.185  0.0000E+00  0.1000E+02
 -14.175  0.0000E+00  0.1000E+02
 -14.165  0.0000E+00  0.1000E+02
 -14.155  0.0000E+00  0.1000E+02
 -14.145  0.0000E+00  0.1000E+02
 -14.135  0.0000E+00  0.1000E+02
 -14.125  0.0000E+00  0.1000E+02
 -14.115  0.0000E+00  0.1000E+02
 -14.105  0.0000E+00  0.1000E+02
 -14.095  0.0000E+00  0.1000E+02
 -14.085  0.0000E+00  0.1000E+02
 -14.075  0.0000E+00  0.1000E+02
 -14.065  0.0000E+00  0.1000E+02
 -14.055  0.0000E+00  0.1000E+02
 -14.045  0.0000E+00  0.1000E+02
 -14.035  0.0000E+00  0.1000E+02
 -14.025  0.0000E+00  0.1000E+02
 -14.015  0.0000E+00  0.1000E+02
 -14.005  0.0000E+00  0.1000E+02
 -13.995  0.0000E+00  0.1000E+02
 -13.985  0.0000E+00  0.1000E+02
 -13.975  0.0000E+00  0.1000E+02
 -13.965  0.0000E+00  0.1000E+02
 -13.955  0.0000E+00  0.1000E+02
 -13.945  0.0000E+00  0.1000E+02
 -13.935  0.0000E+00  0.1000E+02
 -13.925  0.0000E+00  0.1000E+02
 -13.915  0.0000E+00  0.1000E+02
 -13.905  0.0000E+00  0.1000E+02
 -13.895  0.0000E+00  0.1000E+02
 -13.885  0.0000E+00  0.1000E+02
 -13.875  0.0000E+00  0.1000E+02
 -13.865  0.0000E+00  0.1000E+02
 -13.855  0.0000E+00  0.1000E+02
 -13.845  0.0000E+00  0.1000E+02
 -13.835  0.0000E+00  0.1000E+02
 -13.825  0.0000E+00  0.1000E+02
 -13.815  0.0000E+00  0.1000E+02
 -13.805  0.0000E+00  0.1000E+02
 -13.795  0.0000E+00  0.1000E+02
 -13.785  0.0000E+00  0.1000E+02
 -13.775  0.0000E+00  0.1000E+02
 -13.765  0.0000E+00  0.1000E+02
 -13.755  0.0000E+00  0.1000E+02
 -13.745  0.0000E+00  0.1000E+02
 -13.735  0.0000E+00  0.1000E+02
 -13.725  0.0000E+00  0.1000E+02
 -13.715  0.0000E+00  0.1000E+02
 -13.705  0.0000E+00  0.1000E+02
 -13.695  0.0000E+00  0.1000E+02
 -13.685  0.0000E+00  0.1000E+02
 -13.675  0.0000E+00  0.1000E+02
 -13.665  0.0000E+00  0.1000E+02
 -13.655  0.0000E+00  0.1000E+02
 -13.645  0.0000E+00  0.1000E+02
 -13.635  0.0000E+00  0.1000E+02
 -13.625  0.0000E+00  0.1000E+02
 -13.615  0.0000E+00  0.1000E+02
 -13.605  0.0000E+00  0.1000E+02
 -13.595  0.0000E+00  0.1000E+02
 -13.585  0.0000E+00  0.1000E+02
 -13.575  0.0000E+00  0.1000E+02
 -13.565  0.0000E+00  0.1000E+02
 -13.555  0.0000E+00  0.1000E+02
 -13.545  0.0000E+00  0.1000E+02
 -13.535  0.0000E+00  0.1000E+02
 -13.525  0.0000E+00  0.1000E+02
 -13.515  0.0000E+00  0.1000E+02
 -13.505  0.0000E+00  0.1000E+02
 -13.495  0.0000E+00  0.1000E+02
 -13.485  0.0000E+00  0.1000E+02
 -13.475  0.0000E+00  0.1000E+02
 -13.465  0.0000E+00  0.1000E+02
 -13.455  0.0000E+00  0.1000E+02
 -13.445  0.0000E+00  0.1000E+02
 -13.435  0.0000E+00  0.1000E+02
 -13.425  0.0000E+00  0.1000E+02
 -13.415  0.0000E+00  0.1000E+02
 -13.405  0.0000E+00  0.1000E+02
 -13.395  0.0000E+00  0.1000E+02
 -13.385  0.0000E+00  0.1000E+02
 -13.375  0.0000E+00  0.1000E+02
 -13.365  0.0000E+00  0.1000E+02
 -13.355  0.0000E+00  0.1000E+02
 -13.345  0.0000E+00  0.1000E+02
 -13.335  0.0000E+00  0.1000E+02
 -13.325  0.0000E+00  0.1000E+02
 -13.315  0.0000E+00  0.1000E+02
 -13.305  0.0000E+00  0.1000E+02
 -13.295  0.0000E+00  0.1000E+02
 -13.285  0.0000E+00  0.1000E+02
 -13.275  0.0000E+00  0.1000E+02
 -13.265  0.0000E+00  0.1000E+02
 -13.255  0.0000E+00  0.1000E+02
 -13.245  0.0000E+00  0.1000E+02
 -13.235  0.0000E+00  0.1000E+02
 -13.225  0.0000E+00  0.1000E+02
 -13.215  0.0000E+00  0.1000E+02
 -13.205  0.0000E+00  0.1000E+02
 -13.195  0.0000E+00  0.1000E+02
 -13.185  0.0000E+00  0.1000E+02
 -13.175  0.0000E+00  0.1000E+02
 -13.165  0.0000E+00  0.1000E+02
 -13.155  0.0000E+00  0.1000E+02
 -13.145  0.0000E+00  0.1000E+02
 -13.135  0.0000E+00  0.1000E+02
 -13.125  0.0000E+00  0.1000E+02
 -13.115  0.0000E+00  0.1000E+02
 -13.105  0.0000E+00  0.1000E+02
 -13.095  0.0000E+00  0.1000E+02
 -13.085  0.0000E+00  0.1000E+02
 -13.075  0.0000E+00  0.1000E+02
 -13.065  0.0000E+00  0.1000E+02
 -13.055  0.0000E+00  0.1000E+02
 -13.045  0.0000E+00  0.1000E+02
 -13.035  0.0000E+00  0.1000E+02
 -13.025  0.0000E+00  0.1000E+02
 -13.015  0.0000E+00  0.1000E+02
 -13.005  0.0000E+00  0.1000E+02
 -12.995  0.0000E+00  0.1000E+02
 -12.985  0.1015E+01  0.1000E+02
 -12.975  0.1012E+01  0.1001E+02
 -12.965  0.1009E+01  0.1002E+02
 -12.955  0.1012E+01  0.1003E+02
 -12.945  0.1012E+01  0.1004E+02
 -12.935  0.1018E+01  0.1005E+02
 -12.925  0.1027E+01  0.1006E+02
 -12.915  0.1034E+01  0.1007E+02
 -12.905  0.1040E+01  0.1008E+02
 -12.895  0.1046E+01  0.1009E+02
 -12.885  0.1051E+01  0.1010E+02
 -12.875  0.1057E+01  0.1011E+02
 -12.865  0.1063E+01  0.1012E+02
 -12.855  0.1070E+01  0.1014E+02
 -12.845  0.1081E+01  0.1015E+02
 -12.835  0.1086E+01  0.1016E+02
 -12.825  0.1092E+01  0.1017E+02
 -12.815  0.1099E+01  0.1018E+02
 -12.805  0.1109E+01  0.1019E+02
 -12.795  0.1115E+01  0.1020E+02
 -12.785  0.1122E+01  0.1021E+02
 -12.775  0.1133E+01  0.1022E+02
 -12.765  0.1139E+01  0.1023E+02
 -12.755  0.1147E+01  0.1025E+02
 -12.745  0.1158E+01  0.1026E+02
 -12.735  0.1165E+01  0.1027E+02
 -12.725  0.1175E+01  0.1028E+02
 -12.715  0.1184E+01  0.1029E+02
 -12.705  0.1194E+01  0.1030E+02
 -12.695  0.1205E+01  0.1032E+02
 -12.685  0.1214E+01  0.1033E+02
 -12.675  0.1225E+01  0.1034E+02
 -12.665  0.1235E+01  0.1035E+02
 -12.655  0.1246E+01  0.1037E+02
 -12.645  0.1258E+01  0.1038E+02
 -12.635  0.1269E+01  0.1039E+02
 -12.625  0.1282E+01  0.1040E+02
 -12.615  0.1294E+01  0.1042E+02
 -12.605  0.1307E+01  0.1043E+02
 -12.595  0.1320E+01  0.1044E+02
 -12.585  0.1334E+01  0.1046E+02
 -12.575  0.1348E+01  0.1047E+02
 -12.565  0.1362E+01  0.1048E+02
 -12.555  0.1377E+01  0.1050E+02
 -12.545  0.1393E+01  0.1051E+02
 -12.535  0.1409E+01  0.1052E+02
 -12.525  0.1426E+01  0.1054E+02
 -12.515  0.1443E+01  0.1055E+02
 -12.505  0.1461E+01  0.1057E+02
 -12.495  0.1479E+01  0.1058E+02
 -12.485  0.1499E+01  0.1060E+02
 -12.475  0.1519E+01  0.1061E+02
 -12.465  0.1540E+01  0.1063E+02
 -12.455  0.1561E+01  0.1064E+02
 -12.445  0.1585E+01  0.1066E+02
 -12.435  0.1607E+01  0.1067E+02
 -12.425  0.1633E+01  0.1069E+02
 -12.415  0.1657E+01  0.1071E+02
 -12.405  0.1687E+01  0.1072E+02
 -12.395  0.1714E+01  0.1074E+02
 -12.385  0.1745E+01  0.1076E+02
 -12.375  0.1777E+01  0.1078E+02
 -12.365  0.1810E+01  0.1079E+02
 -12.355  0.1846E+01  0.1081E+02
 -12.345  0.1882E+01  0.1083E+02
 -12.335  0.1923E+01  0.1085E+02
 -12.325  0.1962E+01  0.1087E+02
 -12.315  0.2010E+01  0.1089E+02
 -12.305  0.2053E+01  0.1091E+02
 -12.295  0.2108E+01  0.1093E+02
 -12.285  0.2162E+01  0.1095E+02
 -12.275  0.2221E+01  0.1097E+02
 -12.265  0.2288E+01  0.1100E+02
 -12.255  0.2353E+01  0.1102E+02
 -12.245  0.2434E+01  0.1104E+02
 -12.235  0.2515E+01  0.1107E+02
 -12.225  0.2609E+01  0.1109E+02
 -12.215  0.2715E+01  0.1112E+02
 -12.205  0.2824E+01  0.1115E+02
 -12.195  0.2964E+01  0.1118E+02
 -12.185  0.3119E+01  0.1121E+02
 -12.175  0.3289E+01  0.1124E+02
 -12.165  0.3515E+01  0.1127E+02
 -12.155  0.3789E+01  0.1131E+02
 -12.145  0.4120E+01  0.1135E+02
 -12.135  0.4639E+01  0.1139E+02
 -12.125  0.5531E+01  0.1144E+02
 -12.115  0.9710E+01  0.1151E+02
 -12.105  0.5585E+01  0.1158E+02
 -12.095  0.4756E+01  0.1163E+02
 -12.085  0.4320E+01  0.1167E+02
 -12.075  0.3992E+01  0.1172E+02
 -12.065  0.3758E+01  0.1175E+02
 -12.055  0.3562E+01  0.1179E+02
 -12.045  0.3414E+01  0.1183E+02
 -12.035  0.3256E+01  0.1186E+02
 -12.025  0.3121E+01  0.1189E+02
 -12.015  0.3026E+01  0.1192E+02
 -12.005  0.2926E+01  0.1195E+02
 -11.995  0.2882E+01  0.1198E+02
 -11.985  0.0000E+00  0.1200E+02
 -11.975  0.0000E+00  0.1200E+02
 -11.965  0.0000E+00  0.1200E+02
 -11.955  0.0000E+00  0.1200E+02
 -11.945  0.0000E+00  0.1200E+02
 -11.935  0.0000E+00  0.1200E+02
 -11.925  0.0000E+00  0.1200E+02
 -11.915  0.0000E+00  0.1200E+02
 -11.905  0.0000E+00  0.1200E+02
 -11.895  0.0000E+00  0.1200E+02
 -11.885  0.0000E+00  0.1200E+02
 -11.875  0.0000E+00  0.1200E+02
 -11.865  0.0000E+00  0.1200E+02
 -11.855  0.0000E+00  0.1200E+02
 -11.845  0.0000E+00  0.1200E+02
 -11.835  0.0000E+00  0.1200E+02
 -11.825  0.0000E+00  0.1200E+02
 -11.815  0.0000E+00  0.1200E+02
 -11.805  0.0000E+00  0.1200E+02
 -11.795  0.0000E+00  0.1200E+02
 -11.785  0.0000E+00  0.1200E+02
 -11.775  0.0000E+00  0.1200E+02
 -11.765  0.0000E+00  0.1200E+02
 -11.755  0.0000E+00  0.1200E+02
 -11.745  0.0000E+00  0.1200E+02
 -11.735  0.0000E+00  0.1200E+02
 -11.725  0.0000E+00  0.1200E+02
 -11.715  0.0000E+00  0.1200E+02
 -11.705  0.0000E+00  0.1200E+02
 -11.695  0.0000E+00  0.1200E+02
 -11.685  0.0000E+00  0.1200E+02
 -11.675  0.0000E+00  0.1200E+02
 -11.665  0.0000E+00  0.1200E+02
 -11.655  0.0000E+00  0.1200E+02
 -11.645  0.0000E+00  0.1200E+02
 -11.635  0.0000E+00  0.1200E+02
 -11.625  0.0000E+00  0.1200E+02
 -11.615  0.0000E+00  0.1200E+02
 -11.605  0.0000E+00  0.1200E+02
 -11.595  0.0000E+00  0.1200E+02
 -11.585  0.0000E+00  0.1200E+02
 -11.575  0.0000E+00  0.1200E+02
 -11.565  0.0000E+00  0.1200E+02
 -11.555  0.0000E+00  0.1200E+02
 -11.545  0.0000E+00  0.1200E+02
 -11.535  0.0000E+00  0.1200E+02
 -11.525  0.0000E+00  0.1200E+02
 -11.515  0.0000E+00  0.1200E+02
 -11.505  0.0000E+00  0.1200E+02
 -11.495  0.0000E+00  0.1200E+02
 -11.485  0.0000E+00  0.1200E+02
 -11.475  0.0000E+00  0.1200E+02
 -11.465  0.0000E+00  0.1200E+02
 -11.455  0.0000E+00  0.1200E+02
 -11.445  0.0000E+00  0.1200E+02
 -11.435  0.0000E+00  0.1200E+02
 -11.425  0.0000E+00  0.1200E+02
 -11.415  0.0000E+00  0.1200E+02
 -11.405  0.0000E+00  0.1200E+02
 -11.395  0.0000E+00  0.1200E+02
 -11.385  0.0000E+00  0.1200E+02
 -11.375  0.0000E+00  0.1200E+02
 -11.365  0.0000E+00  0.1200E+02
 -11.355  0.0000E+00  0.1200E+02
 -11.345  0.0000E+00  0.1200E+02
 -11.335  0.0000E+00  0.1200E+02
 -11.325  0.0000E+00  0.1200E+02
 -11.315  0.0000E+00  0.1200E+02
 -11.305  0.0000E+00  0.1200E+02
 -11.295  0.0000E+00  0.1200E+02
 -11.285  0.0000E+00  0.1200E+02
 -11.275  0.0000E+00  0.1200E+02
 -11.265  0.0000E+00  0.1200E+02
 -11.255  0.0000E+00  0.1200E+02
 -11.245  0.0000E+00  0.1200E+02
 -11.235  0.0000E+00  0.1200E+02
 -11.225  0.0000E+00  0.1200E+02
 -11.215  0.0000E+00  0.1200E+02
 -11.205  0.0000E+00  0.1200E+02
 -11.195  0.0000E+00  0.1200E+02
 -11.185  0.0000E+00  0.1200E+02
 -11.175  0.0000E+00  0.1200E+02
 -11.165  0.0000E+00  0.1200E+02
 -11.155  0.0000E+00  0.1200E+02
 -11.145  0.0000E+00  0.1200E+02
 -11.135  0.0000E+00  0.1200E+02
 -11.125  0.0000E+00  0.1200E+02
 -11.115  0.0000E+00  0.1200E+02
 -11.105  0.0000E+00  0.1200E+02
 -11.095  0.0000E+00  0.1200E+02
 -11.085  0.0000E+00  0.1200E+02
 -11.075  0.0000E+00  0.1200E+02
 -11.065  0.0000E+00  0.1200E+02
 -11.055  0.0000E+00  0.1200E+02
 -11.045  0.0000E+00  0.1200E+02
 -11.035  0.0000E+00  0.1200E+02
 -11.025  0.0000E+00  0.1200E+02
 -11.015  0.0000E+00  0.1200E+02
 -11.005  0.0000E+00  0.1200E+02
 -10.995  0.0000E+00  0.1200E+02
 -10.985  0.0000E+00  0.1200E+02
 -10.975  0.0000E+00  0.1200E+02
 -10.965  0.0000E+00  0.1200E+02
 -10.955  0.0000E+00  0.1200E+02
 -10.945  0.0000E+00  0.1200E+02
 -10.935  0.0000E+00  0.1200E+02
 -10.925  0.0000E+00  0.1200E+02
 -10.915  0.0000E+00  0.1200E+02
 -10.905  0.0000E+00  0.1200E+02
 -10.895  0.0000E+00  0.1200E+02
 -10.885  0.0000E+00  0.1200E+02
 -10.875  0.0000E+00  0.1200E+02
 -10.865  0.0000E+00  0.1200E+02
 -10.855  0.0000E+00  0.1200E+02
 -10.845  0.0000E+00  0.1200E+02
 -10.835  0.0000E+00  0.1200E+02
 -10.825  0.0000E+00  0.1200E+02
 -10.815  0.0000E+00  0.1200E+02
 -10.805  0.0000E+00  0.1200E+02
 -10.795  0.0000E+00  0.1200E+02
 -10.785  0.0000E+00  0.1200E+02
 -10.775  0.0000E+00  0.1200E+02
 -10.765  0.0000E+00  0.1200E+02
 -10.755  0.0000E+00  0.1200E+02
 -10.745  0.0000E+00  0.1200E+02
 -10.735  0.0000E+00  0.1200E+02
 -10.725  0.0000E+00  0.1200E+02
 -10.715  0.0000E+00  0.1200E+02
 -10.705  0.0000E+00  0.1200E+02
 -10.695  0.0000E+00  0.1200E+02
 -10.685  0.0000E+00  0.1200E+02
 -10.675  0.0000E+00  0.1200E+02
 -10.665  0.0000E+00  0.1200E+02
 -10.655  0.0000E+00  0.1200E+02
 -10.645  0.0000E+00  0.1200E+02
 -10.635  0.0000E+00  0.1200E+02
 -10.625  0.0000E+00  0.1200E+02
 -10.615  0.0000E+00  0.1200E+02
 -10.605  0.0000E+00  0.1200E+02
 -10.595  0.0000E+00  0.1200E+02
 -10.585  0.0000E+00  0.1200E+02
 -10.575  0.0000E+00  0.1200E+02
 -10.565  0.0000E+00  0.1200E+02
 -10.555  0.0000E+00  0.1200E+02
 -10.545  0.0000E+00  0.1200E+02
 -10.535  0.0000E+00  0.1200E+02
 -10.525  0.0000E+00  0.1200E+02
 -10.515  0.0000E+00  0.1200E+02
 -10.505  0.0000E+00  0.1200E+02
 -10.495  0.0000E+00  0.1200E+02
 -10.485  0.0000E+00  0.1200E+02
 -10.475  0.0000E+00  0.1200E+02
 -10.465  0.0000E+00  0.1200E+02
 -10.455  0.0000E+00  0.1200E+02
 -10.445  0.0000E+00  0.1200E+02
 -10.435  0.0000E+00  0.1200E+02
 -10.425  0.0000E+00  0.1200E+02
 -10.415  0.0000E+00  0.1200E+02
 -10.405  0.0000E+00  0.1200E+02
 -10.395  0.0000E+00  0.1200E+02
 -10.385  0.0000E+00  0.1200E+02
 -10.375  0.0000E+00  0.1200E+02
 -10.365  0.0000E+00  0.1200E+02
 -10.355  0.0000E+00  0.1200E+02
 -10.345  0.0000E+00  0.1200E+02
 -10.335  0.0000E+00  0.1200E+02
 -10.325  0.0000E+00  0.1200E+02
 -10.315  0.0000E+00  0.1200E+02
 -10.305  0.0000E+00  0.1200E+02
 -10.295  0.0000E+00  0.1200E+02
 -10.285  0.0000E+00  0.1200E+02
 -10.275  0.0000E+00  0.1200E+02
 -10.265  0.0000E+00  0.1200E+02
 -10.255  0.0000E+00  0.1200E+02
 -10.245  0.0000E+00  0.1200E+02
 -10.235  0.0000E+00  0.1200E+02
 -10.225  0.0000E+00  0.1200E+02
 -10.215  0.0000E+00  0.1200E+02
 -10.205  0.0000E+00  0.1200E+02
 -10.195  0.0000E+00  0.1200E+02
 -10.185  0.0000E+00  0.1200E+02
 -10.175  0.0000E+00  0.1200E+02
 -10.165  0.0000E+00  0.1200E+02
 -10.155  0.0000E+00  0.1200E+02
 -10.145  0.0000E+00  0.1200E+02
 -10.135  0.0000E+00  0.1200E+02
 -10.125  0.0000E+00  0.1200E+02
 -10.115  0.0000E+00  0.1200E+02
 -10.105  0.0000E+00  0.1200E+02
 -10.095  0.0000E+00  0.1200E+02
 -10.085  0.0000E+00  0.1200E+02
 -10.075  0.0000E+00  0.1200E+02
 -10.065  0.0000E+00  0.1200E+02
 -10.055  0.0000E+00  0.1200E+02
 -10.045  0.0000E+00  0.1200E+02
 -10.035  0.0000E+00  0.1200E+02
 -10.025  0.0000E+00  0.1200E+02
 -10.015  0.0000E+00  0.1200E+02
 -10.005  0.0000E+00  0.1200E+02
  -9.995  0.0000E+00  0.1200E+02
  -9.985  0.0000E+00  0.1200E+02
  -9.975  0.0000E+00  0.1200E+02
  -9.965  0.0000E+00  0.1200E+02
  -9.955  0.0000E+00  0.1200E+02
  -9.945  0.0000E+00  0.1200E+02
  -9.935  0.0000E+00  0.1200E+02
  -9.925  0.0000E+00  0.1200E+02
  -9.915  0.0000E+00  0.1200E+02
  -9.905  0.0000E+00  0.1200E+02
  -9.895  0.0000E+00  0.1200E+02
  -9.885  0.0000E+00  0.1200E+02
  -9.875  0.0000E+00  0.1200E+02
  -9.865  0.0000E+00  0.1200E+02
  -9.855  0.0000E+00  0.1200E+02
  -9.845  0.0000E+00  0.1200E+02
  -9.835  0.0000E+00  0.1200E+02
  -9.825  0.0000E+00  0.1200E+02
  -9.815  0.0000E+00  0.1200E+02
  -9.805  0.0000E+00  0.1200E+02
  -9.795  0.0000E+00  0.1200E+02
  -9.785  0.0000E+00  0.1200E+02
  -9.775  0.0000E+00  0.1200E+02
  -9.765  0.0000E+00  0.1200E+02
  -9.755  0.0000E+00  0.1200E+02
  -9.745  0.0000E+00  0.1200E+02
  -9.735  0.0000E+00  0.1200E+02
  -9.725  0.0000E+00  0.1200E+02
  -9.715  0.0000E+00  0.1200E+02
  -9.705  0.0000E+00  0.1200E+02
  -9.695  0.0000E+00  0.1200E+02
  -9.685  0.0000E+00  0.1200E+02
  -9.675  0.0000E+00  0.1200E+02
  -9.665  0.0000E+00  0.1200E+02
  -9.655  0.0000E+00  0.1200E+02
  -9.645  0.0000E+00  0.1200E+02
  -9.635  0.0000E+00  0.1200E+02
  -9.625  0.0000E+00  0.1200E+02
  -9.615  0.0000E+00  0.1200E+02
  -9.605  0.0000E+00  0.1200E+02
  -9.595  0.0000E+00  0.1200E+02
  -9.585  0.0000E+00  0.1200E+02
  -9.575  0.0000E+00  0.1200E+02
  -9.565  0.0000E+00  0.1200E+02
  -9.555  0.0000E+00  0.1200E+02
  -9.545  0.0000E+00  0.1200E+02
  -9.535  0.0000E+00  0.1200E+02
  -9.525  0.0000E+00  0.1200E+02
  -9.515  0.0000E+00  0.1200E+02
  -9.505  0.0000E+00  0.1200E+02
  -9.495  0.0000E+00  0.1200E+02
  -9.485  0.0000E+00  0.1200E+02
  -9.475  0.0000E+00  0.1200E+02
  -9.465  0.0000E+00  0.1200E+02
  -9.455  0.0000E+00  0.1200E+02
  -9.445  0.0000E+00  0.1200E+02
  -9.435  0.0000E+00  0.1200E+02
  -9.425  0.0000E+00  0.1200E+02
  -9.415  0.0000E+00  0.1200E+02
  -9.405  0.0000E+00  0.1200E+02
  -9.395  0.0000E+00  0.1200E+02
  -9.385  0.0000E+00  0.1200E+02
  -9.375  0.0000E+00  0.1200E+02
  -9.365  0.0000E+00  0.1200E+02
  -9.355  0.0000E+00  0.1200E+02
  -9.345  0.0000E+00  0.1200E+02
  -9.335  0.0000E+00  0.1200E+02
  -9.325  0.0000E+00  0.1200E+02
  -9.315  0.0000E+00  0.1200E+02
  -9.305  0.0000E+00  0.1200E+02
  -9.295  0.0000E+00  0.1200E+02
  -9.285  0.0000E+00  0.1200E+02
  -9.275  0.0000E+00  0.1200E+02
  -9.265  0.0000E+00  0.1200E+02
  -9.255  0.0000E+00  0.1200E+02
  -9.245  0.0000E+00  0.1200E+02
  -9.235  0.0000E+00  0.1200E+02
  -9.225  0.0000E+00  0.1200E+02
  -9.215  0.0000E+00  0.1200E+02
  -9.205  0.0000E+00  0.1200E+02
  -9.195  0.0000E+00  0.1200E+02
  -9.185  0.0000E+00  0.1200E+02
  -9.175  0.0000E+00  0.1200E+02
  -9.165  0.0000E+00  0.1200E+02
  -9.155  0.0000E+00  0.1200E+02
  -9.145  0.0000E+00  0.1200E+02
  -9.135  0.0000E+00  0.1200E+02
  -9.125  0.0000E+00  0.1200E+02
  -9.115  0.0000E+00  0.1200E+02
  -9.105  0.0000E+00  0.1200E+02
  -9.095  0.0000E+00  0.1200E+02
  -9.085  0.0000E+00  0.1200E+02
  -9.075  0.0000E+00  0.1200E+02
  -9.065  0.0000E+00  0.1200E+02
  -9.055  0.0000E+00  0.1200E+02
  -9.045  0.0000E+00  0.1200E+02
  -9.035  0.0000E+00  0.1200E+02
  -9.025  0.0000E+00  0.1200E+02
  -9.015  0.0000E+00  0.1200E+02
  -9.005  0.0000E+00  0.1200E+02
  -8.995  0.0000E+00  0.1200E+02
  -8.985  0.0000E+00  0.1200E+02
  -8.975  0.0000E+00  0.1200E+02
  -8.965  0.0000E+00  0.1200E+02
  -8.955  0.0000E+00  0.1200E+02
  -8.945  0.0000E+00  0.1200E+02
  -8.935  0.0000E+00  0.1200E+02
  -8.925  0.0000E+00  0.1200E+02
  -8.915  0.0000E+00  0.1200E+02
  -8.905  0.0000E+00  0.1200E+02
  -8.895  0.0000E+00  0.1200E+02
  -8.885  0.0000E+00  0.1200E+02
  -8.875  0.0000E+00  0.1200E+02
  -8.865  0.0000E+00  0.1200E+02
  -8.855  0.0000E+00  0.1200E+02
  -8.845  0.0000E+00  0.1200E+02
  -8.835  0.0000E+00  0.1200E+02
  -8.825  0.0000E+00  0.1200E+02
  -8.815  0.0000E+00  0.1200E+02
  -8.805  0.0000E+00  0.1200E+02
  -8.795  0.0000E+00  0.1200E+02
  -8.785  0.0000E+00  0.1200E+02
  -8.775  0.0000E+00  0.1200E+02
  -8.765  0.0000E+00  0.1200E+02
  -8.755  0.0000E+00  0.1200E+02
  -8.745  0.0000E+00  0.1200E+02
  -8.735  0.0000E+00  0.1200E+02
  -8.725  0.0000E+00  0.1200E+02
  -8.715  0.0000E+00  0.1200E+02
  -8.705  0.0000E+00  0.1200E+02
  -8.695  0.0000E+00  0.1200E+02
  -8.685  0.0000E+00  0.1200E+02
  -8.675  0.0000E+00  0.1200E+02
  -8.665  0.0000E+00  0.1200E+02
  -8.655  0.0000E+00  0.1200E+02
  -8.645  0.0000E+00  0.1200E+02
  -8.635  0.0000E+00  0.1200E+02
  -8.625  0.0000E+00  0.1200E+02
  -8.615  0.0000E+00  0.1200E+02
  -8.605  0.0000E+00  0.1200E+02
  -8.595  0.0000E+00  0.1200E+02
  -8.585  0.0000E+00  0.1200E+02
  -8.575  0.0000E+00  0.1200E+02
  -8.565  0.0000E+00  0.1200E+02
  -8.555  0.0000E+00  0.1200E+02
  -8.545  0.0000E+00  0.1200E+02
  -8.535  0.0000E+00  0.1200E+02
  -8.525  0.0000E+00  0.1200E+02
  -8.515  0.0000E+00  0.1200E+02
  -8.505  0.0000E+00  0.1200E+02
  -8.495  0.0000E+00  0.1200E+02
  -8.485  0.0000E+00  0.1200E+02
  -8.475  0.0000E+00  0.1200E+02
  -8.465  0.0000E+00  0.1200E+02
  -8.455  0.0000E+00  0.1200E+02
  -8.445  0.0000E+00  0.1200E+02
  -8.435  0.0000E+00  0.1200E+02
  -8.425  0.0000E+00  0.1200E+02
  -8.415  0.0000E+00  0.1200E+02
  -8.405  0.0000E+00  0.1200E+02
  -8.395  0.0000E+00  0.1200E+02
  -8.385  0.0000E+00  0.1200E+02
  -8.375  0.0000E+00  0.1200E+02
  -8.365  0.0000E+00  0.1200E+02
  -8.355  0.0000E+00  0.1200E+02
  -8.345  0.0000E+00  0.1200E+02
  -8.335  0.0000E+00  0.1200E+02
  -8.325  0.0000E+00  0.1200E+02
  -8.315  0.0000E+00  0.1200E+02
  -8.305  0.0000E+00  0.1200E+02
  -8.295  0.0000E+00  0.1200E+02
  -8.285  0.0000E+00  0.1200E+02
  -8.275  0.0000E+00  0.1200E+02
  -8.265  0.0000E+00  0.1200E+02
  -8.255  0.0000E+00  0.1200E+02
  -8.245  0.0000E+00  0.1200E+02
  -8.235  0.0000E+00  0.1200E+02
  -8.225  0.0000E+00  0.1200E+02
  -8.215  0.0000E+00  0.1200E+02
  -8.205  0.0000E+00  0.1200E+02
  -8.195  0.0000E+00  0.1200E+02
  -8.185  0.0000E+00  0.1200E+02
  -8.175  0.0000E+00  0.1200E+02
  -8.165  0.0000E+00  0.1200E+02
  -8.155  0.0000E+00  0.1200E+02
  -8.145  0.0000E+00  0.1200E+02
  -8.135  0.0000E+00  0.1200E+02
  -8.125  0.0000E+00  0.1200E+02
  -8.115  0.0000E+00  0.1200E+02
  -8.105  0.0000E+00  0.1200E+02
  -8.095  0.0000E+00  0.1200E+02
  -8.085  0.0000E+00  0.1200E+02
  -8.075  0.0000E+00  0.1200E+02
  -8.065  0.0000E+00  0.1200E+02
  -8.055  0.0000E+00  0.1200E+02
  -8.045  0.0000E+00  0.1200E+02
  -8.035  0.0000E+00  0.1200E+02
  -8.025  0.0000E+00  0.1200E+02
  -8.015  0.0000E+00  0.1200E+02
  -8.005  0.0000E+00  0.1200E+02
  -7.995  0.0000E+00  0.1200E+02
  -7.985  0.0000E+00  0.1200E+02
  -7.975  0.0000E+00  0.1200E+02
  -7.965  0.0000E+00  0.1200E+02
  -7.955  0.0000E+00  0.1200E+02
  -7.945  0.0000E+00  0.1200E+02
  -7.935  0.0000E+00  0.1200E+02
  -7.925  0.0000E+00  0.1200E+02
  -7.915  0.0000E+00  0.1200E+02
  -7.905  0.0000E+00  0.1200E+02
  -7.895  0.0000E+00  0.1200E+02
  -7.885  0.0000E+00  0.1200E+02
  -7.875  0.0000E+00  0.1200E+02
  -7.865  0.0000E+00  0.1200E+02
  -7.855  0.0000E+00  0.1200E+02
  -7.845  0.0000E+00  0.1200E+02
  -7.835  0.0000E+00  0.1200E+02
  -7.825  0.0000E+00  0.1200E+02
  -7.815  0.0000E+00  0.1200E+02
  -7.805  0.0000E+00  0.1200E+02
  -7.795  0.0000E+00  0.1200E+02
  -7.785  0.0000E+00  0.1200E+02
  -7.775  0.0000E+00  0.1200E+02
  -7.765  0.0000E+00  0.1200E+02
  -7.755  0.0000E+00  0.1200E+02
  -7.745  0.0000E+00  0.1200E+02
  -7.735  0.0000E+00  0.1200E+02
  -7.725  0.0000E+00  0.1200E+02
  -7.715  0.0000E+00  0.1200E+02
  -7.705  0.0000E+00  0.1200E+02
  -7.695  0.0000E+00  0.1200E+02
  -7.685  0.0000E+00  0.1200E+02
  -7.675  0.0000E+00  0.1200E+02
  -7.665  0.0000E+00  0.1200E+02
  -7.655  0.0000E+00  0.1200E+02
  -7.645  0.0000E+00  0.1200E+02
  -7.635  0.0000E+00  0.1200E+02
  -7.625  0.0000E+00  0.1200E+02
  -7.615  0.0000E+00  0.1200E+02
  -7.605  0.0000E+00  0.1200E+02
  -7.595  0.0000E+00  0.1200E+02
  -7.585  0.0000E+00  0.1200E+02
  -7.575  0.0000E+00  0.1200E+02
  -7.565  0.0000E+00  0.1200E+02
  -7.555  0.0000E+00  0.1200E+02
  -7.545  0.0000E+00  0.1200E+02
  -7.535  0.0000E+00  0.1200E+02
  -7.525  0.0000E+00  0.1200E+02
  -7.515  0.0000E+00  0.1200E+02
  -7.505  0.0000E+00  0.1200E+02
  -7.495  0.0000E+00  0.1200E+02
  -7.485  0.0000E+00  0.1200E+02
  -7.475  0.0000E+00  0.1200E+02
  -7.465  0.0000E+00  0.1200E+02
  -7.455  0.0000E+00  0.1200E+02
  -7.445  0.0000E+00  0.1200E+02
  -7.435  0.0000E+00  0.1200E+02
  -7.425  0.0000E+00  0.1200E+02
  -7.415  0.0000E+00  0.1200E+02
  -7.405  0.0000E+00  0.1200E+02
  -7.395  0.0000E+00  0.1200E+02
  -7.385  0.0000E+00  0.1200E+02
  -7.375  0.0000E+00  0.1200E+02
  -7.365  0.0000E+00  0.1200E+02
  -7.355  0.0000E+00  0.1200E+02
  -7.345  0.0000E+00  0.1200E+02
  -7.335  0.0000E+00  0.1200E+02
  -7.325  0.0000E+00  0.1200E+02
  -7.315  0.0000E+00  0.1200E+02
  -7.305  0.0000E+00  0.1200E+02
  -7.295  0.0000E+00  0.1200E+02
  -7.285  0.0000E+00  0.1200E+02
  -7.275  0.0000E+00  0.1200E+02
  -7.265  0.0000E+00  0.1200E+02
  -7.255  0.0000E+00  0.1200E+02
  -7.245  0.0000E+00  0.1200E+02
  -7.235  0.0000E+00  0.1200E+02
  -7.225  0.0000E+00  0.1200E+02
  -7.215  0.0000E+00  0.1200E+02
  -7.205  0.0000E+00  0.1200E+02
  -7.195  0.0000E+00  0.1200E+02
  -7.185  0.0000E+00  0.1200E+02
  -7.175  0.0000E+00  0.1200E+02
  -7.165  0.0000E+00  0.1200E+02
  -7.155  0.0000E+00  0.1200E+02
  -7.145  0.0000E+00  0.1200E+02
  -7.135  0.0000E+00  0.1200E+02
  -7.125  0.0000E+00  0.1200E+02
  -7.115  0.0000E+00  0.1200E+02
  -7.105  0.0000E+00  0.1200E+02
  -7.095  0.0000E+00  0.1200E+02
  -7.085  0.0000E+00  0.1200E+02
  -7.075  0.0000E+00  0.1200E+02
  -7.065  0.0000E+00  0.1200E+02
  -7.055  0.0000E+00  0.1200E+02
  -7.045  0.0000E+00  0.1200E+02
  -7.035  0.0000E+00  0.1200E+02
  -7.025  0.0000E+00  0.1200E+02
  -7.015  0.0000E+00  0.1200E+02
  -7.005  0.0000E+00  0.1200E+02
  -6.995  0.0000E+00  0.1200E+02
  -6.985  0.0000E+00  0.1200E+02
  -6.975  0.0000E+00  0.1200E+02
  -6.965  0.0000E+00  0.1200E+02
  -6.955  0.0000E+00  0.1200E+02
  -6.945  0.0000E+00  0.1200E+02
  -6.935  0.0000E+00  0.1200E+02
  -6.925  0.0000E+00  0.1200E+02
  -6.915  0.0000E+00  0.1200E+02
  -6.905  0.0000E+00  0.1200E+02
  -6.895  0.0000E+00  0.1200E+02
  -6.885  0.0000E+00  0.1200E+02
  -6.875  0.0000E+00  0.1200E+02
  -6.865  0.0000E+00  0.1200E+02
  -6.855  0.0000E+00  0.1200E+02
  -6.845  0.0000E+00  0.1200E+02
  -6.835  0.0000E+00  0.1200E+02
  -6.825  0.0000E+00  0.1200E+02
  -6.815  0.0000E+00  0.1200E+02
  -6.805  0.0000E+00  0.1200E+02
  -6.795  0.0000E+00  0.1200E+02
  -6.785  0.0000E+00  0.1200E+02
  -6.775  0.0000E+00  0.1200E+02
  -6.765  0.0000E+00  0.1200E+02
  -6.755  0.0000E+00  0.1200E+02
  -6.745  0.0000E+00  0.1200E+02
  -6.735  0.0000E+00  0.1200E+02
  -6.725  0.0000E+00  0.1200E+02
  -6.715  0.0000E+00  0.1200E+02
  -6.705  0.0000E+00  0.1200E+02
  -6.695  0.0000E+00  0.1200E+02
  -6.685  0.0000E+00  0.1200E+02
  -6.675  0.0000E+00  0.1200E+02
  -6.665  0.0000E+00  0.1200E+02
  -6.655  0.0000E+00  0.1200E+02
  -6.645  0.0000E+00  0.1200E+02
  -6.635  0.0000E+00  0.1200E+02
  -6.625  0.0000E+00  0.1200E+02
  -6.615  0.0000E+00  0.1200E+02
  -6.605  0.0000E+00  0.1200E+02
  -6.595  0.0000E+00  0.1200E+02
  -6.585  0.0000E+00  0.1200E+02
  -6.575  0.0000E+00  0.1200E+02
  -6.565  0.0000E+00  0.1200E+02
  -6.555  0.0000E+00  0.1200E+02
  -6.545  0.0000E+00  0.1200E+02
  -6.535  0.0000E+00  0.1200E+02
  -6.525  0.0000E+00  0.1200E+02
  -6.515  0.0000E+00  0.1200E+02
  -6.505  0.0000E+00  0.1200E+02
  -6.495  0.0000E+00  0.1200E+02
  -6.485  0.0000E+00  0.1200E+02
  -6.475  0.0000E+00  0.1200E+02
  -6.465  0.0000E+00  0.1200E+02
  -6.455  0.0000E+00  0.1200E+02
  -6.445  0.0000E+00  0.1200E+02
  -6.435  0.0000E+00  0.1200E+02
  -6.425  0.0000E+00  0.1200E+02
  -6.415  0.0000E+00  0.1200E+02
  -6.405  0.0000E+00  0.1200E+02
  -6.395  0.0000E+00  0.1200E+02
  -6.385  0.0000E+00  0.1200E+02
  -6.375  0.0000E+00  0.1200E+02
  -6.365  0.0000E+00  0.1200E+02
  -6.355  0.0000E+00  0.1200E+02
  -6.345  0.0000E+00  0.1200E+02
  -6.335  0.0000E+00  0.1200E+02
  -6.325  0.0000E+00  0.1200E+02
  -6.315  0.0000E+00  0.1200E+02
  -6.305  0.0000E+00  0.1200E+02
  -6.295  0.0000E+00  0.1200E+02
  -6.285  0.0000E+00  0.1200E+02
  -6.275  0.0000E+00  0.1200E+02
  -6.265  0.0000E+00  0.1200E+02
  -6.255  0.0000E+00  0.1200E+02
  -6.245  0.0000E+00  0.1200E+02
  -6.235  0.0000E+00  0.1200E+02
  -6.225  0.0000E+00  0.1200E+02
  -6.215  0.0000E+00  0.1200E+02
  -6.205  0.0000E+00  0.1200E+02
  -6.195  0.0000E+00  0.1200E+02
  -6.185  0.0000E+00  0.1200E+02
  -6.175  0.0000E+00  0.1200E+02
  -6.165  0.0000E+00  0.1200E+02
  -6.155  0.0000E+00  0.1200E+02
  -6.145  0.0000E+00  0.1200E+02
  -6.135  0.0000E+00  0.1200E+02
  -6.125  0.0000E+00  0.1200E+02
  -6.115  0.0000E+00  0.1200E+02
  -6.105  0.0000E+00  0.1200E+02
  -6.095  0.0000E+00  0.1200E+02
  -6.085  0.0000E+00  0.1200E+02
  -6.075  0.0000E+00  0.1200E+02
  -6.065  0.0000E+00  0.1200E+02
  -6.055  0.0000E+00  0.1200E+02
  -6.045  0.0000E+00  0.1200E+02
  -6.035  0.0000E+00  0.1200E+02
  -6.025  0.0000E+00  0.1200E+02
  -6.015  0.0000E+00  0.1200E+02
  -6.005  0.0000E+00  0.1200E+02
  -5.995  0.0000E+00  0.1200E+02
  -5.985  0.0000E+00  0.1200E+02
  -5.975  0.0000E+00  0.1200E+02
  -5.965  0.0000E+00  0.1200E+02
  -5.955  0.0000E+00  0.1200E+02
  -5.945  0.0000E+00  0.1200E+02
  -5.935  0.0000E+00  0.1200E+02
  -5.925  0.0000E+00  0.1200E+02
  -5.915  0.0000E+00  0.1200E+02
  -5.905  0.0000E+00  0.1200E+02
  -5.895  0.0000E+00  0.1200E+02
  -5.885  0.0000E+00  0.1200E+02
  -5.875  0.0000E+00  0.1200E+02
  -5.865  0.0000E+00  0.1200E+02
  -5.855  0.0000E+00  0.1200E+02
  -5.845  0.0000E+00  0.1200E+02
  -5.835  0.0000E+00  0.1200E+02
  -5.825  0.0000E+00  0.1200E+02
  -5.815  0.0000E+00  0.1200E+02
  -5.805  0.0000E+00  0.1200E+02
  -5.795  0.0000E+00  0.1200E+02
  -5.785  0.0000E+00  0.1200E+02
  -5.775  0.0000E+00  0.1200E+02
  -5.765  0.0000E+00  0.1200E+02
  -5.755  0.0000E+00  0.1200E+02
  -5.745  0.0000E+00  0.1200E+02
  -5.735  0.0000E+00  0.1200E+02
  -5.725  0.0000E+00  0.1200E+02
  -5.715  0.0000E+00  0.1200E+02
  -5.705  0.0000E+00  0.1200E+02
  -5.695  0.0000E+00  0.1200E+02
  -5.685  0.0000E+00  0.1200E+02
  -5.675  0.0000E+00  0.1200E+02
  -5.665  0.0000E+00  0.1200E+02
  -5.655  0.0000E+00  0.1200E+02
  -5.645  0.0000E+00  0.1200E+02
  -5.635  0.0000E+00  0.1200E+02
  -5.625  0.0000E+00  0.1200E+02
  -5.615  0.0000E+00  0.1200E+02
  -5.605  0.0000E+00  0.1200E+02
  -5.595  0.0000E+00  0.1200E+02
  -5.585  0.0000E+00  0.1200E+02
  -5.575  0.0000E+00  0.1200E+02
  -5.565  0.0000E+00  0.1200E+02
  -5.555  0.0000E+00  0.1200E+02
  -5.545  0.0000E+00  0.1200E+02
  -5.535  0.0000E+00  0.1200E+02
  -5.525  0.0000E+00  0.1200E+02
  -5.515  0.0000E+00  0.1200E+02
  -5.505  0.0000E+00  0.1200E+02
  -5.495  0.0000E+00  0.1200E+02
  -5.485  0.0000E+00  0.1200E+02
  -5.475  0.0000E+00  0.1200E+02
  -5.465  0.0000E+00  0.1200E+02
  -5.455  0.0000E+00  0.1200E+02
  -5.445  0.0000E+00  0.1200E+02
  -5.435  0.0000E+00  0.1200E+02
  -5.425  0.0000E+00  0.1200E+02
  -5.415  0.0000E+00  0.1200E+02
  -5.405  0.0000E+00  0.1200E+02
  -5.395  0.0000E+00  0.1200E+02
  -5.385  0.0000E+00  0.1200E+02
  -5.375  0.0000E+00  0.1200E+02
  -5.365  0.0000E+00  0.1200E+02
  -5.355  0.0000E+00  0.1200E+02
  -5.345  0.0000E+00  0.1200E+02
  -5.335  0.0000E+00  0.1200E+02
  -5.325  0.0000E+00  0.1200E+02
  -5.315  0.0000E+00  0.1200E+02
  -5.305  0.0000E+00  0.1200E+02
  -5.295  0.0000E+00  0.1200E+02
  -5.285  0.0000E+00  0.1200E+02
  -5.275  0.0000E+00  0.1200E+02
  -5.265  0.0000E+00  0.1200E+02
  -5.255  0.0000E+00  0.1200E+02
  -5.245  0.0000E+00  0.1200E+02
  -5.235  0.0000E+00  0.1200E+02
  -5.225  0.0000E+00  0.1200E+02
  -5.215  0.0000E+00  0.1200E+02
  -5.205  0.0000E+00  0.1200E+02
  -5.195  0.0000E+00  0.1200E+02
  -5.185  0.0000E+00  0.1200E+02
  -5.175  0.0000E+00  0.1200E+02
  -5.165  0.0000E+00  0.1200E+02
  -5.155  0.0000E+00  0.1200E+02
  -5.145  0.0000E+00  0.1200E+02
  -5.135  0.0000E+00  0.1200E+02
  -5.125  0.0000E+00  0.1200E+02
  -5.115  0.0000E+00  0.1200E+02
  -5.105  0.0000E+00  0.1200E+02
  -5.095  0.0000E+00  0.1200E+02
  -5.085  0.0000E+00  0.1200E+02
  -5.075  0.0000E+00  0.1200E+02
  -5.065  0.0000E+00  0.1200E+02
  -5.055  0.0000E+00  0.1200E+02
  -5.045  0.0000E+00  0.1200E+02
  -5.035  0.0000E+00  0.1200E+02
  -5.025  0.0000E+00  0.1200E+02
  -5.015  0.0000E+00  0.1200E+02
  -5.005  0.0000E+00  0.1200E+02
  -4.995  0.0000E+00  0.1200E+02
  -4.985  0.0000E+00  0.1200E+02
  -4.975  0.0000E+00  0.1200E+02
  -4.965  0.0000E+00  0.1200E+02
  -4.955  0.0000E+00  0.1200E+02
  -4.945  0.0000E+00  0.1200E+02
  -4.935  0.0000E+00  0.1200E+02
  -4.925  0.0000E+00  0.1200E+02
  -4.915  0.0000E+00  0.1200E+02
  -4.905  0.0000E+00  0.1200E+02
  -4.895  0.0000E+00  0.1200E+02
  -4.885  0.0000E+00  0.1200E+02
  -4.875  0.0000E+00  0.1200E+02
  -4.865  0.0000E+00  0.1200E+02
  -4.855  0.0000E+00  0.1200E+02
  -4.845  0.0000E+00  0.1200E+02
  -4.835  0.0000E+00  0.1200E+02
  -4.825  0.0000E+00  0.1200E+02
  -4.815  0.0000E+00  0.1200E+02
  -4.805  0.0000E+00  0.1200E+02
  -4.795  0.0000E+00  0.1200E+02
  -4.785  0.0000E+00  0.1200E+02
  -4.775  0.0000E+00  0.1200E+02
  -4.765  0.0000E+00  0.1200E+02
  -4.755  0.0000E+00  0.1200E+02
  -4.745  0.0000E+00  0.1200E+02
  -4.735  0.0000E+00  0.1200E+02
  -4.725  0.0000E+00  0.1200E+02
  -4.715  0.0000E+00  0.1200E+02
  -4.705  0.0000E+00  0.1200E+02
  -4.695  0.0000E+00  0.1200E+02
  -4.685  0.0000E+00  0.1200E+02
  -4.675  0.0000E+00  0.1200E+02
  -4.665  0.0000E+00  0.1200E+02
  -4.655  0.0000E+00  0.1200E+02
  -4.645  0.0000E+00  0.1200E+02
  -4.635  0.0000E+00  0.1200E+02
  -4.625  0.0000E+00  0.1200E+02
  -4.615  0.0000E+00  0.1200E+02
  -4.605  0.0000E+00  0.1200E+02
  -4.595  0.0000E+00  0.1200E+02
  -4.585  0.0000E+00  0.1200E+02
  -4.575  0.0000E+00  0.1200E+02
  -4.565  0.0000E+00  0.1200E+02
  -4.555  0.0000E+00  0.1200E+02
  -4.545  0.0000E+00  0.1200E+02
  -4.535  0.0000E+00  0.1200E+02
  -4.525  0.0000E+00  0.1200E+02
  -4.515  0.0000E+00  0.1200E+02
  -4.505  0.0000E+00  0.1200E+02
  -4.495  0.0000E+00  0.1200E+02
  -4.485  0.0000E+00  0.1200E+02
  -4.475  0.0000E+00  0.1200E+02
  -4.465  0.0000E+00  0.1200E+02
  -4.455  0.0000E+00  0.1200E+02
  -4.445  0.0000E+00  0.1200E+02
  -4.435  0.0000E+00  0.1200E+02
  -4.425  0.0000E+00  0.1200E+02
  -4.415  0.0000E+00  0.1200E+02
  -4.405  0.0000E+00  0.1200E+02
  -4.395  0.0000E+00  0.1200E+02
  -4.385  0.0000E+00  0.1200E+02
  -4.375  0.0000E+00  0.1200E+02
  -4.365  0.0000E+00  0.1200E+02
  -4.355  0.0000E+00  0.1200E+02
  -4.345  0.0000E+00  0.1200E+02
  -4.335  0.0000E+00  0.1200E+02
  -4.325  0.0000E+00  0.1200E+02
  -4.315  0.0000E+00  0.1200E+02
  -4.305  0.0000E+00  0.1200E+02
  -4.295  0.0000E+00  0.1200E+02
  -4.285  0.0000E+00  0.1200E+02
  -4.275  0.0000E+00  0.1200E+02
  -4.265  0.0000E+00  0.1200E+02
  -4.255  0.0000E+00  0.1200E+02
  -4.245  0.0000E+00  0.1200E+02
  -4.235  0.0000E+00  0.1200E+02
  -4.225  0.0000E+00  0.1200E+02
  -4.215  0.0000E+00  0.1200E+02
  -4.205  0.0000E+00  0.1200E+02
  -4.195  0.0000E+00  0.1200E+02
  -4.185  0.0000E+00  0.1200E+02
  -4.175  0.0000E+00  0.1200E+02
  -4.165  0.0000E+00  0.1200E+02
  -4.155  0.0000E+00  0.1200E+02
  -4.145  0.0000E+00  0.1200E+02
  -4.135  0.0000E+00  0.1200E+02
  -4.125  0.0000E+00  0.1200E+02
  -4.115  0.0000E+00  0.1200E+02
  -4.105  0.0000E+00  0.1200E+02
  -4.095  0.0000E+00  0.1200E+02
  -4.085  0.0000E+00  0.1200E+02
  -4.075  0.0000E+00  0.1200E+02
  -4.065  0.0000E+00  0.1200E+02
  -4.055  0.0000E+00  0.1200E+02
  -4.045  0.0000E+00  0.1200E+02
  -4.035  0.0000E+00  0.1200E+02
  -4.025  0.0000E+00  0.1200E+02
  -4.015  0.0000E+00  0.1200E+02
  -4.005  0.0000E+00  0.1200E+02
  -3.995  0.0000E+00  0.1200E+02
  -3.985  0.0000E+00  0.1200E+02
  -3.975  0.0000E+00  0.1200E+02
  -3.965  0.0000E+00  0.1200E+02
  -3.955  0.0000E+00  0.1200E+02
  -3.945  0.0000E+00  0.1200E+02
  -3.935  0.0000E+00  0.1200E+02
  -3.925  0.0000E+00  0.1200E+02
  -3.915  0.0000E+00  0.1200E+02
  -3.905  0.0000E+00  0.1200E+02
  -3.895  0.0000E+00  0.1200E+02
  -3.885  0.0000E+00  0.1200E+02
  -3.875  0.0000E+00  0.1200E+02
  -3.865  0.0000E+00  0.1200E+02
  -3.855  0.0000E+00  0.1200E+02
  -3.845  0.0000E+00  0.1200E+02
  -3.835  0.0000E+00  0.1200E+02
  -3.825  0.0000E+00  0.1200E+02
  -3.815  0.0000E+00  0.1200E+02
  -3.805  0.0000E+00  0.1200E+02
  -3.795  0.0000E+00  0.1200E+02
  -3.785  0.0000E+00  0.1200E+02
  -3.775  0.0000E+00  0.1200E+02
  -3.765  0.0000E+00  0.1200E+02
  -3.755  0.0000E+00  0.1200E+02
  -3.745  0.0000E+00  0.1200E+02
  -3.735  0.0000E+00  0.1200E+02
  -3.725  0.0000E+00  0.1200E+02
  -3.715  0.0000E+00  0.1200E+02
  -3.705  0.0000E+00  0.1200E+02
  -3.695  0.0000E+00  0.1200E+02
  -3.685  0.0000E+00  0.1200E+02
  -3.675  0.0000E+00  0.1200E+02
  -3.665  0.0000E+00  0.1200E+02
  -3.655  0.0000E+00  0.1200E+02
  -3.645  0.0000E+00  0.1200E+02
  -3.635  0.0000E+00  0.1200E+02
  -3.625  0.0000E+00  0.1200E+02
  -3.615  0.0000E+00  0.1200E+02
  -3.605  0.0000E+00  0.1200E+02
  -3.595  0.0000E+00  0.1200E+02
  -3.585  0.0000E+00  0.1200E+02
  -3.575  0.0000E+00  0.1200E+02
  -3.565  0.0000E+00  0.1200E+02
  -3.555  0.0000E+00  0.1200E+02
  -3.545  0.0000E+00  0.1200E+02
  -3.535  0.0000E+00  0.1200E+02
  -3.525  0.0000E+00  0.1200E+02
  -3.515  0.0000E+00  0.1200E+02
  -3.505  0.0000E+00  0.1200E+02
  -3.495  0.0000E+00  0.1200E+02
  -3.485  0.0000E+00  0.1200E+02
  -3.475  0.0000E+00  0.1200E+02
  -3.465  0.0000E+00  0.1200E+02
  -3.455  0.0000E+00  0.1200E+02
  -3.445  0.0000E+00  0.1200E+02
  -3.435  0.0000E+00  0.1200E+02
  -3.425  0.0000E+00  0.1200E+02
  -3.415  0.0000E+00  0.1200E+02
  -3.405  0.0000E+00  0.1200E+02
  -3.395  0.0000E+00  0.1200E+02
  -3.385  0.0000E+00  0.1200E+02
  -3.375  0.0000E+00  0.1200E+02
  -3.365  0.0000E+00  0.1200E+02
  -3.355  0.0000E+00  0.1200E+02
  -3.345  0.0000E+00  0.1200E+02
  -3.335  0.0000E+00  0.1200E+02
  -3.325  0.0000E+00  0.1200E+02
  -3.315  0.0000E+00  0.1200E+02
  -3.305  0.0000E+00  0.1200E+02
  -3.295  0.0000E+00  0.1200E+02
  -3.285  0.0000E+00  0.1200E+02
  -3.275  0.0000E+00  0.1200E+02
  -3.265  0.0000E+00  0.1200E+02
  -3.255  0.0000E+00  0.1200E+02
  -3.245  0.0000E+00  0.1200E+02
  -3.235  0.0000E+00  0.1200E+02
  -3.225  0.0000E+00  0.1200E+02
  -3.215  0.2409E+01  0.1201E+02
  -3.205  0.2566E+01  0.1204E+02
  -3.195  0.2670E+01  0.1206E+02
  -3.185  0.2777E+01  0.1209E+02
  -3.175  0.2898E+01  0.1212E+02
  -3.165  0.3030E+01  0.1215E+02
  -3.155  0.3983E+01  0.1218E+02
  -3.145  0.4162E+01  0.1223E+02
  -3.135  0.4343E+01  0.1227E+02
  -3.125  0.4557E+01  0.1231E+02
  -3.115  0.4802E+01  0.1236E+02
  -3.105  0.5075E+01  0.1241E+02
  -3.095  0.5417E+01  0.1246E+02
  -3.085  0.8963E+01  0.1253E+02
  -3.075  0.1036E+02  0.1262E+02
  -3.065  0.1505E+02  0.1274E+02
  -3.055  0.1092E+02  0.1288E+02
  -3.045  0.9221E+01  0.1298E+02
  -3.035  0.8310E+01  0.1307E+02
  -3.025  0.7642E+01  0.1315E+02
  -3.015  0.7004E+01  0.1322E+02
  -3.005  0.6395E+01  0.1329E+02
  -2.995  0.5886E+01  0.1335E+02
  -2.985  0.5464E+01  0.1341E+02
  -2.975  0.5160E+01  0.1346E+02
  -2.965  0.4945E+01  0.1351E+02
  -2.955  0.4796E+01  0.1356E+02
  -2.945  0.4729E+01  0.1360E+02
  -2.935  0.4736E+01  0.1365E+02
  -2.925  0.4879E+01  0.1370E+02
  -2.915  0.5315E+01  0.1375E+02
  -2.905  0.8746E+01  0.1381E+02
  -2.895  0.4713E+01  0.1387E+02
  -2.885  0.3695E+01  0.1391E+02
  -2.875  0.3022E+01  0.1395E+02
  -2.865  0.2470E+01  0.1397E+02
  -2.855  0.1903E+01  0.1399E+02
  -2.845  0.0000E+00  0.1400E+02
  -2.835  0.0000E+00  0.1400E+02
  -2.825  0.0000E+00  0.1400E+02
  -2.815  0.0000E+00  0.1400E+02
  -2.805  0.0000E+00  0.1400E+02
  -2.795  0.3787E+01  0.1401E+02
  -2.785  0.4227E+01  0.1405E+02
  -2.775  0.4882E+01  0.1409E+02
  -2.765  0.7744E+01  0.1415E+02
  -2.755  0.1058E+02  0.1424E+02
  -2.745  0.1200E+02  0.1437E+02
  -2.735  0.1312E+02  0.1449E+02
  -2.725  0.1168E+02  0.1463E+02
  -2.715  0.8581E+01  0.1472E+02
  -2.705  0.8235E+01  0.1480E+02
  -2.695  0.8123E+01  0.1488E+02
  -2.685  0.8183E+01  0.1496E+02
  -2.675  0.8399E+01  0.1505E+02
  -2.665  0.8819E+01  0.1513E+02
  -2.655  0.9587E+01  0.1522E+02
  -2.645  0.1075E+02  0.1533E+02
  -2.635  0.1086E+02  0.1544E+02
  -2.625  0.9205E+01  0.1554E+02
  -2.615  0.8706E+01  0.1563E+02
  -2.605  0.8771E+01  0.1572E+02
  -2.595  0.9696E+01  0.1581E+02
  -2.585  0.9788E+00  0.1591E+02
  -2.575  0.9128E+01  0.1596E+02
  -2.565  0.9587E+01  0.1605E+02
  -2.555  0.1181E+02  0.1616E+02
  -2.545  0.1642E+02  0.1630E+02
  -2.535  0.4772E+02  0.1658E+02
  -2.525  0.2314E+02  0.1690E+02
  -2.515  0.1979E+02  0.1711E+02
  -2.505  0.1859E+02  0.1730E+02
  -2.495  0.1862E+02  0.1748E+02
  -2.485  0.2155E+02  0.1768E+02
  -2.475  0.4008E+01  0.1799E+02
  -2.465  0.0000E+00  0.1800E+02
  -2.455  0.0000E+00  0.1800E+02
  -2.445  0.0000E+00  0.1800E+02
  -2.435  0.0000E+00  0.1800E+02
  -2.425  0.1327E+01  0.1801E+02
  -2.415  0.1246E+01  0.1802E+02
  -2.405  0.1229E+01  0.1803E+02
  -2.395  0.1232E+01  0.1804E+02
  -2.385  0.1252E+01  0.1806E+02
  -2.375  0.1254E+01  0.1807E+02
  -2.365  0.1257E+01  0.1808E+02
  -2.355  0.1276E+01  0.1809E+02
  -2.345  0.1289E+01  0.1811E+02
  -2.335  0.1300E+01  0.1812E+02
  -2.325  0.1319E+01  0.1813E+02
  -2.315  0.1330E+01  0.1815E+02
  -2.305  0.1349E+01  0.1816E+02
  -2.295  0.1362E+01  0.1817E+02
  -2.285  0.1378E+01  0.1819E+02
  -2.275  0.1397E+01  0.1820E+02
  -2.265  0.1407E+01  0.1821E+02
  -2.255  0.1428E+01  0.1823E+02
  -2.245  0.1436E+01  0.1824E+02
  -2.235  0.1454E+01  0.1826E+02
  -2.225  0.1469E+01  0.1827E+02
  -2.215  0.1481E+01  0.1829E+02
  -2.205  0.1501E+01  0.1830E+02
  -2.195  0.1510E+01  0.1832E+02
  -2.185  0.1526E+01  0.1833E+02
  -2.175  0.1546E+01  0.1835E+02
  -2.165  0.1553E+01  0.1836E+02
  -2.155  0.1570E+01  0.1838E+02
  -2.145  0.1584E+01  0.1839E+02
  -2.135  0.1597E+01  0.1841E+02
  -2.125  0.1616E+01  0.1843E+02
  -2.115  0.1629E+01  0.1844E+02
  -2.105  0.1645E+01  0.1846E+02
  -2.095  0.1665E+01  0.1847E+02
  -2.085  0.1678E+01  0.1849E+02
  -2.075  0.1698E+01  0.1851E+02
  -2.065  0.1721E+01  0.1853E+02
  -2.055  0.1738E+01  0.1854E+02
  -2.045  0.1762E+01  0.1856E+02
  -2.035  0.1786E+01  0.1858E+02
  -2.025  0.1813E+01  0.1860E+02
  -2.015  0.1843E+01  0.1861E+02
  -2.005  0.1878E+01  0.1863E+02
  -1.995  0.1914E+01  0.1865E+02
  -1.985  0.1960E+01  0.1867E+02
  -1.975  0.2011E+01  0.1869E+02
  -1.965  0.2073E+01  0.1871E+02
  -1.955  0.2154E+01  0.1873E+02
  -1.945  0.2251E+01  0.1875E+02
  -1.935  0.2403E+01  0.1878E+02
  -1.925  0.2619E+01  0.1880E+02
  -1.915  0.3048E+01  0.1883E+02
  -1.905  0.3114E+01  0.1887E+02
  -1.895  0.2491E+01  0.1890E+02
  -1.885  0.2182E+01  0.1892E+02
  -1.875  0.1998E+01  0.1894E+02
  -1.865  0.1849E+01  0.1896E+02
  -1.855  0.1732E+01  0.1898E+02
  -1.845  0.1616E+01  0.1899E+02
  -1.835  0.1532E+01  0.1901E+02
  -1.825  0.1452E+01  0.1902E+02
  -1.815  0.1387E+01  0.1904E+02
  -1.805  0.1314E+01  0.1905E+02
  -1.795  0.1265E+01  0.1906E+02
  -1.785  0.1205E+01  0.1908E+02
  -1.775  0.1163E+01  0.1909E+02
  -1.765  0.1117E+01  0.1910E+02
  -1.755  0.1074E+01  0.1911E+02
  -1.745  0.1037E+01  0.1912E+02
  -1.735  0.1001E+01  0.1913E+02
  -1.725  0.9785E+00  0.1914E+02
  -1.715  0.9188E+00  0.1915E+02
  -1.705  0.7591E+00  0.1916E+02
  -1.695  0.7441E+00  0.1917E+02
  -1.685  0.7345E+00  0.1917E+02
  -1.675  0.7229E+00  0.1918E+02
  -1.665  0.7085E+00  0.1919E+02
  -1.655  0.7006E+00  0.1920E+02
  -1.645  0.6915E+00  0.1920E+02
  -1.635  0.6781E+00  0.1921E+02
  -1.625  0.6708E+00  0.1922E+02
  -1.615  0.6637E+00  0.1922E+02
  -1.605  0.6555E+00  0.1923E+02
  -1.595  0.6444E+00  0.1924E+02
  -1.585  0.6387E+00  0.1924E+02
  -1.575  0.6326E+00  0.1925E+02
  -1.565  0.6253E+00  0.1926E+02
  -1.555  0.6161E+00  0.1926E+02
  -1.545  0.6114E+00  0.1927E+02
  -1.535  0.6061E+00  0.1927E+02
  -1.525  0.6001E+00  0.1928E+02
  -1.515  0.5921E+00  0.1929E+02
  -1.505  0.5881E+00  0.1929E+02
  -1.495  0.5839E+00  0.1930E+02
  -1.485  0.5790E+00  0.1930E+02
  -1.475  0.5717E+00  0.1931E+02
  -1.465  0.5684E+00  0.1931E+02
  -1.455  0.5650E+00  0.1932E+02
  -1.445  0.5613E+00  0.1933E+02
  -1.435  0.6713E+00  0.1933E+02
  -1.425  0.6865E+00  0.1934E+02
  -1.415  0.6825E+00  0.1935E+02
  -1.405  0.6878E+00  0.1935E+02
  -1.395  0.6868E+00  0.1936E+02
  -1.385  0.6894E+00  0.1937E+02
  -1.375  0.6950E+00  0.1937E+02
  -1.365  0.6969E+00  0.1938E+02
  -1.355  0.7006E+00  0.1939E+02
  -1.345  0.7049E+00  0.1939E+02
  -1.335  0.7082E+00  0.1940E+02
  -1.325  0.7113E+00  0.1941E+02
  -1.315  0.7165E+00  0.1942E+02
  -1.305  0.7217E+00  0.1942E+02
  -1.295  0.7261E+00  0.1943E+02
  -1.285  0.7302E+00  0.1944E+02
  -1.275  0.7360E+00  0.1944E+02
  -1.265  0.7423E+00  0.1945E+02
  -1.255  0.7486E+00  0.1946E+02
  -1.245  0.7549E+00  0.1947E+02
  -1.235  0.7621E+00  0.1947E+02
  -1.225  0.7697E+00  0.1948E+02
  -1.215  0.7775E+00  0.1949E+02
  -1.205  0.7882E+00  0.1950E+02
  -1.195  0.7983E+00  0.1951E+02
  -1.185  0.8080E+00  0.1951E+02
  -1.175  0.8194E+00  0.1952E+02
  -1.165  0.8340E+00  0.1953E+02
  -1.155  0.8502E+00  0.1954E+02
  -1.145  0.8668E+00  0.1955E+02
  -1.135  0.2069E+01  0.1956E+02
  -1.125  0.2181E+01  0.1958E+02
  -1.115  0.2260E+01  0.1960E+02
  -1.105  0.2364E+01  0.1963E+02
  -1.095  0.2480E+01  0.1965E+02
  -1.085  0.2609E+01  0.1968E+02
  -1.075  0.2770E+01  0.1970E+02
  -1.065  0.2939E+01  0.1973E+02
  -1.055  0.3159E+01  0.1976E+02
  -1.045  0.3446E+01  0.1979E+02
  -1.035  0.3809E+01  0.1983E+02
  -1.025  0.4378E+01  0.1987E+02
  -1.015  0.5361E+01  0.1992E+02
  -1.005  0.8599E+01  0.1998E+02
  -0.995  0.6305E+01  0.2007E+02
  -0.985  0.3592E+00  0.2011E+02
  -0.975  0.3648E+00  0.2011E+02
  -0.965  0.3715E+00  0.2012E+02
  -0.955  0.3797E+00  0.2012E+02
  -0.945  0.3866E+00  0.2012E+02
  -0.935  0.3938E+00  0.2013E+02
  -0.925  0.4019E+00  0.2013E+02
  -0.915  0.4128E+00  0.2014E+02
  -0.905  0.4213E+00  0.2014E+02
  -0.895  0.4295E+00  0.2014E+02
  -0.885  0.4431E+00  0.2015E+02
  -0.875  0.4574E+00  0.2015E+02
  -0.865  0.4696E+00  0.2016E+02
  -0.855  0.4809E+00  0.2016E+02
  -0.845  0.5030E+00  0.2017E+02
  -0.835  0.5222E+00  0.2017E+02
  -0.825  0.5434E+00  0.2018E+02
  -0.815  0.5788E+00  0.2018E+02
  -0.805  0.6085E+00  0.2019E+02
  -0.795  0.6362E+00  0.2020E+02
  -0.785  0.7020E+00  0.2020E+02
  -0.775  0.7624E+00  0.2021E+02
  -0.765  0.8715E+00  0.2022E+02
  -0.755  0.7793E+01  0.2024E+02
  -0.745  0.1869E+02  0.2035E+02
  -0.735  0.1268E+02  0.2051E+02
  -0.725  0.1221E+02  0.2064E+02
  -0.715  0.9625E+01  0.2075E+02
  -0.705  0.8638E+01  0.2084E+02
  -0.695  0.8211E+01  0.2093E+02
  -0.685  0.8009E+01  0.2101E+02
  -0.675  0.8100E+01  0.2109E+02
  -0.665  0.8501E+01  0.2117E+02
  -0.655  0.9237E+01  0.2126E+02
  -0.645  0.1060E+02  0.2136E+02
  -0.635  0.1285E+02  0.2147E+02
  -0.625  0.5544E+00  0.2157E+02
  -0.615  0.8562E+01  0.2164E+02
  -0.605  0.4335E+01  0.2170E+02
  -0.595  0.2950E+01  0.2173E+02
  -0.585  0.2250E+01  0.2176E+02
  -0.575  0.1828E+01  0.2178E+02
  -0.565  0.1648E+01  0.2180E+02
  -0.555  0.1442E+01  0.2181E+02
  -0.545  0.1340E+01  0.2183E+02
  -0.535  0.1270E+01  0.2184E+02
  -0.525  0.1187E+01  0.2185E+02
  -0.515  0.1133E+01  0.2186E+02
  -0.505  0.1101E+01  0.2187E+02
  -0.495  0.1079E+01  0.2189E+02
  -0.485  0.1031E+01  0.2190E+02
  -0.475  0.1010E+01  0.2191E+02
  -0.465  0.9959E+00  0.2192E+02
  -0.455  0.9827E+00  0.2193E+02
  -0.445  0.9687E+00  0.2194E+02
  -0.435  0.9542E+00  0.2195E+02
  -0.425  0.9441E+00  0.2196E+02
  -0.415  0.9349E+00  0.2196E+02
  -0.405  0.9295E+00  0.2197E+02
  -0.395  0.9254E+00  0.2198E+02
  -0.385  0.9192E+00  0.2199E+02
  -0.375  0.9141E+00  0.2200E+02
  -0.365  0.9098E+00  0.2201E+02
  -0.355  0.9060E+00  0.2202E+02
  -0.345  0.9047E+00  0.2203E+02
  -0.335  0.9038E+00  0.2204E+02
  -0.325  0.9016E+00  0.2205E+02
  -0.315  0.9005E+00  0.2206E+02
  -0.305  0.8997E+00  0.2206E+02
  -0.295  0.8986E+00  0.2207E+02
  -0.285  0.8983E+00  0.2208E+02
  -0.275  0.8991E+00  0.2209E+02
  -0.265  0.8997E+00  0.2210E+02
  -0.255  0.9005E+00  0.2211E+02
  -0.245  0.9014E+00  0.2212E+02
  -0.235  0.9028E+00  0.2213E+02
  -0.225  0.9035E+00  0.2214E+02
  -0.215  0.9045E+00  0.2215E+02
  -0.205  0.9068E+00  0.2215E+02
  -0.195  0.9093E+00  0.2216E+02
  -0.185  0.9118E+00  0.2217E+02
  -0.175  0.9139E+00  0.2218E+02
  -0.165  0.9158E+00  0.2219E+02
  -0.155  0.9172E+00  0.2220E+02
  -0.145  0.9212E+00  0.2221E+02
  -0.135  0.9246E+00  0.2222E+02
  -0.125  0.9276E+00  0.2223E+02
  -0.115  0.9305E+00  0.2224E+02
  -0.105  0.9335E+00  0.2225E+02
  -0.095  0.9370E+00  0.2226E+02
  -0.085  0.9417E+00  0.2227E+02
  -0.075  0.9449E+00  0.2228E+02
  -0.065  0.9486E+00  0.2228E+02
  -0.055  0.9529E+00  0.2229E+02
  -0.045  0.9571E+00  0.2230E+02
  -0.035  0.9617E+00  0.2231E+02
  -0.025  0.9670E+00  0.2232E+02
  -0.015  0.9711E+00  0.2233E+02
  -0.005  0.9759E+00  0.2234E+02
   0.005  0.9807E+00  0.2235E+02
   0.015  0.9852E+00  0.2236E+02
   0.025  0.9915E+00  0.2237E+02
   0.035  0.9973E+00  0.2238E+02
   0.045  0.1004E+01  0.2239E+02
   0.055  0.1009E+01  0.2240E+02
   0.065  0.1014E+01  0.2241E+02
   0.075  0.1019E+01  0.2242E+02
   0.085  0.1028E+01  0.2243E+02
   0.095  0.1036E+01  0.2244E+02
   0.105  0.1042E+01  0.2245E+02
   0.115  0.1048E+01  0.2246E+02
   0.125  0.1054E+01  0.2247E+02
   0.135  0.1064E+01  0.2248E+02
   0.145  0.1073E+01  0.2250E+02
   0.155  0.1081E+01  0.2251E+02
   0.165  0.1088E+01  0.2252E+02
   0.175  0.1095E+01  0.2253E+02
   0.185  0.1107E+01  0.2254E+02
   0.195  0.1118E+01  0.2255E+02
   0.205  0.1127E+01  0.2256E+02
   0.215  0.1135E+01  0.2257E+02
   0.225  0.1144E+01  0.2258E+02
   0.235  0.1158E+01  0.2260E+02
   0.245  0.1171E+01  0.2261E+02
   0.255  0.1182E+01  0.2262E+02
   0.265  0.1192E+01  0.2263E+02
   0.275  0.1203E+01  0.2264E+02
   0.285  0.1222E+01  0.2265E+02
   0.295  0.1236E+01  0.2267E+02
   0.305  0.1249E+01  0.2268E+02
   0.315  0.1262E+01  0.2269E+02
   0.325  0.1285E+01  0.2270E+02
   0.335  0.1303E+01  0.2272E+02
   0.345  0.1319E+01  0.2273E+02
   0.355  0.1334E+01  0.2274E+02
   0.365  0.1364E+01  0.2276E+02
   0.375  0.1387E+01  0.2277E+02
   0.385  0.1407E+01  0.2279E+02
   0.395  0.1425E+01  0.2280E+02
   0.405  0.1470E+01  0.2281E+02
   0.415  0.1498E+01  0.2283E+02
   0.425  0.1522E+01  0.2284E+02
   0.435  0.1578E+01  0.2286E+02
   0.445  0.1616E+01  0.2288E+02
   0.455  0.1669E+01  0.2289E+02
   0.465  0.1736E+01  0.2291E+02
   0.475  0.1785E+01  0.2293E+02
   0.485  0.1907E+01  0.2294E+02
   0.495  0.2032E+01  0.2296E+02
   0.505  0.2212E+01  0.2299E+02
   0.515  0.2942E+01  0.2301E+02
   0.525  0.2369E+01  0.2304E+02
   0.535  0.2102E+01  0.2306E+02
   0.545  0.1952E+01  0.2308E+02
   0.555  0.1844E+01  0.2310E+02
   0.565  0.1765E+01  0.2312E+02
   0.575  0.1703E+01  0.2314E+02
   0.585  0.1648E+01  0.2315E+02
   0.595  0.1600E+01  0.2317E+02
   0.605  0.1557E+01  0.2318E+02
   0.615  0.1524E+01  0.2320E+02
   0.625  0.1491E+01  0.2321E+02
   0.635  0.1459E+01  0.2323E+02
   0.645  0.1429E+01  0.2324E+02
   0.655  0.1407E+01  0.2326E+02
   0.665  0.1383E+01  0.2327E+02
   0.675  0.1358E+01  0.2329E+02
   0.685  0.1338E+01  0.2330E+02
   0.695  0.1320E+01  0.2331E+02
   0.705  0.1301E+01  0.2333E+02
   0.715  0.1282E+01  0.2334E+02
   0.725  0.1265E+01  0.2335E+02
   0.735  0.1251E+01  0.2336E+02
   0.745  0.1235E+01  0.2338E+02
   0.755  0.1219E+01  0.2339E+02
   0.765  0.1206E+01  0.2340E+02
   0.775  0.1193E+01  0.2341E+02
   0.785  0.1179E+01  0.2342E+02
   0.795  0.1165E+01  0.2344E+02
   0.805  0.1156E+01  0.2345E+02
   0.815  0.1143E+01  0.2346E+02
   0.825  0.1131E+01  0.2347E+02
   0.835  0.1121E+01  0.2348E+02
   0.845  0.1112E+01  0.2349E+02
   0.855  0.1100E+01  0.2350E+02
   0.865  0.1089E+01  0.2351E+02
   0.875  0.1081E+01  0.2353E+02
   0.885  0.1072E+01  0.2354E+02
   0.895  0.1060E+01  0.2355E+02
   0.905  0.1054E+01  0.2356E+02
   0.915  0.1045E+01  0.2357E+02
   0.925  0.1034E+01  0.2358E+02
   0.935  0.1029E+01  0.2359E+02
   0.945  0.1020E+01  0.2360E+02
   0.955  0.1012E+01  0.2361E+02
   0.965  0.1004E+01  0.2362E+02
   0.975  0.1000E+01  0.2363E+02
   0.985  0.9880E+00  0.2364E+02
   0.995  0.9827E+00  0.2365E+02
   1.005  0.9761E+00  0.2366E+02
   1.015  0.9659E+00  0.2367E+02
   1.025  0.9636E+00  0.2368E+02
   1.035  0.9553E+00  0.2369E+02
   1.045  0.9487E+00  0.2370E+02
   1.055  0.9428E+00  0.2371E+02
   1.065  0.9404E+00  0.2372E+02
   1.075  0.9250E+00  0.2373E+02
   1.085  0.9271E+00  0.2373E+02
   1.095  0.9174E+00  0.2374E+02
   1.105  0.9128E+00  0.2375E+02
   1.115  0.9089E+00  0.2376E+02
   1.125  0.8944E+00  0.2377E+02
   1.135  0.9022E+00  0.2378E+02
   1.145  0.8867E+00  0.2379E+02
   1.155  0.8932E+00  0.2380E+02
   1.165  0.8774E+00  0.2381E+02
   1.175  0.8846E+00  0.2382E+02
   1.185  0.8701E+00  0.2382E+02
   1.195  0.8761E+00  0.2383E+02
   1.205  0.8596E+00  0.2384E+02
   1.215  0.8658E+00  0.2385E+02
   1.225  0.8517E+00  0.2386E+02
   1.235  0.8563E+00  0.2387E+02
   1.245  0.8404E+00  0.2388E+02
   1.255  0.8434E+00  0.2388E+02
   1.265  0.8349E+00  0.2389E+02
   1.275  0.8320E+00  0.2390E+02
   1.285  0.8348E+00  0.2391E+02
   1.295  0.8209E+00  0.2392E+02
   1.305  0.8207E+00  0.2393E+02
   1.315  0.8207E+00  0.2393E+02
   1.325  0.8240E+00  0.2394E+02
   1.335  0.8099E+00  0.2395E+02
   1.345  0.8016E+00  0.2396E+02
   1.355  0.8043E+00  0.2397E+02
   1.365  0.8121E+00  0.2397E+02
   1.375  0.8003E+00  0.2398E+02
   1.385  0.8184E+00  0.2399E+02
   1.395  0.7853E+00  0.2400E+02
   1.405  0.0000E+00  0.2400E+02
   1.415  0.0000E+00  0.2400E+02
   1.425  0.0000E+00  0.2400E+02
   1.435  0.0000E+00  0.2400E+02
   1.445  0.0000E+00  0.2400E+02
   1.455  0.0000E+00  0.2400E+02
   1.465  0.0000E+00  0.2400E+02
   1.475  0.0000E+00  0.2400E+02
   1.485  0.0000E+00  0.2400E+02
   1.495  0.0000E+00  0.2400E+02
   1.505  0.0000E+00  0.2400E+02
   1.515  0.0000E+00  0.2400E+02
   1.525  0.0000E+00  0.2400E+02
   1.535  0.0000E+00  0.2400E+02
   1.545  0.0000E+00  0.2400E+02
   1.555  0.0000E+00  0.2400E+02
   1.565  0.0000E+00  0.2400E+02
   1.575  0.0000E+00  0.2400E+02
   1.585  0.0000E+00  0.2400E+02
   1.595  0.0000E+00  0.2400E+02
   1.605  0.0000E+00  0.2400E+02
   1.615  0.0000E+00  0.2400E+02
   1.625  0.0000E+00  0.2400E+02
   1.635  0.0000E+00  0.2400E+02
   1.645  0.0000E+00  0.2400E+02
   1.655  0.0000E+00  0.2400E+02
   1.665  0.0000E+00  0.2400E+02
   1.675  0.0000E+00  0.2400E+02
   1.685  0.0000E+00  0.2400E+02
   1.695  0.0000E+00  0.2400E+02
   1.705  0.0000E+00  0.2400E+02
   1.715  0.0000E+00  0.2400E+02
   1.725  0.0000E+00  0.2400E+02
   1.735  0.0000E+00  0.2400E+02
   1.745  0.0000E+00  0.2400E+02
   1.755  0.0000E+00  0.2400E+02
   1.765  0.0000E+00  0.2400E+02
   1.775  0.0000E+00  0.2400E+02
   1.785  0.0000E+00  0.2400E+02
   1.795  0.0000E+00  0.2400E+02
   1.805  0.0000E+00  0.2400E+02
   1.815  0.0000E+00  0.2400E+02
   1.825  0.0000E+00  0.2400E+02
   1.835  0.0000E+00  0.2400E+02
   1.845  0.0000E+00  0.2400E+02
   1.855  0.0000E+00  0.2400E+02
   1.865  0.0000E+00  0.2400E+02
   1.875  0.0000E+00  0.2400E+02
   1.885  0.0000E+00  0.2400E+02
   1.895  0.0000E+00  0.2400E+02
   1.905  0.0000E+00  0.2400E+02
   1.915  0.0000E+00  0.2400E+02
   1.925  0.0000E+00  0.2400E+02
   1.935  0.0000E+00  0.2400E+02
   1.945  0.0000E+00  0.2400E+02
   1.955  0.0000E+00  0.2400E+02
   1.965  0.0000E+00  0.2400E+02
   1.975  0.0000E+00  0.2400E+02
   1.985  0.0000E+00  0.2400E+02
   1.995  0.0000E+00  0.2400E+02
   2.005  0.0000E+00  0.2400E+02
   2.015  0.0000E+00  0.2400E+02
   2.025  0.0000E+00  0.2400E+02
   2.035  0.0000E+00  0.2400E+02
   2.045  0.0000E+00  0.2400E+02
   2.055  0.0000E+00  0.2400E+02
   2.065  0.0000E+00  0.2400E+02
   2.075  0.0000E+00  0.2400E+02
   2.085  0.0000E+00  0.2400E+02
   2.095  0.0000E+00  0.2400E+02
   2.105  0.0000E+00  0.2400E+02
   2.115  0.0000E+00  0.2400E+02
   2.125  0.0000E+00  0.2400E+02
   2.135  0.0000E+00  0.2400E+02
   2.145  0.0000E+00  0.2400E+02
   2.155  0.0000E+00  0.2400E+02
   2.165  0.0000E+00  0.2400E+02
   2.175  0.0000E+00  0.2400E+02
   2.185  0.0000E+00  0.2400E+02
   2.195  0.0000E+00  0.2400E+02
   2.205  0.0000E+00  0.2400E+02
   2.215  0.0000E+00  0.2400E+02
   2.225  0.0000E+00  0.2400E+02
   2.235  0.0000E+00  0.2400E+02
   2.245  0.0000E+00  0.2400E+02
   2.255  0.0000E+00  0.2400E+02
   2.265  0.0000E+00  0.2400E+02
   2.275  0.0000E+00  0.2400E+02
   2.285  0.0000E+00  0.2400E+02
   2.295  0.0000E+00  0.2400E+02
   2.305  0.0000E+00  0.2400E+02
   2.315  0.0000E+00  0.2400E+02
   2.325  0.0000E+00  0.2400E+02
   2.335  0.0000E+00  0.2400E+02
   2.345  0.0000E+00  0.2400E+02
   2.355  0.0000E+00  0.2400E+02
   2.365  0.0000E+00  0.2400E+02
   2.375  0.0000E+00  0.2400E+02
   2.385  0.0000E+00  0.2400E+02
   2.395  0.0000E+00  0.2400E+02
   2.405  0.0000E+00  0.2400E+02
   2.415  0.0000E+00  0.2400E+02
   2.425  0.0000E+00  0.2400E+02
   2.435  0.0000E+00  0.2400E+02
   2.445  0.0000E+00  0.2400E+02
   2.455  0.0000E+00  0.2400E+02
   2.465  0.0000E+00  0.2400E+02
   2.475  0.0000E+00  0.2400E+02
   2.485  0.0000E+00  0.2400E+02
   2.495  0.0000E+00  0.2400E+02
   2.505  0.0000E+00  0.2400E+02
   2.515  0.0000E+00  0.2400E+02
   2.525  0.0000E+00  0.2400E+02
   2.535  0.0000E+00  0.2400E+02
   2.545  0.0000E+00  0.2400E+02
   2.555  0.0000E+00  0.2400E+02
   2.565  0.0000E+00  0.2400E+02
   2.575  0.0000E+00  0.2400E+02
   2.585  0.0000E+00  0.2400E+02
   2.595  0.0000E+00  0.2400E+02
   2.605  0.0000E+00  0.2400E+02
   2.615  0.0000E+00  0.2400E+02
   2.625  0.0000E+00  0.2400E+02
   2.635  0.0000E+00  0.2400E+02
   2.645  0.0000E+00  0.2400E+02
   2.655  0.0000E+00  0.2400E+02
   2.665  0.0000E+00  0.2400E+02
   2.675  0.0000E+00  0.2400E+02
   2.685  0.0000E+00  0.2400E+02
   2.695  0.0000E+00  0.2400E+02
   2.705  0.0000E+00  0.2400E+02
   2.715  0.0000E+00  0.2400E+02
   2.725  0.0000E+00  0.2400E+02
   2.735  0.0000E+00  0.2400E+02
   2.745  0.0000E+00  0.2400E+02
   2.755  0.0000E+00  0.2400E+02
   2.765  0.0000E+00  0.2400E+02
   2.775  0.0000E+00  0.2400E+02
   2.785  0.0000E+00  0.2400E+02
   2.795  0.0000E+00  0.2400E+02
   2.805  0.0000E+00  0.2400E+02
   2.815  0.0000E+00  0.2400E+02
   2.825  0.0000E+00  0.2400E+02
   2.835  0.0000E+00  0.2400E+02
   2.845  0.0000E+00  0.2400E+02
   2.855  0.0000E+00  0.2400E+02
   2.865  0.0000E+00  0.2400E+02
   2.875  0.0000E+00  0.2400E+02
   2.885  0.0000E+00  0.2400E+02
   2.895  0.0000E+00  0.2400E+02
   2.905  0.0000E+00  0.2400E+02
   2.915  0.0000E+00  0.2400E+02
   2.925  0.0000E+00  0.2400E+02
   2.935  0.0000E+00  0.2400E+02
   2.945  0.0000E+00  0.2400E+02
   2.955  0.0000E+00  0.2400E+02
   2.965  0.0000E+00  0.2400E+02
   2.975  0.0000E+00  0.2400E+02
   2.985  0.0000E+00  0.2400E+02
   2.995  0.0000E+00  0.2400E+02
   3.005  0.0000E+00  0.2400E+02
   3.015  0.0000E+00  0.2400E+02
   3.025  0.0000E+00  0.2400E+02
   3.035  0.0000E+00  0.2400E+02
   3.045  0.0000E+00  0.2400E+02
   3.055  0.0000E+00  0.2400E+02
   3.065  0.0000E+00  0.2400E+02
   3.075  0.0000E+00  0.2400E+02
   3.085  0.0000E+00  0.2400E+02
   3.095  0.0000E+00  0.2400E+02
   3.105  0.0000E+00  0.2400E+02
   3.115  0.0000E+00  0.2400E+02
   3.125  0.0000E+00  0.2400E+02
   3.135  0.0000E+00  0.2400E+02
   3.145  0.0000E+00  0.2400E+02
   3.155  0.0000E+00  0.2400E+02
   3.165  0.0000E+00  0.2400E+02
   3.175  0.0000E+00  0.2400E+02
   3.185  0.0000E+00  0.2400E+02
   3.195  0.0000E+00  0.2400E+02
   3.205  0.0000E+00  0.2400E+02
   3.215  0.0000E+00  0.2400E+02
   3.225  0.0000E+00  0.2400E+02
   3.235  0.0000E+00  0.2400E+02
   3.245  0.0000E+00  0.2400E+02
   3.255  0.0000E+00  0.2400E+02
   3.265  0.0000E+00  0.2400E+02
   3.275  0.0000E+00  0.2400E+02
   3.285  0.0000E+00  0.2400E+02
   3.295  0.0000E+00  0.2400E+02
   3.305  0.0000E+00  0.2400E+02
   3.315  0.0000E+00  0.2400E+02
   3.325  0.0000E+00  0.2400E+02
   3.335  0.0000E+00  0.2400E+02
   3.345  0.0000E+00  0.2400E+02
   3.355  0.0000E+00  0.2400E+02
   3.365  0.0000E+00  0.2400E+02
   3.375  0.0000E+00  0.2400E+02
   3.385  0.0000E+00  0.2400E+02
   3.395  0.0000E+00  0.2400E+02
   3.405  0.0000E+00  0.2400E+02
   3.415  0.0000E+00  0.2400E+02
   3.425  0.1140E+01  0.2400E+02
   3.435  0.2328E+01  0.2402E+02
   3.445  0.2283E+01  0.2405E+02
   3.455  0.2233E+01  0.2407E+02
   3.465  0.2192E+01  0.2409E+02
   3.475  0.2208E+01  0.2411E+02
   3.485  0.2188E+01  0.2413E+02
   3.495  0.2182E+01  0.2416E+02
   3.505  0.2201E+01  0.2418E+02
   3.515  0.2199E+01  0.2420E+02
   3.525  0.2223E+01  0.2422E+02
   3.535  0.2232E+01  0.2425E+02
   3.545  0.2256E+01  0.2427E+02
   3.555  0.2298E+01  0.2429E+02
   3.565  0.2304E+01  0.2431E+02
   3.575  0.2347E+01  0.2434E+02
   3.585  0.2367E+01  0.2436E+02
   3.595  0.2411E+01  0.2438E+02
   3.605  0.2465E+01  0.2441E+02
   3.615  0.2492E+01  0.2443E+02
   3.625  0.2553E+01  0.2446E+02
   3.635  0.2602E+01  0.2448E+02
   3.645  0.2660E+01  0.2451E+02
   3.655  0.2742E+01  0.2454E+02
   3.665  0.2809E+01  0.2457E+02
   3.675  0.2901E+01  0.2459E+02
   3.685  0.3003E+01  0.2462E+02
   3.695  0.3108E+01  0.2465E+02
   3.705  0.3251E+01  0.2469E+02
   3.715  0.3412E+01  0.2472E+02
   3.725  0.3566E+01  0.2475E+02
   3.735  0.3806E+01  0.2479E+02
   3.745  0.4101E+01  0.2483E+02
   3.755  0.4485E+01  0.2487E+02
   3.765  0.5050E+01  0.2492E+02
   3.775  0.5983E+01  0.2498E+02
   3.785  0.8462E+01  0.2505E+02
   3.795  0.8054E+01  0.2513E+02
   3.805  0.8221E+01  0.2521E+02
   3.815  0.9733E+01  0.2530E+02
   3.825  0.1746E+02  0.2544E+02
   3.835  0.1786E+01  0.2550E+02
   3.845  0.1693E+01  0.2552E+02
   3.855  0.1623E+01  0.2554E+02
   3.865  0.1558E+01  0.2555E+02
   3.875  0.1496E+01  0.2557E+02
   3.885  0.1436E+01  0.2558E+02
   3.895  0.1392E+01  0.2560E+02
   3.905  0.1348E+01  0.2561E+02
   3.915  0.1302E+01  0.2562E+02
   3.925  0.1269E+01  0.2563E+02
   3.935  0.1232E+01  0.2565E+02
   3.945  0.1197E+01  0.2566E+02
   3.955  0.1169E+01  0.2567E+02
   3.965  0.1135E+01  0.2568E+02
   3.975  0.1112E+01  0.2569E+02
   3.985  0.1083E+01  0.2571E+02
   3.995  0.1061E+01  0.2572E+02
   4.005  0.1034E+01  0.2573E+02
   4.015  0.1015E+01  0.2574E+02
   4.025  0.9917E+00  0.2575E+02
   4.035  0.9726E+00  0.2576E+02
   4.045  0.9502E+00  0.2577E+02
   4.055  0.9349E+00  0.2578E+02
   4.065  0.9133E+00  0.2578E+02
   4.075  0.8974E+00  0.2579E+02
   4.085  0.8790E+00  0.2580E+02
   4.095  0.8644E+00  0.2581E+02
   4.105  0.8454E+00  0.2582E+02
   4.115  0.8331E+00  0.2583E+02
   4.125  0.8159E+00  0.2584E+02
   4.135  0.8026E+00  0.2584E+02
   4.145  0.7873E+00  0.2585E+02
   4.155  0.7759E+00  0.2586E+02
   4.165  0.7599E+00  0.2587E+02
   4.175  0.7504E+00  0.2588E+02
   4.185  0.7364E+00  0.2588E+02
   4.195  0.7235E+00  0.2589E+02
   4.205  0.7147E+00  0.2590E+02
   4.215  0.7004E+00  0.2590E+02
   4.225  0.6885E+00  0.2591E+02
   4.235  0.6796E+00  0.2592E+02
   4.245  0.6659E+00  0.2593E+02
   4.255  0.6605E+00  0.2593E+02
   4.265  0.6454E+00  0.2594E+02
   4.275  0.6411E+00  0.2594E+02
   4.285  0.6254E+00  0.2595E+02
   4.295  0.6235E+00  0.2596E+02
   4.305  0.6049E+00  0.2596E+02
   4.315  0.6033E+00  0.2597E+02
   4.325  0.5888E+00  0.2598E+02
   4.335  0.5747E+00  0.2598E+02
   4.345  0.5697E+00  0.2599E+02
   4.355  0.5643E+00  0.2599E+02
   4.365  0.5899E+00  0.2600E+02
   4.375  0.0000E+00  0.2600E+02
   4.385  0.0000E+00  0.2600E+02
   4.395  0.0000E+00  0.2600E+02
   4.405  0.0000E+00  0.2600E+02
   4.415  0.0000E+00  0.2600E+02
   4.425  0.0000E+00  0.2600E+02
   4.435  0.0000E+00  0.2600E+02
   4.445  0.0000E+00  0.2600E+02
   4.455  0.0000E+00  0.2600E+02
   4.465  0.0000E+00  0.2600E+02
   4.475  0.0000E+00  0.2600E+02
   4.485  0.0000E+00  0.2600E+02
   4.495  0.0000E+00  0.2600E+02
   4.505  0.0000E+00  0.2600E+02
   4.515  0.0000E+00  0.2600E+02
   4.525  0.0000E+00  0.2600E+02
   4.535  0.0000E+00  0.2600E+02
   4.545  0.0000E+00  0.2600E+02
   4.555  0.0000E+00  0.2600E+02
   4.565  0.0000E+00  0.2600E+02
   4.575  0.0000E+00  0.2600E+02
   4.585  0.0000E+00  0.2600E+02
   4.595  0.0000E+00  0.2600E+02
   4.605  0.0000E+00  0.2600E+02
   4.615  0.0000E+00  0.2600E+02
   4.625  0.0000E+00  0.2600E+02
   4.635  0.0000E+00  0.2600E+02
   4.645  0.0000E+00  0.2600E+02
   4.655  0.0000E+00  0.2600E+02
   4.665  0.0000E+00  0.2600E+02
   4.675  0.0000E+00  0.2600E+02
   4.685  0.0000E+00  0.2600E+02
   4.695  0.0000E+00  0.2600E+02
   4.705  0.0000E+00  0.2600E+02
   4.715  0.0000E+00  0.2600E+02
   4.725  0.0000E+00  0.2600E+02
   4.735  0.0000E+00  0.2600E+02
   4.745  0.0000E+00  0.2600E+02
   4.755  0.0000E+00  0.2600E+02
   4.765  0.0000E+00  0.2600E+02
   4.775  0.0000E+00  0.2600E+02
   4.785  0.0000E+00  0.2600E+02
   4.795  0.0000E+00  0.2600E+02
   4.805  0.0000E+00  0.2600E+02
   4.815  0.0000E+00  0.2600E+02
   4.825  0.0000E+00  0.2600E+02
   4.835  0.0000E+00  0.2600E+02
   4.845  0.0000E+00  0.2600E+02
   4.855  0.0000E+00  0.2600E+02
   4.865  0.0000E+00  0.2600E+02
   4.875  0.0000E+00  0.2600E+02
   4.885  0.0000E+00  0.2600E+02
   4.895  0.0000E+00  0.2600E+02
   4.905  0.0000E+00  0.2600E+02
   4.915  0.0000E+00  0.2600E+02
   4.925  0.0000E+00  0.2600E+02
   4.935  0.0000E+00  0.2600E+02
   4.945  0.0000E+00  0.2600E+02
   4.955  0.0000E+00  0.2600E+02
   4.965  0.0000E+00  0.2600E+02
   4.975  0.0000E+00  0.2600E+02
   4.985  0.0000E+00  0.2600E+02
   4.995  0.0000E+00  0.2600E+02
   5.005  0.0000E+00  0.2600E+02
   5.015  0.0000E+00  0.2600E+02
   5.025  0.0000E+00  0.2600E+02
   5.035  0.0000E+00  0.2600E+02
   5.045  0.0000E+00  0.2600E+02
   5.055  0.0000E+00  0.2600E+02
   5.065  0.0000E+00  0.2600E+02
   5.075  0.0000E+00  0.2600E+02
   5.085  0.0000E+00  0.2600E+02
   5.095  0.0000E+00  0.2600E+02
   5.105  0.0000E+00  0.2600E+02
   5.115  0.0000E+00  0.2600E+02
   5.125  0.0000E+00  0.2600E+02
   5.135  0.0000E+00  0.2600E+02
   5.145  0.0000E+00  0.2600E+02
   5.155  0.0000E+00  0.2600E+02
   5.165  0.0000E+00  0.2600E+02
   5.175  0.0000E+00  0.2600E+02
   5.185  0.0000E+00  0.2600E+02
   5.195  0.0000E+00  0.2600E+02
   5.205  0.0000E+00  0.2600E+02
   5.215  0.0000E+00  0.2600E+02
   5.225  0.0000E+00  0.2600E+02
   5.235  0.0000E+00  0.2600E+02
   5.245  0.0000E+00  0.2600E+02
   5.255  0.0000E+00  0.2600E+02
   5.265  0.0000E+00  0.2600E+02
   5.275  0.0000E+00  0.2600E+02
   5.285  0.0000E+00  0.2600E+02
   5.295  0.0000E+00  0.2600E+02
   5.305  0.0000E+00  0.2600E+02
   5.315  0.0000E+00  0.2600E+02
   5.325  0.0000E+00  0.2600E+02
   5.335  0.0000E+00  0.2600E+02
   5.345  0.0000E+00  0.2600E+02
   5.355  0.0000E+00  0.2600E+02
   5.365  0.0000E+00  0.2600E+02
   5.375  0.0000E+00  0.2600E+02
   5.385  0.0000E+00  0.2600E+02
   5.395  0.0000E+00  0.2600E+02
   5.405  0.0000E+00  0.2600E+02
   5.415  0.0000E+00  0.2600E+02
   5.425  0.0000E+00  0.2600E+02
   5.435  0.0000E+00  0.2600E+02
   5.445  0.0000E+00  0.2600E+02
   5.455  0.0000E+00  0.2600E+02
   5.465  0.0000E+00  0.2600E+02
   5.475  0.0000E+00  0.2600E+02
   5.485  0.0000E+00  0.2600E+02
   5.495  0.0000E+00  0.2600E+02
   5.505  0.0000E+00  0.2600E+02
   5.515  0.0000E+00  0.2600E+02
   5.525  0.0000E+00  0.2600E+02
   5.535  0.0000E+00  0.2600E+02
   5.545  0.0000E+00  0.2600E+02
   5.555  0.0000E+00  0.2600E+02
   5.565  0.2455E+01  0.2601E+02
   5.575  0.2625E+01  0.2603E+02
   5.585  0.2785E+01  0.2606E+02
   5.595  0.2940E+01  0.2609E+02
   5.605  0.3131E+01  0.2612E+02
   5.615  0.3486E+01  0.2615E+02
   5.625  0.3881E+01  0.2619E+02
   5.635  0.5573E+01  0.2623E+02
   5.645  0.4187E+01  0.2629E+02
   5.655  0.3505E+01  0.2632E+02
   5.665  0.3137E+01  0.2636E+02
   5.675  0.2900E+01  0.2639E+02
   5.685  0.2722E+01  0.2641E+02
   5.695  0.2582E+01  0.2644E+02
   5.705  0.2468E+01  0.2647E+02
   5.715  0.2371E+01  0.2649E+02
   5.725  0.2291E+01  0.2651E+02
   5.735  0.2219E+01  0.2654E+02
   5.745  0.2157E+01  0.2656E+02
   5.755  0.2100E+01  0.2658E+02
   5.765  0.2049E+01  0.2660E+02
   5.775  0.2002E+01  0.2662E+02
   5.785  0.1955E+01  0.2664E+02
   5.795  0.1908E+01  0.2666E+02
   5.805  0.1864E+01  0.2668E+02
   5.815  0.1811E+01  0.2670E+02
   5.825  0.1750E+01  0.2671E+02
   5.835  0.1669E+01  0.2673E+02
   5.845  0.2042E+01  0.2675E+02
   5.855  0.2029E+01  0.2677E+02
   5.865  0.2007E+01  0.2679E+02
   5.875  0.1998E+01  0.2681E+02
   5.885  0.1988E+01  0.2683E+02
   5.895  0.1977E+01  0.2685E+02
   5.905  0.1966E+01  0.2687E+02
   5.915  0.1961E+01  0.2689E+02
   5.925  0.2150E+01  0.2691E+02
   5.935  0.2181E+01  0.2693E+02
   5.945  0.2191E+01  0.2695E+02
   5.955  0.2202E+01  0.2698E+02
   5.965  0.2209E+01  0.2700E+02
   5.975  0.2226E+01  0.2702E+02
   5.985  0.2239E+01  0.2704E+02
   5.995  0.2260E+01  0.2707E+02
   6.005  0.2277E+01  0.2709E+02
   6.015  0.2301E+01  0.2711E+02
   6.025  0.2325E+01  0.2713E+02
   6.035  0.2360E+01  0.2716E+02
   6.045  0.2400E+01  0.2718E+02
   6.055  0.2443E+01  0.2721E+02
   6.065  0.2504E+01  0.2723E+02
   6.075  0.2566E+01  0.2726E+02
   6.085  0.2666E+01  0.2728E+02
   6.095  0.2798E+01  0.2731E+02
   6.105  0.2966E+01  0.2734E+02
   6.115  0.3195E+01  0.2737E+02
   6.125  0.3618E+01  0.2740E+02
   6.135  0.4005E+01  0.2744E+02
   6.145  0.4134E+01  0.2748E+02
   6.155  0.4112E+01  0.2752E+02
   6.165  0.4135E+01  0.2756E+02
   6.175  0.4090E+01  0.2761E+02
   6.185  0.3820E+01  0.2765E+02
   6.195  0.4029E+01  0.2768E+02
   6.205  0.3874E+01  0.2772E+02
   6.215  0.3816E+01  0.2776E+02
   6.225  0.3781E+01  0.2780E+02
   6.235  0.3744E+01  0.2784E+02
   6.245  0.3710E+01  0.2788E+02
   6.255  0.3691E+01  0.2791E+02
   6.265  0.3676E+01  0.2795E+02
   6.275  0.3671E+01  0.2799E+02
   6.285  0.3678E+01  0.2802E+02
   6.295  0.3692E+01  0.2806E+02
   6.305  0.3700E+01  0.2810E+02
   6.315  0.3729E+01  0.2813E+02
   6.325  0.3754E+01  0.2817E+02
   6.335  0.3790E+01  0.2821E+02
   6.345  0.3838E+01  0.2825E+02
   6.355  0.3893E+01  0.2829E+02
   6.365  0.3945E+01  0.2832E+02
   6.375  0.4040E+01  0.2836E+02
   6.385  0.4133E+01  0.2841E+02
   6.395  0.4258E+01  0.2845E+02
   6.405  0.4407E+01  0.2849E+02
   6.415  0.4631E+01  0.2854E+02
   6.425  0.4943E+01  0.2858E+02
   6.435  0.5537E+01  0.2864E+02
   6.445  0.8085E+01  0.2870E+02
   6.455  0.5258E+01  0.2876E+02
   6.465  0.4782E+01  0.2881E+02
   6.475  0.4539E+01  0.2886E+02
   6.485  0.4444E+01  0.2890E+02
   6.495  0.4412E+01  0.2895E+02
   6.505  0.4334E+01  0.2899E+02
   6.515  0.4381E+01  0.2904E+02
   6.525  0.4503E+01  0.2908E+02
   6.535  0.4614E+01  0.2913E+02
   6.545  0.2164E+01  0.2916E+02
   6.555  0.2209E+01  0.2918E+02
   6.565  0.3671E+01  0.2921E+02
   6.575  0.3898E+01  0.2925E+02
   6.585  0.3983E+01  0.2929E+02
   6.595  0.4115E+01  0.2933E+02
   6.605  0.4274E+01  0.2937E+02
   6.615  0.4464E+01  0.2941E+02
   6.625  0.4728E+01  0.2946E+02
   6.635  0.5113E+01  0.2951E+02
   6.645  0.5639E+01  0.2956E+02
   6.655  0.6613E+01  0.2962E+02
   6.665  0.9202E+01  0.2970E+02
   6.675  0.7337E+01  0.2979E+02
   6.685  0.5997E+01  0.2986E+02
   6.695  0.5324E+01  0.2991E+02
   6.705  0.4851E+01  0.2996E+02
   6.715  0.4496E+01  0.3001E+02
   6.725  0.4231E+01  0.3005E+02
   6.735  0.4001E+01  0.3009E+02
   6.745  0.2433E+01  0.3013E+02
   6.755  0.5511E+01  0.3016E+02
   6.765  0.4891E+01  0.3022E+02
   6.775  0.4178E+01  0.3027E+02
   6.785  0.3927E+01  0.3031E+02
   6.795  0.3850E+01  0.3035E+02
   6.805  0.3873E+01  0.3038E+02
   6.815  0.4111E+01  0.3042E+02
   6.825  0.4603E+01  0.3047E+02
   6.835  0.6350E+01  0.3052E+02
   6.845  0.5815E+01  0.3060E+02
   6.855  0.4802E+01  0.3065E+02
   6.865  0.4398E+01  0.3069E+02
   6.875  0.4227E+01  0.3074E+02
   6.885  0.1888E+01  0.3076E+02
   6.895  0.1905E+01  0.3078E+02
   6.905  0.1939E+01  0.3080E+02
   6.915  0.1971E+01  0.3082E+02
   6.925  0.2015E+01  0.3084E+02
   6.935  0.2053E+01  0.3086E+02
   6.945  0.2118E+01  0.3088E+02
   6.955  0.2172E+01  0.3090E+02
   6.965  0.2257E+01  0.3092E+02
   6.975  0.2366E+01  0.3095E+02
   6.985  0.2525E+01  0.3097E+02
   6.995  0.2852E+01  0.3100E+02
   7.005  0.4120E+01  0.3103E+02
   7.015  0.3663E+01  0.3107E+02
   7.025  0.3426E+01  0.3110E+02
   7.035  0.3348E+01  0.3114E+02
   7.045  0.3269E+01  0.3117E+02
   7.055  0.3254E+01  0.3120E+02
   7.065  0.3236E+01  0.3123E+02
   7.075  0.3242E+01  0.3127E+02
   7.085  0.3236E+01  0.3130E+02
   7.095  0.3254E+01  0.3133E+02
   7.105  0.3268E+01  0.3136E+02
   7.115  0.3289E+01  0.3140E+02
   7.125  0.3318E+01  0.3143E+02
   7.135  0.3344E+01  0.3146E+02
   7.145  0.3372E+01  0.3150E+02
   7.155  0.3429E+01  0.3153E+02
   7.165  0.3450E+01  0.3157E+02
   7.175  0.3497E+01  0.3160E+02
   7.185  0.3560E+01  0.3164E+02
   7.195  0.3604E+01  0.3167E+02
   7.205  0.3671E+01  0.3171E+02
   7.215  0.3753E+01  0.3174E+02
   7.225  0.3805E+01  0.3178E+02
   7.235  0.3909E+01  0.3182E+02
   7.245  0.4008E+01  0.3186E+02
   7.255  0.4739E+01  0.3191E+02
   7.265  0.4892E+01  0.3195E+02
   7.275  0.5171E+01  0.3200E+02
   7.285  0.5525E+01  0.3206E+02
   7.295  0.6091E+01  0.3212E+02
   7.305  0.7917E+01  0.3218E+02
   7.315  0.6992E+01  0.3225E+02
   7.325  0.1335E+02  0.3234E+02
   7.335  0.8032E+01  0.3244E+02
   7.345  0.6874E+01  0.3251E+02
   7.355  0.6225E+01  0.3258E+02
   7.365  0.5755E+01  0.3264E+02
   7.375  0.3882E+01  0.3269E+02
   7.385  0.3725E+01  0.3273E+02
   7.395  0.3580E+01  0.3276E+02
   7.405  0.3462E+01  0.3280E+02
   7.415  0.3371E+01  0.3283E+02
   7.425  0.3285E+01  0.3287E+02
   7.435  0.3214E+01  0.3290E+02
   7.445  0.3165E+01  0.3293E+02
   7.455  0.3104E+01  0.3296E+02
   7.465  0.3080E+01  0.3299E+02
   7.475  0.2455E+01  0.3302E+02
   7.485  0.1557E+01  0.3304E+02
   7.495  0.1560E+01  0.3305E+02
   7.505  0.1563E+01  0.3307E+02
   7.515  0.1569E+01  0.3309E+02
   7.525  0.1570E+01  0.3310E+02
   7.535  0.1573E+01  0.3312E+02
   7.545  0.1576E+01  0.3313E+02
   7.555  0.1592E+01  0.3315E+02
   7.565  0.1592E+01  0.3316E+02
   7.575  0.2776E+01  0.3318E+02
   7.585  0.3097E+01  0.3321E+02
   7.595  0.3325E+01  0.3324E+02
   7.605  0.3622E+01  0.3328E+02
   7.615  0.4280E+01  0.3332E+02
   7.625  0.5600E+01  0.3337E+02
   7.635  0.4351E+01  0.3342E+02
   7.645  0.3077E+01  0.3346E+02
   7.655  0.3040E+01  0.3349E+02
   7.665  0.3030E+01  0.3352E+02
   7.675  0.3067E+01  0.3355E+02
   7.685  0.3108E+01  0.3358E+02
   7.695  0.3144E+01  0.3361E+02
   7.705  0.3262E+01  0.3364E+02
   7.715  0.3313E+01  0.3368E+02
   7.725  0.3456E+01  0.3371E+02
   7.735  0.3563E+01  0.3374E+02
   7.745  0.3766E+01  0.3378E+02
   7.755  0.3973E+01  0.3382E+02
   7.765  0.4234E+01  0.3386E+02
   7.775  0.4684E+01  0.3391E+02
   7.785  0.5391E+01  0.3395E+02
   7.795  0.6599E+01  0.3401E+02
   7.805  0.8118E+01  0.3410E+02
   7.815  0.6152E+01  0.3417E+02
   7.825  0.2448E+01  0.3421E+02
   7.835  0.2253E+01  0.3423E+02
   7.845  0.2084E+01  0.3425E+02
   7.855  0.1978E+01  0.3427E+02
   7.865  0.1879E+01  0.3429E+02
   7.875  0.1801E+01  0.3431E+02
   7.885  0.1724E+01  0.3433E+02
   7.895  0.1670E+01  0.3434E+02
   7.905  0.1605E+01  0.3436E+02
   7.915  0.1565E+01  0.3438E+02
   7.925  0.1523E+01  0.3439E+02
   7.935  0.1479E+01  0.3441E+02
   7.945  0.1735E+01  0.3442E+02
   7.955  0.1625E+01  0.3444E+02
   7.965  0.1593E+01  0.3445E+02
   7.975  0.1563E+01  0.3447E+02
   7.985  0.1535E+01  0.3449E+02
   7.995  0.1516E+01  0.3450E+02
   8.005  0.1491E+01  0.3452E+02
   8.015  0.1467E+01  0.3453E+02
   8.025  0.1443E+01  0.3454E+02
   8.035  0.1426E+01  0.3456E+02
   8.045  0.1405E+01  0.3457E+02
   8.055  0.1389E+01  0.3459E+02
   8.065  0.1376E+01  0.3460E+02
   8.075  0.1357E+01  0.3461E+02
   8.085  0.1339E+01  0.3463E+02
   8.095  0.1324E+01  0.3464E+02
   8.105  0.1309E+01  0.3465E+02
   8.115  0.1296E+01  0.3467E+02
   8.125  0.1286E+01  0.3468E+02
   8.135  0.1270E+01  0.3469E+02
   8.145  0.1265E+01  0.3471E+02
   8.155  0.1247E+01  0.3472E+02
   8.165  0.1236E+01  0.3473E+02
   8.175  0.1223E+01  0.3474E+02
   8.185  0.1222E+01  0.3476E+02
   8.195  0.1199E+01  0.3477E+02
   8.205  0.1205E+01  0.3478E+02
   8.215  0.1177E+01  0.3479E+02
   8.225  0.1307E+01  0.3480E+02
   8.235  0.6838E+00  0.3481E+02
   8.245  0.6829E+00  0.3482E+02
   8.255  0.6835E+00  0.3482E+02
   8.265  0.6842E+00  0.3483E+02
   8.275  0.6840E+00  0.3484E+02
   8.285  0.6851E+00  0.3485E+02
   8.295  0.6868E+00  0.3485E+02
   8.305  0.6887E+00  0.3486E+02
   8.315  0.6872E+00  0.3487E+02
   8.325  0.6858E+00  0.3487E+02
   8.335  0.6861E+00  0.3488E+02
   8.345  0.6871E+00  0.3489E+02
   8.355  0.6871E+00  0.3489E+02
   8.365  0.6880E+00  0.3490E+02
   8.375  0.6895E+00  0.3491E+02
   8.385  0.6911E+00  0.3491E+02
   8.395  0.6924E+00  0.3492E+02
   8.405  0.6906E+00  0.3493E+02
   8.415  0.6902E+00  0.3493E+02
   8.425  0.6908E+00  0.3494E+02
   8.435  0.6919E+00  0.3495E+02
   8.445  0.6924E+00  0.3496E+02
   8.455  0.6936E+00  0.3496E+02
   8.465  0.6950E+00  0.3497E+02
   8.475  0.6967E+00  0.3498E+02
   8.485  0.6987E+00  0.3498E+02
   8.495  0.6968E+00  0.3499E+02
   8.505  0.6966E+00  0.3500E+02
   8.515  0.6973E+00  0.3500E+02
   8.525  0.6985E+00  0.3501E+02
   8.535  0.6999E+00  0.3502E+02
   8.545  0.7008E+00  0.3503E+02
   8.555  0.7023E+00  0.3503E+02
   8.565  0.7041E+00  0.3504E+02
   8.575  0.7060E+00  0.3505E+02
   8.585  0.7060E+00  0.3505E+02
   8.595  0.7053E+00  0.3506E+02
   8.605  0.7060E+00  0.3507E+02
   8.615  0.7071E+00  0.3507E+02
   8.625  0.7086E+00  0.3508E+02
   8.635  0.7103E+00  0.3509E+02
   8.645  0.7118E+00  0.3510E+02
   8.655  0.7136E+00  0.3510E+02
   8.665  0.7156E+00  0.3511E+02
   8.675  0.7177E+00  0.3512E+02
   8.685  0.7167E+00  0.3512E+02
   8.695  0.7171E+00  0.3513E+02
   8.705  0.7182E+00  0.3514E+02
   8.715  0.7197E+00  0.3515E+02
   8.725  0.7215E+00  0.3515E+02
   8.735  0.7234E+00  0.3516E+02
   8.745  0.7255E+00  0.3517E+02
   8.755  0.7276E+00  0.3517E+02
   8.765  0.7299E+00  0.3518E+02
   8.775  0.7323E+00  0.3519E+02
   8.785  0.7309E+00  0.3520E+02
   8.795  0.7319E+00  0.3520E+02
   8.805  0.8366E+00  0.3521E+02
   8.815  0.8448E+00  0.3522E+02
   8.825  0.8622E+00  0.3523E+02
   8.835  0.8565E+00  0.3524E+02
   8.845  0.8662E+00  0.3525E+02
   8.855  0.8645E+00  0.3525E+02
   8.865  0.8711E+00  0.3526E+02
   8.875  0.8725E+00  0.3527E+02
   8.885  0.8728E+00  0.3528E+02
   8.895  0.8771E+00  0.3529E+02
   8.905  0.8783E+00  0.3530E+02
   8.915  0.8819E+00  0.3531E+02
   8.925  0.8869E+00  0.3532E+02
   8.935  0.8905E+00  0.3533E+02
   8.945  0.8936E+00  0.3533E+02
   8.955  0.8980E+00  0.3534E+02
   8.965  0.9031E+00  0.3535E+02
   8.975  0.9067E+00  0.3536E+02
   8.985  0.9068E+00  0.3537E+02
   8.995  0.9102E+00  0.3538E+02
   9.005  0.9146E+00  0.3539E+02
   9.015  0.9182E+00  0.3540E+02
   9.025  0.9224E+00  0.3541E+02
   9.035  0.9271E+00  0.3542E+02
   9.045  0.9321E+00  0.3543E+02
   9.055  0.9372E+00  0.3543E+02
   9.065  0.9411E+00  0.3544E+02
   9.075  0.9457E+00  0.3545E+02
   9.085  0.9477E+00  0.3546E+02
   9.095  0.9513E+00  0.3547E+02
   9.105  0.9560E+00  0.3548E+02
   9.115  0.9606E+00  0.3549E+02
   9.125  0.9655E+00  0.3550E+02
   9.135  0.9709E+00  0.3551E+02
   9.145  0.9768E+00  0.3552E+02
   9.155  0.9821E+00  0.3553E+02
   9.165  0.9874E+00  0.3554E+02
   9.175  0.9929E+00  0.3555E+02
   9.185  0.9964E+00  0.3556E+02
   9.195  0.1000E+01  0.3557E+02
   9.205  0.1006E+01  0.3558E+02
   9.215  0.1012E+01  0.3559E+02
   9.225  0.1018E+01  0.3560E+02
   9.235  0.1024E+01  0.3561E+02
   9.245  0.1030E+01  0.3562E+02
   9.255  0.1037E+01  0.3563E+02
   9.265  0.1043E+01  0.3564E+02
   9.275  0.1049E+01  0.3565E+02
   9.285  0.1055E+01  0.3566E+02
   9.295  0.1061E+01  0.3567E+02
   9.305  0.1067E+01  0.3568E+02
   9.315  0.1075E+01  0.3569E+02
   9.325  0.1082E+01  0.3571E+02
   9.335  0.1089E+01  0.3572E+02
   9.345  0.1096E+01  0.3573E+02
   9.355  0.1104E+01  0.3574E+02
   9.365  0.1113E+01  0.3575E+02
   9.375  0.1121E+01  0.3576E+02
   9.385  0.1129E+01  0.3577E+02
   9.395  0.1137E+01  0.3578E+02
   9.405  0.1145E+01  0.3579E+02
   9.415  0.1153E+01  0.3581E+02
   9.425  0.1163E+01  0.3582E+02
   9.435  0.1172E+01  0.3583E+02
   9.445  0.1183E+01  0.3584E+02
   9.455  0.1194E+01  0.3585E+02
   9.465  0.1203E+01  0.3586E+02
   9.475  0.1215E+01  0.3588E+02
   9.485  0.1227E+01  0.3589E+02
   9.495  0.1238E+01  0.3590E+02
   9.505  0.1248E+01  0.3591E+02
   9.515  0.1261E+01  0.3593E+02
   9.525  0.1276E+01  0.3594E+02
   9.535  0.1291E+01  0.3595E+02
   9.545  0.1305E+01  0.3596E+02
   9.555  0.1320E+01  0.3598E+02
   9.565  0.1334E+01  0.3599E+02
   9.575  0.1349E+01  0.3600E+02
   9.585  0.1374E+01  0.3602E+02
   9.595  0.1395E+01  0.3603E+02
   9.605  0.1415E+01  0.3605E+02
   9.615  0.1435E+01  0.3606E+02
   9.625  0.1455E+01  0.3607E+02
   9.635  0.1499E+01  0.3609E+02
   9.645  0.1535E+01  0.3610E+02
   9.655  0.1572E+01  0.3612E+02
   9.665  0.1684E+01  0.3614E+02
   9.675  0.1675E+01  0.3615E+02
   9.685  0.1638E+01  0.3617E+02
   9.695  0.1625E+01  0.3619E+02
   9.705  0.1608E+01  0.3620E+02
   9.715  0.1619E+01  0.3622E+02
   9.725  0.1626E+01  0.3624E+02
   9.735  0.1635E+01  0.3625E+02
   9.745  0.1655E+01  0.3627E+02
   9.755  0.1671E+01  0.3628E+02
   9.765  0.1687E+01  0.3630E+02
   9.775  0.1712E+01  0.3632E+02
   9.785  0.1746E+01  0.3634E+02
   9.795  0.1774E+01  0.3635E+02
   9.805  0.1809E+01  0.3637E+02
   9.815  0.1844E+01  0.3639E+02
   9.825  0.1905E+01  0.3641E+02
   9.835  0.1946E+01  0.3643E+02
   9.845  0.2009E+01  0.3645E+02
   9.855  0.2065E+01  0.3647E+02
   9.865  0.2134E+01  0.3649E+02
   9.875  0.2203E+01  0.3651E+02
   9.885  0.2265E+01  0.3653E+02
   9.895  0.2321E+01  0.3656E+02
   9.905  0.2369E+01  0.3658E+02
   9.915  0.2410E+01  0.3660E+02
   9.925  0.2449E+01  0.3663E+02
   9.935  0.2483E+01  0.3665E+02
   9.945  0.2513E+01  0.3668E+02
   9.955  0.2544E+01  0.3670E+02
   9.965  0.2583E+01  0.3673E+02
   9.975  0.2626E+01  0.3675E+02
   9.985  0.2681E+01  0.3678E+02
   9.995  0.2759E+01  0.3681E+02
  10.005  0.2886E+01  0.3684E+02
  10.015  0.3738E+01  0.3687E+02
  10.025  0.2807E+01  0.3690E+02
  10.035  0.2663E+01  0.3693E+02
  10.045  0.2539E+01  0.3695E+02
  10.055  0.2456E+01  0.3698E+02
  10.065  0.2395E+01  0.3700E+02
  10.075  0.2348E+01  0.3702E+02
  10.085  0.2294E+01  0.3705E+02
  10.095  0.2264E+01  0.3707E+02
  10.105  0.2232E+01  0.3709E+02
  10.115  0.2197E+01  0.3711E+02
  10.125  0.2176E+01  0.3714E+02
  10.135  0.2155E+01  0.3716E+02
  10.145  0.2128E+01  0.3718E+02
  10.155  0.2115E+01  0.3720E+02
  10.165  0.2103E+01  0.3722E+02
  10.175  0.2093E+01  0.3724E+02
  10.185  0.2076E+01  0.3726E+02
  10.195  0.2063E+01  0.3728E+02
  10.205  0.2056E+01  0.3730E+02
  10.215  0.2048E+01  0.3733E+02
  10.225  0.2041E+01  0.3735E+02
  10.235  0.2031E+01  0.3737E+02
  10.245  0.2029E+01  0.3739E+02
  10.255  0.2027E+01  0.3741E+02
  10.265  0.2032E+01  0.3743E+02
  10.275  0.2033E+01  0.3745E+02
  10.285  0.2029E+01  0.3747E+02
  10.295  0.2032E+01  0.3749E+02
  10.305  0.2034E+01  0.3751E+02
  10.315  0.2038E+01  0.3753E+02
  10.325  0.2048E+01  0.3755E+02
  10.335  0.2056E+01  0.3757E+02
  10.345  0.2078E+01  0.3759E+02
  10.355  0.2093E+01  0.3761E+02
  10.365  0.2107E+01  0.3763E+02
  10.375  0.2127E+01  0.3765E+02
  10.385  0.2148E+01  0.3767E+02
  10.395  0.2180E+01  0.3770E+02
  10.405  0.2243E+01  0.3772E+02
  10.415  0.2274E+01  0.3774E+02
  10.425  0.2364E+01  0.3776E+02
  10.435  0.2446E+01  0.3779E+02
  10.445  0.2513E+01  0.3781E+02
  10.455  0.4058E+01  0.3784E+02
  10.465  0.5058E+01  0.3789E+02
  10.475  0.4752E+01  0.3795E+02
  10.485  0.3868E+01  0.3799E+02
  10.495  0.3413E+01  0.3803E+02
  10.505  0.3148E+01  0.3806E+02
  10.515  0.1327E+01  0.3808E+02
  10.525  0.1320E+01  0.3809E+02
  10.535  0.1313E+01  0.3811E+02
  10.545  0.1306E+01  0.3812E+02
  10.555  0.1297E+01  0.3813E+02
  10.565  0.1284E+01  0.3815E+02
  10.575  0.1274E+01  0.3816E+02
  10.585  0.1264E+01  0.3817E+02
  10.595  0.1249E+01  0.3818E+02
  10.605  0.1235E+01  0.3820E+02
  10.615  0.1229E+01  0.3821E+02
  10.625  0.1216E+01  0.3822E+02
  10.635  0.1188E+01  0.3823E+02
  10.645  0.1190E+01  0.3825E+02
  10.655  0.1188E+01  0.3826E+02
  10.665  0.1182E+01  0.3827E+02
  10.675  0.1164E+01  0.3828E+02
  10.685  0.1155E+01  0.3829E+02
  10.695  0.1160E+01  0.3830E+02
  10.705  0.1165E+01  0.3832E+02
  10.715  0.1168E+01  0.3833E+02
  10.725  0.1168E+01  0.3834E+02
  10.735  0.1153E+01  0.3835E+02
  10.745  0.1147E+01  0.3836E+02
  10.755  0.1154E+01  0.3837E+02
  10.765  0.1162E+01  0.3839E+02
  10.775  0.1168E+01  0.3840E+02
  10.785  0.1175E+01  0.3841E+02
  10.795  0.1180E+01  0.3842E+02
  10.805  0.1185E+01  0.3843E+02
  10.815  0.1172E+01  0.3844E+02
  10.825  0.1181E+01  0.3846E+02
  10.835  0.1189E+01  0.3847E+02
  10.845  0.1200E+01  0.3848E+02
  10.855  0.1208E+01  0.3849E+02
  10.865  0.1220E+01  0.3850E+02
  10.875  0.1230E+01  0.3852E+02
  10.885  0.1242E+01  0.3853E+02
  10.895  0.1254E+01  0.3854E+02
  10.905  0.1263E+01  0.3855E+02
  10.915  0.1270E+01  0.3857E+02
  10.925  0.1282E+01  0.3858E+02
  10.935  0.1302E+01  0.3859E+02
  10.945  0.1316E+01  0.3860E+02
  10.955  0.1337E+01  0.3862E+02
  10.965  0.1351E+01  0.3863E+02
  10.975  0.1372E+01  0.3865E+02
  10.985  0.1389E+01  0.3866E+02
  10.995  0.1410E+01  0.3867E+02
  11.005  0.1425E+01  0.3869E+02
  11.015  0.1437E+01  0.3870E+02
  11.025  0.1451E+01  0.3872E+02
  11.035  0.1464E+01  0.3873E+02
  11.045  0.1475E+01  0.3875E+02
  11.055  0.1485E+01  0.3876E+02
  11.065  0.1492E+01  0.3877E+02
  11.075  0.1498E+01  0.3879E+02
  11.085  0.1502E+01  0.3880E+02
  11.095  0.1505E+01  0.3882E+02
  11.105  0.1508E+01  0.3883E+02
  11.115  0.1510E+01  0.3885E+02
  11.125  0.1511E+01  0.3887E+02
  11.135  0.1515E+01  0.3888E+02
  11.145  0.1524E+01  0.3890E+02
  11.155  0.1575E+01  0.3891E+02
  11.165  0.1758E+01  0.3893E+02
  11.175  0.1808E+01  0.3895E+02
  11.185  0.1933E+01  0.3896E+02
  11.195  0.1849E+01  0.3898E+02
  11.205  0.1702E+01  0.3900E+02
  11.215  0.1621E+01  0.3902E+02
  11.225  0.1577E+01  0.3904E+02
  11.235  0.1528E+01  0.3905E+02
  11.245  0.1477E+01  0.3907E+02
  11.255  0.1457E+01  0.3908E+02
  11.265  0.1415E+01  0.3909E+02
  11.275  0.1396E+01  0.3911E+02
  11.285  0.1373E+01  0.3912E+02
  11.295  0.1345E+01  0.3914E+02
  11.305  0.1329E+01  0.3915E+02
  11.315  0.1305E+01  0.3916E+02
  11.325  0.1288E+01  0.3918E+02
  11.335  0.1273E+01  0.3919E+02
  11.345  0.1253E+01  0.3920E+02
  11.355  0.1238E+01  0.3921E+02
  11.365  0.1225E+01  0.3923E+02
  11.375  0.1210E+01  0.3924E+02
  11.385  0.1196E+01  0.3925E+02
  11.395  0.1183E+01  0.3926E+02
  11.405  0.1172E+01  0.3927E+02
  11.415  0.1159E+01  0.3929E+02
  11.425  0.1149E+01  0.3930E+02
  11.435  0.1138E+01  0.3931E+02
  11.445  0.1127E+01  0.3932E+02
  11.455  0.1117E+01  0.3933E+02
  11.465  0.1107E+01  0.3934E+02
  11.475  0.1099E+01  0.3935E+02
  11.485  0.1091E+01  0.3936E+02
  11.495  0.1083E+01  0.3937E+02
  11.505  0.1071E+01  0.3939E+02
  11.515  0.1065E+01  0.3940E+02
  11.525  0.1057E+01  0.3941E+02
  11.535  0.1051E+01  0.3942E+02
  11.545  0.1044E+01  0.3943E+02
  11.555  0.1037E+01  0.3944E+02
  11.565  0.1034E+01  0.3945E+02
  11.575  0.1028E+01  0.3946E+02
  11.585  0.1022E+01  0.3947E+02
  11.595  0.1015E+01  0.3948E+02
  11.605  0.1009E+01  0.3949E+02
  11.615  0.1545E+01  0.3950E+02
  11.625  0.1977E+01  0.3952E+02
  11.635  0.1590E+01  0.3953E+02
  11.645  0.1722E+01  0.3955E+02
  11.655  0.1545E+01  0.3956E+02
  11.665  0.1518E+01  0.3958E+02
  11.675  0.1565E+01  0.3959E+02
  11.685  0.1528E+01  0.3961E+02
  11.695  0.1561E+01  0.3962E+02
  11.705  0.1542E+01  0.3964E+02
  11.715  0.1541E+01  0.3966E+02
  11.725  0.1563E+01  0.3967E+02
  11.735  0.1562E+01  0.3969E+02
  11.745  0.1547E+01  0.3970E+02
  11.755  0.1555E+01  0.3972E+02
  11.765  0.1577E+01  0.3973E+02
  11.775  0.1612E+01  0.3975E+02
  11.785  0.1637E+01  0.3977E+02
  11.795  0.1692E+01  0.3978E+02
  11.805  0.2946E+01  0.3981E+02
  11.815  0.3017E+01  0.3984E+02
  11.825  0.4917E+01  0.3987E+02
  11.835  0.7366E+01  0.3992E+02
  11.845  0.3020E+01  0.3997E+02
  11.855  0.3550E+01  0.4000E+02
  11.865  0.3776E+01  0.4004E+02
  11.875  0.3948E+01  0.4008E+02
  11.885  0.4132E+01  0.4012E+02
  11.895  0.4308E+01  0.4016E+02
  11.905  0.4462E+01  0.4021E+02
  11.915  0.4686E+01  0.4025E+02
  11.925  0.5100E+01  0.4030E+02
  11.935  0.5525E+01  0.4035E+02
  11.945  0.6052E+01  0.4041E+02
  11.955  0.6504E+01  0.4047E+02
  11.965  0.7069E+01  0.4055E+02
  11.975  0.3695E+01  0.4061E+02
  11.985  0.3714E+01  0.4066E+02
  11.995  0.3220E+01  0.4069E+02
  12.005  0.3036E+01  0.4072E+02
  12.015  0.2927E+01  0.4075E+02
  12.025  0.2877E+01  0.4078E+02
  12.035  0.2810E+01  0.4081E+02
  12.045  0.2796E+01  0.4084E+02
  12.055  0.2867E+01  0.4086E+02
  12.065  0.3002E+01  0.4089E+02
  12.075  0.3428E+01  0.4093E+02
  12.085  0.2927E+01  0.4096E+02
  12.095  0.2750E+01  0.4099E+02
  12.105  0.2563E+01  0.4101E+02
  12.115  0.2421E+01  0.4104E+02
  12.125  0.2383E+01  0.4106E+02
  12.135  0.2307E+01  0.4109E+02
  12.145  0.2227E+01  0.4111E+02
  12.155  0.2367E+01  0.4113E+02
  12.165  0.2110E+01  0.4115E+02
  12.175  0.2078E+01  0.4117E+02
  12.185  0.2079E+01  0.4119E+02
  12.195  0.1990E+01  0.4121E+02
  12.205  0.1954E+01  0.4123E+02
  12.215  0.1920E+01  0.4125E+02
  12.225  0.1898E+01  0.4127E+02
  12.235  0.1846E+01  0.4129E+02
  12.245  0.1817E+01  0.4131E+02
  12.255  0.1785E+01  0.4133E+02
  12.265  0.1752E+01  0.4135E+02
  12.275  0.1715E+01  0.4136E+02
  12.285  0.1691E+01  0.4138E+02
  12.295  0.1684E+01  0.4140E+02
  12.305  0.1674E+01  0.4141E+02
  12.315  0.1645E+01  0.4143E+02
  12.325  0.1645E+01  0.4145E+02
  12.335  0.1644E+01  0.4146E+02
  12.345  0.1642E+01  0.4148E+02
  12.355  0.1659E+01  0.4150E+02
  12.365  0.1686E+01  0.4151E+02
  12.375  0.1704E+01  0.4153E+02
  12.385  0.1774E+01  0.4155E+02
  12.395  0.1879E+01  0.4157E+02
  12.405  0.2016E+01  0.4158E+02
  12.415  0.2333E+01  0.4161E+02
  12.425  0.4646E+01  0.4165E+02
  12.435  0.4050E+01  0.4169E+02
  12.445  0.3853E+01  0.4173E+02
  12.455  0.3962E+01  0.4177E+02
  12.465  0.5411E+01  0.4183E+02
  12.475  0.4034E+01  0.4187E+02
  12.485  0.3496E+01  0.4191E+02
  12.495  0.3255E+01  0.4195E+02
  12.505  0.3060E+01  0.4198E+02
  12.515  0.2913E+01  0.4201E+02
  12.525  0.2513E+01  0.4204E+02
  12.535  0.2319E+01  0.4206E+02
  12.545  0.2209E+01  0.4208E+02
  12.555  0.2195E+01  0.4210E+02
  12.565  0.5929E+01  0.4215E+02
  12.575  0.6592E+01  0.4221E+02
  12.585  0.6550E+01  0.4228E+02
  12.595  0.5689E+01  0.4234E+02
  12.605  0.5250E+01  0.4240E+02
  12.615  0.4988E+01  0.4245E+02
  12.625  0.4733E+01  0.4250E+02
  12.635  0.4500E+01  0.4254E+02
  12.645  0.4186E+01  0.4259E+02
  12.655  0.3947E+01  0.4263E+02
  12.665  0.3705E+01  0.4266E+02
  12.675  0.3551E+01  0.4270E+02
  12.685  0.3376E+01  0.4274E+02
  12.695  0.3312E+01  0.4277E+02
  12.705  0.3152E+01  0.4280E+02
  12.715  0.3262E+01  0.4283E+02
  12.725  0.3348E+01  0.4287E+02
  12.735  0.2806E+01  0.4290E+02
  12.745  0.2601E+01  0.4292E+02
  12.755  0.2418E+01  0.4295E+02
  12.765  0.2297E+01  0.4297E+02
  12.775  0.2169E+01  0.4300E+02
  12.785  0.2097E+01  0.4302E+02
  12.795  0.2000E+01  0.4304E+02
  12.805  0.1943E+01  0.4306E+02
  12.815  0.1868E+01  0.4308E+02
  12.825  0.1838E+01  0.4309E+02
  12.835  0.1794E+01  0.4311E+02
  12.845  0.1803E+01  0.4313E+02
  12.855  0.1802E+01  0.4315E+02
  12.865  0.1795E+01  0.4317E+02
  12.875  0.1775E+01  0.4318E+02
  12.885  0.1759E+01  0.4320E+02
  12.895  0.1762E+01  0.4322E+02
  12.905  0.1782E+01  0.4324E+02
  12.915  0.1813E+01  0.4326E+02
  12.925  0.2085E+01  0.4328E+02
  12.935  0.1760E+01  0.4329E+02
  12.945  0.1644E+01  0.4331E+02
  12.955  0.1600E+01  0.4333E+02
  12.965  0.1559E+01  0.4334E+02
  12.975  0.1504E+01  0.4336E+02
  12.985  0.1442E+01  0.4337E+02
  12.995  0.1299E+01  0.4339E+02
  13.005  0.1272E+01  0.4340E+02
  13.015  0.1251E+01  0.4341E+02
  13.025  0.1239E+01  0.4342E+02
  13.035  0.1226E+01  0.4344E+02
  13.045  0.1207E+01  0.4345E+02
  13.055  0.1187E+01  0.4346E+02
  13.065  0.1177E+01  0.4347E+02
  13.075  0.1176E+01  0.4348E+02
  13.085  0.1169E+01  0.4350E+02
  13.095  0.1159E+01  0.4351E+02
  13.105  0.1136E+01  0.4352E+02
  13.115  0.1152E+01  0.4353E+02
  13.125  0.1146E+01  0.4354E+02
  13.135  0.1135E+01  0.4355E+02
  13.145  0.1150E+01  0.4357E+02
  13.155  0.2234E+01  0.4358E+02
  13.165  0.4026E+01  0.4361E+02
  13.175  0.4672E+01  0.4367E+02
  13.185  0.3885E+01  0.4371E+02
  13.195  0.3582E+01  0.4375E+02
  13.205  0.3436E+01  0.4378E+02
  13.215  0.3338E+01  0.4382E+02
  13.225  0.3323E+01  0.4385E+02
  13.235  0.3289E+01  0.4388E+02
  13.245  0.3312E+01  0.4392E+02
  13.255  0.3408E+01  0.4395E+02
  13.265  0.3548E+01  0.4399E+02
  13.275  0.4629E+01  0.4402E+02
  13.285  0.4461E+01  0.4406E+02
  13.295  0.4173E+01  0.4411E+02
  13.305  0.3728E+01  0.4415E+02
  13.315  0.3607E+01  0.4419E+02
  13.325  0.3647E+01  0.4422E+02
  13.335  0.2296E+01  0.4425E+02
  13.345  0.1962E+01  0.4428E+02
  13.355  0.1902E+01  0.4429E+02
  13.365  0.1862E+01  0.4431E+02
  13.375  0.1838E+01  0.4433E+02
  13.385  0.1817E+01  0.4435E+02
  13.395  0.1835E+01  0.4437E+02
  13.405  0.1807E+01  0.4439E+02
  13.415  0.1697E+01  0.4440E+02
  13.425  0.1699E+01  0.4442E+02
  13.435  0.1720E+01  0.4444E+02
  13.445  0.1722E+01  0.4446E+02
  13.455  0.1781E+01  0.4447E+02
  13.465  0.1825E+01  0.4449E+02
  13.475  0.1711E+01  0.4451E+02
  13.485  0.1707E+01  0.4453E+02
  13.495  0.1700E+01  0.4454E+02
  13.505  0.1685E+01  0.4456E+02
  13.515  0.1686E+01  0.4458E+02
  13.525  0.1684E+01  0.4459E+02
  13.535  0.1681E+01  0.4461E+02
  13.545  0.1694E+01  0.4463E+02
  13.555  0.1702E+01  0.4464E+02
  13.565  0.1703E+01  0.4466E+02
  13.575  0.1722E+01  0.4468E+02
  13.585  0.1742E+01  0.4470E+02
  13.595  0.1757E+01  0.4471E+02
  13.605  0.1778E+01  0.4473E+02
  13.615  0.1805E+01  0.4475E+02
  13.625  0.1808E+01  0.4477E+02
  13.635  0.1836E+01  0.4479E+02
  13.645  0.1810E+01  0.4480E+02
  13.655  0.1826E+01  0.4482E+02
  13.665  0.1828E+01  0.4484E+02
  13.675  0.1869E+01  0.4486E+02
  13.685  0.1937E+01  0.4488E+02
  13.695  0.2026E+01  0.4490E+02
  13.705  0.2132E+01  0.4492E+02
  13.715  0.1909E+01  0.4494E+02
  13.725  0.1823E+01  0.4496E+02
  13.735  0.1762E+01  0.4498E+02
  13.745  0.1718E+01  0.4499E+02
  13.755  0.1671E+01  0.4501E+02
  13.765  0.1641E+01  0.4503E+02
  13.775  0.1609E+01  0.4504E+02
  13.785  0.1579E+01  0.4506E+02
  13.795  0.1559E+01  0.4507E+02
  13.805  0.1536E+01  0.4509E+02
  13.815  0.1516E+01  0.4511E+02
  13.825  0.1501E+01  0.4512E+02
  13.835  0.1488E+01  0.4514E+02
  13.845  0.1472E+01  0.4515E+02
  13.855  0.1458E+01  0.4517E+02
  13.865  0.1452E+01  0.4518E+02
  13.875  0.1780E+01  0.4519E+02
  13.885  0.1947E+01  0.4521E+02
  13.895  0.1946E+01  0.4523E+02
  13.905  0.1943E+01  0.4525E+02
  13.915  0.1946E+01  0.4527E+02
  13.925  0.1957E+01  0.4529E+02
  13.935  0.1841E+01  0.4531E+02
  13.945  0.1866E+01  0.4533E+02
  13.955  0.1887E+01  0.4535E+02
  13.965  0.1933E+01  0.4537E+02
  13.975  0.1970E+01  0.4539E+02
  13.985  0.2066E+01  0.4541E+02
  13.995  0.2163E+01  0.4543E+02
  14.005  0.2325E+01  0.4545E+02
  14.015  0.2983E+01  0.4548E+02
  14.025  0.2767E+01  0.4551E+02
  14.035  0.2719E+01  0.4553E+02
  14.045  0.2801E+01  0.4556E+02
  14.055  0.2992E+01  0.4559E+02
  14.065  0.3281E+01  0.4562E+02
  14.075  0.6147E+01  0.4566E+02
  14.085  0.3543E+01  0.4570E+02
  14.095  0.3711E+01  0.4574E+02
  14.105  0.3692E+01  0.4578E+02
  14.115  0.3871E+01  0.4582E+02
  14.125  0.4262E+01  0.4586E+02
  14.135  0.4664E+01  0.4590E+02
  14.145  0.5240E+01  0.4595E+02
  14.155  0.5860E+01  0.4600E+02
  14.165  0.4687E+01  0.4606E+02
  14.175  0.4064E+01  0.4610E+02
  14.185  0.4281E+01  0.4614E+02
  14.195  0.2103E+01  0.4618E+02
  14.205  0.1994E+01  0.4620E+02
  14.215  0.1893E+01  0.4622E+02
  14.225  0.1801E+01  0.4624E+02
  14.235  0.1749E+01  0.4626E+02
  14.245  0.1703E+01  0.4628E+02
  14.255  0.1653E+01  0.4629E+02
  14.265  0.1595E+01  0.4631E+02
  14.275  0.1563E+01  0.4632E+02
  14.285  0.1531E+01  0.4634E+02
  14.295  0.1503E+01  0.4635E+02
  14.305  0.1505E+01  0.4637E+02
  14.315  0.1593E+01  0.4639E+02
  14.325  0.1572E+01  0.4640E+02
  14.335  0.1557E+01  0.4642E+02
  14.345  0.1556E+01  0.4643E+02
  14.355  0.1554E+01  0.4645E+02
  14.365  0.1526E+01  0.4646E+02
  14.375  0.1517E+01  0.4648E+02
  14.385  0.1517E+01  0.4649E+02
  14.395  0.1516E+01  0.4651E+02
  14.405  0.1515E+01  0.4652E+02
  14.415  0.1514E+01  0.4654E+02
  14.425  0.1510E+01  0.4655E+02
  14.435  0.1517E+01  0.4657E+02
  14.445  0.1522E+01  0.4658E+02
  14.455  0.1533E+01  0.4660E+02
  14.465  0.1549E+01  0.4662E+02
  14.475  0.1583E+01  0.4663E+02
  14.485  0.1625E+01  0.4665E+02
  14.495  0.1722E+01  0.4666E+02
  14.505  0.1872E+01  0.4668E+02
  14.515  0.1622E+01  0.4670E+02
  14.525  0.1494E+01  0.4672E+02
  14.535  0.1422E+01  0.4673E+02
  14.545  0.1383E+01  0.4674E+02
  14.555  0.1336E+01  0.4676E+02
  14.565  0.1368E+01  0.4677E+02
  14.575  0.1365E+01  0.4678E+02
  14.585  0.1392E+01  0.4680E+02
  14.595  0.1377E+01  0.4681E+02
  14.605  0.1365E+01  0.4683E+02
  14.615  0.1391E+01  0.4684E+02
  14.625  0.1394E+01  0.4685E+02
  14.635  0.4230E+01  0.4688E+02
  14.645  0.3939E+01  0.4692E+02
  14.655  0.4685E+01  0.4696E+02
  14.665  0.3467E+01  0.4700E+02
  14.675  0.3334E+01  0.4704E+02
  14.685  0.3456E+01  0.4707E+02
  14.695  0.3003E+01  0.4710E+02
  14.705  0.2883E+01  0.4713E+02
  14.715  0.2743E+01  0.4716E+02
  14.725  0.2885E+01  0.4719E+02
  14.735  0.2818E+01  0.4722E+02
  14.745  0.2795E+01  0.4724E+02
  14.755  0.2775E+01  0.4727E+02
  14.765  0.2817E+01  0.4730E+02
  14.775  0.2847E+01  0.4733E+02
  14.785  0.2958E+01  0.4736E+02
  14.795  0.4065E+01  0.4739E+02
  14.805  0.4786E+01  0.4743E+02
  14.815  0.5857E+01  0.4749E+02
  14.825  0.6613E+01  0.4756E+02
  14.835  0.4483E+01  0.4761E+02
  14.845  0.3815E+01  0.4765E+02
  14.855  0.2989E+01  0.4769E+02
  14.865  0.2437E+01  0.4771E+02
  14.875  0.2325E+01  0.4774E+02
  14.885  0.2248E+01  0.4776E+02
  14.895  0.2188E+01  0.4778E+02
  14.905  0.2133E+01  0.4780E+02
  14.915  0.2086E+01  0.4782E+02
  14.925  0.2050E+01  0.4785E+02
  14.935  0.2034E+01  0.4787E+02
  14.945  0.2017E+01  0.4789E+02
  14.955  0.3000E+01  0.4791E+02
  14.965  0.3180E+01  0.4794E+02
  14.975  0.2699E+01  0.4797E+02
  14.985  0.2602E+01  0.4800E+02
  14.995  0.2478E+01  0.4802E+02
  15.005  0.2433E+01  0.4805E+02
  15.015  0.2386E+01  0.4807E+02
  15.025  0.2422E+01  0.4810E+02
  15.035  0.2800E+01  0.4812E+02
  15.045  0.2230E+01  0.4815E+02
  15.055  0.2014E+01  0.4817E+02
  15.065  0.1966E+01  0.4819E+02
  15.075  0.1923E+01  0.4821E+02
  15.085  0.2084E+01  0.4823E+02
  15.095  0.2129E+01  0.4825E+02
  15.105  0.2198E+01  0.4827E+02
  15.115  0.2282E+01  0.4829E+02
  15.125  0.2418E+01  0.4832E+02
  15.135  0.3750E+01  0.4835E+02
  15.145  0.3400E+01  0.4838E+02
  15.155  0.3476E+01  0.4842E+02
  15.165  0.3468E+01  0.4845E+02
  15.175  0.3527E+01  0.4849E+02
  15.185  0.3644E+01  0.4852E+02
  15.195  0.3746E+01  0.4856E+02
  15.205  0.4032E+01  0.4860E+02
  15.215  0.4166E+01  0.4864E+02
  15.225  0.4180E+01  0.4868E+02
  15.235  0.4256E+01  0.4872E+02
  15.245  0.4377E+01  0.4877E+02
  15.255  0.4556E+01  0.4881E+02
  15.265  0.4941E+01  0.4886E+02
  15.275  0.6643E+01  0.4892E+02
  15.285  0.4714E+01  0.4897E+02
  15.295  0.3959E+01  0.4901E+02
  15.305  0.3536E+01  0.4905E+02
  15.315  0.3384E+01  0.4908E+02
  15.325  0.3313E+01  0.4912E+02
  15.335  0.2925E+01  0.4915E+02
  15.345  0.2838E+01  0.4918E+02
  15.355  0.2787E+01  0.4920E+02
  15.365  0.2746E+01  0.4923E+02
  15.375  0.2706E+01  0.4926E+02
  15.385  0.2653E+01  0.4929E+02
  15.395  0.2615E+01  0.4931E+02
  15.405  0.2595E+01  0.4934E+02
  15.415  0.2582E+01  0.4936E+02
  15.425  0.2695E+01  0.4939E+02
  15.435  0.2727E+01  0.4942E+02
  15.445  0.2659E+01  0.4945E+02
  15.455  0.2549E+01  0.4947E+02
  15.465  0.2461E+01  0.4950E+02
  15.475  0.2479E+01  0.4952E+02
  15.485  0.2493E+01  0.4955E+02
  15.495  0.2705E+01  0.4957E+02
  15.505  0.2446E+01  0.4960E+02
  15.515  0.2340E+01  0.4962E+02
  15.525  0.2258E+01  0.4965E+02
  15.535  0.2212E+01  0.4967E+02
  15.545  0.2147E+01  0.4969E+02
  15.555  0.2108E+01  0.4971E+02
  15.565  0.2073E+01  0.4973E+02
  15.575  0.2031E+01  0.4975E+02
  15.585  0.2003E+01  0.4977E+02
  15.595  0.1976E+01  0.4979E+02
  15.605  0.1942E+01  0.4981E+02
  15.615  0.1922E+01  0.4983E+02
  15.625  0.1895E+01  0.4985E+02
  15.635  0.1871E+01  0.4987E+02
  15.645  0.1845E+01  0.4989E+02
  15.655  0.1821E+01  0.4991E+02
  15.665  0.1799E+01  0.4993E+02
  15.675  0.1775E+01  0.4994E+02
  15.685  0.1762E+01  0.4996E+02
  15.695  0.1753E+01  0.4998E+02
  15.705  0.1729E+01  0.5000E+02
  15.715  0.1704E+01  0.5001E+02
  15.725  0.1687E+01  0.5003E+02
  15.735  0.1668E+01  0.5005E+02
  15.745  0.1652E+01  0.5006E+02
  15.755  0.1638E+01  0.5008E+02
  15.765  0.1636E+01  0.5010E+02
  15.775  0.1618E+01  0.5011E+02
  15.785  0.1597E+01  0.5013E+02
  15.795  0.1576E+01  0.5014E+02
  15.805  0.1560E+01  0.5016E+02
  15.815  0.1544E+01  0.5018E+02
  15.825  0.1552E+01  0.5019E+02
  15.835  0.1541E+01  0.5021E+02
  15.845  0.1511E+01  0.5022E+02
  15.855  0.1500E+01  0.5024E+02
  15.865  0.1488E+01  0.5025E+02
  15.875  0.1499E+01  0.5027E+02
  15.885  0.1458E+01  0.5028E+02
  15.895  0.1431E+01  0.5030E+02
  15.905  0.1505E+01  0.5031E+02
  15.915  0.1386E+01  0.5032E+02
  15.925  0.1186E+01  0.5034E+02
  15.935  0.1178E+01  0.5035E+02
  15.945  0.1172E+01  0.5036E+02
  15.955  0.1174E+01  0.5037E+02
  15.965  0.1176E+01  0.5039E+02
  15.975  0.1179E+01  0.5040E+02
  15.985  0.1183E+01  0.5041E+02
  15.995  0.1188E+01  0.5042E+02
  16.005  0.1184E+01  0.5043E+02
  16.015  0.1183E+01  0.5044E+02
  16.025  0.1185E+01  0.5046E+02
  16.035  0.1187E+01  0.5047E+02
  16.045  0.1196E+01  0.5048E+02
  16.055  0.1207E+01  0.5049E+02
  16.065  0.1217E+01  0.5050E+02
  16.075  0.1219E+01  0.5052E+02
  16.085  0.1226E+01  0.5053E+02
  16.095  0.1236E+01  0.5054E+02
  16.105  0.1246E+01  0.5055E+02
  16.115  0.1269E+01  0.5057E+02
  16.125  0.1296E+01  0.5058E+02
  16.135  0.1322E+01  0.5059E+02
  16.145  0.1345E+01  0.5060E+02
  16.155  0.1378E+01  0.5062E+02
  16.165  0.1427E+01  0.5063E+02
  16.175  0.1509E+01  0.5065E+02
  16.185  0.1631E+01  0.5066E+02
  16.195  0.1975E+01  0.5068E+02
  16.205  0.2440E+01  0.5071E+02
  16.215  0.2085E+01  0.5073E+02
  16.225  0.1910E+01  0.5075E+02
  16.235  0.1828E+01  0.5077E+02
  16.245  0.1745E+01  0.5079E+02
  16.255  0.1666E+01  0.5080E+02
  16.265  0.1639E+01  0.5082E+02
  16.275  0.1633E+01  0.5084E+02
  16.285  0.1572E+01  0.5085E+02
  16.295  0.1568E+01  0.5087E+02
  16.305  0.1647E+01  0.5088E+02
  16.315  0.1902E+01  0.5090E+02
  16.325  0.1684E+01  0.5092E+02
  16.335  0.1716E+01  0.5094E+02
  16.345  0.1720E+01  0.5095E+02
  16.355  0.1754E+01  0.5097E+02
  16.365  0.1833E+01  0.5099E+02
  16.375  0.1864E+01  0.5101E+02
  16.385  0.2279E+01  0.5103E+02
  16.395  0.1923E+01  0.5105E+02
  16.405  0.1891E+01  0.5107E+02
  16.415  0.1861E+01  0.5108E+02
  16.425  0.2412E+01  0.5111E+02
  16.435  0.1929E+01  0.5113E+02
  16.445  0.1764E+01  0.5115E+02
  16.455  0.1661E+01  0.5116E+02
  16.465  0.1606E+01  0.5118E+02
  16.475  0.1544E+01  0.5119E+02
  16.485  0.1505E+01  0.5121E+02
  16.495  0.1508E+01  0.5122E+02
  16.505  0.1563E+01  0.5124E+02
  16.515  0.1612E+01  0.5126E+02
  16.525  0.1724E+01  0.5127E+02
  16.535  0.1963E+01  0.5129E+02
  16.545  0.2720E+01  0.5131E+02
  16.555  0.2703E+01  0.5134E+02
  16.565  0.2560E+01  0.5137E+02
  16.575  0.2361E+01  0.5139E+02
  16.585  0.2320E+01  0.5142E+02
  16.595  0.1711E+01  0.5144E+02
  16.605  0.5397E+00  0.5145E+02
  16.615  0.5137E+00  0.5145E+02
  16.625  0.4641E+00  0.5146E+02
  16.635  0.4709E+00  0.5146E+02
  16.645  0.4816E+00  0.5147E+02
  16.655  0.5091E+00  0.5147E+02
  16.665  0.5502E+00  0.5148E+02
  16.675  0.5386E+00  0.5148E+02
  16.685  0.5684E+00  0.5149E+02
  16.695  0.7944E+00  0.5150E+02
  16.705  0.9647E+00  0.5150E+02
  16.715  0.1137E+01  0.5151E+02
  16.725  0.1374E+01  0.5153E+02
  16.735  0.1006E+01  0.5154E+02
  16.745  0.9754E+00  0.5155E+02
  16.755  0.1194E+01  0.5156E+02
  16.765  0.1063E+01  0.5157E+02
  16.775  0.9534E+00  0.5158E+02
  16.785  0.8459E+00  0.5159E+02
  16.795  0.8056E+00  0.5160E+02
  16.805  0.7168E+00  0.5161E+02
  16.815  0.6948E+00  0.5161E+02
  16.825  0.6732E+00  0.5162E+02
  16.835  0.6532E+00  0.5163E+02
  16.845  0.6435E+00  0.5163E+02
  16.855  0.6178E+00  0.5164E+02
  16.865  0.5979E+00  0.5165E+02
  16.875  0.6116E+00  0.5165E+02
  16.885  0.5710E+00  0.5166E+02
  16.895  0.5759E+00  0.5166E+02
  16.905  0.5627E+00  0.5167E+02
  16.915  0.5468E+00  0.5168E+02
  16.925  0.5309E+00  0.5168E+02
  16.935  0.5179E+00  0.5169E+02
  16.945  0.5127E+00  0.5169E+02
  16.955  0.5074E+00  0.5170E+02
  16.965  0.4957E+00  0.5170E+02
  16.975  0.4758E+00  0.5171E+02
  16.985  0.5148E+00  0.5171E+02
  16.995  0.4644E+00  0.5172E+02
  17.005  0.4942E+00  0.5172E+02
  17.015  0.4630E+00  0.5173E+02
  17.025  0.4484E+00  0.5173E+02
  17.035  0.4377E+00  0.5174E+02
  17.045  0.4154E+00  0.5174E+02
  17.055  0.3875E+00  0.5174E+02
  17.065  0.3538E+00  0.5175E+02
  17.075  0.2731E+00  0.5175E+02
  17.085  0.2634E+00  0.5175E+02
  17.095  0.2637E+00  0.5176E+02
  17.105  0.2638E+00  0.5176E+02
  17.115  0.2640E+00  0.5176E+02
  17.125  0.2641E+00  0.5176E+02
  17.135  0.2642E+00  0.5177E+02
  17.145  0.2647E+00  0.5177E+02
  17.155  0.2665E+00  0.5177E+02
  17.165  0.2672E+00  0.5177E+02
  17.175  0.2678E+00  0.5178E+02
  17.185  0.2680E+00  0.5178E+02
  17.195  0.2682E+00  0.5178E+02
  17.205  0.2684E+00  0.5178E+02
  17.215  0.2694E+00  0.5179E+02
  17.225  0.2718E+00  0.5179E+02
  17.235  0.2734E+00  0.5179E+02
  17.245  0.2735E+00  0.5180E+02
  17.255  0.2737E+00  0.5180E+02
  17.265  0.3645E+00  0.5180E+02
  17.275  0.3657E+00  0.5181E+02
  17.285  0.3791E+00  0.5181E+02
  17.295  0.3787E+00  0.5181E+02
  17.305  0.3859E+00  0.5182E+02
  17.315  0.3869E+00  0.5182E+02
  17.325  0.3902E+00  0.5182E+02
  17.335  0.3948E+00  0.5183E+02
  17.345  0.3964E+00  0.5183E+02
  17.355  0.4047E+00  0.5184E+02
  17.365  0.4133E+00  0.5184E+02
  17.375  0.4180E+00  0.5184E+02
  17.385  0.4214E+00  0.5185E+02
  17.395  0.4253E+00  0.5185E+02
  17.405  0.4306E+00  0.5186E+02
  17.415  0.4433E+00  0.5186E+02
  17.425  0.4497E+00  0.5187E+02
  17.435  0.4555E+00  0.5187E+02
  17.445  0.4662E+00  0.5188E+02
  17.455  0.4753E+00  0.5188E+02
  17.465  0.4876E+00  0.5189E+02
  17.475  0.5062E+00  0.5189E+02
  17.485  0.5219E+00  0.5190E+02
  17.495  0.5354E+00  0.5190E+02
  17.505  0.5558E+00  0.5191E+02
  17.515  0.5914E+00  0.5191E+02
  17.525  0.6248E+00  0.5192E+02
  17.535  0.6843E+00  0.5192E+02
  17.545  0.7250E+00  0.5193E+02
  17.555  0.8244E+00  0.5194E+02
  17.565  0.9784E+00  0.5195E+02
  17.575  0.1159E+01  0.5196E+02
  17.585  0.1883E+01  0.5197E+02
  17.595  0.1622E+01  0.5200E+02
