 &plot nbnd=  46, nks=   361 /
            0.000000  0.000000  0.000000
  -44.571  -22.783  -22.437  -22.437  -12.158  -11.705   -1.561    0.521    1.424    1.424
    1.694    1.694    4.549    6.299    6.299    6.908    6.908    7.012    8.738    9.629
   11.738   13.781   13.781   13.967   14.843   15.471   15.471   16.821   18.377   18.377
   18.656   18.656   19.295   19.297   21.265   22.117   22.117   22.218   23.481   23.940
   23.940   24.472   24.751   24.751   25.280   25.529
            0.004167  0.002406  0.000000
  -44.571  -22.783  -22.437  -22.437  -12.158  -11.705   -1.560    0.521    1.424    1.424
    1.693    1.694    4.549    6.299    6.299    6.908    6.908    7.013    8.738    9.631
   11.739   13.773   13.782   13.975   14.843   15.467   15.471   16.824   18.372   18.378
   18.655   18.655   19.296   19.304   21.264   22.118   22.118   22.219   23.473   23.938
   23.945   24.473   24.737   24.750   25.293   25.532
            0.008333  0.004811  0.000000
  -44.571  -22.783  -22.438  -22.437  -12.157  -11.704   -1.560    0.521    1.421    1.424
    1.692    1.693    4.549    6.297    6.299    6.907    6.909    7.016    8.740    9.634
   11.739   13.751   13.783   13.996   14.844   15.456   15.471   16.834   18.356   18.379
   18.651   18.651   19.298   19.324   21.262   22.119   22.122   22.220   23.448   23.929
   23.959   24.476   24.697   24.748   25.331   25.541
            0.012500  0.007217  0.000000
  -44.571  -22.782  -22.438  -22.437  -12.157  -11.704   -1.559    0.520    1.417    1.424
    1.689    1.692    4.549    6.295    6.300    6.906    6.910    7.021    8.743    9.640
   11.741   13.721   13.786   14.024   14.845   15.439   15.471   16.850   18.331   18.381
   18.644   18.646   19.302   19.356   21.257   22.122   22.128   22.221   23.411   23.916
   23.978   24.481   24.641   24.744   25.384   25.556
            0.016667  0.009623  0.000000
  -44.571  -22.782  -22.438  -22.438  -12.156  -11.704   -1.557    0.520    1.411    1.424
    1.686    1.690    4.549    6.292    6.301    6.904    6.912    7.027    8.747    9.649
   11.742   13.686   13.791   14.056   14.847   15.416   15.472   16.871   18.299   18.384
   18.635   18.638   19.308   19.399   21.251   22.126   22.136   22.224   23.364   23.897
   23.999   24.488   24.573   24.739   25.446   25.577
            0.020833  0.012028  0.000000
  -44.570  -22.782  -22.439  -22.438  -12.155  -11.703   -1.555    0.519    1.404    1.424
    1.681    1.688    4.550    6.289    6.302    6.903    6.915    7.036    8.752    9.660
   11.744   13.649   13.796   14.090   14.850   15.387   15.473   16.897   18.263   18.388
   18.623   18.627   19.315   19.449   21.244   22.131   22.147   22.227   23.309   23.874
   24.021   24.499   24.499   24.733   25.513   25.604
            0.025000  0.014434  0.000000
  -44.570  -22.782  -22.439  -22.438  -12.153  -11.703   -1.553    0.518    1.395    1.424
    1.675    1.685    4.550    6.284    6.303    6.900    6.918    7.046    8.758    9.673
   11.747   13.611   13.803   14.124   14.853   15.353   15.474   16.927   18.223   18.393
   18.609   18.615   19.324   19.507   21.234   22.136   22.159   22.231   23.250   23.847
   24.041   24.421   24.514   24.725   25.582   25.635
            0.029167  0.016839  0.000000
  -44.570  -22.782  -22.440  -22.438  -12.152  -11.702   -1.550    0.517    1.384    1.424
    1.669    1.682    4.551    6.279    6.305    6.898    6.921    7.058    8.766    9.688
   11.750   13.572   13.810   14.158   14.856   15.315   15.475   16.959   18.181   18.399
   18.592   18.600   19.335   19.569   21.224   22.142   22.174   22.236   23.186   23.816
   24.057   24.340   24.533   24.716   25.649   25.670
            0.033333  0.019245  0.000000
  -44.570  -22.782  -22.441  -22.438  -12.150  -11.701   -1.547    0.515    1.372    1.424
    1.661    1.678    4.552    6.274    6.307    6.895    6.926    7.072    8.774    9.706
   11.754   13.532   13.819   14.192   14.861   15.274   15.477   16.992   18.141   18.405
   18.573   18.583   19.347   19.637   21.212   22.147   22.191   22.241   23.120   23.782
   24.071   24.257   24.556   24.705   25.710   25.715
            0.037500  0.021651  0.000000
  -44.570  -22.781  -22.442  -22.438  -12.148  -11.701   -1.544    0.513    1.358    1.424
    1.652    1.674    4.553    6.267    6.309    6.891    6.930    7.087    8.784    9.726
   11.758   13.491   13.830   14.226   14.866   15.229   15.478   17.025   18.102   18.413
   18.551   18.565   19.361   19.707   21.199   22.152   22.209   22.247   23.053   23.746
   24.080   24.174   24.583   24.694   25.753   25.775
            0.041667  0.024056  0.000000
  -44.570  -22.781  -22.443  -22.439  -12.146  -11.700   -1.540    0.512    1.343    1.424
    1.643    1.670    4.554    6.260    6.312    6.888    6.935    7.104    8.795    9.748
   11.762   13.451   13.841   14.258   14.871   15.182   15.480   17.056   18.067   18.421
   18.528   18.544   19.376   19.781   21.184   22.155   22.229   22.253   22.986   23.707
   24.087   24.089   24.614   24.681   25.799   25.827
            0.045833  0.026462  0.000000
  -44.570  -22.781  -22.444  -22.439  -12.143  -11.699   -1.536    0.510    1.326    1.424
    1.632    1.665    4.555    6.253    6.314    6.884    6.941    7.122    8.806    9.773
   11.767   13.410   13.853   14.290   14.878   15.134   15.483   17.084   18.037   18.430
   18.502   18.522   19.394   19.856   21.169   22.156   22.251   22.261   22.919   23.667
   24.005   24.091   24.649   24.668   25.848   25.870
            0.050000  0.028868  0.000000
  -44.570  -22.781  -22.445  -22.439  -12.140  -11.697   -1.531    0.507    1.308    1.424
    1.621    1.659    4.556    6.245    6.317    6.880    6.947    7.142    8.819    9.799
   11.772   13.369   13.867   14.321   14.885   15.083   15.485   17.106   18.015   18.440
   18.474   18.497   19.413   19.934   21.152   22.154   22.269   22.274   22.854   23.625
   23.920   24.093   24.654   24.687   25.898   25.899
            0.054167  0.031273  0.000000
  -44.570  -22.780  -22.447  -22.439  -12.137  -11.696   -1.526    0.505    1.289    1.424
    1.608    1.654    4.557    6.236    6.320    6.877    6.954    7.163    8.833    9.827
   11.778   13.328   13.882   14.351   14.893   15.032   15.488   17.122   18.001   18.444
   18.450   18.471   19.433   20.014   21.135   22.148   22.277   22.298   22.792   23.583
   23.835   24.094   24.639   24.727   25.912   25.953
            0.058333  0.033679  0.000000
  -44.570  -22.780  -22.448  -22.440  -12.134  -11.695   -1.520    0.502    1.268    1.424
    1.595    1.647    4.558    6.228    6.324    6.873    6.961    7.186    8.848    9.857
   11.784   13.287   13.898   14.379   14.903   14.979   15.491   17.129   17.997   18.412
   18.444   18.461   19.455   20.095   21.117   22.136   22.286   22.322   22.736   23.541
   23.751   24.093   24.623   24.770   25.909   26.008
            0.062500  0.036084  0.000000
  -44.570  -22.779  -22.450  -22.440  -12.130  -11.693   -1.515    0.499    1.246    1.423
    1.581    1.641    4.559    6.219    6.328    6.868    6.968    7.209    8.864    9.888
   11.791   13.246   13.915   14.406   14.913   14.926   15.494   17.127   18.005   18.378
   18.415   18.473   19.479   20.177   21.097   22.116   22.296   22.347   22.687   23.498
   23.667   24.091   24.607   24.814   25.893   26.065
            0.066667  0.038490  0.000000
  -44.569  -22.779  -22.452  -22.440  -12.127  -11.692   -1.508    0.496    1.223    1.423
    1.566    1.633    4.560    6.209    6.332    6.864    6.976    7.234    8.881    9.922
   11.798   13.205   13.933   14.431   14.872   14.924   15.498   17.116   18.023   18.343
   18.384   18.486   19.504   20.260   21.077   22.088   22.305   22.371   22.646   23.457
   23.584   24.090   24.590   24.860   25.866   26.123
            0.070833  0.040896  0.000000
  -44.569  -22.778  -22.453  -22.441  -12.123  -11.690   -1.502    0.493    1.198    1.423
    1.550    1.626    4.561    6.200    6.336    6.860    6.985    7.260    8.900    9.957
   11.806   13.164   13.952   14.454   14.818   14.937   15.501   17.096   18.052   18.307
   18.353   18.500   19.531   20.343   21.056   22.051   22.316   22.395   22.613   23.417
   23.501   24.088   24.573   24.907   25.831   26.182
            0.075000  0.043301  0.000000
  -44.569  -22.778  -22.455  -22.441  -12.119  -11.689   -1.495    0.489    1.173    1.423
    1.533    1.618    4.562    6.190    6.341    6.856    6.994    7.287    8.919    9.993
   11.814   13.123   13.973   14.475   14.764   14.951   15.506   17.069   18.089   18.269
   18.320   18.514   19.559   20.428   21.034   22.005   22.326   22.417   22.589   23.379
   23.420   24.087   24.556   24.955   25.790   26.242
            0.079167  0.045707  0.000000
  -44.569  -22.777  -22.457  -22.442  -12.114  -11.687   -1.487    0.485    1.146    1.423
    1.516    1.610    4.563    6.180    6.346    6.853    7.003    7.315    8.939   10.031
   11.822   13.083   13.994   14.495   14.710   14.966   15.510   17.035   18.134   18.230
   18.285   18.529   19.588   20.512   21.011   21.953   22.336   22.438   22.573   23.341
   23.344   24.085   24.538   25.004   25.744   26.303
            0.083333  0.048113  0.000000
  -44.569  -22.777  -22.459  -22.442  -12.110  -11.685   -1.480    0.481    1.118    1.422
    1.498    1.601    4.564    6.170    6.351    6.849    7.013    7.344    8.960   10.070
   11.831   13.043   14.017   14.511   14.656   14.983   15.515   16.997   18.186   18.190
   18.250   18.544   19.618   20.597   20.986   21.895   22.346   22.455   22.562   23.263
   23.312   24.085   24.520   25.053   25.696   26.364
            0.087500  0.050518  0.000000
  -44.569  -22.776  -22.462  -22.443  -12.105  -11.683   -1.472    0.477    1.090    1.422
    1.480    1.592    4.564    6.160    6.357    6.845    7.023    7.374    8.982   10.110
   11.840   13.004   14.040   14.526   14.602   15.001   15.520   16.956   18.150   18.214
   18.242   18.560   19.650   20.683   20.960   21.833   22.356   22.468   22.556   23.188
   23.286   24.085   24.502   25.103   25.646   26.425
            0.091667  0.052924  0.000000
  -44.568  -22.776  -22.464  -22.443  -12.100  -11.681   -1.463    0.472    1.060    1.422
    1.460    1.582    4.565    6.150    6.363    6.842    7.033    7.404    9.005   10.152
   11.850   12.964   14.065   14.538   14.549   15.020   15.526   16.912   18.108   18.176
   18.303   18.577   19.682   20.768   20.931   21.769   22.364   22.476   22.554   23.115
   23.265   24.085   24.484   25.153   25.594   26.487
            0.095833  0.055329  0.000000
  -44.568  -22.775  -22.466  -22.444  -12.094  -11.679   -1.455    0.467    1.029    1.422
    1.440    1.573    4.565    6.141    6.369    6.839    7.044    7.435    9.029   10.194
   11.860   12.925   14.091   14.496   14.549   15.041   15.532   16.865   18.066   18.138
   18.367   18.594   19.716   20.852   20.901   21.706   22.370   22.478   22.553   23.047
   23.251   24.087   24.466   25.204   25.541   26.547
            0.100000  0.057735  0.000000
  -44.568  -22.774  -22.469  -22.444  -12.089  -11.676   -1.446    0.462    0.998    1.420
    1.421    1.563    4.566    6.131    6.375    6.836    7.055    7.467    9.053   10.238
   11.870   12.887   14.117   14.444   14.556   15.062   15.539   16.818   18.023   18.099
   18.434   18.612   19.749   20.868   20.937   21.643   22.373   22.473   22.554   22.984
   23.244   24.089   24.448   25.254   25.488   26.605
            0.104167  0.060141  0.000000
  -44.568  -22.774  -22.471  -22.445  -12.083  -11.674   -1.436    0.456    0.966    1.399
    1.421    1.552    4.566    6.122    6.382    6.834    7.066    7.499    9.079   10.282
   11.881   12.849   14.145   14.392   14.562   15.085   15.546   16.769   17.980   18.060
   18.503   18.630   19.784   20.832   21.020   21.582   22.372   22.462   22.556   22.929
   23.246   24.092   24.430   25.304   25.434   26.661
            0.108333  0.062546  0.000000
  -44.568  -22.773  -22.474  -22.445  -12.077  -11.671   -1.426    0.450    0.933    1.378
    1.420    1.541    4.566    6.113    6.390    6.832    7.078    7.532    9.105   10.327
   11.892   12.811   14.173   14.341   14.566   15.108   15.553   16.720   17.937   18.019
   18.574   18.649   19.818   20.794   21.102   21.525   22.365   22.443   22.558   22.882
   23.254   24.095   24.413   25.354   25.381   26.712
            0.112500  0.064952  0.000000
  -44.567  -22.772  -22.477  -22.446  -12.071  -11.669   -1.416    0.444    0.899    1.356
    1.420    1.531    4.565    6.104    6.397    6.830    7.090    7.565    9.133   10.372
   11.903   12.774   14.203   14.292   14.568   15.132   15.561   16.670   17.894   17.978
   18.646   18.669   19.852   20.751   21.182   21.472   22.350   22.418   22.561   22.846
   23.270   24.099   24.396   25.328   25.403   26.736
            0.116667  0.067358  0.000000
  -44.567  -22.772  -22.480  -22.446  -12.065  -11.666   -1.406    0.437    0.865    1.334
    1.419    1.519    4.565    6.096    6.405    6.828    7.103    7.598    9.161   10.418
   11.914   12.738   14.233   14.243   14.568   15.156   15.570   16.621   17.851   17.937
   18.688   18.719   19.885   20.706   21.260   21.423   22.328   22.387   22.564   22.822
   23.292   24.104   24.379   25.275   25.452   26.709
            0.120833  0.069763  0.000000
  -44.567  -22.771  -22.483  -22.447  -12.059  -11.664   -1.395    0.430    0.830    1.311
    1.419    1.508    4.564    6.088    6.414    6.827    7.115    7.632    9.190   10.465
   11.926   12.702   14.195   14.265   14.567   15.180   15.579   16.572   17.808   17.895
   18.708   18.794   19.917   20.658   21.334   21.379   22.299   22.351   22.567   22.810
   23.319   24.109   24.362   25.222   25.500   26.675
            0.125000  0.072169  0.000000
  -44.567  -22.770  -22.486  -22.448  -12.052  -11.661   -1.384    0.423    0.794    1.289
    1.418    1.496    4.563    6.081    6.422    6.827    7.128    7.665    9.219   10.512
   11.938   12.667   14.148   14.297   14.564   15.204   15.588   16.522   17.766   17.852
   18.729   18.869   19.945   20.609   21.340   21.403   22.266   22.312   22.570   22.809
   23.351   24.115   24.346   25.170   25.546   26.639
            0.129167  0.074574  0.000000
  -44.566  -22.769  -22.489  -22.448  -12.045  -11.658   -1.373    0.415    0.758    1.266
    1.418    1.484    4.561    6.074    6.431    6.826    7.141    7.699    9.249   10.559
   11.950   12.632   14.103   14.330   14.559   15.227   15.598   16.474   17.724   17.810
   18.750   18.945   19.970   20.559   21.307   21.465   22.232   22.269   22.573   22.816
   23.386   24.120   24.330   25.119   25.592   26.602
            0.133333  0.076980  0.000000
  -44.566  -22.768  -22.492  -22.449  -12.038  -11.655   -1.362    0.407    0.722    1.243
    1.417    1.472    4.559    6.068    6.441    6.826    7.154    7.733    9.280   10.606
   11.962   12.599   14.059   14.364   14.554   15.251   15.608   16.425   17.682   17.766
   18.771   19.021   19.988   20.513   21.278   21.517   22.202   22.223   22.577   22.832
   23.423   24.126   24.315   25.069   25.635   26.567
            0.137500  0.079386  0.000000
  -44.566  -22.768  -22.495  -22.450  -12.031  -11.652   -1.350    0.398    0.685    1.219
    1.416    1.459    4.557    6.062    6.451    6.827    7.167    7.768    9.311   10.653
   11.974   12.566   14.017   14.398   14.546   15.273   15.620   16.378   17.642   17.723
   18.793   19.097   19.996   20.472   21.254   21.555   22.176   22.182   22.581   22.853
   23.464   24.131   24.300   25.020   25.676   26.534
            0.141667  0.081791  0.000000
  -44.566  -22.767  -22.498  -22.450  -12.023  -11.649   -1.338    0.389    0.647    1.196
    1.416    1.447    4.555    6.057    6.461    6.828    7.181    7.802    9.343   10.700
   11.986   12.533   13.977   14.434   14.538   15.295   15.631   16.331   17.602   17.679
   18.815   19.174   19.990   20.442   21.234   21.577   22.127   22.175   22.585   22.879
   23.505   24.136   24.286   24.973   25.714   26.505
            0.145833  0.084197  0.000000
  -44.565  -22.766  -22.502  -22.451  -12.016  -11.646   -1.326    0.379    0.610    1.173
    1.415    1.434    4.552    6.053    6.471    6.829    7.195    7.836    9.375   10.747
   11.998   12.502   13.938   14.470   14.528   15.316   15.644   16.285   17.564   17.636
   18.837   19.250   19.968   20.425   21.218   21.578   22.077   22.185   22.591   22.909
   23.548   24.141   24.272   24.927   25.748   26.481
            0.150000  0.086603  0.000000
  -44.565  -22.765  -22.505  -22.452  -12.008  -11.643   -1.313    0.369    0.572    1.150
    1.414    1.421    4.548    6.050    6.482    6.831    7.208    7.870    9.408   10.793
   12.009   12.472   13.901   14.506   14.518   15.335   15.656   16.239   17.527   17.592
   18.859   19.326   19.930   20.422   21.205   21.562   22.025   22.210   22.596   22.943
   23.592   24.145   24.259   24.882   25.778   26.463
            0.154167  0.089008  0.000000
  -44.565  -22.764  -22.509  -22.453  -12.000  -11.640   -1.301    0.358    0.533    1.127
    1.407    1.413    4.544    6.047    6.494    6.833    7.222    7.904    9.441   10.839
   12.020   12.442   13.867   14.506   14.543   15.354   15.670   16.194   17.491   17.548
   18.882   19.401   19.879   20.429   21.196   21.532   21.973   22.247   22.603   22.981
   23.636   24.148   24.246   24.840   25.803   26.452
            0.158333  0.091414  0.000000
  -44.565  -22.763  -22.512  -22.453  -11.992  -11.636   -1.288    0.346    0.495    1.104
    1.394    1.412    4.540    6.046    6.506    6.835    7.236    7.937    9.474   10.885
   12.031   12.414   13.835   14.493   14.581   15.370   15.684   16.150   17.457   17.505
   18.905   19.476   19.818   20.443   21.190   21.492   21.921   22.292   22.612   23.021
   23.681   24.151   24.234   24.800   25.823   26.449
            0.162500  0.093819  0.000000
  -44.564  -22.762  -22.516  -22.454  -11.984  -11.633   -1.275    0.334    0.456    1.082
    1.381    1.411    4.536    6.045    6.518    6.838    7.250    7.971    9.507   10.930
   12.041   12.386   13.806   14.480   14.619   15.385   15.699   16.107   17.424   17.461
   18.928   19.549   19.750   20.462   21.187   21.446   21.868   22.342   22.621   23.064
   23.725   24.152   24.223   24.762   25.837   26.430
            0.166667  0.096225  0.000000
  -44.564  -22.761  -22.519  -22.455  -11.976  -11.629   -1.261    0.321    0.417    1.060
    1.367    1.410    4.530    6.045    6.531    6.841    7.265    8.004    9.541   10.974
   12.051   12.359   13.779   14.466   14.658   15.398   15.714   16.065   17.393   17.418
   18.951   19.621   19.677   20.482   21.187   21.396   21.814   22.394   22.633   23.109
   23.769   24.152   24.213   24.728   25.845   26.388
            0.170833  0.098631  0.000000
  -44.564  -22.760  -22.523  -22.456  -11.967  -11.626   -1.248    0.308    0.378    1.038
    1.353    1.409    4.525    6.046    6.544    6.845    7.279    8.037    9.574   11.017
   12.060   12.334   13.756   14.451   14.697   15.409   15.730   16.024   17.364   17.374
   18.974   19.602   19.692   20.503   21.190   21.345   21.761   22.447   22.646   23.155
   23.813   24.151   24.203   24.697   25.849   26.349
            0.175000  0.101036  0.000000
  -44.563  -22.759  -22.527  -22.457  -11.959  -11.622   -1.235    0.293    0.339    1.017
    1.339    1.408    4.519    6.048    6.557    6.849    7.293    8.070    9.607   11.059
   12.068   12.310   13.735   14.435   14.736   15.418   15.747   15.984   17.332   17.338
   18.997   19.525   19.759   20.523   21.195   21.294   21.707   22.499   22.661   23.203
   23.855   24.149   24.194   24.670   25.848   26.311
            0.179167  0.103442  0.000000
  -44.563  -22.758  -22.531  -22.457  -11.950  -11.619   -1.221    0.278    0.300    0.996
    1.325    1.407    4.513    6.051    6.571    6.853    7.307    8.103    9.641   11.100
   12.074   12.287   13.718   14.419   14.776   15.424   15.764   15.945   17.289   17.313
   19.021   19.446   19.824   20.541   21.204   21.244   21.653   22.550   22.678   23.251
   23.896   24.145   24.186   24.648   25.845   26.276
            0.183333  0.105848  0.000000
  -44.563  -22.757  -22.535  -22.458  -11.941  -11.615   -1.207    0.260    0.262    0.976
    1.311    1.405    4.506    6.055    6.585    6.858    7.322    8.135    9.673   11.139
   12.080   12.265   13.704   14.402   14.815   15.428   15.782   15.907   17.248   17.291
   19.044   19.368   19.885   20.557   21.197   21.215   21.600   22.599   22.698   23.298
   23.936   24.140   24.178   24.631   25.839   26.244
            0.187500  0.108253  0.000000
  -44.562  -22.756  -22.539  -22.459  -11.932  -11.611   -1.193    0.221    0.246    0.957
    1.297    1.404    4.499    6.060    6.600    6.863    7.336    8.167    9.706   11.178
   12.084   12.244   13.694   14.385   14.854   15.429   15.801   15.870   17.207   17.270
   19.068   19.289   19.941   20.571   21.154   21.228   21.546   22.647   22.720   23.344
   23.974   24.134   24.171   24.621   25.833   26.215
            0.191667  0.110659  0.000000
  -44.562  -22.755  -22.542  -22.460  -11.923  -11.607   -1.179    0.182    0.228    0.938
    1.283    1.403    4.491    6.065    6.615    6.868    7.350    8.199    9.737   11.215
   12.087   12.225   13.688   14.367   14.894   15.427   15.821   15.834   17.167   17.252
   19.091   19.210   19.992   20.583   21.116   21.244   21.493   22.693   22.744   23.387
   24.009   24.128   24.166   24.617   25.825   26.189
            0.195833  0.113064  0.000000
  -44.562  -22.754  -22.546  -22.461  -11.914  -11.603   -1.165    0.143    0.210    0.920
    1.269    1.401    4.483    6.072    6.631    6.874    7.364    8.230    9.768   11.250
   12.088   12.206   13.686   14.349   14.933   15.423   15.800   15.841   17.127   17.236
   19.115   19.132   20.035   20.592   21.085   21.262   21.440   22.736   22.771   23.427
   24.043   24.120   24.160   24.622   25.817   26.166
            0.200000  0.115470  0.000000
  -44.561  -22.753  -22.550  -22.462  -11.904  -11.600   -1.151    0.104    0.191    0.902
    1.255    1.400    4.475    6.080    6.647    6.880    7.378    8.261    9.799   11.284
   12.088   12.190   13.688   14.331   14.971   15.415   15.766   15.861   17.089   17.222
   19.055   19.138   20.069   20.599   21.062   21.282   21.387   22.778   22.801   23.464
   24.074   24.112   24.156   24.635   25.809   26.147
            0.204167  0.117876  0.000000
  -44.561  -22.752  -22.554  -22.463  -11.895  -11.596   -1.137    0.065    0.171    0.885
    1.241    1.398    4.467    6.089    6.663    6.886    7.392    8.292    9.828   11.317
   12.087   12.174   13.694   14.312   15.009   15.406   15.733   15.883   17.053   17.210
   18.978   19.162   20.093   20.603   21.048   21.303   21.334   22.817   22.832   23.496
   24.102   24.103   24.153   24.657   25.802   26.132
            0.208333  0.120281  0.000000
  -44.561  -22.751  -22.559  -22.463  -11.885  -11.592   -1.122    0.026    0.151    0.869
    1.226    1.397    4.458    6.098    6.680    6.892    7.406    8.322    9.857   11.347
   12.084   12.160   13.704   14.294   15.045   15.393   15.702   15.905   17.017   17.200
   18.904   19.185   20.106   20.604   21.046   21.282   21.326   22.853   22.866   23.525
   24.094   24.126   24.150   24.688   25.795   26.121
            0.212500  0.122687  0.000000
  -44.560  -22.750  -22.563  -22.464  -11.876  -11.588   -1.108   -0.013    0.129    0.854
    1.212    1.395    4.449    6.109    6.697    6.899    7.420    8.352    9.884   11.376
   12.079   12.147   13.718   14.276   15.081   15.378   15.672   15.928   16.984   17.191
   18.831   19.209   20.109   20.604   21.053   21.230   21.350   22.886   22.902   23.550
   24.086   24.148   24.148   24.727   25.788   26.115
            0.216667  0.125093  0.000000
  -44.560  -22.749  -22.567  -22.465  -11.866  -11.584   -1.094   -0.051    0.107    0.839
    1.198    1.393    4.439    6.120    6.715    6.906    7.434    8.382    9.910   11.403
   12.074   12.136   13.735   14.258   15.115   15.360   15.643   15.952   16.952   17.183
   18.760   19.232   20.100   20.601   21.071   21.179   21.375   22.916   22.939   23.573
   24.078   24.148   24.166   24.775   25.781   26.112
            0.220833  0.127498  0.000000
  -44.560  -22.747  -22.571  -22.466  -11.856  -11.580   -1.080   -0.089    0.085    0.825
    1.183    1.392    4.430    6.133    6.733    6.913    7.448    8.411    9.935   11.427
   12.067   12.126   13.756   14.239   15.148   15.340   15.616   15.976   16.923   17.177
   18.692   19.255   20.083   20.597   21.097   21.128   21.400   22.942   22.977   23.595
   24.072   24.147   24.181   24.830   25.775   26.114
            0.225000  0.129904  0.000000
  -44.559  -22.746  -22.575  -22.467  -11.846  -11.575   -1.066   -0.127    0.062    0.812
    1.169    1.390    4.420    6.146    6.751    6.921    7.461    8.440    9.959   11.450
   12.060   12.117   13.781   14.222   15.179   15.318   15.590   16.001   16.897   17.170
   18.626   19.278   20.057   20.591   21.078   21.130   21.427   22.963   23.016   23.616
   24.067   24.148   24.192   24.891   25.769   26.120
            0.229167  0.132309  0.000000
  -44.559  -22.745  -22.579  -22.468  -11.837  -11.571   -1.052   -0.165    0.038    0.799
    1.155    1.388    4.410    6.160    6.770    6.929    7.475    8.469    9.981   11.470
   12.052   12.109   13.809   14.204   15.207   15.293   15.565   16.026   16.873   17.164
   18.563   19.301   20.026   20.583   21.028   21.168   21.454   22.980   23.056   23.639
   24.065   24.150   24.200   24.958   25.764   26.131
            0.233333  0.134715  0.000000
  -44.559  -22.744  -22.583  -22.469  -11.827  -11.567   -1.038   -0.202    0.013    0.787
    1.141    1.386    4.400    6.175    6.790    6.936    7.488    8.498   10.002   11.488
   12.044   12.103   13.840   14.187   15.233   15.267   15.542   16.053   16.853   17.157
   18.503   19.324   19.990   20.575   20.978   21.210   21.481   22.993   23.094   23.665
   24.065   24.152   24.204   25.029   25.758   26.145
            0.237500  0.137121  0.000000
  -44.558  -22.743  -22.587  -22.470  -11.817  -11.563   -1.025   -0.238   -0.012    0.776
    1.127    1.384    4.390    6.191    6.809    6.945    7.501    8.526   10.021   11.503
   12.036   12.097   13.874   14.171   15.239   15.256   15.520   16.079   16.836   17.149
   18.447   19.347   19.950   20.564   20.930   21.254   21.510   23.000   23.132   23.694
   24.069   24.156   24.205   25.104   25.752   26.164
            0.241667  0.139526  0.000000
  -44.558  -22.742  -22.592  -22.471  -11.806  -11.559   -1.012   -0.275   -0.037    0.765
    1.113    1.382    4.380    6.208    6.829    6.953    7.514    8.553   10.038   11.515
   12.029   12.093   13.910   14.154   15.209   15.275   15.500   16.107   16.823   17.140
   18.395   19.369   19.908   20.553   20.881   21.299   21.538   23.004   23.167   23.726
   24.078   24.160   24.203   25.181   25.747   26.185
            0.245833  0.141932  0.000000
  -44.558  -22.741  -22.596  -22.472  -11.796  -11.555   -0.999   -0.310   -0.063    0.755
    1.099    1.380    4.370    6.225    6.850    6.961    7.527    8.581   10.054   11.525
   12.022   12.090   13.948   14.139   15.178   15.291   15.481   16.135   16.815   17.130
   18.348   19.392   19.864   20.541   20.834   21.344   21.567   23.003   23.199   23.763
   24.092   24.165   24.198   25.261   25.741   26.210
            0.250000  0.144338  0.000000
  -44.557  -22.740  -22.600  -22.473  -11.786  -11.550   -0.986   -0.345   -0.089    0.745
    1.085    1.378    4.360    6.243    6.871    6.969    7.540    8.608   10.069   11.532
   12.016   12.087   13.988   14.124   15.146   15.302   15.464   16.164   16.811   17.117
   18.305   19.414   19.819   20.528   20.787   21.389   21.597   23.000   23.228   23.803
   24.111   24.171   24.190   25.342   25.735   26.238
            0.254167  0.146743  0.000000
  -44.557  -22.738  -22.604  -22.473  -11.776  -11.546   -0.974   -0.379   -0.115    0.736
    1.071    1.376    4.349    6.262    6.892    6.978    7.552    8.634   10.081   11.535
   12.011   12.085   14.030   14.109   15.113   15.310   15.449   16.194   16.812   17.102
   18.267   19.436   19.773   20.515   20.741   21.431   21.626   22.994   23.253   23.846
   24.136   24.177   24.180   25.425   25.729   26.268
            0.258333  0.149149  0.000000
  -44.557  -22.737  -22.608  -22.474  -11.766  -11.542   -0.963   -0.412   -0.142    0.727
    1.057    1.374    4.339    6.282    6.913    6.987    7.564    8.661   10.092   11.536
   12.008   12.084   14.073   14.096   15.079   15.313   15.435   16.224   16.817   17.085
   18.234   19.458   19.727   20.500   20.695   21.472   21.656   22.987   23.275   23.894
   24.167   24.168   24.185   25.507   25.723   26.301
            0.262500  0.151554  0.000000
  -44.556  -22.736  -22.613  -22.475  -11.756  -11.538   -0.953   -0.445   -0.169    0.719
    1.044    1.372    4.329    6.302    6.935    6.995    7.576    8.687   10.102   11.534
   12.006   12.083   14.082   14.117   15.045   15.312   15.424   16.254   16.828   17.064
   18.206   19.480   19.681   20.486   20.651   21.509   21.687   22.979   23.291   23.944
   24.152   24.193   24.206   25.590   25.716   26.334
            0.266667  0.153960  0.000000
  -44.556  -22.735  -22.617  -22.476  -11.746  -11.533   -0.943   -0.476   -0.196    0.711
    1.030    1.369    4.319    6.323    6.957    7.004    7.588    8.713   10.110   11.529
   12.006   12.082   14.069   14.161   15.010   15.307   15.415   16.285   16.844   17.041
   18.183   19.502   19.636   20.471   20.607   21.543   21.717   22.970   23.304   23.997
   24.136   24.202   24.250   25.671   25.709   26.369
            0.270833  0.156366  0.000000
  -44.556  -22.734  -22.621  -22.477  -11.735  -11.529   -0.935   -0.505   -0.223    0.704
    1.017    1.367    4.309    6.345    6.980    7.013    7.600    8.738   10.116   11.522
   12.006   12.082   14.056   14.206   14.976   15.298   15.408   16.317   16.864   17.015
   18.165   19.523   19.591   20.455   20.564   21.573   21.748   22.963   23.314   24.052
   24.118   24.212   24.299   25.702   25.751   26.404
            0.275000  0.158771  0.000000
  -44.555  -22.733  -22.625  -22.478  -11.725  -11.525   -0.928   -0.533   -0.250    0.697
    1.004    1.365    4.300    6.367    7.003    7.022    7.611    8.763   10.121   11.513
   12.008   12.082   14.044   14.250   14.942   15.284   15.404   16.349   16.888   16.988
   18.152   19.545   19.547   20.440   20.521   21.599   21.779   22.956   23.321   24.099
   24.110   24.222   24.352   25.695   25.830   26.439
            0.279167  0.161177  0.000000
  -44.555  -22.732  -22.629  -22.479  -11.715  -11.521   -0.923   -0.558   -0.277    0.690
    0.990    1.363    4.290    6.390    7.026    7.031    7.622    8.788   10.125   11.501
   12.011   12.081   14.031   14.294   14.908   15.267   15.403   16.382   16.917   16.958
   18.143   19.504   19.566   20.424   20.480   21.621   21.810   22.952   23.325   24.079
   24.169   24.233   24.410   25.687   25.905   26.473
            0.283333  0.163583  0.000000
  -44.555  -22.731  -22.633  -22.480  -11.705  -11.516   -0.921   -0.581   -0.304    0.684
    0.977    1.360    4.281    6.414    7.040    7.049    7.633    8.812   10.127   11.488
   12.015   12.081   14.018   14.337   14.875   15.246   15.404   16.415   16.926   16.950
   18.138   19.462   19.587   20.409   20.439   21.637   21.840   22.949   23.328   24.058
   24.230   24.245   24.470   25.680   25.977   26.506
            0.287500  0.165988  0.000000
  -44.554  -22.730  -22.637  -22.481  -11.695  -11.512   -0.921   -0.600   -0.331    0.678
    0.965    1.358    4.271    6.438    7.049    7.073    7.644    8.836   10.128   11.473
   12.020   12.080   14.005   14.378   14.843   15.223   15.409   16.449   16.893   16.987
   18.136   19.421   19.608   20.394   20.400   21.649   21.871   22.948   23.330   24.036
   24.257   24.293   24.532   25.673   26.045   26.537
            0.291667  0.168394  0.000000
  -44.554  -22.728  -22.641  -22.482  -11.685  -11.508   -0.925   -0.616   -0.358    0.672
    0.952    1.355    4.262    6.462    7.057    7.097    7.655    8.860   10.127   11.457
   12.026   12.079   13.991   14.417   14.812   15.197   15.417   16.483   16.860   17.026
   18.137   19.381   19.630   20.361   20.378   21.655   21.901   22.950   23.331   24.013
   24.270   24.357   24.596   25.666   26.107   26.565
            0.295833  0.170799  0.000000
  -44.554  -22.727  -22.645  -22.483  -11.675  -11.504   -0.932   -0.628   -0.385    0.667
    0.939    1.353    4.253    6.487    7.066    7.121    7.665    8.884   10.126   11.441
   12.031   12.077   13.976   14.454   14.783   15.168   15.430   16.517   16.827   17.069
   18.141   19.342   19.651   20.323   20.363   21.656   21.930   22.954   23.332   23.990
   24.284   24.422   24.659   25.661   26.164   26.589
            0.300000  0.173205  0.000000
  -44.553  -22.726  -22.649  -22.483  -11.665  -11.500   -0.943   -0.637   -0.412    0.662
    0.927    1.351    4.245    6.513    7.075    7.146    7.675    8.907   10.123   11.423
   12.037   12.075   13.959   14.488   14.756   15.137   15.446   16.552   16.794   17.114
   18.147   19.305   19.672   20.286   20.349   21.653   21.959   22.960   23.334   23.967
   24.298   24.488   24.722   25.657   26.214   26.609
            0.304167  0.175611  0.000000
  -44.553  -22.725  -22.653  -22.484  -11.655  -11.495   -0.958   -0.641   -0.438    0.657
    0.915    1.348    4.237    6.539    7.084    7.170    7.685    8.929   10.119   11.405
   12.044   12.073   13.941   14.520   14.731   15.104   15.466   16.587   16.761   17.162
   18.155   19.270   19.692   20.251   20.334   21.644   21.987   22.968   23.336   23.943
   24.313   24.554   24.783   25.655   26.256   26.624
            0.308333  0.178016  0.000000
  -44.553  -22.724  -22.657  -22.485  -11.645  -11.491   -0.975   -0.643   -0.465    0.653
    0.903    1.346    4.229    6.565    7.092    7.195    7.694    8.952   10.115   11.386
   12.050   12.069   13.920   14.548   14.707   15.069   15.491   16.622   16.730   17.211
   18.165   19.236   19.713   20.216   20.320   21.632   22.014   22.978   23.339   23.920
   24.328   24.621   24.840   25.657   26.292   26.633
            0.312500  0.180422  0.000000
  -44.552  -22.723  -22.661  -22.486  -11.636  -11.487   -0.994   -0.642   -0.491    0.648
    0.891    1.343    4.221    6.592    7.101    7.220    7.704    8.974   10.109   11.368
   12.057   12.066   13.898   14.573   14.686   15.033   15.519   16.658   16.701   17.263
   18.176   19.204   19.734   20.182   20.307   21.615   22.040   22.989   23.344   23.896
   24.344   24.688   24.892   25.662   26.320   26.634
            0.316667  0.182828  0.000000
  -44.552  -22.722  -22.664  -22.487  -11.626  -11.483   -1.016   -0.638   -0.517    0.644
    0.879    1.341    4.213    6.619    7.109    7.245    7.713    8.996   10.103   11.349
   12.062   12.063   13.873   14.595   14.667   14.996   15.552   16.673   16.694   17.316
   18.188   19.173   19.755   20.150   20.294   21.594   22.064   23.002   23.351   23.872
   24.360   24.755   24.937   25.673   26.340   26.629
            0.320833  0.185233  0.000000
  -44.552  -22.721  -22.668  -22.488  -11.616  -11.479   -1.038   -0.633   -0.542    0.640
    0.868    1.339    4.206    6.646    7.117    7.270    7.722    9.017   10.095   11.330
   12.057   12.069   13.846   14.614   14.650   14.958   15.589   16.647   16.730   17.370
   18.200   19.144   19.776   20.119   20.282   21.571   22.088   23.015   23.360   23.849
   24.377   24.821   24.975   25.691   26.355   26.615
            0.325000  0.187639  0.000000
  -44.551  -22.720  -22.672  -22.488  -11.607  -11.475   -1.062   -0.627   -0.568    0.636
    0.857    1.336    4.199    6.674    7.126    7.295    7.730    9.038   10.088   11.311
   12.052   12.076   13.817   14.630   14.635   14.920   15.629   16.625   16.766   17.425
   18.213   19.117   19.797   20.089   20.270   21.544   22.109   23.028   23.371   23.825
   24.394   24.887   25.002   25.715   26.364   26.593
            0.329167  0.190044  0.000000
  -44.551  -22.719  -22.675  -22.489  -11.597  -11.471   -1.086   -0.620   -0.592    0.633
    0.846    1.334    4.193    6.702    7.134    7.321    7.739    9.059   10.079   11.292
   12.046   12.082   13.785   14.621   14.642   14.880   15.672   16.604   16.802   17.482
   18.227   19.092   19.818   20.060   20.260   21.514   22.129   23.042   23.384   23.802
   24.411   24.952   25.020   25.747   26.368   26.563
            0.333333  0.192450  0.000000
  -44.551  -22.718  -22.679  -22.490  -11.588  -11.467   -1.110   -0.617   -0.612    0.630
    0.835    1.331    4.186    6.730    7.141    7.346    7.747    9.079   10.070   11.274
   12.040   12.088   13.751   14.608   14.653   14.840   15.718   16.587   16.838   17.539
   18.241   19.069   19.840   20.033   20.249   21.482   22.147   23.055   23.400   23.779
   24.428   25.016   25.027   25.786   26.367   26.525
            0.337500  0.194856  0.000000
  -44.550  -22.717  -22.683  -22.491  -11.579  -11.464   -1.135   -0.641   -0.604    0.626
    0.824    1.329    4.180    6.758    7.149    7.372    7.755    9.099   10.060   11.256
   12.034   12.093   13.716   14.597   14.661   14.800   15.767   16.574   16.874   17.596
   18.255   19.047   19.861   20.007   20.240   21.448   22.164   23.068   23.418   23.756
   24.446   25.026   25.079   25.829   26.363   26.480
            0.341667  0.197261  0.000000
  -44.550  -22.716  -22.686  -22.492  -11.570  -11.460   -1.160   -0.665   -0.596    0.623
    0.814    1.327    4.175    6.787    7.157    7.397    7.763    9.119   10.050   11.238
   12.027   12.099   13.679   14.585   14.667   14.759   15.817   16.563   16.910   17.654
   18.269   19.028   19.882   19.983   20.231   21.412   22.179   23.080   23.439   23.734
   24.464   25.016   25.140   25.874   26.355   26.428
            0.345833  0.199667  0.000000
  -44.550  -22.715  -22.689  -22.492  -11.561  -11.456   -1.184   -0.688   -0.587    0.620
    0.803    1.324    4.169    6.816    7.164    7.422    7.770    9.138   10.039   11.220
   12.020   12.105   13.640   14.574   14.671   14.718   15.869   16.557   16.946   17.712
   18.283   19.011   19.904   19.960   20.223   21.375   22.192   23.091   23.462   23.712
   24.482   24.998   25.200   25.921   26.345   26.369
            0.350000  0.202073  0.000000
  -44.549  -22.714  -22.693  -22.493  -11.552  -11.452   -1.209   -0.711   -0.578    0.618
    0.793    1.322    4.164    6.845    7.171    7.448    7.777    9.157   10.028   11.203
   12.013   12.110   13.601   14.562   14.674   14.678   15.923   16.553   16.982   17.770
   18.297   18.996   19.926   19.939   20.216   21.336   22.203   23.101   23.487   23.691
   24.500   24.974   25.259   25.965   26.306   26.331
            0.354167  0.204478  0.000000
  -44.549  -22.713  -22.696  -22.494  -11.544  -11.449   -1.233   -0.734   -0.569    0.615
    0.784    1.320    4.159    6.874    7.178    7.473    7.784    9.175   10.017   11.186
   12.006   12.115   13.560   14.550   14.637   14.675   15.978   16.554   17.018   17.827
   18.311   18.983   19.919   19.948   20.210   21.296   22.213   23.109   23.515   23.670
   24.518   24.945   25.315   26.005   26.237   26.315
            0.358333  0.206884  0.000000
  -44.549  -22.712  -22.699  -22.495  -11.535  -11.445   -1.257   -0.756   -0.560    0.612
    0.774    1.317    4.155    6.903    7.185    7.498    7.791    9.193   10.005   11.170
   11.998   12.120   13.519   14.538   14.596   14.675   16.033   16.558   17.053   17.885
   18.325   18.972   19.902   19.970   20.204   21.254   22.221   23.116   23.544   23.650
   24.536   24.911   25.370   26.037   26.165   26.297
            0.362500  0.209289  0.000000
  -44.549  -22.712  -22.702  -22.495  -11.527  -11.442   -1.280   -0.777   -0.552    0.610
    0.765    1.315    4.151    6.932    7.192    7.523    7.798    9.210    9.993   11.154
   11.991   12.125   13.477   14.524   14.556   14.675   16.089   16.566   17.088   17.941
   18.339   18.963   19.886   19.993   20.200   21.212   22.228   23.121   23.576   23.630
   24.554   24.873   25.423   26.059   26.089   26.277
            0.366667  0.211695  0.000000
  -44.548  -22.711  -22.705  -22.496  -11.519  -11.438   -1.303   -0.798   -0.543    0.608
    0.756    1.313    4.147    6.961    7.198    7.548    7.804    9.228    9.981   11.138
   11.983   12.129   13.435   14.510   14.516   14.673   16.146   16.577   17.123   17.997
   18.352   18.956   19.872   20.015   20.195   21.170   22.233   23.124   23.609   23.610
   24.572   24.831   25.474   26.010   26.071   26.256
            0.370833  0.214101  0.000000
  -44.548  -22.710  -22.708  -22.497  -11.511  -11.435   -1.325   -0.819   -0.534    0.606
    0.747    1.311    4.143    6.990    7.205    7.572    7.810    9.244    9.968   11.123
   11.975   12.133   13.394   14.476   14.494   14.671   16.202   16.591   17.157   18.052
   18.366   18.952   19.861   20.038   20.192   21.126   22.238   23.126   23.592   23.643
   24.590   24.786   25.522   25.929   26.071   26.233
            0.375000  0.216506  0.000000
  -44.548  -22.711  -22.709  -22.497  -11.503  -11.432   -1.347   -0.839   -0.526    0.604
    0.739    1.308    4.140    7.018    7.211    7.597    7.816    9.260    9.956   11.109
   11.967   12.138   13.352   14.437   14.477   14.667   16.258   16.608   17.190   18.106
   18.379   18.950   19.851   20.061   20.190   21.082   22.241   23.126   23.573   23.678
   24.607   24.738   25.569   25.846   26.062   26.210
            0.379167  0.218912  0.000000
  -44.548  -22.714  -22.708  -22.498  -11.495  -11.429   -1.368   -0.858   -0.518    0.602
    0.730    1.306    4.137    7.047    7.217    7.621    7.822    9.276    9.943   11.095
   11.959   12.142   13.310   14.398   14.459   14.664   16.314   16.628   17.224   18.158
   18.391   18.950   19.844   20.085   20.188   21.037   22.244   23.124   23.556   23.714
   24.625   24.688   25.613   25.762   26.043   26.184
            0.383333  0.221318  0.000000
  -44.547  -22.717  -22.707  -22.499  -11.488  -11.425   -1.389   -0.877   -0.510    0.600
    0.722    1.304    4.134    7.075    7.222    7.645    7.827    9.291    9.931   11.081
   11.952   12.146   13.269   14.360   14.441   14.660   16.369   16.651   17.256   18.208
   18.404   18.952   19.840   20.108   20.187   20.992   22.246   23.120   23.539   23.750
   24.636   24.642   25.653   25.677   26.019   26.092
            0.387500  0.223723  0.000000
  -44.547  -22.720  -22.707  -22.499  -11.481  -11.422   -1.409   -0.895   -0.502    0.598
    0.714    1.302    4.131    7.104    7.228    7.668    7.832    9.306    9.918   11.068
   11.944   12.149   13.229   14.323   14.421   14.655   16.423   16.676   17.288   18.257
   18.416   18.956   19.838   20.132   20.186   20.947   22.248   23.115   23.523   23.785
   24.583   24.658   25.591   25.690   25.990   26.001
            0.391667  0.226129  0.000000
  -44.547  -22.722  -22.706  -22.500  -11.474  -11.419   -1.429   -0.913   -0.494    0.597
    0.707    1.300    4.129    7.132    7.233    7.691    7.837    9.320    9.906   11.056
   11.936   12.153   13.190   14.286   14.400   14.650   16.477   16.703   17.319   18.303
   18.429   18.963   19.839   20.156   20.187   20.902   22.250   23.107   23.507   23.818
   24.529   24.674   25.505   25.722   25.912   25.959
            0.395833  0.228534  0.000000
  -44.547  -22.725  -22.705  -22.500  -11.467  -11.417   -1.448   -0.930   -0.487    0.595
    0.700    1.298    4.127    7.159    7.238    7.713    7.842    9.333    9.894   11.044
   11.928   12.156   13.151   14.250   14.379   14.645   16.530   16.731   17.350   18.348
   18.441   18.972   19.843   20.180   20.187   20.856   22.251   23.098   23.492   23.849
   24.477   24.689   25.419   25.747   25.825   25.927
            0.400000  0.230940  0.000000
  -44.547  -22.727  -22.705  -22.501  -11.460  -11.414   -1.466   -0.947   -0.480    0.594
    0.693    1.296    4.125    7.186    7.243    7.735    7.847    9.346    9.883   11.033
   11.919   12.160   13.114   14.215   14.357   14.639   16.581   16.761   17.380   18.389
   18.453   18.983   19.850   20.189   20.205   20.811   22.252   23.088   23.478   23.875
   24.427   24.704   25.333   25.741   25.763   25.893
            0.404167  0.233346  0.000000
  -44.546  -22.730  -22.704  -22.501  -11.454  -11.411   -1.484   -0.963   -0.473    0.592
    0.686    1.295    4.123    7.213    7.247    7.757    7.851    9.358    9.871   11.022
   11.911   12.163   13.078   14.181   14.335   14.634   16.632   16.793   17.408   18.428
   18.464   18.996   19.859   20.190   20.229   20.765   22.254   23.076   23.464   23.895
   24.383   24.717   25.248   25.658   25.771   25.860
            0.408333  0.235751  0.000000
  -44.546  -22.732  -22.703  -22.502  -11.448  -11.409   -1.501   -0.978   -0.466    0.591
    0.679    1.293    4.122    7.239    7.252    7.778    7.855    9.369    9.861   11.011
   11.903   12.166   13.043   14.148   14.313   14.628   16.681   16.825   17.436   18.465
   18.476   19.011   19.872   20.193   20.254   20.719   22.255   23.063   23.451   23.904
   24.348   24.730   25.163   25.579   25.768   25.828
            0.412500  0.238157  0.000000
  -44.546  -22.734  -22.703  -22.502  -11.442  -11.406   -1.517   -0.993   -0.460    0.590
    0.673    1.291    4.120    7.256    7.265    7.799    7.859    9.379    9.851   11.002
   11.894   12.169   13.010   14.116   14.290   14.622   16.728   16.857   17.463   18.488
   18.498   19.028   19.887   20.195   20.278   20.673   22.258   23.048   23.439   23.900
   24.326   24.741   25.079   25.502   25.759   25.797
            0.416667  0.240563  0.000000
  -44.546  -22.736  -22.702  -22.503  -11.436  -11.404   -1.532   -1.007   -0.454    0.589
    0.667    1.290    4.119    7.260    7.290    7.818    7.863    9.389    9.841   10.992
   11.886   12.171   12.979   14.085   14.267   14.616   16.774   16.890   17.489   18.500
   18.529   19.047   19.905   20.198   20.303   20.628   22.260   23.033   23.428   23.881
   24.317   24.751   24.996   25.429   25.743   25.766
            0.420833  0.242968  0.000000
  -44.546  -22.738  -22.702  -22.503  -11.431  -11.402   -1.547   -1.020   -0.448    0.588
    0.662    1.288    4.118    7.263    7.315    7.838    7.866    9.397    9.832   10.983
   11.877   12.174   12.949   14.055   14.244   14.610   16.818   16.922   17.514   18.511
   18.557   19.067   19.926   20.201   20.327   20.582   22.263   23.016   23.418   23.847
   24.323   24.758   24.914   25.360   25.725   25.737
            0.425000  0.245374  0.000000
  -44.545  -22.740  -22.701  -22.504  -11.426  -11.399   -1.561   -1.033   -0.443    0.587
    0.656    1.287    4.117    7.267    7.338    7.856    7.870    9.405    9.824   10.975
   11.868   12.177   12.921   14.026   14.222   14.604   16.861   16.955   17.538   18.523
   18.582   19.090   19.949   20.205   20.351   20.537   22.267   22.999   23.408   23.803
   24.338   24.764   24.834   25.295   25.704   25.709
            0.429167  0.247779  0.000000
  -44.545  -22.742  -22.701  -22.504  -11.421  -11.397   -1.575   -1.045   -0.438    0.586
    0.651    1.285    4.116    7.270    7.361    7.873    7.874    9.411    9.817   10.967
   11.859   12.179   12.894   13.998   14.200   14.599   16.901   16.987   17.561   18.534
   18.605   19.115   19.974   20.209   20.375   20.491   22.271   22.981   23.399   23.751
   24.360   24.756   24.765   25.236   25.681   25.682
            0.433333  0.250185  0.000000
  -44.545  -22.743  -22.700  -22.504  -11.416  -11.395   -1.588   -1.057   -0.433    0.585
    0.646    1.284    4.116    7.273    7.383    7.876    7.891    9.417    9.811   10.960
   11.849   12.181   12.870   13.972   14.178   14.593   16.940   17.018   17.583   18.546
   18.624   19.141   20.001   20.213   20.399   20.446   22.277   22.963   23.391   23.695
   24.386   24.680   24.763   25.183   25.657   25.659
            0.437500  0.252591  0.000000
  -44.545  -22.745  -22.700  -22.505  -11.412  -11.394   -1.600   -1.067   -0.428    0.584
    0.642    1.283    4.115    7.276    7.404    7.879    7.907    9.422    9.806   10.953
   11.840   12.183   12.847   13.947   14.157   14.587   16.977   17.048   17.603   18.557
   18.642   19.168   20.030   20.216   20.402   20.422   22.283   22.945   23.384   23.636
   24.414   24.606   24.756   25.137   25.633   25.637
            0.441667  0.254996  0.000000
  -44.545  -22.746  -22.699  -22.505  -11.408  -11.392   -1.611   -1.078   -0.424    0.583
    0.638    1.281    4.115    7.279    7.425    7.881    7.922    9.425    9.802   10.947
   11.831   12.185   12.827   13.924   14.137   14.582   17.011   17.077   17.622   18.569
   18.657   19.197   20.059   20.220   20.357   20.444   22.290   22.926   23.378   23.576
   24.443   24.534   24.743   25.100   25.611   25.615
            0.445833  0.257402  0.000000
  -44.545  -22.748  -22.699  -22.505  -11.404  -11.390   -1.621   -1.087   -0.420    0.582
    0.634    1.280    4.115    7.281    7.444    7.884    7.936    9.428    9.798   10.941
   11.821   12.187   12.808   13.901   14.117   14.577   17.044   17.104   17.640   18.580
   18.670   19.227   20.089   20.224   20.313   20.466   22.298   22.908   23.373   23.516
   24.466   24.472   24.724   25.071   25.590   25.595
            0.450000  0.259808  0.000000
  -44.545  -22.749  -22.698  -22.506  -11.400  -11.389   -1.631   -1.096   -0.416    0.582
    0.630    1.279    4.114    7.284    7.462    7.886    7.950    9.430    9.796   10.935
   11.812   12.189   12.791   13.881   14.099   14.572   17.074   17.130   17.657   18.590
   18.682   19.259   20.119   20.228   20.269   20.487   22.307   22.891   23.368   23.456
   24.400   24.501   24.700   25.050   25.570   25.575
            0.454167  0.262213  0.000000
  -44.545  -22.750  -22.698  -22.506  -11.397  -11.387   -1.640   -1.104   -0.413    0.581
    0.627    1.278    4.114    7.286    7.479    7.888    7.963    9.431    9.794   10.930
   11.803   12.191   12.776   13.862   14.081   14.567   17.102   17.155   17.673   18.601
   18.691   19.291   20.149   20.226   20.232   20.507   22.317   22.873   23.365   23.398
   24.337   24.529   24.672   25.036   25.552   25.557
            0.458333  0.264619  0.000000
  -44.544  -22.751  -22.698  -22.506  -11.394  -11.386   -1.648   -1.111   -0.410    0.581
    0.624    1.277    4.114    7.288    7.494    7.890    7.974    9.431    9.793   10.926
   11.794   12.192   12.762   13.844   14.065   14.563   17.128   17.177   17.687   18.611
   18.700   19.325   20.178   20.183   20.236   20.526   22.328   22.857   23.341   23.362
   24.278   24.555   24.642   25.027   25.535   25.540
            0.462500  0.267024  0.000000
  -44.544  -22.752  -22.698  -22.506  -11.391  -11.385   -1.656   -1.118   -0.407    0.580
    0.621    1.277    4.114    7.289    7.509    7.891    7.985    9.431    9.793   10.922
   11.785   12.194   12.750   13.828   14.050   14.559   17.151   17.198   17.700   18.620
   18.707   19.359   20.141   20.206   20.239   20.543   22.340   22.841   23.287   23.360
   24.223   24.580   24.611   25.022   25.520   25.524
            0.466667  0.269430  0.000000
  -44.544  -22.753  -22.697  -22.507  -11.389  -11.384   -1.662   -1.124   -0.404    0.580
    0.618    1.276    4.114    7.291    7.522    7.893    7.994    9.430    9.793   10.918
   11.778   12.195   12.740   13.813   14.036   14.555   17.172   17.217   17.711   18.629
   18.712   19.393   20.099   20.232   20.242   20.559   22.353   22.827   23.236   23.359
   24.172   24.581   24.602   25.020   25.506   25.510
            0.470833  0.271836  0.000000
  -44.544  -22.754  -22.697  -22.507  -11.386  -11.383   -1.668   -1.129   -0.402    0.580
    0.616    1.275    4.114    7.292    7.533    7.894    8.003    9.429    9.793   10.915
   11.770   12.196   12.731   13.800   14.023   14.552   17.191   17.233   17.722   18.637
   18.717   19.428   20.058   20.245   20.256   20.574   22.365   22.814   23.188   23.359
   24.126   24.553   24.623   25.019   25.493   25.497
            0.475000  0.274241  0.000000
  -44.544  -22.755  -22.697  -22.507  -11.385  -11.382   -1.673   -1.134   -0.400    0.579
    0.614    1.275    4.114    7.293    7.544    7.895    8.010    9.428    9.794   10.912
   11.764   12.197   12.723   13.789   14.013   14.549   17.207   17.248   17.731   18.645
   18.721   19.463   20.018   20.248   20.278   20.587   22.379   22.802   23.144   23.359
   24.085   24.527   24.641   25.019   25.482   25.487
            0.479167  0.276647  0.000000
  -44.544  -22.755  -22.697  -22.507  -11.383  -11.381   -1.678   -1.138   -0.399    0.579
    0.612    1.274    4.114    7.294    7.552    7.896    8.016    9.427    9.795   10.910
   11.758   12.198   12.717   13.780   14.003   14.546   17.221   17.260   17.738   18.651
   18.724   19.497   19.980   20.250   20.297   20.598   22.391   22.792   23.105   23.360
   24.049   24.505   24.657   25.019   25.473   25.477
            0.483333  0.279053  0.000000
  -44.544  -22.756  -22.697  -22.507  -11.382  -11.381   -1.681   -1.141   -0.397    0.579
    0.611    1.274    4.114    7.295    7.559    7.897    8.021    9.426    9.795   10.908
   11.753   12.198   12.712   13.772   13.996   14.544   17.232   17.270   17.744   18.656
   18.727   19.530   19.944   20.252   20.313   20.607   22.403   22.784   23.071   23.361
   24.019   24.486   24.670   25.020   25.465   25.470
            0.487500  0.281458  0.000000
  -44.544  -22.756  -22.696  -22.507  -11.381  -11.380   -1.684   -1.144   -0.396    0.579
    0.610    1.273    4.114    7.296    7.565    7.898    8.025    9.425    9.796   10.907
   11.749   12.199   12.709   13.766   13.990   14.542   17.241   17.278   17.749   18.661
   18.729   19.560   19.911   20.253   20.326   20.615   22.413   22.777   23.043   23.362
   23.995   24.471   24.681   25.021   25.459   25.464
            0.491667  0.283864  0.000000
  -44.544  -22.756  -22.696  -22.507  -11.380  -11.380   -1.686   -1.146   -0.395    0.578
    0.609    1.273    4.114    7.296    7.569    7.898    8.028    9.424    9.796   10.906
   11.746   12.199   12.706   13.761   13.985   14.541   17.248   17.284   17.753   18.664
   18.730   19.586   19.883   20.254   20.335   20.620   22.422   22.772   23.023   23.363
   23.978   24.461   24.688   25.021   25.455   25.459
            0.495833  0.286270  0.000000
  -44.544  -22.757  -22.696  -22.507  -11.380  -11.379   -1.687   -1.147   -0.395    0.578
    0.609    1.273    4.114    7.297    7.572    7.898    8.030    9.424    9.797   10.905
   11.745   12.200   12.704   13.759   13.983   14.541   17.251   17.287   17.755   18.665
   18.731   19.604   19.864   20.255   20.341   20.623   22.427   22.769   23.010   23.363
   23.968   24.454   24.693   25.022   25.452   25.457
            0.500000  0.288675  0.000000
  -44.544  -22.757  -22.696  -22.507  -11.380  -11.379   -1.688   -1.147   -0.395    0.578
    0.609    1.273    4.114    7.297    7.572    7.898    8.031    9.424    9.797   10.905
   11.744   12.200   12.704   13.758   13.982   14.540   17.253   17.289   17.755   18.666
   18.731   19.611   19.857   20.255   20.343   20.624   22.429   22.768   23.006   23.363
   23.964   24.452   24.694   25.022   25.451   25.456
            0.501389  0.286270  0.000000
  -44.544  -22.757  -22.696  -22.507  -11.380  -11.379   -1.688   -1.147   -0.395    0.578
    0.609    1.273    4.114    7.297    7.572    7.898    8.031    9.424    9.797   10.905
   11.744   12.200   12.704   13.756   13.983   14.540   17.252   17.288   17.755   18.659
   18.738   19.611   19.857   20.249   20.349   20.626   22.428   22.768   23.004   23.365
   23.965   24.452   24.695   25.018   25.452   25.459
            0.502778  0.283864  0.000000
  -44.544  -22.757  -22.696  -22.508  -11.380  -11.379   -1.687   -1.147   -0.395    0.577
    0.609    1.272    4.114    7.297    7.572    7.898    8.030    9.424    9.798   10.906
   11.745   12.200   12.703   13.751   13.988   14.540   17.251   17.287   17.752   18.642
   18.754   19.612   19.856   20.235   20.366   20.631   22.425   22.767   22.998   23.371
   23.966   24.454   24.697   25.006   25.453   25.470
            0.504167  0.281458  0.000000
  -44.544  -22.757  -22.696  -22.508  -11.380  -11.379   -1.687   -1.147   -0.395    0.576
    0.610    1.271    4.115    7.298    7.572    7.897    8.029    9.425    9.800   10.908
   11.746   12.200   12.702   13.743   13.996   14.540   17.248   17.285   17.748   18.621
   18.773   19.612   19.854   20.217   20.388   20.639   22.420   22.766   22.989   23.379
   23.969   24.456   24.701   24.988   25.455   25.486
            0.505556  0.279053  0.000000
  -44.544  -22.757  -22.696  -22.508  -11.380  -11.379   -1.686   -1.147   -0.395    0.574
    0.610    1.269    4.116    7.299    7.572    7.896    8.029    9.426    9.802   10.911
   11.747   12.200   12.701   13.733   14.007   14.541   17.245   17.283   17.743   18.599
   18.793   19.613   19.851   20.198   20.412   20.650   22.414   22.764   22.977   23.390
   23.973   24.459   24.706   24.965   25.458   25.506
            0.506944  0.276647  0.000000
  -44.544  -22.756  -22.696  -22.508  -11.380  -11.379   -1.686   -1.146   -0.394    0.572
    0.611    1.266    4.118    7.301    7.571    7.895    8.027    9.427    9.804   10.914
   11.748   12.200   12.700   13.721   14.019   14.541   17.240   17.279   17.736   18.575
   18.814   19.613   19.849   20.179   20.438   20.664   22.406   22.762   22.962   23.403
   23.978   24.464   24.712   24.938   25.461   25.530
            0.508333  0.274241  0.000000
  -44.544  -22.756  -22.696  -22.508  -11.380  -11.379   -1.685   -1.146   -0.394    0.570
    0.612    1.263    4.120    7.303    7.571    7.893    8.026    9.429    9.808   10.918
   11.749   12.201   12.698   13.708   14.032   14.541   17.234   17.275   17.727   18.551
   18.835   19.613   19.847   20.161   20.464   20.680   22.397   22.759   22.945   23.418
   23.984   24.469   24.719   24.907   25.466   25.556
            0.509722  0.271836  0.000000
  -44.544  -22.756  -22.696  -22.508  -11.380  -11.379   -1.684   -1.146   -0.394    0.567
    0.613    1.259    4.122    7.305    7.571    7.891    8.024    9.430    9.811   10.922
   11.751   12.201   12.696   13.694   14.046   14.541   17.228   17.270   17.718   18.526
   18.855   19.613   19.845   20.143   20.491   20.699   22.385   22.756   22.927   23.433
   23.992   24.474   24.728   24.874   25.471   25.584
            0.511111  0.269430  0.000000
  -44.544  -22.756  -22.696  -22.508  -11.379  -11.378   -1.683   -1.145   -0.394    0.565
    0.614    1.255    4.125    7.308    7.570    7.889    8.023    9.432    9.816   10.928
   11.754   12.201   12.693   13.679   14.062   14.541   17.220   17.264   17.706   18.501
   18.876   19.611   19.845   20.127   20.518   20.721   22.372   22.753   22.909   23.449
   24.001   24.481   24.738   24.840   25.477   25.612
            0.512500  0.267024  0.000000
  -44.544  -22.756  -22.696  -22.509  -11.379  -11.378   -1.681   -1.145   -0.393    0.561
    0.615    1.250    4.128    7.311    7.569    7.886    8.020    9.434    9.821   10.934
   11.756   12.202   12.690   13.663   14.077   14.542   17.212   17.258   17.694   18.475
   18.897   19.609   19.846   20.111   20.546   20.744   22.358   22.749   22.889   23.466
   24.011   24.488   24.748   24.804   25.485   25.642
            0.513889  0.264619  0.000000
  -44.544  -22.756  -22.696  -22.509  -11.379  -11.378   -1.680   -1.145   -0.393    0.558
    0.615    1.245    4.131    7.314    7.569    7.883    8.018    9.437    9.827   10.940
   11.759   12.202   12.687   13.648   14.094   14.542   17.202   17.251   17.680   18.448
   18.917   19.605   19.848   20.097   20.573   20.769   22.341   22.745   22.869   23.482
   24.022   24.495   24.759   24.768   25.493   25.671
            0.515278  0.262213  0.000000
  -44.544  -22.756  -22.696  -22.509  -11.379  -11.377   -1.678   -1.144   -0.393    0.554
    0.616    1.239    4.135    7.318    7.568    7.880    8.016    9.439    9.833   10.948
   11.762   12.203   12.683   13.632   14.110   14.542   17.192   17.243   17.665   18.421
   18.938   19.600   19.852   20.085   20.601   20.796   22.324   22.740   22.850   23.499
   24.035   24.502   24.732   24.771   25.502   25.701
            0.516667  0.259808  0.000000
  -44.544  -22.756  -22.696  -22.510  -11.379  -11.377   -1.677   -1.144   -0.392    0.551
    0.617    1.233    4.139    7.322    7.567    7.877    8.013    9.442    9.840   10.956
   11.765   12.204   12.679   13.616   14.126   14.543   17.181   17.235   17.648   18.393
   18.958   19.594   19.858   20.073   20.628   20.825   22.305   22.736   22.830   23.515
   24.049   24.508   24.697   24.784   25.513   25.731
            0.518056  0.257402  0.000000
  -44.544  -22.755  -22.696  -22.510  -11.379  -11.377   -1.675   -1.143   -0.392    0.547
    0.617    1.226    4.143    7.326    7.566    7.874    8.010    9.445    9.848   10.965
   11.769   12.204   12.674   13.601   14.143   14.543   17.168   17.226   17.631   18.364
   18.979   19.586   19.866   20.063   20.655   20.855   22.284   22.731   22.811   23.531
   24.065   24.511   24.665   24.797   25.524   25.760
            0.519444  0.254996  0.000000
  -44.544  -22.755  -22.696  -22.510  -11.378  -11.376   -1.673   -1.142   -0.391    0.542
    0.618    1.218    4.147    7.331    7.564    7.870    8.007    9.448    9.856   10.974
   11.773   12.205   12.669   13.585   14.160   14.544   17.155   17.216   17.613   18.335
   18.999   19.577   19.876   20.054   20.681   20.886   22.263   22.726   22.792   23.547
   24.082   24.508   24.639   24.810   25.537   25.790
            0.520833  0.252591  0.000000
  -44.544  -22.755  -22.696  -22.511  -11.378  -11.376   -1.670   -1.142   -0.391    0.538
    0.618    1.210    4.152    7.335    7.563    7.866    8.004    9.451    9.865   10.984
   11.777   12.206   12.664   13.570   14.176   14.544   17.141   17.206   17.593   18.306
   19.019   19.568   19.887   20.047   20.707   20.919   22.240   22.721   22.774   23.563
   24.100   24.496   24.623   24.823   25.550   25.818
            0.522222  0.250185  0.000000
  -44.544  -22.755  -22.696  -22.511  -11.378  -11.375   -1.668   -1.141   -0.390    0.533
    0.619    1.202    4.157    7.341    7.561    7.862    8.001    9.454    9.875   10.995
   11.781   12.207   12.658   13.555   14.193   14.545   17.126   17.195   17.573   18.275
   19.040   19.557   19.899   20.041   20.732   20.952   22.216   22.716   22.756   23.578
   24.119   24.472   24.619   24.836   25.566   25.847
            0.523611  0.247779  0.000000
  -44.544  -22.754  -22.696  -22.512  -11.378  -11.375   -1.666   -1.140   -0.390    0.529
    0.619    1.193    4.163    7.346    7.560    7.857    7.998    9.457    9.885   11.006
   11.786   12.208   12.651   13.541   14.209   14.545   17.111   17.184   17.552   18.244
   19.060   19.547   19.913   20.036   20.756   20.987   22.191   22.712   22.740   23.593
   24.139   24.441   24.623   24.850   25.582   25.875
            0.525000  0.245374  0.000000
  -44.544  -22.754  -22.696  -22.512  -11.378  -11.374   -1.663   -1.140   -0.389    0.524
    0.619    1.184    4.169    7.352    7.558    7.853    7.995    9.460    9.896   11.018
   11.791   12.209   12.644   13.527   14.225   14.546   17.094   17.172   17.529   18.213
   19.080   19.535   19.927   20.033   20.780   21.022   22.164   22.707   22.724   23.608
   24.160   24.405   24.632   24.863   25.600   25.902
            0.526389  0.242968  0.000000
  -44.544  -22.754  -22.696  -22.513  -11.377  -11.374   -1.660   -1.139   -0.389    0.519
    0.620    1.174    4.175    7.358    7.556    7.848    7.991    9.464    9.908   11.031
   11.796   12.210   12.636   13.514   14.241   14.547   17.077   17.159   17.507   18.181
   19.100   19.524   19.943   20.031   20.802   21.058   22.137   22.703   22.710   23.623
   24.182   24.366   24.644   24.875   25.619   25.929
            0.527778  0.240563  0.000000
  -44.544  -22.754  -22.696  -22.514  -11.377  -11.373   -1.657   -1.138   -0.388    0.513
    0.620    1.163    4.181    7.364    7.553    7.843    7.988    9.467    9.920   11.044
   11.802   12.211   12.627   13.501   14.257   14.547   17.058   17.146   17.483   18.148
   19.120   19.512   19.959   20.030   20.823   21.095   22.109   22.697   22.698   23.638
   24.205   24.327   24.658   24.888   25.639   25.956
            0.529167  0.238157  0.000000
  -44.544  -22.753  -22.696  -22.514  -11.377  -11.373   -1.654   -1.137   -0.387    0.508
    0.620    1.153    4.188    7.370    7.551    7.838    7.985    9.471    9.933   11.058
   11.807   12.212   12.618   13.488   14.273   14.548   17.040   17.133   17.459   18.115
   19.140   19.501   19.975   20.031   20.843   21.132   22.081   22.686   22.695   23.653
   24.228   24.286   24.673   24.900   25.660   25.982
            0.530556  0.235751  0.000000
  -44.544  -22.753  -22.696  -22.515  -11.376  -11.372   -1.651   -1.136   -0.387    0.502
    0.620    1.141    4.195    7.377    7.548    7.833    7.981    9.474    9.946   11.072
   11.813   12.213   12.609   13.477   14.289   14.548   17.020   17.119   17.434   18.082
   19.160   19.489   19.992   20.033   20.862   21.170   22.051   22.675   22.691   23.667
   24.245   24.252   24.688   24.912   25.683   26.008
            0.531944  0.233346  0.000000
  -44.544  -22.753  -22.695  -22.515  -11.376  -11.371   -1.647   -1.135   -0.386    0.497
    0.620    1.130    4.202    7.384    7.545    7.828    7.978    9.478    9.960   11.087
   11.820   12.215   12.598   13.466   14.304   14.549   17.000   17.104   17.409   18.048
   19.180   19.478   20.009   20.036   20.879   21.209   22.021   22.667   22.688   23.682
   24.204   24.277   24.705   24.923   25.708   26.033
            0.533333  0.230940  0.000000
  -44.544  -22.752  -22.695  -22.516  -11.376  -11.371   -1.644   -1.134   -0.385    0.491
    0.619    1.118    4.210    7.391    7.542    7.822    7.974    9.481    9.975   11.103
   11.826   12.216   12.587   13.456   14.319   14.550   16.979   17.089   17.383   18.013
   19.199   19.467   20.027   20.040   20.895   21.247   21.990   22.660   22.686   23.697
   24.163   24.302   24.722   24.934   25.733   26.058
            0.534722  0.228534  0.000000
  -44.544  -22.752  -22.695  -22.517  -11.375  -11.370   -1.640   -1.133   -0.384    0.485
    0.619    1.105    4.217    7.398    7.539    7.817    7.971    9.485    9.990   11.119
   11.833   12.217   12.576   13.446   14.334   14.551   16.957   17.074   17.357   17.978
   19.219   19.456   20.044   20.045   20.909   21.286   21.959   22.655   22.684   23.712
   24.122   24.327   24.739   24.945   25.760   26.083
            0.536111  0.226129  0.000000
  -44.544  -22.752  -22.695  -22.518  -11.375  -11.369   -1.636   -1.132   -0.383    0.478
    0.619    1.092    4.225    7.405    7.536    7.812    7.968    9.489   10.006   11.135
   11.840   12.219   12.563   13.437   14.348   14.551   16.935   17.058   17.330   17.943
   19.239   19.445   20.052   20.061   20.921   21.326   21.927   22.652   22.683   23.728
   24.081   24.352   24.757   24.955   25.788   26.107
            0.537500  0.223723  0.000000
  -44.544  -22.751  -22.695  -22.518  -11.375  -11.369   -1.632   -1.131   -0.382    0.472
    0.619    1.079    4.234    7.412    7.532    7.807    7.964    9.492   10.023   11.152
   11.847   12.220   12.551   13.429   14.362   14.552   16.912   17.042   17.303   17.907
   19.258   19.435   20.059   20.079   20.932   21.365   21.895   22.651   22.683   23.744
   24.039   24.378   24.776   24.964   25.817   26.132
            0.538889  0.221318  0.000000
  -44.544  -22.751  -22.695  -22.519  -11.374  -11.368   -1.628   -1.130   -0.382    0.466
    0.618    1.065    4.242    7.420    7.528    7.801    7.961    9.496   10.040   11.170
   11.854   12.222   12.537   13.422   14.376   14.553   16.888   17.025   17.275   17.871
   19.278   19.425   20.067   20.096   20.941   21.405   21.862   22.651   22.684   23.760
   23.999   24.403   24.794   24.974   25.847   26.155
            0.540278  0.218912  0.000000
  -44.544  -22.750  -22.695  -22.520  -11.374  -11.367   -1.624   -1.129   -0.381    0.459
    0.618    1.051    4.251    7.427    7.524    7.796    7.958    9.500   10.058   11.188
   11.861   12.224   12.523   13.415   14.390   14.554   16.864   17.009   17.247   17.835
   19.297   19.415   20.076   20.112   20.949   21.445   21.829   22.654   22.685   23.776
   23.958   24.429   24.813   24.983   25.878   26.179
            0.541667  0.216506  0.000000
  -44.544  -22.750  -22.695  -22.521  -11.373  -11.366   -1.620   -1.127   -0.380    0.452
    0.617    1.037    4.260    7.434    7.519    7.791    7.955    9.503   10.076   11.207
   11.869   12.225   12.508   13.410   14.404   14.555   16.839   16.991   17.219   17.798
   19.316   19.406   20.085   20.129   20.955   21.485   21.796   22.658   22.688   23.793
   23.918   24.455   24.832   24.991   25.910   26.203
            0.543056  0.214101  0.000000
  -44.543  -22.750  -22.695  -22.522  -11.373  -11.365   -1.615   -1.126   -0.379    0.445
    0.617    1.022    4.269    7.442    7.514    7.787    7.952    9.507   10.095   11.226
   11.877   12.227   12.493   13.405   14.417   14.556   16.814   16.974   17.191   17.761
   19.336   19.397   20.096   20.145   20.959   21.525   21.763   22.665   22.691   23.811
   23.878   24.480   24.852   25.000   25.944   26.226
            0.544444  0.211695  0.000000
  -44.543  -22.749  -22.695  -22.523  -11.373  -11.364   -1.610   -1.125   -0.378    0.439
    0.616    1.007    4.278    7.449    7.509    7.782    7.949    9.511   10.114   11.246
   11.885   12.229   12.478   13.401   14.429   14.557   16.789   16.956   17.162   17.724
   19.355   19.388   20.106   20.160   20.962   21.565   21.729   22.673   22.696   23.828
   23.838   24.505   24.871   25.008   25.978   26.250
            0.545833  0.209289  0.000000
  -44.543  -22.749  -22.695  -22.524  -11.372  -11.364   -1.605   -1.124   -0.377    0.431
    0.615    0.991    4.288    7.456    7.504    7.778    7.946    9.515   10.133   11.266
   11.893   12.231   12.462   13.397   14.442   14.557   16.762   16.938   17.133   17.687
   19.373   19.380   20.117   20.175   20.964   21.604   21.695   22.684   22.702   23.799
   23.846   24.530   24.891   25.017   26.012   26.273
            0.547222  0.206884  0.000000
  -44.543  -22.748  -22.695  -22.525  -11.372  -11.363   -1.601   -1.122   -0.376    0.424
    0.615    0.976    4.298    7.462    7.499    7.774    7.944    9.519   10.154   11.286
   11.901   12.233   12.446   13.394   14.454   14.558   16.736   16.920   17.104   17.649
   19.372   19.392   20.129   20.190   20.964   21.644   21.661   22.696   22.709   23.760
   23.865   24.554   24.910   25.025   26.048   26.296
            0.548611  0.204478  0.000000
  -44.543  -22.748  -22.694  -22.526  -11.371  -11.362   -1.595   -1.121   -0.375    0.417
    0.614    0.960    4.308    7.469    7.493    7.771    7.941    9.523   10.174   11.307
   11.909   12.235   12.429   13.392   14.466   14.559   16.709   16.901   17.075   17.612
   19.365   19.410   20.140   20.203   20.964   21.626   21.683   22.709   22.717   23.722
   23.884   24.578   24.930   25.034   26.084   26.319
            0.550000  0.202073  0.000000
  -44.543  -22.747  -22.694  -22.527  -11.371  -11.361   -1.590   -1.120   -0.374    0.409
    0.613    0.943    4.318    7.475    7.487    7.768    7.938    9.527   10.195   11.329
   11.917   12.237   12.412   13.391   14.477   14.560   16.681   16.882   17.046   17.574
   19.358   19.428   20.152   20.216   20.962   21.592   21.721   22.725   22.727   23.684
   23.904   24.602   24.950   25.043   26.121   26.342
            0.551389  0.199667  0.000000
  -44.543  -22.747  -22.694  -22.528  -11.370  -11.360   -1.585   -1.118   -0.373    0.402
    0.612    0.927    4.328    7.480    7.481    7.766    7.936    9.531   10.217   11.351
   11.924   12.239   12.395   13.391   14.488   14.561   16.654   16.863   17.017   17.537
   19.351   19.446   20.164   20.228   20.961   21.558   21.759   22.738   22.742   23.647
   23.924   24.624   24.970   25.052   26.159   26.366
            0.552778  0.197261  0.000000
  -44.543  -22.746  -22.694  -22.529  -11.370  -11.359   -1.579   -1.117   -0.371    0.394
    0.611    0.910    4.339    7.475    7.485    7.765    7.933    9.535   10.239   11.373
   11.932   12.241   12.378   13.391   14.499   14.562   16.625   16.844   16.988   17.499
   19.345   19.463   20.175   20.240   20.958   21.523   21.797   22.750   22.760   23.611
   23.944   24.646   24.990   25.062   26.197   26.389
            0.554167  0.194856  0.000000
  -44.543  -22.745  -22.694  -22.530  -11.369  -11.358   -1.574   -1.115   -0.370    0.387
    0.610    0.893    4.349    7.468    7.489    7.764    7.931    9.540   10.261   11.396
   11.939   12.244   12.361   13.391   14.510   14.563   16.597   16.824   16.959   17.461
   19.339   19.480   20.186   20.250   20.956   21.489   21.834   22.765   22.780   23.576
   23.965   24.667   25.010   25.072   26.236   26.412
            0.555556  0.192450  0.000000
  -44.543  -22.745  -22.694  -22.531  -11.369  -11.357   -1.568   -1.114   -0.369    0.379
    0.609    0.875    4.360    7.462    7.493    7.764    7.928    9.544   10.283   11.419
   11.946   12.246   12.345   13.393   14.520   14.564   16.568   16.804   16.929   17.424
   19.333   19.496   20.196   20.260   20.954   21.455   21.870   22.780   22.801   23.541
   23.987   24.687   25.030   25.084   26.275   26.435
            0.556944  0.190044  0.000000
  -44.543  -22.744  -22.694  -22.532  -11.368  -11.356   -1.562   -1.112   -0.368    0.371
    0.608    0.858    4.371    7.455    7.496    7.765    7.926    9.549   10.306   11.442
   11.953   12.248   12.328   13.395   14.529   14.565   16.538   16.784   16.900   17.387
   19.328   19.512   20.206   20.269   20.952   21.421   21.905   22.797   22.823   23.508
   24.009   24.705   25.050   25.096   26.315   26.458
            0.558333  0.187639  0.000000
  -44.543  -22.744  -22.694  -22.533  -11.368  -11.355   -1.556   -1.111   -0.367    0.363
    0.607    0.840    4.382    7.448    7.498    7.767    7.924    9.553   10.329   11.466
   11.958   12.251   12.313   13.397   14.539   14.566   16.509   16.764   16.871   17.349
   19.323   19.527   20.215   20.277   20.951   21.387   21.939   22.816   22.846   23.475
   24.031   24.723   25.070   25.109   26.355   26.482
            0.559722  0.185233  0.000000
  -44.543  -22.743  -22.694  -22.534  -11.367  -11.353   -1.549   -1.109   -0.366    0.355
    0.606    0.822    4.394    7.441    7.499    7.770    7.921    9.558   10.353   11.490
   11.963   12.253   12.298   13.401   14.548   14.567   16.479   16.743   16.842   17.312
   19.318   19.542   20.222   20.284   20.951   21.353   21.972   22.837   22.870   23.444
   24.054   24.739   25.089   25.123   26.395   26.505
            0.561111  0.182828  0.000000
  -44.543  -22.743  -22.693  -22.536  -11.367  -11.352   -1.543   -1.108   -0.364    0.347
    0.605    0.803    4.405    7.433    7.499    7.774    7.919    9.563   10.377   11.514
   11.966   12.256   12.285   13.404   14.556   14.568   16.449   16.723   16.813   17.275
   19.314   19.555   20.229   20.290   20.952   21.320   22.003   22.859   22.894   23.415
   24.077   24.755   25.109   25.138   26.436   26.528
            0.562500  0.180422  0.000000
  -44.543  -22.742  -22.693  -22.537  -11.366  -11.351   -1.537   -1.106   -0.363    0.339
    0.604    0.785    4.417    7.426    7.499    7.779    7.917    9.568   10.401   11.539
   11.968   12.259   12.273   13.409   14.564   14.569   16.418   16.702   16.784   17.239
   19.310   19.568   20.234   20.296   20.954   21.287   22.033   22.882   22.920   23.386
   24.100   24.768   25.129   25.155   26.477   26.552
            0.563889  0.178016  0.000000
  -44.543  -22.741  -22.693  -22.538  -11.366  -11.350   -1.530   -1.105   -0.362    0.331
    0.603    0.766    4.429    7.418    7.498    7.784    7.915    9.573   10.425   11.564
   11.969   12.262   12.262   13.413   14.570   14.572   16.388   16.681   16.755   17.202
   19.306   19.580   20.237   20.300   20.959   21.254   22.061   22.908   22.946   23.360
   24.124   24.781   25.149   25.172   26.518   26.575
            0.565278  0.175611  0.000000
  -44.543  -22.741  -22.693  -22.539  -11.365  -11.349   -1.523   -1.103   -0.361    0.323
    0.601    0.748    4.440    7.410    7.496    7.791    7.912    9.578   10.450   11.590
   11.967   12.254   12.265   13.419   14.570   14.580   16.357   16.659   16.726   17.166
   19.303   19.591   20.239   20.303   20.965   21.221   22.088   22.935   22.972   23.335
   24.148   24.793   25.168   25.191   26.559   26.599
            0.566667  0.173205  0.000000
  -44.543  -22.740  -22.693  -22.541  -11.364  -11.348   -1.516   -1.101   -0.359    0.314
    0.600    0.729    4.452    7.402    7.493    7.798    7.910    9.584   10.475   11.615
   11.963   12.248   12.268   13.424   14.571   14.587   16.326   16.638   16.698   17.131
   19.300   19.601   20.240   20.306   20.973   21.190   22.112   22.963   22.999   23.313
   24.172   24.803   25.187   25.211   26.601   26.622
            0.568056  0.170799  0.000000
  -44.543  -22.739  -22.693  -22.542  -11.364  -11.346   -1.509   -1.100   -0.358    0.306
    0.599    0.709    4.465    7.394    7.490    7.806    7.908    9.589   10.500   11.641
   11.956   12.245   12.271   13.431   14.572   14.593   16.294   16.616   16.670   17.095
   19.297   19.609   20.239   20.308   20.983   21.158   22.134   22.993   23.026   23.293
   24.197   24.812   25.207   25.233   26.642   26.645
            0.569444  0.168394  0.000000
  -44.543  -22.739  -22.693  -22.543  -11.363  -11.345   -1.502   -1.098   -0.357    0.298
    0.597    0.690    4.477    7.386    7.486    7.815    7.905    9.595   10.525   11.667
   11.947   12.244   12.274   13.437   14.573   14.599   16.263   16.594   16.642   17.061
   19.295   19.616   20.237   20.308   20.994   21.128   22.154   23.025   23.054   23.275
   24.221   24.821   25.226   25.255   26.669   26.684
            0.570833  0.165988  0.000000
  -44.543  -22.738  -22.693  -22.544  -11.363  -11.344   -1.495   -1.097   -0.355    0.289
    0.596    0.671    4.489    7.378    7.481    7.824    7.903    9.601   10.550   11.694
   11.936   12.245   12.277   13.444   14.574   14.605   16.231   16.572   16.614   17.026
   19.292   19.621   20.234   20.308   21.008   21.099   22.171   23.057   23.082   23.261
   24.246   24.828   25.245   25.278   26.692   26.725
            0.572222  0.163583  0.000000
  -44.543  -22.737  -22.692  -22.546  -11.362  -11.343   -1.488   -1.095   -0.354    0.281
    0.595    0.651    4.502    7.370    7.477    7.834    7.901    9.607   10.576   11.720
   11.923   12.249   12.280   13.452   14.575   14.610   16.199   16.549   16.586   16.993
   19.290   19.625   20.229   20.307   21.020   21.074   22.185   23.091   23.110   23.249
   24.270   24.836   25.264   25.303   26.715   26.767
            0.573611  0.161177  0.000000
  -44.543  -22.736  -22.692  -22.547  -11.362  -11.342   -1.480   -1.093   -0.353    0.273
    0.593    0.632    4.514    7.361    7.472    7.845    7.898    9.613   10.601   11.747
   11.909   12.254   12.284   13.460   14.576   14.615   16.167   16.527   16.559   16.960
   19.289   19.627   20.223   20.305   21.020   21.064   22.197   23.125   23.138   23.242
   24.295   24.842   25.283   25.328   26.738   26.808
            0.575000  0.158771  0.000000
  -44.543  -22.736  -22.692  -22.548  -11.361  -11.340   -1.472   -1.092   -0.351    0.265
    0.592    0.612    4.527    7.353    7.466    7.856    7.896    9.619   10.627   11.774
   11.893   12.261   12.288   13.468   14.577   14.620   16.135   16.504   16.531   16.927
   19.287   19.627   20.217   20.303   21.001   21.075   22.205   23.157   23.166   23.240
   24.319   24.849   25.301   25.354   26.761   26.849
            0.576389  0.156366  0.000000
  -44.543  -22.735  -22.692  -22.550  -11.360  -11.339   -1.465   -1.090   -0.350    0.256
    0.590    0.592    4.539    7.344    7.460    7.867    7.893    9.625   10.652   11.801
   11.876   12.269   12.291   13.477   14.577   14.624   16.103   16.481   16.504   16.895
   19.286   19.626   20.209   20.300   20.976   21.095   22.211   23.185   23.194   23.248
   24.343   24.855   25.320   25.380   26.783   26.889
            0.577778  0.153960  0.000000
  -44.543  -22.734  -22.692  -22.551  -11.360  -11.338   -1.457   -1.089   -0.349    0.248
    0.572    0.589    4.552    7.336    7.454    7.878    7.890    9.632   10.678   11.828
   11.857   12.278   12.295   13.486   14.578   14.627   16.070   16.457   16.478   16.864
   19.285   19.622   20.202   20.296   20.951   21.118   22.214   23.203   23.222   23.270
   24.366   24.861   25.338   25.408   26.806   26.929
            0.579167  0.151554  0.000000
  -44.543  -22.733  -22.692  -22.553  -11.359  -11.337   -1.449   -1.087   -0.347    0.240
    0.552    0.587    4.565    7.327    7.448    7.888    7.890    9.639   10.704   11.839
   11.856   12.289   12.300   13.495   14.579   14.631   16.038   16.434   16.451   16.833
   19.284   19.616   20.193   20.291   20.926   21.143   22.213   23.214   23.251   23.303
   24.389   24.867   25.356   25.436   26.828   26.968
            0.580556  0.149149  0.000000
  -44.542  -22.733  -22.692  -22.554  -11.358  -11.335   -1.441   -1.085   -0.346    0.231
    0.532    0.585    4.578    7.319    7.442    7.885    7.902    9.646   10.729   11.819
   11.883   12.300   12.304   13.504   14.580   14.633   16.005   16.410   16.425   16.803
   19.283   19.608   20.185   20.285   20.902   21.170   22.210   23.224   23.279   23.342
   24.411   24.874   25.374   25.465   26.850   27.005
            0.581944  0.146743  0.000000
  -44.542  -22.732  -22.691  -22.556  -11.358  -11.334   -1.433   -1.084   -0.345    0.223
    0.512    0.584    4.591    7.310    7.435    7.882    7.914    9.653   10.755   11.800
   11.910   12.309   12.311   13.514   14.580   14.635   15.973   16.386   16.399   16.774
   19.283   19.598   20.176   20.279   20.879   21.198   22.204   23.235   23.307   23.383
   24.432   24.881   25.391   25.494   26.871   27.040
            0.583333  0.144338  0.000000
  -44.542  -22.731  -22.691  -22.557  -11.357  -11.333   -1.424   -1.082   -0.343    0.215
    0.492    0.582    4.604    7.301    7.429    7.879    7.926    9.660   10.780   11.780
   11.938   12.313   12.324   13.524   14.581   14.637   15.940   16.362   16.374   16.746
   19.283   19.586   20.166   20.273   20.858   21.228   22.195   23.249   23.335   23.426
   24.453   24.889   25.409   25.523   26.892   27.073
            0.584722  0.141932  0.000000
  -44.542  -22.730  -22.691  -22.559  -11.357  -11.331   -1.416   -1.081   -0.342    0.207
    0.471    0.581    4.617    7.293    7.422    7.876    7.939    9.667   10.805   11.760
   11.965   12.319   12.337   13.534   14.582   14.639   15.907   16.337   16.349   16.718
   19.283   19.573   20.157   20.265   20.838   21.259   22.184   23.265   23.362   23.470
   24.472   24.898   25.426   25.554   26.912   27.102
            0.586111  0.139526  0.000000
  -44.542  -22.729  -22.691  -22.560  -11.356  -11.330   -1.407   -1.079   -0.341    0.199
    0.451    0.579    4.630    7.284    7.416    7.873    7.951    9.675   10.830   11.741
   11.992   12.324   12.350   13.545   14.582   14.640   15.875   16.313   16.324   16.692
   19.283   19.557   20.146   20.258   20.819   21.291   22.171   23.282   23.390   23.515
   24.490   24.907   25.443   25.584   26.932   27.125
            0.587500  0.137121  0.000000
  -44.542  -22.729  -22.691  -22.561  -11.355  -11.329   -1.399   -1.078   -0.339    0.191
    0.431    0.577    4.644    7.275    7.409    7.869    7.964    9.682   10.854   11.721
   12.019   12.330   12.364   13.556   14.583   14.640   15.842   16.288   16.299   16.665
   19.283   19.539   20.135   20.249   20.802   21.323   22.157   23.303   23.417   23.561
   24.507   24.917   25.460   25.615   26.951   27.140
            0.588889  0.134715  0.000000
  -44.542  -22.728  -22.691  -22.563  -11.355  -11.327   -1.390   -1.076   -0.338    0.183
    0.411    0.576    4.657    7.267    7.402    7.866    7.976    9.690   10.879   11.702
   12.045   12.337   12.378   13.566   14.583   14.640   15.809   16.263   16.275   16.640
   19.284   19.520   20.124   20.240   20.787   21.357   22.140   23.325   23.444   23.607
   24.523   24.929   25.476   25.647   26.969   27.145
            0.590278  0.132309  0.000000
  -44.542  -22.727  -22.691  -22.564  -11.354  -11.326   -1.381   -1.075   -0.337    0.175
    0.390    0.574    4.670    7.258    7.395    7.863    7.989    9.698   10.902   11.683
   12.071   12.344   12.392   13.577   14.584   14.640   15.777   16.239   16.251   16.616
   19.285   19.500   20.112   20.231   20.773   21.392   22.122   23.348   23.471   23.654
   24.537   24.941   25.493   25.679   26.986   27.142
            0.591667  0.129904  0.000000
  -44.542  -22.726  -22.691  -22.566  -11.353  -11.325   -1.372   -1.073   -0.335    0.167
    0.370    0.572    4.683    7.250    7.389    7.859    8.002    9.706   10.925   11.664
   12.097   12.352   12.406   13.588   14.584   14.639   15.744   16.214   16.227   16.592
   19.285   19.478   20.099   20.221   20.761   21.427   22.103   23.374   23.497   23.702
   24.550   24.954   25.509   25.711   27.002   27.131
            0.593056  0.127498  0.000000
  -44.542  -22.725  -22.690  -22.568  -11.353  -11.324   -1.363   -1.072   -0.334    0.159
    0.350    0.570    4.697    7.241    7.382    7.855    8.015    9.714   10.948   11.647
   12.122   12.361   12.421   13.599   14.585   14.638   15.712   16.190   16.204   16.568
   19.286   19.455   20.085   20.211   20.750   21.463   22.084   23.401   23.523   23.751
   24.561   24.969   25.524   25.743   27.017   27.114
            0.594444  0.125093  0.000000
  -44.542  -22.724  -22.690  -22.569  -11.352  -11.322   -1.354   -1.070   -0.333    0.151
    0.329    0.569    4.710    7.233    7.375    7.852    8.027    9.723   10.969   11.630
   12.145   12.371   12.436   13.610   14.585   14.636   15.679   16.165   16.181   16.546
   19.288   19.430   20.071   20.200   20.741   21.499   22.063   23.429   23.549   23.799
   24.571   24.984   25.540   25.775   27.031   27.095
            0.595833  0.122687  0.000000
  -44.542  -22.723  -22.690  -22.571  -11.352  -11.321   -1.345   -1.069   -0.331    0.144
    0.309    0.567    4.723    7.224    7.369    7.848    8.040    9.731   10.990   11.615
   12.168   12.382   12.450   13.621   14.586   14.635   15.647   16.141   16.159   16.524
   19.289   19.405   20.055   20.189   20.734   21.536   22.041   23.458   23.575   23.849
   24.581   25.000   25.555   25.808   27.043   27.074
            0.597222  0.120281  0.000000
  -44.542  -22.722  -22.690  -22.572  -11.351  -11.320   -1.335   -1.068   -0.330    0.136
    0.289    0.565    4.737    7.216    7.362    7.844    8.053    9.740   11.009   11.600
   12.189   12.395   12.465   13.632   14.586   14.632   15.615   16.117   16.136   16.503
   19.291   19.379   20.039   20.178   20.728   21.574   22.020   23.488   23.600   23.898
   24.589   25.016   25.570   25.840   27.052   27.054
            0.598611  0.117876  0.000000
  -44.542  -22.722  -22.690  -22.574  -11.350  -11.318   -1.326   -1.066   -0.329    0.129
    0.269    0.563    4.750    7.208    7.356    7.840    8.065    9.749   11.026   11.588
   12.208   12.409   12.481   13.643   14.586   14.630   15.582   16.093   16.115   16.482
   19.292   19.352   20.022   20.166   20.724   21.611   21.997   23.519   23.625   23.948
   24.596   25.033   25.584   25.872   27.031   27.064
            0.600000  0.115470  0.000000
  -44.542  -22.721  -22.690  -22.575  -11.350  -11.317   -1.316   -1.065   -0.328    0.122
    0.249    0.562    4.763    7.200    7.349    7.836    8.078    9.758   11.042   11.577
   12.226   12.426   12.496   13.653   14.587   14.627   15.550   16.070   16.093   16.462
   19.294   19.324   20.004   20.155   20.721   21.650   21.975   23.551   23.649   23.998
   24.603   25.050   25.599   25.904   27.010   27.072
            0.601389  0.113064  0.000000
  -44.542  -22.720  -22.690  -22.577  -11.349  -11.316   -1.307   -1.064   -0.326    0.114
    0.228    0.560    4.776    7.191    7.343    7.832    8.090    9.767   11.056   11.568
   12.242   12.444   12.511   13.663   14.587   14.625   15.518   16.047   16.072   16.442
   19.296   19.296   19.986   20.142   20.719   21.688   21.952   23.584   23.673   24.049
   24.609   25.068   25.612   25.936   26.991   27.078
            0.602778  0.110659  0.000000
  -44.542  -22.719  -22.689  -22.578  -11.348  -11.314   -1.297   -1.063   -0.325    0.107
    0.208    0.558    4.789    7.183    7.337    7.827    8.102    9.776   11.067   11.562
   12.256   12.464   12.526   13.673   14.587   14.622   15.487   16.025   16.051   16.423
   19.267   19.298   19.967   20.130   20.719   21.727   21.929   23.617   23.697   24.100
   24.614   25.085   25.626   25.967   26.972   27.083
            0.604167  0.108253  0.000000
  -44.542  -22.718  -22.689  -22.580  -11.348  -11.313   -1.287   -1.062   -0.324    0.100
    0.188    0.556    4.803    7.175    7.330    7.823    8.114    9.785   11.076   11.558
   12.269   12.486   12.542   13.682   14.587   14.619   15.455   16.003   16.031   16.405
   19.238   19.300   19.948   20.117   20.719   21.766   21.906   23.650   23.720   24.151
   24.620   25.103   25.639   25.997   26.956   27.086
            0.605556  0.105848  0.000000
  -44.542  -22.717  -22.689  -22.582  -11.347  -11.312   -1.277   -1.060   -0.323    0.094
    0.169    0.554    4.816    7.168    7.324    7.818    8.126    9.795   11.082   11.557
   12.280   12.509   12.557   13.691   14.587   14.616   15.424   15.981   16.011   16.387
   19.208   19.302   19.928   20.104   20.720   21.805   21.884   23.684   23.742   24.202
   24.625   25.120   25.652   26.026   26.942   27.088
            0.606944  0.103442  0.000000
  -44.542  -22.716  -22.689  -22.583  -11.347  -11.311   -1.267   -1.059   -0.322    0.087
    0.149    0.553    4.829    7.160    7.318    7.814    8.138    9.804   11.086   11.559
   12.290   12.533   12.572   13.699   14.587   14.613   15.392   15.961   15.992   16.369
   19.178   19.305   19.907   20.091   20.722   21.845   21.861   23.718   23.765   24.254
   24.630   25.137   25.664   26.053   26.931   27.088
            0.608333  0.101036  0.000000
  -44.542  -22.715  -22.689  -22.585  -11.346  -11.309   -1.257   -1.058   -0.321    0.080
    0.129    0.551    4.842    7.152    7.312    7.809    8.150    9.814   11.086   11.564
   12.299   12.559   12.587   13.706   14.587   14.611   15.361   15.940   15.972   16.352
   19.148   19.307   19.887   20.078   20.725   21.838   21.884   23.753   23.786   24.305
   24.635   25.153   25.676   26.079   26.922   27.087
            0.609722  0.098631  0.000000
  -44.542  -22.714  -22.689  -22.586  -11.345  -11.308   -1.247   -1.057   -0.320    0.074
    0.110    0.549    4.854    7.145    7.307    7.805    8.162    9.824   11.084   11.572
   12.307   12.585   12.603   13.713   14.587   14.608   15.331   15.921   15.954   16.335
   19.118   19.310   19.866   20.064   20.728   21.816   21.923   23.787   23.808   24.357
   24.640   25.169   25.688   26.103   26.917   27.085
            0.611111  0.096225  0.000000
  -44.542  -22.713  -22.689  -22.588  -11.345  -11.307   -1.237   -1.056   -0.319    0.068
    0.090    0.547    4.867    7.138    7.301    7.800    8.173    9.833   11.079   11.583
   12.314   12.611   12.618   13.718   14.587   14.606   15.300   15.902   15.935   16.318
   19.088   19.312   19.845   20.050   20.732   21.794   21.963   23.822   23.829   24.408
   24.645   25.185   25.699   26.125   26.914   27.083
            0.612500  0.093819  0.000000
  -44.542  -22.712  -22.689  -22.589  -11.344  -11.306   -1.227   -1.055   -0.318    0.061
    0.071    0.546    4.880    7.130    7.296    7.795    8.184    9.843   11.072   11.596
   12.321   12.633   12.639   13.723   14.587   14.605   15.270   15.883   15.918   16.302
   19.058   19.315   19.824   20.037   20.736   21.773   22.002   23.849   23.856   24.460
   24.650   25.199   25.709   26.145   26.916   27.079
            0.613889  0.091414  0.000000
  -44.541  -22.711  -22.688  -22.591  -11.344  -11.304   -1.216   -1.055   -0.317    0.052
    0.055    0.544    4.892    7.123    7.290    7.790    8.195    9.853   11.063   11.611
   12.328   12.648   12.666   13.726   14.586   14.604   15.240   15.866   15.900   16.286
   19.027   19.318   19.803   20.023   20.741   21.751   22.041   23.869   23.891   24.512
   24.656   25.213   25.719   26.162   26.921   27.075
            0.615278  0.089008  0.000000
  -44.541  -22.710  -22.688  -22.592  -11.343  -11.303   -1.206   -1.054   -0.316    0.033
    0.050    0.542    4.905    7.117    7.285    7.786    8.206    9.863   11.052   11.628
   12.334   12.663   12.694   13.728   14.586   14.604   15.210   15.849   15.883   16.271
   18.997   19.321   19.782   20.009   20.745   21.730   22.080   23.888   23.926   24.564
   24.662   25.226   25.729   26.177   26.929   27.070
            0.616667  0.086603  0.000000
  -44.541  -22.709  -22.688  -22.594  -11.342  -11.302   -1.196   -1.053   -0.315    0.014
    0.044    0.540    4.917    7.110    7.280    7.781    8.217    9.873   11.040   11.647
   12.340   12.677   12.722   13.729   14.586   14.604   15.181   15.833   15.866   16.256
   18.967   19.324   19.761   19.994   20.751   21.710   22.118   23.907   23.960   24.616
   24.669   25.239   25.738   26.189   26.942   27.066
            0.618056  0.084197  0.000000
  -44.541  -22.708  -22.688  -22.596  -11.342  -11.301   -1.185   -1.052   -0.314   -0.005
    0.038    0.539    4.929    7.103    7.275    7.776    8.227    9.884   11.026   11.666
   12.345   12.692   12.750   13.728   14.585   14.605   15.152   15.817   15.850   16.241
   18.937   19.327   19.740   19.980   20.756   21.690   22.156   23.926   23.994   24.668
   24.676   25.250   25.747   26.200   26.957   27.060
            0.619444  0.081791  0.000000
  -44.541  -22.707  -22.688  -22.597  -11.341  -11.300   -1.175   -1.052   -0.313   -0.023
    0.033    0.537    4.941    7.097    7.270    7.771    8.237    9.894   11.012   11.687
   12.350   12.707   12.778   13.726   14.585   14.608   15.123   15.803   15.835   16.226
   18.907   19.330   19.720   19.966   20.761   21.670   22.194   23.944   24.028   24.683
   24.719   25.260   25.756   26.208   26.975   27.055
            0.620833  0.079386  0.000000
  -44.541  -22.706  -22.688  -22.599  -11.341  -11.299   -1.164   -1.051   -0.313   -0.041
    0.028    0.535    4.953    7.091    7.265    7.766    8.247    9.904   10.997   11.709
   12.355   12.721   12.806   13.723   14.584   14.611   15.095   15.789   15.819   16.212
   18.878   19.333   19.699   19.952   20.767   21.651   22.232   23.961   24.062   24.691
   24.771   25.270   25.763   26.214   26.995   27.050
            0.622222  0.076980  0.000000
  -44.541  -22.705  -22.688  -22.600  -11.340  -11.298   -1.154   -1.050   -0.312   -0.059
    0.023    0.534    4.964    7.085    7.260    7.761    8.257    9.915   10.982   11.731
   12.360   12.735   12.834   13.717   14.584   14.615   15.067   15.776   15.804   16.198
   18.849   19.337   19.679   19.937   20.772   21.632   22.268   23.979   24.096   24.699
   24.823   25.278   25.771   26.219   27.017   27.045
            0.623611  0.074574  0.000000
  -44.541  -22.704  -22.688  -22.602  -11.340  -11.296   -1.143   -1.050   -0.311   -0.077
    0.018    0.532    4.976    7.079    7.256    7.756    8.266    9.925   10.966   11.754
   12.365   12.750   12.861   13.711   14.583   14.620   15.039   15.764   15.790   16.184
   18.820   19.340   19.659   19.923   20.778   21.614   22.305   23.996   24.128   24.707
   24.874   25.286   25.778   26.223   27.038   27.040
            0.625000  0.072169  0.000000
  -44.541  -22.703  -22.687  -22.603  -11.339  -11.295   -1.133   -1.049   -0.311   -0.094
    0.013    0.530    4.987    7.073    7.252    7.751    8.275    9.935   10.950   11.778
   12.370   12.764   12.889   13.702   14.583   14.626   15.012   15.752   15.776   16.170
   18.791   19.343   19.640   19.909   20.784   21.597   22.340   24.013   24.161   24.715
   24.926   25.293   25.784   26.226   27.035   27.059
            0.626389  0.069763  0.000000
  -44.541  -22.702  -22.687  -22.605  -11.339  -11.294   -1.122   -1.049   -0.311   -0.111
    0.008    0.529    4.998    7.068    7.247    7.746    8.284    9.946   10.933   11.801
   12.375   12.777   12.916   13.692   14.582   14.633   14.985   15.741   15.763   16.157
   18.763   19.347   19.621   19.895   20.789   21.580   22.375   24.029   24.193   24.724
   24.977   25.298   25.791   26.228   27.030   27.077
            0.627778  0.067358  0.000000
  -44.541  -22.702  -22.687  -22.606  -11.338  -11.293   -1.112   -1.048   -0.311   -0.128
    0.004    0.527    5.008    7.063    7.243    7.741    8.293    9.956   10.917   11.825
   12.379   12.791   12.943   13.681   14.581   14.640   14.959   15.731   15.750   16.144
   18.735   19.350   19.602   19.880   20.795   21.563   22.409   24.046   24.224   24.733
   25.028   25.303   25.796   26.230   27.025   27.089
            0.629167  0.064952  0.000000
  -44.541  -22.701  -22.687  -22.607  -11.338  -11.292   -1.101   -1.048   -0.311   -0.144
   -0.000    0.526    5.019    7.058    7.239    7.736    8.301    9.966   10.900   11.850
   12.383   12.805   12.970   13.668   14.580   14.649   14.933   15.722   15.737   16.131
   18.708   19.354   19.584   19.866   20.800   21.547   22.443   24.062   24.255   24.742
   25.078   25.308   25.802   26.232   27.021   27.095
            0.630556  0.062546  0.000000
  -44.541  -22.700  -22.687  -22.609  -11.337  -11.291   -1.091   -1.048   -0.311   -0.160
   -0.004    0.524    5.029    7.053    7.236    7.731    8.309    9.977   10.884   11.874
   12.388   12.818   12.996   13.653   14.580   14.658   14.908   15.714   15.725   16.118
   18.681   19.357   19.566   19.852   20.806   21.532   22.475   24.078   24.285   24.750
   25.129   25.312   25.807   26.234   27.017   27.093
            0.631944  0.060141  0.000000
  -44.541  -22.699  -22.687  -22.610  -11.337  -11.290   -1.080   -1.048   -0.312   -0.175
   -0.008    0.523    5.039    7.049    7.232    7.726    8.317    9.987   10.867   11.899
   12.392   12.831   13.022   13.638   14.579   14.668   14.884   15.706   15.714   16.105
   18.655   19.361   19.549   19.838   20.811   21.517   22.507   24.094   24.315   24.759
   25.178   25.315   25.812   26.237   27.014   27.083
            0.633333  0.057735  0.000000
  -44.541  -22.698  -22.687  -22.612  -11.337  -11.289   -1.070   -1.047   -0.313   -0.190
   -0.012    0.521    5.049    7.044    7.229    7.721    8.325    9.997   10.851   11.923
   12.396   12.844   13.047   13.621   14.578   14.679   14.860   15.699   15.702   16.093
   18.629   19.365   19.532   19.824   20.816   21.503   22.537   24.111   24.344   24.767
   25.228   25.318   25.817   26.239   27.010   27.066
            0.634722  0.055329  0.000000
  -44.541  -22.697  -22.687  -22.613  -11.336  -11.289   -1.060   -1.047   -0.315   -0.204
   -0.015    0.520    5.058    7.040    7.225    7.716    8.332   10.007   10.835   11.947
   12.400   12.857   13.072   13.602   14.577   14.690   14.836   15.692   15.693   16.081
   18.604   19.368   19.516   19.811   20.821   21.490   22.567   24.127   24.371   24.774
   25.277   25.321   25.821   26.242   27.007   27.044
            0.636111  0.052924  0.000000
  -44.541  -22.696  -22.687  -22.614  -11.336  -11.288   -1.049   -1.047   -0.317   -0.216
   -0.019    0.518    5.067    7.037    7.222    7.711    8.339   10.017   10.819   11.972
   12.404   12.869   13.096   13.583   14.576   14.701   14.814   15.682   15.688   16.069
   18.580   19.372   19.500   19.797   20.826   21.477   22.595   24.144   24.398   24.781
   25.324   25.325   25.826   26.246   27.005   27.018
            0.637500  0.050518  0.000000
  -44.541  -22.695  -22.687  -22.616  -11.335  -11.287   -1.047   -1.039   -0.321   -0.228
   -0.022    0.517    5.076    7.033    7.219    7.706    8.346   10.027   10.803   11.996
   12.407   12.882   13.119   13.563   14.575   14.713   14.792   15.672   15.684   16.057
   18.556   19.376   19.485   19.784   20.830   21.465   22.622   24.161   24.424   24.787
   25.327   25.373   25.830   26.250   26.990   27.002
            0.638889  0.048113  0.000000
  -44.541  -22.694  -22.687  -22.617  -11.335  -11.286   -1.047   -1.029   -0.325   -0.238
   -0.025    0.516    5.084    7.030    7.216    7.702    8.352   10.037   10.788   12.020
   12.411   12.894   13.142   13.542   14.574   14.725   14.771   15.663   15.680   16.045
   18.533   19.379   19.470   19.771   20.835   21.453   22.648   24.179   24.449   24.791
   25.330   25.420   25.835   26.254   26.960   27.000
            0.640278  0.045707  0.000000
  -44.541  -22.693  -22.686  -22.618  -11.335  -11.285   -1.047   -1.019   -0.330   -0.247
   -0.028    0.514    5.092    7.027    7.213    7.697    8.358   10.046   10.773   12.044
   12.414   12.906   13.164   13.520   14.573   14.737   14.750   15.654   15.677   16.034
   18.511   19.383   19.456   19.758   20.839   21.442   22.672   24.196   24.473   24.795
   25.335   25.465   25.840   26.259   26.929   26.998
            0.641667  0.043301  0.000000
  -44.541  -22.692  -22.686  -22.619  -11.334  -11.285   -1.047   -1.010   -0.337   -0.254
   -0.031    0.513    5.100    7.024    7.211    7.693    8.364   10.056   10.759   12.068
   12.418   12.917   13.186   13.498   14.572   14.731   14.749   15.646   15.675   16.023
   18.489   19.387   19.443   19.745   20.843   21.432   22.696   24.214   24.496   24.796
   25.340   25.510   25.845   26.264   26.898   26.997
            0.643056  0.040896  0.000000
  -44.541  -22.692  -22.686  -22.620  -11.334  -11.284   -1.047   -1.000   -0.345   -0.259
   -0.033    0.512    5.107    7.022    7.208    7.688    8.369   10.065   10.745   12.091
   12.421   12.929   13.206   13.475   14.570   14.712   14.761   15.638   15.674   16.012
   18.468   19.390   19.430   19.733   20.847   21.422   22.718   24.233   24.518   24.797
   25.346   25.553   25.851   26.270   26.865   26.996
            0.644444  0.038490  0.000000
  -44.541  -22.691  -22.686  -22.622  -11.334  -11.283   -1.047   -0.991   -0.354   -0.264
   -0.035    0.511    5.114    7.019    7.206    7.684    8.374   10.074   10.731   12.114
   12.424   12.940   13.226   13.452   14.569   14.694   14.772   15.631   15.673   16.001
   18.449   19.394   19.418   19.721   20.851   21.413   22.738   24.251   24.539   24.796
   25.353   25.594   25.858   26.276   26.833   26.995
            0.645833  0.036084  0.000000
  -44.541  -22.690  -22.686  -22.623  -11.333  -11.282   -1.047   -0.982   -0.363   -0.267
   -0.038    0.510    5.121    7.017    7.204    7.680    8.379   10.082   10.718   12.137
   12.427   12.951   13.245   13.428   14.568   14.677   14.784   15.624   15.673   15.991
   18.430   19.398   19.406   19.709   20.854   21.404   22.758   24.271   24.558   24.793
   25.361   25.633   25.867   26.282   26.801   26.994
            0.647222  0.033679  0.000000
  -44.541  -22.689  -22.686  -22.624  -11.333  -11.282   -1.047   -0.973   -0.373   -0.269
   -0.040    0.509    5.127    7.016    7.202    7.676    8.384   10.091   10.705   12.159
   12.430   12.962   13.262   13.404   14.567   14.661   14.795   15.618   15.673   15.981
   18.412   19.396   19.401   19.698   20.858   21.396   22.776   24.290   24.576   24.789
   25.370   25.668   25.878   26.288   26.768   26.994
            0.648611  0.031273  0.000000
  -44.541  -22.689  -22.686  -22.625  -11.333  -11.281   -1.047   -0.965   -0.382   -0.271
   -0.042    0.508    5.133    7.014    7.200    7.672    8.388   10.098   10.694   12.180
   12.433   12.973   13.279   13.380   14.566   14.646   14.805   15.612   15.675   15.971
   18.395   19.385   19.404   19.687   20.861   21.389   22.792   24.310   24.593   24.782
   25.380   25.699   25.892   26.294   26.737   26.993
            0.650000  0.028868  0.000000
  -44.541  -22.688  -22.686  -22.626  -11.332  -11.281   -1.047   -0.957   -0.392   -0.272
   -0.043    0.507    5.138    7.013    7.198    7.669    8.392   10.106   10.682   12.201
   12.436   12.983   13.295   13.357   14.564   14.632   14.815   15.607   15.676   15.961
   18.379   19.376   19.408   19.677   20.864   21.382   22.807   24.330   24.609   24.775
   25.391   25.726   25.909   26.300   26.706   26.993
            0.651389  0.026462  0.000000
  -44.541  -22.687  -22.686  -22.626  -11.332  -11.280   -1.047   -0.949   -0.401   -0.273
   -0.045    0.506    5.143    7.011    7.197    7.665    8.395   10.113   10.672   12.221
   12.438   12.993   13.309   13.333   14.563   14.620   14.824   15.602   15.678   15.952
   18.364   19.367   19.411   19.668   20.866   21.376   22.821   24.351   24.623   24.766
   25.402   25.747   25.929   26.306   26.676   26.993
            0.652778  0.024056  0.000000
  -44.541  -22.687  -22.686  -22.627  -11.332  -11.280   -1.048   -0.942   -0.410   -0.274
   -0.046    0.505    5.148    7.010    7.195    7.662    8.399   10.120   10.662   12.240
   12.440   13.002   13.310   13.323   14.562   14.608   14.833   15.598   15.681   15.944
   18.350   19.359   19.414   19.658   20.869   21.370   22.834   24.372   24.636   24.755
   25.415   25.764   25.953   26.312   26.647   26.994
            0.654167  0.021651  0.000000
  -44.541  -22.686  -22.686  -22.628  -11.332  -11.279   -1.048   -0.935   -0.418   -0.275
   -0.047    0.505    5.152    7.010    7.194    7.659    8.402   10.126   10.653   12.258
   12.442   13.011   13.288   13.335   14.561   14.598   14.841   15.594   15.684   15.936
   18.338   19.352   19.417   19.650   20.871   21.365   22.845   24.392   24.648   24.743
   25.427   25.777   25.978   26.318   26.619   26.994
            0.655556  0.019245  0.000000
  -44.541  -22.686  -22.686  -22.629  -11.332  -11.279   -1.048   -0.929   -0.426   -0.275
   -0.049    0.504    5.156    7.009    7.193    7.656    8.404   10.132   10.645   12.275
   12.444   13.020   13.267   13.345   14.560   14.589   14.848   15.591   15.687   15.928
   18.326   19.345   19.419   19.642   20.873   21.361   22.854   24.413   24.658   24.730
   25.440   25.787   26.005   26.322   26.594   26.995
            0.656944  0.016839  0.000000
  -44.541  -22.686  -22.685  -22.629  -11.331  -11.279   -1.048   -0.924   -0.433   -0.275
   -0.049    0.504    5.159    7.009    7.192    7.654    8.407   10.137   10.638   12.290
   12.446   13.028   13.247   13.355   14.559   14.581   14.854   15.588   15.690   15.922
   18.316   19.339   19.422   19.635   20.874   21.357   22.863   24.434   24.668   24.716
   25.452   25.795   26.031   26.326   26.570   26.995
            0.658333  0.014434  0.000000
  -44.541  -22.686  -22.685  -22.630  -11.331  -11.278   -1.048   -0.919   -0.439   -0.276
   -0.050    0.503    5.162    7.008    7.191    7.652    8.409   10.141   10.631   12.304
   12.447   13.036   13.228   13.363   14.558   14.574   14.859   15.585   15.693   15.915
   18.307   19.334   19.424   19.629   20.876   21.354   22.870   24.455   24.675   24.702
   25.464   25.801   26.055   26.330   26.549   26.996
            0.659722  0.012028  0.000000
  -44.541  -22.686  -22.685  -22.630  -11.331  -11.278   -1.048   -0.914   -0.444   -0.276
   -0.051    0.503    5.164    7.008    7.190    7.650    8.410   10.145   10.626   12.317
   12.449   13.043   13.211   13.370   14.556   14.568   14.864   15.583   15.696   15.910
   18.300   19.330   19.425   19.624   20.877   21.351   22.876   24.475   24.682   24.686
   25.476   25.806   26.077   26.332   26.532   26.997
            0.661111  0.009623  0.000000
  -44.541  -22.686  -22.684  -22.631  -11.331  -11.278   -1.048   -0.911   -0.449   -0.276
   -0.052    0.502    5.166    7.008    7.190    7.648    8.412   10.148   10.621   12.328
   12.450   13.048   13.197   13.376   14.555   14.564   14.868   15.581   15.699   15.906
   18.293   19.326   19.427   19.619   20.878   21.349   22.881   24.495   24.671   24.687
   25.485   25.810   26.097   26.332   26.517   26.998
            0.662500  0.007217  0.000000
  -44.541  -22.686  -22.684  -22.631  -11.331  -11.278   -1.049   -0.908   -0.452   -0.276
   -0.052    0.502    5.168    7.008    7.189    7.647    8.413   10.150   10.618   12.336
   12.450   13.053   13.186   13.380   14.555   14.561   14.871   15.580   15.701   15.902
   18.288   19.323   19.428   19.616   20.879   21.347   22.885   24.514   24.655   24.691
   25.494   25.813   26.113   26.332   26.506   26.999
            0.663889  0.004811  0.000000
  -44.541  -22.686  -22.684  -22.631  -11.331  -11.278   -1.049   -0.906   -0.455   -0.276
   -0.052    0.502    5.169    7.008    7.189    7.646    8.413   10.152   10.615   12.342
   12.451   13.056   13.177   13.383   14.554   14.558   14.873   15.579   15.703   15.900
   18.285   19.321   19.429   19.613   20.879   21.346   22.888   24.530   24.641   24.694
   25.500   25.815   26.124   26.331   26.499   26.999
            0.665278  0.002406  0.000000
  -44.541  -22.686  -22.684  -22.631  -11.331  -11.278   -1.049   -0.905   -0.456   -0.276
   -0.052    0.502    5.170    7.008    7.189    7.645    8.414   10.153   10.614   12.346
   12.451   13.057   13.172   13.385   14.554   14.557   14.874   15.579   15.704   15.898
   18.283   19.320   19.429   19.612   20.880   21.345   22.889   24.543   24.630   24.695
   25.504   25.816   26.132   26.330   26.495   27.000
            0.666667 -0.000000  0.000000
  -44.541  -22.686  -22.684  -22.631  -11.331  -11.278   -1.049   -0.905   -0.456   -0.276
   -0.053    0.502    5.170    7.008    7.189    7.645    8.414   10.153   10.613   12.348
   12.452   13.058   13.171   13.386   14.554   14.556   14.875   15.578   15.704   15.898
   18.282   19.320   19.429   19.611   20.880   21.345   22.890   24.548   24.625   24.696
   25.506   25.816   26.134   26.329   26.494   27.000
            0.661111 -0.000000  0.000000
  -44.541  -22.686  -22.684  -22.631  -11.331  -11.278   -1.049   -0.906   -0.455   -0.276
   -0.052    0.502    5.169    7.008    7.189    7.646    8.413   10.152   10.615   12.342
   12.451   13.057   13.176   13.383   14.553   14.559   14.873   15.579   15.703   15.899
   18.285   19.321   19.429   19.613   20.879   21.346   22.888   24.530   24.641   24.694
   25.500   25.814   26.124   26.333   26.498   26.999
            0.655556 -0.000000  0.000000
  -44.541  -22.686  -22.684  -22.631  -11.331  -11.278   -1.048   -0.911   -0.449   -0.276
   -0.052    0.502    5.166    7.007    7.190    7.648    8.412   10.148   10.621   12.326
   12.449   13.059   13.189   13.377   14.552   14.567   14.868   15.581   15.699   15.905
   18.294   19.326   19.428   19.619   20.878   21.349   22.882   24.495   24.670   24.688
   25.481   25.808   26.096   26.344   26.509   26.998
            0.650000 -0.000000  0.000000
  -44.541  -22.686  -22.685  -22.630  -11.331  -11.278   -1.048   -0.918   -0.440   -0.275
   -0.051    0.503    5.162    7.006    7.191    7.653    8.409   10.143   10.629   12.299
   12.447   13.064   13.207   13.366   14.551   14.577   14.860   15.584   15.693   15.912
   18.308   19.335   19.427   19.628   20.876   21.353   22.872   24.455   24.679   24.700
   25.450   25.794   26.053   26.365   26.525   26.995
            0.644444 -0.000000  0.000000
  -44.541  -22.686  -22.686  -22.629  -11.332  -11.279   -1.047   -0.927   -0.428   -0.275
   -0.049    0.504    5.157    7.005    7.193    7.659    8.405   10.136   10.641   12.263
   12.443   13.074   13.229   13.353   14.551   14.590   14.849   15.588   15.686   15.921
   18.328   19.347   19.426   19.640   20.873   21.359   22.859   24.414   24.666   24.728
   25.409   25.769   26.003   26.391   26.548   26.991
            0.638889 -0.000000  0.000000
  -44.541  -22.686  -22.686  -22.628  -11.332  -11.280   -1.046   -0.937   -0.415   -0.273
   -0.047    0.506    5.149    7.002    7.195    7.668    8.400   10.128   10.654   12.220
   12.438   13.086   13.255   13.336   14.551   14.606   14.835   15.593   15.678   15.931
   18.354   19.363   19.426   19.655   20.870   21.366   22.843   24.371   24.651   24.751
   25.360   25.728   25.954   26.418   26.579   26.986
            0.633333 -0.000000  0.000000
  -44.541  -22.687  -22.686  -22.626  -11.333  -11.281   -1.045   -0.949   -0.400   -0.271
   -0.045    0.508    5.141    6.998    7.197    7.678    8.393   10.119   10.669   12.171
   12.432   13.100   13.285   13.318   14.551   14.623   14.819   15.598   15.670   15.941
   18.384   19.382   19.427   19.673   20.865   21.374   22.824   24.328   24.634   24.771
   25.305   25.665   25.914   26.443   26.621   26.978
            0.627778 -0.000000  0.000000
  -44.541  -22.688  -22.686  -22.624  -11.333  -11.283   -1.043   -0.962   -0.385   -0.268
   -0.043    0.511    5.131    6.993    7.200    7.690    8.386   10.109   10.686   12.117
   12.425   13.114   13.297   13.318   14.552   14.642   14.800   15.605   15.661   15.951
   18.419   19.406   19.429   19.694   20.860   21.383   22.801   24.284   24.615   24.784
   25.247   25.583   25.883   26.464   26.671   26.967
            0.622222 -0.000000  0.000000
  -44.541  -22.689  -22.686  -22.622  -11.334  -11.284   -1.042   -0.975   -0.370   -0.262
   -0.040    0.514    5.120    6.987    7.204    7.705    8.378   10.100   10.704   12.061
   12.416   13.128   13.275   13.354   14.553   14.662   14.779   15.611   15.652   15.961
   18.458   19.433   19.433   19.717   20.855   21.393   22.775   24.241   24.593   24.791
   25.189   25.486   25.859   26.481   26.729   26.953
            0.616667 -0.000000  0.000000
  -44.541  -22.691  -22.686  -22.621  -11.335  -11.286   -1.039   -0.989   -0.357   -0.254
   -0.038    0.517    5.107    6.980    7.207    7.721    8.369   10.090   10.722   12.003
   12.407   13.141   13.252   13.393   14.554   14.682   14.756   15.618   15.643   15.972
   18.500   19.438   19.466   19.744   20.849   21.404   22.746   24.198   24.571   24.790
   25.132   25.381   25.837   26.494   26.791   26.935
            0.611111 -0.000000  0.000000
  -44.541  -22.692  -22.687  -22.618  -11.336  -11.288   -1.037   -1.002   -0.347   -0.241
   -0.035    0.521    5.094    6.971    7.211    7.739    8.359   10.081   10.741   11.943
   12.396   13.153   13.228   13.435   14.555   14.703   14.731   15.625   15.634   15.983
   18.545   19.444   19.502   19.773   20.842   21.416   22.714   24.154   24.546   24.779
   25.081   25.270   25.815   26.504   26.855   26.913
            0.605556 -0.000000  0.000000
  -44.541  -22.693  -22.687  -22.616  -11.337  -11.290   -1.033   -1.016   -0.341   -0.225
   -0.031    0.525    5.079    6.961    7.216    7.758    8.348   10.073   10.759   11.883
   12.384   13.164   13.203   13.479   14.555   14.704   14.725   15.624   15.632   15.995
   18.592   19.452   19.544   19.806   20.835   21.427   22.679   24.111   24.520   24.756
   25.037   25.155   25.793   26.513   26.887   26.918
            0.600000 -0.000000  0.000000
  -44.541  -22.694  -22.687  -22.614  -11.338  -11.293   -1.030   -1.029   -0.337   -0.205
   -0.028    0.529    5.064    6.950    7.220    7.778    8.336   10.065   10.777   11.824
   12.371   13.174   13.178   13.524   14.556   14.676   14.747   15.614   15.639   16.008
   18.639   19.461   19.590   19.841   20.828   21.439   22.641   24.069   24.492   24.721
   25.003   25.039   25.771   26.520   26.857   26.979
            0.594444 -0.000000  0.000000
  -44.541  -22.695  -22.687  -22.612  -11.339  -11.296   -1.041   -1.026   -0.335   -0.183
   -0.024    0.535    5.048    6.938    7.225    7.800    8.324   10.058   10.794   11.766
   12.358   13.153   13.183   13.570   14.557   14.647   14.768   15.604   15.646   16.022
   18.687   19.471   19.641   19.880   20.821   21.451   22.600   24.027   24.460   24.675
   24.923   24.976   25.748   26.525   26.823   27.036
            0.588889 -0.000000  0.000000
  -44.541  -22.696  -22.688  -22.609  -11.341  -11.299   -1.053   -1.021   -0.336   -0.159
   -0.021    0.540    5.032    6.925    7.230    7.822    8.311   10.051   10.809   11.711
   12.343   13.128   13.191   13.617   14.557   14.616   14.790   15.593   15.653   16.038
   18.735   19.482   19.698   19.923   20.813   21.463   22.556   23.985   24.424   24.622
   24.811   24.955   25.723   26.528   26.785   27.087
            0.583333 -0.000000  0.000000
  -44.541  -22.697  -22.688  -22.607  -11.342  -11.302   -1.065   -1.016   -0.337   -0.133
   -0.017    0.546    5.014    6.910    7.236    7.844    8.297   10.046   10.822   11.658
   12.328   13.103   13.199   13.664   14.557   14.585   14.812   15.582   15.661   16.055
   18.781   19.494   19.759   19.969   20.806   21.474   22.510   23.943   24.379   24.564
   24.707   24.937   25.698   26.528   26.744   27.131
            0.577778 -0.000000  0.000000
  -44.542  -22.698  -22.688  -22.604  -11.344  -11.306   -1.075   -1.010   -0.339   -0.106
   -0.013    0.552    4.996    6.895    7.241    7.867    8.282   10.041   10.831   11.610
   12.312   13.078   13.206   13.711   14.553   14.556   14.833   15.570   15.668   16.074
   18.826   19.506   19.825   20.019   20.799   21.485   22.462   23.903   24.319   24.504
   24.617   24.920   25.671   26.526   26.700   27.168
            0.572222 -0.000000  0.000000
  -44.542  -22.698  -22.689  -22.602  -11.345  -11.310   -1.085   -1.004   -0.342   -0.078
   -0.009    0.559    4.978    6.879    7.247    7.890    8.267   10.037   10.836   11.567
   12.295   13.053   13.213   13.758   14.521   14.554   14.854   15.559   15.676   16.095
   18.869   19.519   19.895   20.073   20.793   21.495   22.411   23.862   24.240   24.443
   24.546   24.904   25.644   26.521   26.654   27.198
            0.566667 -0.000000  0.000000
  -44.542  -22.699  -22.689  -22.599  -11.347  -11.314   -1.094   -0.997   -0.346   -0.050
   -0.005    0.566    4.960    6.862    7.253    7.913    8.251   10.034   10.835   11.531
   12.278   13.028   13.220   13.805   14.490   14.551   14.874   15.548   15.685   16.118
   18.910   19.533   19.969   20.130   20.787   21.504   22.359   23.823   24.144   24.382
   24.495   24.889   25.615   26.513   26.606   27.221
            0.561111 -0.000000  0.000000
  -44.542  -22.700  -22.690  -22.597  -11.349  -11.318   -1.102   -0.990   -0.350   -0.021
   -0.001    0.574    4.941    6.845    7.258    7.936    8.235   10.032   10.827   11.504
   12.260   13.004   13.225   13.850   14.458   14.548   14.894   15.537   15.694   16.143
   18.948   19.547   20.046   20.190   20.782   21.511   22.306   23.784   24.035   24.322
   24.456   24.872   25.586   26.501   26.556   27.237
            0.555556 -0.000000  0.000000
  -44.542  -22.700  -22.690  -22.594  -11.351  -11.323   -1.109   -0.982   -0.354    0.004
    0.008    0.582    4.922    6.826    7.264    7.957    8.219   10.030   10.812   11.485
   12.242   12.980   13.231   13.893   14.428   14.543   14.913   15.527   15.704   16.170
   18.983   19.562   20.124   20.254   20.778   21.517   22.252   23.746   23.920   24.263
   24.427   24.856   25.556   26.485   26.505   27.247
            0.550000 -0.000000  0.000000
  -44.542  -22.701  -22.691  -22.591  -11.353  -11.328   -1.115   -0.974   -0.359    0.008
    0.037    0.590    4.902    6.807    7.270    7.978    8.202   10.030   10.789   11.476
   12.224   12.957   13.236   13.933   14.400   14.536   14.932   15.518   15.716   16.198
   19.015   19.576   20.203   20.321   20.776   21.522   22.198   23.710   23.801   24.205
   24.403   24.839   25.525   26.454   26.466   27.251
            0.544444 -0.000000  0.000000
  -44.542  -22.701  -22.691  -22.589  -11.356  -11.333   -1.121   -0.964   -0.365    0.013
    0.067    0.599    4.883    6.788    7.276    7.998    8.184   10.030   10.758   11.477
   12.206   12.934   13.241   13.969   14.375   14.529   14.949   15.510   15.728   16.228
   19.044   19.592   20.281   20.391   20.777   21.524   22.146   23.674   23.682   24.149
   24.382   24.823   25.494   26.402   26.443   27.249
            0.538889 -0.000000  0.000000
  -44.543  -22.701  -22.692  -22.586  -11.358  -11.338   -1.125   -0.954   -0.370    0.018
    0.097    0.608    4.864    6.768    7.281    8.016    8.167   10.031   10.721   11.486
   12.187   12.911   13.246   14.000   14.355   14.519   14.965   15.504   15.743   16.260
   19.070   19.607   20.355   20.464   20.781   21.524   22.096   23.562   23.641   24.094
   24.365   24.806   25.462   26.349   26.415   27.242
            0.533333 -0.000000  0.000000
  -44.543  -22.701  -22.692  -22.584  -11.361  -11.344   -1.128   -0.944   -0.377    0.022
    0.127    0.618    4.844    6.748    7.287    8.033    8.149   10.033   10.679   11.502
   12.169   12.889   13.250   14.022   14.342   14.509   14.980   15.499   15.759   16.294
   19.092   19.623   20.422   20.539   20.789   21.522   22.050   23.444   23.608   24.040
   24.350   24.789   25.430   26.297   26.383   27.230
            0.527778 -0.000000  0.000000
  -44.543  -22.701  -22.693  -22.581  -11.363  -11.350   -1.131   -0.933   -0.383    0.027
    0.157    0.628    4.825    6.728    7.292    8.048    8.131   10.036   10.633   11.524
   12.151   12.868   13.254   14.033   14.340   14.496   14.994   15.497   15.777   16.329
   19.111   19.638   20.481   20.616   20.803   21.517   22.011   23.327   23.578   23.987
   24.337   24.772   25.398   26.246   26.346   27.213
            0.522222 -0.000000  0.000000
  -44.543  -22.701  -22.694  -22.578  -11.366  -11.356   -1.132   -0.921   -0.390    0.032
    0.188    0.638    4.806    6.707    7.297    8.062    8.112   10.039   10.583   11.552
   12.133   12.847   13.257   14.032   14.348   14.482   15.006   15.497   15.796   16.366
   19.127   19.654   20.527   20.695   20.822   21.510   21.981   23.213   23.550   23.936
   24.326   24.756   25.366   26.195   26.306   27.192
            0.516667 -0.000000  0.000000
  -44.543  -22.700  -22.694  -22.576  -11.369  -11.362   -1.132   -0.909   -0.397    0.038
    0.218    0.648    4.787    6.686    7.302    8.073    8.094   10.043   10.532   11.585
   12.115   12.826   13.260   14.020   14.366   14.466   15.018   15.500   15.818   16.404
   19.138   19.669   20.559   20.775   20.845   21.500   21.963   23.101   23.524   23.885
   24.316   24.740   25.334   26.145   26.261   27.168
            0.511111 -0.000000  0.000000
  -44.544  -22.700  -22.695  -22.573  -11.372  -11.369   -1.132   -0.896   -0.405    0.043
    0.248    0.659    4.768    6.665    7.307    8.076    8.082   10.048   10.479   11.621
   12.097   12.807   13.263   14.001   14.390   14.448   15.028   15.506   15.843   16.444
   19.146   19.685   20.580   20.855   20.868   21.488   21.959   22.993   23.501   23.836
   24.308   24.724   25.302   26.096   26.211   27.141
            0.505556 -0.000000  0.000000
  -44.544  -22.700  -22.696  -22.570  -11.376  -11.375   -1.130   -0.882   -0.413    0.049
    0.278    0.669    4.750    6.643    7.311    8.057    8.089   10.053   10.425   11.661
   12.079   12.788   13.265   13.977   14.419   14.428   15.036   15.515   15.869   16.485
   19.150   19.700   20.590   20.888   20.934   21.475   21.971   22.889   23.482   23.787
   24.301   24.709   25.271   26.047   26.158   27.112
            0.500000 -0.000000  0.000000
  -44.544  -22.699  -22.696  -22.568  -11.383  -11.378   -1.127   -0.867   -0.421    0.054
    0.308    0.681    4.732    6.622    7.315    8.039    8.094   10.059   10.371   11.703
   12.062   12.769   13.266   13.950   14.407   14.449   15.044   15.527   15.897   16.527
   19.150   19.714   20.591   20.901   21.010   21.461   22.000   22.789   23.466   23.740
   24.294   24.694   25.242   26.000   26.100   27.082
            0.494444 -0.000000  0.000000
  -44.544  -22.698  -22.697  -22.565  -11.391  -11.381   -1.123   -0.852   -0.430    0.060
    0.339    0.692    4.714    6.600    7.318    8.021    8.096   10.065   10.317   11.749
   12.046   12.752   13.267   13.921   14.384   14.481   15.051   15.542   15.927   16.570
   19.145   19.728   20.584   20.908   21.079   21.452   22.044   22.694   23.455   23.693
   24.288   24.679   25.214   25.954   26.039   27.052
            0.488889 -0.000000  0.000000
  -44.544  -22.698  -22.697  -22.562  -11.398  -11.385   -1.118   -0.837   -0.439    0.066
    0.369    0.703    4.697    6.579    7.321    8.002    8.096   10.072   10.264   11.797
   12.029   12.735   13.267   13.891   14.359   14.512   15.056   15.561   15.960   16.615
   19.136   19.741   20.567   20.913   21.133   21.453   22.101   22.604   23.449   23.648
   24.282   24.665   25.188   25.910   25.975   27.021
            0.483333 -0.000000  0.000000
  -44.545  -22.699  -22.696  -22.560  -11.406  -11.388   -1.112   -0.820   -0.448    0.073
    0.398    0.715    4.680    6.557    7.323    7.985    8.093   10.078   10.211   11.847
   12.014   12.719   13.265   13.861   14.332   14.543   15.061   15.583   15.994   16.660
   19.123   19.753   20.541   20.917   21.163   21.474   22.167   22.519   23.449   23.603
   24.276   24.651   25.165   25.866   25.907   26.991
            0.477778 -0.000000  0.000000
  -44.545  -22.700  -22.695  -22.557  -11.415  -11.392   -1.105   -0.803   -0.458    0.079
    0.428    0.727    4.664    6.536    7.325    7.967    8.088   10.083   10.161   11.898
   11.998   12.704   13.263   13.832   14.304   14.574   15.064   15.608   16.029   16.707
   19.106   19.763   20.506   20.923   21.166   21.519   22.239   22.439   23.456   23.559
   24.270   24.638   25.144   25.824   25.837   26.960
            0.472222 -0.000000  0.000000
  -44.545  -22.701  -22.694  -22.555  -11.423  -11.395   -1.096   -0.785   -0.468    0.086
    0.458    0.739    4.648    6.514    7.326    7.949    8.080   10.078   10.123   11.952
   11.983   12.690   13.260   13.804   14.274   14.604   15.067   15.637   16.066   16.755
   19.085   19.771   20.462   20.933   21.148   21.581   22.312   22.365   23.472   23.516
   24.264   24.625   25.127   25.765   25.782   26.930
            0.466667 -0.000000  0.000000
  -44.545  -22.701  -22.692  -22.552  -11.432  -11.399   -1.087   -0.767   -0.479    0.093
    0.487    0.751    4.632    6.493    7.326    7.932    8.070   10.042   10.116   11.969
   12.006   12.676   13.256   13.778   14.243   14.633   15.069   15.668   16.104   16.804
   19.059   19.777   20.412   20.947   21.117   21.653   22.296   22.385   23.470   23.501
   24.257   24.613   25.113   25.691   25.742   26.899
            0.461111 -0.000000  0.000000
  -44.546  -22.702  -22.691  -22.549  -11.440  -11.403   -1.077   -0.748   -0.490    0.100
    0.516    0.763    4.617    6.472    7.326    7.915    8.057    9.994   10.122   11.955
   12.062   12.664   13.251   13.753   14.210   14.661   15.071   15.702   16.143   16.854
   19.030   19.779   20.356   20.964   21.079   21.728   22.232   22.454   23.429   23.537
   24.250   24.601   25.103   25.615   25.702   26.869
            0.455556 -0.000000  0.000000
  -44.546  -22.703  -22.689  -22.547  -11.450  -11.407   -1.065   -0.729   -0.501    0.108
    0.545    0.776    4.603    6.451    7.325    7.899    8.041    9.945   10.130   11.941
   12.118   12.653   13.246   13.731   14.176   14.688   15.072   15.739   16.184   16.905
   18.997   19.778   20.297   20.983   21.039   21.803   22.173   22.516   23.388   23.586
   24.243   24.589   25.096   25.539   25.663   26.839
            0.450000 -0.000000  0.000000
  -44.546  -22.704  -22.687  -22.544  -11.459  -11.411   -1.053   -0.708   -0.512    0.115
    0.574    0.788    4.589    6.430    7.323    7.883    8.024    9.896   10.139   11.928
   12.174   12.642   13.239   13.711   14.141   14.715   15.073   15.778   16.225   16.957
   18.961   19.772   20.235   20.998   21.006   21.877   22.118   22.572   23.347   23.648
   24.236   24.578   25.094   25.461   25.625   26.808
            0.444444 -0.000000  0.000000
  -44.547  -22.705  -22.685  -22.542  -11.468  -11.415   -1.039   -0.688   -0.524    0.123
    0.602    0.801    4.576    6.410    7.320    7.868    8.004    9.848   10.149   11.916
   12.230   12.633   13.233   13.693   14.104   14.741   15.073   15.819   16.267   17.010
   18.921   19.761   20.172   20.959   21.029   21.947   22.068   22.620   23.307   23.722
   24.230   24.567   25.094   25.384   25.588   26.777
            0.438889 -0.000000  0.000000
  -44.547  -22.706  -22.683  -22.539  -11.478  -11.419   -1.025   -0.666   -0.536    0.132
    0.630    0.814    4.564    6.389    7.316    7.853    7.982    9.801   10.159   11.903
   12.284   12.625   13.227   13.678   14.067   14.767   15.073   15.861   16.309   17.063
   18.878   19.744   20.108   20.924   21.055   21.997   22.038   22.661   23.268   23.806
   24.225   24.556   25.097   25.307   25.551   26.745
            0.433333 -0.000000  0.000000
  -44.547  -22.707  -22.681  -22.537  -11.488  -11.423   -1.009   -0.644   -0.549    0.140
    0.658    0.826    4.552    6.370    7.311    7.838    7.957    9.754   10.169   11.892
   12.336   12.618   13.223   13.666   14.029   14.792   15.072   15.905   16.351   17.118
   18.833   19.720   20.043   20.894   21.081   21.966   22.085   22.696   23.229   23.899
   24.223   24.546   25.103   25.231   25.514   26.713
            0.427778 -0.000000  0.000000
  -44.548  -22.708  -22.679  -22.534  -11.498  -11.428   -0.993   -0.622   -0.562    0.149
    0.685    0.839    4.541    6.350    7.306    7.824    7.931    9.708   10.179   11.880
   12.384   12.612   13.221   13.657   13.990   14.817   15.071   15.950   16.394   17.174
   18.786   19.690   19.979   20.869   21.107   21.924   22.140   22.727   23.191   23.999
   24.224   24.536   25.110   25.158   25.478   26.680
            0.422222 -0.000000  0.000000
  -44.548  -22.709  -22.676  -22.532  -11.508  -11.432   -0.975   -0.599   -0.575    0.158
    0.713    0.852    4.530    6.331    7.300    7.810    7.903    9.663   10.189   11.869
   12.427   12.607   13.225   13.650   13.950   14.842   15.070   15.996   16.437   17.230
   18.736   19.653   19.916   20.851   21.134   21.884   22.190   22.754   23.153   24.101
   24.230   24.527   25.087   25.118   25.442   26.646
            0.416667 -0.000000  0.000000
  -44.548  -22.711  -22.674  -22.530  -11.519  -11.436   -0.957   -0.588   -0.575    0.168
    0.739    0.865    4.520    6.312    7.292    7.797    7.874    9.618   10.199   11.859
   12.464   12.604   13.234   13.646   13.909   14.867   15.069   16.042   16.479   17.287
   18.685   19.610   19.853   20.840   21.161   21.845   22.231   22.778   23.116   24.202
   24.240   24.520   25.022   25.126   25.407   26.612
            0.411111 -0.000000  0.000000
  -44.549  -22.712  -22.671  -22.527  -11.529  -11.441   -0.937   -0.602   -0.551    0.178
    0.766    0.878    4.511    6.293    7.284    7.785    7.843    9.574   10.209   11.849
   12.493   12.601   13.252   13.644   13.868   14.891   15.067   16.089   16.521   17.346
   18.633   19.561   19.792   20.835   21.187   21.808   22.265   22.802   23.080   24.255
   24.293   24.518   24.967   25.134   25.373   26.576
            0.405556 -0.000000  0.000000
  -44.549  -22.713  -22.669  -22.525  -11.540  -11.446   -0.916   -0.616   -0.526    0.188
    0.791    0.891    4.502    6.275    7.276    7.772    7.810    9.531   10.218   11.838
   12.513   12.600   13.278   13.644   13.826   14.915   15.066   16.135   16.563   17.404
   18.580   19.508   19.731   20.836   21.212   21.772   22.290   22.825   23.044   24.276
   24.357   24.527   24.930   25.139   25.339   26.541
            0.400000 -0.000000  0.000000
  -44.549  -22.714  -22.666  -22.523  -11.551  -11.450   -0.895   -0.630   -0.501    0.198
    0.817    0.904    4.494    6.257    7.266    7.760    7.777    9.489   10.227   11.829
   12.524   12.600   13.313   13.645   13.783   14.938   15.064   16.180   16.603   17.464
   18.527   19.451   19.673   20.843   21.236   21.738   22.306   22.849   23.008   24.302
   24.382   24.546   24.924   25.141   25.307   26.506
            0.394444 -0.000000  0.000000
  -44.550  -22.715  -22.663  -22.520  -11.562  -11.455   -0.872   -0.645   -0.476    0.209
    0.842    0.917    4.487    6.240    7.256    7.742    7.749    9.447   10.235   11.819
   12.527   12.601   13.358   13.649   13.741   14.962   15.063   16.225   16.643   17.525
   18.474   19.391   19.616   20.855   21.259   21.706   22.313   22.874   22.973   24.334
   24.376   24.554   24.961   25.137   25.278   26.471
            0.388889 -0.000000  0.000000
  -44.550  -22.716  -22.660  -22.518  -11.573  -11.460   -0.849   -0.659   -0.450    0.221
    0.866    0.930    4.481    6.223    7.245    7.706    7.738    9.405   10.243   11.810
   12.522   12.603   13.410   13.655   13.698   14.985   15.061   16.269   16.682   17.586
   18.421   19.330   19.560   20.870   21.280   21.676   22.311   22.900   22.939   24.351
   24.370   24.544   25.034   25.126   25.255   26.437
            0.383333 -0.000000  0.000000
  -44.550  -22.717  -22.657  -22.516  -11.584  -11.464   -0.825   -0.675   -0.424    0.232
    0.891    0.943    4.475    6.206    7.233    7.669    7.727    9.364   10.249   11.801
   12.511   12.606   13.469   13.655   13.663   15.007   15.059   16.310   16.719   17.648
   18.371   19.268   19.507   20.889   21.300   21.647   22.301   22.903   22.929   24.314
   24.410   24.526   25.106   25.126   25.237   26.406
            0.377778 -0.000000  0.000000
  -44.551  -22.719  -22.654  -22.514  -11.595  -11.469   -0.800   -0.690   -0.397    0.244
    0.914    0.956    4.470    6.190    7.221    7.632    7.716    9.324   10.256   11.791
   12.495   12.610   13.532   13.612   13.674   15.029   15.058   16.350   16.754   17.710
   18.322   19.206   19.456   20.910   21.318   21.620   22.284   22.869   22.958   24.267
   24.452   24.506   25.077   25.222   25.224   26.379
            0.372222 -0.000000  0.000000
  -44.551  -22.720  -22.650  -22.511  -11.607  -11.474   -0.774   -0.705   -0.370    0.257
    0.937    0.969    4.465    6.175    7.209    7.594    7.705    9.283   10.261   11.782
   12.476   12.615   13.569   13.594   13.692   15.050   15.056   16.387   16.787   17.772
   18.276   19.144   19.407   20.934   21.333   21.596   22.261   22.835   22.989   24.216
   24.488   24.493   25.042   25.215   25.316   26.357
            0.366667 -0.000000  0.000000
  -44.552  -22.721  -22.647  -22.509  -11.618  -11.479   -0.749   -0.718   -0.343    0.270
    0.960    0.982    4.462    6.160    7.196    7.556    7.694    9.244   10.265   11.773
   12.454   12.621   13.526   13.646   13.726   15.055   15.070   16.421   16.818   17.834
   18.234   19.084   19.360   20.958   21.347   21.574   22.231   22.800   23.022   24.161
   24.471   24.533   25.002   25.210   25.402   26.343
            0.361111 -0.000000  0.000000
  -44.552  -22.722  -22.643  -22.507  -11.630  -11.484   -0.743   -0.713   -0.316    0.283
    0.982    0.995    4.458    6.146    7.183    7.518    7.684    9.204   10.268   11.764
   12.430   12.627   13.484   13.675   13.786   15.054   15.089   16.452   16.846   17.893
   18.198   19.026   19.316   20.983   21.359   21.556   22.195   22.766   23.056   24.106
   24.454   24.568   24.959   25.208   25.473   26.337
            0.355556 -0.000000  0.000000
  -44.552  -22.724  -22.640  -22.505  -11.642  -11.489   -0.756   -0.687   -0.289    0.297
    1.003    1.008    4.456    6.132    7.169    7.479    7.673    9.165   10.269   11.755
   12.405   12.634   13.442   13.694   13.861   15.053   15.107   16.479   16.872   17.947
   18.172   18.971   19.275   21.008   21.369   21.540   22.156   22.730   23.091   24.052
   24.438   24.596   24.913   25.211   25.527   26.342
            0.350000 -0.000000  0.000000
  -44.553  -22.725  -22.636  -22.503  -11.653  -11.494   -0.772   -0.658   -0.261    0.312
    1.021    1.024    4.454    6.118    7.155    7.440    7.662    9.126   10.269   11.745
   12.380   12.641   13.401   13.710   13.941   15.053   15.124   16.501   16.894   17.986
   18.165   18.918   19.237   21.032   21.377   21.529   22.112   22.695   23.127   24.001
   24.422   24.613   24.865   25.221   25.562   26.354
            0.344444 -0.000000  0.000000
  -44.553  -22.726  -22.632  -22.501  -11.665  -11.499   -0.789   -0.627   -0.233    0.327
    1.034    1.044    4.453    6.105    7.141    7.401    7.651    9.087   10.268   11.735
   12.355   12.648   13.361   13.726   14.025   15.053   15.140   16.519   16.913   18.001
   18.187   18.870   19.203   21.053   21.383   21.522   22.065   22.658   23.162   23.955
   24.405   24.617   24.816   25.239   25.578   26.370
            0.338889 -0.000000  0.000000
  -44.554  -22.728  -22.629  -22.499  -11.677  -11.504   -0.805   -0.596   -0.206    0.342
    1.047    1.064    4.452    6.093    7.127    7.362    7.640    9.048   10.265   11.725
   12.330   12.654   13.323   13.742   14.110   15.054   15.154   16.531   16.929   17.995
   18.235   18.825   19.173   21.072   21.387   21.521   22.016   22.621   23.195   23.915
   24.388   24.607   24.767   25.266   25.580   26.382
            0.333333 -0.000000  0.000000
  -44.554  -22.729  -22.625  -22.497  -11.689  -11.509   -0.822   -0.564   -0.178    0.358
    1.060    1.083    4.452    6.081    7.113    7.324    7.629    9.009   10.260   11.714
   12.307   12.660   13.287   13.758   14.197   15.055   15.167   16.539   16.940   17.982
   18.296   18.784   19.147   21.088   21.390   21.524   21.965   22.582   23.225   23.883
   24.369   24.581   24.718   25.301   25.571   26.388
            0.327778 -0.000000  0.000000
  -44.554  -22.730  -22.621  -22.495  -11.701  -11.514   -0.840   -0.531   -0.151    0.375
    1.073    1.102    4.453    6.070    7.099    7.285    7.618    8.971   10.253   11.703
   12.284   12.664   13.254   13.775   14.286   15.057   15.178   16.541   16.948   17.968
   18.363   18.748   19.125   21.100   21.390   21.532   21.914   22.543   23.249   23.862
   24.349   24.540   24.672   25.342   25.554   26.385
            0.322222 -0.000000  0.000000
  -44.555  -22.731  -22.617  -22.493  -11.713  -11.519   -0.857   -0.498   -0.124    0.393
    1.086    1.120    4.454    6.060    7.085    7.247    7.606    8.932   10.244   11.691
   12.263   12.666   13.224   13.793   14.374   15.059   15.187   16.538   16.952   17.955
   18.432   18.716   19.109   21.107   21.389   21.542   21.865   22.502   23.266   23.853
   24.327   24.488   24.627   25.387   25.532   26.373
            0.316667 -0.000000  0.000000
  -44.555  -22.733  -22.613  -22.491  -11.725  -11.524   -0.874   -0.463   -0.097    0.411
    1.099    1.137    4.455    6.050    7.071    7.210    7.594    8.894   10.234   11.678
   12.244   12.666   13.198   13.811   14.464   15.062   15.194   16.531   16.951   17.944
   18.504   18.688   19.098   21.112   21.387   21.552   21.821   22.459   23.274   23.858
   24.304   24.427   24.583   25.434   25.508   26.354
            0.311111 -0.000000  0.000000
  -44.556  -22.734  -22.609  -22.489  -11.737  -11.529   -0.892   -0.428   -0.070    0.430
    1.112    1.154    4.457    6.040    7.057    7.172    7.582    8.856   10.221   11.665
   12.226   12.662   13.177   13.830   14.553   15.066   15.199   16.519   16.947   17.935
   18.578   18.665   19.093   21.113   21.382   21.555   21.789   22.415   23.275   23.876
   24.279   24.360   24.537   25.482   25.483   26.329
            0.305556 -0.000000  0.000000
  -44.556  -22.735  -22.605  -22.487  -11.749  -11.534   -0.909   -0.392   -0.044    0.449
    1.125    1.170    4.460    6.032    7.044    7.136    7.570    8.818   10.206   11.650
   12.211   12.654   13.162   13.849   14.642   15.071   15.202   16.504   16.940   17.927
   18.645   18.653   19.094   21.110   21.376   21.543   21.777   22.370   23.268   23.907
   24.252   24.288   24.491   25.457   25.530   26.299
            0.300000 -0.000000  0.000000
  -44.556  -22.737  -22.600  -22.485  -11.761  -11.539   -0.927   -0.356   -0.018    0.470
    1.138    1.186    4.463    6.023    7.030    7.100    7.557    8.779   10.189   11.635
   12.197   12.641   13.153   13.869   14.731   15.077   15.203   16.486   16.929   17.921
   18.629   18.729   19.101   21.105   21.369   21.514   21.785   22.324   23.256   23.948
   24.213   24.224   24.443   25.432   25.577   26.265
            0.294444 -0.000000  0.000000
  -44.557  -22.738  -22.596  -22.484  -11.773  -11.544   -0.945   -0.319    0.007    0.491
    1.151    1.201    4.466    6.016    7.017    7.064    7.544    8.741   10.169   11.618
   12.186   12.624   13.150   13.889   14.820   15.083   15.201   16.465   16.915   17.916
   18.617   18.806   19.114   21.095   21.359   21.476   21.810   22.276   23.241   23.998
   24.136   24.194   24.394   25.408   25.621   26.229
            0.288889 -0.000000  0.000000
  -44.557  -22.739  -22.592  -22.482  -11.785  -11.549   -0.963   -0.281    0.031    0.513
    1.164    1.215    4.470    6.009    7.004    7.030    7.531    8.703   10.148   11.600
   12.178   12.603   13.152   13.910   14.907   15.091   15.197   16.443   16.898   17.911
   18.607   18.884   19.133   21.079   21.348   21.436   21.843   22.228   23.224   24.054
   24.056   24.162   24.344   25.385   25.663   26.190
            0.283333 -0.000000  0.000000
  -44.558  -22.741  -22.588  -22.480  -11.796  -11.554   -0.980   -0.243    0.055    0.536
    1.177    1.229    4.474    6.003    6.991    6.996    7.517    8.665   10.125   11.580
   12.172   12.578   13.161   13.931   14.992   15.100   15.191   16.421   16.880   17.906
   18.600   18.963   19.158   21.056   21.336   21.400   21.883   22.180   23.207   23.974
   24.115   24.129   24.294   25.364   25.703   26.150
            0.277778 -0.000000  0.000000
  -44.558  -22.742  -22.583  -22.478  -11.808  -11.559   -0.998   -0.204    0.078    0.560
    1.190    1.242    4.478    5.997    6.962    6.979    7.503    8.626   10.099   11.559
   12.168   12.551   13.174   13.952   15.075   15.110   15.184   16.398   16.859   17.902
   18.595   19.042   19.190   21.022   21.321   21.372   21.925   22.131   23.190   23.891
   24.094   24.181   24.244   25.344   25.739   26.108
            0.272222 -0.000000  0.000000
  -44.558  -22.743  -22.579  -22.477  -11.820  -11.564   -1.016   -0.165    0.101    0.585
    1.203    1.255    4.482    5.992    6.930    6.967    7.489    8.588   10.072   11.536
   12.167   12.521   13.191   13.973   15.120   15.146   15.183   16.377   16.838   17.898
   18.591   19.123   19.226   20.977   21.304   21.356   21.970   22.084   23.174   23.806
   24.058   24.194   24.250   25.326   25.771   26.064
            0.266667 -0.000000  0.000000
  -44.559  -22.745  -22.575  -22.475  -11.831  -11.569   -1.034   -0.125    0.123    0.610
    1.217    1.267    4.487    5.988    6.898    6.955    7.475    8.549   10.043   11.511
   12.168   12.490   13.212   13.994   15.132   15.153   15.240   16.358   16.815   17.894
   18.588   19.203   19.268   20.923   21.284   21.349   22.016   22.037   23.159   23.721
   24.021   24.145   24.321   25.309   25.801   26.019
            0.261111 -0.000000  0.000000
  -44.559  -22.746  -22.570  -22.474  -11.843  -11.574   -1.051   -0.084    0.144    0.637
    1.230    1.278    4.492    5.984    6.867    6.944    7.460    8.511   10.012   11.484
   12.171   12.458   13.236   14.015   15.139   15.145   15.312   16.343   16.792   17.891
   18.586   19.284   19.314   20.860   21.263   21.352   21.992   22.063   23.145   23.634
   23.983   24.097   24.395   25.294   25.827   25.974
            0.255556 -0.000000  0.000000
  -44.560  -22.747  -22.566  -22.472  -11.854  -11.579   -1.069   -0.044    0.164    0.664
    1.243    1.289    4.497    5.981    6.838    6.933    7.445    8.472    9.979   11.455
   12.177   12.426   13.262   14.036   15.122   15.159   15.378   16.334   16.769   17.888
   18.584   19.362   19.368   20.792   21.238   21.363   21.949   22.110   23.132   23.546
   23.944   24.050   24.470   25.279   25.849   25.928
            0.250000 -0.000000  0.000000
  -44.560  -22.749  -22.562  -22.471  -11.866  -11.583   -1.087   -0.003    0.183    0.692
    1.256    1.300    4.502    5.979    6.809    6.923    7.430    8.433    9.945   11.424
   12.185   12.394   13.292   14.057   15.103   15.174   15.437   16.331   16.747   17.885
   18.582   19.418   19.448   20.718   21.211   21.379   21.910   22.157   23.121   23.457
   23.905   24.006   24.546   25.265   25.869   25.881
            0.244444 -0.000000  0.000000
  -44.560  -22.750  -22.557  -22.469  -11.877  -11.588   -1.104    0.039    0.202    0.720
    1.270    1.309    4.507    5.977    6.781    6.913    7.415    8.394    9.910   11.390
   12.196   12.362   13.323   14.077   15.082   15.190   15.487   16.336   16.725   17.884
   18.579   19.476   19.529   20.642   21.181   21.401   21.873   22.202   23.111   23.367
   23.866   23.964   24.622   25.252   25.835   25.885
            0.238889 -0.000000  0.000000
  -44.561  -22.751  -22.553  -22.468  -11.888  -11.593   -1.122    0.081    0.219    0.749
    1.283    1.318    4.512    5.976    6.753    6.903    7.399    8.355    9.874   11.355
   12.208   12.331   13.356   14.097   15.059   15.207   15.526   16.352   16.704   17.884
   18.576   19.536   19.609   20.563   21.149   21.428   21.841   22.247   23.101   23.277
   23.826   23.924   24.698   25.239   25.790   25.899
            0.233333 -0.000000  0.000000
  -44.561  -22.752  -22.549  -22.466  -11.899  -11.597   -1.139    0.123    0.236    0.779
    1.296    1.327    4.517    5.976    6.727    6.894    7.383    8.315    9.837   11.317
   12.223   12.301   13.391   14.116   15.035   15.224   15.554   16.379   16.685   17.884
   18.573   19.599   19.689   20.481   21.114   21.458   21.812   22.289   23.093   23.187
   23.785   23.888   24.774   25.227   25.745   25.910
            0.227778 -0.000000  0.000000
  -44.562  -22.754  -22.544  -22.465  -11.910  -11.602   -1.156    0.165    0.253    0.809
    1.310    1.335    4.522    5.977    6.702    6.886    7.367    8.276    9.799   11.277
   12.240   12.271   13.428   14.134   15.010   15.242   15.570   16.417   16.667   17.886
   18.568   19.664   19.768   20.399   21.078   21.492   21.788   22.328   23.085   23.096
   23.745   23.856   24.846   25.216   25.704   25.919
            0.222222 -0.000000  0.000000
  -44.562  -22.755  -22.540  -22.464  -11.921  -11.606   -1.173    0.208    0.268    0.840
    1.323    1.343    4.526    5.978    6.678    6.878    7.351    8.236    9.760   11.236
   12.243   12.258   13.467   14.151   14.984   15.261   15.575   16.466   16.650   17.890
   18.563   19.731   19.844   20.314   21.041   21.530   21.768   22.365   23.006   23.078
   23.705   23.829   24.913   25.206   25.666   25.926
            0.216667 -0.000000  0.000000
  -44.562  -22.756  -22.536  -22.462  -11.931  -11.611   -1.190    0.251    0.283    0.871
    1.336    1.350    4.531    5.980    6.654    6.870    7.335    8.196    9.720   11.192
   12.215   12.279   13.507   14.167   14.958   15.280   15.571   16.523   16.636   17.894
   18.557   19.799   19.917   20.229   21.005   21.570   21.751   22.396   22.916   23.072
   23.665   23.806   24.970   25.201   25.635   25.932
            0.211111 -0.000000  0.000000
  -44.563  -22.757  -22.531  -22.461  -11.942  -11.615   -1.206    0.294    0.298    0.902
    1.350    1.357    4.535    5.983    6.632    6.864    7.319    8.156    9.681   11.146
   12.189   12.301   13.548   14.181   14.931   15.299   15.559   16.587   16.625   17.901
   18.549   19.869   19.986   20.143   20.972   21.613   21.739   22.422   22.830   23.065
   23.624   23.789   25.009   25.202   25.614   25.936
            0.205556 -0.000000  0.000000
  -44.563  -22.758  -22.527  -22.460  -11.952  -11.619   -1.222    0.311    0.337    0.934
    1.363    1.363    4.540    5.986    6.610    6.857    7.303    8.116    9.641   11.099
   12.164   12.325   13.591   14.194   14.904   15.318   15.542   16.616   16.656   17.908
   18.540   19.939   20.049   20.057   20.942   21.658   21.731   22.440   22.748   23.060
   23.584   23.778   25.026   25.213   25.608   25.939
            0.200000 -0.000000  0.000000
  -44.563  -22.760  -22.523  -22.459  -11.962  -11.624   -1.239    0.324    0.380    0.965
    1.369    1.377    4.543    5.990    6.590    6.852    7.287    8.076    9.601   11.050
   12.140   12.350   13.635   14.205   14.878   15.337   15.520   16.609   16.729   17.917
   18.531   19.969   20.009   20.104   20.920   21.703   21.727   22.444   22.677   23.054
   23.543   23.773   25.022   25.224   25.622   25.942
            0.194444 -0.000000  0.000000
  -44.564  -22.761  -22.519  -22.457  -11.972  -11.628   -1.254    0.337    0.423    0.997
    1.375    1.390    4.547    5.995    6.570    6.847    7.270    8.035    9.561   11.000
   12.116   12.378   13.680   14.214   14.852   15.355   15.495   16.606   16.805   17.928
   18.520   19.882   20.079   20.148   20.908   21.726   21.747   22.426   22.627   23.049
   23.503   23.775   25.005   25.227   25.657   25.944
            0.188889 -0.000000  0.000000
  -44.564  -22.762  -22.515  -22.456  -11.982  -11.632   -1.270    0.349    0.466    1.029
    1.380    1.403    4.551    6.001    6.551    6.842    7.254    7.995    9.521   10.948
   12.094   12.406   13.727   14.221   14.827   15.373   15.467   16.606   16.883   17.940
   18.507   19.795   20.144   20.182   20.908   21.730   21.787   22.384   22.601   23.043
   23.463   23.783   24.979   25.221   25.711   25.946
            0.183333 -0.000000  0.000000
  -44.564  -22.763  -22.511  -22.455  -11.991  -11.636   -1.285    0.360    0.509    1.060
    1.384    1.417    4.554    6.007    6.534    6.838    7.238    7.954    9.482   10.896
   12.073   12.436   13.775   14.225   14.803   15.390   15.438   16.610   16.962   17.954
   18.494   19.707   20.181   20.229   20.924   21.737   21.819   22.333   22.591   23.038
   23.422   23.797   24.948   25.208   25.778   25.948
            0.177778 -0.000000  0.000000
  -44.565  -22.764  -22.507  -22.454  -12.001  -11.640   -1.300    0.371    0.551    1.092
    1.389    1.430    4.556    6.014    6.517    6.835    7.222    7.913    9.442   10.842
   12.052   12.467   13.824   14.226   14.780   15.405   15.407   16.617   17.042   17.969
   18.480   19.620   20.184   20.294   20.954   21.748   21.834   22.290   22.586   23.033
   23.381   23.817   24.913   25.190   25.854   25.950
            0.172222 -0.000000  0.000000
  -44.565  -22.765  -22.503  -22.453  -12.010  -11.643   -1.315    0.381    0.594    1.123
    1.393    1.443    4.559    6.022    6.501    6.832    7.206    7.872    9.404   10.788
   12.033   12.500   13.875   14.225   14.759   15.375   15.420   16.627   17.122   17.985
   18.464   19.534   20.170   20.360   20.997   21.762   21.823   22.270   22.583   23.028
   23.341   23.843   24.876   25.169   25.935   25.952
            0.166667 -0.000000  0.000000
  -44.565  -22.766  -22.499  -22.452  -12.019  -11.647   -1.330    0.391    0.636    1.154
    1.396    1.456    4.561    6.030    6.485    6.830    7.190    7.832    9.365   10.734
   12.014   12.534   13.926   14.221   14.739   15.342   15.434   16.641   17.202   18.003
   18.447   19.448   20.145   20.425   21.051   21.781   21.783   22.278   22.580   23.023
   23.300   23.874   24.837   25.147   25.955   26.019
            0.161111 -0.000000  0.000000
  -44.566  -22.767  -22.496  -22.451  -12.027  -11.651   -1.344    0.401    0.678    1.184
    1.399    1.469    4.563    6.038    6.471    6.828    7.174    7.791    9.328   10.679
   11.996   12.569   13.979   14.214   14.721   15.309   15.446   16.659   17.282   18.023
   18.429   19.364   20.113   20.488   21.112   21.719   21.803   22.307   22.578   23.017
   23.260   23.908   24.798   25.123   25.959   26.106
            0.155556 -0.000000  0.000000
  -44.566  -22.768  -22.492  -22.450  -12.036  -11.654   -1.358    0.410    0.720    1.214
    1.402    1.481    4.564    6.048    6.457    6.827    7.159    7.751    9.291   10.624
   11.979   12.605   14.033   14.204   14.705   15.277   15.456   16.681   17.361   18.043
   18.410   19.281   20.076   20.548   21.179   21.641   21.830   22.347   22.580   23.012
   23.221   23.946   24.759   25.098   25.964   26.194
            0.150000 -0.000000  0.000000
  -44.566  -22.769  -22.489  -22.449  -12.044  -11.658   -1.371    0.418    0.761    1.244
    1.405    1.494    4.566    6.057    6.444    6.827    7.144    7.710    9.255   10.569
   11.962   12.643   14.087   14.191   14.689   15.244   15.466   16.706   17.440   18.065
   18.388   19.200   20.035   20.605   21.250   21.554   21.859   22.387   22.589   23.004
   23.183   23.987   24.720   25.073   25.971   26.281
            0.144444 -0.000000  0.000000
  -44.567  -22.770  -22.485  -22.448  -12.052  -11.661   -1.384    0.426    0.801    1.273
    1.408    1.506    4.566    6.068    6.432    6.827    7.129    7.670    9.220   10.514
   11.946   12.681   14.143   14.176   14.675   15.212   15.473   16.734   17.517   18.088
   18.365   19.121   19.991   20.659   21.324   21.461   21.892   22.417   22.614   22.994
   23.150   24.030   24.682   25.047   25.978   26.365
            0.138889 -0.000000  0.000000
  -44.567  -22.771  -22.482  -22.447  -12.059  -11.664   -1.397    0.434    0.841    1.301
    1.410    1.519    4.567    6.078    6.420    6.828    7.114    7.631    9.186   10.460
   11.930   12.720   14.159   14.200   14.661   15.180   15.480   16.765   17.593   18.112
   18.341   19.045   19.947   20.710   21.366   21.400   21.928   22.431   22.659   22.978
   23.125   24.075   24.645   25.020   25.987   26.443
            0.133333 -0.000000  0.000000
  -44.567  -22.772  -22.478  -22.447  -12.067  -11.667   -1.409    0.442    0.880    1.329
    1.412    1.531    4.567    6.089    6.409    6.829    7.099    7.591    9.153   10.406
   11.916   12.760   14.140   14.257   14.647   15.150   15.485   16.799   17.668   18.136
   18.313   18.972   19.902   20.757   21.268   21.477   21.966   22.432   22.720   22.954
   23.109   24.121   24.609   24.993   25.998   26.506
            0.127778 -0.000000  0.000000
  -44.567  -22.773  -22.475  -22.446  -12.074  -11.670   -1.421    0.448    0.919    1.357
    1.414    1.542    4.567    6.101    6.399    6.831    7.085    7.552    9.121   10.353
   11.901   12.801   14.120   14.316   14.633   15.120   15.489   16.836   17.741   18.162
   18.284   18.903   19.858   20.801   21.169   21.555   22.005   22.426   22.791   22.923
   23.105   24.167   24.574   24.965   26.010   26.536
            0.122222 -0.000000  0.000000
  -44.568  -22.773  -22.472  -22.445  -12.081  -11.673   -1.432    0.455    0.957    1.383
    1.415    1.554    4.567    6.112    6.390    6.833    7.071    7.514    9.090   10.300
   11.888   12.843   14.099   14.375   14.619   15.092   15.492   16.874   17.812   18.189
   18.252   18.839   19.814   20.841   21.069   21.632   22.045   22.415   22.867   22.885
   23.109   24.213   24.540   24.937   26.024   26.528
            0.116667 -0.000000  0.000000
  -44.568  -22.774  -22.469  -22.444  -12.088  -11.676   -1.443    0.461    0.994    1.409
    1.417    1.565    4.567    6.124    6.381    6.836    7.058    7.476    9.060   10.249
   11.875   12.886   14.078   14.435   14.603   15.065   15.493   16.913   17.882   18.216
   18.217   18.780   19.770   20.878   20.969   21.709   22.086   22.403   22.845   22.949
   23.122   24.259   24.507   24.908   26.039   26.495
            0.111111 -0.000000  0.000000
  -44.568  -22.775  -22.466  -22.444  -12.094  -11.678   -1.454    0.467    1.029    1.418
    1.433    1.576    4.566    6.136    6.372    6.839    7.045    7.439    9.031   10.199
   11.862   12.929   14.056   14.495   14.586   15.039   15.495   16.953   17.949   18.180
   18.244   18.726   19.728   20.869   20.913   21.785   22.126   22.390   22.804   23.033
   23.141   24.303   24.475   24.880   26.056   26.450
            0.105556 -0.000000  0.000000
  -44.568  -22.776  -22.464  -22.443  -12.100  -11.681   -1.464    0.473    1.064    1.419
    1.457    1.586    4.566    6.148    6.365    6.842    7.033    7.403    9.003   10.149
   11.850   12.973   14.033   14.557   14.567   15.016   15.495   16.993   18.014   18.142
   18.272   18.678   19.688   20.768   20.945   21.857   22.165   22.376   22.764   23.120
   23.166   24.347   24.444   24.851   26.074   26.399
            0.100000 -0.000000  0.000000
  -44.569  -22.776  -22.461  -22.443  -12.106  -11.683   -1.473    0.478    1.098    1.420
    1.480    1.597    4.565    6.160    6.357    6.846    7.021    7.368    8.977   10.102
   11.839   13.017   14.011   14.546   14.618   14.994   15.495   17.031   18.077   18.103
   18.301   18.636   19.649   20.668   20.975   21.924   22.204   22.361   22.725   23.197
   23.208   24.389   24.414   24.823   26.091   26.344
            0.094444 -0.000000  0.000000
  -44.569  -22.777  -22.459  -22.442  -12.111  -11.686   -1.483    0.483    1.130    1.421
    1.502    1.606    4.564    6.172    6.350    6.850    7.009    7.334    8.952   10.055
   11.828   13.062   13.990   14.523   14.680   14.974   15.494   17.067   18.065   18.137
   18.330   18.599   19.611   20.569   21.003   21.984   22.243   22.347   22.692   23.234
   23.299   24.384   24.429   24.795   26.107   26.288
            0.088889 -0.000000  0.000000
  -44.569  -22.778  -22.456  -22.441  -12.117  -11.688   -1.491    0.487    1.162    1.421
    1.523    1.616    4.563    6.184    6.344    6.854    6.998    7.301    8.928   10.011
   11.818   13.108   13.968   14.498   14.742   14.956   15.493   17.098   18.031   18.195
   18.358   18.566   19.575   20.470   21.029   22.035   22.279   22.334   22.667   23.276
   23.391   24.355   24.467   24.767   26.118   26.230
            0.083333 -0.000000  0.000000
  -44.569  -22.778  -22.454  -22.441  -12.121  -11.690   -1.500    0.492    1.191    1.422
    1.543    1.625    4.561    6.195    6.338    6.859    6.988    7.269    8.906    9.968
   11.809   13.154   13.948   14.471   14.804   14.940   15.491   17.123   18.002   18.249
   18.387   18.537   19.542   20.371   21.054   22.075   22.309   22.321   22.655   23.323
   23.484   24.327   24.503   24.740   26.121   26.172
            0.077778 -0.000000  0.000000
  -44.569  -22.779  -22.452  -22.440  -12.126  -11.692   -1.507    0.496    1.220    1.422
    1.562    1.633    4.560    6.207    6.333    6.864    6.978    7.239    8.884    9.927
   11.800   13.200   13.928   14.442   14.866   14.925   15.489   17.139   17.982   18.301
   18.415   18.513   19.510   20.274   21.077   22.104   22.308   22.327   22.665   23.374
   23.578   24.298   24.537   24.713   26.111   26.113
            0.072222 -0.000000  0.000000
  -44.570  -22.779  -22.450  -22.440  -12.130  -11.693   -1.515    0.499    1.246    1.423
    1.580    1.641    4.559    6.218    6.328    6.868    6.968    7.210    8.865    9.889
   11.791   13.247   13.909   14.411   14.912   14.928   15.488   17.146   17.973   18.349
   18.443   18.491   19.480   20.178   21.100   22.125   22.296   22.328   22.697   23.428
   23.673   24.270   24.568   24.686   26.053   26.086
            0.066667 -0.000000  0.000000
  -44.570  -22.780  -22.448  -22.440  -12.134  -11.695   -1.521    0.502    1.272    1.423
    1.596    1.649    4.558    6.229    6.324    6.873    6.960    7.182    8.846    9.852
   11.784   13.294   13.891   14.379   14.901   14.989   15.486   17.141   17.975   18.394
   18.470   18.472   19.453   20.083   21.121   22.138   22.285   22.315   22.749   23.484
   23.769   24.242   24.596   24.661   25.994   26.048
            0.061111 -0.000000  0.000000
  -44.570  -22.780  -22.446  -22.439  -12.138  -11.697   -1.527    0.506    1.295    1.423
    1.612    1.656    4.556    6.239    6.320    6.878    6.952    7.157    8.829    9.818
   11.776   13.341   13.874   14.345   14.891   15.049   15.484   17.126   17.990   18.436
   18.455   18.496   19.427   19.990   21.142   22.146   22.275   22.294   22.814   23.541
   23.866   24.214   24.622   24.635   25.935   25.999
            0.055556 -0.000000  0.000000
  -44.570  -22.781  -22.445  -22.439  -12.141  -11.698   -1.533    0.508    1.317    1.424
    1.626    1.662    4.555    6.248    6.316    6.882    6.944    7.133    8.813    9.787
   11.770   13.388   13.859   14.309   14.882   15.107   15.482   17.101   18.015   18.440
   18.475   18.520   19.404   19.899   21.161   22.150   22.265   22.269   22.886   23.598
   23.962   24.187   24.611   24.645   25.877   25.940
            0.050000 -0.000000  0.000000
  -44.570  -22.781  -22.443  -22.439  -12.145  -11.699   -1.538    0.511    1.337    1.424
    1.638    1.668    4.554    6.257    6.313    6.887    6.937    7.111    8.799    9.758
   11.764   13.435   13.844   14.272   14.874   15.164   15.480   17.070   18.049   18.428
   18.509   18.544   19.383   19.810   21.179   22.150   22.244   22.256   22.962   23.655
   24.059   24.159   24.587   24.666   25.821   25.874
            0.044444 -0.000000  0.000000
  -44.570  -22.781  -22.442  -22.438  -12.147  -11.700   -1.543    0.513    1.355    1.424
    1.650    1.673    4.553    6.266    6.310    6.891    6.931    7.091    8.786    9.731
   11.759   13.482   13.831   14.234   14.867   15.219   15.478   17.034   18.090   18.417
   18.540   18.566   19.364   19.724   21.196   22.148   22.219   22.248   23.039   23.709
   24.131   24.156   24.564   24.685   25.767   25.803
            0.038889 -0.000000  0.000000
  -44.570  -22.782  -22.441  -22.438  -12.150  -11.701   -1.547    0.515    1.371    1.424
    1.660    1.678    4.552    6.273    6.307    6.894    6.926    7.073    8.775    9.708
   11.754   13.529   13.820   14.195   14.861   15.270   15.476   16.995   18.136   18.407
   18.568   18.585   19.348   19.642   21.211   22.144   22.196   22.241   23.116   23.759
   24.103   24.252   24.543   24.701   25.716   25.727
            0.033333 -0.000000  0.000000
  -44.570  -22.782  -22.440  -22.438  -12.152  -11.702   -1.551    0.517    1.385    1.424
    1.669    1.682    4.551    6.280    6.305    6.898    6.921    7.057    8.765    9.687
   11.750   13.575   13.810   14.156   14.856   15.318   15.475   16.957   18.184   18.399
   18.591   18.603   19.334   19.565   21.225   22.139   22.175   22.235   23.192   23.806
   24.075   24.347   24.524   24.714   25.647   25.670
            0.027778 -0.000000  0.000000
  -44.570  -22.782  -22.439  -22.438  -12.154  -11.703   -1.554    0.518    1.397    1.424
    1.677    1.686    4.550    6.285    6.303    6.901    6.917    7.044    8.757    9.670
   11.746   13.620   13.801   14.116   14.852   15.361   15.474   16.920   18.231   18.392
   18.611   18.619   19.322   19.493   21.237   22.134   22.157   22.230   23.264   23.846
   24.046   24.439   24.507   24.726   25.567   25.629
            0.022222 -0.000000  0.000000
  -44.570  -22.782  -22.439  -22.438  -12.155  -11.704   -1.556    0.519    1.407    1.424
    1.683    1.689    4.550    6.290    6.302    6.903    6.914    7.032    8.750    9.655
   11.743   13.664   13.794   14.077   14.849   15.398   15.473   16.887   18.277   18.387
   18.628   18.632   19.312   19.429   21.247   22.129   22.143   22.226   23.331   23.880
   24.017   24.494   24.528   24.735   25.488   25.594
            0.016667 -0.000000  0.000000
  -44.571  -22.782  -22.438  -22.437  -12.156  -11.704   -1.558    0.520    1.414    1.424
    1.688    1.691    4.549    6.294    6.300    6.905    6.911    7.024    8.745    9.644
   11.741   13.705   13.788   14.039   14.846   15.429   15.472   16.859   18.317   18.383
   18.640   18.642   19.304   19.375   21.255   22.124   22.132   22.223   23.390   23.907
   23.989   24.484   24.610   24.742   25.412   25.566
            0.011111 -0.000000  0.000000
  -44.571  -22.783  -22.438  -22.437  -12.157  -11.704   -1.559    0.521    1.420    1.424
    1.691    1.693    4.549    6.297    6.300    6.907    6.909    7.017    8.741    9.636
   11.740   13.742   13.784   14.004   14.844   15.452   15.471   16.838   18.349   18.380
   18.649   18.650   19.299   19.333   21.261   22.120   22.123   22.220   23.438   23.925
   23.964   24.477   24.681   24.747   25.346   25.545
            0.005556 -0.000000  0.000000
  -44.571  -22.783  -22.437  -22.437  -12.158  -11.705   -1.560    0.521    1.423    1.424
    1.693    1.694    4.549    6.298    6.299    6.908    6.908    7.014    8.738    9.631
   11.739   13.770   13.782   13.978   14.843   15.466   15.471   16.825   18.370   18.378
   18.654   18.655   19.296   19.306   21.264   22.118   22.119   22.219   23.470   23.937
   23.947   24.474   24.732   24.750   25.298   25.533
            0.000000  0.000000  0.000000
  -44.571  -22.783  -22.437  -22.437  -12.158  -11.705   -1.561    0.521    1.424    1.424
    1.694    1.694    4.549    6.299    6.299    6.908    6.908    7.012    8.738    9.629
   11.738   13.781   13.781   13.967   14.843   15.471   15.471   16.821   18.377   18.377
   18.656   18.656   19.295   19.297   21.265   22.117   22.117   22.218   23.481   23.940
   23.940   24.472   24.751   24.751   25.280   25.529
