#  E (eV)   dos(E)     Int dos(E) EFermi =    0.726 eV
 -49.263  0.0000E+00  0.0000E+00
 -49.253  0.2648E+02  0.2349E+00
 -49.243  0.3626E+02  0.5417E+00
 -49.233  0.6596E+02  0.1016E+01
 -49.223  0.0000E+00  0.2000E+01
 -49.213  0.0000E+00  0.2000E+01
 -49.203  0.0000E+00  0.2000E+01
 -49.193  0.0000E+00  0.2000E+01
 -49.183  0.0000E+00  0.2000E+01
 -49.173  0.0000E+00  0.2000E+01
 -49.163  0.0000E+00  0.2000E+01
 -49.153  0.0000E+00  0.2000E+01
 -49.143  0.0000E+00  0.2000E+01
 -49.133  0.0000E+00  0.2000E+01
 -49.123  0.0000E+00  0.2000E+01
 -49.113  0.0000E+00  0.2000E+01
 -49.103  0.0000E+00  0.2000E+01
 -49.093  0.0000E+00  0.2000E+01
 -49.083  0.0000E+00  0.2000E+01
 -49.073  0.0000E+00  0.2000E+01
 -49.063  0.0000E+00  0.2000E+01
 -49.053  0.0000E+00  0.2000E+01
 -49.043  0.0000E+00  0.2000E+01
 -49.033  0.0000E+00  0.2000E+01
 -49.023  0.0000E+00  0.2000E+01
 -49.013  0.0000E+00  0.2000E+01
 -49.003  0.0000E+00  0.2000E+01
 -48.993  0.0000E+00  0.2000E+01
 -48.983  0.0000E+00  0.2000E+01
 -48.973  0.0000E+00  0.2000E+01
 -48.963  0.0000E+00  0.2000E+01
 -48.953  0.0000E+00  0.2000E+01
 -48.943  0.0000E+00  0.2000E+01
 -48.933  0.0000E+00  0.2000E+01
 -48.923  0.0000E+00  0.2000E+01
 -48.913  0.0000E+00  0.2000E+01
 -48.903  0.0000E+00  0.2000E+01
 -48.893  0.0000E+00  0.2000E+01
 -48.883  0.0000E+00  0.2000E+01
 -48.873  0.0000E+00  0.2000E+01
 -48.863  0.0000E+00  0.2000E+01
 -48.853  0.0000E+00  0.2000E+01
 -48.843  0.0000E+00  0.2000E+01
 -48.833  0.0000E+00  0.2000E+01
 -48.823  0.0000E+00  0.2000E+01
 -48.813  0.0000E+00  0.2000E+01
 -48.803  0.0000E+00  0.2000E+01
 -48.793  0.0000E+00  0.2000E+01
 -48.783  0.0000E+00  0.2000E+01
 -48.773  0.0000E+00  0.2000E+01
 -48.763  0.0000E+00  0.2000E+01
 -48.753  0.0000E+00  0.2000E+01
 -48.743  0.0000E+00  0.2000E+01
 -48.733  0.0000E+00  0.2000E+01
 -48.723  0.0000E+00  0.2000E+01
 -48.713  0.0000E+00  0.2000E+01
 -48.703  0.0000E+00  0.2000E+01
 -48.693  0.0000E+00  0.2000E+01
 -48.683  0.0000E+00  0.2000E+01
 -48.673  0.0000E+00  0.2000E+01
 -48.663  0.0000E+00  0.2000E+01
 -48.653  0.0000E+00  0.2000E+01
 -48.643  0.0000E+00  0.2000E+01
 -48.633  0.0000E+00  0.2000E+01
 -48.623  0.0000E+00  0.2000E+01
 -48.613  0.0000E+00  0.2000E+01
 -48.603  0.0000E+00  0.2000E+01
 -48.593  0.0000E+00  0.2000E+01
 -48.583  0.0000E+00  0.2000E+01
 -48.573  0.0000E+00  0.2000E+01
 -48.563  0.0000E+00  0.2000E+01
 -48.553  0.0000E+00  0.2000E+01
 -48.543  0.0000E+00  0.2000E+01
 -48.533  0.0000E+00  0.2000E+01
 -48.523  0.0000E+00  0.2000E+01
 -48.513  0.0000E+00  0.2000E+01
 -48.503  0.0000E+00  0.2000E+01
 -48.493  0.0000E+00  0.2000E+01
 -48.483  0.0000E+00  0.2000E+01
 -48.473  0.0000E+00  0.2000E+01
 -48.463  0.0000E+00  0.2000E+01
 -48.453  0.0000E+00  0.2000E+01
 -48.443  0.0000E+00  0.2000E+01
 -48.433  0.0000E+00  0.2000E+01
 -48.423  0.0000E+00  0.2000E+01
 -48.413  0.0000E+00  0.2000E+01
 -48.403  0.0000E+00  0.2000E+01
 -48.393  0.0000E+00  0.2000E+01
 -48.383  0.0000E+00  0.2000E+01
 -48.373  0.0000E+00  0.2000E+01
 -48.363  0.0000E+00  0.2000E+01
 -48.353  0.0000E+00  0.2000E+01
 -48.343  0.0000E+00  0.2000E+01
 -48.333  0.0000E+00  0.2000E+01
 -48.323  0.0000E+00  0.2000E+01
 -48.313  0.0000E+00  0.2000E+01
 -48.303  0.0000E+00  0.2000E+01
 -48.293  0.0000E+00  0.2000E+01
 -48.283  0.0000E+00  0.2000E+01
 -48.273  0.0000E+00  0.2000E+01
 -48.263  0.0000E+00  0.2000E+01
 -48.253  0.0000E+00  0.2000E+01
 -48.243  0.0000E+00  0.2000E+01
 -48.233  0.0000E+00  0.2000E+01
 -48.223  0.0000E+00  0.2000E+01
 -48.213  0.0000E+00  0.2000E+01
 -48.203  0.0000E+00  0.2000E+01
 -48.193  0.0000E+00  0.2000E+01
 -48.183  0.0000E+00  0.2000E+01
 -48.173  0.0000E+00  0.2000E+01
 -48.163  0.0000E+00  0.2000E+01
 -48.153  0.0000E+00  0.2000E+01
 -48.143  0.0000E+00  0.2000E+01
 -48.133  0.0000E+00  0.2000E+01
 -48.123  0.0000E+00  0.2000E+01
 -48.113  0.0000E+00  0.2000E+01
 -48.103  0.0000E+00  0.2000E+01
 -48.093  0.0000E+00  0.2000E+01
 -48.083  0.0000E+00  0.2000E+01
 -48.073  0.0000E+00  0.2000E+01
 -48.063  0.0000E+00  0.2000E+01
 -48.053  0.0000E+00  0.2000E+01
 -48.043  0.0000E+00  0.2000E+01
 -48.033  0.0000E+00  0.2000E+01
 -48.023  0.0000E+00  0.2000E+01
 -48.013  0.0000E+00  0.2000E+01
 -48.003  0.0000E+00  0.2000E+01
 -47.993  0.0000E+00  0.2000E+01
 -47.983  0.0000E+00  0.2000E+01
 -47.973  0.0000E+00  0.2000E+01
 -47.963  0.0000E+00  0.2000E+01
 -47.953  0.0000E+00  0.2000E+01
 -47.943  0.0000E+00  0.2000E+01
 -47.933  0.0000E+00  0.2000E+01
 -47.923  0.0000E+00  0.2000E+01
 -47.913  0.0000E+00  0.2000E+01
 -47.903  0.0000E+00  0.2000E+01
 -47.893  0.0000E+00  0.2000E+01
 -47.883  0.0000E+00  0.2000E+01
 -47.873  0.0000E+00  0.2000E+01
 -47.863  0.0000E+00  0.2000E+01
 -47.853  0.0000E+00  0.2000E+01
 -47.843  0.0000E+00  0.2000E+01
 -47.833  0.0000E+00  0.2000E+01
 -47.823  0.0000E+00  0.2000E+01
 -47.813  0.0000E+00  0.2000E+01
 -47.803  0.0000E+00  0.2000E+01
 -47.793  0.0000E+00  0.2000E+01
 -47.783  0.0000E+00  0.2000E+01
 -47.773  0.0000E+00  0.2000E+01
 -47.763  0.0000E+00  0.2000E+01
 -47.753  0.0000E+00  0.2000E+01
 -47.743  0.0000E+00  0.2000E+01
 -47.733  0.0000E+00  0.2000E+01
 -47.723  0.0000E+00  0.2000E+01
 -47.713  0.0000E+00  0.2000E+01
 -47.703  0.0000E+00  0.2000E+01
 -47.693  0.0000E+00  0.2000E+01
 -47.683  0.0000E+00  0.2000E+01
 -47.673  0.0000E+00  0.2000E+01
 -47.663  0.0000E+00  0.2000E+01
 -47.653  0.0000E+00  0.2000E+01
 -47.643  0.0000E+00  0.2000E+01
 -47.633  0.0000E+00  0.2000E+01
 -47.623  0.0000E+00  0.2000E+01
 -47.613  0.0000E+00  0.2000E+01
 -47.603  0.0000E+00  0.2000E+01
 -47.593  0.0000E+00  0.2000E+01
 -47.583  0.0000E+00  0.2000E+01
 -47.573  0.0000E+00  0.2000E+01
 -47.563  0.0000E+00  0.2000E+01
 -47.553  0.0000E+00  0.2000E+01
 -47.543  0.0000E+00  0.2000E+01
 -47.533  0.0000E+00  0.2000E+01
 -47.523  0.0000E+00  0.2000E+01
 -47.513  0.0000E+00  0.2000E+01
 -47.503  0.0000E+00  0.2000E+01
 -47.493  0.0000E+00  0.2000E+01
 -47.483  0.0000E+00  0.2000E+01
 -47.473  0.0000E+00  0.2000E+01
 -47.463  0.0000E+00  0.2000E+01
 -47.453  0.0000E+00  0.2000E+01
 -47.443  0.0000E+00  0.2000E+01
 -47.433  0.0000E+00  0.2000E+01
 -47.423  0.0000E+00  0.2000E+01
 -47.413  0.0000E+00  0.2000E+01
 -47.403  0.0000E+00  0.2000E+01
 -47.393  0.0000E+00  0.2000E+01
 -47.383  0.0000E+00  0.2000E+01
 -47.373  0.0000E+00  0.2000E+01
 -47.363  0.0000E+00  0.2000E+01
 -47.353  0.0000E+00  0.2000E+01
 -47.343  0.0000E+00  0.2000E+01
 -47.333  0.0000E+00  0.2000E+01
 -47.323  0.0000E+00  0.2000E+01
 -47.313  0.0000E+00  0.2000E+01
 -47.303  0.0000E+00  0.2000E+01
 -47.293  0.0000E+00  0.2000E+01
 -47.283  0.0000E+00  0.2000E+01
 -47.273  0.0000E+00  0.2000E+01
 -47.263  0.0000E+00  0.2000E+01
 -47.253  0.0000E+00  0.2000E+01
 -47.243  0.0000E+00  0.2000E+01
 -47.233  0.0000E+00  0.2000E+01
 -47.223  0.0000E+00  0.2000E+01
 -47.213  0.0000E+00  0.2000E+01
 -47.203  0.0000E+00  0.2000E+01
 -47.193  0.0000E+00  0.2000E+01
 -47.183  0.0000E+00  0.2000E+01
 -47.173  0.0000E+00  0.2000E+01
 -47.163  0.0000E+00  0.2000E+01
 -47.153  0.0000E+00  0.2000E+01
 -47.143  0.0000E+00  0.2000E+01
 -47.133  0.0000E+00  0.2000E+01
 -47.123  0.0000E+00  0.2000E+01
 -47.113  0.0000E+00  0.2000E+01
 -47.103  0.0000E+00  0.2000E+01
 -47.093  0.0000E+00  0.2000E+01
 -47.083  0.0000E+00  0.2000E+01
 -47.073  0.0000E+00  0.2000E+01
 -47.063  0.0000E+00  0.2000E+01
 -47.053  0.0000E+00  0.2000E+01
 -47.043  0.0000E+00  0.2000E+01
 -47.033  0.0000E+00  0.2000E+01
 -47.023  0.0000E+00  0.2000E+01
 -47.013  0.0000E+00  0.2000E+01
 -47.003  0.0000E+00  0.2000E+01
 -46.993  0.0000E+00  0.2000E+01
 -46.983  0.0000E+00  0.2000E+01
 -46.973  0.0000E+00  0.2000E+01
 -46.963  0.0000E+00  0.2000E+01
 -46.953  0.0000E+00  0.2000E+01
 -46.943  0.0000E+00  0.2000E+01
 -46.933  0.0000E+00  0.2000E+01
 -46.923  0.0000E+00  0.2000E+01
 -46.913  0.0000E+00  0.2000E+01
 -46.903  0.0000E+00  0.2000E+01
 -46.893  0.0000E+00  0.2000E+01
 -46.883  0.0000E+00  0.2000E+01
 -46.873  0.0000E+00  0.2000E+01
 -46.863  0.0000E+00  0.2000E+01
 -46.853  0.0000E+00  0.2000E+01
 -46.843  0.0000E+00  0.2000E+01
 -46.833  0.0000E+00  0.2000E+01
 -46.823  0.0000E+00  0.2000E+01
 -46.813  0.0000E+00  0.2000E+01
 -46.803  0.0000E+00  0.2000E+01
 -46.793  0.0000E+00  0.2000E+01
 -46.783  0.0000E+00  0.2000E+01
 -46.773  0.0000E+00  0.2000E+01
 -46.763  0.0000E+00  0.2000E+01
 -46.753  0.0000E+00  0.2000E+01
 -46.743  0.0000E+00  0.2000E+01
 -46.733  0.0000E+00  0.2000E+01
 -46.723  0.0000E+00  0.2000E+01
 -46.713  0.0000E+00  0.2000E+01
 -46.703  0.0000E+00  0.2000E+01
 -46.693  0.0000E+00  0.2000E+01
 -46.683  0.0000E+00  0.2000E+01
 -46.673  0.0000E+00  0.2000E+01
 -46.663  0.0000E+00  0.2000E+01
 -46.653  0.0000E+00  0.2000E+01
 -46.643  0.0000E+00  0.2000E+01
 -46.633  0.0000E+00  0.2000E+01
 -46.623  0.0000E+00  0.2000E+01
 -46.613  0.0000E+00  0.2000E+01
 -46.603  0.0000E+00  0.2000E+01
 -46.593  0.0000E+00  0.2000E+01
 -46.583  0.0000E+00  0.2000E+01
 -46.573  0.0000E+00  0.2000E+01
 -46.563  0.0000E+00  0.2000E+01
 -46.553  0.0000E+00  0.2000E+01
 -46.543  0.0000E+00  0.2000E+01
 -46.533  0.0000E+00  0.2000E+01
 -46.523  0.0000E+00  0.2000E+01
 -46.513  0.0000E+00  0.2000E+01
 -46.503  0.0000E+00  0.2000E+01
 -46.493  0.0000E+00  0.2000E+01
 -46.483  0.0000E+00  0.2000E+01
 -46.473  0.0000E+00  0.2000E+01
 -46.463  0.0000E+00  0.2000E+01
 -46.453  0.0000E+00  0.2000E+01
 -46.443  0.0000E+00  0.2000E+01
 -46.433  0.0000E+00  0.2000E+01
 -46.423  0.0000E+00  0.2000E+01
 -46.413  0.0000E+00  0.2000E+01
 -46.403  0.0000E+00  0.2000E+01
 -46.393  0.0000E+00  0.2000E+01
 -46.383  0.0000E+00  0.2000E+01
 -46.373  0.0000E+00  0.2000E+01
 -46.363  0.0000E+00  0.2000E+01
 -46.353  0.0000E+00  0.2000E+01
 -46.343  0.0000E+00  0.2000E+01
 -46.333  0.0000E+00  0.2000E+01
 -46.323  0.0000E+00  0.2000E+01
 -46.313  0.0000E+00  0.2000E+01
 -46.303  0.0000E+00  0.2000E+01
 -46.293  0.0000E+00  0.2000E+01
 -46.283  0.0000E+00  0.2000E+01
 -46.273  0.0000E+00  0.2000E+01
 -46.263  0.0000E+00  0.2000E+01
 -46.253  0.0000E+00  0.2000E+01
 -46.243  0.0000E+00  0.2000E+01
 -46.233  0.0000E+00  0.2000E+01
 -46.223  0.0000E+00  0.2000E+01
 -46.213  0.0000E+00  0.2000E+01
 -46.203  0.0000E+00  0.2000E+01
 -46.193  0.0000E+00  0.2000E+01
 -46.183  0.0000E+00  0.2000E+01
 -46.173  0.0000E+00  0.2000E+01
 -46.163  0.0000E+00  0.2000E+01
 -46.153  0.0000E+00  0.2000E+01
 -46.143  0.0000E+00  0.2000E+01
 -46.133  0.0000E+00  0.2000E+01
 -46.123  0.0000E+00  0.2000E+01
 -46.113  0.0000E+00  0.2000E+01
 -46.103  0.0000E+00  0.2000E+01
 -46.093  0.0000E+00  0.2000E+01
 -46.083  0.0000E+00  0.2000E+01
 -46.073  0.0000E+00  0.2000E+01
 -46.063  0.0000E+00  0.2000E+01
 -46.053  0.0000E+00  0.2000E+01
 -46.043  0.0000E+00  0.2000E+01
 -46.033  0.0000E+00  0.2000E+01
 -46.023  0.0000E+00  0.2000E+01
 -46.013  0.0000E+00  0.2000E+01
 -46.003  0.0000E+00  0.2000E+01
 -45.993  0.0000E+00  0.2000E+01
 -45.983  0.0000E+00  0.2000E+01
 -45.973  0.0000E+00  0.2000E+01
 -45.963  0.0000E+00  0.2000E+01
 -45.953  0.0000E+00  0.2000E+01
 -45.943  0.0000E+00  0.2000E+01
 -45.933  0.0000E+00  0.2000E+01
 -45.923  0.0000E+00  0.2000E+01
 -45.913  0.0000E+00  0.2000E+01
 -45.903  0.0000E+00  0.2000E+01
 -45.893  0.0000E+00  0.2000E+01
 -45.883  0.0000E+00  0.2000E+01
 -45.873  0.0000E+00  0.2000E+01
 -45.863  0.0000E+00  0.2000E+01
 -45.853  0.0000E+00  0.2000E+01
 -45.843  0.0000E+00  0.2000E+01
 -45.833  0.0000E+00  0.2000E+01
 -45.823  0.0000E+00  0.2000E+01
 -45.813  0.0000E+00  0.2000E+01
 -45.803  0.0000E+00  0.2000E+01
 -45.793  0.0000E+00  0.2000E+01
 -45.783  0.0000E+00  0.2000E+01
 -45.773  0.0000E+00  0.2000E+01
 -45.763  0.0000E+00  0.2000E+01
 -45.753  0.0000E+00  0.2000E+01
 -45.743  0.0000E+00  0.2000E+01
 -45.733  0.0000E+00  0.2000E+01
 -45.723  0.0000E+00  0.2000E+01
 -45.713  0.0000E+00  0.2000E+01
 -45.703  0.0000E+00  0.2000E+01
 -45.693  0.0000E+00  0.2000E+01
 -45.683  0.0000E+00  0.2000E+01
 -45.673  0.0000E+00  0.2000E+01
 -45.663  0.0000E+00  0.2000E+01
 -45.653  0.0000E+00  0.2000E+01
 -45.643  0.0000E+00  0.2000E+01
 -45.633  0.0000E+00  0.2000E+01
 -45.623  0.0000E+00  0.2000E+01
 -45.613  0.0000E+00  0.2000E+01
 -45.603  0.0000E+00  0.2000E+01
 -45.593  0.0000E+00  0.2000E+01
 -45.583  0.0000E+00  0.2000E+01
 -45.573  0.0000E+00  0.2000E+01
 -45.563  0.0000E+00  0.2000E+01
 -45.553  0.0000E+00  0.2000E+01
 -45.543  0.0000E+00  0.2000E+01
 -45.533  0.0000E+00  0.2000E+01
 -45.523  0.0000E+00  0.2000E+01
 -45.513  0.0000E+00  0.2000E+01
 -45.503  0.0000E+00  0.2000E+01
 -45.493  0.0000E+00  0.2000E+01
 -45.483  0.0000E+00  0.2000E+01
 -45.473  0.0000E+00  0.2000E+01
 -45.463  0.0000E+00  0.2000E+01
 -45.453  0.0000E+00  0.2000E+01
 -45.443  0.0000E+00  0.2000E+01
 -45.433  0.0000E+00  0.2000E+01
 -45.423  0.0000E+00  0.2000E+01
 -45.413  0.0000E+00  0.2000E+01
 -45.403  0.0000E+00  0.2000E+01
 -45.393  0.0000E+00  0.2000E+01
 -45.383  0.0000E+00  0.2000E+01
 -45.373  0.0000E+00  0.2000E+01
 -45.363  0.0000E+00  0.2000E+01
 -45.353  0.0000E+00  0.2000E+01
 -45.343  0.0000E+00  0.2000E+01
 -45.333  0.0000E+00  0.2000E+01
 -45.323  0.0000E+00  0.2000E+01
 -45.313  0.0000E+00  0.2000E+01
 -45.303  0.0000E+00  0.2000E+01
 -45.293  0.0000E+00  0.2000E+01
 -45.283  0.0000E+00  0.2000E+01
 -45.273  0.0000E+00  0.2000E+01
 -45.263  0.0000E+00  0.2000E+01
 -45.253  0.0000E+00  0.2000E+01
 -45.243  0.0000E+00  0.2000E+01
 -45.233  0.0000E+00  0.2000E+01
 -45.223  0.0000E+00  0.2000E+01
 -45.213  0.0000E+00  0.2000E+01
 -45.203  0.0000E+00  0.2000E+01
 -45.193  0.0000E+00  0.2000E+01
 -45.183  0.0000E+00  0.2000E+01
 -45.173  0.0000E+00  0.2000E+01
 -45.163  0.0000E+00  0.2000E+01
 -45.153  0.0000E+00  0.2000E+01
 -45.143  0.0000E+00  0.2000E+01
 -45.133  0.0000E+00  0.2000E+01
 -45.123  0.0000E+00  0.2000E+01
 -45.113  0.0000E+00  0.2000E+01
 -45.103  0.0000E+00  0.2000E+01
 -45.093  0.0000E+00  0.2000E+01
 -45.083  0.0000E+00  0.2000E+01
 -45.073  0.0000E+00  0.2000E+01
 -45.063  0.0000E+00  0.2000E+01
 -45.053  0.0000E+00  0.2000E+01
 -45.043  0.0000E+00  0.2000E+01
 -45.033  0.0000E+00  0.2000E+01
 -45.023  0.0000E+00  0.2000E+01
 -45.013  0.0000E+00  0.2000E+01
 -45.003  0.0000E+00  0.2000E+01
 -44.993  0.0000E+00  0.2000E+01
 -44.983  0.0000E+00  0.2000E+01
 -44.973  0.0000E+00  0.2000E+01
 -44.963  0.0000E+00  0.2000E+01
 -44.953  0.0000E+00  0.2000E+01
 -44.943  0.0000E+00  0.2000E+01
 -44.933  0.0000E+00  0.2000E+01
 -44.923  0.0000E+00  0.2000E+01
 -44.913  0.0000E+00  0.2000E+01
 -44.903  0.0000E+00  0.2000E+01
 -44.893  0.0000E+00  0.2000E+01
 -44.883  0.0000E+00  0.2000E+01
 -44.873  0.0000E+00  0.2000E+01
 -44.863  0.0000E+00  0.2000E+01
 -44.853  0.0000E+00  0.2000E+01
 -44.843  0.0000E+00  0.2000E+01
 -44.833  0.0000E+00  0.2000E+01
 -44.823  0.0000E+00  0.2000E+01
 -44.813  0.0000E+00  0.2000E+01
 -44.803  0.0000E+00  0.2000E+01
 -44.793  0.0000E+00  0.2000E+01
 -44.783  0.0000E+00  0.2000E+01
 -44.773  0.0000E+00  0.2000E+01
 -44.763  0.0000E+00  0.2000E+01
 -44.753  0.0000E+00  0.2000E+01
 -44.743  0.0000E+00  0.2000E+01
 -44.733  0.0000E+00  0.2000E+01
 -44.723  0.0000E+00  0.2000E+01
 -44.713  0.0000E+00  0.2000E+01
 -44.703  0.0000E+00  0.2000E+01
 -44.693  0.0000E+00  0.2000E+01
 -44.683  0.0000E+00  0.2000E+01
 -44.673  0.0000E+00  0.2000E+01
 -44.663  0.0000E+00  0.2000E+01
 -44.653  0.0000E+00  0.2000E+01
 -44.643  0.0000E+00  0.2000E+01
 -44.633  0.0000E+00  0.2000E+01
 -44.623  0.0000E+00  0.2000E+01
 -44.613  0.0000E+00  0.2000E+01
 -44.603  0.0000E+00  0.2000E+01
 -44.593  0.0000E+00  0.2000E+01
 -44.583  0.0000E+00  0.2000E+01
 -44.573  0.0000E+00  0.2000E+01
 -44.563  0.0000E+00  0.2000E+01
 -44.553  0.0000E+00  0.2000E+01
 -44.543  0.0000E+00  0.2000E+01
 -44.533  0.0000E+00  0.2000E+01
 -44.523  0.0000E+00  0.2000E+01
 -44.513  0.0000E+00  0.2000E+01
 -44.503  0.0000E+00  0.2000E+01
 -44.493  0.0000E+00  0.2000E+01
 -44.483  0.0000E+00  0.2000E+01
 -44.473  0.0000E+00  0.2000E+01
 -44.463  0.0000E+00  0.2000E+01
 -44.453  0.0000E+00  0.2000E+01
 -44.443  0.0000E+00  0.2000E+01
 -44.433  0.0000E+00  0.2000E+01
 -44.423  0.0000E+00  0.2000E+01
 -44.413  0.0000E+00  0.2000E+01
 -44.403  0.0000E+00  0.2000E+01
 -44.393  0.0000E+00  0.2000E+01
 -44.383  0.0000E+00  0.2000E+01
 -44.373  0.0000E+00  0.2000E+01
 -44.363  0.0000E+00  0.2000E+01
 -44.353  0.0000E+00  0.2000E+01
 -44.343  0.0000E+00  0.2000E+01
 -44.333  0.0000E+00  0.2000E+01
 -44.323  0.0000E+00  0.2000E+01
 -44.313  0.0000E+00  0.2000E+01
 -44.303  0.0000E+00  0.2000E+01
 -44.293  0.0000E+00  0.2000E+01
 -44.283  0.0000E+00  0.2000E+01
 -44.273  0.0000E+00  0.2000E+01
 -44.263  0.0000E+00  0.2000E+01
 -44.253  0.0000E+00  0.2000E+01
 -44.243  0.0000E+00  0.2000E+01
 -44.233  0.0000E+00  0.2000E+01
 -44.223  0.0000E+00  0.2000E+01
 -44.213  0.0000E+00  0.2000E+01
 -44.203  0.0000E+00  0.2000E+01
 -44.193  0.0000E+00  0.2000E+01
 -44.183  0.0000E+00  0.2000E+01
 -44.173  0.0000E+00  0.2000E+01
 -44.163  0.0000E+00  0.2000E+01
 -44.153  0.0000E+00  0.2000E+01
 -44.143  0.0000E+00  0.2000E+01
 -44.133  0.0000E+00  0.2000E+01
 -44.123  0.0000E+00  0.2000E+01
 -44.113  0.0000E+00  0.2000E+01
 -44.103  0.0000E+00  0.2000E+01
 -44.093  0.0000E+00  0.2000E+01
 -44.083  0.0000E+00  0.2000E+01
 -44.073  0.0000E+00  0.2000E+01
 -44.063  0.0000E+00  0.2000E+01
 -44.053  0.0000E+00  0.2000E+01
 -44.043  0.0000E+00  0.2000E+01
 -44.033  0.0000E+00  0.2000E+01
 -44.023  0.0000E+00  0.2000E+01
 -44.013  0.0000E+00  0.2000E+01
 -44.003  0.0000E+00  0.2000E+01
 -43.993  0.0000E+00  0.2000E+01
 -43.983  0.0000E+00  0.2000E+01
 -43.973  0.0000E+00  0.2000E+01
 -43.963  0.0000E+00  0.2000E+01
 -43.953  0.0000E+00  0.2000E+01
 -43.943  0.0000E+00  0.2000E+01
 -43.933  0.0000E+00  0.2000E+01
 -43.923  0.0000E+00  0.2000E+01
 -43.913  0.0000E+00  0.2000E+01
 -43.903  0.0000E+00  0.2000E+01
 -43.893  0.0000E+00  0.2000E+01
 -43.883  0.0000E+00  0.2000E+01
 -43.873  0.0000E+00  0.2000E+01
 -43.863  0.0000E+00  0.2000E+01
 -43.853  0.0000E+00  0.2000E+01
 -43.843  0.0000E+00  0.2000E+01
 -43.833  0.0000E+00  0.2000E+01
 -43.823  0.0000E+00  0.2000E+01
 -43.813  0.0000E+00  0.2000E+01
 -43.803  0.0000E+00  0.2000E+01
 -43.793  0.0000E+00  0.2000E+01
 -43.783  0.0000E+00  0.2000E+01
 -43.773  0.0000E+00  0.2000E+01
 -43.763  0.0000E+00  0.2000E+01
 -43.753  0.0000E+00  0.2000E+01
 -43.743  0.0000E+00  0.2000E+01
 -43.733  0.0000E+00  0.2000E+01
 -43.723  0.0000E+00  0.2000E+01
 -43.713  0.0000E+00  0.2000E+01
 -43.703  0.0000E+00  0.2000E+01
 -43.693  0.0000E+00  0.2000E+01
 -43.683  0.0000E+00  0.2000E+01
 -43.673  0.0000E+00  0.2000E+01
 -43.663  0.0000E+00  0.2000E+01
 -43.653  0.0000E+00  0.2000E+01
 -43.643  0.0000E+00  0.2000E+01
 -43.633  0.0000E+00  0.2000E+01
 -43.623  0.0000E+00  0.2000E+01
 -43.613  0.0000E+00  0.2000E+01
 -43.603  0.0000E+00  0.2000E+01
 -43.593  0.0000E+00  0.2000E+01
 -43.583  0.0000E+00  0.2000E+01
 -43.573  0.0000E+00  0.2000E+01
 -43.563  0.0000E+00  0.2000E+01
 -43.553  0.0000E+00  0.2000E+01
 -43.543  0.0000E+00  0.2000E+01
 -43.533  0.0000E+00  0.2000E+01
 -43.523  0.0000E+00  0.2000E+01
 -43.513  0.0000E+00  0.2000E+01
 -43.503  0.0000E+00  0.2000E+01
 -43.493  0.0000E+00  0.2000E+01
 -43.483  0.0000E+00  0.2000E+01
 -43.473  0.0000E+00  0.2000E+01
 -43.463  0.0000E+00  0.2000E+01
 -43.453  0.0000E+00  0.2000E+01
 -43.443  0.0000E+00  0.2000E+01
 -43.433  0.0000E+00  0.2000E+01
 -43.423  0.0000E+00  0.2000E+01
 -43.413  0.0000E+00  0.2000E+01
 -43.403  0.0000E+00  0.2000E+01
 -43.393  0.0000E+00  0.2000E+01
 -43.383  0.0000E+00  0.2000E+01
 -43.373  0.0000E+00  0.2000E+01
 -43.363  0.0000E+00  0.2000E+01
 -43.353  0.0000E+00  0.2000E+01
 -43.343  0.0000E+00  0.2000E+01
 -43.333  0.0000E+00  0.2000E+01
 -43.323  0.0000E+00  0.2000E+01
 -43.313  0.0000E+00  0.2000E+01
 -43.303  0.0000E+00  0.2000E+01
 -43.293  0.0000E+00  0.2000E+01
 -43.283  0.0000E+00  0.2000E+01
 -43.273  0.0000E+00  0.2000E+01
 -43.263  0.0000E+00  0.2000E+01
 -43.253  0.0000E+00  0.2000E+01
 -43.243  0.0000E+00  0.2000E+01
 -43.233  0.0000E+00  0.2000E+01
 -43.223  0.0000E+00  0.2000E+01
 -43.213  0.0000E+00  0.2000E+01
 -43.203  0.0000E+00  0.2000E+01
 -43.193  0.0000E+00  0.2000E+01
 -43.183  0.0000E+00  0.2000E+01
 -43.173  0.0000E+00  0.2000E+01
 -43.163  0.0000E+00  0.2000E+01
 -43.153  0.0000E+00  0.2000E+01
 -43.143  0.0000E+00  0.2000E+01
 -43.133  0.0000E+00  0.2000E+01
 -43.123  0.0000E+00  0.2000E+01
 -43.113  0.0000E+00  0.2000E+01
 -43.103  0.0000E+00  0.2000E+01
 -43.093  0.0000E+00  0.2000E+01
 -43.083  0.0000E+00  0.2000E+01
 -43.073  0.0000E+00  0.2000E+01
 -43.063  0.0000E+00  0.2000E+01
 -43.053  0.0000E+00  0.2000E+01
 -43.043  0.0000E+00  0.2000E+01
 -43.033  0.0000E+00  0.2000E+01
 -43.023  0.0000E+00  0.2000E+01
 -43.013  0.0000E+00  0.2000E+01
 -43.003  0.0000E+00  0.2000E+01
 -42.993  0.0000E+00  0.2000E+01
 -42.983  0.0000E+00  0.2000E+01
 -42.973  0.0000E+00  0.2000E+01
 -42.963  0.0000E+00  0.2000E+01
 -42.953  0.0000E+00  0.2000E+01
 -42.943  0.0000E+00  0.2000E+01
 -42.933  0.0000E+00  0.2000E+01
 -42.923  0.0000E+00  0.2000E+01
 -42.913  0.0000E+00  0.2000E+01
 -42.903  0.0000E+00  0.2000E+01
 -42.893  0.0000E+00  0.2000E+01
 -42.883  0.0000E+00  0.2000E+01
 -42.873  0.0000E+00  0.2000E+01
 -42.863  0.0000E+00  0.2000E+01
 -42.853  0.0000E+00  0.2000E+01
 -42.843  0.0000E+00  0.2000E+01
 -42.833  0.0000E+00  0.2000E+01
 -42.823  0.0000E+00  0.2000E+01
 -42.813  0.0000E+00  0.2000E+01
 -42.803  0.0000E+00  0.2000E+01
 -42.793  0.0000E+00  0.2000E+01
 -42.783  0.0000E+00  0.2000E+01
 -42.773  0.0000E+00  0.2000E+01
 -42.763  0.0000E+00  0.2000E+01
 -42.753  0.0000E+00  0.2000E+01
 -42.743  0.0000E+00  0.2000E+01
 -42.733  0.0000E+00  0.2000E+01
 -42.723  0.0000E+00  0.2000E+01
 -42.713  0.0000E+00  0.2000E+01
 -42.703  0.0000E+00  0.2000E+01
 -42.693  0.0000E+00  0.2000E+01
 -42.683  0.0000E+00  0.2000E+01
 -42.673  0.0000E+00  0.2000E+01
 -42.663  0.0000E+00  0.2000E+01
 -42.653  0.0000E+00  0.2000E+01
 -42.643  0.0000E+00  0.2000E+01
 -42.633  0.0000E+00  0.2000E+01
 -42.623  0.0000E+00  0.2000E+01
 -42.613  0.0000E+00  0.2000E+01
 -42.603  0.0000E+00  0.2000E+01
 -42.593  0.0000E+00  0.2000E+01
 -42.583  0.0000E+00  0.2000E+01
 -42.573  0.0000E+00  0.2000E+01
 -42.563  0.0000E+00  0.2000E+01
 -42.553  0.0000E+00  0.2000E+01
 -42.543  0.0000E+00  0.2000E+01
 -42.533  0.0000E+00  0.2000E+01
 -42.523  0.0000E+00  0.2000E+01
 -42.513  0.0000E+00  0.2000E+01
 -42.503  0.0000E+00  0.2000E+01
 -42.493  0.0000E+00  0.2000E+01
 -42.483  0.0000E+00  0.2000E+01
 -42.473  0.0000E+00  0.2000E+01
 -42.463  0.0000E+00  0.2000E+01
 -42.453  0.0000E+00  0.2000E+01
 -42.443  0.0000E+00  0.2000E+01
 -42.433  0.0000E+00  0.2000E+01
 -42.423  0.0000E+00  0.2000E+01
 -42.413  0.0000E+00  0.2000E+01
 -42.403  0.0000E+00  0.2000E+01
 -42.393  0.0000E+00  0.2000E+01
 -42.383  0.0000E+00  0.2000E+01
 -42.373  0.0000E+00  0.2000E+01
 -42.363  0.0000E+00  0.2000E+01
 -42.353  0.0000E+00  0.2000E+01
 -42.343  0.0000E+00  0.2000E+01
 -42.333  0.0000E+00  0.2000E+01
 -42.323  0.0000E+00  0.2000E+01
 -42.313  0.0000E+00  0.2000E+01
 -42.303  0.0000E+00  0.2000E+01
 -42.293  0.0000E+00  0.2000E+01
 -42.283  0.0000E+00  0.2000E+01
 -42.273  0.0000E+00  0.2000E+01
 -42.263  0.0000E+00  0.2000E+01
 -42.253  0.0000E+00  0.2000E+01
 -42.243  0.0000E+00  0.2000E+01
 -42.233  0.0000E+00  0.2000E+01
 -42.223  0.0000E+00  0.2000E+01
 -42.213  0.0000E+00  0.2000E+01
 -42.203  0.0000E+00  0.2000E+01
 -42.193  0.0000E+00  0.2000E+01
 -42.183  0.0000E+00  0.2000E+01
 -42.173  0.0000E+00  0.2000E+01
 -42.163  0.0000E+00  0.2000E+01
 -42.153  0.0000E+00  0.2000E+01
 -42.143  0.0000E+00  0.2000E+01
 -42.133  0.0000E+00  0.2000E+01
 -42.123  0.0000E+00  0.2000E+01
 -42.113  0.0000E+00  0.2000E+01
 -42.103  0.0000E+00  0.2000E+01
 -42.093  0.0000E+00  0.2000E+01
 -42.083  0.0000E+00  0.2000E+01
 -42.073  0.0000E+00  0.2000E+01
 -42.063  0.0000E+00  0.2000E+01
 -42.053  0.0000E+00  0.2000E+01
 -42.043  0.0000E+00  0.2000E+01
 -42.033  0.0000E+00  0.2000E+01
 -42.023  0.0000E+00  0.2000E+01
 -42.013  0.0000E+00  0.2000E+01
 -42.003  0.0000E+00  0.2000E+01
 -41.993  0.0000E+00  0.2000E+01
 -41.983  0.0000E+00  0.2000E+01
 -41.973  0.0000E+00  0.2000E+01
 -41.963  0.0000E+00  0.2000E+01
 -41.953  0.0000E+00  0.2000E+01
 -41.943  0.0000E+00  0.2000E+01
 -41.933  0.0000E+00  0.2000E+01
 -41.923  0.0000E+00  0.2000E+01
 -41.913  0.0000E+00  0.2000E+01
 -41.903  0.0000E+00  0.2000E+01
 -41.893  0.0000E+00  0.2000E+01
 -41.883  0.0000E+00  0.2000E+01
 -41.873  0.0000E+00  0.2000E+01
 -41.863  0.0000E+00  0.2000E+01
 -41.853  0.0000E+00  0.2000E+01
 -41.843  0.0000E+00  0.2000E+01
 -41.833  0.0000E+00  0.2000E+01
 -41.823  0.0000E+00  0.2000E+01
 -41.813  0.0000E+00  0.2000E+01
 -41.803  0.0000E+00  0.2000E+01
 -41.793  0.0000E+00  0.2000E+01
 -41.783  0.0000E+00  0.2000E+01
 -41.773  0.0000E+00  0.2000E+01
 -41.763  0.0000E+00  0.2000E+01
 -41.753  0.0000E+00  0.2000E+01
 -41.743  0.0000E+00  0.2000E+01
 -41.733  0.0000E+00  0.2000E+01
 -41.723  0.0000E+00  0.2000E+01
 -41.713  0.0000E+00  0.2000E+01
 -41.703  0.0000E+00  0.2000E+01
 -41.693  0.0000E+00  0.2000E+01
 -41.683  0.0000E+00  0.2000E+01
 -41.673  0.0000E+00  0.2000E+01
 -41.663  0.0000E+00  0.2000E+01
 -41.653  0.0000E+00  0.2000E+01
 -41.643  0.0000E+00  0.2000E+01
 -41.633  0.0000E+00  0.2000E+01
 -41.623  0.0000E+00  0.2000E+01
 -41.613  0.0000E+00  0.2000E+01
 -41.603  0.0000E+00  0.2000E+01
 -41.593  0.0000E+00  0.2000E+01
 -41.583  0.0000E+00  0.2000E+01
 -41.573  0.0000E+00  0.2000E+01
 -41.563  0.0000E+00  0.2000E+01
 -41.553  0.0000E+00  0.2000E+01
 -41.543  0.0000E+00  0.2000E+01
 -41.533  0.0000E+00  0.2000E+01
 -41.523  0.0000E+00  0.2000E+01
 -41.513  0.0000E+00  0.2000E+01
 -41.503  0.0000E+00  0.2000E+01
 -41.493  0.0000E+00  0.2000E+01
 -41.483  0.0000E+00  0.2000E+01
 -41.473  0.0000E+00  0.2000E+01
 -41.463  0.0000E+00  0.2000E+01
 -41.453  0.0000E+00  0.2000E+01
 -41.443  0.0000E+00  0.2000E+01
 -41.433  0.0000E+00  0.2000E+01
 -41.423  0.0000E+00  0.2000E+01
 -41.413  0.0000E+00  0.2000E+01
 -41.403  0.0000E+00  0.2000E+01
 -41.393  0.0000E+00  0.2000E+01
 -41.383  0.0000E+00  0.2000E+01
 -41.373  0.0000E+00  0.2000E+01
 -41.363  0.0000E+00  0.2000E+01
 -41.353  0.0000E+00  0.2000E+01
 -41.343  0.0000E+00  0.2000E+01
 -41.333  0.0000E+00  0.2000E+01
 -41.323  0.0000E+00  0.2000E+01
 -41.313  0.0000E+00  0.2000E+01
 -41.303  0.0000E+00  0.2000E+01
 -41.293  0.0000E+00  0.2000E+01
 -41.283  0.0000E+00  0.2000E+01
 -41.273  0.0000E+00  0.2000E+01
 -41.263  0.0000E+00  0.2000E+01
 -41.253  0.0000E+00  0.2000E+01
 -41.243  0.0000E+00  0.2000E+01
 -41.233  0.0000E+00  0.2000E+01
 -41.223  0.0000E+00  0.2000E+01
 -41.213  0.0000E+00  0.2000E+01
 -41.203  0.0000E+00  0.2000E+01
 -41.193  0.0000E+00  0.2000E+01
 -41.183  0.0000E+00  0.2000E+01
 -41.173  0.0000E+00  0.2000E+01
 -41.163  0.0000E+00  0.2000E+01
 -41.153  0.0000E+00  0.2000E+01
 -41.143  0.0000E+00  0.2000E+01
 -41.133  0.0000E+00  0.2000E+01
 -41.123  0.0000E+00  0.2000E+01
 -41.113  0.0000E+00  0.2000E+01
 -41.103  0.0000E+00  0.2000E+01
 -41.093  0.0000E+00  0.2000E+01
 -41.083  0.0000E+00  0.2000E+01
 -41.073  0.0000E+00  0.2000E+01
 -41.063  0.0000E+00  0.2000E+01
 -41.053  0.0000E+00  0.2000E+01
 -41.043  0.0000E+00  0.2000E+01
 -41.033  0.0000E+00  0.2000E+01
 -41.023  0.0000E+00  0.2000E+01
 -41.013  0.0000E+00  0.2000E+01
 -41.003  0.0000E+00  0.2000E+01
 -40.993  0.0000E+00  0.2000E+01
 -40.983  0.0000E+00  0.2000E+01
 -40.973  0.0000E+00  0.2000E+01
 -40.963  0.0000E+00  0.2000E+01
 -40.953  0.0000E+00  0.2000E+01
 -40.943  0.0000E+00  0.2000E+01
 -40.933  0.0000E+00  0.2000E+01
 -40.923  0.0000E+00  0.2000E+01
 -40.913  0.0000E+00  0.2000E+01
 -40.903  0.0000E+00  0.2000E+01
 -40.893  0.0000E+00  0.2000E+01
 -40.883  0.0000E+00  0.2000E+01
 -40.873  0.0000E+00  0.2000E+01
 -40.863  0.0000E+00  0.2000E+01
 -40.853  0.0000E+00  0.2000E+01
 -40.843  0.0000E+00  0.2000E+01
 -40.833  0.0000E+00  0.2000E+01
 -40.823  0.0000E+00  0.2000E+01
 -40.813  0.0000E+00  0.2000E+01
 -40.803  0.0000E+00  0.2000E+01
 -40.793  0.0000E+00  0.2000E+01
 -40.783  0.0000E+00  0.2000E+01
 -40.773  0.0000E+00  0.2000E+01
 -40.763  0.0000E+00  0.2000E+01
 -40.753  0.0000E+00  0.2000E+01
 -40.743  0.0000E+00  0.2000E+01
 -40.733  0.0000E+00  0.2000E+01
 -40.723  0.0000E+00  0.2000E+01
 -40.713  0.0000E+00  0.2000E+01
 -40.703  0.0000E+00  0.2000E+01
 -40.693  0.0000E+00  0.2000E+01
 -40.683  0.0000E+00  0.2000E+01
 -40.673  0.0000E+00  0.2000E+01
 -40.663  0.0000E+00  0.2000E+01
 -40.653  0.0000E+00  0.2000E+01
 -40.643  0.0000E+00  0.2000E+01
 -40.633  0.0000E+00  0.2000E+01
 -40.623  0.0000E+00  0.2000E+01
 -40.613  0.0000E+00  0.2000E+01
 -40.603  0.0000E+00  0.2000E+01
 -40.593  0.0000E+00  0.2000E+01
 -40.583  0.0000E+00  0.2000E+01
 -40.573  0.0000E+00  0.2000E+01
 -40.563  0.0000E+00  0.2000E+01
 -40.553  0.0000E+00  0.2000E+01
 -40.543  0.0000E+00  0.2000E+01
 -40.533  0.0000E+00  0.2000E+01
 -40.523  0.0000E+00  0.2000E+01
 -40.513  0.0000E+00  0.2000E+01
 -40.503  0.0000E+00  0.2000E+01
 -40.493  0.0000E+00  0.2000E+01
 -40.483  0.0000E+00  0.2000E+01
 -40.473  0.0000E+00  0.2000E+01
 -40.463  0.0000E+00  0.2000E+01
 -40.453  0.0000E+00  0.2000E+01
 -40.443  0.0000E+00  0.2000E+01
 -40.433  0.0000E+00  0.2000E+01
 -40.423  0.0000E+00  0.2000E+01
 -40.413  0.0000E+00  0.2000E+01
 -40.403  0.0000E+00  0.2000E+01
 -40.393  0.0000E+00  0.2000E+01
 -40.383  0.0000E+00  0.2000E+01
 -40.373  0.0000E+00  0.2000E+01
 -40.363  0.0000E+00  0.2000E+01
 -40.353  0.0000E+00  0.2000E+01
 -40.343  0.0000E+00  0.2000E+01
 -40.333  0.0000E+00  0.2000E+01
 -40.323  0.0000E+00  0.2000E+01
 -40.313  0.0000E+00  0.2000E+01
 -40.303  0.0000E+00  0.2000E+01
 -40.293  0.0000E+00  0.2000E+01
 -40.283  0.0000E+00  0.2000E+01
 -40.273  0.0000E+00  0.2000E+01
 -40.263  0.0000E+00  0.2000E+01
 -40.253  0.0000E+00  0.2000E+01
 -40.243  0.0000E+00  0.2000E+01
 -40.233  0.0000E+00  0.2000E+01
 -40.223  0.0000E+00  0.2000E+01
 -40.213  0.0000E+00  0.2000E+01
 -40.203  0.0000E+00  0.2000E+01
 -40.193  0.0000E+00  0.2000E+01
 -40.183  0.0000E+00  0.2000E+01
 -40.173  0.0000E+00  0.2000E+01
 -40.163  0.0000E+00  0.2000E+01
 -40.153  0.0000E+00  0.2000E+01
 -40.143  0.0000E+00  0.2000E+01
 -40.133  0.0000E+00  0.2000E+01
 -40.123  0.0000E+00  0.2000E+01
 -40.113  0.0000E+00  0.2000E+01
 -40.103  0.0000E+00  0.2000E+01
 -40.093  0.0000E+00  0.2000E+01
 -40.083  0.0000E+00  0.2000E+01
 -40.073  0.0000E+00  0.2000E+01
 -40.063  0.0000E+00  0.2000E+01
 -40.053  0.0000E+00  0.2000E+01
 -40.043  0.0000E+00  0.2000E+01
 -40.033  0.0000E+00  0.2000E+01
 -40.023  0.0000E+00  0.2000E+01
 -40.013  0.0000E+00  0.2000E+01
 -40.003  0.0000E+00  0.2000E+01
 -39.993  0.0000E+00  0.2000E+01
 -39.983  0.0000E+00  0.2000E+01
 -39.973  0.0000E+00  0.2000E+01
 -39.963  0.0000E+00  0.2000E+01
 -39.953  0.0000E+00  0.2000E+01
 -39.943  0.0000E+00  0.2000E+01
 -39.933  0.0000E+00  0.2000E+01
 -39.923  0.0000E+00  0.2000E+01
 -39.913  0.0000E+00  0.2000E+01
 -39.903  0.0000E+00  0.2000E+01
 -39.893  0.0000E+00  0.2000E+01
 -39.883  0.0000E+00  0.2000E+01
 -39.873  0.0000E+00  0.2000E+01
 -39.863  0.0000E+00  0.2000E+01
 -39.853  0.0000E+00  0.2000E+01
 -39.843  0.0000E+00  0.2000E+01
 -39.833  0.0000E+00  0.2000E+01
 -39.823  0.0000E+00  0.2000E+01
 -39.813  0.0000E+00  0.2000E+01
 -39.803  0.0000E+00  0.2000E+01
 -39.793  0.0000E+00  0.2000E+01
 -39.783  0.0000E+00  0.2000E+01
 -39.773  0.0000E+00  0.2000E+01
 -39.763  0.0000E+00  0.2000E+01
 -39.753  0.0000E+00  0.2000E+01
 -39.743  0.0000E+00  0.2000E+01
 -39.733  0.0000E+00  0.2000E+01
 -39.723  0.0000E+00  0.2000E+01
 -39.713  0.0000E+00  0.2000E+01
 -39.703  0.0000E+00  0.2000E+01
 -39.693  0.0000E+00  0.2000E+01
 -39.683  0.0000E+00  0.2000E+01
 -39.673  0.0000E+00  0.2000E+01
 -39.663  0.0000E+00  0.2000E+01
 -39.653  0.0000E+00  0.2000E+01
 -39.643  0.0000E+00  0.2000E+01
 -39.633  0.0000E+00  0.2000E+01
 -39.623  0.0000E+00  0.2000E+01
 -39.613  0.0000E+00  0.2000E+01
 -39.603  0.0000E+00  0.2000E+01
 -39.593  0.0000E+00  0.2000E+01
 -39.583  0.0000E+00  0.2000E+01
 -39.573  0.0000E+00  0.2000E+01
 -39.563  0.0000E+00  0.2000E+01
 -39.553  0.0000E+00  0.2000E+01
 -39.543  0.0000E+00  0.2000E+01
 -39.533  0.0000E+00  0.2000E+01
 -39.523  0.0000E+00  0.2000E+01
 -39.513  0.0000E+00  0.2000E+01
 -39.503  0.0000E+00  0.2000E+01
 -39.493  0.0000E+00  0.2000E+01
 -39.483  0.0000E+00  0.2000E+01
 -39.473  0.0000E+00  0.2000E+01
 -39.463  0.0000E+00  0.2000E+01
 -39.453  0.0000E+00  0.2000E+01
 -39.443  0.0000E+00  0.2000E+01
 -39.433  0.0000E+00  0.2000E+01
 -39.423  0.0000E+00  0.2000E+01
 -39.413  0.0000E+00  0.2000E+01
 -39.403  0.0000E+00  0.2000E+01
 -39.393  0.0000E+00  0.2000E+01
 -39.383  0.0000E+00  0.2000E+01
 -39.373  0.0000E+00  0.2000E+01
 -39.363  0.0000E+00  0.2000E+01
 -39.353  0.0000E+00  0.2000E+01
 -39.343  0.0000E+00  0.2000E+01
 -39.333  0.0000E+00  0.2000E+01
 -39.323  0.0000E+00  0.2000E+01
 -39.313  0.0000E+00  0.2000E+01
 -39.303  0.0000E+00  0.2000E+01
 -39.293  0.0000E+00  0.2000E+01
 -39.283  0.0000E+00  0.2000E+01
 -39.273  0.0000E+00  0.2000E+01
 -39.263  0.0000E+00  0.2000E+01
 -39.253  0.0000E+00  0.2000E+01
 -39.243  0.0000E+00  0.2000E+01
 -39.233  0.0000E+00  0.2000E+01
 -39.223  0.0000E+00  0.2000E+01
 -39.213  0.0000E+00  0.2000E+01
 -39.203  0.0000E+00  0.2000E+01
 -39.193  0.0000E+00  0.2000E+01
 -39.183  0.0000E+00  0.2000E+01
 -39.173  0.0000E+00  0.2000E+01
 -39.163  0.0000E+00  0.2000E+01
 -39.153  0.0000E+00  0.2000E+01
 -39.143  0.0000E+00  0.2000E+01
 -39.133  0.0000E+00  0.2000E+01
 -39.123  0.0000E+00  0.2000E+01
 -39.113  0.0000E+00  0.2000E+01
 -39.103  0.0000E+00  0.2000E+01
 -39.093  0.0000E+00  0.2000E+01
 -39.083  0.0000E+00  0.2000E+01
 -39.073  0.0000E+00  0.2000E+01
 -39.063  0.0000E+00  0.2000E+01
 -39.053  0.0000E+00  0.2000E+01
 -39.043  0.0000E+00  0.2000E+01
 -39.033  0.0000E+00  0.2000E+01
 -39.023  0.0000E+00  0.2000E+01
 -39.013  0.0000E+00  0.2000E+01
 -39.003  0.0000E+00  0.2000E+01
 -38.993  0.0000E+00  0.2000E+01
 -38.983  0.0000E+00  0.2000E+01
 -38.973  0.0000E+00  0.2000E+01
 -38.963  0.0000E+00  0.2000E+01
 -38.953  0.0000E+00  0.2000E+01
 -38.943  0.0000E+00  0.2000E+01
 -38.933  0.0000E+00  0.2000E+01
 -38.923  0.0000E+00  0.2000E+01
 -38.913  0.0000E+00  0.2000E+01
 -38.903  0.0000E+00  0.2000E+01
 -38.893  0.0000E+00  0.2000E+01
 -38.883  0.0000E+00  0.2000E+01
 -38.873  0.0000E+00  0.2000E+01
 -38.863  0.0000E+00  0.2000E+01
 -38.853  0.0000E+00  0.2000E+01
 -38.843  0.0000E+00  0.2000E+01
 -38.833  0.0000E+00  0.2000E+01
 -38.823  0.0000E+00  0.2000E+01
 -38.813  0.0000E+00  0.2000E+01
 -38.803  0.0000E+00  0.2000E+01
 -38.793  0.0000E+00  0.2000E+01
 -38.783  0.0000E+00  0.2000E+01
 -38.773  0.0000E+00  0.2000E+01
 -38.763  0.0000E+00  0.2000E+01
 -38.753  0.0000E+00  0.2000E+01
 -38.743  0.0000E+00  0.2000E+01
 -38.733  0.0000E+00  0.2000E+01
 -38.723  0.0000E+00  0.2000E+01
 -38.713  0.0000E+00  0.2000E+01
 -38.703  0.0000E+00  0.2000E+01
 -38.693  0.0000E+00  0.2000E+01
 -38.683  0.0000E+00  0.2000E+01
 -38.673  0.0000E+00  0.2000E+01
 -38.663  0.0000E+00  0.2000E+01
 -38.653  0.0000E+00  0.2000E+01
 -38.643  0.0000E+00  0.2000E+01
 -38.633  0.0000E+00  0.2000E+01
 -38.623  0.0000E+00  0.2000E+01
 -38.613  0.0000E+00  0.2000E+01
 -38.603  0.0000E+00  0.2000E+01
 -38.593  0.0000E+00  0.2000E+01
 -38.583  0.0000E+00  0.2000E+01
 -38.573  0.0000E+00  0.2000E+01
 -38.563  0.0000E+00  0.2000E+01
 -38.553  0.0000E+00  0.2000E+01
 -38.543  0.0000E+00  0.2000E+01
 -38.533  0.0000E+00  0.2000E+01
 -38.523  0.0000E+00  0.2000E+01
 -38.513  0.0000E+00  0.2000E+01
 -38.503  0.0000E+00  0.2000E+01
 -38.493  0.0000E+00  0.2000E+01
 -38.483  0.0000E+00  0.2000E+01
 -38.473  0.0000E+00  0.2000E+01
 -38.463  0.0000E+00  0.2000E+01
 -38.453  0.0000E+00  0.2000E+01
 -38.443  0.0000E+00  0.2000E+01
 -38.433  0.0000E+00  0.2000E+01
 -38.423  0.0000E+00  0.2000E+01
 -38.413  0.0000E+00  0.2000E+01
 -38.403  0.0000E+00  0.2000E+01
 -38.393  0.0000E+00  0.2000E+01
 -38.383  0.0000E+00  0.2000E+01
 -38.373  0.0000E+00  0.2000E+01
 -38.363  0.0000E+00  0.2000E+01
 -38.353  0.0000E+00  0.2000E+01
 -38.343  0.0000E+00  0.2000E+01
 -38.333  0.0000E+00  0.2000E+01
 -38.323  0.0000E+00  0.2000E+01
 -38.313  0.0000E+00  0.2000E+01
 -38.303  0.0000E+00  0.2000E+01
 -38.293  0.0000E+00  0.2000E+01
 -38.283  0.0000E+00  0.2000E+01
 -38.273  0.0000E+00  0.2000E+01
 -38.263  0.0000E+00  0.2000E+01
 -38.253  0.0000E+00  0.2000E+01
 -38.243  0.0000E+00  0.2000E+01
 -38.233  0.0000E+00  0.2000E+01
 -38.223  0.0000E+00  0.2000E+01
 -38.213  0.0000E+00  0.2000E+01
 -38.203  0.0000E+00  0.2000E+01
 -38.193  0.0000E+00  0.2000E+01
 -38.183  0.0000E+00  0.2000E+01
 -38.173  0.0000E+00  0.2000E+01
 -38.163  0.0000E+00  0.2000E+01
 -38.153  0.0000E+00  0.2000E+01
 -38.143  0.0000E+00  0.2000E+01
 -38.133  0.0000E+00  0.2000E+01
 -38.123  0.0000E+00  0.2000E+01
 -38.113  0.0000E+00  0.2000E+01
 -38.103  0.0000E+00  0.2000E+01
 -38.093  0.0000E+00  0.2000E+01
 -38.083  0.0000E+00  0.2000E+01
 -38.073  0.0000E+00  0.2000E+01
 -38.063  0.0000E+00  0.2000E+01
 -38.053  0.0000E+00  0.2000E+01
 -38.043  0.0000E+00  0.2000E+01
 -38.033  0.0000E+00  0.2000E+01
 -38.023  0.0000E+00  0.2000E+01
 -38.013  0.0000E+00  0.2000E+01
 -38.003  0.0000E+00  0.2000E+01
 -37.993  0.0000E+00  0.2000E+01
 -37.983  0.0000E+00  0.2000E+01
 -37.973  0.0000E+00  0.2000E+01
 -37.963  0.0000E+00  0.2000E+01
 -37.953  0.0000E+00  0.2000E+01
 -37.943  0.0000E+00  0.2000E+01
 -37.933  0.0000E+00  0.2000E+01
 -37.923  0.0000E+00  0.2000E+01
 -37.913  0.0000E+00  0.2000E+01
 -37.903  0.0000E+00  0.2000E+01
 -37.893  0.0000E+00  0.2000E+01
 -37.883  0.0000E+00  0.2000E+01
 -37.873  0.0000E+00  0.2000E+01
 -37.863  0.0000E+00  0.2000E+01
 -37.853  0.0000E+00  0.2000E+01
 -37.843  0.0000E+00  0.2000E+01
 -37.833  0.0000E+00  0.2000E+01
 -37.823  0.0000E+00  0.2000E+01
 -37.813  0.0000E+00  0.2000E+01
 -37.803  0.0000E+00  0.2000E+01
 -37.793  0.0000E+00  0.2000E+01
 -37.783  0.0000E+00  0.2000E+01
 -37.773  0.0000E+00  0.2000E+01
 -37.763  0.0000E+00  0.2000E+01
 -37.753  0.0000E+00  0.2000E+01
 -37.743  0.0000E+00  0.2000E+01
 -37.733  0.0000E+00  0.2000E+01
 -37.723  0.0000E+00  0.2000E+01
 -37.713  0.0000E+00  0.2000E+01
 -37.703  0.0000E+00  0.2000E+01
 -37.693  0.0000E+00  0.2000E+01
 -37.683  0.0000E+00  0.2000E+01
 -37.673  0.0000E+00  0.2000E+01
 -37.663  0.0000E+00  0.2000E+01
 -37.653  0.0000E+00  0.2000E+01
 -37.643  0.0000E+00  0.2000E+01
 -37.633  0.0000E+00  0.2000E+01
 -37.623  0.0000E+00  0.2000E+01
 -37.613  0.0000E+00  0.2000E+01
 -37.603  0.0000E+00  0.2000E+01
 -37.593  0.0000E+00  0.2000E+01
 -37.583  0.0000E+00  0.2000E+01
 -37.573  0.0000E+00  0.2000E+01
 -37.563  0.0000E+00  0.2000E+01
 -37.553  0.0000E+00  0.2000E+01
 -37.543  0.0000E+00  0.2000E+01
 -37.533  0.0000E+00  0.2000E+01
 -37.523  0.0000E+00  0.2000E+01
 -37.513  0.0000E+00  0.2000E+01
 -37.503  0.0000E+00  0.2000E+01
 -37.493  0.0000E+00  0.2000E+01
 -37.483  0.0000E+00  0.2000E+01
 -37.473  0.0000E+00  0.2000E+01
 -37.463  0.0000E+00  0.2000E+01
 -37.453  0.0000E+00  0.2000E+01
 -37.443  0.0000E+00  0.2000E+01
 -37.433  0.0000E+00  0.2000E+01
 -37.423  0.0000E+00  0.2000E+01
 -37.413  0.0000E+00  0.2000E+01
 -37.403  0.0000E+00  0.2000E+01
 -37.393  0.0000E+00  0.2000E+01
 -37.383  0.0000E+00  0.2000E+01
 -37.373  0.0000E+00  0.2000E+01
 -37.363  0.0000E+00  0.2000E+01
 -37.353  0.0000E+00  0.2000E+01
 -37.343  0.0000E+00  0.2000E+01
 -37.333  0.0000E+00  0.2000E+01
 -37.323  0.0000E+00  0.2000E+01
 -37.313  0.0000E+00  0.2000E+01
 -37.303  0.0000E+00  0.2000E+01
 -37.293  0.0000E+00  0.2000E+01
 -37.283  0.0000E+00  0.2000E+01
 -37.273  0.0000E+00  0.2000E+01
 -37.263  0.0000E+00  0.2000E+01
 -37.253  0.0000E+00  0.2000E+01
 -37.243  0.0000E+00  0.2000E+01
 -37.233  0.0000E+00  0.2000E+01
 -37.223  0.0000E+00  0.2000E+01
 -37.213  0.0000E+00  0.2000E+01
 -37.203  0.0000E+00  0.2000E+01
 -37.193  0.0000E+00  0.2000E+01
 -37.183  0.0000E+00  0.2000E+01
 -37.173  0.0000E+00  0.2000E+01
 -37.163  0.0000E+00  0.2000E+01
 -37.153  0.0000E+00  0.2000E+01
 -37.143  0.0000E+00  0.2000E+01
 -37.133  0.0000E+00  0.2000E+01
 -37.123  0.0000E+00  0.2000E+01
 -37.113  0.0000E+00  0.2000E+01
 -37.103  0.0000E+00  0.2000E+01
 -37.093  0.0000E+00  0.2000E+01
 -37.083  0.0000E+00  0.2000E+01
 -37.073  0.0000E+00  0.2000E+01
 -37.063  0.0000E+00  0.2000E+01
 -37.053  0.0000E+00  0.2000E+01
 -37.043  0.0000E+00  0.2000E+01
 -37.033  0.0000E+00  0.2000E+01
 -37.023  0.0000E+00  0.2000E+01
 -37.013  0.0000E+00  0.2000E+01
 -37.003  0.0000E+00  0.2000E+01
 -36.993  0.0000E+00  0.2000E+01
 -36.983  0.0000E+00  0.2000E+01
 -36.973  0.0000E+00  0.2000E+01
 -36.963  0.0000E+00  0.2000E+01
 -36.953  0.0000E+00  0.2000E+01
 -36.943  0.0000E+00  0.2000E+01
 -36.933  0.0000E+00  0.2000E+01
 -36.923  0.0000E+00  0.2000E+01
 -36.913  0.0000E+00  0.2000E+01
 -36.903  0.0000E+00  0.2000E+01
 -36.893  0.0000E+00  0.2000E+01
 -36.883  0.0000E+00  0.2000E+01
 -36.873  0.0000E+00  0.2000E+01
 -36.863  0.0000E+00  0.2000E+01
 -36.853  0.0000E+00  0.2000E+01
 -36.843  0.0000E+00  0.2000E+01
 -36.833  0.0000E+00  0.2000E+01
 -36.823  0.0000E+00  0.2000E+01
 -36.813  0.0000E+00  0.2000E+01
 -36.803  0.0000E+00  0.2000E+01
 -36.793  0.0000E+00  0.2000E+01
 -36.783  0.0000E+00  0.2000E+01
 -36.773  0.0000E+00  0.2000E+01
 -36.763  0.0000E+00  0.2000E+01
 -36.753  0.0000E+00  0.2000E+01
 -36.743  0.0000E+00  0.2000E+01
 -36.733  0.0000E+00  0.2000E+01
 -36.723  0.0000E+00  0.2000E+01
 -36.713  0.0000E+00  0.2000E+01
 -36.703  0.0000E+00  0.2000E+01
 -36.693  0.0000E+00  0.2000E+01
 -36.683  0.0000E+00  0.2000E+01
 -36.673  0.0000E+00  0.2000E+01
 -36.663  0.0000E+00  0.2000E+01
 -36.653  0.0000E+00  0.2000E+01
 -36.643  0.0000E+00  0.2000E+01
 -36.633  0.0000E+00  0.2000E+01
 -36.623  0.0000E+00  0.2000E+01
 -36.613  0.0000E+00  0.2000E+01
 -36.603  0.0000E+00  0.2000E+01
 -36.593  0.0000E+00  0.2000E+01
 -36.583  0.0000E+00  0.2000E+01
 -36.573  0.0000E+00  0.2000E+01
 -36.563  0.0000E+00  0.2000E+01
 -36.553  0.0000E+00  0.2000E+01
 -36.543  0.0000E+00  0.2000E+01
 -36.533  0.0000E+00  0.2000E+01
 -36.523  0.0000E+00  0.2000E+01
 -36.513  0.0000E+00  0.2000E+01
 -36.503  0.0000E+00  0.2000E+01
 -36.493  0.0000E+00  0.2000E+01
 -36.483  0.0000E+00  0.2000E+01
 -36.473  0.0000E+00  0.2000E+01
 -36.463  0.0000E+00  0.2000E+01
 -36.453  0.0000E+00  0.2000E+01
 -36.443  0.0000E+00  0.2000E+01
 -36.433  0.0000E+00  0.2000E+01
 -36.423  0.0000E+00  0.2000E+01
 -36.413  0.0000E+00  0.2000E+01
 -36.403  0.0000E+00  0.2000E+01
 -36.393  0.0000E+00  0.2000E+01
 -36.383  0.0000E+00  0.2000E+01
 -36.373  0.0000E+00  0.2000E+01
 -36.363  0.0000E+00  0.2000E+01
 -36.353  0.0000E+00  0.2000E+01
 -36.343  0.0000E+00  0.2000E+01
 -36.333  0.0000E+00  0.2000E+01
 -36.323  0.0000E+00  0.2000E+01
 -36.313  0.0000E+00  0.2000E+01
 -36.303  0.0000E+00  0.2000E+01
 -36.293  0.0000E+00  0.2000E+01
 -36.283  0.0000E+00  0.2000E+01
 -36.273  0.0000E+00  0.2000E+01
 -36.263  0.0000E+00  0.2000E+01
 -36.253  0.0000E+00  0.2000E+01
 -36.243  0.0000E+00  0.2000E+01
 -36.233  0.0000E+00  0.2000E+01
 -36.223  0.0000E+00  0.2000E+01
 -36.213  0.0000E+00  0.2000E+01
 -36.203  0.0000E+00  0.2000E+01
 -36.193  0.0000E+00  0.2000E+01
 -36.183  0.0000E+00  0.2000E+01
 -36.173  0.0000E+00  0.2000E+01
 -36.163  0.0000E+00  0.2000E+01
 -36.153  0.0000E+00  0.2000E+01
 -36.143  0.0000E+00  0.2000E+01
 -36.133  0.0000E+00  0.2000E+01
 -36.123  0.0000E+00  0.2000E+01
 -36.113  0.0000E+00  0.2000E+01
 -36.103  0.0000E+00  0.2000E+01
 -36.093  0.0000E+00  0.2000E+01
 -36.083  0.0000E+00  0.2000E+01
 -36.073  0.0000E+00  0.2000E+01
 -36.063  0.0000E+00  0.2000E+01
 -36.053  0.0000E+00  0.2000E+01
 -36.043  0.0000E+00  0.2000E+01
 -36.033  0.0000E+00  0.2000E+01
 -36.023  0.0000E+00  0.2000E+01
 -36.013  0.0000E+00  0.2000E+01
 -36.003  0.0000E+00  0.2000E+01
 -35.993  0.0000E+00  0.2000E+01
 -35.983  0.0000E+00  0.2000E+01
 -35.973  0.0000E+00  0.2000E+01
 -35.963  0.0000E+00  0.2000E+01
 -35.953  0.0000E+00  0.2000E+01
 -35.943  0.0000E+00  0.2000E+01
 -35.933  0.0000E+00  0.2000E+01
 -35.923  0.0000E+00  0.2000E+01
 -35.913  0.0000E+00  0.2000E+01
 -35.903  0.0000E+00  0.2000E+01
 -35.893  0.0000E+00  0.2000E+01
 -35.883  0.0000E+00  0.2000E+01
 -35.873  0.0000E+00  0.2000E+01
 -35.863  0.0000E+00  0.2000E+01
 -35.853  0.0000E+00  0.2000E+01
 -35.843  0.0000E+00  0.2000E+01
 -35.833  0.0000E+00  0.2000E+01
 -35.823  0.0000E+00  0.2000E+01
 -35.813  0.0000E+00  0.2000E+01
 -35.803  0.0000E+00  0.2000E+01
 -35.793  0.0000E+00  0.2000E+01
 -35.783  0.0000E+00  0.2000E+01
 -35.773  0.0000E+00  0.2000E+01
 -35.763  0.0000E+00  0.2000E+01
 -35.753  0.0000E+00  0.2000E+01
 -35.743  0.0000E+00  0.2000E+01
 -35.733  0.0000E+00  0.2000E+01
 -35.723  0.0000E+00  0.2000E+01
 -35.713  0.0000E+00  0.2000E+01
 -35.703  0.0000E+00  0.2000E+01
 -35.693  0.0000E+00  0.2000E+01
 -35.683  0.0000E+00  0.2000E+01
 -35.673  0.0000E+00  0.2000E+01
 -35.663  0.0000E+00  0.2000E+01
 -35.653  0.0000E+00  0.2000E+01
 -35.643  0.0000E+00  0.2000E+01
 -35.633  0.0000E+00  0.2000E+01
 -35.623  0.0000E+00  0.2000E+01
 -35.613  0.0000E+00  0.2000E+01
 -35.603  0.0000E+00  0.2000E+01
 -35.593  0.0000E+00  0.2000E+01
 -35.583  0.0000E+00  0.2000E+01
 -35.573  0.0000E+00  0.2000E+01
 -35.563  0.0000E+00  0.2000E+01
 -35.553  0.0000E+00  0.2000E+01
 -35.543  0.0000E+00  0.2000E+01
 -35.533  0.0000E+00  0.2000E+01
 -35.523  0.0000E+00  0.2000E+01
 -35.513  0.0000E+00  0.2000E+01
 -35.503  0.0000E+00  0.2000E+01
 -35.493  0.0000E+00  0.2000E+01
 -35.483  0.0000E+00  0.2000E+01
 -35.473  0.0000E+00  0.2000E+01
 -35.463  0.0000E+00  0.2000E+01
 -35.453  0.0000E+00  0.2000E+01
 -35.443  0.0000E+00  0.2000E+01
 -35.433  0.0000E+00  0.2000E+01
 -35.423  0.0000E+00  0.2000E+01
 -35.413  0.0000E+00  0.2000E+01
 -35.403  0.0000E+00  0.2000E+01
 -35.393  0.0000E+00  0.2000E+01
 -35.383  0.0000E+00  0.2000E+01
 -35.373  0.0000E+00  0.2000E+01
 -35.363  0.0000E+00  0.2000E+01
 -35.353  0.0000E+00  0.2000E+01
 -35.343  0.0000E+00  0.2000E+01
 -35.333  0.0000E+00  0.2000E+01
 -35.323  0.0000E+00  0.2000E+01
 -35.313  0.0000E+00  0.2000E+01
 -35.303  0.0000E+00  0.2000E+01
 -35.293  0.0000E+00  0.2000E+01
 -35.283  0.0000E+00  0.2000E+01
 -35.273  0.0000E+00  0.2000E+01
 -35.263  0.0000E+00  0.2000E+01
 -35.253  0.0000E+00  0.2000E+01
 -35.243  0.0000E+00  0.2000E+01
 -35.233  0.0000E+00  0.2000E+01
 -35.223  0.0000E+00  0.2000E+01
 -35.213  0.0000E+00  0.2000E+01
 -35.203  0.0000E+00  0.2000E+01
 -35.193  0.0000E+00  0.2000E+01
 -35.183  0.0000E+00  0.2000E+01
 -35.173  0.0000E+00  0.2000E+01
 -35.163  0.0000E+00  0.2000E+01
 -35.153  0.0000E+00  0.2000E+01
 -35.143  0.0000E+00  0.2000E+01
 -35.133  0.0000E+00  0.2000E+01
 -35.123  0.0000E+00  0.2000E+01
 -35.113  0.0000E+00  0.2000E+01
 -35.103  0.0000E+00  0.2000E+01
 -35.093  0.0000E+00  0.2000E+01
 -35.083  0.0000E+00  0.2000E+01
 -35.073  0.0000E+00  0.2000E+01
 -35.063  0.0000E+00  0.2000E+01
 -35.053  0.0000E+00  0.2000E+01
 -35.043  0.0000E+00  0.2000E+01
 -35.033  0.0000E+00  0.2000E+01
 -35.023  0.0000E+00  0.2000E+01
 -35.013  0.0000E+00  0.2000E+01
 -35.003  0.0000E+00  0.2000E+01
 -34.993  0.0000E+00  0.2000E+01
 -34.983  0.0000E+00  0.2000E+01
 -34.973  0.0000E+00  0.2000E+01
 -34.963  0.0000E+00  0.2000E+01
 -34.953  0.0000E+00  0.2000E+01
 -34.943  0.0000E+00  0.2000E+01
 -34.933  0.0000E+00  0.2000E+01
 -34.923  0.0000E+00  0.2000E+01
 -34.913  0.0000E+00  0.2000E+01
 -34.903  0.0000E+00  0.2000E+01
 -34.893  0.0000E+00  0.2000E+01
 -34.883  0.0000E+00  0.2000E+01
 -34.873  0.0000E+00  0.2000E+01
 -34.863  0.0000E+00  0.2000E+01
 -34.853  0.0000E+00  0.2000E+01
 -34.843  0.0000E+00  0.2000E+01
 -34.833  0.0000E+00  0.2000E+01
 -34.823  0.0000E+00  0.2000E+01
 -34.813  0.0000E+00  0.2000E+01
 -34.803  0.0000E+00  0.2000E+01
 -34.793  0.0000E+00  0.2000E+01
 -34.783  0.0000E+00  0.2000E+01
 -34.773  0.0000E+00  0.2000E+01
 -34.763  0.0000E+00  0.2000E+01
 -34.753  0.0000E+00  0.2000E+01
 -34.743  0.0000E+00  0.2000E+01
 -34.733  0.0000E+00  0.2000E+01
 -34.723  0.0000E+00  0.2000E+01
 -34.713  0.0000E+00  0.2000E+01
 -34.703  0.0000E+00  0.2000E+01
 -34.693  0.0000E+00  0.2000E+01
 -34.683  0.0000E+00  0.2000E+01
 -34.673  0.0000E+00  0.2000E+01
 -34.663  0.0000E+00  0.2000E+01
 -34.653  0.0000E+00  0.2000E+01
 -34.643  0.0000E+00  0.2000E+01
 -34.633  0.0000E+00  0.2000E+01
 -34.623  0.0000E+00  0.2000E+01
 -34.613  0.0000E+00  0.2000E+01
 -34.603  0.0000E+00  0.2000E+01
 -34.593  0.0000E+00  0.2000E+01
 -34.583  0.0000E+00  0.2000E+01
 -34.573  0.0000E+00  0.2000E+01
 -34.563  0.0000E+00  0.2000E+01
 -34.553  0.0000E+00  0.2000E+01
 -34.543  0.0000E+00  0.2000E+01
 -34.533  0.0000E+00  0.2000E+01
 -34.523  0.0000E+00  0.2000E+01
 -34.513  0.0000E+00  0.2000E+01
 -34.503  0.0000E+00  0.2000E+01
 -34.493  0.0000E+00  0.2000E+01
 -34.483  0.0000E+00  0.2000E+01
 -34.473  0.0000E+00  0.2000E+01
 -34.463  0.0000E+00  0.2000E+01
 -34.453  0.0000E+00  0.2000E+01
 -34.443  0.0000E+00  0.2000E+01
 -34.433  0.0000E+00  0.2000E+01
 -34.423  0.0000E+00  0.2000E+01
 -34.413  0.0000E+00  0.2000E+01
 -34.403  0.0000E+00  0.2000E+01
 -34.393  0.0000E+00  0.2000E+01
 -34.383  0.0000E+00  0.2000E+01
 -34.373  0.0000E+00  0.2000E+01
 -34.363  0.0000E+00  0.2000E+01
 -34.353  0.0000E+00  0.2000E+01
 -34.343  0.0000E+00  0.2000E+01
 -34.333  0.0000E+00  0.2000E+01
 -34.323  0.0000E+00  0.2000E+01
 -34.313  0.0000E+00  0.2000E+01
 -34.303  0.0000E+00  0.2000E+01
 -34.293  0.0000E+00  0.2000E+01
 -34.283  0.0000E+00  0.2000E+01
 -34.273  0.0000E+00  0.2000E+01
 -34.263  0.0000E+00  0.2000E+01
 -34.253  0.0000E+00  0.2000E+01
 -34.243  0.0000E+00  0.2000E+01
 -34.233  0.0000E+00  0.2000E+01
 -34.223  0.0000E+00  0.2000E+01
 -34.213  0.0000E+00  0.2000E+01
 -34.203  0.0000E+00  0.2000E+01
 -34.193  0.0000E+00  0.2000E+01
 -34.183  0.0000E+00  0.2000E+01
 -34.173  0.0000E+00  0.2000E+01
 -34.163  0.0000E+00  0.2000E+01
 -34.153  0.0000E+00  0.2000E+01
 -34.143  0.0000E+00  0.2000E+01
 -34.133  0.0000E+00  0.2000E+01
 -34.123  0.0000E+00  0.2000E+01
 -34.113  0.0000E+00  0.2000E+01
 -34.103  0.0000E+00  0.2000E+01
 -34.093  0.0000E+00  0.2000E+01
 -34.083  0.0000E+00  0.2000E+01
 -34.073  0.0000E+00  0.2000E+01
 -34.063  0.0000E+00  0.2000E+01
 -34.053  0.0000E+00  0.2000E+01
 -34.043  0.0000E+00  0.2000E+01
 -34.033  0.0000E+00  0.2000E+01
 -34.023  0.0000E+00  0.2000E+01
 -34.013  0.0000E+00  0.2000E+01
 -34.003  0.0000E+00  0.2000E+01
 -33.993  0.0000E+00  0.2000E+01
 -33.983  0.0000E+00  0.2000E+01
 -33.973  0.0000E+00  0.2000E+01
 -33.963  0.0000E+00  0.2000E+01
 -33.953  0.0000E+00  0.2000E+01
 -33.943  0.0000E+00  0.2000E+01
 -33.933  0.0000E+00  0.2000E+01
 -33.923  0.0000E+00  0.2000E+01
 -33.913  0.0000E+00  0.2000E+01
 -33.903  0.0000E+00  0.2000E+01
 -33.893  0.0000E+00  0.2000E+01
 -33.883  0.0000E+00  0.2000E+01
 -33.873  0.0000E+00  0.2000E+01
 -33.863  0.0000E+00  0.2000E+01
 -33.853  0.0000E+00  0.2000E+01
 -33.843  0.0000E+00  0.2000E+01
 -33.833  0.0000E+00  0.2000E+01
 -33.823  0.0000E+00  0.2000E+01
 -33.813  0.0000E+00  0.2000E+01
 -33.803  0.0000E+00  0.2000E+01
 -33.793  0.0000E+00  0.2000E+01
 -33.783  0.0000E+00  0.2000E+01
 -33.773  0.0000E+00  0.2000E+01
 -33.763  0.0000E+00  0.2000E+01
 -33.753  0.0000E+00  0.2000E+01
 -33.743  0.0000E+00  0.2000E+01
 -33.733  0.0000E+00  0.2000E+01
 -33.723  0.0000E+00  0.2000E+01
 -33.713  0.0000E+00  0.2000E+01
 -33.703  0.0000E+00  0.2000E+01
 -33.693  0.0000E+00  0.2000E+01
 -33.683  0.0000E+00  0.2000E+01
 -33.673  0.0000E+00  0.2000E+01
 -33.663  0.0000E+00  0.2000E+01
 -33.653  0.0000E+00  0.2000E+01
 -33.643  0.0000E+00  0.2000E+01
 -33.633  0.0000E+00  0.2000E+01
 -33.623  0.0000E+00  0.2000E+01
 -33.613  0.0000E+00  0.2000E+01
 -33.603  0.0000E+00  0.2000E+01
 -33.593  0.0000E+00  0.2000E+01
 -33.583  0.0000E+00  0.2000E+01
 -33.573  0.0000E+00  0.2000E+01
 -33.563  0.0000E+00  0.2000E+01
 -33.553  0.0000E+00  0.2000E+01
 -33.543  0.0000E+00  0.2000E+01
 -33.533  0.0000E+00  0.2000E+01
 -33.523  0.0000E+00  0.2000E+01
 -33.513  0.0000E+00  0.2000E+01
 -33.503  0.0000E+00  0.2000E+01
 -33.493  0.0000E+00  0.2000E+01
 -33.483  0.0000E+00  0.2000E+01
 -33.473  0.0000E+00  0.2000E+01
 -33.463  0.0000E+00  0.2000E+01
 -33.453  0.0000E+00  0.2000E+01
 -33.443  0.0000E+00  0.2000E+01
 -33.433  0.0000E+00  0.2000E+01
 -33.423  0.0000E+00  0.2000E+01
 -33.413  0.0000E+00  0.2000E+01
 -33.403  0.0000E+00  0.2000E+01
 -33.393  0.0000E+00  0.2000E+01
 -33.383  0.0000E+00  0.2000E+01
 -33.373  0.0000E+00  0.2000E+01
 -33.363  0.0000E+00  0.2000E+01
 -33.353  0.0000E+00  0.2000E+01
 -33.343  0.0000E+00  0.2000E+01
 -33.333  0.0000E+00  0.2000E+01
 -33.323  0.0000E+00  0.2000E+01
 -33.313  0.0000E+00  0.2000E+01
 -33.303  0.0000E+00  0.2000E+01
 -33.293  0.0000E+00  0.2000E+01
 -33.283  0.0000E+00  0.2000E+01
 -33.273  0.0000E+00  0.2000E+01
 -33.263  0.0000E+00  0.2000E+01
 -33.253  0.0000E+00  0.2000E+01
 -33.243  0.0000E+00  0.2000E+01
 -33.233  0.0000E+00  0.2000E+01
 -33.223  0.0000E+00  0.2000E+01
 -33.213  0.0000E+00  0.2000E+01
 -33.203  0.0000E+00  0.2000E+01
 -33.193  0.0000E+00  0.2000E+01
 -33.183  0.0000E+00  0.2000E+01
 -33.173  0.0000E+00  0.2000E+01
 -33.163  0.0000E+00  0.2000E+01
 -33.153  0.0000E+00  0.2000E+01
 -33.143  0.0000E+00  0.2000E+01
 -33.133  0.0000E+00  0.2000E+01
 -33.123  0.0000E+00  0.2000E+01
 -33.113  0.0000E+00  0.2000E+01
 -33.103  0.0000E+00  0.2000E+01
 -33.093  0.0000E+00  0.2000E+01
 -33.083  0.0000E+00  0.2000E+01
 -33.073  0.0000E+00  0.2000E+01
 -33.063  0.0000E+00  0.2000E+01
 -33.053  0.0000E+00  0.2000E+01
 -33.043  0.0000E+00  0.2000E+01
 -33.033  0.0000E+00  0.2000E+01
 -33.023  0.0000E+00  0.2000E+01
 -33.013  0.0000E+00  0.2000E+01
 -33.003  0.0000E+00  0.2000E+01
 -32.993  0.0000E+00  0.2000E+01
 -32.983  0.0000E+00  0.2000E+01
 -32.973  0.0000E+00  0.2000E+01
 -32.963  0.0000E+00  0.2000E+01
 -32.953  0.0000E+00  0.2000E+01
 -32.943  0.0000E+00  0.2000E+01
 -32.933  0.0000E+00  0.2000E+01
 -32.923  0.0000E+00  0.2000E+01
 -32.913  0.0000E+00  0.2000E+01
 -32.903  0.0000E+00  0.2000E+01
 -32.893  0.0000E+00  0.2000E+01
 -32.883  0.0000E+00  0.2000E+01
 -32.873  0.0000E+00  0.2000E+01
 -32.863  0.0000E+00  0.2000E+01
 -32.853  0.0000E+00  0.2000E+01
 -32.843  0.0000E+00  0.2000E+01
 -32.833  0.0000E+00  0.2000E+01
 -32.823  0.0000E+00  0.2000E+01
 -32.813  0.0000E+00  0.2000E+01
 -32.803  0.0000E+00  0.2000E+01
 -32.793  0.0000E+00  0.2000E+01
 -32.783  0.0000E+00  0.2000E+01
 -32.773  0.0000E+00  0.2000E+01
 -32.763  0.0000E+00  0.2000E+01
 -32.753  0.0000E+00  0.2000E+01
 -32.743  0.0000E+00  0.2000E+01
 -32.733  0.0000E+00  0.2000E+01
 -32.723  0.0000E+00  0.2000E+01
 -32.713  0.0000E+00  0.2000E+01
 -32.703  0.0000E+00  0.2000E+01
 -32.693  0.0000E+00  0.2000E+01
 -32.683  0.0000E+00  0.2000E+01
 -32.673  0.0000E+00  0.2000E+01
 -32.663  0.0000E+00  0.2000E+01
 -32.653  0.0000E+00  0.2000E+01
 -32.643  0.0000E+00  0.2000E+01
 -32.633  0.0000E+00  0.2000E+01
 -32.623  0.0000E+00  0.2000E+01
 -32.613  0.0000E+00  0.2000E+01
 -32.603  0.0000E+00  0.2000E+01
 -32.593  0.0000E+00  0.2000E+01
 -32.583  0.0000E+00  0.2000E+01
 -32.573  0.0000E+00  0.2000E+01
 -32.563  0.0000E+00  0.2000E+01
 -32.553  0.0000E+00  0.2000E+01
 -32.543  0.0000E+00  0.2000E+01
 -32.533  0.0000E+00  0.2000E+01
 -32.523  0.0000E+00  0.2000E+01
 -32.513  0.0000E+00  0.2000E+01
 -32.503  0.0000E+00  0.2000E+01
 -32.493  0.0000E+00  0.2000E+01
 -32.483  0.0000E+00  0.2000E+01
 -32.473  0.0000E+00  0.2000E+01
 -32.463  0.0000E+00  0.2000E+01
 -32.453  0.0000E+00  0.2000E+01
 -32.443  0.0000E+00  0.2000E+01
 -32.433  0.0000E+00  0.2000E+01
 -32.423  0.0000E+00  0.2000E+01
 -32.413  0.0000E+00  0.2000E+01
 -32.403  0.0000E+00  0.2000E+01
 -32.393  0.0000E+00  0.2000E+01
 -32.383  0.0000E+00  0.2000E+01
 -32.373  0.0000E+00  0.2000E+01
 -32.363  0.0000E+00  0.2000E+01
 -32.353  0.0000E+00  0.2000E+01
 -32.343  0.0000E+00  0.2000E+01
 -32.333  0.0000E+00  0.2000E+01
 -32.323  0.0000E+00  0.2000E+01
 -32.313  0.0000E+00  0.2000E+01
 -32.303  0.0000E+00  0.2000E+01
 -32.293  0.0000E+00  0.2000E+01
 -32.283  0.0000E+00  0.2000E+01
 -32.273  0.0000E+00  0.2000E+01
 -32.263  0.0000E+00  0.2000E+01
 -32.253  0.0000E+00  0.2000E+01
 -32.243  0.0000E+00  0.2000E+01
 -32.233  0.0000E+00  0.2000E+01
 -32.223  0.0000E+00  0.2000E+01
 -32.213  0.0000E+00  0.2000E+01
 -32.203  0.0000E+00  0.2000E+01
 -32.193  0.0000E+00  0.2000E+01
 -32.183  0.0000E+00  0.2000E+01
 -32.173  0.0000E+00  0.2000E+01
 -32.163  0.0000E+00  0.2000E+01
 -32.153  0.0000E+00  0.2000E+01
 -32.143  0.0000E+00  0.2000E+01
 -32.133  0.0000E+00  0.2000E+01
 -32.123  0.0000E+00  0.2000E+01
 -32.113  0.0000E+00  0.2000E+01
 -32.103  0.0000E+00  0.2000E+01
 -32.093  0.0000E+00  0.2000E+01
 -32.083  0.0000E+00  0.2000E+01
 -32.073  0.0000E+00  0.2000E+01
 -32.063  0.0000E+00  0.2000E+01
 -32.053  0.0000E+00  0.2000E+01
 -32.043  0.0000E+00  0.2000E+01
 -32.033  0.0000E+00  0.2000E+01
 -32.023  0.0000E+00  0.2000E+01
 -32.013  0.0000E+00  0.2000E+01
 -32.003  0.0000E+00  0.2000E+01
 -31.993  0.0000E+00  0.2000E+01
 -31.983  0.0000E+00  0.2000E+01
 -31.973  0.0000E+00  0.2000E+01
 -31.963  0.0000E+00  0.2000E+01
 -31.953  0.0000E+00  0.2000E+01
 -31.943  0.0000E+00  0.2000E+01
 -31.933  0.0000E+00  0.2000E+01
 -31.923  0.0000E+00  0.2000E+01
 -31.913  0.0000E+00  0.2000E+01
 -31.903  0.0000E+00  0.2000E+01
 -31.893  0.0000E+00  0.2000E+01
 -31.883  0.0000E+00  0.2000E+01
 -31.873  0.0000E+00  0.2000E+01
 -31.863  0.0000E+00  0.2000E+01
 -31.853  0.0000E+00  0.2000E+01
 -31.843  0.0000E+00  0.2000E+01
 -31.833  0.0000E+00  0.2000E+01
 -31.823  0.0000E+00  0.2000E+01
 -31.813  0.0000E+00  0.2000E+01
 -31.803  0.0000E+00  0.2000E+01
 -31.793  0.0000E+00  0.2000E+01
 -31.783  0.0000E+00  0.2000E+01
 -31.773  0.0000E+00  0.2000E+01
 -31.763  0.0000E+00  0.2000E+01
 -31.753  0.0000E+00  0.2000E+01
 -31.743  0.0000E+00  0.2000E+01
 -31.733  0.0000E+00  0.2000E+01
 -31.723  0.0000E+00  0.2000E+01
 -31.713  0.0000E+00  0.2000E+01
 -31.703  0.0000E+00  0.2000E+01
 -31.693  0.0000E+00  0.2000E+01
 -31.683  0.0000E+00  0.2000E+01
 -31.673  0.0000E+00  0.2000E+01
 -31.663  0.0000E+00  0.2000E+01
 -31.653  0.0000E+00  0.2000E+01
 -31.643  0.0000E+00  0.2000E+01
 -31.633  0.0000E+00  0.2000E+01
 -31.623  0.0000E+00  0.2000E+01
 -31.613  0.0000E+00  0.2000E+01
 -31.603  0.0000E+00  0.2000E+01
 -31.593  0.0000E+00  0.2000E+01
 -31.583  0.0000E+00  0.2000E+01
 -31.573  0.0000E+00  0.2000E+01
 -31.563  0.0000E+00  0.2000E+01
 -31.553  0.0000E+00  0.2000E+01
 -31.543  0.0000E+00  0.2000E+01
 -31.533  0.0000E+00  0.2000E+01
 -31.523  0.0000E+00  0.2000E+01
 -31.513  0.0000E+00  0.2000E+01
 -31.503  0.0000E+00  0.2000E+01
 -31.493  0.0000E+00  0.2000E+01
 -31.483  0.0000E+00  0.2000E+01
 -31.473  0.0000E+00  0.2000E+01
 -31.463  0.0000E+00  0.2000E+01
 -31.453  0.0000E+00  0.2000E+01
 -31.443  0.0000E+00  0.2000E+01
 -31.433  0.0000E+00  0.2000E+01
 -31.423  0.0000E+00  0.2000E+01
 -31.413  0.0000E+00  0.2000E+01
 -31.403  0.0000E+00  0.2000E+01
 -31.393  0.0000E+00  0.2000E+01
 -31.383  0.0000E+00  0.2000E+01
 -31.373  0.0000E+00  0.2000E+01
 -31.363  0.0000E+00  0.2000E+01
 -31.353  0.0000E+00  0.2000E+01
 -31.343  0.0000E+00  0.2000E+01
 -31.333  0.0000E+00  0.2000E+01
 -31.323  0.0000E+00  0.2000E+01
 -31.313  0.0000E+00  0.2000E+01
 -31.303  0.0000E+00  0.2000E+01
 -31.293  0.0000E+00  0.2000E+01
 -31.283  0.0000E+00  0.2000E+01
 -31.273  0.0000E+00  0.2000E+01
 -31.263  0.0000E+00  0.2000E+01
 -31.253  0.0000E+00  0.2000E+01
 -31.243  0.0000E+00  0.2000E+01
 -31.233  0.0000E+00  0.2000E+01
 -31.223  0.0000E+00  0.2000E+01
 -31.213  0.0000E+00  0.2000E+01
 -31.203  0.0000E+00  0.2000E+01
 -31.193  0.0000E+00  0.2000E+01
 -31.183  0.0000E+00  0.2000E+01
 -31.173  0.0000E+00  0.2000E+01
 -31.163  0.0000E+00  0.2000E+01
 -31.153  0.0000E+00  0.2000E+01
 -31.143  0.0000E+00  0.2000E+01
 -31.133  0.0000E+00  0.2000E+01
 -31.123  0.0000E+00  0.2000E+01
 -31.113  0.0000E+00  0.2000E+01
 -31.103  0.0000E+00  0.2000E+01
 -31.093  0.0000E+00  0.2000E+01
 -31.083  0.0000E+00  0.2000E+01
 -31.073  0.0000E+00  0.2000E+01
 -31.063  0.0000E+00  0.2000E+01
 -31.053  0.0000E+00  0.2000E+01
 -31.043  0.0000E+00  0.2000E+01
 -31.033  0.0000E+00  0.2000E+01
 -31.023  0.0000E+00  0.2000E+01
 -31.013  0.0000E+00  0.2000E+01
 -31.003  0.0000E+00  0.2000E+01
 -30.993  0.0000E+00  0.2000E+01
 -30.983  0.0000E+00  0.2000E+01
 -30.973  0.0000E+00  0.2000E+01
 -30.963  0.0000E+00  0.2000E+01
 -30.953  0.0000E+00  0.2000E+01
 -30.943  0.0000E+00  0.2000E+01
 -30.933  0.0000E+00  0.2000E+01
 -30.923  0.0000E+00  0.2000E+01
 -30.913  0.0000E+00  0.2000E+01
 -30.903  0.0000E+00  0.2000E+01
 -30.893  0.0000E+00  0.2000E+01
 -30.883  0.0000E+00  0.2000E+01
 -30.873  0.0000E+00  0.2000E+01
 -30.863  0.0000E+00  0.2000E+01
 -30.853  0.0000E+00  0.2000E+01
 -30.843  0.0000E+00  0.2000E+01
 -30.833  0.0000E+00  0.2000E+01
 -30.823  0.0000E+00  0.2000E+01
 -30.813  0.0000E+00  0.2000E+01
 -30.803  0.0000E+00  0.2000E+01
 -30.793  0.0000E+00  0.2000E+01
 -30.783  0.0000E+00  0.2000E+01
 -30.773  0.0000E+00  0.2000E+01
 -30.763  0.0000E+00  0.2000E+01
 -30.753  0.0000E+00  0.2000E+01
 -30.743  0.0000E+00  0.2000E+01
 -30.733  0.0000E+00  0.2000E+01
 -30.723  0.0000E+00  0.2000E+01
 -30.713  0.0000E+00  0.2000E+01
 -30.703  0.0000E+00  0.2000E+01
 -30.693  0.0000E+00  0.2000E+01
 -30.683  0.0000E+00  0.2000E+01
 -30.673  0.0000E+00  0.2000E+01
 -30.663  0.0000E+00  0.2000E+01
 -30.653  0.0000E+00  0.2000E+01
 -30.643  0.0000E+00  0.2000E+01
 -30.633  0.0000E+00  0.2000E+01
 -30.623  0.0000E+00  0.2000E+01
 -30.613  0.0000E+00  0.2000E+01
 -30.603  0.0000E+00  0.2000E+01
 -30.593  0.0000E+00  0.2000E+01
 -30.583  0.0000E+00  0.2000E+01
 -30.573  0.0000E+00  0.2000E+01
 -30.563  0.0000E+00  0.2000E+01
 -30.553  0.0000E+00  0.2000E+01
 -30.543  0.0000E+00  0.2000E+01
 -30.533  0.0000E+00  0.2000E+01
 -30.523  0.0000E+00  0.2000E+01
 -30.513  0.0000E+00  0.2000E+01
 -30.503  0.0000E+00  0.2000E+01
 -30.493  0.0000E+00  0.2000E+01
 -30.483  0.0000E+00  0.2000E+01
 -30.473  0.0000E+00  0.2000E+01
 -30.463  0.0000E+00  0.2000E+01
 -30.453  0.0000E+00  0.2000E+01
 -30.443  0.0000E+00  0.2000E+01
 -30.433  0.0000E+00  0.2000E+01
 -30.423  0.0000E+00  0.2000E+01
 -30.413  0.0000E+00  0.2000E+01
 -30.403  0.0000E+00  0.2000E+01
 -30.393  0.0000E+00  0.2000E+01
 -30.383  0.0000E+00  0.2000E+01
 -30.373  0.0000E+00  0.2000E+01
 -30.363  0.0000E+00  0.2000E+01
 -30.353  0.0000E+00  0.2000E+01
 -30.343  0.0000E+00  0.2000E+01
 -30.333  0.0000E+00  0.2000E+01
 -30.323  0.0000E+00  0.2000E+01
 -30.313  0.0000E+00  0.2000E+01
 -30.303  0.0000E+00  0.2000E+01
 -30.293  0.0000E+00  0.2000E+01
 -30.283  0.0000E+00  0.2000E+01
 -30.273  0.0000E+00  0.2000E+01
 -30.263  0.0000E+00  0.2000E+01
 -30.253  0.0000E+00  0.2000E+01
 -30.243  0.0000E+00  0.2000E+01
 -30.233  0.0000E+00  0.2000E+01
 -30.223  0.0000E+00  0.2000E+01
 -30.213  0.0000E+00  0.2000E+01
 -30.203  0.0000E+00  0.2000E+01
 -30.193  0.0000E+00  0.2000E+01
 -30.183  0.0000E+00  0.2000E+01
 -30.173  0.0000E+00  0.2000E+01
 -30.163  0.0000E+00  0.2000E+01
 -30.153  0.0000E+00  0.2000E+01
 -30.143  0.0000E+00  0.2000E+01
 -30.133  0.0000E+00  0.2000E+01
 -30.123  0.0000E+00  0.2000E+01
 -30.113  0.0000E+00  0.2000E+01
 -30.103  0.0000E+00  0.2000E+01
 -30.093  0.0000E+00  0.2000E+01
 -30.083  0.0000E+00  0.2000E+01
 -30.073  0.0000E+00  0.2000E+01
 -30.063  0.0000E+00  0.2000E+01
 -30.053  0.0000E+00  0.2000E+01
 -30.043  0.0000E+00  0.2000E+01
 -30.033  0.0000E+00  0.2000E+01
 -30.023  0.0000E+00  0.2000E+01
 -30.013  0.0000E+00  0.2000E+01
 -30.003  0.0000E+00  0.2000E+01
 -29.993  0.0000E+00  0.2000E+01
 -29.983  0.0000E+00  0.2000E+01
 -29.973  0.0000E+00  0.2000E+01
 -29.963  0.0000E+00  0.2000E+01
 -29.953  0.0000E+00  0.2000E+01
 -29.943  0.0000E+00  0.2000E+01
 -29.933  0.0000E+00  0.2000E+01
 -29.923  0.0000E+00  0.2000E+01
 -29.913  0.0000E+00  0.2000E+01
 -29.903  0.0000E+00  0.2000E+01
 -29.893  0.0000E+00  0.2000E+01
 -29.883  0.0000E+00  0.2000E+01
 -29.873  0.0000E+00  0.2000E+01
 -29.863  0.0000E+00  0.2000E+01
 -29.853  0.0000E+00  0.2000E+01
 -29.843  0.0000E+00  0.2000E+01
 -29.833  0.0000E+00  0.2000E+01
 -29.823  0.0000E+00  0.2000E+01
 -29.813  0.0000E+00  0.2000E+01
 -29.803  0.0000E+00  0.2000E+01
 -29.793  0.0000E+00  0.2000E+01
 -29.783  0.0000E+00  0.2000E+01
 -29.773  0.0000E+00  0.2000E+01
 -29.763  0.0000E+00  0.2000E+01
 -29.753  0.0000E+00  0.2000E+01
 -29.743  0.0000E+00  0.2000E+01
 -29.733  0.0000E+00  0.2000E+01
 -29.723  0.0000E+00  0.2000E+01
 -29.713  0.0000E+00  0.2000E+01
 -29.703  0.0000E+00  0.2000E+01
 -29.693  0.0000E+00  0.2000E+01
 -29.683  0.0000E+00  0.2000E+01
 -29.673  0.0000E+00  0.2000E+01
 -29.663  0.0000E+00  0.2000E+01
 -29.653  0.0000E+00  0.2000E+01
 -29.643  0.0000E+00  0.2000E+01
 -29.633  0.0000E+00  0.2000E+01
 -29.623  0.0000E+00  0.2000E+01
 -29.613  0.0000E+00  0.2000E+01
 -29.603  0.0000E+00  0.2000E+01
 -29.593  0.0000E+00  0.2000E+01
 -29.583  0.0000E+00  0.2000E+01
 -29.573  0.0000E+00  0.2000E+01
 -29.563  0.0000E+00  0.2000E+01
 -29.553  0.0000E+00  0.2000E+01
 -29.543  0.0000E+00  0.2000E+01
 -29.533  0.0000E+00  0.2000E+01
 -29.523  0.0000E+00  0.2000E+01
 -29.513  0.0000E+00  0.2000E+01
 -29.503  0.0000E+00  0.2000E+01
 -29.493  0.0000E+00  0.2000E+01
 -29.483  0.0000E+00  0.2000E+01
 -29.473  0.0000E+00  0.2000E+01
 -29.463  0.0000E+00  0.2000E+01
 -29.453  0.0000E+00  0.2000E+01
 -29.443  0.0000E+00  0.2000E+01
 -29.433  0.0000E+00  0.2000E+01
 -29.423  0.0000E+00  0.2000E+01
 -29.413  0.0000E+00  0.2000E+01
 -29.403  0.0000E+00  0.2000E+01
 -29.393  0.0000E+00  0.2000E+01
 -29.383  0.0000E+00  0.2000E+01
 -29.373  0.0000E+00  0.2000E+01
 -29.363  0.0000E+00  0.2000E+01
 -29.353  0.0000E+00  0.2000E+01
 -29.343  0.0000E+00  0.2000E+01
 -29.333  0.0000E+00  0.2000E+01
 -29.323  0.0000E+00  0.2000E+01
 -29.313  0.0000E+00  0.2000E+01
 -29.303  0.0000E+00  0.2000E+01
 -29.293  0.0000E+00  0.2000E+01
 -29.283  0.0000E+00  0.2000E+01
 -29.273  0.0000E+00  0.2000E+01
 -29.263  0.0000E+00  0.2000E+01
 -29.253  0.0000E+00  0.2000E+01
 -29.243  0.0000E+00  0.2000E+01
 -29.233  0.0000E+00  0.2000E+01
 -29.223  0.0000E+00  0.2000E+01
 -29.213  0.0000E+00  0.2000E+01
 -29.203  0.0000E+00  0.2000E+01
 -29.193  0.0000E+00  0.2000E+01
 -29.183  0.0000E+00  0.2000E+01
 -29.173  0.0000E+00  0.2000E+01
 -29.163  0.0000E+00  0.2000E+01
 -29.153  0.0000E+00  0.2000E+01
 -29.143  0.0000E+00  0.2000E+01
 -29.133  0.0000E+00  0.2000E+01
 -29.123  0.0000E+00  0.2000E+01
 -29.113  0.0000E+00  0.2000E+01
 -29.103  0.0000E+00  0.2000E+01
 -29.093  0.0000E+00  0.2000E+01
 -29.083  0.0000E+00  0.2000E+01
 -29.073  0.0000E+00  0.2000E+01
 -29.063  0.0000E+00  0.2000E+01
 -29.053  0.0000E+00  0.2000E+01
 -29.043  0.0000E+00  0.2000E+01
 -29.033  0.0000E+00  0.2000E+01
 -29.023  0.0000E+00  0.2000E+01
 -29.013  0.0000E+00  0.2000E+01
 -29.003  0.0000E+00  0.2000E+01
 -28.993  0.0000E+00  0.2000E+01
 -28.983  0.0000E+00  0.2000E+01
 -28.973  0.0000E+00  0.2000E+01
 -28.963  0.0000E+00  0.2000E+01
 -28.953  0.0000E+00  0.2000E+01
 -28.943  0.0000E+00  0.2000E+01
 -28.933  0.0000E+00  0.2000E+01
 -28.923  0.0000E+00  0.2000E+01
 -28.913  0.0000E+00  0.2000E+01
 -28.903  0.0000E+00  0.2000E+01
 -28.893  0.0000E+00  0.2000E+01
 -28.883  0.0000E+00  0.2000E+01
 -28.873  0.0000E+00  0.2000E+01
 -28.863  0.0000E+00  0.2000E+01
 -28.853  0.0000E+00  0.2000E+01
 -28.843  0.0000E+00  0.2000E+01
 -28.833  0.0000E+00  0.2000E+01
 -28.823  0.0000E+00  0.2000E+01
 -28.813  0.0000E+00  0.2000E+01
 -28.803  0.0000E+00  0.2000E+01
 -28.793  0.0000E+00  0.2000E+01
 -28.783  0.0000E+00  0.2000E+01
 -28.773  0.0000E+00  0.2000E+01
 -28.763  0.0000E+00  0.2000E+01
 -28.753  0.0000E+00  0.2000E+01
 -28.743  0.0000E+00  0.2000E+01
 -28.733  0.0000E+00  0.2000E+01
 -28.723  0.0000E+00  0.2000E+01
 -28.713  0.0000E+00  0.2000E+01
 -28.703  0.0000E+00  0.2000E+01
 -28.693  0.0000E+00  0.2000E+01
 -28.683  0.0000E+00  0.2000E+01
 -28.673  0.0000E+00  0.2000E+01
 -28.663  0.0000E+00  0.2000E+01
 -28.653  0.0000E+00  0.2000E+01
 -28.643  0.0000E+00  0.2000E+01
 -28.633  0.0000E+00  0.2000E+01
 -28.623  0.0000E+00  0.2000E+01
 -28.613  0.0000E+00  0.2000E+01
 -28.603  0.0000E+00  0.2000E+01
 -28.593  0.0000E+00  0.2000E+01
 -28.583  0.0000E+00  0.2000E+01
 -28.573  0.0000E+00  0.2000E+01
 -28.563  0.0000E+00  0.2000E+01
 -28.553  0.0000E+00  0.2000E+01
 -28.543  0.0000E+00  0.2000E+01
 -28.533  0.0000E+00  0.2000E+01
 -28.523  0.0000E+00  0.2000E+01
 -28.513  0.0000E+00  0.2000E+01
 -28.503  0.0000E+00  0.2000E+01
 -28.493  0.0000E+00  0.2000E+01
 -28.483  0.0000E+00  0.2000E+01
 -28.473  0.0000E+00  0.2000E+01
 -28.463  0.0000E+00  0.2000E+01
 -28.453  0.0000E+00  0.2000E+01
 -28.443  0.0000E+00  0.2000E+01
 -28.433  0.0000E+00  0.2000E+01
 -28.423  0.0000E+00  0.2000E+01
 -28.413  0.0000E+00  0.2000E+01
 -28.403  0.0000E+00  0.2000E+01
 -28.393  0.0000E+00  0.2000E+01
 -28.383  0.0000E+00  0.2000E+01
 -28.373  0.0000E+00  0.2000E+01
 -28.363  0.0000E+00  0.2000E+01
 -28.353  0.0000E+00  0.2000E+01
 -28.343  0.0000E+00  0.2000E+01
 -28.333  0.0000E+00  0.2000E+01
 -28.323  0.0000E+00  0.2000E+01
 -28.313  0.0000E+00  0.2000E+01
 -28.303  0.0000E+00  0.2000E+01
 -28.293  0.0000E+00  0.2000E+01
 -28.283  0.0000E+00  0.2000E+01
 -28.273  0.0000E+00  0.2000E+01
 -28.263  0.0000E+00  0.2000E+01
 -28.253  0.0000E+00  0.2000E+01
 -28.243  0.0000E+00  0.2000E+01
 -28.233  0.0000E+00  0.2000E+01
 -28.223  0.0000E+00  0.2000E+01
 -28.213  0.0000E+00  0.2000E+01
 -28.203  0.0000E+00  0.2000E+01
 -28.193  0.0000E+00  0.2000E+01
 -28.183  0.0000E+00  0.2000E+01
 -28.173  0.0000E+00  0.2000E+01
 -28.163  0.0000E+00  0.2000E+01
 -28.153  0.0000E+00  0.2000E+01
 -28.143  0.0000E+00  0.2000E+01
 -28.133  0.0000E+00  0.2000E+01
 -28.123  0.0000E+00  0.2000E+01
 -28.113  0.0000E+00  0.2000E+01
 -28.103  0.0000E+00  0.2000E+01
 -28.093  0.0000E+00  0.2000E+01
 -28.083  0.0000E+00  0.2000E+01
 -28.073  0.0000E+00  0.2000E+01
 -28.063  0.0000E+00  0.2000E+01
 -28.053  0.0000E+00  0.2000E+01
 -28.043  0.0000E+00  0.2000E+01
 -28.033  0.0000E+00  0.2000E+01
 -28.023  0.0000E+00  0.2000E+01
 -28.013  0.0000E+00  0.2000E+01
 -28.003  0.0000E+00  0.2000E+01
 -27.993  0.0000E+00  0.2000E+01
 -27.983  0.0000E+00  0.2000E+01
 -27.973  0.0000E+00  0.2000E+01
 -27.963  0.0000E+00  0.2000E+01
 -27.953  0.0000E+00  0.2000E+01
 -27.943  0.0000E+00  0.2000E+01
 -27.933  0.0000E+00  0.2000E+01
 -27.923  0.0000E+00  0.2000E+01
 -27.913  0.0000E+00  0.2000E+01
 -27.903  0.0000E+00  0.2000E+01
 -27.893  0.0000E+00  0.2000E+01
 -27.883  0.0000E+00  0.2000E+01
 -27.873  0.0000E+00  0.2000E+01
 -27.863  0.0000E+00  0.2000E+01
 -27.853  0.0000E+00  0.2000E+01
 -27.843  0.0000E+00  0.2000E+01
 -27.833  0.0000E+00  0.2000E+01
 -27.823  0.0000E+00  0.2000E+01
 -27.813  0.0000E+00  0.2000E+01
 -27.803  0.0000E+00  0.2000E+01
 -27.793  0.0000E+00  0.2000E+01
 -27.783  0.0000E+00  0.2000E+01
 -27.773  0.0000E+00  0.2000E+01
 -27.763  0.0000E+00  0.2000E+01
 -27.753  0.0000E+00  0.2000E+01
 -27.743  0.0000E+00  0.2000E+01
 -27.733  0.0000E+00  0.2000E+01
 -27.723  0.0000E+00  0.2000E+01
 -27.713  0.0000E+00  0.2000E+01
 -27.703  0.0000E+00  0.2000E+01
 -27.693  0.0000E+00  0.2000E+01
 -27.683  0.0000E+00  0.2000E+01
 -27.673  0.0000E+00  0.2000E+01
 -27.663  0.0000E+00  0.2000E+01
 -27.653  0.0000E+00  0.2000E+01
 -27.643  0.0000E+00  0.2000E+01
 -27.633  0.0000E+00  0.2000E+01
 -27.623  0.0000E+00  0.2000E+01
 -27.613  0.0000E+00  0.2000E+01
 -27.603  0.0000E+00  0.2000E+01
 -27.593  0.0000E+00  0.2000E+01
 -27.583  0.0000E+00  0.2000E+01
 -27.573  0.0000E+00  0.2000E+01
 -27.563  0.0000E+00  0.2000E+01
 -27.553  0.0000E+00  0.2000E+01
 -27.543  0.0000E+00  0.2000E+01
 -27.533  0.0000E+00  0.2000E+01
 -27.523  0.0000E+00  0.2000E+01
 -27.513  0.0000E+00  0.2000E+01
 -27.503  0.0000E+00  0.2000E+01
 -27.493  0.1686E+02  0.2062E+01
 -27.483  0.1699E+02  0.2230E+01
 -27.473  0.1841E+02  0.2407E+01
 -27.463  0.1965E+02  0.2596E+01
 -27.453  0.2138E+02  0.2801E+01
 -27.443  0.2393E+02  0.3027E+01
 -27.433  0.2844E+02  0.3285E+01
 -27.423  0.3528E+02  0.3628E+01
 -27.413  0.2217E+02  0.3925E+01
 -27.403  0.3600E+02  0.4222E+01
 -27.393  0.5792E+02  0.4722E+01
 -27.383  0.3366E+02  0.5142E+01
 -27.373  0.4875E+01  0.5251E+01
 -27.363  0.4455E+01  0.5297E+01
 -27.353  0.4224E+01  0.5341E+01
 -27.343  0.3943E+01  0.5381E+01
 -27.333  0.5474E+01  0.5427E+01
 -27.323  0.5829E+01  0.5484E+01
 -27.313  0.6065E+01  0.5544E+01
 -27.303  0.6410E+01  0.5606E+01
 -27.293  0.6673E+01  0.5672E+01
 -27.283  0.7048E+01  0.5740E+01
 -27.273  0.7410E+01  0.5813E+01
 -27.263  0.7886E+01  0.5889E+01
 -27.253  0.8452E+01  0.5971E+01
 -27.243  0.9141E+01  0.6058E+01
 -27.233  0.9857E+01  0.6153E+01
 -27.223  0.1081E+02  0.6257E+01
 -27.213  0.1210E+02  0.6372E+01
 -27.203  0.1399E+02  0.6503E+01
 -27.193  0.1803E+02  0.6660E+01
 -27.183  0.2365E+02  0.6894E+01
 -27.173  0.1689E+02  0.7087E+01
 -27.163  0.1467E+02  0.7244E+01
 -27.153  0.1340E+02  0.7384E+01
 -27.143  0.1248E+02  0.7513E+01
 -27.133  0.1201E+02  0.7633E+01
 -27.123  0.1105E+02  0.7748E+01
 -27.113  0.1100E+02  0.7858E+01
 -27.103  0.1026E+02  0.7964E+01
 -27.093  0.0000E+00  0.8000E+01
 -27.083  0.0000E+00  0.8000E+01
 -27.073  0.0000E+00  0.8000E+01
 -27.063  0.0000E+00  0.8000E+01
 -27.053  0.0000E+00  0.8000E+01
 -27.043  0.0000E+00  0.8000E+01
 -27.033  0.0000E+00  0.8000E+01
 -27.023  0.0000E+00  0.8000E+01
 -27.013  0.0000E+00  0.8000E+01
 -27.003  0.0000E+00  0.8000E+01
 -26.993  0.0000E+00  0.8000E+01
 -26.983  0.0000E+00  0.8000E+01
 -26.973  0.0000E+00  0.8000E+01
 -26.963  0.0000E+00  0.8000E+01
 -26.953  0.0000E+00  0.8000E+01
 -26.943  0.0000E+00  0.8000E+01
 -26.933  0.0000E+00  0.8000E+01
 -26.923  0.0000E+00  0.8000E+01
 -26.913  0.0000E+00  0.8000E+01
 -26.903  0.0000E+00  0.8000E+01
 -26.893  0.0000E+00  0.8000E+01
 -26.883  0.0000E+00  0.8000E+01
 -26.873  0.0000E+00  0.8000E+01
 -26.863  0.0000E+00  0.8000E+01
 -26.853  0.0000E+00  0.8000E+01
 -26.843  0.0000E+00  0.8000E+01
 -26.833  0.0000E+00  0.8000E+01
 -26.823  0.0000E+00  0.8000E+01
 -26.813  0.0000E+00  0.8000E+01
 -26.803  0.0000E+00  0.8000E+01
 -26.793  0.0000E+00  0.8000E+01
 -26.783  0.0000E+00  0.8000E+01
 -26.773  0.0000E+00  0.8000E+01
 -26.763  0.0000E+00  0.8000E+01
 -26.753  0.0000E+00  0.8000E+01
 -26.743  0.0000E+00  0.8000E+01
 -26.733  0.0000E+00  0.8000E+01
 -26.723  0.0000E+00  0.8000E+01
 -26.713  0.0000E+00  0.8000E+01
 -26.703  0.0000E+00  0.8000E+01
 -26.693  0.0000E+00  0.8000E+01
 -26.683  0.0000E+00  0.8000E+01
 -26.673  0.0000E+00  0.8000E+01
 -26.663  0.0000E+00  0.8000E+01
 -26.653  0.0000E+00  0.8000E+01
 -26.643  0.0000E+00  0.8000E+01
 -26.633  0.0000E+00  0.8000E+01
 -26.623  0.0000E+00  0.8000E+01
 -26.613  0.0000E+00  0.8000E+01
 -26.603  0.0000E+00  0.8000E+01
 -26.593  0.0000E+00  0.8000E+01
 -26.583  0.0000E+00  0.8000E+01
 -26.573  0.0000E+00  0.8000E+01
 -26.563  0.0000E+00  0.8000E+01
 -26.553  0.0000E+00  0.8000E+01
 -26.543  0.0000E+00  0.8000E+01
 -26.533  0.0000E+00  0.8000E+01
 -26.523  0.0000E+00  0.8000E+01
 -26.513  0.0000E+00  0.8000E+01
 -26.503  0.0000E+00  0.8000E+01
 -26.493  0.0000E+00  0.8000E+01
 -26.483  0.0000E+00  0.8000E+01
 -26.473  0.0000E+00  0.8000E+01
 -26.463  0.0000E+00  0.8000E+01
 -26.453  0.0000E+00  0.8000E+01
 -26.443  0.0000E+00  0.8000E+01
 -26.433  0.0000E+00  0.8000E+01
 -26.423  0.0000E+00  0.8000E+01
 -26.413  0.0000E+00  0.8000E+01
 -26.403  0.0000E+00  0.8000E+01
 -26.393  0.0000E+00  0.8000E+01
 -26.383  0.0000E+00  0.8000E+01
 -26.373  0.0000E+00  0.8000E+01
 -26.363  0.0000E+00  0.8000E+01
 -26.353  0.0000E+00  0.8000E+01
 -26.343  0.0000E+00  0.8000E+01
 -26.333  0.0000E+00  0.8000E+01
 -26.323  0.0000E+00  0.8000E+01
 -26.313  0.0000E+00  0.8000E+01
 -26.303  0.0000E+00  0.8000E+01
 -26.293  0.0000E+00  0.8000E+01
 -26.283  0.0000E+00  0.8000E+01
 -26.273  0.0000E+00  0.8000E+01
 -26.263  0.0000E+00  0.8000E+01
 -26.253  0.0000E+00  0.8000E+01
 -26.243  0.0000E+00  0.8000E+01
 -26.233  0.0000E+00  0.8000E+01
 -26.223  0.0000E+00  0.8000E+01
 -26.213  0.0000E+00  0.8000E+01
 -26.203  0.0000E+00  0.8000E+01
 -26.193  0.0000E+00  0.8000E+01
 -26.183  0.0000E+00  0.8000E+01
 -26.173  0.0000E+00  0.8000E+01
 -26.163  0.0000E+00  0.8000E+01
 -26.153  0.0000E+00  0.8000E+01
 -26.143  0.0000E+00  0.8000E+01
 -26.133  0.0000E+00  0.8000E+01
 -26.123  0.0000E+00  0.8000E+01
 -26.113  0.0000E+00  0.8000E+01
 -26.103  0.0000E+00  0.8000E+01
 -26.093  0.0000E+00  0.8000E+01
 -26.083  0.0000E+00  0.8000E+01
 -26.073  0.0000E+00  0.8000E+01
 -26.063  0.0000E+00  0.8000E+01
 -26.053  0.0000E+00  0.8000E+01
 -26.043  0.0000E+00  0.8000E+01
 -26.033  0.0000E+00  0.8000E+01
 -26.023  0.0000E+00  0.8000E+01
 -26.013  0.0000E+00  0.8000E+01
 -26.003  0.0000E+00  0.8000E+01
 -25.993  0.0000E+00  0.8000E+01
 -25.983  0.0000E+00  0.8000E+01
 -25.973  0.0000E+00  0.8000E+01
 -25.963  0.0000E+00  0.8000E+01
 -25.953  0.0000E+00  0.8000E+01
 -25.943  0.0000E+00  0.8000E+01
 -25.933  0.0000E+00  0.8000E+01
 -25.923  0.0000E+00  0.8000E+01
 -25.913  0.0000E+00  0.8000E+01
 -25.903  0.0000E+00  0.8000E+01
 -25.893  0.0000E+00  0.8000E+01
 -25.883  0.0000E+00  0.8000E+01
 -25.873  0.0000E+00  0.8000E+01
 -25.863  0.0000E+00  0.8000E+01
 -25.853  0.0000E+00  0.8000E+01
 -25.843  0.0000E+00  0.8000E+01
 -25.833  0.0000E+00  0.8000E+01
 -25.823  0.0000E+00  0.8000E+01
 -25.813  0.0000E+00  0.8000E+01
 -25.803  0.0000E+00  0.8000E+01
 -25.793  0.0000E+00  0.8000E+01
 -25.783  0.0000E+00  0.8000E+01
 -25.773  0.0000E+00  0.8000E+01
 -25.763  0.0000E+00  0.8000E+01
 -25.753  0.0000E+00  0.8000E+01
 -25.743  0.0000E+00  0.8000E+01
 -25.733  0.0000E+00  0.8000E+01
 -25.723  0.0000E+00  0.8000E+01
 -25.713  0.0000E+00  0.8000E+01
 -25.703  0.0000E+00  0.8000E+01
 -25.693  0.0000E+00  0.8000E+01
 -25.683  0.0000E+00  0.8000E+01
 -25.673  0.0000E+00  0.8000E+01
 -25.663  0.0000E+00  0.8000E+01
 -25.653  0.0000E+00  0.8000E+01
 -25.643  0.0000E+00  0.8000E+01
 -25.633  0.0000E+00  0.8000E+01
 -25.623  0.0000E+00  0.8000E+01
 -25.613  0.0000E+00  0.8000E+01
 -25.603  0.0000E+00  0.8000E+01
 -25.593  0.0000E+00  0.8000E+01
 -25.583  0.0000E+00  0.8000E+01
 -25.573  0.0000E+00  0.8000E+01
 -25.563  0.0000E+00  0.8000E+01
 -25.553  0.0000E+00  0.8000E+01
 -25.543  0.0000E+00  0.8000E+01
 -25.533  0.0000E+00  0.8000E+01
 -25.523  0.0000E+00  0.8000E+01
 -25.513  0.0000E+00  0.8000E+01
 -25.503  0.0000E+00  0.8000E+01
 -25.493  0.0000E+00  0.8000E+01
 -25.483  0.0000E+00  0.8000E+01
 -25.473  0.0000E+00  0.8000E+01
 -25.463  0.0000E+00  0.8000E+01
 -25.453  0.0000E+00  0.8000E+01
 -25.443  0.0000E+00  0.8000E+01
 -25.433  0.0000E+00  0.8000E+01
 -25.423  0.0000E+00  0.8000E+01
 -25.413  0.0000E+00  0.8000E+01
 -25.403  0.0000E+00  0.8000E+01
 -25.393  0.0000E+00  0.8000E+01
 -25.383  0.0000E+00  0.8000E+01
 -25.373  0.0000E+00  0.8000E+01
 -25.363  0.0000E+00  0.8000E+01
 -25.353  0.0000E+00  0.8000E+01
 -25.343  0.0000E+00  0.8000E+01
 -25.333  0.0000E+00  0.8000E+01
 -25.323  0.0000E+00  0.8000E+01
 -25.313  0.0000E+00  0.8000E+01
 -25.303  0.0000E+00  0.8000E+01
 -25.293  0.0000E+00  0.8000E+01
 -25.283  0.0000E+00  0.8000E+01
 -25.273  0.0000E+00  0.8000E+01
 -25.263  0.0000E+00  0.8000E+01
 -25.253  0.0000E+00  0.8000E+01
 -25.243  0.0000E+00  0.8000E+01
 -25.233  0.0000E+00  0.8000E+01
 -25.223  0.0000E+00  0.8000E+01
 -25.213  0.0000E+00  0.8000E+01
 -25.203  0.0000E+00  0.8000E+01
 -25.193  0.0000E+00  0.8000E+01
 -25.183  0.0000E+00  0.8000E+01
 -25.173  0.0000E+00  0.8000E+01
 -25.163  0.0000E+00  0.8000E+01
 -25.153  0.0000E+00  0.8000E+01
 -25.143  0.0000E+00  0.8000E+01
 -25.133  0.0000E+00  0.8000E+01
 -25.123  0.0000E+00  0.8000E+01
 -25.113  0.0000E+00  0.8000E+01
 -25.103  0.0000E+00  0.8000E+01
 -25.093  0.0000E+00  0.8000E+01
 -25.083  0.0000E+00  0.8000E+01
 -25.073  0.0000E+00  0.8000E+01
 -25.063  0.0000E+00  0.8000E+01
 -25.053  0.0000E+00  0.8000E+01
 -25.043  0.0000E+00  0.8000E+01
 -25.033  0.0000E+00  0.8000E+01
 -25.023  0.0000E+00  0.8000E+01
 -25.013  0.0000E+00  0.8000E+01
 -25.003  0.0000E+00  0.8000E+01
 -24.993  0.0000E+00  0.8000E+01
 -24.983  0.0000E+00  0.8000E+01
 -24.973  0.0000E+00  0.8000E+01
 -24.963  0.0000E+00  0.8000E+01
 -24.953  0.0000E+00  0.8000E+01
 -24.943  0.0000E+00  0.8000E+01
 -24.933  0.0000E+00  0.8000E+01
 -24.923  0.0000E+00  0.8000E+01
 -24.913  0.0000E+00  0.8000E+01
 -24.903  0.0000E+00  0.8000E+01
 -24.893  0.0000E+00  0.8000E+01
 -24.883  0.0000E+00  0.8000E+01
 -24.873  0.0000E+00  0.8000E+01
 -24.863  0.0000E+00  0.8000E+01
 -24.853  0.0000E+00  0.8000E+01
 -24.843  0.0000E+00  0.8000E+01
 -24.833  0.0000E+00  0.8000E+01
 -24.823  0.0000E+00  0.8000E+01
 -24.813  0.0000E+00  0.8000E+01
 -24.803  0.0000E+00  0.8000E+01
 -24.793  0.0000E+00  0.8000E+01
 -24.783  0.0000E+00  0.8000E+01
 -24.773  0.0000E+00  0.8000E+01
 -24.763  0.0000E+00  0.8000E+01
 -24.753  0.0000E+00  0.8000E+01
 -24.743  0.0000E+00  0.8000E+01
 -24.733  0.0000E+00  0.8000E+01
 -24.723  0.0000E+00  0.8000E+01
 -24.713  0.0000E+00  0.8000E+01
 -24.703  0.0000E+00  0.8000E+01
 -24.693  0.0000E+00  0.8000E+01
 -24.683  0.0000E+00  0.8000E+01
 -24.673  0.0000E+00  0.8000E+01
 -24.663  0.0000E+00  0.8000E+01
 -24.653  0.0000E+00  0.8000E+01
 -24.643  0.0000E+00  0.8000E+01
 -24.633  0.0000E+00  0.8000E+01
 -24.623  0.0000E+00  0.8000E+01
 -24.613  0.0000E+00  0.8000E+01
 -24.603  0.0000E+00  0.8000E+01
 -24.593  0.0000E+00  0.8000E+01
 -24.583  0.0000E+00  0.8000E+01
 -24.573  0.0000E+00  0.8000E+01
 -24.563  0.0000E+00  0.8000E+01
 -24.553  0.0000E+00  0.8000E+01
 -24.543  0.0000E+00  0.8000E+01
 -24.533  0.0000E+00  0.8000E+01
 -24.523  0.0000E+00  0.8000E+01
 -24.513  0.0000E+00  0.8000E+01
 -24.503  0.0000E+00  0.8000E+01
 -24.493  0.0000E+00  0.8000E+01
 -24.483  0.0000E+00  0.8000E+01
 -24.473  0.0000E+00  0.8000E+01
 -24.463  0.0000E+00  0.8000E+01
 -24.453  0.0000E+00  0.8000E+01
 -24.443  0.0000E+00  0.8000E+01
 -24.433  0.0000E+00  0.8000E+01
 -24.423  0.0000E+00  0.8000E+01
 -24.413  0.0000E+00  0.8000E+01
 -24.403  0.0000E+00  0.8000E+01
 -24.393  0.0000E+00  0.8000E+01
 -24.383  0.0000E+00  0.8000E+01
 -24.373  0.0000E+00  0.8000E+01
 -24.363  0.0000E+00  0.8000E+01
 -24.353  0.0000E+00  0.8000E+01
 -24.343  0.0000E+00  0.8000E+01
 -24.333  0.0000E+00  0.8000E+01
 -24.323  0.0000E+00  0.8000E+01
 -24.313  0.0000E+00  0.8000E+01
 -24.303  0.0000E+00  0.8000E+01
 -24.293  0.0000E+00  0.8000E+01
 -24.283  0.0000E+00  0.8000E+01
 -24.273  0.0000E+00  0.8000E+01
 -24.263  0.0000E+00  0.8000E+01
 -24.253  0.0000E+00  0.8000E+01
 -24.243  0.0000E+00  0.8000E+01
 -24.233  0.0000E+00  0.8000E+01
 -24.223  0.0000E+00  0.8000E+01
 -24.213  0.0000E+00  0.8000E+01
 -24.203  0.0000E+00  0.8000E+01
 -24.193  0.0000E+00  0.8000E+01
 -24.183  0.0000E+00  0.8000E+01
 -24.173  0.0000E+00  0.8000E+01
 -24.163  0.0000E+00  0.8000E+01
 -24.153  0.0000E+00  0.8000E+01
 -24.143  0.0000E+00  0.8000E+01
 -24.133  0.0000E+00  0.8000E+01
 -24.123  0.0000E+00  0.8000E+01
 -24.113  0.0000E+00  0.8000E+01
 -24.103  0.0000E+00  0.8000E+01
 -24.093  0.0000E+00  0.8000E+01
 -24.083  0.0000E+00  0.8000E+01
 -24.073  0.0000E+00  0.8000E+01
 -24.063  0.0000E+00  0.8000E+01
 -24.053  0.0000E+00  0.8000E+01
 -24.043  0.0000E+00  0.8000E+01
 -24.033  0.0000E+00  0.8000E+01
 -24.023  0.0000E+00  0.8000E+01
 -24.013  0.0000E+00  0.8000E+01
 -24.003  0.0000E+00  0.8000E+01
 -23.993  0.0000E+00  0.8000E+01
 -23.983  0.0000E+00  0.8000E+01
 -23.973  0.0000E+00  0.8000E+01
 -23.963  0.0000E+00  0.8000E+01
 -23.953  0.0000E+00  0.8000E+01
 -23.943  0.0000E+00  0.8000E+01
 -23.933  0.0000E+00  0.8000E+01
 -23.923  0.0000E+00  0.8000E+01
 -23.913  0.0000E+00  0.8000E+01
 -23.903  0.0000E+00  0.8000E+01
 -23.893  0.0000E+00  0.8000E+01
 -23.883  0.0000E+00  0.8000E+01
 -23.873  0.0000E+00  0.8000E+01
 -23.863  0.0000E+00  0.8000E+01
 -23.853  0.0000E+00  0.8000E+01
 -23.843  0.0000E+00  0.8000E+01
 -23.833  0.0000E+00  0.8000E+01
 -23.823  0.0000E+00  0.8000E+01
 -23.813  0.0000E+00  0.8000E+01
 -23.803  0.0000E+00  0.8000E+01
 -23.793  0.0000E+00  0.8000E+01
 -23.783  0.0000E+00  0.8000E+01
 -23.773  0.0000E+00  0.8000E+01
 -23.763  0.0000E+00  0.8000E+01
 -23.753  0.0000E+00  0.8000E+01
 -23.743  0.0000E+00  0.8000E+01
 -23.733  0.0000E+00  0.8000E+01
 -23.723  0.0000E+00  0.8000E+01
 -23.713  0.0000E+00  0.8000E+01
 -23.703  0.0000E+00  0.8000E+01
 -23.693  0.0000E+00  0.8000E+01
 -23.683  0.0000E+00  0.8000E+01
 -23.673  0.0000E+00  0.8000E+01
 -23.663  0.0000E+00  0.8000E+01
 -23.653  0.0000E+00  0.8000E+01
 -23.643  0.0000E+00  0.8000E+01
 -23.633  0.0000E+00  0.8000E+01
 -23.623  0.0000E+00  0.8000E+01
 -23.613  0.0000E+00  0.8000E+01
 -23.603  0.0000E+00  0.8000E+01
 -23.593  0.0000E+00  0.8000E+01
 -23.583  0.0000E+00  0.8000E+01
 -23.573  0.0000E+00  0.8000E+01
 -23.563  0.0000E+00  0.8000E+01
 -23.553  0.0000E+00  0.8000E+01
 -23.543  0.0000E+00  0.8000E+01
 -23.533  0.0000E+00  0.8000E+01
 -23.523  0.0000E+00  0.8000E+01
 -23.513  0.0000E+00  0.8000E+01
 -23.503  0.0000E+00  0.8000E+01
 -23.493  0.0000E+00  0.8000E+01
 -23.483  0.0000E+00  0.8000E+01
 -23.473  0.0000E+00  0.8000E+01
 -23.463  0.0000E+00  0.8000E+01
 -23.453  0.0000E+00  0.8000E+01
 -23.443  0.0000E+00  0.8000E+01
 -23.433  0.0000E+00  0.8000E+01
 -23.423  0.0000E+00  0.8000E+01
 -23.413  0.0000E+00  0.8000E+01
 -23.403  0.0000E+00  0.8000E+01
 -23.393  0.0000E+00  0.8000E+01
 -23.383  0.0000E+00  0.8000E+01
 -23.373  0.0000E+00  0.8000E+01
 -23.363  0.0000E+00  0.8000E+01
 -23.353  0.0000E+00  0.8000E+01
 -23.343  0.0000E+00  0.8000E+01
 -23.333  0.0000E+00  0.8000E+01
 -23.323  0.0000E+00  0.8000E+01
 -23.313  0.0000E+00  0.8000E+01
 -23.303  0.0000E+00  0.8000E+01
 -23.293  0.0000E+00  0.8000E+01
 -23.283  0.0000E+00  0.8000E+01
 -23.273  0.0000E+00  0.8000E+01
 -23.263  0.0000E+00  0.8000E+01
 -23.253  0.0000E+00  0.8000E+01
 -23.243  0.0000E+00  0.8000E+01
 -23.233  0.0000E+00  0.8000E+01
 -23.223  0.0000E+00  0.8000E+01
 -23.213  0.0000E+00  0.8000E+01
 -23.203  0.0000E+00  0.8000E+01
 -23.193  0.0000E+00  0.8000E+01
 -23.183  0.0000E+00  0.8000E+01
 -23.173  0.0000E+00  0.8000E+01
 -23.163  0.0000E+00  0.8000E+01
 -23.153  0.0000E+00  0.8000E+01
 -23.143  0.0000E+00  0.8000E+01
 -23.133  0.0000E+00  0.8000E+01
 -23.123  0.0000E+00  0.8000E+01
 -23.113  0.0000E+00  0.8000E+01
 -23.103  0.0000E+00  0.8000E+01
 -23.093  0.0000E+00  0.8000E+01
 -23.083  0.0000E+00  0.8000E+01
 -23.073  0.0000E+00  0.8000E+01
 -23.063  0.0000E+00  0.8000E+01
 -23.053  0.0000E+00  0.8000E+01
 -23.043  0.0000E+00  0.8000E+01
 -23.033  0.0000E+00  0.8000E+01
 -23.023  0.0000E+00  0.8000E+01
 -23.013  0.0000E+00  0.8000E+01
 -23.003  0.0000E+00  0.8000E+01
 -22.993  0.0000E+00  0.8000E+01
 -22.983  0.0000E+00  0.8000E+01
 -22.973  0.0000E+00  0.8000E+01
 -22.963  0.0000E+00  0.8000E+01
 -22.953  0.0000E+00  0.8000E+01
 -22.943  0.0000E+00  0.8000E+01
 -22.933  0.0000E+00  0.8000E+01
 -22.923  0.0000E+00  0.8000E+01
 -22.913  0.0000E+00  0.8000E+01
 -22.903  0.0000E+00  0.8000E+01
 -22.893  0.0000E+00  0.8000E+01
 -22.883  0.0000E+00  0.8000E+01
 -22.873  0.0000E+00  0.8000E+01
 -22.863  0.0000E+00  0.8000E+01
 -22.853  0.0000E+00  0.8000E+01
 -22.843  0.0000E+00  0.8000E+01
 -22.833  0.0000E+00  0.8000E+01
 -22.823  0.0000E+00  0.8000E+01
 -22.813  0.0000E+00  0.8000E+01
 -22.803  0.0000E+00  0.8000E+01
 -22.793  0.0000E+00  0.8000E+01
 -22.783  0.0000E+00  0.8000E+01
 -22.773  0.0000E+00  0.8000E+01
 -22.763  0.0000E+00  0.8000E+01
 -22.753  0.0000E+00  0.8000E+01
 -22.743  0.0000E+00  0.8000E+01
 -22.733  0.0000E+00  0.8000E+01
 -22.723  0.0000E+00  0.8000E+01
 -22.713  0.0000E+00  0.8000E+01
 -22.703  0.0000E+00  0.8000E+01
 -22.693  0.0000E+00  0.8000E+01
 -22.683  0.0000E+00  0.8000E+01
 -22.673  0.0000E+00  0.8000E+01
 -22.663  0.0000E+00  0.8000E+01
 -22.653  0.0000E+00  0.8000E+01
 -22.643  0.0000E+00  0.8000E+01
 -22.633  0.0000E+00  0.8000E+01
 -22.623  0.0000E+00  0.8000E+01
 -22.613  0.0000E+00  0.8000E+01
 -22.603  0.0000E+00  0.8000E+01
 -22.593  0.0000E+00  0.8000E+01
 -22.583  0.0000E+00  0.8000E+01
 -22.573  0.0000E+00  0.8000E+01
 -22.563  0.0000E+00  0.8000E+01
 -22.553  0.0000E+00  0.8000E+01
 -22.543  0.0000E+00  0.8000E+01
 -22.533  0.0000E+00  0.8000E+01
 -22.523  0.0000E+00  0.8000E+01
 -22.513  0.0000E+00  0.8000E+01
 -22.503  0.0000E+00  0.8000E+01
 -22.493  0.0000E+00  0.8000E+01
 -22.483  0.0000E+00  0.8000E+01
 -22.473  0.0000E+00  0.8000E+01
 -22.463  0.0000E+00  0.8000E+01
 -22.453  0.0000E+00  0.8000E+01
 -22.443  0.0000E+00  0.8000E+01
 -22.433  0.0000E+00  0.8000E+01
 -22.423  0.0000E+00  0.8000E+01
 -22.413  0.0000E+00  0.8000E+01
 -22.403  0.0000E+00  0.8000E+01
 -22.393  0.0000E+00  0.8000E+01
 -22.383  0.0000E+00  0.8000E+01
 -22.373  0.0000E+00  0.8000E+01
 -22.363  0.0000E+00  0.8000E+01
 -22.353  0.0000E+00  0.8000E+01
 -22.343  0.0000E+00  0.8000E+01
 -22.333  0.0000E+00  0.8000E+01
 -22.323  0.0000E+00  0.8000E+01
 -22.313  0.0000E+00  0.8000E+01
 -22.303  0.0000E+00  0.8000E+01
 -22.293  0.0000E+00  0.8000E+01
 -22.283  0.0000E+00  0.8000E+01
 -22.273  0.0000E+00  0.8000E+01
 -22.263  0.0000E+00  0.8000E+01
 -22.253  0.0000E+00  0.8000E+01
 -22.243  0.0000E+00  0.8000E+01
 -22.233  0.0000E+00  0.8000E+01
 -22.223  0.0000E+00  0.8000E+01
 -22.213  0.0000E+00  0.8000E+01
 -22.203  0.0000E+00  0.8000E+01
 -22.193  0.0000E+00  0.8000E+01
 -22.183  0.0000E+00  0.8000E+01
 -22.173  0.0000E+00  0.8000E+01
 -22.163  0.0000E+00  0.8000E+01
 -22.153  0.0000E+00  0.8000E+01
 -22.143  0.0000E+00  0.8000E+01
 -22.133  0.0000E+00  0.8000E+01
 -22.123  0.0000E+00  0.8000E+01
 -22.113  0.0000E+00  0.8000E+01
 -22.103  0.0000E+00  0.8000E+01
 -22.093  0.0000E+00  0.8000E+01
 -22.083  0.0000E+00  0.8000E+01
 -22.073  0.0000E+00  0.8000E+01
 -22.063  0.0000E+00  0.8000E+01
 -22.053  0.0000E+00  0.8000E+01
 -22.043  0.0000E+00  0.8000E+01
 -22.033  0.0000E+00  0.8000E+01
 -22.023  0.0000E+00  0.8000E+01
 -22.013  0.0000E+00  0.8000E+01
 -22.003  0.0000E+00  0.8000E+01
 -21.993  0.0000E+00  0.8000E+01
 -21.983  0.0000E+00  0.8000E+01
 -21.973  0.0000E+00  0.8000E+01
 -21.963  0.0000E+00  0.8000E+01
 -21.953  0.0000E+00  0.8000E+01
 -21.943  0.0000E+00  0.8000E+01
 -21.933  0.0000E+00  0.8000E+01
 -21.923  0.0000E+00  0.8000E+01
 -21.913  0.0000E+00  0.8000E+01
 -21.903  0.0000E+00  0.8000E+01
 -21.893  0.0000E+00  0.8000E+01
 -21.883  0.0000E+00  0.8000E+01
 -21.873  0.0000E+00  0.8000E+01
 -21.863  0.0000E+00  0.8000E+01
 -21.853  0.0000E+00  0.8000E+01
 -21.843  0.0000E+00  0.8000E+01
 -21.833  0.0000E+00  0.8000E+01
 -21.823  0.0000E+00  0.8000E+01
 -21.813  0.0000E+00  0.8000E+01
 -21.803  0.0000E+00  0.8000E+01
 -21.793  0.0000E+00  0.8000E+01
 -21.783  0.0000E+00  0.8000E+01
 -21.773  0.0000E+00  0.8000E+01
 -21.763  0.0000E+00  0.8000E+01
 -21.753  0.0000E+00  0.8000E+01
 -21.743  0.0000E+00  0.8000E+01
 -21.733  0.0000E+00  0.8000E+01
 -21.723  0.0000E+00  0.8000E+01
 -21.713  0.0000E+00  0.8000E+01
 -21.703  0.0000E+00  0.8000E+01
 -21.693  0.0000E+00  0.8000E+01
 -21.683  0.0000E+00  0.8000E+01
 -21.673  0.0000E+00  0.8000E+01
 -21.663  0.0000E+00  0.8000E+01
 -21.653  0.0000E+00  0.8000E+01
 -21.643  0.0000E+00  0.8000E+01
 -21.633  0.0000E+00  0.8000E+01
 -21.623  0.0000E+00  0.8000E+01
 -21.613  0.0000E+00  0.8000E+01
 -21.603  0.0000E+00  0.8000E+01
 -21.593  0.0000E+00  0.8000E+01
 -21.583  0.0000E+00  0.8000E+01
 -21.573  0.0000E+00  0.8000E+01
 -21.563  0.0000E+00  0.8000E+01
 -21.553  0.0000E+00  0.8000E+01
 -21.543  0.0000E+00  0.8000E+01
 -21.533  0.0000E+00  0.8000E+01
 -21.523  0.0000E+00  0.8000E+01
 -21.513  0.0000E+00  0.8000E+01
 -21.503  0.0000E+00  0.8000E+01
 -21.493  0.0000E+00  0.8000E+01
 -21.483  0.0000E+00  0.8000E+01
 -21.473  0.0000E+00  0.8000E+01
 -21.463  0.0000E+00  0.8000E+01
 -21.453  0.0000E+00  0.8000E+01
 -21.443  0.0000E+00  0.8000E+01
 -21.433  0.0000E+00  0.8000E+01
 -21.423  0.0000E+00  0.8000E+01
 -21.413  0.0000E+00  0.8000E+01
 -21.403  0.0000E+00  0.8000E+01
 -21.393  0.0000E+00  0.8000E+01
 -21.383  0.0000E+00  0.8000E+01
 -21.373  0.0000E+00  0.8000E+01
 -21.363  0.0000E+00  0.8000E+01
 -21.353  0.0000E+00  0.8000E+01
 -21.343  0.0000E+00  0.8000E+01
 -21.333  0.0000E+00  0.8000E+01
 -21.323  0.0000E+00  0.8000E+01
 -21.313  0.0000E+00  0.8000E+01
 -21.303  0.0000E+00  0.8000E+01
 -21.293  0.0000E+00  0.8000E+01
 -21.283  0.0000E+00  0.8000E+01
 -21.273  0.0000E+00  0.8000E+01
 -21.263  0.0000E+00  0.8000E+01
 -21.253  0.0000E+00  0.8000E+01
 -21.243  0.0000E+00  0.8000E+01
 -21.233  0.0000E+00  0.8000E+01
 -21.223  0.0000E+00  0.8000E+01
 -21.213  0.0000E+00  0.8000E+01
 -21.203  0.0000E+00  0.8000E+01
 -21.193  0.0000E+00  0.8000E+01
 -21.183  0.0000E+00  0.8000E+01
 -21.173  0.0000E+00  0.8000E+01
 -21.163  0.0000E+00  0.8000E+01
 -21.153  0.0000E+00  0.8000E+01
 -21.143  0.0000E+00  0.8000E+01
 -21.133  0.0000E+00  0.8000E+01
 -21.123  0.0000E+00  0.8000E+01
 -21.113  0.0000E+00  0.8000E+01
 -21.103  0.0000E+00  0.8000E+01
 -21.093  0.0000E+00  0.8000E+01
 -21.083  0.0000E+00  0.8000E+01
 -21.073  0.0000E+00  0.8000E+01
 -21.063  0.0000E+00  0.8000E+01
 -21.053  0.0000E+00  0.8000E+01
 -21.043  0.0000E+00  0.8000E+01
 -21.033  0.0000E+00  0.8000E+01
 -21.023  0.0000E+00  0.8000E+01
 -21.013  0.0000E+00  0.8000E+01
 -21.003  0.0000E+00  0.8000E+01
 -20.993  0.0000E+00  0.8000E+01
 -20.983  0.0000E+00  0.8000E+01
 -20.973  0.0000E+00  0.8000E+01
 -20.963  0.0000E+00  0.8000E+01
 -20.953  0.0000E+00  0.8000E+01
 -20.943  0.0000E+00  0.8000E+01
 -20.933  0.0000E+00  0.8000E+01
 -20.923  0.0000E+00  0.8000E+01
 -20.913  0.0000E+00  0.8000E+01
 -20.903  0.0000E+00  0.8000E+01
 -20.893  0.0000E+00  0.8000E+01
 -20.883  0.0000E+00  0.8000E+01
 -20.873  0.0000E+00  0.8000E+01
 -20.863  0.0000E+00  0.8000E+01
 -20.853  0.0000E+00  0.8000E+01
 -20.843  0.0000E+00  0.8000E+01
 -20.833  0.0000E+00  0.8000E+01
 -20.823  0.0000E+00  0.8000E+01
 -20.813  0.0000E+00  0.8000E+01
 -20.803  0.0000E+00  0.8000E+01
 -20.793  0.0000E+00  0.8000E+01
 -20.783  0.0000E+00  0.8000E+01
 -20.773  0.0000E+00  0.8000E+01
 -20.763  0.0000E+00  0.8000E+01
 -20.753  0.0000E+00  0.8000E+01
 -20.743  0.0000E+00  0.8000E+01
 -20.733  0.0000E+00  0.8000E+01
 -20.723  0.0000E+00  0.8000E+01
 -20.713  0.0000E+00  0.8000E+01
 -20.703  0.0000E+00  0.8000E+01
 -20.693  0.0000E+00  0.8000E+01
 -20.683  0.0000E+00  0.8000E+01
 -20.673  0.0000E+00  0.8000E+01
 -20.663  0.0000E+00  0.8000E+01
 -20.653  0.0000E+00  0.8000E+01
 -20.643  0.0000E+00  0.8000E+01
 -20.633  0.0000E+00  0.8000E+01
 -20.623  0.0000E+00  0.8000E+01
 -20.613  0.0000E+00  0.8000E+01
 -20.603  0.0000E+00  0.8000E+01
 -20.593  0.0000E+00  0.8000E+01
 -20.583  0.0000E+00  0.8000E+01
 -20.573  0.0000E+00  0.8000E+01
 -20.563  0.0000E+00  0.8000E+01
 -20.553  0.0000E+00  0.8000E+01
 -20.543  0.0000E+00  0.8000E+01
 -20.533  0.0000E+00  0.8000E+01
 -20.523  0.0000E+00  0.8000E+01
 -20.513  0.0000E+00  0.8000E+01
 -20.503  0.0000E+00  0.8000E+01
 -20.493  0.0000E+00  0.8000E+01
 -20.483  0.0000E+00  0.8000E+01
 -20.473  0.0000E+00  0.8000E+01
 -20.463  0.0000E+00  0.8000E+01
 -20.453  0.0000E+00  0.8000E+01
 -20.443  0.0000E+00  0.8000E+01
 -20.433  0.0000E+00  0.8000E+01
 -20.423  0.0000E+00  0.8000E+01
 -20.413  0.0000E+00  0.8000E+01
 -20.403  0.0000E+00  0.8000E+01
 -20.393  0.0000E+00  0.8000E+01
 -20.383  0.0000E+00  0.8000E+01
 -20.373  0.0000E+00  0.8000E+01
 -20.363  0.0000E+00  0.8000E+01
 -20.353  0.0000E+00  0.8000E+01
 -20.343  0.0000E+00  0.8000E+01
 -20.333  0.0000E+00  0.8000E+01
 -20.323  0.0000E+00  0.8000E+01
 -20.313  0.0000E+00  0.8000E+01
 -20.303  0.0000E+00  0.8000E+01
 -20.293  0.0000E+00  0.8000E+01
 -20.283  0.0000E+00  0.8000E+01
 -20.273  0.0000E+00  0.8000E+01
 -20.263  0.0000E+00  0.8000E+01
 -20.253  0.0000E+00  0.8000E+01
 -20.243  0.0000E+00  0.8000E+01
 -20.233  0.0000E+00  0.8000E+01
 -20.223  0.0000E+00  0.8000E+01
 -20.213  0.0000E+00  0.8000E+01
 -20.203  0.0000E+00  0.8000E+01
 -20.193  0.0000E+00  0.8000E+01
 -20.183  0.0000E+00  0.8000E+01
 -20.173  0.0000E+00  0.8000E+01
 -20.163  0.0000E+00  0.8000E+01
 -20.153  0.0000E+00  0.8000E+01
 -20.143  0.0000E+00  0.8000E+01
 -20.133  0.0000E+00  0.8000E+01
 -20.123  0.0000E+00  0.8000E+01
 -20.113  0.0000E+00  0.8000E+01
 -20.103  0.0000E+00  0.8000E+01
 -20.093  0.0000E+00  0.8000E+01
 -20.083  0.0000E+00  0.8000E+01
 -20.073  0.0000E+00  0.8000E+01
 -20.063  0.0000E+00  0.8000E+01
 -20.053  0.0000E+00  0.8000E+01
 -20.043  0.0000E+00  0.8000E+01
 -20.033  0.0000E+00  0.8000E+01
 -20.023  0.0000E+00  0.8000E+01
 -20.013  0.0000E+00  0.8000E+01
 -20.003  0.0000E+00  0.8000E+01
 -19.993  0.0000E+00  0.8000E+01
 -19.983  0.0000E+00  0.8000E+01
 -19.973  0.0000E+00  0.8000E+01
 -19.963  0.0000E+00  0.8000E+01
 -19.953  0.0000E+00  0.8000E+01
 -19.943  0.0000E+00  0.8000E+01
 -19.933  0.0000E+00  0.8000E+01
 -19.923  0.0000E+00  0.8000E+01
 -19.913  0.0000E+00  0.8000E+01
 -19.903  0.0000E+00  0.8000E+01
 -19.893  0.0000E+00  0.8000E+01
 -19.883  0.0000E+00  0.8000E+01
 -19.873  0.0000E+00  0.8000E+01
 -19.863  0.0000E+00  0.8000E+01
 -19.853  0.0000E+00  0.8000E+01
 -19.843  0.0000E+00  0.8000E+01
 -19.833  0.0000E+00  0.8000E+01
 -19.823  0.0000E+00  0.8000E+01
 -19.813  0.0000E+00  0.8000E+01
 -19.803  0.0000E+00  0.8000E+01
 -19.793  0.0000E+00  0.8000E+01
 -19.783  0.0000E+00  0.8000E+01
 -19.773  0.0000E+00  0.8000E+01
 -19.763  0.0000E+00  0.8000E+01
 -19.753  0.0000E+00  0.8000E+01
 -19.743  0.0000E+00  0.8000E+01
 -19.733  0.0000E+00  0.8000E+01
 -19.723  0.0000E+00  0.8000E+01
 -19.713  0.0000E+00  0.8000E+01
 -19.703  0.0000E+00  0.8000E+01
 -19.693  0.0000E+00  0.8000E+01
 -19.683  0.0000E+00  0.8000E+01
 -19.673  0.0000E+00  0.8000E+01
 -19.663  0.0000E+00  0.8000E+01
 -19.653  0.0000E+00  0.8000E+01
 -19.643  0.0000E+00  0.8000E+01
 -19.633  0.0000E+00  0.8000E+01
 -19.623  0.0000E+00  0.8000E+01
 -19.613  0.0000E+00  0.8000E+01
 -19.603  0.0000E+00  0.8000E+01
 -19.593  0.0000E+00  0.8000E+01
 -19.583  0.0000E+00  0.8000E+01
 -19.573  0.0000E+00  0.8000E+01
 -19.563  0.0000E+00  0.8000E+01
 -19.553  0.0000E+00  0.8000E+01
 -19.543  0.0000E+00  0.8000E+01
 -19.533  0.0000E+00  0.8000E+01
 -19.523  0.0000E+00  0.8000E+01
 -19.513  0.0000E+00  0.8000E+01
 -19.503  0.0000E+00  0.8000E+01
 -19.493  0.0000E+00  0.8000E+01
 -19.483  0.0000E+00  0.8000E+01
 -19.473  0.0000E+00  0.8000E+01
 -19.463  0.0000E+00  0.8000E+01
 -19.453  0.0000E+00  0.8000E+01
 -19.443  0.0000E+00  0.8000E+01
 -19.433  0.0000E+00  0.8000E+01
 -19.423  0.0000E+00  0.8000E+01
 -19.413  0.0000E+00  0.8000E+01
 -19.403  0.0000E+00  0.8000E+01
 -19.393  0.0000E+00  0.8000E+01
 -19.383  0.0000E+00  0.8000E+01
 -19.373  0.0000E+00  0.8000E+01
 -19.363  0.0000E+00  0.8000E+01
 -19.353  0.0000E+00  0.8000E+01
 -19.343  0.0000E+00  0.8000E+01
 -19.333  0.0000E+00  0.8000E+01
 -19.323  0.0000E+00  0.8000E+01
 -19.313  0.0000E+00  0.8000E+01
 -19.303  0.0000E+00  0.8000E+01
 -19.293  0.0000E+00  0.8000E+01
 -19.283  0.0000E+00  0.8000E+01
 -19.273  0.0000E+00  0.8000E+01
 -19.263  0.0000E+00  0.8000E+01
 -19.253  0.0000E+00  0.8000E+01
 -19.243  0.0000E+00  0.8000E+01
 -19.233  0.0000E+00  0.8000E+01
 -19.223  0.0000E+00  0.8000E+01
 -19.213  0.0000E+00  0.8000E+01
 -19.203  0.0000E+00  0.8000E+01
 -19.193  0.0000E+00  0.8000E+01
 -19.183  0.0000E+00  0.8000E+01
 -19.173  0.0000E+00  0.8000E+01
 -19.163  0.0000E+00  0.8000E+01
 -19.153  0.0000E+00  0.8000E+01
 -19.143  0.0000E+00  0.8000E+01
 -19.133  0.0000E+00  0.8000E+01
 -19.123  0.0000E+00  0.8000E+01
 -19.113  0.0000E+00  0.8000E+01
 -19.103  0.0000E+00  0.8000E+01
 -19.093  0.0000E+00  0.8000E+01
 -19.083  0.0000E+00  0.8000E+01
 -19.073  0.0000E+00  0.8000E+01
 -19.063  0.0000E+00  0.8000E+01
 -19.053  0.0000E+00  0.8000E+01
 -19.043  0.0000E+00  0.8000E+01
 -19.033  0.0000E+00  0.8000E+01
 -19.023  0.0000E+00  0.8000E+01
 -19.013  0.0000E+00  0.8000E+01
 -19.003  0.0000E+00  0.8000E+01
 -18.993  0.0000E+00  0.8000E+01
 -18.983  0.0000E+00  0.8000E+01
 -18.973  0.0000E+00  0.8000E+01
 -18.963  0.0000E+00  0.8000E+01
 -18.953  0.0000E+00  0.8000E+01
 -18.943  0.0000E+00  0.8000E+01
 -18.933  0.0000E+00  0.8000E+01
 -18.923  0.0000E+00  0.8000E+01
 -18.913  0.0000E+00  0.8000E+01
 -18.903  0.0000E+00  0.8000E+01
 -18.893  0.0000E+00  0.8000E+01
 -18.883  0.0000E+00  0.8000E+01
 -18.873  0.0000E+00  0.8000E+01
 -18.863  0.0000E+00  0.8000E+01
 -18.853  0.0000E+00  0.8000E+01
 -18.843  0.0000E+00  0.8000E+01
 -18.833  0.0000E+00  0.8000E+01
 -18.823  0.0000E+00  0.8000E+01
 -18.813  0.0000E+00  0.8000E+01
 -18.803  0.0000E+00  0.8000E+01
 -18.793  0.0000E+00  0.8000E+01
 -18.783  0.0000E+00  0.8000E+01
 -18.773  0.0000E+00  0.8000E+01
 -18.763  0.0000E+00  0.8000E+01
 -18.753  0.0000E+00  0.8000E+01
 -18.743  0.0000E+00  0.8000E+01
 -18.733  0.0000E+00  0.8000E+01
 -18.723  0.0000E+00  0.8000E+01
 -18.713  0.0000E+00  0.8000E+01
 -18.703  0.0000E+00  0.8000E+01
 -18.693  0.0000E+00  0.8000E+01
 -18.683  0.0000E+00  0.8000E+01
 -18.673  0.0000E+00  0.8000E+01
 -18.663  0.0000E+00  0.8000E+01
 -18.653  0.0000E+00  0.8000E+01
 -18.643  0.0000E+00  0.8000E+01
 -18.633  0.0000E+00  0.8000E+01
 -18.623  0.0000E+00  0.8000E+01
 -18.613  0.0000E+00  0.8000E+01
 -18.603  0.0000E+00  0.8000E+01
 -18.593  0.0000E+00  0.8000E+01
 -18.583  0.0000E+00  0.8000E+01
 -18.573  0.0000E+00  0.8000E+01
 -18.563  0.0000E+00  0.8000E+01
 -18.553  0.0000E+00  0.8000E+01
 -18.543  0.0000E+00  0.8000E+01
 -18.533  0.0000E+00  0.8000E+01
 -18.523  0.0000E+00  0.8000E+01
 -18.513  0.0000E+00  0.8000E+01
 -18.503  0.0000E+00  0.8000E+01
 -18.493  0.0000E+00  0.8000E+01
 -18.483  0.0000E+00  0.8000E+01
 -18.473  0.0000E+00  0.8000E+01
 -18.463  0.0000E+00  0.8000E+01
 -18.453  0.0000E+00  0.8000E+01
 -18.443  0.0000E+00  0.8000E+01
 -18.433  0.0000E+00  0.8000E+01
 -18.423  0.0000E+00  0.8000E+01
 -18.413  0.0000E+00  0.8000E+01
 -18.403  0.0000E+00  0.8000E+01
 -18.393  0.0000E+00  0.8000E+01
 -18.383  0.0000E+00  0.8000E+01
 -18.373  0.0000E+00  0.8000E+01
 -18.363  0.0000E+00  0.8000E+01
 -18.353  0.0000E+00  0.8000E+01
 -18.343  0.0000E+00  0.8000E+01
 -18.333  0.0000E+00  0.8000E+01
 -18.323  0.0000E+00  0.8000E+01
 -18.313  0.0000E+00  0.8000E+01
 -18.303  0.0000E+00  0.8000E+01
 -18.293  0.0000E+00  0.8000E+01
 -18.283  0.0000E+00  0.8000E+01
 -18.273  0.0000E+00  0.8000E+01
 -18.263  0.0000E+00  0.8000E+01
 -18.253  0.0000E+00  0.8000E+01
 -18.243  0.0000E+00  0.8000E+01
 -18.233  0.0000E+00  0.8000E+01
 -18.223  0.0000E+00  0.8000E+01
 -18.213  0.0000E+00  0.8000E+01
 -18.203  0.0000E+00  0.8000E+01
 -18.193  0.0000E+00  0.8000E+01
 -18.183  0.0000E+00  0.8000E+01
 -18.173  0.0000E+00  0.8000E+01
 -18.163  0.0000E+00  0.8000E+01
 -18.153  0.0000E+00  0.8000E+01
 -18.143  0.0000E+00  0.8000E+01
 -18.133  0.0000E+00  0.8000E+01
 -18.123  0.0000E+00  0.8000E+01
 -18.113  0.0000E+00  0.8000E+01
 -18.103  0.0000E+00  0.8000E+01
 -18.093  0.0000E+00  0.8000E+01
 -18.083  0.0000E+00  0.8000E+01
 -18.073  0.0000E+00  0.8000E+01
 -18.063  0.0000E+00  0.8000E+01
 -18.053  0.0000E+00  0.8000E+01
 -18.043  0.0000E+00  0.8000E+01
 -18.033  0.0000E+00  0.8000E+01
 -18.023  0.0000E+00  0.8000E+01
 -18.013  0.0000E+00  0.8000E+01
 -18.003  0.0000E+00  0.8000E+01
 -17.993  0.0000E+00  0.8000E+01
 -17.983  0.0000E+00  0.8000E+01
 -17.973  0.0000E+00  0.8000E+01
 -17.963  0.0000E+00  0.8000E+01
 -17.953  0.0000E+00  0.8000E+01
 -17.943  0.0000E+00  0.8000E+01
 -17.933  0.0000E+00  0.8000E+01
 -17.923  0.0000E+00  0.8000E+01
 -17.913  0.0000E+00  0.8000E+01
 -17.903  0.0000E+00  0.8000E+01
 -17.893  0.0000E+00  0.8000E+01
 -17.883  0.0000E+00  0.8000E+01
 -17.873  0.0000E+00  0.8000E+01
 -17.863  0.0000E+00  0.8000E+01
 -17.853  0.0000E+00  0.8000E+01
 -17.843  0.0000E+00  0.8000E+01
 -17.833  0.0000E+00  0.8000E+01
 -17.823  0.0000E+00  0.8000E+01
 -17.813  0.0000E+00  0.8000E+01
 -17.803  0.0000E+00  0.8000E+01
 -17.793  0.0000E+00  0.8000E+01
 -17.783  0.0000E+00  0.8000E+01
 -17.773  0.0000E+00  0.8000E+01
 -17.763  0.0000E+00  0.8000E+01
 -17.753  0.0000E+00  0.8000E+01
 -17.743  0.0000E+00  0.8000E+01
 -17.733  0.0000E+00  0.8000E+01
 -17.723  0.0000E+00  0.8000E+01
 -17.713  0.0000E+00  0.8000E+01
 -17.703  0.0000E+00  0.8000E+01
 -17.693  0.0000E+00  0.8000E+01
 -17.683  0.0000E+00  0.8000E+01
 -17.673  0.0000E+00  0.8000E+01
 -17.663  0.0000E+00  0.8000E+01
 -17.653  0.0000E+00  0.8000E+01
 -17.643  0.0000E+00  0.8000E+01
 -17.633  0.0000E+00  0.8000E+01
 -17.623  0.0000E+00  0.8000E+01
 -17.613  0.0000E+00  0.8000E+01
 -17.603  0.0000E+00  0.8000E+01
 -17.593  0.0000E+00  0.8000E+01
 -17.583  0.0000E+00  0.8000E+01
 -17.573  0.0000E+00  0.8000E+01
 -17.563  0.0000E+00  0.8000E+01
 -17.553  0.0000E+00  0.8000E+01
 -17.543  0.0000E+00  0.8000E+01
 -17.533  0.0000E+00  0.8000E+01
 -17.523  0.0000E+00  0.8000E+01
 -17.513  0.0000E+00  0.8000E+01
 -17.503  0.0000E+00  0.8000E+01
 -17.493  0.0000E+00  0.8000E+01
 -17.483  0.0000E+00  0.8000E+01
 -17.473  0.0000E+00  0.8000E+01
 -17.463  0.0000E+00  0.8000E+01
 -17.453  0.0000E+00  0.8000E+01
 -17.443  0.0000E+00  0.8000E+01
 -17.433  0.0000E+00  0.8000E+01
 -17.423  0.0000E+00  0.8000E+01
 -17.413  0.0000E+00  0.8000E+01
 -17.403  0.0000E+00  0.8000E+01
 -17.393  0.0000E+00  0.8000E+01
 -17.383  0.0000E+00  0.8000E+01
 -17.373  0.0000E+00  0.8000E+01
 -17.363  0.0000E+00  0.8000E+01
 -17.353  0.0000E+00  0.8000E+01
 -17.343  0.0000E+00  0.8000E+01
 -17.333  0.0000E+00  0.8000E+01
 -17.323  0.0000E+00  0.8000E+01
 -17.313  0.0000E+00  0.8000E+01
 -17.303  0.0000E+00  0.8000E+01
 -17.293  0.0000E+00  0.8000E+01
 -17.283  0.0000E+00  0.8000E+01
 -17.273  0.0000E+00  0.8000E+01
 -17.263  0.0000E+00  0.8000E+01
 -17.253  0.0000E+00  0.8000E+01
 -17.243  0.0000E+00  0.8000E+01
 -17.233  0.0000E+00  0.8000E+01
 -17.223  0.0000E+00  0.8000E+01
 -17.213  0.0000E+00  0.8000E+01
 -17.203  0.0000E+00  0.8000E+01
 -17.193  0.0000E+00  0.8000E+01
 -17.183  0.0000E+00  0.8000E+01
 -17.173  0.0000E+00  0.8000E+01
 -17.163  0.0000E+00  0.8000E+01
 -17.153  0.0000E+00  0.8000E+01
 -17.143  0.0000E+00  0.8000E+01
 -17.133  0.0000E+00  0.8000E+01
 -17.123  0.1044E+01  0.8006E+01
 -17.113  0.1080E+01  0.8016E+01
 -17.103  0.1060E+01  0.8027E+01
 -17.093  0.1118E+01  0.8038E+01
 -17.083  0.1106E+01  0.8049E+01
 -17.073  0.1128E+01  0.8061E+01
 -17.063  0.1135E+01  0.8072E+01
 -17.053  0.1173E+01  0.8083E+01
 -17.043  0.1161E+01  0.8095E+01
 -17.033  0.1187E+01  0.8107E+01
 -17.023  0.1199E+01  0.8119E+01
 -17.013  0.1212E+01  0.8131E+01
 -17.003  0.1237E+01  0.8143E+01
 -16.993  0.1249E+01  0.8156E+01
 -16.983  0.1266E+01  0.8168E+01
 -16.973  0.1289E+01  0.8181E+01
 -16.963  0.1309E+01  0.8194E+01
 -16.953  0.1327E+01  0.8207E+01
 -16.943  0.1350E+01  0.8220E+01
 -16.933  0.1375E+01  0.8234E+01
 -16.923  0.1397E+01  0.8248E+01
 -16.913  0.1422E+01  0.8262E+01
 -16.903  0.1448E+01  0.8276E+01
 -16.893  0.1477E+01  0.8291E+01
 -16.883  0.1506E+01  0.8306E+01
 -16.873  0.1536E+01  0.8321E+01
 -16.863  0.1565E+01  0.8337E+01
 -16.853  0.1605E+01  0.8352E+01
 -16.843  0.1641E+01  0.8369E+01
 -16.833  0.1675E+01  0.8385E+01
 -16.823  0.1716E+01  0.8402E+01
 -16.813  0.1767E+01  0.8420E+01
 -16.803  0.1809E+01  0.8437E+01
 -16.793  0.1850E+01  0.8456E+01
 -16.783  0.1915E+01  0.8475E+01
 -16.773  0.1973E+01  0.8494E+01
 -16.763  0.2025E+01  0.8514E+01
 -16.753  0.2086E+01  0.8535E+01
 -16.743  0.2174E+01  0.8556E+01
 -16.733  0.2243E+01  0.8578E+01
 -16.723  0.2308E+01  0.8601E+01
 -16.713  0.2425E+01  0.8624E+01
 -16.703  0.2520E+01  0.8649E+01
 -16.693  0.2606E+01  0.8675E+01
 -16.683  0.2751E+01  0.8701E+01
 -16.673  0.2881E+01  0.8730E+01
 -16.663  0.2997E+01  0.8759E+01
 -16.653  0.3194E+01  0.8790E+01
 -16.643  0.3370E+01  0.8823E+01
 -16.633  0.3529E+01  0.8857E+01
 -16.623  0.3827E+01  0.8894E+01
 -16.613  0.4065E+01  0.8933E+01
 -16.603  0.4405E+01  0.8975E+01
 -16.593  0.4784E+01  0.9021E+01
 -16.583  0.5136E+01  0.9071E+01
 -16.573  0.8507E+01  0.9136E+01
 -16.563  0.9002E+01  0.9222E+01
 -16.553  0.1019E+02  0.9318E+01
 -16.543  0.1199E+02  0.9427E+01
 -16.533  0.1666E+02  0.9565E+01
 -16.523  0.1365E+02  0.9737E+01
 -16.513  0.1204E+02  0.9865E+01
 -16.503  0.1111E+02  0.9979E+01
 -16.493  0.1032E+02  0.1009E+02
 -16.483  0.9797E+01  0.1019E+02
 -16.473  0.2544E+01  0.1026E+02
 -16.463  0.2559E+01  0.1029E+02
 -16.453  0.2551E+01  0.1031E+02
 -16.443  0.2583E+01  0.1034E+02
 -16.433  0.2557E+01  0.1036E+02
 -16.423  0.2580E+01  0.1039E+02
 -16.413  0.2567E+01  0.1042E+02
 -16.403  0.2584E+01  0.1044E+02
 -16.393  0.2594E+01  0.1047E+02
 -16.383  0.2598E+01  0.1049E+02
 -16.373  0.2623E+01  0.1052E+02
 -16.363  0.2628E+01  0.1055E+02
 -16.353  0.2647E+01  0.1057E+02
 -16.343  0.2678E+01  0.1060E+02
 -16.333  0.2692E+01  0.1063E+02
 -16.323  0.2722E+01  0.1065E+02
 -16.313  0.2759E+01  0.1068E+02
 -16.303  0.2789E+01  0.1071E+02
 -16.293  0.2831E+01  0.1074E+02
 -16.283  0.2878E+01  0.1076E+02
 -16.273  0.2931E+01  0.1079E+02
 -16.263  0.2989E+01  0.1082E+02
 -16.253  0.3050E+01  0.1085E+02
 -16.243  0.3133E+01  0.1088E+02
 -16.233  0.3216E+01  0.1092E+02
 -16.223  0.3301E+01  0.1095E+02
 -16.213  0.3426E+01  0.1098E+02
 -16.203  0.3549E+01  0.1102E+02
 -16.193  0.3676E+01  0.1105E+02
 -16.183  0.3873E+01  0.1109E+02
 -16.173  0.4070E+01  0.1113E+02
 -16.163  0.4278E+01  0.1117E+02
 -16.153  0.4632E+01  0.1122E+02
 -16.143  0.5002E+01  0.1127E+02
 -16.133  0.5486E+01  0.1132E+02
 -16.123  0.6405E+01  0.1138E+02
 -16.113  0.7953E+01  0.1145E+02
 -16.103  0.8741E+01  0.1155E+02
 -16.093  0.6673E+01  0.1162E+02
 -16.083  0.5944E+01  0.1169E+02
 -16.073  0.5191E+01  0.1174E+02
 -16.063  0.4941E+01  0.1179E+02
 -16.053  0.4553E+01  0.1184E+02
 -16.043  0.4305E+01  0.1188E+02
 -16.033  0.4118E+01  0.1193E+02
 -16.023  0.3889E+01  0.1197E+02
 -16.013  0.0000E+00  0.1200E+02
 -16.003  0.0000E+00  0.1200E+02
 -15.993  0.0000E+00  0.1200E+02
 -15.983  0.0000E+00  0.1200E+02
 -15.973  0.0000E+00  0.1200E+02
 -15.963  0.0000E+00  0.1200E+02
 -15.953  0.0000E+00  0.1200E+02
 -15.943  0.0000E+00  0.1200E+02
 -15.933  0.0000E+00  0.1200E+02
 -15.923  0.0000E+00  0.1200E+02
 -15.913  0.0000E+00  0.1200E+02
 -15.903  0.0000E+00  0.1200E+02
 -15.893  0.0000E+00  0.1200E+02
 -15.883  0.0000E+00  0.1200E+02
 -15.873  0.0000E+00  0.1200E+02
 -15.863  0.0000E+00  0.1200E+02
 -15.853  0.0000E+00  0.1200E+02
 -15.843  0.0000E+00  0.1200E+02
 -15.833  0.0000E+00  0.1200E+02
 -15.823  0.0000E+00  0.1200E+02
 -15.813  0.0000E+00  0.1200E+02
 -15.803  0.0000E+00  0.1200E+02
 -15.793  0.0000E+00  0.1200E+02
 -15.783  0.0000E+00  0.1200E+02
 -15.773  0.0000E+00  0.1200E+02
 -15.763  0.0000E+00  0.1200E+02
 -15.753  0.0000E+00  0.1200E+02
 -15.743  0.0000E+00  0.1200E+02
 -15.733  0.0000E+00  0.1200E+02
 -15.723  0.0000E+00  0.1200E+02
 -15.713  0.0000E+00  0.1200E+02
 -15.703  0.0000E+00  0.1200E+02
 -15.693  0.0000E+00  0.1200E+02
 -15.683  0.0000E+00  0.1200E+02
 -15.673  0.0000E+00  0.1200E+02
 -15.663  0.0000E+00  0.1200E+02
 -15.653  0.0000E+00  0.1200E+02
 -15.643  0.0000E+00  0.1200E+02
 -15.633  0.0000E+00  0.1200E+02
 -15.623  0.0000E+00  0.1200E+02
 -15.613  0.0000E+00  0.1200E+02
 -15.603  0.0000E+00  0.1200E+02
 -15.593  0.0000E+00  0.1200E+02
 -15.583  0.0000E+00  0.1200E+02
 -15.573  0.0000E+00  0.1200E+02
 -15.563  0.0000E+00  0.1200E+02
 -15.553  0.0000E+00  0.1200E+02
 -15.543  0.0000E+00  0.1200E+02
 -15.533  0.0000E+00  0.1200E+02
 -15.523  0.0000E+00  0.1200E+02
 -15.513  0.0000E+00  0.1200E+02
 -15.503  0.0000E+00  0.1200E+02
 -15.493  0.0000E+00  0.1200E+02
 -15.483  0.0000E+00  0.1200E+02
 -15.473  0.0000E+00  0.1200E+02
 -15.463  0.0000E+00  0.1200E+02
 -15.453  0.0000E+00  0.1200E+02
 -15.443  0.0000E+00  0.1200E+02
 -15.433  0.0000E+00  0.1200E+02
 -15.423  0.0000E+00  0.1200E+02
 -15.413  0.0000E+00  0.1200E+02
 -15.403  0.0000E+00  0.1200E+02
 -15.393  0.0000E+00  0.1200E+02
 -15.383  0.0000E+00  0.1200E+02
 -15.373  0.0000E+00  0.1200E+02
 -15.363  0.0000E+00  0.1200E+02
 -15.353  0.0000E+00  0.1200E+02
 -15.343  0.0000E+00  0.1200E+02
 -15.333  0.0000E+00  0.1200E+02
 -15.323  0.0000E+00  0.1200E+02
 -15.313  0.0000E+00  0.1200E+02
 -15.303  0.0000E+00  0.1200E+02
 -15.293  0.0000E+00  0.1200E+02
 -15.283  0.0000E+00  0.1200E+02
 -15.273  0.0000E+00  0.1200E+02
 -15.263  0.0000E+00  0.1200E+02
 -15.253  0.0000E+00  0.1200E+02
 -15.243  0.0000E+00  0.1200E+02
 -15.233  0.0000E+00  0.1200E+02
 -15.223  0.0000E+00  0.1200E+02
 -15.213  0.0000E+00  0.1200E+02
 -15.203  0.0000E+00  0.1200E+02
 -15.193  0.0000E+00  0.1200E+02
 -15.183  0.0000E+00  0.1200E+02
 -15.173  0.0000E+00  0.1200E+02
 -15.163  0.0000E+00  0.1200E+02
 -15.153  0.0000E+00  0.1200E+02
 -15.143  0.0000E+00  0.1200E+02
 -15.133  0.0000E+00  0.1200E+02
 -15.123  0.0000E+00  0.1200E+02
 -15.113  0.0000E+00  0.1200E+02
 -15.103  0.0000E+00  0.1200E+02
 -15.093  0.0000E+00  0.1200E+02
 -15.083  0.0000E+00  0.1200E+02
 -15.073  0.0000E+00  0.1200E+02
 -15.063  0.0000E+00  0.1200E+02
 -15.053  0.0000E+00  0.1200E+02
 -15.043  0.0000E+00  0.1200E+02
 -15.033  0.0000E+00  0.1200E+02
 -15.023  0.0000E+00  0.1200E+02
 -15.013  0.0000E+00  0.1200E+02
 -15.003  0.0000E+00  0.1200E+02
 -14.993  0.0000E+00  0.1200E+02
 -14.983  0.0000E+00  0.1200E+02
 -14.973  0.0000E+00  0.1200E+02
 -14.963  0.0000E+00  0.1200E+02
 -14.953  0.0000E+00  0.1200E+02
 -14.943  0.0000E+00  0.1200E+02
 -14.933  0.0000E+00  0.1200E+02
 -14.923  0.0000E+00  0.1200E+02
 -14.913  0.0000E+00  0.1200E+02
 -14.903  0.0000E+00  0.1200E+02
 -14.893  0.0000E+00  0.1200E+02
 -14.883  0.0000E+00  0.1200E+02
 -14.873  0.0000E+00  0.1200E+02
 -14.863  0.0000E+00  0.1200E+02
 -14.853  0.0000E+00  0.1200E+02
 -14.843  0.0000E+00  0.1200E+02
 -14.833  0.0000E+00  0.1200E+02
 -14.823  0.0000E+00  0.1200E+02
 -14.813  0.0000E+00  0.1200E+02
 -14.803  0.0000E+00  0.1200E+02
 -14.793  0.0000E+00  0.1200E+02
 -14.783  0.0000E+00  0.1200E+02
 -14.773  0.0000E+00  0.1200E+02
 -14.763  0.0000E+00  0.1200E+02
 -14.753  0.0000E+00  0.1200E+02
 -14.743  0.0000E+00  0.1200E+02
 -14.733  0.0000E+00  0.1200E+02
 -14.723  0.0000E+00  0.1200E+02
 -14.713  0.0000E+00  0.1200E+02
 -14.703  0.0000E+00  0.1200E+02
 -14.693  0.0000E+00  0.1200E+02
 -14.683  0.0000E+00  0.1200E+02
 -14.673  0.0000E+00  0.1200E+02
 -14.663  0.0000E+00  0.1200E+02
 -14.653  0.0000E+00  0.1200E+02
 -14.643  0.0000E+00  0.1200E+02
 -14.633  0.0000E+00  0.1200E+02
 -14.623  0.0000E+00  0.1200E+02
 -14.613  0.0000E+00  0.1200E+02
 -14.603  0.0000E+00  0.1200E+02
 -14.593  0.0000E+00  0.1200E+02
 -14.583  0.0000E+00  0.1200E+02
 -14.573  0.0000E+00  0.1200E+02
 -14.563  0.0000E+00  0.1200E+02
 -14.553  0.0000E+00  0.1200E+02
 -14.543  0.0000E+00  0.1200E+02
 -14.533  0.0000E+00  0.1200E+02
 -14.523  0.0000E+00  0.1200E+02
 -14.513  0.0000E+00  0.1200E+02
 -14.503  0.0000E+00  0.1200E+02
 -14.493  0.0000E+00  0.1200E+02
 -14.483  0.0000E+00  0.1200E+02
 -14.473  0.0000E+00  0.1200E+02
 -14.463  0.0000E+00  0.1200E+02
 -14.453  0.0000E+00  0.1200E+02
 -14.443  0.0000E+00  0.1200E+02
 -14.433  0.0000E+00  0.1200E+02
 -14.423  0.0000E+00  0.1200E+02
 -14.413  0.0000E+00  0.1200E+02
 -14.403  0.0000E+00  0.1200E+02
 -14.393  0.0000E+00  0.1200E+02
 -14.383  0.0000E+00  0.1200E+02
 -14.373  0.0000E+00  0.1200E+02
 -14.363  0.0000E+00  0.1200E+02
 -14.353  0.0000E+00  0.1200E+02
 -14.343  0.0000E+00  0.1200E+02
 -14.333  0.0000E+00  0.1200E+02
 -14.323  0.0000E+00  0.1200E+02
 -14.313  0.0000E+00  0.1200E+02
 -14.303  0.0000E+00  0.1200E+02
 -14.293  0.0000E+00  0.1200E+02
 -14.283  0.0000E+00  0.1200E+02
 -14.273  0.0000E+00  0.1200E+02
 -14.263  0.0000E+00  0.1200E+02
 -14.253  0.0000E+00  0.1200E+02
 -14.243  0.0000E+00  0.1200E+02
 -14.233  0.0000E+00  0.1200E+02
 -14.223  0.0000E+00  0.1200E+02
 -14.213  0.0000E+00  0.1200E+02
 -14.203  0.0000E+00  0.1200E+02
 -14.193  0.0000E+00  0.1200E+02
 -14.183  0.0000E+00  0.1200E+02
 -14.173  0.0000E+00  0.1200E+02
 -14.163  0.0000E+00  0.1200E+02
 -14.153  0.0000E+00  0.1200E+02
 -14.143  0.0000E+00  0.1200E+02
 -14.133  0.0000E+00  0.1200E+02
 -14.123  0.0000E+00  0.1200E+02
 -14.113  0.0000E+00  0.1200E+02
 -14.103  0.0000E+00  0.1200E+02
 -14.093  0.0000E+00  0.1200E+02
 -14.083  0.0000E+00  0.1200E+02
 -14.073  0.0000E+00  0.1200E+02
 -14.063  0.0000E+00  0.1200E+02
 -14.053  0.0000E+00  0.1200E+02
 -14.043  0.0000E+00  0.1200E+02
 -14.033  0.0000E+00  0.1200E+02
 -14.023  0.0000E+00  0.1200E+02
 -14.013  0.0000E+00  0.1200E+02
 -14.003  0.0000E+00  0.1200E+02
 -13.993  0.0000E+00  0.1200E+02
 -13.983  0.0000E+00  0.1200E+02
 -13.973  0.0000E+00  0.1200E+02
 -13.963  0.0000E+00  0.1200E+02
 -13.953  0.0000E+00  0.1200E+02
 -13.943  0.0000E+00  0.1200E+02
 -13.933  0.0000E+00  0.1200E+02
 -13.923  0.0000E+00  0.1200E+02
 -13.913  0.0000E+00  0.1200E+02
 -13.903  0.0000E+00  0.1200E+02
 -13.893  0.0000E+00  0.1200E+02
 -13.883  0.0000E+00  0.1200E+02
 -13.873  0.0000E+00  0.1200E+02
 -13.863  0.0000E+00  0.1200E+02
 -13.853  0.0000E+00  0.1200E+02
 -13.843  0.0000E+00  0.1200E+02
 -13.833  0.0000E+00  0.1200E+02
 -13.823  0.0000E+00  0.1200E+02
 -13.813  0.0000E+00  0.1200E+02
 -13.803  0.0000E+00  0.1200E+02
 -13.793  0.0000E+00  0.1200E+02
 -13.783  0.0000E+00  0.1200E+02
 -13.773  0.0000E+00  0.1200E+02
 -13.763  0.0000E+00  0.1200E+02
 -13.753  0.0000E+00  0.1200E+02
 -13.743  0.0000E+00  0.1200E+02
 -13.733  0.0000E+00  0.1200E+02
 -13.723  0.0000E+00  0.1200E+02
 -13.713  0.0000E+00  0.1200E+02
 -13.703  0.0000E+00  0.1200E+02
 -13.693  0.0000E+00  0.1200E+02
 -13.683  0.0000E+00  0.1200E+02
 -13.673  0.0000E+00  0.1200E+02
 -13.663  0.0000E+00  0.1200E+02
 -13.653  0.0000E+00  0.1200E+02
 -13.643  0.0000E+00  0.1200E+02
 -13.633  0.0000E+00  0.1200E+02
 -13.623  0.0000E+00  0.1200E+02
 -13.613  0.0000E+00  0.1200E+02
 -13.603  0.0000E+00  0.1200E+02
 -13.593  0.0000E+00  0.1200E+02
 -13.583  0.0000E+00  0.1200E+02
 -13.573  0.0000E+00  0.1200E+02
 -13.563  0.0000E+00  0.1200E+02
 -13.553  0.0000E+00  0.1200E+02
 -13.543  0.0000E+00  0.1200E+02
 -13.533  0.0000E+00  0.1200E+02
 -13.523  0.0000E+00  0.1200E+02
 -13.513  0.0000E+00  0.1200E+02
 -13.503  0.0000E+00  0.1200E+02
 -13.493  0.0000E+00  0.1200E+02
 -13.483  0.0000E+00  0.1200E+02
 -13.473  0.0000E+00  0.1200E+02
 -13.463  0.0000E+00  0.1200E+02
 -13.453  0.0000E+00  0.1200E+02
 -13.443  0.0000E+00  0.1200E+02
 -13.433  0.0000E+00  0.1200E+02
 -13.423  0.0000E+00  0.1200E+02
 -13.413  0.0000E+00  0.1200E+02
 -13.403  0.0000E+00  0.1200E+02
 -13.393  0.0000E+00  0.1200E+02
 -13.383  0.0000E+00  0.1200E+02
 -13.373  0.0000E+00  0.1200E+02
 -13.363  0.0000E+00  0.1200E+02
 -13.353  0.0000E+00  0.1200E+02
 -13.343  0.0000E+00  0.1200E+02
 -13.333  0.0000E+00  0.1200E+02
 -13.323  0.0000E+00  0.1200E+02
 -13.313  0.0000E+00  0.1200E+02
 -13.303  0.0000E+00  0.1200E+02
 -13.293  0.0000E+00  0.1200E+02
 -13.283  0.0000E+00  0.1200E+02
 -13.273  0.0000E+00  0.1200E+02
 -13.263  0.0000E+00  0.1200E+02
 -13.253  0.0000E+00  0.1200E+02
 -13.243  0.0000E+00  0.1200E+02
 -13.233  0.0000E+00  0.1200E+02
 -13.223  0.0000E+00  0.1200E+02
 -13.213  0.0000E+00  0.1200E+02
 -13.203  0.0000E+00  0.1200E+02
 -13.193  0.0000E+00  0.1200E+02
 -13.183  0.0000E+00  0.1200E+02
 -13.173  0.0000E+00  0.1200E+02
 -13.163  0.0000E+00  0.1200E+02
 -13.153  0.0000E+00  0.1200E+02
 -13.143  0.0000E+00  0.1200E+02
 -13.133  0.0000E+00  0.1200E+02
 -13.123  0.0000E+00  0.1200E+02
 -13.113  0.0000E+00  0.1200E+02
 -13.103  0.0000E+00  0.1200E+02
 -13.093  0.0000E+00  0.1200E+02
 -13.083  0.0000E+00  0.1200E+02
 -13.073  0.0000E+00  0.1200E+02
 -13.063  0.0000E+00  0.1200E+02
 -13.053  0.0000E+00  0.1200E+02
 -13.043  0.0000E+00  0.1200E+02
 -13.033  0.0000E+00  0.1200E+02
 -13.023  0.0000E+00  0.1200E+02
 -13.013  0.0000E+00  0.1200E+02
 -13.003  0.0000E+00  0.1200E+02
 -12.993  0.0000E+00  0.1200E+02
 -12.983  0.0000E+00  0.1200E+02
 -12.973  0.0000E+00  0.1200E+02
 -12.963  0.0000E+00  0.1200E+02
 -12.953  0.0000E+00  0.1200E+02
 -12.943  0.0000E+00  0.1200E+02
 -12.933  0.0000E+00  0.1200E+02
 -12.923  0.0000E+00  0.1200E+02
 -12.913  0.0000E+00  0.1200E+02
 -12.903  0.0000E+00  0.1200E+02
 -12.893  0.0000E+00  0.1200E+02
 -12.883  0.0000E+00  0.1200E+02
 -12.873  0.0000E+00  0.1200E+02
 -12.863  0.0000E+00  0.1200E+02
 -12.853  0.0000E+00  0.1200E+02
 -12.843  0.0000E+00  0.1200E+02
 -12.833  0.0000E+00  0.1200E+02
 -12.823  0.0000E+00  0.1200E+02
 -12.813  0.0000E+00  0.1200E+02
 -12.803  0.0000E+00  0.1200E+02
 -12.793  0.0000E+00  0.1200E+02
 -12.783  0.0000E+00  0.1200E+02
 -12.773  0.0000E+00  0.1200E+02
 -12.763  0.0000E+00  0.1200E+02
 -12.753  0.0000E+00  0.1200E+02
 -12.743  0.0000E+00  0.1200E+02
 -12.733  0.0000E+00  0.1200E+02
 -12.723  0.0000E+00  0.1200E+02
 -12.713  0.0000E+00  0.1200E+02
 -12.703  0.0000E+00  0.1200E+02
 -12.693  0.0000E+00  0.1200E+02
 -12.683  0.0000E+00  0.1200E+02
 -12.673  0.0000E+00  0.1200E+02
 -12.663  0.0000E+00  0.1200E+02
 -12.653  0.0000E+00  0.1200E+02
 -12.643  0.0000E+00  0.1200E+02
 -12.633  0.0000E+00  0.1200E+02
 -12.623  0.0000E+00  0.1200E+02
 -12.613  0.0000E+00  0.1200E+02
 -12.603  0.0000E+00  0.1200E+02
 -12.593  0.0000E+00  0.1200E+02
 -12.583  0.0000E+00  0.1200E+02
 -12.573  0.0000E+00  0.1200E+02
 -12.563  0.0000E+00  0.1200E+02
 -12.553  0.0000E+00  0.1200E+02
 -12.543  0.0000E+00  0.1200E+02
 -12.533  0.0000E+00  0.1200E+02
 -12.523  0.0000E+00  0.1200E+02
 -12.513  0.0000E+00  0.1200E+02
 -12.503  0.0000E+00  0.1200E+02
 -12.493  0.0000E+00  0.1200E+02
 -12.483  0.0000E+00  0.1200E+02
 -12.473  0.0000E+00  0.1200E+02
 -12.463  0.0000E+00  0.1200E+02
 -12.453  0.0000E+00  0.1200E+02
 -12.443  0.0000E+00  0.1200E+02
 -12.433  0.0000E+00  0.1200E+02
 -12.423  0.0000E+00  0.1200E+02
 -12.413  0.0000E+00  0.1200E+02
 -12.403  0.0000E+00  0.1200E+02
 -12.393  0.0000E+00  0.1200E+02
 -12.383  0.0000E+00  0.1200E+02
 -12.373  0.0000E+00  0.1200E+02
 -12.363  0.0000E+00  0.1200E+02
 -12.353  0.0000E+00  0.1200E+02
 -12.343  0.0000E+00  0.1200E+02
 -12.333  0.0000E+00  0.1200E+02
 -12.323  0.0000E+00  0.1200E+02
 -12.313  0.0000E+00  0.1200E+02
 -12.303  0.0000E+00  0.1200E+02
 -12.293  0.0000E+00  0.1200E+02
 -12.283  0.0000E+00  0.1200E+02
 -12.273  0.0000E+00  0.1200E+02
 -12.263  0.0000E+00  0.1200E+02
 -12.253  0.0000E+00  0.1200E+02
 -12.243  0.0000E+00  0.1200E+02
 -12.233  0.0000E+00  0.1200E+02
 -12.223  0.0000E+00  0.1200E+02
 -12.213  0.0000E+00  0.1200E+02
 -12.203  0.0000E+00  0.1200E+02
 -12.193  0.0000E+00  0.1200E+02
 -12.183  0.0000E+00  0.1200E+02
 -12.173  0.0000E+00  0.1200E+02
 -12.163  0.0000E+00  0.1200E+02
 -12.153  0.0000E+00  0.1200E+02
 -12.143  0.0000E+00  0.1200E+02
 -12.133  0.0000E+00  0.1200E+02
 -12.123  0.0000E+00  0.1200E+02
 -12.113  0.0000E+00  0.1200E+02
 -12.103  0.0000E+00  0.1200E+02
 -12.093  0.0000E+00  0.1200E+02
 -12.083  0.0000E+00  0.1200E+02
 -12.073  0.0000E+00  0.1200E+02
 -12.063  0.0000E+00  0.1200E+02
 -12.053  0.0000E+00  0.1200E+02
 -12.043  0.0000E+00  0.1200E+02
 -12.033  0.0000E+00  0.1200E+02
 -12.023  0.0000E+00  0.1200E+02
 -12.013  0.0000E+00  0.1200E+02
 -12.003  0.0000E+00  0.1200E+02
 -11.993  0.0000E+00  0.1200E+02
 -11.983  0.0000E+00  0.1200E+02
 -11.973  0.0000E+00  0.1200E+02
 -11.963  0.0000E+00  0.1200E+02
 -11.953  0.0000E+00  0.1200E+02
 -11.943  0.0000E+00  0.1200E+02
 -11.933  0.0000E+00  0.1200E+02
 -11.923  0.0000E+00  0.1200E+02
 -11.913  0.0000E+00  0.1200E+02
 -11.903  0.0000E+00  0.1200E+02
 -11.893  0.0000E+00  0.1200E+02
 -11.883  0.0000E+00  0.1200E+02
 -11.873  0.0000E+00  0.1200E+02
 -11.863  0.0000E+00  0.1200E+02
 -11.853  0.0000E+00  0.1200E+02
 -11.843  0.0000E+00  0.1200E+02
 -11.833  0.0000E+00  0.1200E+02
 -11.823  0.0000E+00  0.1200E+02
 -11.813  0.0000E+00  0.1200E+02
 -11.803  0.0000E+00  0.1200E+02
 -11.793  0.0000E+00  0.1200E+02
 -11.783  0.0000E+00  0.1200E+02
 -11.773  0.0000E+00  0.1200E+02
 -11.763  0.0000E+00  0.1200E+02
 -11.753  0.0000E+00  0.1200E+02
 -11.743  0.0000E+00  0.1200E+02
 -11.733  0.0000E+00  0.1200E+02
 -11.723  0.0000E+00  0.1200E+02
 -11.713  0.0000E+00  0.1200E+02
 -11.703  0.0000E+00  0.1200E+02
 -11.693  0.0000E+00  0.1200E+02
 -11.683  0.0000E+00  0.1200E+02
 -11.673  0.0000E+00  0.1200E+02
 -11.663  0.0000E+00  0.1200E+02
 -11.653  0.0000E+00  0.1200E+02
 -11.643  0.0000E+00  0.1200E+02
 -11.633  0.0000E+00  0.1200E+02
 -11.623  0.0000E+00  0.1200E+02
 -11.613  0.0000E+00  0.1200E+02
 -11.603  0.0000E+00  0.1200E+02
 -11.593  0.0000E+00  0.1200E+02
 -11.583  0.0000E+00  0.1200E+02
 -11.573  0.0000E+00  0.1200E+02
 -11.563  0.0000E+00  0.1200E+02
 -11.553  0.0000E+00  0.1200E+02
 -11.543  0.0000E+00  0.1200E+02
 -11.533  0.0000E+00  0.1200E+02
 -11.523  0.0000E+00  0.1200E+02
 -11.513  0.0000E+00  0.1200E+02
 -11.503  0.0000E+00  0.1200E+02
 -11.493  0.0000E+00  0.1200E+02
 -11.483  0.0000E+00  0.1200E+02
 -11.473  0.0000E+00  0.1200E+02
 -11.463  0.0000E+00  0.1200E+02
 -11.453  0.0000E+00  0.1200E+02
 -11.443  0.0000E+00  0.1200E+02
 -11.433  0.0000E+00  0.1200E+02
 -11.423  0.0000E+00  0.1200E+02
 -11.413  0.0000E+00  0.1200E+02
 -11.403  0.0000E+00  0.1200E+02
 -11.393  0.0000E+00  0.1200E+02
 -11.383  0.0000E+00  0.1200E+02
 -11.373  0.0000E+00  0.1200E+02
 -11.363  0.0000E+00  0.1200E+02
 -11.353  0.0000E+00  0.1200E+02
 -11.343  0.0000E+00  0.1200E+02
 -11.333  0.0000E+00  0.1200E+02
 -11.323  0.0000E+00  0.1200E+02
 -11.313  0.0000E+00  0.1200E+02
 -11.303  0.0000E+00  0.1200E+02
 -11.293  0.0000E+00  0.1200E+02
 -11.283  0.0000E+00  0.1200E+02
 -11.273  0.0000E+00  0.1200E+02
 -11.263  0.0000E+00  0.1200E+02
 -11.253  0.0000E+00  0.1200E+02
 -11.243  0.0000E+00  0.1200E+02
 -11.233  0.0000E+00  0.1200E+02
 -11.223  0.0000E+00  0.1200E+02
 -11.213  0.0000E+00  0.1200E+02
 -11.203  0.0000E+00  0.1200E+02
 -11.193  0.0000E+00  0.1200E+02
 -11.183  0.0000E+00  0.1200E+02
 -11.173  0.0000E+00  0.1200E+02
 -11.163  0.0000E+00  0.1200E+02
 -11.153  0.0000E+00  0.1200E+02
 -11.143  0.0000E+00  0.1200E+02
 -11.133  0.0000E+00  0.1200E+02
 -11.123  0.0000E+00  0.1200E+02
 -11.113  0.0000E+00  0.1200E+02
 -11.103  0.0000E+00  0.1200E+02
 -11.093  0.0000E+00  0.1200E+02
 -11.083  0.0000E+00  0.1200E+02
 -11.073  0.0000E+00  0.1200E+02
 -11.063  0.0000E+00  0.1200E+02
 -11.053  0.0000E+00  0.1200E+02
 -11.043  0.0000E+00  0.1200E+02
 -11.033  0.0000E+00  0.1200E+02
 -11.023  0.0000E+00  0.1200E+02
 -11.013  0.0000E+00  0.1200E+02
 -11.003  0.0000E+00  0.1200E+02
 -10.993  0.0000E+00  0.1200E+02
 -10.983  0.0000E+00  0.1200E+02
 -10.973  0.0000E+00  0.1200E+02
 -10.963  0.0000E+00  0.1200E+02
 -10.953  0.0000E+00  0.1200E+02
 -10.943  0.0000E+00  0.1200E+02
 -10.933  0.0000E+00  0.1200E+02
 -10.923  0.0000E+00  0.1200E+02
 -10.913  0.0000E+00  0.1200E+02
 -10.903  0.0000E+00  0.1200E+02
 -10.893  0.0000E+00  0.1200E+02
 -10.883  0.0000E+00  0.1200E+02
 -10.873  0.0000E+00  0.1200E+02
 -10.863  0.0000E+00  0.1200E+02
 -10.853  0.0000E+00  0.1200E+02
 -10.843  0.0000E+00  0.1200E+02
 -10.833  0.0000E+00  0.1200E+02
 -10.823  0.0000E+00  0.1200E+02
 -10.813  0.0000E+00  0.1200E+02
 -10.803  0.0000E+00  0.1200E+02
 -10.793  0.0000E+00  0.1200E+02
 -10.783  0.0000E+00  0.1200E+02
 -10.773  0.0000E+00  0.1200E+02
 -10.763  0.0000E+00  0.1200E+02
 -10.753  0.0000E+00  0.1200E+02
 -10.743  0.0000E+00  0.1200E+02
 -10.733  0.0000E+00  0.1200E+02
 -10.723  0.0000E+00  0.1200E+02
 -10.713  0.0000E+00  0.1200E+02
 -10.703  0.0000E+00  0.1200E+02
 -10.693  0.0000E+00  0.1200E+02
 -10.683  0.0000E+00  0.1200E+02
 -10.673  0.0000E+00  0.1200E+02
 -10.663  0.0000E+00  0.1200E+02
 -10.653  0.0000E+00  0.1200E+02
 -10.643  0.0000E+00  0.1200E+02
 -10.633  0.0000E+00  0.1200E+02
 -10.623  0.0000E+00  0.1200E+02
 -10.613  0.0000E+00  0.1200E+02
 -10.603  0.0000E+00  0.1200E+02
 -10.593  0.0000E+00  0.1200E+02
 -10.583  0.0000E+00  0.1200E+02
 -10.573  0.0000E+00  0.1200E+02
 -10.563  0.0000E+00  0.1200E+02
 -10.553  0.0000E+00  0.1200E+02
 -10.543  0.0000E+00  0.1200E+02
 -10.533  0.0000E+00  0.1200E+02
 -10.523  0.0000E+00  0.1200E+02
 -10.513  0.0000E+00  0.1200E+02
 -10.503  0.0000E+00  0.1200E+02
 -10.493  0.0000E+00  0.1200E+02
 -10.483  0.0000E+00  0.1200E+02
 -10.473  0.0000E+00  0.1200E+02
 -10.463  0.0000E+00  0.1200E+02
 -10.453  0.0000E+00  0.1200E+02
 -10.443  0.0000E+00  0.1200E+02
 -10.433  0.0000E+00  0.1200E+02
 -10.423  0.0000E+00  0.1200E+02
 -10.413  0.0000E+00  0.1200E+02
 -10.403  0.0000E+00  0.1200E+02
 -10.393  0.0000E+00  0.1200E+02
 -10.383  0.0000E+00  0.1200E+02
 -10.373  0.0000E+00  0.1200E+02
 -10.363  0.0000E+00  0.1200E+02
 -10.353  0.0000E+00  0.1200E+02
 -10.343  0.0000E+00  0.1200E+02
 -10.333  0.0000E+00  0.1200E+02
 -10.323  0.0000E+00  0.1200E+02
 -10.313  0.0000E+00  0.1200E+02
 -10.303  0.0000E+00  0.1200E+02
 -10.293  0.0000E+00  0.1200E+02
 -10.283  0.0000E+00  0.1200E+02
 -10.273  0.0000E+00  0.1200E+02
 -10.263  0.0000E+00  0.1200E+02
 -10.253  0.0000E+00  0.1200E+02
 -10.243  0.0000E+00  0.1200E+02
 -10.233  0.0000E+00  0.1200E+02
 -10.223  0.0000E+00  0.1200E+02
 -10.213  0.0000E+00  0.1200E+02
 -10.203  0.0000E+00  0.1200E+02
 -10.193  0.0000E+00  0.1200E+02
 -10.183  0.0000E+00  0.1200E+02
 -10.173  0.0000E+00  0.1200E+02
 -10.163  0.0000E+00  0.1200E+02
 -10.153  0.0000E+00  0.1200E+02
 -10.143  0.0000E+00  0.1200E+02
 -10.133  0.0000E+00  0.1200E+02
 -10.123  0.0000E+00  0.1200E+02
 -10.113  0.0000E+00  0.1200E+02
 -10.103  0.0000E+00  0.1200E+02
 -10.093  0.0000E+00  0.1200E+02
 -10.083  0.0000E+00  0.1200E+02
 -10.073  0.0000E+00  0.1200E+02
 -10.063  0.0000E+00  0.1200E+02
 -10.053  0.0000E+00  0.1200E+02
 -10.043  0.0000E+00  0.1200E+02
 -10.033  0.0000E+00  0.1200E+02
 -10.023  0.0000E+00  0.1200E+02
 -10.013  0.0000E+00  0.1200E+02
 -10.003  0.0000E+00  0.1200E+02
  -9.993  0.0000E+00  0.1200E+02
  -9.983  0.0000E+00  0.1200E+02
  -9.973  0.0000E+00  0.1200E+02
  -9.963  0.0000E+00  0.1200E+02
  -9.953  0.0000E+00  0.1200E+02
  -9.943  0.0000E+00  0.1200E+02
  -9.933  0.0000E+00  0.1200E+02
  -9.923  0.0000E+00  0.1200E+02
  -9.913  0.0000E+00  0.1200E+02
  -9.903  0.0000E+00  0.1200E+02
  -9.893  0.0000E+00  0.1200E+02
  -9.883  0.0000E+00  0.1200E+02
  -9.873  0.0000E+00  0.1200E+02
  -9.863  0.0000E+00  0.1200E+02
  -9.853  0.0000E+00  0.1200E+02
  -9.843  0.0000E+00  0.1200E+02
  -9.833  0.0000E+00  0.1200E+02
  -9.823  0.0000E+00  0.1200E+02
  -9.813  0.0000E+00  0.1200E+02
  -9.803  0.0000E+00  0.1200E+02
  -9.793  0.0000E+00  0.1200E+02
  -9.783  0.0000E+00  0.1200E+02
  -9.773  0.0000E+00  0.1200E+02
  -9.763  0.0000E+00  0.1200E+02
  -9.753  0.0000E+00  0.1200E+02
  -9.743  0.0000E+00  0.1200E+02
  -9.733  0.0000E+00  0.1200E+02
  -9.723  0.0000E+00  0.1200E+02
  -9.713  0.0000E+00  0.1200E+02
  -9.703  0.0000E+00  0.1200E+02
  -9.693  0.0000E+00  0.1200E+02
  -9.683  0.0000E+00  0.1200E+02
  -9.673  0.0000E+00  0.1200E+02
  -9.663  0.0000E+00  0.1200E+02
  -9.653  0.0000E+00  0.1200E+02
  -9.643  0.0000E+00  0.1200E+02
  -9.633  0.0000E+00  0.1200E+02
  -9.623  0.0000E+00  0.1200E+02
  -9.613  0.0000E+00  0.1200E+02
  -9.603  0.0000E+00  0.1200E+02
  -9.593  0.0000E+00  0.1200E+02
  -9.583  0.0000E+00  0.1200E+02
  -9.573  0.0000E+00  0.1200E+02
  -9.563  0.0000E+00  0.1200E+02
  -9.553  0.0000E+00  0.1200E+02
  -9.543  0.0000E+00  0.1200E+02
  -9.533  0.0000E+00  0.1200E+02
  -9.523  0.0000E+00  0.1200E+02
  -9.513  0.0000E+00  0.1200E+02
  -9.503  0.0000E+00  0.1200E+02
  -9.493  0.0000E+00  0.1200E+02
  -9.483  0.0000E+00  0.1200E+02
  -9.473  0.0000E+00  0.1200E+02
  -9.463  0.0000E+00  0.1200E+02
  -9.453  0.0000E+00  0.1200E+02
  -9.443  0.0000E+00  0.1200E+02
  -9.433  0.0000E+00  0.1200E+02
  -9.423  0.0000E+00  0.1200E+02
  -9.413  0.0000E+00  0.1200E+02
  -9.403  0.0000E+00  0.1200E+02
  -9.393  0.0000E+00  0.1200E+02
  -9.383  0.0000E+00  0.1200E+02
  -9.373  0.0000E+00  0.1200E+02
  -9.363  0.0000E+00  0.1200E+02
  -9.353  0.0000E+00  0.1200E+02
  -9.343  0.0000E+00  0.1200E+02
  -9.333  0.0000E+00  0.1200E+02
  -9.323  0.0000E+00  0.1200E+02
  -9.313  0.0000E+00  0.1200E+02
  -9.303  0.0000E+00  0.1200E+02
  -9.293  0.0000E+00  0.1200E+02
  -9.283  0.0000E+00  0.1200E+02
  -9.273  0.0000E+00  0.1200E+02
  -9.263  0.0000E+00  0.1200E+02
  -9.253  0.0000E+00  0.1200E+02
  -9.243  0.0000E+00  0.1200E+02
  -9.233  0.0000E+00  0.1200E+02
  -9.223  0.0000E+00  0.1200E+02
  -9.213  0.0000E+00  0.1200E+02
  -9.203  0.0000E+00  0.1200E+02
  -9.193  0.0000E+00  0.1200E+02
  -9.183  0.0000E+00  0.1200E+02
  -9.173  0.0000E+00  0.1200E+02
  -9.163  0.0000E+00  0.1200E+02
  -9.153  0.0000E+00  0.1200E+02
  -9.143  0.0000E+00  0.1200E+02
  -9.133  0.0000E+00  0.1200E+02
  -9.123  0.0000E+00  0.1200E+02
  -9.113  0.0000E+00  0.1200E+02
  -9.103  0.0000E+00  0.1200E+02
  -9.093  0.0000E+00  0.1200E+02
  -9.083  0.0000E+00  0.1200E+02
  -9.073  0.0000E+00  0.1200E+02
  -9.063  0.0000E+00  0.1200E+02
  -9.053  0.0000E+00  0.1200E+02
  -9.043  0.0000E+00  0.1200E+02
  -9.033  0.0000E+00  0.1200E+02
  -9.023  0.0000E+00  0.1200E+02
  -9.013  0.0000E+00  0.1200E+02
  -9.003  0.0000E+00  0.1200E+02
  -8.993  0.0000E+00  0.1200E+02
  -8.983  0.0000E+00  0.1200E+02
  -8.973  0.0000E+00  0.1200E+02
  -8.963  0.0000E+00  0.1200E+02
  -8.953  0.0000E+00  0.1200E+02
  -8.943  0.0000E+00  0.1200E+02
  -8.933  0.0000E+00  0.1200E+02
  -8.923  0.0000E+00  0.1200E+02
  -8.913  0.0000E+00  0.1200E+02
  -8.903  0.0000E+00  0.1200E+02
  -8.893  0.0000E+00  0.1200E+02
  -8.883  0.0000E+00  0.1200E+02
  -8.873  0.0000E+00  0.1200E+02
  -8.863  0.0000E+00  0.1200E+02
  -8.853  0.0000E+00  0.1200E+02
  -8.843  0.0000E+00  0.1200E+02
  -8.833  0.0000E+00  0.1200E+02
  -8.823  0.0000E+00  0.1200E+02
  -8.813  0.0000E+00  0.1200E+02
  -8.803  0.0000E+00  0.1200E+02
  -8.793  0.0000E+00  0.1200E+02
  -8.783  0.0000E+00  0.1200E+02
  -8.773  0.0000E+00  0.1200E+02
  -8.763  0.0000E+00  0.1200E+02
  -8.753  0.0000E+00  0.1200E+02
  -8.743  0.0000E+00  0.1200E+02
  -8.733  0.0000E+00  0.1200E+02
  -8.723  0.0000E+00  0.1200E+02
  -8.713  0.0000E+00  0.1200E+02
  -8.703  0.0000E+00  0.1200E+02
  -8.693  0.0000E+00  0.1200E+02
  -8.683  0.0000E+00  0.1200E+02
  -8.673  0.0000E+00  0.1200E+02
  -8.663  0.0000E+00  0.1200E+02
  -8.653  0.0000E+00  0.1200E+02
  -8.643  0.0000E+00  0.1200E+02
  -8.633  0.0000E+00  0.1200E+02
  -8.623  0.0000E+00  0.1200E+02
  -8.613  0.0000E+00  0.1200E+02
  -8.603  0.0000E+00  0.1200E+02
  -8.593  0.0000E+00  0.1200E+02
  -8.583  0.0000E+00  0.1200E+02
  -8.573  0.0000E+00  0.1200E+02
  -8.563  0.0000E+00  0.1200E+02
  -8.553  0.0000E+00  0.1200E+02
  -8.543  0.0000E+00  0.1200E+02
  -8.533  0.0000E+00  0.1200E+02
  -8.523  0.0000E+00  0.1200E+02
  -8.513  0.0000E+00  0.1200E+02
  -8.503  0.0000E+00  0.1200E+02
  -8.493  0.0000E+00  0.1200E+02
  -8.483  0.0000E+00  0.1200E+02
  -8.473  0.0000E+00  0.1200E+02
  -8.463  0.0000E+00  0.1200E+02
  -8.453  0.0000E+00  0.1200E+02
  -8.443  0.0000E+00  0.1200E+02
  -8.433  0.0000E+00  0.1200E+02
  -8.423  0.0000E+00  0.1200E+02
  -8.413  0.0000E+00  0.1200E+02
  -8.403  0.0000E+00  0.1200E+02
  -8.393  0.0000E+00  0.1200E+02
  -8.383  0.0000E+00  0.1200E+02
  -8.373  0.0000E+00  0.1200E+02
  -8.363  0.0000E+00  0.1200E+02
  -8.353  0.0000E+00  0.1200E+02
  -8.343  0.0000E+00  0.1200E+02
  -8.333  0.0000E+00  0.1200E+02
  -8.323  0.0000E+00  0.1200E+02
  -8.313  0.0000E+00  0.1200E+02
  -8.303  0.0000E+00  0.1200E+02
  -8.293  0.0000E+00  0.1200E+02
  -8.283  0.0000E+00  0.1200E+02
  -8.273  0.0000E+00  0.1200E+02
  -8.263  0.0000E+00  0.1200E+02
  -8.253  0.0000E+00  0.1200E+02
  -8.243  0.0000E+00  0.1200E+02
  -8.233  0.0000E+00  0.1200E+02
  -8.223  0.0000E+00  0.1200E+02
  -8.213  0.0000E+00  0.1200E+02
  -8.203  0.0000E+00  0.1200E+02
  -8.193  0.0000E+00  0.1200E+02
  -8.183  0.0000E+00  0.1200E+02
  -8.173  0.0000E+00  0.1200E+02
  -8.163  0.0000E+00  0.1200E+02
  -8.153  0.0000E+00  0.1200E+02
  -8.143  0.0000E+00  0.1200E+02
  -8.133  0.0000E+00  0.1200E+02
  -8.123  0.0000E+00  0.1200E+02
  -8.113  0.0000E+00  0.1200E+02
  -8.103  0.0000E+00  0.1200E+02
  -8.093  0.0000E+00  0.1200E+02
  -8.083  0.0000E+00  0.1200E+02
  -8.073  0.0000E+00  0.1200E+02
  -8.063  0.0000E+00  0.1200E+02
  -8.053  0.0000E+00  0.1200E+02
  -8.043  0.0000E+00  0.1200E+02
  -8.033  0.0000E+00  0.1200E+02
  -8.023  0.0000E+00  0.1200E+02
  -8.013  0.0000E+00  0.1200E+02
  -8.003  0.0000E+00  0.1200E+02
  -7.993  0.0000E+00  0.1200E+02
  -7.983  0.0000E+00  0.1200E+02
  -7.973  0.0000E+00  0.1200E+02
  -7.963  0.0000E+00  0.1200E+02
  -7.953  0.0000E+00  0.1200E+02
  -7.943  0.0000E+00  0.1200E+02
  -7.933  0.0000E+00  0.1200E+02
  -7.923  0.0000E+00  0.1200E+02
  -7.913  0.0000E+00  0.1200E+02
  -7.903  0.0000E+00  0.1200E+02
  -7.893  0.0000E+00  0.1200E+02
  -7.883  0.0000E+00  0.1200E+02
  -7.873  0.0000E+00  0.1200E+02
  -7.863  0.0000E+00  0.1200E+02
  -7.853  0.0000E+00  0.1200E+02
  -7.843  0.0000E+00  0.1200E+02
  -7.833  0.0000E+00  0.1200E+02
  -7.823  0.0000E+00  0.1200E+02
  -7.813  0.0000E+00  0.1200E+02
  -7.803  0.0000E+00  0.1200E+02
  -7.793  0.0000E+00  0.1200E+02
  -7.783  0.0000E+00  0.1200E+02
  -7.773  0.0000E+00  0.1200E+02
  -7.763  0.0000E+00  0.1200E+02
  -7.753  0.0000E+00  0.1200E+02
  -7.743  0.0000E+00  0.1200E+02
  -7.733  0.0000E+00  0.1200E+02
  -7.723  0.0000E+00  0.1200E+02
  -7.713  0.0000E+00  0.1200E+02
  -7.703  0.0000E+00  0.1200E+02
  -7.693  0.0000E+00  0.1200E+02
  -7.683  0.0000E+00  0.1200E+02
  -7.673  0.0000E+00  0.1200E+02
  -7.663  0.0000E+00  0.1200E+02
  -7.653  0.0000E+00  0.1200E+02
  -7.643  0.0000E+00  0.1200E+02
  -7.633  0.0000E+00  0.1200E+02
  -7.623  0.0000E+00  0.1200E+02
  -7.613  0.0000E+00  0.1200E+02
  -7.603  0.0000E+00  0.1200E+02
  -7.593  0.0000E+00  0.1200E+02
  -7.583  0.0000E+00  0.1200E+02
  -7.573  0.0000E+00  0.1200E+02
  -7.563  0.0000E+00  0.1200E+02
  -7.553  0.0000E+00  0.1200E+02
  -7.543  0.0000E+00  0.1200E+02
  -7.533  0.0000E+00  0.1200E+02
  -7.523  0.0000E+00  0.1200E+02
  -7.513  0.0000E+00  0.1200E+02
  -7.503  0.0000E+00  0.1200E+02
  -7.493  0.0000E+00  0.1200E+02
  -7.483  0.0000E+00  0.1200E+02
  -7.473  0.0000E+00  0.1200E+02
  -7.463  0.0000E+00  0.1200E+02
  -7.453  0.0000E+00  0.1200E+02
  -7.443  0.0000E+00  0.1200E+02
  -7.433  0.0000E+00  0.1200E+02
  -7.423  0.0000E+00  0.1200E+02
  -7.413  0.0000E+00  0.1200E+02
  -7.403  0.0000E+00  0.1200E+02
  -7.393  0.0000E+00  0.1200E+02
  -7.383  0.0000E+00  0.1200E+02
  -7.373  0.0000E+00  0.1200E+02
  -7.363  0.0000E+00  0.1200E+02
  -7.353  0.0000E+00  0.1200E+02
  -7.343  0.0000E+00  0.1200E+02
  -7.333  0.0000E+00  0.1200E+02
  -7.323  0.0000E+00  0.1200E+02
  -7.313  0.0000E+00  0.1200E+02
  -7.303  0.0000E+00  0.1200E+02
  -7.293  0.0000E+00  0.1200E+02
  -7.283  0.0000E+00  0.1200E+02
  -7.273  0.0000E+00  0.1200E+02
  -7.263  0.0000E+00  0.1200E+02
  -7.253  0.0000E+00  0.1200E+02
  -7.243  0.0000E+00  0.1200E+02
  -7.233  0.0000E+00  0.1200E+02
  -7.223  0.0000E+00  0.1200E+02
  -7.213  0.0000E+00  0.1200E+02
  -7.203  0.0000E+00  0.1200E+02
  -7.193  0.0000E+00  0.1200E+02
  -7.183  0.0000E+00  0.1200E+02
  -7.173  0.0000E+00  0.1200E+02
  -7.163  0.0000E+00  0.1200E+02
  -7.153  0.0000E+00  0.1200E+02
  -7.143  0.0000E+00  0.1200E+02
  -7.133  0.0000E+00  0.1200E+02
  -7.123  0.0000E+00  0.1200E+02
  -7.113  0.0000E+00  0.1200E+02
  -7.103  0.0000E+00  0.1200E+02
  -7.093  0.0000E+00  0.1200E+02
  -7.083  0.0000E+00  0.1200E+02
  -7.073  0.0000E+00  0.1200E+02
  -7.063  0.0000E+00  0.1200E+02
  -7.053  0.0000E+00  0.1200E+02
  -7.043  0.0000E+00  0.1200E+02
  -7.033  0.0000E+00  0.1200E+02
  -7.023  0.0000E+00  0.1200E+02
  -7.013  0.0000E+00  0.1200E+02
  -7.003  0.0000E+00  0.1200E+02
  -6.993  0.0000E+00  0.1200E+02
  -6.983  0.0000E+00  0.1200E+02
  -6.973  0.0000E+00  0.1200E+02
  -6.963  0.0000E+00  0.1200E+02
  -6.953  0.0000E+00  0.1200E+02
  -6.943  0.0000E+00  0.1200E+02
  -6.933  0.0000E+00  0.1200E+02
  -6.923  0.0000E+00  0.1200E+02
  -6.913  0.0000E+00  0.1200E+02
  -6.903  0.0000E+00  0.1200E+02
  -6.893  0.0000E+00  0.1200E+02
  -6.883  0.0000E+00  0.1200E+02
  -6.873  0.0000E+00  0.1200E+02
  -6.863  0.0000E+00  0.1200E+02
  -6.853  0.0000E+00  0.1200E+02
  -6.843  0.0000E+00  0.1200E+02
  -6.833  0.0000E+00  0.1200E+02
  -6.823  0.0000E+00  0.1200E+02
  -6.813  0.0000E+00  0.1200E+02
  -6.803  0.0000E+00  0.1200E+02
  -6.793  0.0000E+00  0.1200E+02
  -6.783  0.0000E+00  0.1200E+02
  -6.773  0.0000E+00  0.1200E+02
  -6.763  0.0000E+00  0.1200E+02
  -6.753  0.0000E+00  0.1200E+02
  -6.743  0.0000E+00  0.1200E+02
  -6.733  0.0000E+00  0.1200E+02
  -6.723  0.0000E+00  0.1200E+02
  -6.713  0.0000E+00  0.1200E+02
  -6.703  0.0000E+00  0.1200E+02
  -6.693  0.0000E+00  0.1200E+02
  -6.683  0.0000E+00  0.1200E+02
  -6.673  0.0000E+00  0.1200E+02
  -6.663  0.0000E+00  0.1200E+02
  -6.653  0.0000E+00  0.1200E+02
  -6.643  0.0000E+00  0.1200E+02
  -6.633  0.0000E+00  0.1200E+02
  -6.623  0.0000E+00  0.1200E+02
  -6.613  0.0000E+00  0.1200E+02
  -6.603  0.1398E+01  0.1200E+02
  -6.593  0.1281E+01  0.1202E+02
  -6.583  0.1432E+01  0.1203E+02
  -6.573  0.1313E+01  0.1204E+02
  -6.563  0.1353E+01  0.1206E+02
  -6.553  0.1384E+01  0.1207E+02
  -6.543  0.1351E+01  0.1208E+02
  -6.533  0.1359E+01  0.1210E+02
  -6.523  0.1396E+01  0.1211E+02
  -6.513  0.1406E+01  0.1213E+02
  -6.503  0.1395E+01  0.1214E+02
  -6.493  0.1396E+01  0.1215E+02
  -6.483  0.1967E+01  0.1217E+02
  -6.473  0.2093E+01  0.1219E+02
  -6.463  0.2076E+01  0.1221E+02
  -6.453  0.2067E+01  0.1223E+02
  -6.443  0.2080E+01  0.1225E+02
  -6.433  0.2129E+01  0.1228E+02
  -6.423  0.2127E+01  0.1230E+02
  -6.413  0.2162E+01  0.1232E+02
  -6.403  0.2177E+01  0.1234E+02
  -6.393  0.2177E+01  0.1236E+02
  -6.383  0.2192E+01  0.1238E+02
  -6.373  0.2222E+01  0.1241E+02
  -6.363  0.2256E+01  0.1243E+02
  -6.353  0.2273E+01  0.1245E+02
  -6.343  0.2286E+01  0.1247E+02
  -6.333  0.2308E+01  0.1250E+02
  -6.323  0.2336E+01  0.1252E+02
  -6.313  0.2363E+01  0.1254E+02
  -6.303  0.2385E+01  0.1257E+02
  -6.293  0.2415E+01  0.1259E+02
  -6.283  0.2448E+01  0.1262E+02
  -6.273  0.2483E+01  0.1264E+02
  -6.263  0.2517E+01  0.1266E+02
  -6.253  0.2548E+01  0.1269E+02
  -6.243  0.2586E+01  0.1272E+02
  -6.233  0.2626E+01  0.1274E+02
  -6.223  0.2668E+01  0.1277E+02
  -6.213  0.2727E+01  0.1280E+02
  -6.203  0.2790E+01  0.1282E+02
  -6.193  0.2852E+01  0.1285E+02
  -6.183  0.2917E+01  0.1288E+02
  -6.173  0.2983E+01  0.1291E+02
  -6.163  0.3051E+01  0.1294E+02
  -6.153  0.3211E+01  0.1297E+02
  -6.143  0.3383E+01  0.1300E+02
  -6.133  0.3557E+01  0.1304E+02
  -6.123  0.3732E+01  0.1307E+02
  -6.113  0.3945E+01  0.1311E+02
  -6.103  0.4848E+01  0.1316E+02
  -6.093  0.6279E+01  0.1322E+02
  -6.083  0.1183E+02  0.1329E+02
  -6.073  0.3767E+01  0.1337E+02
  -6.063  0.5617E+01  0.1340E+02
  -6.053  0.5842E+01  0.1346E+02
  -6.043  0.6375E+01  0.1352E+02
  -6.033  0.7786E+01  0.1359E+02
  -6.023  0.8270E+01  0.1368E+02
  -6.013  0.6932E+01  0.1375E+02
  -6.003  0.6666E+01  0.1382E+02
  -5.993  0.6245E+01  0.1388E+02
  -5.983  0.6259E+01  0.1394E+02
  -5.973  0.6312E+01  0.1400E+02
  -5.963  0.6853E+01  0.1407E+02
  -5.953  0.6405E+01  0.1414E+02
  -5.943  0.6261E+01  0.1420E+02
  -5.933  0.5978E+01  0.1427E+02
  -5.923  0.6152E+01  0.1433E+02
  -5.913  0.6917E+01  0.1439E+02
  -5.903  0.5291E+01  0.1445E+02
  -5.893  0.4874E+01  0.1450E+02
  -5.883  0.4605E+01  0.1455E+02
  -5.873  0.4076E+01  0.1459E+02
  -5.863  0.3925E+01  0.1463E+02
  -5.853  0.3521E+01  0.1467E+02
  -5.843  0.3214E+01  0.1471E+02
  -5.833  0.2931E+01  0.1474E+02
  -5.823  0.2686E+01  0.1476E+02
  -5.813  0.2719E+01  0.1479E+02
  -5.803  0.2488E+01  0.1482E+02
  -5.793  0.2230E+01  0.1484E+02
  -5.783  0.1861E+01  0.1486E+02
  -5.773  0.1384E+01  0.1488E+02
  -5.763  0.1367E+01  0.1489E+02
  -5.753  0.1353E+01  0.1490E+02
  -5.743  0.1339E+01  0.1492E+02
  -5.733  0.1324E+01  0.1493E+02
  -5.723  0.1312E+01  0.1494E+02
  -5.713  0.1309E+01  0.1496E+02
  -5.703  0.1307E+01  0.1497E+02
  -5.693  0.1307E+01  0.1498E+02
  -5.683  0.1323E+01  0.1500E+02
  -5.673  0.2249E+01  0.1501E+02
  -5.663  0.3083E+01  0.1504E+02
  -5.653  0.3974E+01  0.1507E+02
  -5.643  0.1443E+02  0.1515E+02
  -5.633  0.8007E+01  0.1526E+02
  -5.623  0.5637E+01  0.1532E+02
  -5.613  0.3750E+01  0.1536E+02
  -5.603  0.2802E+01  0.1539E+02
  -5.593  0.2266E+01  0.1542E+02
  -5.583  0.1737E+01  0.1544E+02
  -5.573  0.8778E+00  0.1545E+02
  -5.563  0.8424E+00  0.1546E+02
  -5.553  0.8084E+00  0.1547E+02
  -5.543  0.7740E+00  0.1548E+02
  -5.533  0.7423E+00  0.1548E+02
  -5.523  0.9018E+01  0.1553E+02
  -5.513  0.7641E+01  0.1562E+02
  -5.503  0.6181E+01  0.1569E+02
  -5.493  0.5793E+01  0.1575E+02
  -5.483  0.5811E+01  0.1581E+02
  -5.473  0.5895E+01  0.1587E+02
  -5.463  0.6113E+01  0.1593E+02
  -5.453  0.6472E+01  0.1599E+02
  -5.443  0.6945E+01  0.1606E+02
  -5.433  0.7766E+01  0.1613E+02
  -5.423  0.9315E+01  0.1621E+02
  -5.413  0.1273E+02  0.1633E+02
  -5.403  0.8817E+01  0.1643E+02
  -5.393  0.7948E+01  0.1652E+02
  -5.383  0.7550E+01  0.1659E+02
  -5.373  0.7605E+01  0.1667E+02
  -5.363  0.6667E+01  0.1674E+02
  -5.353  0.8967E+01  0.1681E+02
  -5.343  0.1305E+01  0.1688E+02
  -5.333  0.1287E+01  0.1689E+02
  -5.323  0.1265E+01  0.1690E+02
  -5.313  0.1359E+01  0.1691E+02
  -5.303  0.1810E+01  0.1693E+02
  -5.293  0.1533E+01  0.1695E+02
  -5.283  0.1549E+01  0.1696E+02
  -5.273  0.1565E+01  0.1698E+02
  -5.263  0.1579E+01  0.1699E+02
  -5.253  0.1571E+01  0.1701E+02
  -5.243  0.1560E+01  0.1702E+02
  -5.233  0.1567E+01  0.1704E+02
  -5.223  0.1572E+01  0.1706E+02
  -5.213  0.1576E+01  0.1707E+02
  -5.203  0.1604E+01  0.1709E+02
  -5.193  0.1626E+01  0.1710E+02
  -5.183  0.1659E+01  0.1712E+02
  -5.173  0.1684E+01  0.1714E+02
  -5.163  0.1703E+01  0.1715E+02
  -5.153  0.1759E+01  0.1717E+02
  -5.143  0.1820E+01  0.1719E+02
  -5.133  0.1855E+01  0.1721E+02
  -5.123  0.1926E+01  0.1723E+02
  -5.113  0.2046E+01  0.1725E+02
  -5.103  0.2136E+01  0.1727E+02
  -5.093  0.2218E+01  0.1729E+02
  -5.083  0.2274E+01  0.1731E+02
  -5.073  0.2456E+01  0.1733E+02
  -5.063  0.2611E+01  0.1736E+02
  -5.053  0.2772E+01  0.1739E+02
  -5.043  0.2880E+01  0.1741E+02
  -5.033  0.2959E+01  0.1744E+02
  -5.023  0.3114E+01  0.1747E+02
  -5.013  0.3163E+01  0.1751E+02
  -5.003  0.3226E+01  0.1754E+02
  -4.993  0.3270E+01  0.1757E+02
  -4.983  0.3323E+01  0.1760E+02
  -4.973  0.3317E+01  0.1764E+02
  -4.963  0.4141E+01  0.1767E+02
  -4.953  0.4105E+01  0.1771E+02
  -4.943  0.4217E+01  0.1775E+02
  -4.933  0.4014E+01  0.1780E+02
  -4.923  0.4023E+01  0.1784E+02
  -4.913  0.4007E+01  0.1788E+02
  -4.903  0.4038E+01  0.1792E+02
  -4.893  0.3967E+01  0.1796E+02
  -4.883  0.3937E+01  0.1800E+02
  -4.873  0.3939E+01  0.1804E+02
  -4.863  0.3931E+01  0.1807E+02
  -4.853  0.3936E+01  0.1811E+02
  -4.843  0.3971E+01  0.1815E+02
  -4.833  0.3961E+01  0.1819E+02
  -4.823  0.3952E+01  0.1823E+02
  -4.813  0.3952E+01  0.1827E+02
  -4.803  0.3955E+01  0.1831E+02
  -4.793  0.4026E+01  0.1835E+02
  -4.783  0.4049E+01  0.1839E+02
  -4.773  0.4067E+01  0.1843E+02
  -4.763  0.4087E+01  0.1847E+02
  -4.753  0.4208E+01  0.1851E+02
  -4.743  0.4262E+01  0.1856E+02
  -4.733  0.4282E+01  0.1860E+02
  -4.723  0.4407E+01  0.1864E+02
  -4.713  0.4560E+01  0.1869E+02
  -4.703  0.4639E+01  0.1873E+02
  -4.693  0.5005E+01  0.1878E+02
  -4.683  0.5261E+01  0.1883E+02
  -4.673  0.6674E+01  0.1889E+02
  -4.663  0.4955E+01  0.1895E+02
  -4.653  0.4668E+01  0.1900E+02
  -4.643  0.4367E+01  0.1904E+02
  -4.633  0.4209E+01  0.1909E+02
  -4.623  0.4019E+01  0.1913E+02
  -4.613  0.3916E+01  0.1917E+02
  -4.603  0.3786E+01  0.1920E+02
  -4.593  0.3728E+01  0.1924E+02
  -4.583  0.3654E+01  0.1928E+02
  -4.573  0.3599E+01  0.1932E+02
  -4.563  0.3556E+01  0.1935E+02
  -4.553  0.3508E+01  0.1939E+02
  -4.543  0.3467E+01  0.1942E+02
  -4.533  0.3463E+01  0.1946E+02
  -4.523  0.3454E+01  0.1949E+02
  -4.513  0.3395E+01  0.1952E+02
  -4.503  0.3438E+01  0.1956E+02
  -4.493  0.3510E+01  0.1959E+02
  -4.483  0.3487E+01  0.1963E+02
  -4.473  0.3511E+01  0.1966E+02
  -4.463  0.3552E+01  0.1970E+02
  -4.453  0.3549E+01  0.1973E+02
  -4.443  0.3067E+01  0.1977E+02
  -4.433  0.4192E+01  0.1980E+02
  -4.423  0.5505E+01  0.1985E+02
  -4.413  0.5765E+01  0.1991E+02
  -4.403  0.5830E+01  0.1996E+02
  -4.393  0.6051E+01  0.2002E+02
  -4.383  0.6661E+01  0.2009E+02
  -4.373  0.7227E+01  0.2016E+02
  -4.363  0.9706E+01  0.2024E+02
  -4.353  0.1735E+02  0.2045E+02
  -4.343  0.1222E+02  0.2059E+02
  -4.333  0.1036E+02  0.2070E+02
  -4.323  0.9226E+01  0.2080E+02
  -4.313  0.8467E+01  0.2089E+02
  -4.303  0.7917E+01  0.2097E+02
  -4.293  0.7755E+01  0.2105E+02
  -4.283  0.7311E+01  0.2112E+02
  -4.273  0.7011E+01  0.2119E+02
  -4.263  0.6799E+01  0.2126E+02
  -4.253  0.6784E+01  0.2133E+02
  -4.243  0.6433E+01  0.2140E+02
  -4.233  0.6379E+01  0.2146E+02
  -4.223  0.6430E+01  0.2152E+02
  -4.213  0.6198E+01  0.2159E+02
  -4.203  0.6240E+01  0.2165E+02
  -4.193  0.6174E+01  0.2171E+02
  -4.183  0.6084E+01  0.2177E+02
  -4.173  0.6057E+01  0.2183E+02
  -4.163  0.5827E+01  0.2189E+02
  -4.153  0.5207E+01  0.2195E+02
  -4.143  0.2904E+01  0.2199E+02
  -4.133  0.2756E+01  0.2201E+02
  -4.123  0.2573E+01  0.2204E+02
  -4.113  0.2464E+01  0.2207E+02
  -4.103  0.2354E+01  0.2209E+02
  -4.093  0.2166E+01  0.2211E+02
  -4.083  0.2110E+01  0.2213E+02
  -4.073  0.2051E+01  0.2215E+02
  -4.063  0.1969E+01  0.2217E+02
  -4.053  0.1831E+01  0.2219E+02
  -4.043  0.1801E+01  0.2221E+02
  -4.033  0.1778E+01  0.2223E+02
  -4.023  0.1750E+01  0.2225E+02
  -4.013  0.1720E+01  0.2226E+02
  -4.003  0.1677E+01  0.2228E+02
  -3.993  0.1608E+01  0.2230E+02
  -3.983  0.1603E+01  0.2231E+02
  -3.973  0.1596E+01  0.2233E+02
  -3.963  0.1589E+01  0.2235E+02
  -3.953  0.1583E+01  0.2236E+02
  -3.943  0.1577E+01  0.2238E+02
  -3.933  0.1566E+01  0.2239E+02
  -3.923  0.1556E+01  0.2241E+02
  -3.913  0.1538E+01  0.2242E+02
  -3.903  0.1542E+01  0.2244E+02
  -3.893  0.1551E+01  0.2246E+02
  -3.883  0.1558E+01  0.2247E+02
  -3.873  0.1570E+01  0.2249E+02
  -3.863  0.1580E+01  0.2250E+02
  -3.853  0.1587E+01  0.2252E+02
  -3.843  0.1594E+01  0.2253E+02
  -3.833  0.1600E+01  0.2255E+02
  -3.823  0.1605E+01  0.2257E+02
  -3.813  0.1606E+01  0.2258E+02
  -3.803  0.1618E+01  0.2260E+02
  -3.793  0.1652E+01  0.2261E+02
  -3.783  0.1684E+01  0.2263E+02
  -3.773  0.1708E+01  0.2265E+02
  -3.763  0.1731E+01  0.2267E+02
  -3.753  0.1750E+01  0.2268E+02
  -3.743  0.1769E+01  0.2270E+02
  -3.733  0.1788E+01  0.2272E+02
  -3.723  0.1804E+01  0.2274E+02
  -3.713  0.1820E+01  0.2275E+02
  -3.703  0.1921E+01  0.2277E+02
  -3.693  0.1978E+01  0.2279E+02
  -3.683  0.2021E+01  0.2281E+02
  -3.673  0.2060E+01  0.2283E+02
  -3.663  0.2100E+01  0.2285E+02
  -3.653  0.2137E+01  0.2287E+02
  -3.643  0.2174E+01  0.2290E+02
  -3.633  0.2406E+01  0.2292E+02
  -3.623  0.2544E+01  0.2294E+02
  -3.613  0.2652E+01  0.2297E+02
  -3.603  0.2747E+01  0.2300E+02
  -3.593  0.3641E+01  0.2303E+02
  -3.583  0.4074E+01  0.2307E+02
  -3.573  0.3075E+01  0.2310E+02
  -3.563  0.2785E+01  0.2313E+02
  -3.553  0.2582E+01  0.2316E+02
  -3.543  0.2466E+01  0.2318E+02
  -3.533  0.2362E+01  0.2321E+02
  -3.523  0.2271E+01  0.2323E+02
  -3.513  0.2198E+01  0.2325E+02
  -3.503  0.2133E+01  0.2327E+02
  -3.493  0.2065E+01  0.2329E+02
  -3.483  0.2020E+01  0.2331E+02
  -3.473  0.1980E+01  0.2333E+02
  -3.463  0.1940E+01  0.2335E+02
  -3.453  0.1898E+01  0.2337E+02
  -3.443  0.1859E+01  0.2339E+02
  -3.433  0.1816E+01  0.2341E+02
  -3.423  0.1774E+01  0.2343E+02
  -3.413  0.1763E+01  0.2345E+02
  -3.403  0.1735E+01  0.2346E+02
  -3.393  0.1701E+01  0.2348E+02
  -3.383  0.1670E+01  0.2350E+02
  -3.373  0.1646E+01  0.2351E+02
  -3.363  0.1603E+01  0.2353E+02
  -3.353  0.1591E+01  0.2355E+02
  -3.343  0.1575E+01  0.2356E+02
  -3.333  0.1562E+01  0.2358E+02
  -3.323  0.1523E+01  0.2359E+02
  -3.313  0.1484E+01  0.2361E+02
  -3.303  0.1467E+01  0.2362E+02
  -3.293  0.1487E+01  0.2364E+02
  -3.283  0.1450E+01  0.2365E+02
  -3.273  0.1412E+01  0.2367E+02
  -3.263  0.1379E+01  0.2368E+02
  -3.253  0.1362E+01  0.2369E+02
  -3.243  0.1375E+01  0.2371E+02
  -3.233  0.1340E+01  0.2372E+02
  -3.223  0.1309E+01  0.2374E+02
  -3.213  0.1284E+01  0.2375E+02
  -3.203  0.1307E+01  0.2376E+02
  -3.193  0.1275E+01  0.2377E+02
  -3.183  0.1244E+01  0.2379E+02
  -3.173  0.1218E+01  0.2380E+02
  -3.163  0.1232E+01  0.2381E+02
  -3.153  0.1198E+01  0.2382E+02
  -3.143  0.1168E+01  0.2384E+02
  -3.133  0.1146E+01  0.2385E+02
  -3.123  0.1160E+01  0.2386E+02
  -3.113  0.1127E+01  0.2387E+02
  -3.103  0.1107E+01  0.2388E+02
  -3.093  0.1090E+01  0.2389E+02
  -3.083  0.1086E+01  0.2390E+02
  -3.073  0.1050E+01  0.2391E+02
  -3.063  0.1029E+01  0.2392E+02
  -3.053  0.1038E+01  0.2393E+02
  -3.043  0.1016E+01  0.2394E+02
  -3.033  0.1037E+01  0.2395E+02
  -3.023  0.9697E+00  0.2396E+02
  -3.013  0.9503E+00  0.2397E+02
  -3.003  0.1025E+01  0.2398E+02
  -2.993  0.8769E+00  0.2399E+02
  -2.983  0.0000E+00  0.2400E+02
  -2.973  0.0000E+00  0.2400E+02
  -2.963  0.0000E+00  0.2400E+02
  -2.953  0.0000E+00  0.2400E+02
  -2.943  0.0000E+00  0.2400E+02
  -2.933  0.0000E+00  0.2400E+02
  -2.923  0.0000E+00  0.2400E+02
  -2.913  0.0000E+00  0.2400E+02
  -2.903  0.0000E+00  0.2400E+02
  -2.893  0.0000E+00  0.2400E+02
  -2.883  0.0000E+00  0.2400E+02
  -2.873  0.0000E+00  0.2400E+02
  -2.863  0.0000E+00  0.2400E+02
  -2.853  0.0000E+00  0.2400E+02
  -2.843  0.0000E+00  0.2400E+02
  -2.833  0.0000E+00  0.2400E+02
  -2.823  0.0000E+00  0.2400E+02
  -2.813  0.0000E+00  0.2400E+02
  -2.803  0.0000E+00  0.2400E+02
  -2.793  0.0000E+00  0.2400E+02
  -2.783  0.0000E+00  0.2400E+02
  -2.773  0.0000E+00  0.2400E+02
  -2.763  0.0000E+00  0.2400E+02
  -2.753  0.0000E+00  0.2400E+02
  -2.743  0.0000E+00  0.2400E+02
  -2.733  0.0000E+00  0.2400E+02
  -2.723  0.0000E+00  0.2400E+02
  -2.713  0.0000E+00  0.2400E+02
  -2.703  0.0000E+00  0.2400E+02
  -2.693  0.0000E+00  0.2400E+02
  -2.683  0.0000E+00  0.2400E+02
  -2.673  0.0000E+00  0.2400E+02
  -2.663  0.0000E+00  0.2400E+02
  -2.653  0.0000E+00  0.2400E+02
  -2.643  0.0000E+00  0.2400E+02
  -2.633  0.0000E+00  0.2400E+02
  -2.623  0.0000E+00  0.2400E+02
  -2.613  0.0000E+00  0.2400E+02
  -2.603  0.0000E+00  0.2400E+02
  -2.593  0.0000E+00  0.2400E+02
  -2.583  0.0000E+00  0.2400E+02
  -2.573  0.0000E+00  0.2400E+02
  -2.563  0.0000E+00  0.2400E+02
  -2.553  0.0000E+00  0.2400E+02
  -2.543  0.0000E+00  0.2400E+02
  -2.533  0.0000E+00  0.2400E+02
  -2.523  0.0000E+00  0.2400E+02
  -2.513  0.0000E+00  0.2400E+02
  -2.503  0.0000E+00  0.2400E+02
  -2.493  0.0000E+00  0.2400E+02
  -2.483  0.0000E+00  0.2400E+02
  -2.473  0.0000E+00  0.2400E+02
  -2.463  0.0000E+00  0.2400E+02
  -2.453  0.0000E+00  0.2400E+02
  -2.443  0.0000E+00  0.2400E+02
  -2.433  0.0000E+00  0.2400E+02
  -2.423  0.0000E+00  0.2400E+02
  -2.413  0.0000E+00  0.2400E+02
  -2.403  0.0000E+00  0.2400E+02
  -2.393  0.0000E+00  0.2400E+02
  -2.383  0.0000E+00  0.2400E+02
  -2.373  0.0000E+00  0.2400E+02
  -2.363  0.0000E+00  0.2400E+02
  -2.353  0.0000E+00  0.2400E+02
  -2.343  0.0000E+00  0.2400E+02
  -2.333  0.0000E+00  0.2400E+02
  -2.323  0.0000E+00  0.2400E+02
  -2.313  0.0000E+00  0.2400E+02
  -2.303  0.0000E+00  0.2400E+02
  -2.293  0.0000E+00  0.2400E+02
  -2.283  0.0000E+00  0.2400E+02
  -2.273  0.0000E+00  0.2400E+02
  -2.263  0.0000E+00  0.2400E+02
  -2.253  0.0000E+00  0.2400E+02
  -2.243  0.0000E+00  0.2400E+02
  -2.233  0.0000E+00  0.2400E+02
  -2.223  0.0000E+00  0.2400E+02
  -2.213  0.0000E+00  0.2400E+02
  -2.203  0.0000E+00  0.2400E+02
  -2.193  0.0000E+00  0.2400E+02
  -2.183  0.0000E+00  0.2400E+02
  -2.173  0.0000E+00  0.2400E+02
  -2.163  0.0000E+00  0.2400E+02
  -2.153  0.0000E+00  0.2400E+02
  -2.143  0.0000E+00  0.2400E+02
  -2.133  0.0000E+00  0.2400E+02
  -2.123  0.0000E+00  0.2400E+02
  -2.113  0.0000E+00  0.2400E+02
  -2.103  0.0000E+00  0.2400E+02
  -2.093  0.0000E+00  0.2400E+02
  -2.083  0.0000E+00  0.2400E+02
  -2.073  0.0000E+00  0.2400E+02
  -2.063  0.0000E+00  0.2400E+02
  -2.053  0.0000E+00  0.2400E+02
  -2.043  0.0000E+00  0.2400E+02
  -2.033  0.0000E+00  0.2400E+02
  -2.023  0.0000E+00  0.2400E+02
  -2.013  0.0000E+00  0.2400E+02
  -2.003  0.0000E+00  0.2400E+02
  -1.993  0.0000E+00  0.2400E+02
  -1.983  0.0000E+00  0.2400E+02
  -1.973  0.0000E+00  0.2400E+02
  -1.963  0.0000E+00  0.2400E+02
  -1.953  0.0000E+00  0.2400E+02
  -1.943  0.0000E+00  0.2400E+02
  -1.933  0.0000E+00  0.2400E+02
  -1.923  0.0000E+00  0.2400E+02
  -1.913  0.0000E+00  0.2400E+02
  -1.903  0.0000E+00  0.2400E+02
  -1.893  0.0000E+00  0.2400E+02
  -1.883  0.0000E+00  0.2400E+02
  -1.873  0.0000E+00  0.2400E+02
  -1.863  0.0000E+00  0.2400E+02
  -1.853  0.0000E+00  0.2400E+02
  -1.843  0.0000E+00  0.2400E+02
  -1.833  0.0000E+00  0.2400E+02
  -1.823  0.0000E+00  0.2400E+02
  -1.813  0.0000E+00  0.2400E+02
  -1.803  0.0000E+00  0.2400E+02
  -1.793  0.0000E+00  0.2400E+02
  -1.783  0.0000E+00  0.2400E+02
  -1.773  0.0000E+00  0.2400E+02
  -1.763  0.0000E+00  0.2400E+02
  -1.753  0.0000E+00  0.2400E+02
  -1.743  0.0000E+00  0.2400E+02
  -1.733  0.0000E+00  0.2400E+02
  -1.723  0.0000E+00  0.2400E+02
  -1.713  0.0000E+00  0.2400E+02
  -1.703  0.0000E+00  0.2400E+02
  -1.693  0.0000E+00  0.2400E+02
  -1.683  0.0000E+00  0.2400E+02
  -1.673  0.0000E+00  0.2400E+02
  -1.663  0.0000E+00  0.2400E+02
  -1.653  0.0000E+00  0.2400E+02
  -1.643  0.0000E+00  0.2400E+02
  -1.633  0.0000E+00  0.2400E+02
  -1.623  0.0000E+00  0.2400E+02
  -1.613  0.0000E+00  0.2400E+02
  -1.603  0.0000E+00  0.2400E+02
  -1.593  0.0000E+00  0.2400E+02
  -1.583  0.0000E+00  0.2400E+02
  -1.573  0.0000E+00  0.2400E+02
  -1.563  0.0000E+00  0.2400E+02
  -1.553  0.0000E+00  0.2400E+02
  -1.543  0.0000E+00  0.2400E+02
  -1.533  0.0000E+00  0.2400E+02
  -1.523  0.0000E+00  0.2400E+02
  -1.513  0.0000E+00  0.2400E+02
  -1.503  0.0000E+00  0.2400E+02
  -1.493  0.0000E+00  0.2400E+02
  -1.483  0.0000E+00  0.2400E+02
  -1.473  0.0000E+00  0.2400E+02
  -1.463  0.0000E+00  0.2400E+02
  -1.453  0.0000E+00  0.2400E+02
  -1.443  0.0000E+00  0.2400E+02
  -1.433  0.0000E+00  0.2400E+02
  -1.423  0.0000E+00  0.2400E+02
  -1.413  0.0000E+00  0.2400E+02
  -1.403  0.0000E+00  0.2400E+02
  -1.393  0.0000E+00  0.2400E+02
  -1.383  0.0000E+00  0.2400E+02
  -1.373  0.0000E+00  0.2400E+02
  -1.363  0.0000E+00  0.2400E+02
  -1.353  0.0000E+00  0.2400E+02
  -1.343  0.0000E+00  0.2400E+02
  -1.333  0.0000E+00  0.2400E+02
  -1.323  0.0000E+00  0.2400E+02
  -1.313  0.0000E+00  0.2400E+02
  -1.303  0.0000E+00  0.2400E+02
  -1.293  0.0000E+00  0.2400E+02
  -1.283  0.0000E+00  0.2400E+02
  -1.273  0.0000E+00  0.2400E+02
  -1.263  0.0000E+00  0.2400E+02
  -1.253  0.0000E+00  0.2400E+02
  -1.243  0.0000E+00  0.2400E+02
  -1.233  0.0000E+00  0.2400E+02
  -1.223  0.0000E+00  0.2400E+02
  -1.213  0.0000E+00  0.2400E+02
  -1.203  0.0000E+00  0.2400E+02
  -1.193  0.0000E+00  0.2400E+02
  -1.183  0.0000E+00  0.2400E+02
  -1.173  0.0000E+00  0.2400E+02
  -1.163  0.0000E+00  0.2400E+02
  -1.153  0.0000E+00  0.2400E+02
  -1.143  0.0000E+00  0.2400E+02
  -1.133  0.0000E+00  0.2400E+02
  -1.123  0.0000E+00  0.2400E+02
  -1.113  0.0000E+00  0.2400E+02
  -1.103  0.0000E+00  0.2400E+02
  -1.093  0.0000E+00  0.2400E+02
  -1.083  0.0000E+00  0.2400E+02
  -1.073  0.0000E+00  0.2400E+02
  -1.063  0.0000E+00  0.2400E+02
  -1.053  0.0000E+00  0.2400E+02
  -1.043  0.0000E+00  0.2400E+02
  -1.033  0.0000E+00  0.2400E+02
  -1.023  0.0000E+00  0.2400E+02
  -1.013  0.0000E+00  0.2400E+02
  -1.003  0.0000E+00  0.2400E+02
  -0.993  0.0000E+00  0.2400E+02
  -0.983  0.0000E+00  0.2400E+02
  -0.973  0.0000E+00  0.2400E+02
  -0.963  0.0000E+00  0.2400E+02
  -0.953  0.0000E+00  0.2400E+02
  -0.943  0.0000E+00  0.2400E+02
  -0.933  0.0000E+00  0.2400E+02
  -0.923  0.0000E+00  0.2400E+02
  -0.913  0.0000E+00  0.2400E+02
  -0.903  0.0000E+00  0.2400E+02
  -0.893  0.0000E+00  0.2400E+02
  -0.883  0.0000E+00  0.2400E+02
  -0.873  0.0000E+00  0.2400E+02
  -0.863  0.0000E+00  0.2400E+02
  -0.853  0.0000E+00  0.2400E+02
  -0.843  0.0000E+00  0.2400E+02
  -0.833  0.0000E+00  0.2400E+02
  -0.823  0.0000E+00  0.2400E+02
  -0.813  0.0000E+00  0.2400E+02
  -0.803  0.0000E+00  0.2400E+02
  -0.793  0.0000E+00  0.2400E+02
  -0.783  0.0000E+00  0.2400E+02
  -0.773  0.0000E+00  0.2400E+02
  -0.763  0.0000E+00  0.2400E+02
  -0.753  0.0000E+00  0.2400E+02
  -0.743  0.0000E+00  0.2400E+02
  -0.733  0.0000E+00  0.2400E+02
  -0.723  0.0000E+00  0.2400E+02
  -0.713  0.0000E+00  0.2400E+02
  -0.703  0.0000E+00  0.2400E+02
  -0.693  0.0000E+00  0.2400E+02
  -0.683  0.0000E+00  0.2400E+02
  -0.673  0.0000E+00  0.2400E+02
  -0.663  0.0000E+00  0.2400E+02
  -0.653  0.0000E+00  0.2400E+02
  -0.643  0.0000E+00  0.2400E+02
  -0.633  0.0000E+00  0.2400E+02
  -0.623  0.0000E+00  0.2400E+02
  -0.613  0.3946E+01  0.2401E+02
  -0.603  0.3071E+01  0.2405E+02
  -0.593  0.2982E+01  0.2408E+02
  -0.583  0.3066E+01  0.2411E+02
  -0.573  0.2539E+01  0.2414E+02
  -0.563  0.2527E+01  0.2416E+02
  -0.553  0.2607E+01  0.2419E+02
  -0.543  0.2633E+01  0.2422E+02
  -0.533  0.2415E+01  0.2424E+02
  -0.523  0.2429E+01  0.2426E+02
  -0.513  0.2449E+01  0.2429E+02
  -0.503  0.2497E+01  0.2431E+02
  -0.493  0.2558E+01  0.2434E+02
  -0.483  0.2542E+01  0.2437E+02
  -0.473  0.2460E+01  0.2439E+02
  -0.463  0.2503E+01  0.2441E+02
  -0.453  0.2551E+01  0.2444E+02
  -0.443  0.2615E+01  0.2447E+02
  -0.433  0.2677E+01  0.2449E+02
  -0.423  0.2709E+01  0.2452E+02
  -0.413  0.2712E+01  0.2455E+02
  -0.403  0.2757E+01  0.2457E+02
  -0.393  0.2837E+01  0.2460E+02
  -0.383  0.2915E+01  0.2463E+02
  -0.373  0.2993E+01  0.2466E+02
  -0.363  0.3138E+01  0.2469E+02
  -0.353  0.3254E+01  0.2472E+02
  -0.343  0.3372E+01  0.2476E+02
  -0.333  0.3489E+01  0.2479E+02
  -0.323  0.3799E+01  0.2483E+02
  -0.313  0.4139E+01  0.2487E+02
  -0.303  0.4699E+01  0.2491E+02
  -0.293  0.1345E+02  0.2497E+02
  -0.283  0.4682E+01  0.2502E+02
  -0.273  0.4069E+01  0.2506E+02
  -0.263  0.3860E+01  0.2510E+02
  -0.253  0.3507E+01  0.2514E+02
  -0.243  0.3430E+01  0.2518E+02
  -0.233  0.3257E+01  0.2521E+02
  -0.223  0.3138E+01  0.2524E+02
  -0.213  0.3106E+01  0.2527E+02
  -0.203  0.3038E+01  0.2530E+02
  -0.193  0.3010E+01  0.2533E+02
  -0.183  0.2969E+01  0.2536E+02
  -0.173  0.2989E+01  0.2539E+02
  -0.163  0.3042E+01  0.2542E+02
  -0.153  0.3118E+01  0.2545E+02
  -0.143  0.3311E+01  0.2549E+02
  -0.133  0.3524E+01  0.2552E+02
  -0.123  0.4311E+01  0.2556E+02
  -0.113  0.3210E+02  0.2563E+02
  -0.103  0.1017E+01  0.2567E+02
  -0.093  0.9907E+00  0.2568E+02
  -0.083  0.9455E+00  0.2569E+02
  -0.073  0.9325E+00  0.2570E+02
  -0.063  0.9182E+00  0.2571E+02
  -0.053  0.9011E+00  0.2572E+02
  -0.043  0.8810E+00  0.2573E+02
  -0.033  0.8649E+00  0.2574E+02
  -0.023  0.8406E+00  0.2574E+02
  -0.013  0.8144E+00  0.2575E+02
  -0.003  0.8032E+00  0.2576E+02
   0.007  0.7921E+00  0.2577E+02
   0.017  0.7802E+00  0.2578E+02
   0.027  0.7670E+00  0.2578E+02
   0.037  0.7512E+00  0.2579E+02
   0.047  0.7351E+00  0.2580E+02
   0.057  0.7137E+00  0.2581E+02
   0.067  0.7040E+00  0.2581E+02
   0.077  0.6934E+00  0.2582E+02
   0.087  0.6824E+00  0.2583E+02
   0.097  0.6714E+00  0.2583E+02
   0.107  0.6604E+00  0.2584E+02
   0.117  0.6455E+00  0.2585E+02
   0.127  0.6288E+00  0.2585E+02
   0.137  0.6212E+00  0.2586E+02
   0.147  0.6146E+00  0.2587E+02
   0.157  0.6073E+00  0.2587E+02
   0.167  0.5966E+00  0.2588E+02
   0.177  0.5851E+00  0.2588E+02
   0.187  0.5736E+00  0.2589E+02
   0.197  0.5586E+00  0.2590E+02
   0.207  0.5507E+00  0.2590E+02
   0.217  0.5437E+00  0.2591E+02
   0.227  0.5366E+00  0.2591E+02
   0.237  0.5360E+00  0.2592E+02
   0.247  0.5262E+00  0.2592E+02
   0.257  0.5142E+00  0.2593E+02
   0.267  0.5025E+00  0.2593E+02
   0.277  0.4923E+00  0.2594E+02
   0.287  0.4822E+00  0.2594E+02
   0.297  0.4764E+00  0.2595E+02
   0.307  0.4730E+00  0.2595E+02
   0.317  0.4772E+00  0.2596E+02
   0.327  0.4671E+00  0.2596E+02
   0.337  0.4513E+00  0.2597E+02
   0.347  0.4355E+00  0.2597E+02
   0.357  0.4197E+00  0.2597E+02
   0.367  0.4403E+00  0.2598E+02
   0.377  0.4506E+00  0.2598E+02
   0.387  0.4125E+00  0.2599E+02
   0.397  0.3744E+00  0.2599E+02
   0.407  0.5803E+00  0.2600E+02
   0.417  0.1612E+00  0.2600E+02
   0.427  0.0000E+00  0.2600E+02
   0.437  0.0000E+00  0.2600E+02
   0.447  0.0000E+00  0.2600E+02
   0.457  0.0000E+00  0.2600E+02
   0.467  0.0000E+00  0.2600E+02
   0.477  0.0000E+00  0.2600E+02
   0.487  0.0000E+00  0.2600E+02
   0.497  0.0000E+00  0.2600E+02
   0.507  0.0000E+00  0.2600E+02
   0.517  0.0000E+00  0.2600E+02
   0.527  0.0000E+00  0.2600E+02
   0.537  0.0000E+00  0.2600E+02
   0.547  0.0000E+00  0.2600E+02
   0.557  0.0000E+00  0.2600E+02
   0.567  0.0000E+00  0.2600E+02
   0.577  0.0000E+00  0.2600E+02
   0.587  0.0000E+00  0.2600E+02
   0.597  0.0000E+00  0.2600E+02
   0.607  0.0000E+00  0.2600E+02
   0.617  0.0000E+00  0.2600E+02
   0.627  0.0000E+00  0.2600E+02
   0.637  0.0000E+00  0.2600E+02
   0.647  0.0000E+00  0.2600E+02
   0.657  0.0000E+00  0.2600E+02
   0.667  0.0000E+00  0.2600E+02
   0.677  0.0000E+00  0.2600E+02
   0.687  0.0000E+00  0.2600E+02
   0.697  0.0000E+00  0.2600E+02
   0.707  0.0000E+00  0.2600E+02
   0.717  0.0000E+00  0.2600E+02
   0.727  0.0000E+00  0.2600E+02
   0.737  0.0000E+00  0.2600E+02
   0.747  0.0000E+00  0.2600E+02
   0.757  0.0000E+00  0.2600E+02
   0.767  0.0000E+00  0.2600E+02
   0.777  0.0000E+00  0.2600E+02
   0.787  0.0000E+00  0.2600E+02
   0.797  0.0000E+00  0.2600E+02
   0.807  0.0000E+00  0.2600E+02
   0.817  0.0000E+00  0.2600E+02
   0.827  0.0000E+00  0.2600E+02
   0.837  0.0000E+00  0.2600E+02
   0.847  0.0000E+00  0.2600E+02
   0.857  0.0000E+00  0.2600E+02
   0.867  0.0000E+00  0.2600E+02
   0.877  0.0000E+00  0.2600E+02
   0.887  0.0000E+00  0.2600E+02
   0.897  0.0000E+00  0.2600E+02
   0.907  0.0000E+00  0.2600E+02
   0.917  0.0000E+00  0.2600E+02
   0.927  0.0000E+00  0.2600E+02
   0.937  0.0000E+00  0.2600E+02
   0.947  0.0000E+00  0.2600E+02
   0.957  0.0000E+00  0.2600E+02
   0.967  0.0000E+00  0.2600E+02
   0.977  0.0000E+00  0.2600E+02
   0.987  0.0000E+00  0.2600E+02
   0.997  0.0000E+00  0.2600E+02
   1.007  0.0000E+00  0.2600E+02
   1.017  0.0000E+00  0.2600E+02
   1.027  0.0000E+00  0.2600E+02
   1.037  0.0000E+00  0.2600E+02
   1.047  0.0000E+00  0.2600E+02
   1.057  0.0000E+00  0.2600E+02
   1.067  0.0000E+00  0.2600E+02
   1.077  0.0000E+00  0.2600E+02
   1.087  0.0000E+00  0.2600E+02
   1.097  0.0000E+00  0.2600E+02
   1.107  0.0000E+00  0.2600E+02
   1.117  0.0000E+00  0.2600E+02
   1.127  0.0000E+00  0.2600E+02
   1.137  0.0000E+00  0.2600E+02
   1.147  0.0000E+00  0.2600E+02
   1.157  0.0000E+00  0.2600E+02
   1.167  0.0000E+00  0.2600E+02
   1.177  0.0000E+00  0.2600E+02
   1.187  0.0000E+00  0.2600E+02
   1.197  0.0000E+00  0.2600E+02
   1.207  0.0000E+00  0.2600E+02
   1.217  0.0000E+00  0.2600E+02
   1.227  0.0000E+00  0.2600E+02
   1.237  0.0000E+00  0.2600E+02
   1.247  0.0000E+00  0.2600E+02
   1.257  0.0000E+00  0.2600E+02
   1.267  0.0000E+00  0.2600E+02
   1.277  0.0000E+00  0.2600E+02
   1.287  0.0000E+00  0.2600E+02
   1.297  0.0000E+00  0.2600E+02
   1.307  0.0000E+00  0.2600E+02
   1.317  0.0000E+00  0.2600E+02
   1.327  0.0000E+00  0.2600E+02
   1.337  0.0000E+00  0.2600E+02
   1.347  0.0000E+00  0.2600E+02
   1.357  0.0000E+00  0.2600E+02
   1.367  0.2660E+01  0.2603E+02
   1.377  0.2696E+01  0.2605E+02
   1.387  0.2947E+01  0.2608E+02
   1.397  0.3137E+01  0.2611E+02
   1.407  0.3711E+01  0.2615E+02
   1.417  0.5356E+01  0.2619E+02
   1.427  0.3460E+01  0.2623E+02
   1.437  0.3123E+01  0.2627E+02
   1.447  0.2834E+01  0.2630E+02
   1.457  0.2543E+01  0.2632E+02
   1.467  0.2285E+01  0.2635E+02
   1.477  0.2192E+01  0.2637E+02
   1.487  0.2111E+01  0.2639E+02
   1.497  0.2050E+01  0.2641E+02
   1.507  0.1993E+01  0.2643E+02
   1.517  0.1937E+01  0.2645E+02
   1.527  0.1803E+01  0.2647E+02
   1.537  0.1750E+01  0.2649E+02
   1.547  0.1742E+01  0.2650E+02
   1.557  0.1685E+01  0.2652E+02
   1.567  0.1661E+01  0.2654E+02
   1.577  0.1634E+01  0.2656E+02
   1.587  0.1683E+01  0.2657E+02
   1.597  0.1871E+01  0.2659E+02
   1.607  0.1878E+01  0.2661E+02
   1.617  0.1936E+01  0.2663E+02
   1.627  0.1832E+01  0.2665E+02
   1.637  0.1881E+01  0.2666E+02
   1.647  0.1816E+01  0.2668E+02
   1.657  0.1815E+01  0.2670E+02
   1.667  0.1843E+01  0.2672E+02
   1.677  0.1775E+01  0.2674E+02
   1.687  0.1773E+01  0.2675E+02
   1.697  0.1780E+01  0.2677E+02
   1.707  0.1788E+01  0.2679E+02
   1.717  0.1716E+01  0.2681E+02
   1.727  0.1704E+01  0.2682E+02
   1.737  0.1705E+01  0.2684E+02
   1.747  0.1713E+01  0.2686E+02
   1.757  0.1724E+01  0.2688E+02
   1.767  0.1666E+01  0.2689E+02
   1.777  0.1667E+01  0.2691E+02
   1.787  0.1672E+01  0.2693E+02
   1.797  0.1677E+01  0.2694E+02
   1.807  0.1687E+01  0.2696E+02
   1.817  0.1682E+01  0.2698E+02
   1.827  0.1630E+01  0.2699E+02
   1.837  0.1615E+01  0.2701E+02
   1.847  0.1622E+01  0.2703E+02
   1.857  0.1630E+01  0.2704E+02
   1.867  0.1634E+01  0.2706E+02
   1.877  0.1642E+01  0.2707E+02
   1.887  0.1649E+01  0.2709E+02
   1.897  0.1605E+01  0.2711E+02
   1.907  0.1600E+01  0.2712E+02
   1.917  0.1600E+01  0.2714E+02
   1.927  0.1614E+01  0.2716E+02
   1.937  0.1620E+01  0.2717E+02
   1.947  0.1625E+01  0.2719E+02
   1.957  0.1629E+01  0.2720E+02
   1.967  0.1632E+01  0.2722E+02
   1.977  0.1599E+01  0.2724E+02
   1.987  0.1590E+01  0.2725E+02
   1.997  0.1595E+01  0.2727E+02
   2.007  0.1606E+01  0.2728E+02
   2.017  0.1613E+01  0.2730E+02
   2.027  0.1619E+01  0.2732E+02
   2.037  0.1625E+01  0.2733E+02
   2.047  0.1632E+01  0.2735E+02
   2.057  0.1639E+01  0.2737E+02
   2.067  0.1646E+01  0.2738E+02
   2.077  0.1630E+01  0.2740E+02
   2.087  0.1636E+01  0.2741E+02
   2.097  0.1641E+01  0.2743E+02
   2.107  0.1648E+01  0.2745E+02
   2.117  0.1654E+01  0.2746E+02
   2.127  0.1658E+01  0.2748E+02
   2.137  0.1663E+01  0.2750E+02
   2.147  0.1682E+01  0.2751E+02
   2.157  0.1703E+01  0.2753E+02
   2.167  0.1716E+01  0.2755E+02
   2.177  0.1714E+01  0.2757E+02
   2.187  0.1722E+01  0.2758E+02
   2.197  0.1731E+01  0.2760E+02
   2.207  0.1205E+02  0.2765E+02
   2.217  0.6957E+01  0.2775E+02
   2.227  0.5366E+01  0.2781E+02
   2.237  0.5034E+01  0.2786E+02
   2.247  0.4616E+01  0.2791E+02
   2.257  0.4304E+01  0.2795E+02
   2.267  0.4213E+01  0.2800E+02
   2.277  0.4251E+01  0.2804E+02
   2.287  0.3940E+01  0.2808E+02
   2.297  0.3843E+01  0.2812E+02
   2.307  0.3991E+01  0.2816E+02
   2.317  0.4084E+01  0.2820E+02
   2.327  0.4005E+01  0.2824E+02
   2.337  0.4098E+01  0.2828E+02
   2.347  0.4231E+01  0.2832E+02
   2.357  0.4791E+01  0.2836E+02
   2.367  0.4839E+01  0.2842E+02
   2.377  0.4366E+01  0.2846E+02
   2.387  0.3857E+01  0.2851E+02
   2.397  0.3865E+01  0.2854E+02
   2.407  0.3863E+01  0.2858E+02
   2.417  0.3845E+01  0.2862E+02
   2.427  0.3807E+01  0.2866E+02
   2.437  0.3834E+01  0.2870E+02
   2.447  0.3918E+01  0.2874E+02
   2.457  0.3996E+01  0.2878E+02
   2.467  0.3824E+01  0.2882E+02
   2.477  0.3792E+01  0.2885E+02
   2.487  0.3823E+01  0.2889E+02
   2.497  0.3861E+01  0.2893E+02
   2.507  0.3913E+01  0.2897E+02
   2.517  0.3960E+01  0.2901E+02
   2.527  0.4036E+01  0.2905E+02
   2.537  0.4086E+01  0.2909E+02
   2.547  0.4134E+01  0.2913E+02
   2.557  0.4239E+01  0.2917E+02
   2.567  0.4437E+01  0.2921E+02
   2.577  0.4629E+01  0.2926E+02
   2.587  0.4676E+01  0.2931E+02
   2.597  0.4950E+01  0.2935E+02
   2.607  0.6437E+01  0.2941E+02
   2.617  0.7019E+01  0.2948E+02
   2.627  0.6296E+01  0.2955E+02
   2.637  0.6299E+01  0.2961E+02
   2.647  0.6107E+01  0.2967E+02
   2.657  0.6123E+01  0.2973E+02
   2.667  0.6160E+01  0.2979E+02
   2.677  0.6084E+01  0.2985E+02
   2.687  0.6190E+01  0.2992E+02
   2.697  0.6502E+01  0.2998E+02
   2.707  0.6634E+01  0.3004E+02
   2.717  0.6455E+01  0.3011E+02
   2.727  0.5717E+01  0.3017E+02
   2.737  0.6401E+01  0.3023E+02
   2.747  0.6821E+01  0.3030E+02
   2.757  0.8095E+01  0.3037E+02
   2.767  0.7508E+01  0.3046E+02
   2.777  0.6354E+01  0.3053E+02
   2.787  0.5743E+01  0.3059E+02
   2.797  0.5438E+01  0.3065E+02
   2.807  0.5111E+01  0.3070E+02
   2.817  0.4902E+01  0.3075E+02
   2.827  0.4556E+01  0.3080E+02
   2.837  0.4462E+01  0.3084E+02
   2.847  0.4133E+01  0.3088E+02
   2.857  0.4071E+01  0.3092E+02
   2.867  0.3918E+01  0.3097E+02
   2.877  0.3814E+01  0.3100E+02
   2.887  0.3796E+01  0.3104E+02
   2.897  0.3661E+01  0.3108E+02
   2.907  0.3586E+01  0.3111E+02
   2.917  0.3598E+01  0.3115E+02
   2.927  0.3595E+01  0.3119E+02
   2.937  0.3582E+01  0.3122E+02
   2.947  0.3548E+01  0.3126E+02
   2.957  0.3569E+01  0.3129E+02
   2.967  0.3593E+01  0.3133E+02
   2.977  0.3748E+01  0.3137E+02
   2.987  0.4083E+01  0.3140E+02
   2.997  0.3993E+01  0.3145E+02
   3.007  0.3870E+01  0.3148E+02
   3.017  0.3885E+01  0.3152E+02
   3.027  0.4141E+01  0.3156E+02
   3.037  0.3949E+01  0.3160E+02
   3.047  0.4136E+01  0.3164E+02
   3.057  0.3365E+01  0.3168E+02
   3.067  0.3115E+01  0.3171E+02
   3.077  0.3314E+01  0.3175E+02
   3.087  0.3853E+01  0.3178E+02
   3.097  0.3910E+01  0.3182E+02
   3.107  0.4111E+01  0.3186E+02
   3.117  0.4304E+01  0.3190E+02
   3.127  0.4297E+01  0.3195E+02
   3.137  0.4346E+01  0.3199E+02
   3.147  0.4517E+01  0.3203E+02
   3.157  0.4876E+01  0.3208E+02
   3.167  0.5269E+01  0.3213E+02
   3.177  0.6013E+01  0.3219E+02
   3.187  0.1087E+02  0.3227E+02
   3.197  0.6925E+01  0.3235E+02
   3.207  0.6367E+01  0.3242E+02
   3.217  0.5964E+01  0.3248E+02
   3.227  0.5742E+01  0.3254E+02
   3.237  0.5513E+01  0.3260E+02
   3.247  0.5386E+01  0.3265E+02
   3.257  0.5342E+01  0.3270E+02
   3.267  0.5196E+01  0.3276E+02
   3.277  0.5341E+01  0.3281E+02
   3.287  0.5048E+01  0.3286E+02
   3.297  0.5169E+01  0.3291E+02
   3.307  0.3280E+01  0.3295E+02
   3.317  0.4091E+01  0.3299E+02
   3.327  0.3155E+01  0.3302E+02
   3.337  0.3058E+01  0.3305E+02
   3.347  0.2995E+01  0.3308E+02
   3.357  0.2941E+01  0.3311E+02
   3.367  0.2999E+01  0.3314E+02
   3.377  0.3060E+01  0.3317E+02
   3.387  0.3373E+01  0.3321E+02
   3.397  0.3631E+01  0.3324E+02
   3.407  0.3815E+01  0.3328E+02
   3.417  0.4161E+01  0.3332E+02
   3.427  0.4632E+01  0.3336E+02
   3.437  0.5114E+01  0.3341E+02
   3.447  0.5140E+01  0.3346E+02
   3.457  0.7477E+01  0.3352E+02
   3.467  0.8611E+01  0.3359E+02
   3.477  0.6192E+01  0.3367E+02
   3.487  0.4859E+01  0.3372E+02
   3.497  0.4465E+01  0.3377E+02
   3.507  0.4219E+01  0.3381E+02
   3.517  0.4862E+01  0.3385E+02
   3.527  0.4930E+01  0.3390E+02
   3.537  0.3947E+01  0.3395E+02
   3.547  0.3430E+01  0.3398E+02
   3.557  0.3264E+01  0.3402E+02
   3.567  0.9307E+00  0.3404E+02
   3.577  0.9254E+00  0.3405E+02
   3.587  0.9194E+00  0.3406E+02
   3.597  0.9151E+00  0.3407E+02
   3.607  0.9161E+00  0.3408E+02
   3.617  0.9086E+00  0.3409E+02
   3.627  0.9013E+00  0.3410E+02
   3.637  0.8952E+00  0.3411E+02
   3.647  0.8878E+00  0.3412E+02
   3.657  0.9336E+00  0.3412E+02
   3.667  0.1128E+01  0.3414E+02
   3.677  0.1164E+01  0.3415E+02
   3.687  0.1212E+01  0.3416E+02
   3.697  0.1168E+01  0.3417E+02
   3.707  0.1174E+01  0.3418E+02
   3.717  0.1179E+01  0.3419E+02
   3.727  0.1186E+01  0.3421E+02
   3.737  0.1165E+01  0.3422E+02
   3.747  0.1167E+01  0.3423E+02
   3.757  0.1185E+01  0.3424E+02
   3.767  0.1188E+01  0.3425E+02
   3.777  0.1177E+01  0.3427E+02
   3.787  0.1143E+01  0.3428E+02
   3.797  0.1191E+01  0.3429E+02
   3.807  0.1189E+01  0.3430E+02
   3.817  0.1138E+01  0.3431E+02
   3.827  0.1608E+01  0.3432E+02
   3.837  0.1105E+01  0.3434E+02
   3.847  0.1027E+01  0.3435E+02
   3.857  0.1027E+01  0.3436E+02
   3.867  0.1015E+01  0.3437E+02
   3.877  0.1041E+01  0.3438E+02
   3.887  0.1067E+01  0.3439E+02
   3.897  0.1049E+01  0.3440E+02
   3.907  0.1055E+01  0.3441E+02
   3.917  0.1073E+01  0.3442E+02
   3.927  0.1079E+01  0.3443E+02
   3.937  0.1078E+01  0.3444E+02
   3.947  0.1076E+01  0.3445E+02
   3.957  0.1083E+01  0.3446E+02
   3.967  0.1092E+01  0.3448E+02
   3.977  0.1104E+01  0.3449E+02
   3.987  0.1116E+01  0.3450E+02
   3.997  0.1114E+01  0.3451E+02
   4.007  0.1117E+01  0.3452E+02
   4.017  0.1117E+01  0.3453E+02
   4.027  0.1122E+01  0.3454E+02
   4.037  0.1131E+01  0.3455E+02
   4.047  0.1140E+01  0.3456E+02
   4.057  0.1149E+01  0.3458E+02
   4.067  0.1146E+01  0.3459E+02
   4.077  0.1152E+01  0.3460E+02
   4.087  0.1157E+01  0.3461E+02
   4.097  0.1165E+01  0.3462E+02
   4.107  0.1170E+01  0.3463E+02
   4.117  0.1174E+01  0.3465E+02
   4.127  0.1181E+01  0.3466E+02
   4.137  0.1187E+01  0.3467E+02
   4.147  0.1185E+01  0.3468E+02
   4.157  0.1188E+01  0.3469E+02
   4.167  0.1193E+01  0.3471E+02
   4.177  0.1199E+01  0.3472E+02
   4.187  0.1205E+01  0.3473E+02
   4.197  0.1213E+01  0.3474E+02
   4.207  0.1221E+01  0.3475E+02
   4.217  0.1226E+01  0.3477E+02
   4.227  0.1229E+01  0.3478E+02
   4.237  0.1228E+01  0.3479E+02
   4.247  0.1232E+01  0.3480E+02
   4.257  0.1236E+01  0.3481E+02
   4.267  0.1241E+01  0.3483E+02
   4.277  0.1247E+01  0.3484E+02
   4.287  0.1253E+01  0.3485E+02
   4.297  0.1259E+01  0.3486E+02
   4.307  0.1266E+01  0.3488E+02
   4.317  0.1273E+01  0.3489E+02
   4.327  0.1280E+01  0.3490E+02
   4.337  0.1277E+01  0.3492E+02
   4.347  0.1279E+01  0.3493E+02
   4.357  0.1284E+01  0.3494E+02
   4.367  0.1289E+01  0.3495E+02
   4.377  0.1294E+01  0.3497E+02
   4.387  0.1300E+01  0.3498E+02
   4.397  0.1307E+01  0.3499E+02
   4.407  0.1313E+01  0.3501E+02
   4.417  0.1319E+01  0.3502E+02
   4.427  0.1326E+01  0.3503E+02
   4.437  0.1333E+01  0.3505E+02
   4.447  0.1334E+01  0.3506E+02
   4.457  0.1337E+01  0.3507E+02
   4.467  0.1341E+01  0.3509E+02
   4.477  0.1347E+01  0.3510E+02
   4.487  0.1353E+01  0.3511E+02
   4.497  0.1359E+01  0.3513E+02
   4.507  0.1364E+01  0.3514E+02
   4.517  0.1370E+01  0.3515E+02
   4.527  0.1377E+01  0.3517E+02
   4.537  0.1384E+01  0.3518E+02
   4.547  0.1391E+01  0.3519E+02
   4.557  0.1398E+01  0.3521E+02
   4.567  0.1402E+01  0.3522E+02
   4.577  0.1721E+01  0.3524E+02
   4.587  0.1707E+01  0.3526E+02
   4.597  0.1759E+01  0.3527E+02
   4.607  0.1745E+01  0.3529E+02
   4.617  0.1746E+01  0.3531E+02
   4.627  0.1769E+01  0.3533E+02
   4.637  0.1793E+01  0.3534E+02
   4.647  0.1777E+01  0.3536E+02
   4.657  0.1782E+01  0.3538E+02
   4.667  0.1793E+01  0.3540E+02
   4.677  0.1810E+01  0.3541E+02
   4.687  0.1827E+01  0.3543E+02
   4.697  0.1818E+01  0.3545E+02
   4.707  0.1826E+01  0.3547E+02
   4.717  0.1835E+01  0.3549E+02
   4.727  0.1846E+01  0.3551E+02
   4.737  0.1861E+01  0.3552E+02
   4.747  0.1875E+01  0.3554E+02
   4.757  0.1879E+01  0.3556E+02
   4.767  0.1885E+01  0.3558E+02
   4.777  0.1895E+01  0.3560E+02
   4.787  0.1907E+01  0.3562E+02
   4.797  0.1920E+01  0.3564E+02
   4.807  0.1933E+01  0.3566E+02
   4.817  0.1950E+01  0.3568E+02
   4.827  0.1964E+01  0.3570E+02
   4.837  0.1971E+01  0.3572E+02
   4.847  0.1984E+01  0.3574E+02
   4.857  0.1995E+01  0.3576E+02
   4.867  0.2008E+01  0.3578E+02
   4.877  0.2023E+01  0.3580E+02
   4.887  0.2038E+01  0.3582E+02
   4.897  0.2054E+01  0.3584E+02
   4.907  0.2072E+01  0.3586E+02
   4.917  0.2104E+01  0.3588E+02
   4.927  0.2122E+01  0.3590E+02
   4.937  0.2140E+01  0.3592E+02
   4.947  0.2158E+01  0.3594E+02
   4.957  0.2177E+01  0.3596E+02
   4.967  0.2196E+01  0.3599E+02
   4.977  0.2222E+01  0.3601E+02
   4.987  0.2261E+01  0.3603E+02
   4.997  0.2287E+01  0.3605E+02
   5.007  0.2314E+01  0.3608E+02
   5.017  0.2340E+01  0.3610E+02
   5.027  0.2363E+01  0.3612E+02
   5.037  0.2418E+01  0.3615E+02
   5.047  0.2456E+01  0.3617E+02
   5.057  0.2487E+01  0.3620E+02
   5.067  0.2519E+01  0.3622E+02
   5.077  0.2597E+01  0.3625E+02
   5.087  0.2819E+01  0.3627E+02
   5.097  0.2853E+01  0.3630E+02
   5.107  0.2989E+01  0.3633E+02
   5.117  0.3097E+01  0.3636E+02
   5.127  0.3205E+01  0.3639E+02
   5.137  0.3703E+01  0.3643E+02
   5.147  0.3904E+01  0.3647E+02
   5.157  0.3301E+01  0.3650E+02
   5.167  0.3249E+01  0.3653E+02
   5.177  0.3100E+01  0.3656E+02
   5.187  0.3100E+01  0.3659E+02
   5.197  0.3086E+01  0.3663E+02
   5.207  0.3009E+01  0.3666E+02
   5.217  0.3009E+01  0.3669E+02
   5.227  0.3011E+01  0.3672E+02
   5.237  0.3014E+01  0.3675E+02
   5.247  0.3009E+01  0.3678E+02
   5.257  0.3001E+01  0.3681E+02
   5.267  0.2994E+01  0.3684E+02
   5.277  0.2992E+01  0.3687E+02
   5.287  0.2991E+01  0.3690E+02
   5.297  0.2992E+01  0.3693E+02
   5.307  0.2997E+01  0.3696E+02
   5.317  0.3003E+01  0.3699E+02
   5.327  0.3007E+01  0.3702E+02
   5.337  0.3006E+01  0.3705E+02
   5.347  0.3013E+01  0.3708E+02
   5.357  0.3019E+01  0.3711E+02
   5.367  0.3026E+01  0.3714E+02
   5.377  0.3035E+01  0.3717E+02
   5.387  0.3043E+01  0.3720E+02
   5.397  0.3053E+01  0.3723E+02
   5.407  0.3065E+01  0.3726E+02
   5.417  0.3078E+01  0.3729E+02
   5.427  0.3090E+01  0.3732E+02
   5.437  0.3102E+01  0.3735E+02
   5.447  0.3115E+01  0.3738E+02
   5.457  0.3136E+01  0.3741E+02
   5.467  0.3168E+01  0.3744E+02
   5.477  0.3196E+01  0.3748E+02
   5.487  0.3227E+01  0.3751E+02
   5.497  0.3256E+01  0.3754E+02
   5.507  0.3295E+01  0.3757E+02
   5.517  0.3451E+01  0.3761E+02
   5.527  0.3978E+01  0.3764E+02
   5.537  0.3952E+01  0.3768E+02
   5.547  0.4027E+01  0.3772E+02
   5.557  0.4108E+01  0.3777E+02
   5.567  0.4222E+01  0.3781E+02
   5.577  0.4345E+01  0.3785E+02
   5.587  0.4470E+01  0.3789E+02
   5.597  0.4573E+01  0.3794E+02
   5.607  0.4957E+01  0.3799E+02
   5.617  0.5187E+01  0.3804E+02
   5.627  0.5633E+01  0.3809E+02
   5.637  0.6510E+01  0.3815E+02
   5.647  0.6496E+01  0.3822E+02
   5.657  0.5650E+01  0.3829E+02
   5.667  0.5763E+01  0.3834E+02
   5.677  0.5323E+01  0.3840E+02
   5.687  0.5226E+01  0.3845E+02
   5.697  0.5197E+01  0.3850E+02
   5.707  0.5230E+01  0.3856E+02
   5.717  0.5158E+01  0.3861E+02
   5.727  0.5153E+01  0.3866E+02
   5.737  0.5677E+01  0.3871E+02
   5.747  0.5417E+01  0.3877E+02
   5.757  0.4862E+01  0.3882E+02
   5.767  0.4608E+01  0.3887E+02
   5.777  0.4160E+01  0.3891E+02
   5.787  0.3872E+01  0.3895E+02
   5.797  0.3668E+01  0.3899E+02
   5.807  0.3483E+01  0.3902E+02
   5.817  0.3184E+01  0.3906E+02
   5.827  0.3211E+01  0.3909E+02
   5.837  0.3145E+01  0.3912E+02
   5.847  0.3056E+01  0.3915E+02
   5.857  0.3048E+01  0.3918E+02
   5.867  0.3052E+01  0.3921E+02
   5.877  0.2957E+01  0.3924E+02
   5.887  0.2695E+01  0.3927E+02
   5.897  0.2799E+01  0.3930E+02
   5.907  0.2994E+01  0.3933E+02
   5.917  0.2869E+01  0.3936E+02
   5.927  0.2885E+01  0.3938E+02
   5.937  0.2895E+01  0.3941E+02
   5.947  0.2934E+01  0.3944E+02
   5.957  0.2906E+01  0.3947E+02
   5.967  0.2918E+01  0.3950E+02
   5.977  0.2933E+01  0.3953E+02
   5.987  0.2946E+01  0.3956E+02
   5.997  0.2956E+01  0.3959E+02
   6.007  0.2963E+01  0.3962E+02
   6.017  0.2953E+01  0.3965E+02
   6.027  0.2944E+01  0.3968E+02
   6.037  0.2933E+01  0.3971E+02
   6.047  0.2922E+01  0.3974E+02
   6.057  0.2909E+01  0.3977E+02
   6.067  0.2898E+01  0.3980E+02
   6.077  0.2889E+01  0.3982E+02
   6.087  0.2818E+01  0.3985E+02
   6.097  0.2774E+01  0.3988E+02
   6.107  0.2736E+01  0.3991E+02
   6.117  0.2708E+01  0.3994E+02
   6.127  0.2685E+01  0.3996E+02
   6.137  0.2671E+01  0.3999E+02
   6.147  0.2660E+01  0.4002E+02
   6.157  0.2651E+01  0.4004E+02
   6.167  0.2646E+01  0.4007E+02
   6.177  0.2579E+01  0.4009E+02
   6.187  0.2547E+01  0.4012E+02
   6.197  0.2527E+01  0.4015E+02
   6.207  0.2518E+01  0.4017E+02
   6.217  0.2507E+01  0.4020E+02
   6.227  0.2495E+01  0.4022E+02
   6.237  0.2487E+01  0.4025E+02
   6.247  0.2478E+01  0.4027E+02
   6.257  0.2473E+01  0.4030E+02
   6.267  0.2473E+01  0.4032E+02
   6.277  0.2474E+01  0.4035E+02
   6.287  0.2475E+01  0.4037E+02
   6.297  0.2456E+01  0.4039E+02
   6.307  0.2443E+01  0.4042E+02
   6.317  0.2437E+01  0.4044E+02
   6.327  0.2435E+01  0.4047E+02
   6.337  0.2444E+01  0.4049E+02
   6.347  0.2470E+01  0.4052E+02
   6.357  0.2478E+01  0.4054E+02
   6.367  0.2487E+01  0.4057E+02
   6.377  0.2497E+01  0.4059E+02
   6.387  0.2511E+01  0.4062E+02
   6.397  0.2535E+01  0.4064E+02
   6.407  0.2709E+01  0.4067E+02
   6.417  0.2902E+01  0.4070E+02
   6.427  0.2902E+01  0.4072E+02
   6.437  0.2992E+01  0.4075E+02
   6.447  0.3079E+01  0.4078E+02
   6.457  0.3156E+01  0.4082E+02
   6.467  0.3758E+01  0.4085E+02
   6.477  0.3511E+01  0.4089E+02
   6.487  0.3148E+01  0.4092E+02
   6.497  0.3115E+01  0.4095E+02
   6.507  0.3205E+01  0.4098E+02
   6.517  0.3201E+01  0.4101E+02
   6.527  0.3151E+01  0.4105E+02
   6.537  0.3162E+01  0.4108E+02
   6.547  0.3169E+01  0.4111E+02
   6.557  0.3178E+01  0.4114E+02
   6.567  0.3614E+01  0.4117E+02
   6.577  0.3366E+01  0.4121E+02
   6.587  0.3160E+01  0.4124E+02
   6.597  0.2936E+01  0.4127E+02
   6.607  0.2878E+01  0.4130E+02
   6.617  0.2868E+01  0.4133E+02
   6.627  0.2857E+01  0.4136E+02
   6.637  0.2831E+01  0.4139E+02
   6.647  0.2751E+01  0.4142E+02
   6.657  0.2770E+01  0.4144E+02
   6.667  0.3229E+01  0.4147E+02
   6.677  0.3000E+01  0.4150E+02
   6.687  0.2978E+01  0.4153E+02
   6.697  0.2864E+01  0.4156E+02
   6.707  0.2912E+01  0.4159E+02
   6.717  0.3002E+01  0.4162E+02
   6.727  0.2924E+01  0.4165E+02
   6.737  0.2782E+01  0.4168E+02
   6.747  0.2396E+01  0.4171E+02
   6.757  0.2426E+01  0.4173E+02
   6.767  0.2448E+01  0.4175E+02
   6.777  0.2460E+01  0.4178E+02
   6.787  0.2490E+01  0.4180E+02
   6.797  0.2517E+01  0.4183E+02
   6.807  0.3358E+01  0.4186E+02
   6.817  0.3595E+01  0.4189E+02
   6.827  0.3526E+01  0.4193E+02
   6.837  0.3700E+01  0.4196E+02
   6.847  0.3871E+01  0.4200E+02
   6.857  0.4616E+01  0.4204E+02
   6.867  0.4087E+01  0.4209E+02
   6.877  0.3830E+01  0.4213E+02
   6.887  0.3746E+01  0.4216E+02
   6.897  0.3484E+01  0.4220E+02
   6.907  0.3406E+01  0.4223E+02
   6.917  0.3391E+01  0.4227E+02
   6.927  0.3379E+01  0.4230E+02
   6.937  0.3371E+01  0.4234E+02
   6.947  0.3287E+01  0.4237E+02
   6.957  0.3296E+01  0.4240E+02
   6.967  0.3305E+01  0.4244E+02
   6.977  0.3299E+01  0.4247E+02
   6.987  0.3309E+01  0.4250E+02
   6.997  0.3303E+01  0.4253E+02
   7.007  0.3289E+01  0.4257E+02
   7.017  0.3320E+01  0.4260E+02
   7.027  0.3422E+01  0.4263E+02
   7.037  0.3498E+01  0.4267E+02
   7.047  0.3627E+01  0.4270E+02
   7.057  0.4407E+01  0.4274E+02
   7.067  0.3523E+01  0.4278E+02
   7.077  0.3364E+01  0.4282E+02
   7.087  0.3414E+01  0.4285E+02
   7.097  0.3273E+01  0.4288E+02
   7.107  0.3260E+01  0.4292E+02
   7.117  0.3217E+01  0.4295E+02
   7.127  0.3189E+01  0.4298E+02
   7.137  0.3207E+01  0.4301E+02
   7.147  0.3241E+01  0.4304E+02
   7.157  0.3933E+01  0.4308E+02
   7.167  0.4141E+01  0.4312E+02
   7.177  0.4278E+01  0.4317E+02
   7.187  0.4518E+01  0.4321E+02
   7.197  0.4568E+01  0.4325E+02
   7.207  0.4660E+01  0.4330E+02
   7.217  0.4924E+01  0.4335E+02
   7.227  0.5193E+01  0.4340E+02
   7.237  0.5443E+01  0.4345E+02
   7.247  0.5812E+01  0.4351E+02
   7.257  0.6463E+01  0.4357E+02
   7.267  0.5503E+01  0.4363E+02
   7.277  0.5524E+01  0.4368E+02
   7.287  0.5303E+01  0.4374E+02
   7.297  0.5635E+01  0.4379E+02
   7.307  0.5510E+01  0.4385E+02
   7.317  0.5554E+01  0.4390E+02
   7.327  0.5787E+01  0.4396E+02
   7.337  0.7168E+01  0.4403E+02
   7.347  0.7750E+01  0.4410E+02
   7.357  0.7687E+01  0.4418E+02
   7.367  0.5820E+01  0.4425E+02
   7.377  0.5787E+01  0.4431E+02
   7.387  0.5603E+01  0.4436E+02
   7.397  0.5475E+01  0.4442E+02
   7.407  0.5428E+01  0.4447E+02
   7.417  0.5504E+01  0.4453E+02
   7.427  0.5644E+01  0.4458E+02
   7.437  0.6173E+01  0.4464E+02
   7.447  0.5542E+01  0.4470E+02
   7.457  0.5339E+01  0.4476E+02
   7.467  0.5475E+01  0.4481E+02
   7.477  0.5234E+01  0.4486E+02
   7.487  0.1055E+02  0.4492E+02
   7.497  0.5121E+01  0.4497E+02
   7.507  0.5780E+01  0.4502E+02
   7.517  0.6466E+01  0.4509E+02
   7.527  0.4818E+01  0.4514E+02
   7.537  0.4783E+01  0.4519E+02
   7.547  0.5011E+01  0.4524E+02
   7.557  0.4858E+01  0.4529E+02
   7.567  0.4679E+01  0.4534E+02
   7.577  0.4510E+01  0.4538E+02
   7.587  0.4395E+01  0.4543E+02
   7.597  0.4552E+01  0.4547E+02
   7.607  0.4371E+01  0.4552E+02
   7.617  0.4313E+01  0.4556E+02
   7.627  0.3961E+01  0.4560E+02
   7.637  0.4036E+01  0.4565E+02
   7.647  0.3875E+01  0.4569E+02
   7.657  0.3872E+01  0.4572E+02
   7.667  0.3921E+01  0.4576E+02
   7.677  0.5338E+01  0.4582E+02
   7.687  0.5622E+01  0.4587E+02
   7.697  0.7511E+01  0.4594E+02
   7.707  0.7847E+01  0.4601E+02
   7.717  0.1037E+02  0.4610E+02
   7.727  0.7137E+01  0.4618E+02
   7.737  0.5639E+01  0.4625E+02
   7.747  0.5038E+01  0.4630E+02
   7.757  0.4706E+01  0.4635E+02
   7.767  0.4684E+01  0.4640E+02
   7.777  0.4584E+01  0.4644E+02
   7.787  0.4355E+01  0.4649E+02
   7.797  0.4477E+01  0.4653E+02
   7.807  0.5194E+01  0.4658E+02
   7.817  0.4205E+01  0.4662E+02
   7.827  0.4898E+01  0.4667E+02
   7.837  0.4941E+01  0.4672E+02
   7.847  0.4711E+01  0.4676E+02
   7.857  0.5288E+01  0.4681E+02
   7.867  0.6304E+01  0.4687E+02
   7.877  0.6537E+01  0.4694E+02
   7.887  0.5528E+01  0.4699E+02
   7.897  0.5469E+01  0.4705E+02
   7.907  0.4089E+01  0.4709E+02
   7.917  0.3869E+01  0.4713E+02
   7.927  0.4693E+01  0.4718E+02
   7.937  0.5456E+01  0.4723E+02
   7.947  0.4932E+01  0.4728E+02
   7.957  0.4478E+01  0.4733E+02
   7.967  0.4343E+01  0.4738E+02
   7.977  0.3807E+01  0.4742E+02
   7.987  0.3625E+01  0.4746E+02
   7.997  0.3641E+01  0.4749E+02
   8.007  0.3512E+01  0.4753E+02
   8.017  0.4362E+01  0.4756E+02
   8.027  0.3476E+01  0.4760E+02
   8.037  0.3189E+01  0.4763E+02
   8.047  0.2892E+01  0.4766E+02
   8.057  0.2949E+01  0.4769E+02
   8.067  0.2658E+01  0.4772E+02
   8.077  0.2412E+01  0.4775E+02
   8.087  0.2363E+01  0.4777E+02
   8.097  0.2321E+01  0.4779E+02
   8.107  0.2296E+01  0.4782E+02
   8.117  0.2273E+01  0.4784E+02
   8.127  0.2217E+01  0.4786E+02
   8.137  0.2172E+01  0.4788E+02
   8.147  0.2121E+01  0.4791E+02
   8.157  0.2040E+01  0.4793E+02
   8.167  0.2015E+01  0.4795E+02
   8.177  0.1992E+01  0.4797E+02
   8.187  0.2025E+01  0.4799E+02
   8.197  0.2203E+01  0.4801E+02
   8.207  0.2536E+01  0.4803E+02
   8.217  0.2255E+01  0.4806E+02
   8.227  0.2231E+01  0.4808E+02
   8.237  0.2204E+01  0.4810E+02
   8.247  0.3538E+01  0.4813E+02
   8.257  0.3198E+01  0.4817E+02
   8.267  0.2960E+01  0.4820E+02
   8.277  0.2998E+01  0.4823E+02
   8.287  0.2719E+01  0.4826E+02
   8.297  0.2626E+01  0.4828E+02
   8.307  0.3132E+01  0.4831E+02
   8.317  0.3250E+01  0.4834E+02
   8.327  0.3241E+01  0.4838E+02
   8.337  0.3331E+01  0.4841E+02
   8.347  0.3462E+01  0.4844E+02
   8.357  0.3528E+01  0.4848E+02
   8.367  0.3990E+01  0.4852E+02
   8.377  0.4443E+01  0.4856E+02
   8.387  0.2614E+01  0.4859E+02
   8.397  0.2644E+01  0.4862E+02
   8.407  0.2673E+01  0.4865E+02
   8.417  0.2744E+01  0.4867E+02
   8.427  0.2953E+01  0.4870E+02
   8.437  0.3124E+01  0.4873E+02
   8.447  0.3364E+01  0.4876E+02
   8.457  0.3517E+01  0.4880E+02
   8.467  0.3284E+01  0.4883E+02
   8.477  0.3285E+01  0.4887E+02
   8.487  0.3145E+01  0.4890E+02
   8.497  0.5560E+01  0.4894E+02
   8.507  0.7209E+01  0.4901E+02
   8.517  0.7766E+01  0.4908E+02
   8.527  0.1190E+02  0.4919E+02
   8.537  0.9057E+01  0.4929E+02
   8.547  0.9887E+01  0.4938E+02
   8.557  0.7983E+01  0.4947E+02
   8.567  0.7041E+01  0.4955E+02
   8.577  0.6809E+01  0.4962E+02
   8.587  0.6660E+01  0.4968E+02
   8.597  0.6718E+01  0.4975E+02
   8.607  0.6328E+01  0.4982E+02
   8.617  0.4688E+01  0.4987E+02
   8.627  0.5241E+01  0.4992E+02
   8.637  0.5623E+01  0.4997E+02
   8.647  0.5851E+01  0.5003E+02
   8.657  0.6129E+01  0.5009E+02
   8.667  0.6303E+01  0.5015E+02
   8.677  0.6683E+01  0.5021E+02
   8.687  0.6990E+01  0.5028E+02
   8.697  0.8591E+01  0.5035E+02
   8.707  0.5701E+01  0.5042E+02
   8.717  0.6963E+01  0.5047E+02
   8.727  0.4567E+01  0.5053E+02
   8.737  0.2902E+01  0.5056E+02
   8.747  0.2864E+01  0.5059E+02
   8.757  0.2853E+01  0.5062E+02
   8.767  0.2815E+01  0.5065E+02
   8.777  0.2908E+01  0.5067E+02
   8.787  0.2869E+01  0.5070E+02
   8.797  0.2819E+01  0.5073E+02
   8.807  0.2803E+01  0.5076E+02
   8.817  0.2801E+01  0.5079E+02
   8.827  0.2871E+01  0.5082E+02
   8.837  0.2946E+01  0.5085E+02
   8.847  0.3028E+01  0.5088E+02
   8.857  0.3115E+01  0.5091E+02
   8.867  0.3155E+01  0.5094E+02
   8.877  0.3269E+01  0.5097E+02
   8.887  0.3375E+01  0.5100E+02
   8.897  0.3450E+01  0.5104E+02
   8.907  0.3662E+01  0.5107E+02
   8.917  0.3920E+01  0.5111E+02
   8.927  0.4219E+01  0.5115E+02
   8.937  0.4294E+01  0.5120E+02
   8.947  0.4507E+01  0.5124E+02
   8.957  0.6020E+01  0.5130E+02
   8.967  0.6383E+01  0.5136E+02
   8.977  0.8086E+01  0.5143E+02
   8.987  0.6603E+01  0.5150E+02
   8.997  0.9239E+01  0.5158E+02
   9.007  0.5755E+01  0.5165E+02
   9.017  0.4506E+01  0.5170E+02
   9.027  0.2691E+01  0.5174E+02
   9.037  0.1756E+01  0.5176E+02
   9.047  0.9664E+00  0.5177E+02
   9.057  0.9196E+00  0.5178E+02
   9.067  0.8728E+00  0.5179E+02
   9.077  0.8253E+00  0.5180E+02
   9.087  0.7750E+00  0.5180E+02
   9.097  0.7265E+00  0.5181E+02
   9.107  0.6227E+00  0.5182E+02
   9.117  0.6158E+00  0.5182E+02
   9.127  0.6823E+00  0.5183E+02
   9.137  0.9130E+00  0.5184E+02
   9.147  0.1210E+01  0.5185E+02
   9.157  0.1507E+01  0.5186E+02
   9.167  0.1041E+01  0.5188E+02
   9.177  0.8773E+00  0.5189E+02
   9.187  0.7057E+00  0.5189E+02
   9.197  0.6483E+00  0.5190E+02
   9.207  0.6232E+00  0.5191E+02
   9.217  0.6025E+00  0.5191E+02
   9.227  0.5767E+00  0.5192E+02
   9.237  0.5508E+00  0.5192E+02
   9.247  0.5250E+00  0.5193E+02
   9.257  0.4992E+00  0.5193E+02
   9.267  0.4793E+00  0.5194E+02
   9.277  0.4594E+00  0.5194E+02
   9.287  0.4395E+00  0.5195E+02
   9.297  0.4225E+00  0.5195E+02
   9.307  0.4030E+00  0.5196E+02
   9.317  0.4085E+00  0.5196E+02
   9.327  0.3977E+00  0.5196E+02
   9.337  0.3769E+00  0.5197E+02
   9.347  0.3561E+00  0.5197E+02
   9.357  0.3354E+00  0.5198E+02
   9.367  0.3146E+00  0.5198E+02
   9.377  0.2938E+00  0.5198E+02
   9.387  0.3175E+00  0.5199E+02
   9.397  0.2981E+00  0.5199E+02
   9.407  0.2788E+00  0.5199E+02
   9.417  0.2601E+00  0.5199E+02
   9.427  0.2325E+00  0.5200E+02
   9.437  0.1611E+00  0.5200E+02
   9.447  0.8970E-01  0.5200E+02
   9.457  0.1832E-01  0.5200E+02
