#  E (eV)   dos(E)     Int dos(E) EFermi =    0.464 eV
 -50.186  0.0000E+00  0.0000E+00
 -50.176  0.4927E+01  0.4789E-01
 -50.166  0.5172E+01  0.9877E-01
 -50.156  0.5480E+01  0.1521E+00
 -50.146  0.5731E+01  0.2081E+00
 -50.136  0.6070E+01  0.2671E+00
 -50.126  0.6452E+01  0.3297E+00
 -50.116  0.6884E+01  0.3963E+00
 -50.106  0.7411E+01  0.4677E+00
 -50.096  0.8053E+01  0.5449E+00
 -50.086  0.8846E+01  0.6291E+00
 -50.076  0.9853E+01  0.7221E+00
 -50.066  0.1118E+02  0.8268E+00
 -50.056  0.1303E+02  0.9475E+00
 -50.046  0.1630E+02  0.1092E+01
 -50.036  0.2271E+02  0.1282E+01
 -50.026  0.3077E+02  0.1612E+01
 -50.016  0.2153E+02  0.1862E+01
 -50.006  0.0000E+00  0.2000E+01
 -49.996  0.0000E+00  0.2000E+01
 -49.986  0.0000E+00  0.2000E+01
 -49.976  0.0000E+00  0.2000E+01
 -49.966  0.0000E+00  0.2000E+01
 -49.956  0.0000E+00  0.2000E+01
 -49.946  0.0000E+00  0.2000E+01
 -49.936  0.0000E+00  0.2000E+01
 -49.926  0.0000E+00  0.2000E+01
 -49.916  0.0000E+00  0.2000E+01
 -49.906  0.0000E+00  0.2000E+01
 -49.896  0.0000E+00  0.2000E+01
 -49.886  0.0000E+00  0.2000E+01
 -49.876  0.0000E+00  0.2000E+01
 -49.866  0.0000E+00  0.2000E+01
 -49.856  0.0000E+00  0.2000E+01
 -49.846  0.0000E+00  0.2000E+01
 -49.836  0.0000E+00  0.2000E+01
 -49.826  0.0000E+00  0.2000E+01
 -49.816  0.0000E+00  0.2000E+01
 -49.806  0.0000E+00  0.2000E+01
 -49.796  0.0000E+00  0.2000E+01
 -49.786  0.0000E+00  0.2000E+01
 -49.776  0.0000E+00  0.2000E+01
 -49.766  0.0000E+00  0.2000E+01
 -49.756  0.0000E+00  0.2000E+01
 -49.746  0.0000E+00  0.2000E+01
 -49.736  0.0000E+00  0.2000E+01
 -49.726  0.0000E+00  0.2000E+01
 -49.716  0.0000E+00  0.2000E+01
 -49.706  0.0000E+00  0.2000E+01
 -49.696  0.0000E+00  0.2000E+01
 -49.686  0.0000E+00  0.2000E+01
 -49.676  0.0000E+00  0.2000E+01
 -49.666  0.0000E+00  0.2000E+01
 -49.656  0.0000E+00  0.2000E+01
 -49.646  0.0000E+00  0.2000E+01
 -49.636  0.0000E+00  0.2000E+01
 -49.626  0.0000E+00  0.2000E+01
 -49.616  0.0000E+00  0.2000E+01
 -49.606  0.0000E+00  0.2000E+01
 -49.596  0.0000E+00  0.2000E+01
 -49.586  0.0000E+00  0.2000E+01
 -49.576  0.0000E+00  0.2000E+01
 -49.566  0.0000E+00  0.2000E+01
 -49.556  0.0000E+00  0.2000E+01
 -49.546  0.0000E+00  0.2000E+01
 -49.536  0.0000E+00  0.2000E+01
 -49.526  0.0000E+00  0.2000E+01
 -49.516  0.0000E+00  0.2000E+01
 -49.506  0.0000E+00  0.2000E+01
 -49.496  0.0000E+00  0.2000E+01
 -49.486  0.0000E+00  0.2000E+01
 -49.476  0.0000E+00  0.2000E+01
 -49.466  0.0000E+00  0.2000E+01
 -49.456  0.0000E+00  0.2000E+01
 -49.446  0.0000E+00  0.2000E+01
 -49.436  0.0000E+00  0.2000E+01
 -49.426  0.0000E+00  0.2000E+01
 -49.416  0.0000E+00  0.2000E+01
 -49.406  0.0000E+00  0.2000E+01
 -49.396  0.0000E+00  0.2000E+01
 -49.386  0.0000E+00  0.2000E+01
 -49.376  0.0000E+00  0.2000E+01
 -49.366  0.0000E+00  0.2000E+01
 -49.356  0.0000E+00  0.2000E+01
 -49.346  0.0000E+00  0.2000E+01
 -49.336  0.0000E+00  0.2000E+01
 -49.326  0.0000E+00  0.2000E+01
 -49.316  0.0000E+00  0.2000E+01
 -49.306  0.0000E+00  0.2000E+01
 -49.296  0.0000E+00  0.2000E+01
 -49.286  0.0000E+00  0.2000E+01
 -49.276  0.0000E+00  0.2000E+01
 -49.266  0.0000E+00  0.2000E+01
 -49.256  0.0000E+00  0.2000E+01
 -49.246  0.0000E+00  0.2000E+01
 -49.236  0.0000E+00  0.2000E+01
 -49.226  0.0000E+00  0.2000E+01
 -49.216  0.0000E+00  0.2000E+01
 -49.206  0.0000E+00  0.2000E+01
 -49.196  0.0000E+00  0.2000E+01
 -49.186  0.0000E+00  0.2000E+01
 -49.176  0.0000E+00  0.2000E+01
 -49.166  0.0000E+00  0.2000E+01
 -49.156  0.0000E+00  0.2000E+01
 -49.146  0.0000E+00  0.2000E+01
 -49.136  0.0000E+00  0.2000E+01
 -49.126  0.0000E+00  0.2000E+01
 -49.116  0.0000E+00  0.2000E+01
 -49.106  0.0000E+00  0.2000E+01
 -49.096  0.0000E+00  0.2000E+01
 -49.086  0.0000E+00  0.2000E+01
 -49.076  0.0000E+00  0.2000E+01
 -49.066  0.0000E+00  0.2000E+01
 -49.056  0.0000E+00  0.2000E+01
 -49.046  0.0000E+00  0.2000E+01
 -49.036  0.0000E+00  0.2000E+01
 -49.026  0.0000E+00  0.2000E+01
 -49.016  0.0000E+00  0.2000E+01
 -49.006  0.0000E+00  0.2000E+01
 -48.996  0.0000E+00  0.2000E+01
 -48.986  0.0000E+00  0.2000E+01
 -48.976  0.0000E+00  0.2000E+01
 -48.966  0.0000E+00  0.2000E+01
 -48.956  0.0000E+00  0.2000E+01
 -48.946  0.0000E+00  0.2000E+01
 -48.936  0.0000E+00  0.2000E+01
 -48.926  0.0000E+00  0.2000E+01
 -48.916  0.0000E+00  0.2000E+01
 -48.906  0.0000E+00  0.2000E+01
 -48.896  0.0000E+00  0.2000E+01
 -48.886  0.0000E+00  0.2000E+01
 -48.876  0.0000E+00  0.2000E+01
 -48.866  0.0000E+00  0.2000E+01
 -48.856  0.0000E+00  0.2000E+01
 -48.846  0.0000E+00  0.2000E+01
 -48.836  0.0000E+00  0.2000E+01
 -48.826  0.0000E+00  0.2000E+01
 -48.816  0.0000E+00  0.2000E+01
 -48.806  0.0000E+00  0.2000E+01
 -48.796  0.0000E+00  0.2000E+01
 -48.786  0.0000E+00  0.2000E+01
 -48.776  0.0000E+00  0.2000E+01
 -48.766  0.0000E+00  0.2000E+01
 -48.756  0.0000E+00  0.2000E+01
 -48.746  0.0000E+00  0.2000E+01
 -48.736  0.0000E+00  0.2000E+01
 -48.726  0.0000E+00  0.2000E+01
 -48.716  0.0000E+00  0.2000E+01
 -48.706  0.0000E+00  0.2000E+01
 -48.696  0.0000E+00  0.2000E+01
 -48.686  0.0000E+00  0.2000E+01
 -48.676  0.0000E+00  0.2000E+01
 -48.666  0.0000E+00  0.2000E+01
 -48.656  0.0000E+00  0.2000E+01
 -48.646  0.0000E+00  0.2000E+01
 -48.636  0.0000E+00  0.2000E+01
 -48.626  0.0000E+00  0.2000E+01
 -48.616  0.0000E+00  0.2000E+01
 -48.606  0.0000E+00  0.2000E+01
 -48.596  0.0000E+00  0.2000E+01
 -48.586  0.0000E+00  0.2000E+01
 -48.576  0.0000E+00  0.2000E+01
 -48.566  0.0000E+00  0.2000E+01
 -48.556  0.0000E+00  0.2000E+01
 -48.546  0.0000E+00  0.2000E+01
 -48.536  0.0000E+00  0.2000E+01
 -48.526  0.0000E+00  0.2000E+01
 -48.516  0.0000E+00  0.2000E+01
 -48.506  0.0000E+00  0.2000E+01
 -48.496  0.0000E+00  0.2000E+01
 -48.486  0.0000E+00  0.2000E+01
 -48.476  0.0000E+00  0.2000E+01
 -48.466  0.0000E+00  0.2000E+01
 -48.456  0.0000E+00  0.2000E+01
 -48.446  0.0000E+00  0.2000E+01
 -48.436  0.0000E+00  0.2000E+01
 -48.426  0.0000E+00  0.2000E+01
 -48.416  0.0000E+00  0.2000E+01
 -48.406  0.0000E+00  0.2000E+01
 -48.396  0.0000E+00  0.2000E+01
 -48.386  0.0000E+00  0.2000E+01
 -48.376  0.0000E+00  0.2000E+01
 -48.366  0.0000E+00  0.2000E+01
 -48.356  0.0000E+00  0.2000E+01
 -48.346  0.0000E+00  0.2000E+01
 -48.336  0.0000E+00  0.2000E+01
 -48.326  0.0000E+00  0.2000E+01
 -48.316  0.0000E+00  0.2000E+01
 -48.306  0.0000E+00  0.2000E+01
 -48.296  0.0000E+00  0.2000E+01
 -48.286  0.0000E+00  0.2000E+01
 -48.276  0.0000E+00  0.2000E+01
 -48.266  0.0000E+00  0.2000E+01
 -48.256  0.0000E+00  0.2000E+01
 -48.246  0.0000E+00  0.2000E+01
 -48.236  0.0000E+00  0.2000E+01
 -48.226  0.0000E+00  0.2000E+01
 -48.216  0.0000E+00  0.2000E+01
 -48.206  0.0000E+00  0.2000E+01
 -48.196  0.0000E+00  0.2000E+01
 -48.186  0.0000E+00  0.2000E+01
 -48.176  0.0000E+00  0.2000E+01
 -48.166  0.0000E+00  0.2000E+01
 -48.156  0.0000E+00  0.2000E+01
 -48.146  0.0000E+00  0.2000E+01
 -48.136  0.0000E+00  0.2000E+01
 -48.126  0.0000E+00  0.2000E+01
 -48.116  0.0000E+00  0.2000E+01
 -48.106  0.0000E+00  0.2000E+01
 -48.096  0.0000E+00  0.2000E+01
 -48.086  0.0000E+00  0.2000E+01
 -48.076  0.0000E+00  0.2000E+01
 -48.066  0.0000E+00  0.2000E+01
 -48.056  0.0000E+00  0.2000E+01
 -48.046  0.0000E+00  0.2000E+01
 -48.036  0.0000E+00  0.2000E+01
 -48.026  0.0000E+00  0.2000E+01
 -48.016  0.0000E+00  0.2000E+01
 -48.006  0.0000E+00  0.2000E+01
 -47.996  0.0000E+00  0.2000E+01
 -47.986  0.0000E+00  0.2000E+01
 -47.976  0.0000E+00  0.2000E+01
 -47.966  0.0000E+00  0.2000E+01
 -47.956  0.0000E+00  0.2000E+01
 -47.946  0.0000E+00  0.2000E+01
 -47.936  0.0000E+00  0.2000E+01
 -47.926  0.0000E+00  0.2000E+01
 -47.916  0.0000E+00  0.2000E+01
 -47.906  0.0000E+00  0.2000E+01
 -47.896  0.0000E+00  0.2000E+01
 -47.886  0.0000E+00  0.2000E+01
 -47.876  0.0000E+00  0.2000E+01
 -47.866  0.0000E+00  0.2000E+01
 -47.856  0.0000E+00  0.2000E+01
 -47.846  0.0000E+00  0.2000E+01
 -47.836  0.0000E+00  0.2000E+01
 -47.826  0.0000E+00  0.2000E+01
 -47.816  0.0000E+00  0.2000E+01
 -47.806  0.0000E+00  0.2000E+01
 -47.796  0.0000E+00  0.2000E+01
 -47.786  0.0000E+00  0.2000E+01
 -47.776  0.0000E+00  0.2000E+01
 -47.766  0.0000E+00  0.2000E+01
 -47.756  0.0000E+00  0.2000E+01
 -47.746  0.0000E+00  0.2000E+01
 -47.736  0.0000E+00  0.2000E+01
 -47.726  0.0000E+00  0.2000E+01
 -47.716  0.0000E+00  0.2000E+01
 -47.706  0.0000E+00  0.2000E+01
 -47.696  0.0000E+00  0.2000E+01
 -47.686  0.0000E+00  0.2000E+01
 -47.676  0.0000E+00  0.2000E+01
 -47.666  0.0000E+00  0.2000E+01
 -47.656  0.0000E+00  0.2000E+01
 -47.646  0.0000E+00  0.2000E+01
 -47.636  0.0000E+00  0.2000E+01
 -47.626  0.0000E+00  0.2000E+01
 -47.616  0.0000E+00  0.2000E+01
 -47.606  0.0000E+00  0.2000E+01
 -47.596  0.0000E+00  0.2000E+01
 -47.586  0.0000E+00  0.2000E+01
 -47.576  0.0000E+00  0.2000E+01
 -47.566  0.0000E+00  0.2000E+01
 -47.556  0.0000E+00  0.2000E+01
 -47.546  0.0000E+00  0.2000E+01
 -47.536  0.0000E+00  0.2000E+01
 -47.526  0.0000E+00  0.2000E+01
 -47.516  0.0000E+00  0.2000E+01
 -47.506  0.0000E+00  0.2000E+01
 -47.496  0.0000E+00  0.2000E+01
 -47.486  0.0000E+00  0.2000E+01
 -47.476  0.0000E+00  0.2000E+01
 -47.466  0.0000E+00  0.2000E+01
 -47.456  0.0000E+00  0.2000E+01
 -47.446  0.0000E+00  0.2000E+01
 -47.436  0.0000E+00  0.2000E+01
 -47.426  0.0000E+00  0.2000E+01
 -47.416  0.0000E+00  0.2000E+01
 -47.406  0.0000E+00  0.2000E+01
 -47.396  0.0000E+00  0.2000E+01
 -47.386  0.0000E+00  0.2000E+01
 -47.376  0.0000E+00  0.2000E+01
 -47.366  0.0000E+00  0.2000E+01
 -47.356  0.0000E+00  0.2000E+01
 -47.346  0.0000E+00  0.2000E+01
 -47.336  0.0000E+00  0.2000E+01
 -47.326  0.0000E+00  0.2000E+01
 -47.316  0.0000E+00  0.2000E+01
 -47.306  0.0000E+00  0.2000E+01
 -47.296  0.0000E+00  0.2000E+01
 -47.286  0.0000E+00  0.2000E+01
 -47.276  0.0000E+00  0.2000E+01
 -47.266  0.0000E+00  0.2000E+01
 -47.256  0.0000E+00  0.2000E+01
 -47.246  0.0000E+00  0.2000E+01
 -47.236  0.0000E+00  0.2000E+01
 -47.226  0.0000E+00  0.2000E+01
 -47.216  0.0000E+00  0.2000E+01
 -47.206  0.0000E+00  0.2000E+01
 -47.196  0.0000E+00  0.2000E+01
 -47.186  0.0000E+00  0.2000E+01
 -47.176  0.0000E+00  0.2000E+01
 -47.166  0.0000E+00  0.2000E+01
 -47.156  0.0000E+00  0.2000E+01
 -47.146  0.0000E+00  0.2000E+01
 -47.136  0.0000E+00  0.2000E+01
 -47.126  0.0000E+00  0.2000E+01
 -47.116  0.0000E+00  0.2000E+01
 -47.106  0.0000E+00  0.2000E+01
 -47.096  0.0000E+00  0.2000E+01
 -47.086  0.0000E+00  0.2000E+01
 -47.076  0.0000E+00  0.2000E+01
 -47.066  0.0000E+00  0.2000E+01
 -47.056  0.0000E+00  0.2000E+01
 -47.046  0.0000E+00  0.2000E+01
 -47.036  0.0000E+00  0.2000E+01
 -47.026  0.0000E+00  0.2000E+01
 -47.016  0.0000E+00  0.2000E+01
 -47.006  0.0000E+00  0.2000E+01
 -46.996  0.0000E+00  0.2000E+01
 -46.986  0.0000E+00  0.2000E+01
 -46.976  0.0000E+00  0.2000E+01
 -46.966  0.0000E+00  0.2000E+01
 -46.956  0.0000E+00  0.2000E+01
 -46.946  0.0000E+00  0.2000E+01
 -46.936  0.0000E+00  0.2000E+01
 -46.926  0.0000E+00  0.2000E+01
 -46.916  0.0000E+00  0.2000E+01
 -46.906  0.0000E+00  0.2000E+01
 -46.896  0.0000E+00  0.2000E+01
 -46.886  0.0000E+00  0.2000E+01
 -46.876  0.0000E+00  0.2000E+01
 -46.866  0.0000E+00  0.2000E+01
 -46.856  0.0000E+00  0.2000E+01
 -46.846  0.0000E+00  0.2000E+01
 -46.836  0.0000E+00  0.2000E+01
 -46.826  0.0000E+00  0.2000E+01
 -46.816  0.0000E+00  0.2000E+01
 -46.806  0.0000E+00  0.2000E+01
 -46.796  0.0000E+00  0.2000E+01
 -46.786  0.0000E+00  0.2000E+01
 -46.776  0.0000E+00  0.2000E+01
 -46.766  0.0000E+00  0.2000E+01
 -46.756  0.0000E+00  0.2000E+01
 -46.746  0.0000E+00  0.2000E+01
 -46.736  0.0000E+00  0.2000E+01
 -46.726  0.0000E+00  0.2000E+01
 -46.716  0.0000E+00  0.2000E+01
 -46.706  0.0000E+00  0.2000E+01
 -46.696  0.0000E+00  0.2000E+01
 -46.686  0.0000E+00  0.2000E+01
 -46.676  0.0000E+00  0.2000E+01
 -46.666  0.0000E+00  0.2000E+01
 -46.656  0.0000E+00  0.2000E+01
 -46.646  0.0000E+00  0.2000E+01
 -46.636  0.0000E+00  0.2000E+01
 -46.626  0.0000E+00  0.2000E+01
 -46.616  0.0000E+00  0.2000E+01
 -46.606  0.0000E+00  0.2000E+01
 -46.596  0.0000E+00  0.2000E+01
 -46.586  0.0000E+00  0.2000E+01
 -46.576  0.0000E+00  0.2000E+01
 -46.566  0.0000E+00  0.2000E+01
 -46.556  0.0000E+00  0.2000E+01
 -46.546  0.0000E+00  0.2000E+01
 -46.536  0.0000E+00  0.2000E+01
 -46.526  0.0000E+00  0.2000E+01
 -46.516  0.0000E+00  0.2000E+01
 -46.506  0.0000E+00  0.2000E+01
 -46.496  0.0000E+00  0.2000E+01
 -46.486  0.0000E+00  0.2000E+01
 -46.476  0.0000E+00  0.2000E+01
 -46.466  0.0000E+00  0.2000E+01
 -46.456  0.0000E+00  0.2000E+01
 -46.446  0.0000E+00  0.2000E+01
 -46.436  0.0000E+00  0.2000E+01
 -46.426  0.0000E+00  0.2000E+01
 -46.416  0.0000E+00  0.2000E+01
 -46.406  0.0000E+00  0.2000E+01
 -46.396  0.0000E+00  0.2000E+01
 -46.386  0.0000E+00  0.2000E+01
 -46.376  0.0000E+00  0.2000E+01
 -46.366  0.0000E+00  0.2000E+01
 -46.356  0.0000E+00  0.2000E+01
 -46.346  0.0000E+00  0.2000E+01
 -46.336  0.0000E+00  0.2000E+01
 -46.326  0.0000E+00  0.2000E+01
 -46.316  0.0000E+00  0.2000E+01
 -46.306  0.0000E+00  0.2000E+01
 -46.296  0.0000E+00  0.2000E+01
 -46.286  0.0000E+00  0.2000E+01
 -46.276  0.0000E+00  0.2000E+01
 -46.266  0.0000E+00  0.2000E+01
 -46.256  0.0000E+00  0.2000E+01
 -46.246  0.0000E+00  0.2000E+01
 -46.236  0.0000E+00  0.2000E+01
 -46.226  0.0000E+00  0.2000E+01
 -46.216  0.0000E+00  0.2000E+01
 -46.206  0.0000E+00  0.2000E+01
 -46.196  0.0000E+00  0.2000E+01
 -46.186  0.0000E+00  0.2000E+01
 -46.176  0.0000E+00  0.2000E+01
 -46.166  0.0000E+00  0.2000E+01
 -46.156  0.0000E+00  0.2000E+01
 -46.146  0.0000E+00  0.2000E+01
 -46.136  0.0000E+00  0.2000E+01
 -46.126  0.0000E+00  0.2000E+01
 -46.116  0.0000E+00  0.2000E+01
 -46.106  0.0000E+00  0.2000E+01
 -46.096  0.0000E+00  0.2000E+01
 -46.086  0.0000E+00  0.2000E+01
 -46.076  0.0000E+00  0.2000E+01
 -46.066  0.0000E+00  0.2000E+01
 -46.056  0.0000E+00  0.2000E+01
 -46.046  0.0000E+00  0.2000E+01
 -46.036  0.0000E+00  0.2000E+01
 -46.026  0.0000E+00  0.2000E+01
 -46.016  0.0000E+00  0.2000E+01
 -46.006  0.0000E+00  0.2000E+01
 -45.996  0.0000E+00  0.2000E+01
 -45.986  0.0000E+00  0.2000E+01
 -45.976  0.0000E+00  0.2000E+01
 -45.966  0.0000E+00  0.2000E+01
 -45.956  0.0000E+00  0.2000E+01
 -45.946  0.0000E+00  0.2000E+01
 -45.936  0.0000E+00  0.2000E+01
 -45.926  0.0000E+00  0.2000E+01
 -45.916  0.0000E+00  0.2000E+01
 -45.906  0.0000E+00  0.2000E+01
 -45.896  0.0000E+00  0.2000E+01
 -45.886  0.0000E+00  0.2000E+01
 -45.876  0.0000E+00  0.2000E+01
 -45.866  0.0000E+00  0.2000E+01
 -45.856  0.0000E+00  0.2000E+01
 -45.846  0.0000E+00  0.2000E+01
 -45.836  0.0000E+00  0.2000E+01
 -45.826  0.0000E+00  0.2000E+01
 -45.816  0.0000E+00  0.2000E+01
 -45.806  0.0000E+00  0.2000E+01
 -45.796  0.0000E+00  0.2000E+01
 -45.786  0.0000E+00  0.2000E+01
 -45.776  0.0000E+00  0.2000E+01
 -45.766  0.0000E+00  0.2000E+01
 -45.756  0.0000E+00  0.2000E+01
 -45.746  0.0000E+00  0.2000E+01
 -45.736  0.0000E+00  0.2000E+01
 -45.726  0.0000E+00  0.2000E+01
 -45.716  0.0000E+00  0.2000E+01
 -45.706  0.0000E+00  0.2000E+01
 -45.696  0.0000E+00  0.2000E+01
 -45.686  0.0000E+00  0.2000E+01
 -45.676  0.0000E+00  0.2000E+01
 -45.666  0.0000E+00  0.2000E+01
 -45.656  0.0000E+00  0.2000E+01
 -45.646  0.0000E+00  0.2000E+01
 -45.636  0.0000E+00  0.2000E+01
 -45.626  0.0000E+00  0.2000E+01
 -45.616  0.0000E+00  0.2000E+01
 -45.606  0.0000E+00  0.2000E+01
 -45.596  0.0000E+00  0.2000E+01
 -45.586  0.0000E+00  0.2000E+01
 -45.576  0.0000E+00  0.2000E+01
 -45.566  0.0000E+00  0.2000E+01
 -45.556  0.0000E+00  0.2000E+01
 -45.546  0.0000E+00  0.2000E+01
 -45.536  0.0000E+00  0.2000E+01
 -45.526  0.0000E+00  0.2000E+01
 -45.516  0.0000E+00  0.2000E+01
 -45.506  0.0000E+00  0.2000E+01
 -45.496  0.0000E+00  0.2000E+01
 -45.486  0.0000E+00  0.2000E+01
 -45.476  0.0000E+00  0.2000E+01
 -45.466  0.0000E+00  0.2000E+01
 -45.456  0.0000E+00  0.2000E+01
 -45.446  0.0000E+00  0.2000E+01
 -45.436  0.0000E+00  0.2000E+01
 -45.426  0.0000E+00  0.2000E+01
 -45.416  0.0000E+00  0.2000E+01
 -45.406  0.0000E+00  0.2000E+01
 -45.396  0.0000E+00  0.2000E+01
 -45.386  0.0000E+00  0.2000E+01
 -45.376  0.0000E+00  0.2000E+01
 -45.366  0.0000E+00  0.2000E+01
 -45.356  0.0000E+00  0.2000E+01
 -45.346  0.0000E+00  0.2000E+01
 -45.336  0.0000E+00  0.2000E+01
 -45.326  0.0000E+00  0.2000E+01
 -45.316  0.0000E+00  0.2000E+01
 -45.306  0.0000E+00  0.2000E+01
 -45.296  0.0000E+00  0.2000E+01
 -45.286  0.0000E+00  0.2000E+01
 -45.276  0.0000E+00  0.2000E+01
 -45.266  0.0000E+00  0.2000E+01
 -45.256  0.0000E+00  0.2000E+01
 -45.246  0.0000E+00  0.2000E+01
 -45.236  0.0000E+00  0.2000E+01
 -45.226  0.0000E+00  0.2000E+01
 -45.216  0.0000E+00  0.2000E+01
 -45.206  0.0000E+00  0.2000E+01
 -45.196  0.0000E+00  0.2000E+01
 -45.186  0.0000E+00  0.2000E+01
 -45.176  0.0000E+00  0.2000E+01
 -45.166  0.0000E+00  0.2000E+01
 -45.156  0.0000E+00  0.2000E+01
 -45.146  0.0000E+00  0.2000E+01
 -45.136  0.0000E+00  0.2000E+01
 -45.126  0.0000E+00  0.2000E+01
 -45.116  0.0000E+00  0.2000E+01
 -45.106  0.0000E+00  0.2000E+01
 -45.096  0.0000E+00  0.2000E+01
 -45.086  0.0000E+00  0.2000E+01
 -45.076  0.0000E+00  0.2000E+01
 -45.066  0.0000E+00  0.2000E+01
 -45.056  0.0000E+00  0.2000E+01
 -45.046  0.0000E+00  0.2000E+01
 -45.036  0.0000E+00  0.2000E+01
 -45.026  0.0000E+00  0.2000E+01
 -45.016  0.0000E+00  0.2000E+01
 -45.006  0.0000E+00  0.2000E+01
 -44.996  0.0000E+00  0.2000E+01
 -44.986  0.0000E+00  0.2000E+01
 -44.976  0.0000E+00  0.2000E+01
 -44.966  0.0000E+00  0.2000E+01
 -44.956  0.0000E+00  0.2000E+01
 -44.946  0.0000E+00  0.2000E+01
 -44.936  0.0000E+00  0.2000E+01
 -44.926  0.0000E+00  0.2000E+01
 -44.916  0.0000E+00  0.2000E+01
 -44.906  0.0000E+00  0.2000E+01
 -44.896  0.0000E+00  0.2000E+01
 -44.886  0.0000E+00  0.2000E+01
 -44.876  0.0000E+00  0.2000E+01
 -44.866  0.0000E+00  0.2000E+01
 -44.856  0.0000E+00  0.2000E+01
 -44.846  0.0000E+00  0.2000E+01
 -44.836  0.0000E+00  0.2000E+01
 -44.826  0.0000E+00  0.2000E+01
 -44.816  0.0000E+00  0.2000E+01
 -44.806  0.0000E+00  0.2000E+01
 -44.796  0.0000E+00  0.2000E+01
 -44.786  0.0000E+00  0.2000E+01
 -44.776  0.0000E+00  0.2000E+01
 -44.766  0.0000E+00  0.2000E+01
 -44.756  0.0000E+00  0.2000E+01
 -44.746  0.0000E+00  0.2000E+01
 -44.736  0.0000E+00  0.2000E+01
 -44.726  0.0000E+00  0.2000E+01
 -44.716  0.0000E+00  0.2000E+01
 -44.706  0.0000E+00  0.2000E+01
 -44.696  0.0000E+00  0.2000E+01
 -44.686  0.0000E+00  0.2000E+01
 -44.676  0.0000E+00  0.2000E+01
 -44.666  0.0000E+00  0.2000E+01
 -44.656  0.0000E+00  0.2000E+01
 -44.646  0.0000E+00  0.2000E+01
 -44.636  0.0000E+00  0.2000E+01
 -44.626  0.0000E+00  0.2000E+01
 -44.616  0.0000E+00  0.2000E+01
 -44.606  0.0000E+00  0.2000E+01
 -44.596  0.0000E+00  0.2000E+01
 -44.586  0.0000E+00  0.2000E+01
 -44.576  0.0000E+00  0.2000E+01
 -44.566  0.0000E+00  0.2000E+01
 -44.556  0.0000E+00  0.2000E+01
 -44.546  0.0000E+00  0.2000E+01
 -44.536  0.0000E+00  0.2000E+01
 -44.526  0.0000E+00  0.2000E+01
 -44.516  0.0000E+00  0.2000E+01
 -44.506  0.0000E+00  0.2000E+01
 -44.496  0.0000E+00  0.2000E+01
 -44.486  0.0000E+00  0.2000E+01
 -44.476  0.0000E+00  0.2000E+01
 -44.466  0.0000E+00  0.2000E+01
 -44.456  0.0000E+00  0.2000E+01
 -44.446  0.0000E+00  0.2000E+01
 -44.436  0.0000E+00  0.2000E+01
 -44.426  0.0000E+00  0.2000E+01
 -44.416  0.0000E+00  0.2000E+01
 -44.406  0.0000E+00  0.2000E+01
 -44.396  0.0000E+00  0.2000E+01
 -44.386  0.0000E+00  0.2000E+01
 -44.376  0.0000E+00  0.2000E+01
 -44.366  0.0000E+00  0.2000E+01
 -44.356  0.0000E+00  0.2000E+01
 -44.346  0.0000E+00  0.2000E+01
 -44.336  0.0000E+00  0.2000E+01
 -44.326  0.0000E+00  0.2000E+01
 -44.316  0.0000E+00  0.2000E+01
 -44.306  0.0000E+00  0.2000E+01
 -44.296  0.0000E+00  0.2000E+01
 -44.286  0.0000E+00  0.2000E+01
 -44.276  0.0000E+00  0.2000E+01
 -44.266  0.0000E+00  0.2000E+01
 -44.256  0.0000E+00  0.2000E+01
 -44.246  0.0000E+00  0.2000E+01
 -44.236  0.0000E+00  0.2000E+01
 -44.226  0.0000E+00  0.2000E+01
 -44.216  0.0000E+00  0.2000E+01
 -44.206  0.0000E+00  0.2000E+01
 -44.196  0.0000E+00  0.2000E+01
 -44.186  0.0000E+00  0.2000E+01
 -44.176  0.0000E+00  0.2000E+01
 -44.166  0.0000E+00  0.2000E+01
 -44.156  0.0000E+00  0.2000E+01
 -44.146  0.0000E+00  0.2000E+01
 -44.136  0.0000E+00  0.2000E+01
 -44.126  0.0000E+00  0.2000E+01
 -44.116  0.0000E+00  0.2000E+01
 -44.106  0.0000E+00  0.2000E+01
 -44.096  0.0000E+00  0.2000E+01
 -44.086  0.0000E+00  0.2000E+01
 -44.076  0.0000E+00  0.2000E+01
 -44.066  0.0000E+00  0.2000E+01
 -44.056  0.0000E+00  0.2000E+01
 -44.046  0.0000E+00  0.2000E+01
 -44.036  0.0000E+00  0.2000E+01
 -44.026  0.0000E+00  0.2000E+01
 -44.016  0.0000E+00  0.2000E+01
 -44.006  0.0000E+00  0.2000E+01
 -43.996  0.0000E+00  0.2000E+01
 -43.986  0.0000E+00  0.2000E+01
 -43.976  0.0000E+00  0.2000E+01
 -43.966  0.0000E+00  0.2000E+01
 -43.956  0.0000E+00  0.2000E+01
 -43.946  0.0000E+00  0.2000E+01
 -43.936  0.0000E+00  0.2000E+01
 -43.926  0.0000E+00  0.2000E+01
 -43.916  0.0000E+00  0.2000E+01
 -43.906  0.0000E+00  0.2000E+01
 -43.896  0.0000E+00  0.2000E+01
 -43.886  0.0000E+00  0.2000E+01
 -43.876  0.0000E+00  0.2000E+01
 -43.866  0.0000E+00  0.2000E+01
 -43.856  0.0000E+00  0.2000E+01
 -43.846  0.0000E+00  0.2000E+01
 -43.836  0.0000E+00  0.2000E+01
 -43.826  0.0000E+00  0.2000E+01
 -43.816  0.0000E+00  0.2000E+01
 -43.806  0.0000E+00  0.2000E+01
 -43.796  0.0000E+00  0.2000E+01
 -43.786  0.0000E+00  0.2000E+01
 -43.776  0.0000E+00  0.2000E+01
 -43.766  0.0000E+00  0.2000E+01
 -43.756  0.0000E+00  0.2000E+01
 -43.746  0.0000E+00  0.2000E+01
 -43.736  0.0000E+00  0.2000E+01
 -43.726  0.0000E+00  0.2000E+01
 -43.716  0.0000E+00  0.2000E+01
 -43.706  0.0000E+00  0.2000E+01
 -43.696  0.0000E+00  0.2000E+01
 -43.686  0.0000E+00  0.2000E+01
 -43.676  0.0000E+00  0.2000E+01
 -43.666  0.0000E+00  0.2000E+01
 -43.656  0.0000E+00  0.2000E+01
 -43.646  0.0000E+00  0.2000E+01
 -43.636  0.0000E+00  0.2000E+01
 -43.626  0.0000E+00  0.2000E+01
 -43.616  0.0000E+00  0.2000E+01
 -43.606  0.0000E+00  0.2000E+01
 -43.596  0.0000E+00  0.2000E+01
 -43.586  0.0000E+00  0.2000E+01
 -43.576  0.0000E+00  0.2000E+01
 -43.566  0.0000E+00  0.2000E+01
 -43.556  0.0000E+00  0.2000E+01
 -43.546  0.0000E+00  0.2000E+01
 -43.536  0.0000E+00  0.2000E+01
 -43.526  0.0000E+00  0.2000E+01
 -43.516  0.0000E+00  0.2000E+01
 -43.506  0.0000E+00  0.2000E+01
 -43.496  0.0000E+00  0.2000E+01
 -43.486  0.0000E+00  0.2000E+01
 -43.476  0.0000E+00  0.2000E+01
 -43.466  0.0000E+00  0.2000E+01
 -43.456  0.0000E+00  0.2000E+01
 -43.446  0.0000E+00  0.2000E+01
 -43.436  0.0000E+00  0.2000E+01
 -43.426  0.0000E+00  0.2000E+01
 -43.416  0.0000E+00  0.2000E+01
 -43.406  0.0000E+00  0.2000E+01
 -43.396  0.0000E+00  0.2000E+01
 -43.386  0.0000E+00  0.2000E+01
 -43.376  0.0000E+00  0.2000E+01
 -43.366  0.0000E+00  0.2000E+01
 -43.356  0.0000E+00  0.2000E+01
 -43.346  0.0000E+00  0.2000E+01
 -43.336  0.0000E+00  0.2000E+01
 -43.326  0.0000E+00  0.2000E+01
 -43.316  0.0000E+00  0.2000E+01
 -43.306  0.0000E+00  0.2000E+01
 -43.296  0.0000E+00  0.2000E+01
 -43.286  0.0000E+00  0.2000E+01
 -43.276  0.0000E+00  0.2000E+01
 -43.266  0.0000E+00  0.2000E+01
 -43.256  0.0000E+00  0.2000E+01
 -43.246  0.0000E+00  0.2000E+01
 -43.236  0.0000E+00  0.2000E+01
 -43.226  0.0000E+00  0.2000E+01
 -43.216  0.0000E+00  0.2000E+01
 -43.206  0.0000E+00  0.2000E+01
 -43.196  0.0000E+00  0.2000E+01
 -43.186  0.0000E+00  0.2000E+01
 -43.176  0.0000E+00  0.2000E+01
 -43.166  0.0000E+00  0.2000E+01
 -43.156  0.0000E+00  0.2000E+01
 -43.146  0.0000E+00  0.2000E+01
 -43.136  0.0000E+00  0.2000E+01
 -43.126  0.0000E+00  0.2000E+01
 -43.116  0.0000E+00  0.2000E+01
 -43.106  0.0000E+00  0.2000E+01
 -43.096  0.0000E+00  0.2000E+01
 -43.086  0.0000E+00  0.2000E+01
 -43.076  0.0000E+00  0.2000E+01
 -43.066  0.0000E+00  0.2000E+01
 -43.056  0.0000E+00  0.2000E+01
 -43.046  0.0000E+00  0.2000E+01
 -43.036  0.0000E+00  0.2000E+01
 -43.026  0.0000E+00  0.2000E+01
 -43.016  0.0000E+00  0.2000E+01
 -43.006  0.0000E+00  0.2000E+01
 -42.996  0.0000E+00  0.2000E+01
 -42.986  0.0000E+00  0.2000E+01
 -42.976  0.0000E+00  0.2000E+01
 -42.966  0.0000E+00  0.2000E+01
 -42.956  0.0000E+00  0.2000E+01
 -42.946  0.0000E+00  0.2000E+01
 -42.936  0.0000E+00  0.2000E+01
 -42.926  0.0000E+00  0.2000E+01
 -42.916  0.0000E+00  0.2000E+01
 -42.906  0.0000E+00  0.2000E+01
 -42.896  0.0000E+00  0.2000E+01
 -42.886  0.0000E+00  0.2000E+01
 -42.876  0.0000E+00  0.2000E+01
 -42.866  0.0000E+00  0.2000E+01
 -42.856  0.0000E+00  0.2000E+01
 -42.846  0.0000E+00  0.2000E+01
 -42.836  0.0000E+00  0.2000E+01
 -42.826  0.0000E+00  0.2000E+01
 -42.816  0.0000E+00  0.2000E+01
 -42.806  0.0000E+00  0.2000E+01
 -42.796  0.0000E+00  0.2000E+01
 -42.786  0.0000E+00  0.2000E+01
 -42.776  0.0000E+00  0.2000E+01
 -42.766  0.0000E+00  0.2000E+01
 -42.756  0.0000E+00  0.2000E+01
 -42.746  0.0000E+00  0.2000E+01
 -42.736  0.0000E+00  0.2000E+01
 -42.726  0.0000E+00  0.2000E+01
 -42.716  0.0000E+00  0.2000E+01
 -42.706  0.0000E+00  0.2000E+01
 -42.696  0.0000E+00  0.2000E+01
 -42.686  0.0000E+00  0.2000E+01
 -42.676  0.0000E+00  0.2000E+01
 -42.666  0.0000E+00  0.2000E+01
 -42.656  0.0000E+00  0.2000E+01
 -42.646  0.0000E+00  0.2000E+01
 -42.636  0.0000E+00  0.2000E+01
 -42.626  0.0000E+00  0.2000E+01
 -42.616  0.0000E+00  0.2000E+01
 -42.606  0.0000E+00  0.2000E+01
 -42.596  0.0000E+00  0.2000E+01
 -42.586  0.0000E+00  0.2000E+01
 -42.576  0.0000E+00  0.2000E+01
 -42.566  0.0000E+00  0.2000E+01
 -42.556  0.0000E+00  0.2000E+01
 -42.546  0.0000E+00  0.2000E+01
 -42.536  0.0000E+00  0.2000E+01
 -42.526  0.0000E+00  0.2000E+01
 -42.516  0.0000E+00  0.2000E+01
 -42.506  0.0000E+00  0.2000E+01
 -42.496  0.0000E+00  0.2000E+01
 -42.486  0.0000E+00  0.2000E+01
 -42.476  0.0000E+00  0.2000E+01
 -42.466  0.0000E+00  0.2000E+01
 -42.456  0.0000E+00  0.2000E+01
 -42.446  0.0000E+00  0.2000E+01
 -42.436  0.0000E+00  0.2000E+01
 -42.426  0.0000E+00  0.2000E+01
 -42.416  0.0000E+00  0.2000E+01
 -42.406  0.0000E+00  0.2000E+01
 -42.396  0.0000E+00  0.2000E+01
 -42.386  0.0000E+00  0.2000E+01
 -42.376  0.0000E+00  0.2000E+01
 -42.366  0.0000E+00  0.2000E+01
 -42.356  0.0000E+00  0.2000E+01
 -42.346  0.0000E+00  0.2000E+01
 -42.336  0.0000E+00  0.2000E+01
 -42.326  0.0000E+00  0.2000E+01
 -42.316  0.0000E+00  0.2000E+01
 -42.306  0.0000E+00  0.2000E+01
 -42.296  0.0000E+00  0.2000E+01
 -42.286  0.0000E+00  0.2000E+01
 -42.276  0.0000E+00  0.2000E+01
 -42.266  0.0000E+00  0.2000E+01
 -42.256  0.0000E+00  0.2000E+01
 -42.246  0.0000E+00  0.2000E+01
 -42.236  0.0000E+00  0.2000E+01
 -42.226  0.0000E+00  0.2000E+01
 -42.216  0.0000E+00  0.2000E+01
 -42.206  0.0000E+00  0.2000E+01
 -42.196  0.0000E+00  0.2000E+01
 -42.186  0.0000E+00  0.2000E+01
 -42.176  0.0000E+00  0.2000E+01
 -42.166  0.0000E+00  0.2000E+01
 -42.156  0.0000E+00  0.2000E+01
 -42.146  0.0000E+00  0.2000E+01
 -42.136  0.0000E+00  0.2000E+01
 -42.126  0.0000E+00  0.2000E+01
 -42.116  0.0000E+00  0.2000E+01
 -42.106  0.0000E+00  0.2000E+01
 -42.096  0.0000E+00  0.2000E+01
 -42.086  0.0000E+00  0.2000E+01
 -42.076  0.0000E+00  0.2000E+01
 -42.066  0.0000E+00  0.2000E+01
 -42.056  0.0000E+00  0.2000E+01
 -42.046  0.0000E+00  0.2000E+01
 -42.036  0.0000E+00  0.2000E+01
 -42.026  0.0000E+00  0.2000E+01
 -42.016  0.0000E+00  0.2000E+01
 -42.006  0.0000E+00  0.2000E+01
 -41.996  0.0000E+00  0.2000E+01
 -41.986  0.0000E+00  0.2000E+01
 -41.976  0.0000E+00  0.2000E+01
 -41.966  0.0000E+00  0.2000E+01
 -41.956  0.0000E+00  0.2000E+01
 -41.946  0.0000E+00  0.2000E+01
 -41.936  0.0000E+00  0.2000E+01
 -41.926  0.0000E+00  0.2000E+01
 -41.916  0.0000E+00  0.2000E+01
 -41.906  0.0000E+00  0.2000E+01
 -41.896  0.0000E+00  0.2000E+01
 -41.886  0.0000E+00  0.2000E+01
 -41.876  0.0000E+00  0.2000E+01
 -41.866  0.0000E+00  0.2000E+01
 -41.856  0.0000E+00  0.2000E+01
 -41.846  0.0000E+00  0.2000E+01
 -41.836  0.0000E+00  0.2000E+01
 -41.826  0.0000E+00  0.2000E+01
 -41.816  0.0000E+00  0.2000E+01
 -41.806  0.0000E+00  0.2000E+01
 -41.796  0.0000E+00  0.2000E+01
 -41.786  0.0000E+00  0.2000E+01
 -41.776  0.0000E+00  0.2000E+01
 -41.766  0.0000E+00  0.2000E+01
 -41.756  0.0000E+00  0.2000E+01
 -41.746  0.0000E+00  0.2000E+01
 -41.736  0.0000E+00  0.2000E+01
 -41.726  0.0000E+00  0.2000E+01
 -41.716  0.0000E+00  0.2000E+01
 -41.706  0.0000E+00  0.2000E+01
 -41.696  0.0000E+00  0.2000E+01
 -41.686  0.0000E+00  0.2000E+01
 -41.676  0.0000E+00  0.2000E+01
 -41.666  0.0000E+00  0.2000E+01
 -41.656  0.0000E+00  0.2000E+01
 -41.646  0.0000E+00  0.2000E+01
 -41.636  0.0000E+00  0.2000E+01
 -41.626  0.0000E+00  0.2000E+01
 -41.616  0.0000E+00  0.2000E+01
 -41.606  0.0000E+00  0.2000E+01
 -41.596  0.0000E+00  0.2000E+01
 -41.586  0.0000E+00  0.2000E+01
 -41.576  0.0000E+00  0.2000E+01
 -41.566  0.0000E+00  0.2000E+01
 -41.556  0.0000E+00  0.2000E+01
 -41.546  0.0000E+00  0.2000E+01
 -41.536  0.0000E+00  0.2000E+01
 -41.526  0.0000E+00  0.2000E+01
 -41.516  0.0000E+00  0.2000E+01
 -41.506  0.0000E+00  0.2000E+01
 -41.496  0.0000E+00  0.2000E+01
 -41.486  0.0000E+00  0.2000E+01
 -41.476  0.0000E+00  0.2000E+01
 -41.466  0.0000E+00  0.2000E+01
 -41.456  0.0000E+00  0.2000E+01
 -41.446  0.0000E+00  0.2000E+01
 -41.436  0.0000E+00  0.2000E+01
 -41.426  0.0000E+00  0.2000E+01
 -41.416  0.0000E+00  0.2000E+01
 -41.406  0.0000E+00  0.2000E+01
 -41.396  0.0000E+00  0.2000E+01
 -41.386  0.0000E+00  0.2000E+01
 -41.376  0.0000E+00  0.2000E+01
 -41.366  0.0000E+00  0.2000E+01
 -41.356  0.0000E+00  0.2000E+01
 -41.346  0.0000E+00  0.2000E+01
 -41.336  0.0000E+00  0.2000E+01
 -41.326  0.0000E+00  0.2000E+01
 -41.316  0.0000E+00  0.2000E+01
 -41.306  0.0000E+00  0.2000E+01
 -41.296  0.0000E+00  0.2000E+01
 -41.286  0.0000E+00  0.2000E+01
 -41.276  0.0000E+00  0.2000E+01
 -41.266  0.0000E+00  0.2000E+01
 -41.256  0.0000E+00  0.2000E+01
 -41.246  0.0000E+00  0.2000E+01
 -41.236  0.0000E+00  0.2000E+01
 -41.226  0.0000E+00  0.2000E+01
 -41.216  0.0000E+00  0.2000E+01
 -41.206  0.0000E+00  0.2000E+01
 -41.196  0.0000E+00  0.2000E+01
 -41.186  0.0000E+00  0.2000E+01
 -41.176  0.0000E+00  0.2000E+01
 -41.166  0.0000E+00  0.2000E+01
 -41.156  0.0000E+00  0.2000E+01
 -41.146  0.0000E+00  0.2000E+01
 -41.136  0.0000E+00  0.2000E+01
 -41.126  0.0000E+00  0.2000E+01
 -41.116  0.0000E+00  0.2000E+01
 -41.106  0.0000E+00  0.2000E+01
 -41.096  0.0000E+00  0.2000E+01
 -41.086  0.0000E+00  0.2000E+01
 -41.076  0.0000E+00  0.2000E+01
 -41.066  0.0000E+00  0.2000E+01
 -41.056  0.0000E+00  0.2000E+01
 -41.046  0.0000E+00  0.2000E+01
 -41.036  0.0000E+00  0.2000E+01
 -41.026  0.0000E+00  0.2000E+01
 -41.016  0.0000E+00  0.2000E+01
 -41.006  0.0000E+00  0.2000E+01
 -40.996  0.0000E+00  0.2000E+01
 -40.986  0.0000E+00  0.2000E+01
 -40.976  0.0000E+00  0.2000E+01
 -40.966  0.0000E+00  0.2000E+01
 -40.956  0.0000E+00  0.2000E+01
 -40.946  0.0000E+00  0.2000E+01
 -40.936  0.0000E+00  0.2000E+01
 -40.926  0.0000E+00  0.2000E+01
 -40.916  0.0000E+00  0.2000E+01
 -40.906  0.0000E+00  0.2000E+01
 -40.896  0.0000E+00  0.2000E+01
 -40.886  0.0000E+00  0.2000E+01
 -40.876  0.0000E+00  0.2000E+01
 -40.866  0.0000E+00  0.2000E+01
 -40.856  0.0000E+00  0.2000E+01
 -40.846  0.0000E+00  0.2000E+01
 -40.836  0.0000E+00  0.2000E+01
 -40.826  0.0000E+00  0.2000E+01
 -40.816  0.0000E+00  0.2000E+01
 -40.806  0.0000E+00  0.2000E+01
 -40.796  0.0000E+00  0.2000E+01
 -40.786  0.0000E+00  0.2000E+01
 -40.776  0.0000E+00  0.2000E+01
 -40.766  0.0000E+00  0.2000E+01
 -40.756  0.0000E+00  0.2000E+01
 -40.746  0.0000E+00  0.2000E+01
 -40.736  0.0000E+00  0.2000E+01
 -40.726  0.0000E+00  0.2000E+01
 -40.716  0.0000E+00  0.2000E+01
 -40.706  0.0000E+00  0.2000E+01
 -40.696  0.0000E+00  0.2000E+01
 -40.686  0.0000E+00  0.2000E+01
 -40.676  0.0000E+00  0.2000E+01
 -40.666  0.0000E+00  0.2000E+01
 -40.656  0.0000E+00  0.2000E+01
 -40.646  0.0000E+00  0.2000E+01
 -40.636  0.0000E+00  0.2000E+01
 -40.626  0.0000E+00  0.2000E+01
 -40.616  0.0000E+00  0.2000E+01
 -40.606  0.0000E+00  0.2000E+01
 -40.596  0.0000E+00  0.2000E+01
 -40.586  0.0000E+00  0.2000E+01
 -40.576  0.0000E+00  0.2000E+01
 -40.566  0.0000E+00  0.2000E+01
 -40.556  0.0000E+00  0.2000E+01
 -40.546  0.0000E+00  0.2000E+01
 -40.536  0.0000E+00  0.2000E+01
 -40.526  0.0000E+00  0.2000E+01
 -40.516  0.0000E+00  0.2000E+01
 -40.506  0.0000E+00  0.2000E+01
 -40.496  0.0000E+00  0.2000E+01
 -40.486  0.0000E+00  0.2000E+01
 -40.476  0.0000E+00  0.2000E+01
 -40.466  0.0000E+00  0.2000E+01
 -40.456  0.0000E+00  0.2000E+01
 -40.446  0.0000E+00  0.2000E+01
 -40.436  0.0000E+00  0.2000E+01
 -40.426  0.0000E+00  0.2000E+01
 -40.416  0.0000E+00  0.2000E+01
 -40.406  0.0000E+00  0.2000E+01
 -40.396  0.0000E+00  0.2000E+01
 -40.386  0.0000E+00  0.2000E+01
 -40.376  0.0000E+00  0.2000E+01
 -40.366  0.0000E+00  0.2000E+01
 -40.356  0.0000E+00  0.2000E+01
 -40.346  0.0000E+00  0.2000E+01
 -40.336  0.0000E+00  0.2000E+01
 -40.326  0.0000E+00  0.2000E+01
 -40.316  0.0000E+00  0.2000E+01
 -40.306  0.0000E+00  0.2000E+01
 -40.296  0.0000E+00  0.2000E+01
 -40.286  0.0000E+00  0.2000E+01
 -40.276  0.0000E+00  0.2000E+01
 -40.266  0.0000E+00  0.2000E+01
 -40.256  0.0000E+00  0.2000E+01
 -40.246  0.0000E+00  0.2000E+01
 -40.236  0.0000E+00  0.2000E+01
 -40.226  0.0000E+00  0.2000E+01
 -40.216  0.0000E+00  0.2000E+01
 -40.206  0.0000E+00  0.2000E+01
 -40.196  0.0000E+00  0.2000E+01
 -40.186  0.0000E+00  0.2000E+01
 -40.176  0.0000E+00  0.2000E+01
 -40.166  0.0000E+00  0.2000E+01
 -40.156  0.0000E+00  0.2000E+01
 -40.146  0.0000E+00  0.2000E+01
 -40.136  0.0000E+00  0.2000E+01
 -40.126  0.0000E+00  0.2000E+01
 -40.116  0.0000E+00  0.2000E+01
 -40.106  0.0000E+00  0.2000E+01
 -40.096  0.0000E+00  0.2000E+01
 -40.086  0.0000E+00  0.2000E+01
 -40.076  0.0000E+00  0.2000E+01
 -40.066  0.0000E+00  0.2000E+01
 -40.056  0.0000E+00  0.2000E+01
 -40.046  0.0000E+00  0.2000E+01
 -40.036  0.0000E+00  0.2000E+01
 -40.026  0.0000E+00  0.2000E+01
 -40.016  0.0000E+00  0.2000E+01
 -40.006  0.0000E+00  0.2000E+01
 -39.996  0.0000E+00  0.2000E+01
 -39.986  0.0000E+00  0.2000E+01
 -39.976  0.0000E+00  0.2000E+01
 -39.966  0.0000E+00  0.2000E+01
 -39.956  0.0000E+00  0.2000E+01
 -39.946  0.0000E+00  0.2000E+01
 -39.936  0.0000E+00  0.2000E+01
 -39.926  0.0000E+00  0.2000E+01
 -39.916  0.0000E+00  0.2000E+01
 -39.906  0.0000E+00  0.2000E+01
 -39.896  0.0000E+00  0.2000E+01
 -39.886  0.0000E+00  0.2000E+01
 -39.876  0.0000E+00  0.2000E+01
 -39.866  0.0000E+00  0.2000E+01
 -39.856  0.0000E+00  0.2000E+01
 -39.846  0.0000E+00  0.2000E+01
 -39.836  0.0000E+00  0.2000E+01
 -39.826  0.0000E+00  0.2000E+01
 -39.816  0.0000E+00  0.2000E+01
 -39.806  0.0000E+00  0.2000E+01
 -39.796  0.0000E+00  0.2000E+01
 -39.786  0.0000E+00  0.2000E+01
 -39.776  0.0000E+00  0.2000E+01
 -39.766  0.0000E+00  0.2000E+01
 -39.756  0.0000E+00  0.2000E+01
 -39.746  0.0000E+00  0.2000E+01
 -39.736  0.0000E+00  0.2000E+01
 -39.726  0.0000E+00  0.2000E+01
 -39.716  0.0000E+00  0.2000E+01
 -39.706  0.0000E+00  0.2000E+01
 -39.696  0.0000E+00  0.2000E+01
 -39.686  0.0000E+00  0.2000E+01
 -39.676  0.0000E+00  0.2000E+01
 -39.666  0.0000E+00  0.2000E+01
 -39.656  0.0000E+00  0.2000E+01
 -39.646  0.0000E+00  0.2000E+01
 -39.636  0.0000E+00  0.2000E+01
 -39.626  0.0000E+00  0.2000E+01
 -39.616  0.0000E+00  0.2000E+01
 -39.606  0.0000E+00  0.2000E+01
 -39.596  0.0000E+00  0.2000E+01
 -39.586  0.0000E+00  0.2000E+01
 -39.576  0.0000E+00  0.2000E+01
 -39.566  0.0000E+00  0.2000E+01
 -39.556  0.0000E+00  0.2000E+01
 -39.546  0.0000E+00  0.2000E+01
 -39.536  0.0000E+00  0.2000E+01
 -39.526  0.0000E+00  0.2000E+01
 -39.516  0.0000E+00  0.2000E+01
 -39.506  0.0000E+00  0.2000E+01
 -39.496  0.0000E+00  0.2000E+01
 -39.486  0.0000E+00  0.2000E+01
 -39.476  0.0000E+00  0.2000E+01
 -39.466  0.0000E+00  0.2000E+01
 -39.456  0.0000E+00  0.2000E+01
 -39.446  0.0000E+00  0.2000E+01
 -39.436  0.0000E+00  0.2000E+01
 -39.426  0.0000E+00  0.2000E+01
 -39.416  0.0000E+00  0.2000E+01
 -39.406  0.0000E+00  0.2000E+01
 -39.396  0.0000E+00  0.2000E+01
 -39.386  0.0000E+00  0.2000E+01
 -39.376  0.0000E+00  0.2000E+01
 -39.366  0.0000E+00  0.2000E+01
 -39.356  0.0000E+00  0.2000E+01
 -39.346  0.0000E+00  0.2000E+01
 -39.336  0.0000E+00  0.2000E+01
 -39.326  0.0000E+00  0.2000E+01
 -39.316  0.0000E+00  0.2000E+01
 -39.306  0.0000E+00  0.2000E+01
 -39.296  0.0000E+00  0.2000E+01
 -39.286  0.0000E+00  0.2000E+01
 -39.276  0.0000E+00  0.2000E+01
 -39.266  0.0000E+00  0.2000E+01
 -39.256  0.0000E+00  0.2000E+01
 -39.246  0.0000E+00  0.2000E+01
 -39.236  0.0000E+00  0.2000E+01
 -39.226  0.0000E+00  0.2000E+01
 -39.216  0.0000E+00  0.2000E+01
 -39.206  0.0000E+00  0.2000E+01
 -39.196  0.0000E+00  0.2000E+01
 -39.186  0.0000E+00  0.2000E+01
 -39.176  0.0000E+00  0.2000E+01
 -39.166  0.0000E+00  0.2000E+01
 -39.156  0.0000E+00  0.2000E+01
 -39.146  0.0000E+00  0.2000E+01
 -39.136  0.0000E+00  0.2000E+01
 -39.126  0.0000E+00  0.2000E+01
 -39.116  0.0000E+00  0.2000E+01
 -39.106  0.0000E+00  0.2000E+01
 -39.096  0.0000E+00  0.2000E+01
 -39.086  0.0000E+00  0.2000E+01
 -39.076  0.0000E+00  0.2000E+01
 -39.066  0.0000E+00  0.2000E+01
 -39.056  0.0000E+00  0.2000E+01
 -39.046  0.0000E+00  0.2000E+01
 -39.036  0.0000E+00  0.2000E+01
 -39.026  0.0000E+00  0.2000E+01
 -39.016  0.0000E+00  0.2000E+01
 -39.006  0.0000E+00  0.2000E+01
 -38.996  0.0000E+00  0.2000E+01
 -38.986  0.0000E+00  0.2000E+01
 -38.976  0.0000E+00  0.2000E+01
 -38.966  0.0000E+00  0.2000E+01
 -38.956  0.0000E+00  0.2000E+01
 -38.946  0.0000E+00  0.2000E+01
 -38.936  0.0000E+00  0.2000E+01
 -38.926  0.0000E+00  0.2000E+01
 -38.916  0.0000E+00  0.2000E+01
 -38.906  0.0000E+00  0.2000E+01
 -38.896  0.0000E+00  0.2000E+01
 -38.886  0.0000E+00  0.2000E+01
 -38.876  0.0000E+00  0.2000E+01
 -38.866  0.0000E+00  0.2000E+01
 -38.856  0.0000E+00  0.2000E+01
 -38.846  0.0000E+00  0.2000E+01
 -38.836  0.0000E+00  0.2000E+01
 -38.826  0.0000E+00  0.2000E+01
 -38.816  0.0000E+00  0.2000E+01
 -38.806  0.0000E+00  0.2000E+01
 -38.796  0.0000E+00  0.2000E+01
 -38.786  0.0000E+00  0.2000E+01
 -38.776  0.0000E+00  0.2000E+01
 -38.766  0.0000E+00  0.2000E+01
 -38.756  0.0000E+00  0.2000E+01
 -38.746  0.0000E+00  0.2000E+01
 -38.736  0.0000E+00  0.2000E+01
 -38.726  0.0000E+00  0.2000E+01
 -38.716  0.0000E+00  0.2000E+01
 -38.706  0.0000E+00  0.2000E+01
 -38.696  0.0000E+00  0.2000E+01
 -38.686  0.0000E+00  0.2000E+01
 -38.676  0.0000E+00  0.2000E+01
 -38.666  0.0000E+00  0.2000E+01
 -38.656  0.0000E+00  0.2000E+01
 -38.646  0.0000E+00  0.2000E+01
 -38.636  0.0000E+00  0.2000E+01
 -38.626  0.0000E+00  0.2000E+01
 -38.616  0.0000E+00  0.2000E+01
 -38.606  0.0000E+00  0.2000E+01
 -38.596  0.0000E+00  0.2000E+01
 -38.586  0.0000E+00  0.2000E+01
 -38.576  0.0000E+00  0.2000E+01
 -38.566  0.0000E+00  0.2000E+01
 -38.556  0.0000E+00  0.2000E+01
 -38.546  0.0000E+00  0.2000E+01
 -38.536  0.0000E+00  0.2000E+01
 -38.526  0.0000E+00  0.2000E+01
 -38.516  0.0000E+00  0.2000E+01
 -38.506  0.0000E+00  0.2000E+01
 -38.496  0.0000E+00  0.2000E+01
 -38.486  0.0000E+00  0.2000E+01
 -38.476  0.0000E+00  0.2000E+01
 -38.466  0.0000E+00  0.2000E+01
 -38.456  0.0000E+00  0.2000E+01
 -38.446  0.0000E+00  0.2000E+01
 -38.436  0.0000E+00  0.2000E+01
 -38.426  0.0000E+00  0.2000E+01
 -38.416  0.0000E+00  0.2000E+01
 -38.406  0.0000E+00  0.2000E+01
 -38.396  0.0000E+00  0.2000E+01
 -38.386  0.0000E+00  0.2000E+01
 -38.376  0.0000E+00  0.2000E+01
 -38.366  0.0000E+00  0.2000E+01
 -38.356  0.0000E+00  0.2000E+01
 -38.346  0.0000E+00  0.2000E+01
 -38.336  0.0000E+00  0.2000E+01
 -38.326  0.0000E+00  0.2000E+01
 -38.316  0.0000E+00  0.2000E+01
 -38.306  0.0000E+00  0.2000E+01
 -38.296  0.0000E+00  0.2000E+01
 -38.286  0.0000E+00  0.2000E+01
 -38.276  0.0000E+00  0.2000E+01
 -38.266  0.0000E+00  0.2000E+01
 -38.256  0.0000E+00  0.2000E+01
 -38.246  0.0000E+00  0.2000E+01
 -38.236  0.0000E+00  0.2000E+01
 -38.226  0.0000E+00  0.2000E+01
 -38.216  0.0000E+00  0.2000E+01
 -38.206  0.0000E+00  0.2000E+01
 -38.196  0.0000E+00  0.2000E+01
 -38.186  0.0000E+00  0.2000E+01
 -38.176  0.0000E+00  0.2000E+01
 -38.166  0.0000E+00  0.2000E+01
 -38.156  0.0000E+00  0.2000E+01
 -38.146  0.0000E+00  0.2000E+01
 -38.136  0.0000E+00  0.2000E+01
 -38.126  0.0000E+00  0.2000E+01
 -38.116  0.0000E+00  0.2000E+01
 -38.106  0.0000E+00  0.2000E+01
 -38.096  0.0000E+00  0.2000E+01
 -38.086  0.0000E+00  0.2000E+01
 -38.076  0.0000E+00  0.2000E+01
 -38.066  0.0000E+00  0.2000E+01
 -38.056  0.0000E+00  0.2000E+01
 -38.046  0.0000E+00  0.2000E+01
 -38.036  0.0000E+00  0.2000E+01
 -38.026  0.0000E+00  0.2000E+01
 -38.016  0.0000E+00  0.2000E+01
 -38.006  0.0000E+00  0.2000E+01
 -37.996  0.0000E+00  0.2000E+01
 -37.986  0.0000E+00  0.2000E+01
 -37.976  0.0000E+00  0.2000E+01
 -37.966  0.0000E+00  0.2000E+01
 -37.956  0.0000E+00  0.2000E+01
 -37.946  0.0000E+00  0.2000E+01
 -37.936  0.0000E+00  0.2000E+01
 -37.926  0.0000E+00  0.2000E+01
 -37.916  0.0000E+00  0.2000E+01
 -37.906  0.0000E+00  0.2000E+01
 -37.896  0.0000E+00  0.2000E+01
 -37.886  0.0000E+00  0.2000E+01
 -37.876  0.0000E+00  0.2000E+01
 -37.866  0.0000E+00  0.2000E+01
 -37.856  0.0000E+00  0.2000E+01
 -37.846  0.0000E+00  0.2000E+01
 -37.836  0.0000E+00  0.2000E+01
 -37.826  0.0000E+00  0.2000E+01
 -37.816  0.0000E+00  0.2000E+01
 -37.806  0.0000E+00  0.2000E+01
 -37.796  0.0000E+00  0.2000E+01
 -37.786  0.0000E+00  0.2000E+01
 -37.776  0.0000E+00  0.2000E+01
 -37.766  0.0000E+00  0.2000E+01
 -37.756  0.0000E+00  0.2000E+01
 -37.746  0.0000E+00  0.2000E+01
 -37.736  0.0000E+00  0.2000E+01
 -37.726  0.0000E+00  0.2000E+01
 -37.716  0.0000E+00  0.2000E+01
 -37.706  0.0000E+00  0.2000E+01
 -37.696  0.0000E+00  0.2000E+01
 -37.686  0.0000E+00  0.2000E+01
 -37.676  0.0000E+00  0.2000E+01
 -37.666  0.0000E+00  0.2000E+01
 -37.656  0.0000E+00  0.2000E+01
 -37.646  0.0000E+00  0.2000E+01
 -37.636  0.0000E+00  0.2000E+01
 -37.626  0.0000E+00  0.2000E+01
 -37.616  0.0000E+00  0.2000E+01
 -37.606  0.0000E+00  0.2000E+01
 -37.596  0.0000E+00  0.2000E+01
 -37.586  0.0000E+00  0.2000E+01
 -37.576  0.0000E+00  0.2000E+01
 -37.566  0.0000E+00  0.2000E+01
 -37.556  0.0000E+00  0.2000E+01
 -37.546  0.0000E+00  0.2000E+01
 -37.536  0.0000E+00  0.2000E+01
 -37.526  0.0000E+00  0.2000E+01
 -37.516  0.0000E+00  0.2000E+01
 -37.506  0.0000E+00  0.2000E+01
 -37.496  0.0000E+00  0.2000E+01
 -37.486  0.0000E+00  0.2000E+01
 -37.476  0.0000E+00  0.2000E+01
 -37.466  0.0000E+00  0.2000E+01
 -37.456  0.0000E+00  0.2000E+01
 -37.446  0.0000E+00  0.2000E+01
 -37.436  0.0000E+00  0.2000E+01
 -37.426  0.0000E+00  0.2000E+01
 -37.416  0.0000E+00  0.2000E+01
 -37.406  0.0000E+00  0.2000E+01
 -37.396  0.0000E+00  0.2000E+01
 -37.386  0.0000E+00  0.2000E+01
 -37.376  0.0000E+00  0.2000E+01
 -37.366  0.0000E+00  0.2000E+01
 -37.356  0.0000E+00  0.2000E+01
 -37.346  0.0000E+00  0.2000E+01
 -37.336  0.0000E+00  0.2000E+01
 -37.326  0.0000E+00  0.2000E+01
 -37.316  0.0000E+00  0.2000E+01
 -37.306  0.0000E+00  0.2000E+01
 -37.296  0.0000E+00  0.2000E+01
 -37.286  0.0000E+00  0.2000E+01
 -37.276  0.0000E+00  0.2000E+01
 -37.266  0.0000E+00  0.2000E+01
 -37.256  0.0000E+00  0.2000E+01
 -37.246  0.0000E+00  0.2000E+01
 -37.236  0.0000E+00  0.2000E+01
 -37.226  0.0000E+00  0.2000E+01
 -37.216  0.0000E+00  0.2000E+01
 -37.206  0.0000E+00  0.2000E+01
 -37.196  0.0000E+00  0.2000E+01
 -37.186  0.0000E+00  0.2000E+01
 -37.176  0.0000E+00  0.2000E+01
 -37.166  0.0000E+00  0.2000E+01
 -37.156  0.0000E+00  0.2000E+01
 -37.146  0.0000E+00  0.2000E+01
 -37.136  0.0000E+00  0.2000E+01
 -37.126  0.0000E+00  0.2000E+01
 -37.116  0.0000E+00  0.2000E+01
 -37.106  0.0000E+00  0.2000E+01
 -37.096  0.0000E+00  0.2000E+01
 -37.086  0.0000E+00  0.2000E+01
 -37.076  0.0000E+00  0.2000E+01
 -37.066  0.0000E+00  0.2000E+01
 -37.056  0.0000E+00  0.2000E+01
 -37.046  0.0000E+00  0.2000E+01
 -37.036  0.0000E+00  0.2000E+01
 -37.026  0.0000E+00  0.2000E+01
 -37.016  0.0000E+00  0.2000E+01
 -37.006  0.0000E+00  0.2000E+01
 -36.996  0.0000E+00  0.2000E+01
 -36.986  0.0000E+00  0.2000E+01
 -36.976  0.0000E+00  0.2000E+01
 -36.966  0.0000E+00  0.2000E+01
 -36.956  0.0000E+00  0.2000E+01
 -36.946  0.0000E+00  0.2000E+01
 -36.936  0.0000E+00  0.2000E+01
 -36.926  0.0000E+00  0.2000E+01
 -36.916  0.0000E+00  0.2000E+01
 -36.906  0.0000E+00  0.2000E+01
 -36.896  0.0000E+00  0.2000E+01
 -36.886  0.0000E+00  0.2000E+01
 -36.876  0.0000E+00  0.2000E+01
 -36.866  0.0000E+00  0.2000E+01
 -36.856  0.0000E+00  0.2000E+01
 -36.846  0.0000E+00  0.2000E+01
 -36.836  0.0000E+00  0.2000E+01
 -36.826  0.0000E+00  0.2000E+01
 -36.816  0.0000E+00  0.2000E+01
 -36.806  0.0000E+00  0.2000E+01
 -36.796  0.0000E+00  0.2000E+01
 -36.786  0.0000E+00  0.2000E+01
 -36.776  0.0000E+00  0.2000E+01
 -36.766  0.0000E+00  0.2000E+01
 -36.756  0.0000E+00  0.2000E+01
 -36.746  0.0000E+00  0.2000E+01
 -36.736  0.0000E+00  0.2000E+01
 -36.726  0.0000E+00  0.2000E+01
 -36.716  0.0000E+00  0.2000E+01
 -36.706  0.0000E+00  0.2000E+01
 -36.696  0.0000E+00  0.2000E+01
 -36.686  0.0000E+00  0.2000E+01
 -36.676  0.0000E+00  0.2000E+01
 -36.666  0.0000E+00  0.2000E+01
 -36.656  0.0000E+00  0.2000E+01
 -36.646  0.0000E+00  0.2000E+01
 -36.636  0.0000E+00  0.2000E+01
 -36.626  0.0000E+00  0.2000E+01
 -36.616  0.0000E+00  0.2000E+01
 -36.606  0.0000E+00  0.2000E+01
 -36.596  0.0000E+00  0.2000E+01
 -36.586  0.0000E+00  0.2000E+01
 -36.576  0.0000E+00  0.2000E+01
 -36.566  0.0000E+00  0.2000E+01
 -36.556  0.0000E+00  0.2000E+01
 -36.546  0.0000E+00  0.2000E+01
 -36.536  0.0000E+00  0.2000E+01
 -36.526  0.0000E+00  0.2000E+01
 -36.516  0.0000E+00  0.2000E+01
 -36.506  0.0000E+00  0.2000E+01
 -36.496  0.0000E+00  0.2000E+01
 -36.486  0.0000E+00  0.2000E+01
 -36.476  0.0000E+00  0.2000E+01
 -36.466  0.0000E+00  0.2000E+01
 -36.456  0.0000E+00  0.2000E+01
 -36.446  0.0000E+00  0.2000E+01
 -36.436  0.0000E+00  0.2000E+01
 -36.426  0.0000E+00  0.2000E+01
 -36.416  0.0000E+00  0.2000E+01
 -36.406  0.0000E+00  0.2000E+01
 -36.396  0.0000E+00  0.2000E+01
 -36.386  0.0000E+00  0.2000E+01
 -36.376  0.0000E+00  0.2000E+01
 -36.366  0.0000E+00  0.2000E+01
 -36.356  0.0000E+00  0.2000E+01
 -36.346  0.0000E+00  0.2000E+01
 -36.336  0.0000E+00  0.2000E+01
 -36.326  0.0000E+00  0.2000E+01
 -36.316  0.0000E+00  0.2000E+01
 -36.306  0.0000E+00  0.2000E+01
 -36.296  0.0000E+00  0.2000E+01
 -36.286  0.0000E+00  0.2000E+01
 -36.276  0.0000E+00  0.2000E+01
 -36.266  0.0000E+00  0.2000E+01
 -36.256  0.0000E+00  0.2000E+01
 -36.246  0.0000E+00  0.2000E+01
 -36.236  0.0000E+00  0.2000E+01
 -36.226  0.0000E+00  0.2000E+01
 -36.216  0.0000E+00  0.2000E+01
 -36.206  0.0000E+00  0.2000E+01
 -36.196  0.0000E+00  0.2000E+01
 -36.186  0.0000E+00  0.2000E+01
 -36.176  0.0000E+00  0.2000E+01
 -36.166  0.0000E+00  0.2000E+01
 -36.156  0.0000E+00  0.2000E+01
 -36.146  0.0000E+00  0.2000E+01
 -36.136  0.0000E+00  0.2000E+01
 -36.126  0.0000E+00  0.2000E+01
 -36.116  0.0000E+00  0.2000E+01
 -36.106  0.0000E+00  0.2000E+01
 -36.096  0.0000E+00  0.2000E+01
 -36.086  0.0000E+00  0.2000E+01
 -36.076  0.0000E+00  0.2000E+01
 -36.066  0.0000E+00  0.2000E+01
 -36.056  0.0000E+00  0.2000E+01
 -36.046  0.0000E+00  0.2000E+01
 -36.036  0.0000E+00  0.2000E+01
 -36.026  0.0000E+00  0.2000E+01
 -36.016  0.0000E+00  0.2000E+01
 -36.006  0.0000E+00  0.2000E+01
 -35.996  0.0000E+00  0.2000E+01
 -35.986  0.0000E+00  0.2000E+01
 -35.976  0.0000E+00  0.2000E+01
 -35.966  0.0000E+00  0.2000E+01
 -35.956  0.0000E+00  0.2000E+01
 -35.946  0.0000E+00  0.2000E+01
 -35.936  0.0000E+00  0.2000E+01
 -35.926  0.0000E+00  0.2000E+01
 -35.916  0.0000E+00  0.2000E+01
 -35.906  0.0000E+00  0.2000E+01
 -35.896  0.0000E+00  0.2000E+01
 -35.886  0.0000E+00  0.2000E+01
 -35.876  0.0000E+00  0.2000E+01
 -35.866  0.0000E+00  0.2000E+01
 -35.856  0.0000E+00  0.2000E+01
 -35.846  0.0000E+00  0.2000E+01
 -35.836  0.0000E+00  0.2000E+01
 -35.826  0.0000E+00  0.2000E+01
 -35.816  0.0000E+00  0.2000E+01
 -35.806  0.0000E+00  0.2000E+01
 -35.796  0.0000E+00  0.2000E+01
 -35.786  0.0000E+00  0.2000E+01
 -35.776  0.0000E+00  0.2000E+01
 -35.766  0.0000E+00  0.2000E+01
 -35.756  0.0000E+00  0.2000E+01
 -35.746  0.0000E+00  0.2000E+01
 -35.736  0.0000E+00  0.2000E+01
 -35.726  0.0000E+00  0.2000E+01
 -35.716  0.0000E+00  0.2000E+01
 -35.706  0.0000E+00  0.2000E+01
 -35.696  0.0000E+00  0.2000E+01
 -35.686  0.0000E+00  0.2000E+01
 -35.676  0.0000E+00  0.2000E+01
 -35.666  0.0000E+00  0.2000E+01
 -35.656  0.0000E+00  0.2000E+01
 -35.646  0.0000E+00  0.2000E+01
 -35.636  0.0000E+00  0.2000E+01
 -35.626  0.0000E+00  0.2000E+01
 -35.616  0.0000E+00  0.2000E+01
 -35.606  0.0000E+00  0.2000E+01
 -35.596  0.0000E+00  0.2000E+01
 -35.586  0.0000E+00  0.2000E+01
 -35.576  0.0000E+00  0.2000E+01
 -35.566  0.0000E+00  0.2000E+01
 -35.556  0.0000E+00  0.2000E+01
 -35.546  0.0000E+00  0.2000E+01
 -35.536  0.0000E+00  0.2000E+01
 -35.526  0.0000E+00  0.2000E+01
 -35.516  0.0000E+00  0.2000E+01
 -35.506  0.0000E+00  0.2000E+01
 -35.496  0.0000E+00  0.2000E+01
 -35.486  0.0000E+00  0.2000E+01
 -35.476  0.0000E+00  0.2000E+01
 -35.466  0.0000E+00  0.2000E+01
 -35.456  0.0000E+00  0.2000E+01
 -35.446  0.0000E+00  0.2000E+01
 -35.436  0.0000E+00  0.2000E+01
 -35.426  0.0000E+00  0.2000E+01
 -35.416  0.0000E+00  0.2000E+01
 -35.406  0.0000E+00  0.2000E+01
 -35.396  0.0000E+00  0.2000E+01
 -35.386  0.0000E+00  0.2000E+01
 -35.376  0.0000E+00  0.2000E+01
 -35.366  0.0000E+00  0.2000E+01
 -35.356  0.0000E+00  0.2000E+01
 -35.346  0.0000E+00  0.2000E+01
 -35.336  0.0000E+00  0.2000E+01
 -35.326  0.0000E+00  0.2000E+01
 -35.316  0.0000E+00  0.2000E+01
 -35.306  0.0000E+00  0.2000E+01
 -35.296  0.0000E+00  0.2000E+01
 -35.286  0.0000E+00  0.2000E+01
 -35.276  0.0000E+00  0.2000E+01
 -35.266  0.0000E+00  0.2000E+01
 -35.256  0.0000E+00  0.2000E+01
 -35.246  0.0000E+00  0.2000E+01
 -35.236  0.0000E+00  0.2000E+01
 -35.226  0.0000E+00  0.2000E+01
 -35.216  0.0000E+00  0.2000E+01
 -35.206  0.0000E+00  0.2000E+01
 -35.196  0.0000E+00  0.2000E+01
 -35.186  0.0000E+00  0.2000E+01
 -35.176  0.0000E+00  0.2000E+01
 -35.166  0.0000E+00  0.2000E+01
 -35.156  0.0000E+00  0.2000E+01
 -35.146  0.0000E+00  0.2000E+01
 -35.136  0.0000E+00  0.2000E+01
 -35.126  0.0000E+00  0.2000E+01
 -35.116  0.0000E+00  0.2000E+01
 -35.106  0.0000E+00  0.2000E+01
 -35.096  0.0000E+00  0.2000E+01
 -35.086  0.0000E+00  0.2000E+01
 -35.076  0.0000E+00  0.2000E+01
 -35.066  0.0000E+00  0.2000E+01
 -35.056  0.0000E+00  0.2000E+01
 -35.046  0.0000E+00  0.2000E+01
 -35.036  0.0000E+00  0.2000E+01
 -35.026  0.0000E+00  0.2000E+01
 -35.016  0.0000E+00  0.2000E+01
 -35.006  0.0000E+00  0.2000E+01
 -34.996  0.0000E+00  0.2000E+01
 -34.986  0.0000E+00  0.2000E+01
 -34.976  0.0000E+00  0.2000E+01
 -34.966  0.0000E+00  0.2000E+01
 -34.956  0.0000E+00  0.2000E+01
 -34.946  0.0000E+00  0.2000E+01
 -34.936  0.0000E+00  0.2000E+01
 -34.926  0.0000E+00  0.2000E+01
 -34.916  0.0000E+00  0.2000E+01
 -34.906  0.0000E+00  0.2000E+01
 -34.896  0.0000E+00  0.2000E+01
 -34.886  0.0000E+00  0.2000E+01
 -34.876  0.0000E+00  0.2000E+01
 -34.866  0.0000E+00  0.2000E+01
 -34.856  0.0000E+00  0.2000E+01
 -34.846  0.0000E+00  0.2000E+01
 -34.836  0.0000E+00  0.2000E+01
 -34.826  0.0000E+00  0.2000E+01
 -34.816  0.0000E+00  0.2000E+01
 -34.806  0.0000E+00  0.2000E+01
 -34.796  0.0000E+00  0.2000E+01
 -34.786  0.0000E+00  0.2000E+01
 -34.776  0.0000E+00  0.2000E+01
 -34.766  0.0000E+00  0.2000E+01
 -34.756  0.0000E+00  0.2000E+01
 -34.746  0.0000E+00  0.2000E+01
 -34.736  0.0000E+00  0.2000E+01
 -34.726  0.0000E+00  0.2000E+01
 -34.716  0.0000E+00  0.2000E+01
 -34.706  0.0000E+00  0.2000E+01
 -34.696  0.0000E+00  0.2000E+01
 -34.686  0.0000E+00  0.2000E+01
 -34.676  0.0000E+00  0.2000E+01
 -34.666  0.0000E+00  0.2000E+01
 -34.656  0.0000E+00  0.2000E+01
 -34.646  0.0000E+00  0.2000E+01
 -34.636  0.0000E+00  0.2000E+01
 -34.626  0.0000E+00  0.2000E+01
 -34.616  0.0000E+00  0.2000E+01
 -34.606  0.0000E+00  0.2000E+01
 -34.596  0.0000E+00  0.2000E+01
 -34.586  0.0000E+00  0.2000E+01
 -34.576  0.0000E+00  0.2000E+01
 -34.566  0.0000E+00  0.2000E+01
 -34.556  0.0000E+00  0.2000E+01
 -34.546  0.0000E+00  0.2000E+01
 -34.536  0.0000E+00  0.2000E+01
 -34.526  0.0000E+00  0.2000E+01
 -34.516  0.0000E+00  0.2000E+01
 -34.506  0.0000E+00  0.2000E+01
 -34.496  0.0000E+00  0.2000E+01
 -34.486  0.0000E+00  0.2000E+01
 -34.476  0.0000E+00  0.2000E+01
 -34.466  0.0000E+00  0.2000E+01
 -34.456  0.0000E+00  0.2000E+01
 -34.446  0.0000E+00  0.2000E+01
 -34.436  0.0000E+00  0.2000E+01
 -34.426  0.0000E+00  0.2000E+01
 -34.416  0.0000E+00  0.2000E+01
 -34.406  0.0000E+00  0.2000E+01
 -34.396  0.0000E+00  0.2000E+01
 -34.386  0.0000E+00  0.2000E+01
 -34.376  0.0000E+00  0.2000E+01
 -34.366  0.0000E+00  0.2000E+01
 -34.356  0.0000E+00  0.2000E+01
 -34.346  0.0000E+00  0.2000E+01
 -34.336  0.0000E+00  0.2000E+01
 -34.326  0.0000E+00  0.2000E+01
 -34.316  0.0000E+00  0.2000E+01
 -34.306  0.0000E+00  0.2000E+01
 -34.296  0.0000E+00  0.2000E+01
 -34.286  0.0000E+00  0.2000E+01
 -34.276  0.0000E+00  0.2000E+01
 -34.266  0.0000E+00  0.2000E+01
 -34.256  0.0000E+00  0.2000E+01
 -34.246  0.0000E+00  0.2000E+01
 -34.236  0.0000E+00  0.2000E+01
 -34.226  0.0000E+00  0.2000E+01
 -34.216  0.0000E+00  0.2000E+01
 -34.206  0.0000E+00  0.2000E+01
 -34.196  0.0000E+00  0.2000E+01
 -34.186  0.0000E+00  0.2000E+01
 -34.176  0.0000E+00  0.2000E+01
 -34.166  0.0000E+00  0.2000E+01
 -34.156  0.0000E+00  0.2000E+01
 -34.146  0.0000E+00  0.2000E+01
 -34.136  0.0000E+00  0.2000E+01
 -34.126  0.0000E+00  0.2000E+01
 -34.116  0.0000E+00  0.2000E+01
 -34.106  0.0000E+00  0.2000E+01
 -34.096  0.0000E+00  0.2000E+01
 -34.086  0.0000E+00  0.2000E+01
 -34.076  0.0000E+00  0.2000E+01
 -34.066  0.0000E+00  0.2000E+01
 -34.056  0.0000E+00  0.2000E+01
 -34.046  0.0000E+00  0.2000E+01
 -34.036  0.0000E+00  0.2000E+01
 -34.026  0.0000E+00  0.2000E+01
 -34.016  0.0000E+00  0.2000E+01
 -34.006  0.0000E+00  0.2000E+01
 -33.996  0.0000E+00  0.2000E+01
 -33.986  0.0000E+00  0.2000E+01
 -33.976  0.0000E+00  0.2000E+01
 -33.966  0.0000E+00  0.2000E+01
 -33.956  0.0000E+00  0.2000E+01
 -33.946  0.0000E+00  0.2000E+01
 -33.936  0.0000E+00  0.2000E+01
 -33.926  0.0000E+00  0.2000E+01
 -33.916  0.0000E+00  0.2000E+01
 -33.906  0.0000E+00  0.2000E+01
 -33.896  0.0000E+00  0.2000E+01
 -33.886  0.0000E+00  0.2000E+01
 -33.876  0.0000E+00  0.2000E+01
 -33.866  0.0000E+00  0.2000E+01
 -33.856  0.0000E+00  0.2000E+01
 -33.846  0.0000E+00  0.2000E+01
 -33.836  0.0000E+00  0.2000E+01
 -33.826  0.0000E+00  0.2000E+01
 -33.816  0.0000E+00  0.2000E+01
 -33.806  0.0000E+00  0.2000E+01
 -33.796  0.0000E+00  0.2000E+01
 -33.786  0.0000E+00  0.2000E+01
 -33.776  0.0000E+00  0.2000E+01
 -33.766  0.0000E+00  0.2000E+01
 -33.756  0.0000E+00  0.2000E+01
 -33.746  0.0000E+00  0.2000E+01
 -33.736  0.0000E+00  0.2000E+01
 -33.726  0.0000E+00  0.2000E+01
 -33.716  0.0000E+00  0.2000E+01
 -33.706  0.0000E+00  0.2000E+01
 -33.696  0.0000E+00  0.2000E+01
 -33.686  0.0000E+00  0.2000E+01
 -33.676  0.0000E+00  0.2000E+01
 -33.666  0.0000E+00  0.2000E+01
 -33.656  0.0000E+00  0.2000E+01
 -33.646  0.0000E+00  0.2000E+01
 -33.636  0.0000E+00  0.2000E+01
 -33.626  0.0000E+00  0.2000E+01
 -33.616  0.0000E+00  0.2000E+01
 -33.606  0.0000E+00  0.2000E+01
 -33.596  0.0000E+00  0.2000E+01
 -33.586  0.0000E+00  0.2000E+01
 -33.576  0.0000E+00  0.2000E+01
 -33.566  0.0000E+00  0.2000E+01
 -33.556  0.0000E+00  0.2000E+01
 -33.546  0.0000E+00  0.2000E+01
 -33.536  0.0000E+00  0.2000E+01
 -33.526  0.0000E+00  0.2000E+01
 -33.516  0.0000E+00  0.2000E+01
 -33.506  0.0000E+00  0.2000E+01
 -33.496  0.0000E+00  0.2000E+01
 -33.486  0.0000E+00  0.2000E+01
 -33.476  0.0000E+00  0.2000E+01
 -33.466  0.0000E+00  0.2000E+01
 -33.456  0.0000E+00  0.2000E+01
 -33.446  0.0000E+00  0.2000E+01
 -33.436  0.0000E+00  0.2000E+01
 -33.426  0.0000E+00  0.2000E+01
 -33.416  0.0000E+00  0.2000E+01
 -33.406  0.0000E+00  0.2000E+01
 -33.396  0.0000E+00  0.2000E+01
 -33.386  0.0000E+00  0.2000E+01
 -33.376  0.0000E+00  0.2000E+01
 -33.366  0.0000E+00  0.2000E+01
 -33.356  0.0000E+00  0.2000E+01
 -33.346  0.0000E+00  0.2000E+01
 -33.336  0.0000E+00  0.2000E+01
 -33.326  0.0000E+00  0.2000E+01
 -33.316  0.0000E+00  0.2000E+01
 -33.306  0.0000E+00  0.2000E+01
 -33.296  0.0000E+00  0.2000E+01
 -33.286  0.0000E+00  0.2000E+01
 -33.276  0.0000E+00  0.2000E+01
 -33.266  0.0000E+00  0.2000E+01
 -33.256  0.0000E+00  0.2000E+01
 -33.246  0.0000E+00  0.2000E+01
 -33.236  0.0000E+00  0.2000E+01
 -33.226  0.0000E+00  0.2000E+01
 -33.216  0.0000E+00  0.2000E+01
 -33.206  0.0000E+00  0.2000E+01
 -33.196  0.0000E+00  0.2000E+01
 -33.186  0.0000E+00  0.2000E+01
 -33.176  0.0000E+00  0.2000E+01
 -33.166  0.0000E+00  0.2000E+01
 -33.156  0.0000E+00  0.2000E+01
 -33.146  0.0000E+00  0.2000E+01
 -33.136  0.0000E+00  0.2000E+01
 -33.126  0.0000E+00  0.2000E+01
 -33.116  0.0000E+00  0.2000E+01
 -33.106  0.0000E+00  0.2000E+01
 -33.096  0.0000E+00  0.2000E+01
 -33.086  0.0000E+00  0.2000E+01
 -33.076  0.0000E+00  0.2000E+01
 -33.066  0.0000E+00  0.2000E+01
 -33.056  0.0000E+00  0.2000E+01
 -33.046  0.0000E+00  0.2000E+01
 -33.036  0.0000E+00  0.2000E+01
 -33.026  0.0000E+00  0.2000E+01
 -33.016  0.0000E+00  0.2000E+01
 -33.006  0.0000E+00  0.2000E+01
 -32.996  0.0000E+00  0.2000E+01
 -32.986  0.0000E+00  0.2000E+01
 -32.976  0.0000E+00  0.2000E+01
 -32.966  0.0000E+00  0.2000E+01
 -32.956  0.0000E+00  0.2000E+01
 -32.946  0.0000E+00  0.2000E+01
 -32.936  0.0000E+00  0.2000E+01
 -32.926  0.0000E+00  0.2000E+01
 -32.916  0.0000E+00  0.2000E+01
 -32.906  0.0000E+00  0.2000E+01
 -32.896  0.0000E+00  0.2000E+01
 -32.886  0.0000E+00  0.2000E+01
 -32.876  0.0000E+00  0.2000E+01
 -32.866  0.0000E+00  0.2000E+01
 -32.856  0.0000E+00  0.2000E+01
 -32.846  0.0000E+00  0.2000E+01
 -32.836  0.0000E+00  0.2000E+01
 -32.826  0.0000E+00  0.2000E+01
 -32.816  0.0000E+00  0.2000E+01
 -32.806  0.0000E+00  0.2000E+01
 -32.796  0.0000E+00  0.2000E+01
 -32.786  0.0000E+00  0.2000E+01
 -32.776  0.0000E+00  0.2000E+01
 -32.766  0.0000E+00  0.2000E+01
 -32.756  0.0000E+00  0.2000E+01
 -32.746  0.0000E+00  0.2000E+01
 -32.736  0.0000E+00  0.2000E+01
 -32.726  0.0000E+00  0.2000E+01
 -32.716  0.0000E+00  0.2000E+01
 -32.706  0.0000E+00  0.2000E+01
 -32.696  0.0000E+00  0.2000E+01
 -32.686  0.0000E+00  0.2000E+01
 -32.676  0.0000E+00  0.2000E+01
 -32.666  0.0000E+00  0.2000E+01
 -32.656  0.0000E+00  0.2000E+01
 -32.646  0.0000E+00  0.2000E+01
 -32.636  0.0000E+00  0.2000E+01
 -32.626  0.0000E+00  0.2000E+01
 -32.616  0.0000E+00  0.2000E+01
 -32.606  0.0000E+00  0.2000E+01
 -32.596  0.0000E+00  0.2000E+01
 -32.586  0.0000E+00  0.2000E+01
 -32.576  0.0000E+00  0.2000E+01
 -32.566  0.0000E+00  0.2000E+01
 -32.556  0.0000E+00  0.2000E+01
 -32.546  0.0000E+00  0.2000E+01
 -32.536  0.0000E+00  0.2000E+01
 -32.526  0.0000E+00  0.2000E+01
 -32.516  0.0000E+00  0.2000E+01
 -32.506  0.0000E+00  0.2000E+01
 -32.496  0.0000E+00  0.2000E+01
 -32.486  0.0000E+00  0.2000E+01
 -32.476  0.0000E+00  0.2000E+01
 -32.466  0.0000E+00  0.2000E+01
 -32.456  0.0000E+00  0.2000E+01
 -32.446  0.0000E+00  0.2000E+01
 -32.436  0.0000E+00  0.2000E+01
 -32.426  0.0000E+00  0.2000E+01
 -32.416  0.0000E+00  0.2000E+01
 -32.406  0.0000E+00  0.2000E+01
 -32.396  0.0000E+00  0.2000E+01
 -32.386  0.0000E+00  0.2000E+01
 -32.376  0.0000E+00  0.2000E+01
 -32.366  0.0000E+00  0.2000E+01
 -32.356  0.0000E+00  0.2000E+01
 -32.346  0.0000E+00  0.2000E+01
 -32.336  0.0000E+00  0.2000E+01
 -32.326  0.0000E+00  0.2000E+01
 -32.316  0.0000E+00  0.2000E+01
 -32.306  0.0000E+00  0.2000E+01
 -32.296  0.0000E+00  0.2000E+01
 -32.286  0.0000E+00  0.2000E+01
 -32.276  0.0000E+00  0.2000E+01
 -32.266  0.0000E+00  0.2000E+01
 -32.256  0.0000E+00  0.2000E+01
 -32.246  0.0000E+00  0.2000E+01
 -32.236  0.0000E+00  0.2000E+01
 -32.226  0.0000E+00  0.2000E+01
 -32.216  0.0000E+00  0.2000E+01
 -32.206  0.0000E+00  0.2000E+01
 -32.196  0.0000E+00  0.2000E+01
 -32.186  0.0000E+00  0.2000E+01
 -32.176  0.0000E+00  0.2000E+01
 -32.166  0.0000E+00  0.2000E+01
 -32.156  0.0000E+00  0.2000E+01
 -32.146  0.0000E+00  0.2000E+01
 -32.136  0.0000E+00  0.2000E+01
 -32.126  0.0000E+00  0.2000E+01
 -32.116  0.0000E+00  0.2000E+01
 -32.106  0.0000E+00  0.2000E+01
 -32.096  0.0000E+00  0.2000E+01
 -32.086  0.0000E+00  0.2000E+01
 -32.076  0.0000E+00  0.2000E+01
 -32.066  0.0000E+00  0.2000E+01
 -32.056  0.0000E+00  0.2000E+01
 -32.046  0.0000E+00  0.2000E+01
 -32.036  0.0000E+00  0.2000E+01
 -32.026  0.0000E+00  0.2000E+01
 -32.016  0.0000E+00  0.2000E+01
 -32.006  0.0000E+00  0.2000E+01
 -31.996  0.0000E+00  0.2000E+01
 -31.986  0.0000E+00  0.2000E+01
 -31.976  0.0000E+00  0.2000E+01
 -31.966  0.0000E+00  0.2000E+01
 -31.956  0.0000E+00  0.2000E+01
 -31.946  0.0000E+00  0.2000E+01
 -31.936  0.0000E+00  0.2000E+01
 -31.926  0.0000E+00  0.2000E+01
 -31.916  0.0000E+00  0.2000E+01
 -31.906  0.0000E+00  0.2000E+01
 -31.896  0.0000E+00  0.2000E+01
 -31.886  0.0000E+00  0.2000E+01
 -31.876  0.0000E+00  0.2000E+01
 -31.866  0.0000E+00  0.2000E+01
 -31.856  0.0000E+00  0.2000E+01
 -31.846  0.0000E+00  0.2000E+01
 -31.836  0.0000E+00  0.2000E+01
 -31.826  0.0000E+00  0.2000E+01
 -31.816  0.0000E+00  0.2000E+01
 -31.806  0.0000E+00  0.2000E+01
 -31.796  0.0000E+00  0.2000E+01
 -31.786  0.0000E+00  0.2000E+01
 -31.776  0.0000E+00  0.2000E+01
 -31.766  0.0000E+00  0.2000E+01
 -31.756  0.0000E+00  0.2000E+01
 -31.746  0.0000E+00  0.2000E+01
 -31.736  0.0000E+00  0.2000E+01
 -31.726  0.0000E+00  0.2000E+01
 -31.716  0.0000E+00  0.2000E+01
 -31.706  0.0000E+00  0.2000E+01
 -31.696  0.0000E+00  0.2000E+01
 -31.686  0.0000E+00  0.2000E+01
 -31.676  0.0000E+00  0.2000E+01
 -31.666  0.0000E+00  0.2000E+01
 -31.656  0.0000E+00  0.2000E+01
 -31.646  0.0000E+00  0.2000E+01
 -31.636  0.0000E+00  0.2000E+01
 -31.626  0.0000E+00  0.2000E+01
 -31.616  0.0000E+00  0.2000E+01
 -31.606  0.0000E+00  0.2000E+01
 -31.596  0.0000E+00  0.2000E+01
 -31.586  0.0000E+00  0.2000E+01
 -31.576  0.0000E+00  0.2000E+01
 -31.566  0.0000E+00  0.2000E+01
 -31.556  0.0000E+00  0.2000E+01
 -31.546  0.0000E+00  0.2000E+01
 -31.536  0.0000E+00  0.2000E+01
 -31.526  0.0000E+00  0.2000E+01
 -31.516  0.0000E+00  0.2000E+01
 -31.506  0.0000E+00  0.2000E+01
 -31.496  0.0000E+00  0.2000E+01
 -31.486  0.0000E+00  0.2000E+01
 -31.476  0.0000E+00  0.2000E+01
 -31.466  0.0000E+00  0.2000E+01
 -31.456  0.0000E+00  0.2000E+01
 -31.446  0.0000E+00  0.2000E+01
 -31.436  0.0000E+00  0.2000E+01
 -31.426  0.0000E+00  0.2000E+01
 -31.416  0.0000E+00  0.2000E+01
 -31.406  0.0000E+00  0.2000E+01
 -31.396  0.0000E+00  0.2000E+01
 -31.386  0.0000E+00  0.2000E+01
 -31.376  0.0000E+00  0.2000E+01
 -31.366  0.0000E+00  0.2000E+01
 -31.356  0.0000E+00  0.2000E+01
 -31.346  0.0000E+00  0.2000E+01
 -31.336  0.0000E+00  0.2000E+01
 -31.326  0.0000E+00  0.2000E+01
 -31.316  0.0000E+00  0.2000E+01
 -31.306  0.0000E+00  0.2000E+01
 -31.296  0.0000E+00  0.2000E+01
 -31.286  0.0000E+00  0.2000E+01
 -31.276  0.0000E+00  0.2000E+01
 -31.266  0.0000E+00  0.2000E+01
 -31.256  0.0000E+00  0.2000E+01
 -31.246  0.0000E+00  0.2000E+01
 -31.236  0.0000E+00  0.2000E+01
 -31.226  0.0000E+00  0.2000E+01
 -31.216  0.0000E+00  0.2000E+01
 -31.206  0.0000E+00  0.2000E+01
 -31.196  0.0000E+00  0.2000E+01
 -31.186  0.0000E+00  0.2000E+01
 -31.176  0.0000E+00  0.2000E+01
 -31.166  0.0000E+00  0.2000E+01
 -31.156  0.0000E+00  0.2000E+01
 -31.146  0.0000E+00  0.2000E+01
 -31.136  0.0000E+00  0.2000E+01
 -31.126  0.0000E+00  0.2000E+01
 -31.116  0.0000E+00  0.2000E+01
 -31.106  0.0000E+00  0.2000E+01
 -31.096  0.0000E+00  0.2000E+01
 -31.086  0.0000E+00  0.2000E+01
 -31.076  0.0000E+00  0.2000E+01
 -31.066  0.0000E+00  0.2000E+01
 -31.056  0.0000E+00  0.2000E+01
 -31.046  0.0000E+00  0.2000E+01
 -31.036  0.0000E+00  0.2000E+01
 -31.026  0.0000E+00  0.2000E+01
 -31.016  0.0000E+00  0.2000E+01
 -31.006  0.0000E+00  0.2000E+01
 -30.996  0.0000E+00  0.2000E+01
 -30.986  0.0000E+00  0.2000E+01
 -30.976  0.0000E+00  0.2000E+01
 -30.966  0.0000E+00  0.2000E+01
 -30.956  0.0000E+00  0.2000E+01
 -30.946  0.0000E+00  0.2000E+01
 -30.936  0.0000E+00  0.2000E+01
 -30.926  0.0000E+00  0.2000E+01
 -30.916  0.0000E+00  0.2000E+01
 -30.906  0.0000E+00  0.2000E+01
 -30.896  0.0000E+00  0.2000E+01
 -30.886  0.0000E+00  0.2000E+01
 -30.876  0.0000E+00  0.2000E+01
 -30.866  0.0000E+00  0.2000E+01
 -30.856  0.0000E+00  0.2000E+01
 -30.846  0.0000E+00  0.2000E+01
 -30.836  0.0000E+00  0.2000E+01
 -30.826  0.0000E+00  0.2000E+01
 -30.816  0.0000E+00  0.2000E+01
 -30.806  0.0000E+00  0.2000E+01
 -30.796  0.0000E+00  0.2000E+01
 -30.786  0.0000E+00  0.2000E+01
 -30.776  0.0000E+00  0.2000E+01
 -30.766  0.0000E+00  0.2000E+01
 -30.756  0.0000E+00  0.2000E+01
 -30.746  0.0000E+00  0.2000E+01
 -30.736  0.0000E+00  0.2000E+01
 -30.726  0.0000E+00  0.2000E+01
 -30.716  0.0000E+00  0.2000E+01
 -30.706  0.0000E+00  0.2000E+01
 -30.696  0.0000E+00  0.2000E+01
 -30.686  0.0000E+00  0.2000E+01
 -30.676  0.0000E+00  0.2000E+01
 -30.666  0.0000E+00  0.2000E+01
 -30.656  0.0000E+00  0.2000E+01
 -30.646  0.0000E+00  0.2000E+01
 -30.636  0.0000E+00  0.2000E+01
 -30.626  0.0000E+00  0.2000E+01
 -30.616  0.0000E+00  0.2000E+01
 -30.606  0.0000E+00  0.2000E+01
 -30.596  0.0000E+00  0.2000E+01
 -30.586  0.0000E+00  0.2000E+01
 -30.576  0.0000E+00  0.2000E+01
 -30.566  0.0000E+00  0.2000E+01
 -30.556  0.0000E+00  0.2000E+01
 -30.546  0.0000E+00  0.2000E+01
 -30.536  0.0000E+00  0.2000E+01
 -30.526  0.0000E+00  0.2000E+01
 -30.516  0.0000E+00  0.2000E+01
 -30.506  0.0000E+00  0.2000E+01
 -30.496  0.0000E+00  0.2000E+01
 -30.486  0.0000E+00  0.2000E+01
 -30.476  0.0000E+00  0.2000E+01
 -30.466  0.0000E+00  0.2000E+01
 -30.456  0.0000E+00  0.2000E+01
 -30.446  0.0000E+00  0.2000E+01
 -30.436  0.0000E+00  0.2000E+01
 -30.426  0.0000E+00  0.2000E+01
 -30.416  0.0000E+00  0.2000E+01
 -30.406  0.0000E+00  0.2000E+01
 -30.396  0.0000E+00  0.2000E+01
 -30.386  0.0000E+00  0.2000E+01
 -30.376  0.0000E+00  0.2000E+01
 -30.366  0.0000E+00  0.2000E+01
 -30.356  0.0000E+00  0.2000E+01
 -30.346  0.0000E+00  0.2000E+01
 -30.336  0.0000E+00  0.2000E+01
 -30.326  0.0000E+00  0.2000E+01
 -30.316  0.0000E+00  0.2000E+01
 -30.306  0.0000E+00  0.2000E+01
 -30.296  0.0000E+00  0.2000E+01
 -30.286  0.0000E+00  0.2000E+01
 -30.276  0.0000E+00  0.2000E+01
 -30.266  0.0000E+00  0.2000E+01
 -30.256  0.0000E+00  0.2000E+01
 -30.246  0.0000E+00  0.2000E+01
 -30.236  0.0000E+00  0.2000E+01
 -30.226  0.0000E+00  0.2000E+01
 -30.216  0.0000E+00  0.2000E+01
 -30.206  0.0000E+00  0.2000E+01
 -30.196  0.0000E+00  0.2000E+01
 -30.186  0.0000E+00  0.2000E+01
 -30.176  0.0000E+00  0.2000E+01
 -30.166  0.0000E+00  0.2000E+01
 -30.156  0.0000E+00  0.2000E+01
 -30.146  0.0000E+00  0.2000E+01
 -30.136  0.0000E+00  0.2000E+01
 -30.126  0.0000E+00  0.2000E+01
 -30.116  0.0000E+00  0.2000E+01
 -30.106  0.0000E+00  0.2000E+01
 -30.096  0.0000E+00  0.2000E+01
 -30.086  0.0000E+00  0.2000E+01
 -30.076  0.0000E+00  0.2000E+01
 -30.066  0.0000E+00  0.2000E+01
 -30.056  0.0000E+00  0.2000E+01
 -30.046  0.0000E+00  0.2000E+01
 -30.036  0.0000E+00  0.2000E+01
 -30.026  0.0000E+00  0.2000E+01
 -30.016  0.0000E+00  0.2000E+01
 -30.006  0.0000E+00  0.2000E+01
 -29.996  0.0000E+00  0.2000E+01
 -29.986  0.0000E+00  0.2000E+01
 -29.976  0.0000E+00  0.2000E+01
 -29.966  0.0000E+00  0.2000E+01
 -29.956  0.0000E+00  0.2000E+01
 -29.946  0.0000E+00  0.2000E+01
 -29.936  0.0000E+00  0.2000E+01
 -29.926  0.0000E+00  0.2000E+01
 -29.916  0.0000E+00  0.2000E+01
 -29.906  0.0000E+00  0.2000E+01
 -29.896  0.0000E+00  0.2000E+01
 -29.886  0.0000E+00  0.2000E+01
 -29.876  0.0000E+00  0.2000E+01
 -29.866  0.0000E+00  0.2000E+01
 -29.856  0.0000E+00  0.2000E+01
 -29.846  0.0000E+00  0.2000E+01
 -29.836  0.0000E+00  0.2000E+01
 -29.826  0.0000E+00  0.2000E+01
 -29.816  0.0000E+00  0.2000E+01
 -29.806  0.0000E+00  0.2000E+01
 -29.796  0.0000E+00  0.2000E+01
 -29.786  0.0000E+00  0.2000E+01
 -29.776  0.0000E+00  0.2000E+01
 -29.766  0.0000E+00  0.2000E+01
 -29.756  0.0000E+00  0.2000E+01
 -29.746  0.0000E+00  0.2000E+01
 -29.736  0.0000E+00  0.2000E+01
 -29.726  0.0000E+00  0.2000E+01
 -29.716  0.0000E+00  0.2000E+01
 -29.706  0.0000E+00  0.2000E+01
 -29.696  0.0000E+00  0.2000E+01
 -29.686  0.0000E+00  0.2000E+01
 -29.676  0.0000E+00  0.2000E+01
 -29.666  0.0000E+00  0.2000E+01
 -29.656  0.0000E+00  0.2000E+01
 -29.646  0.0000E+00  0.2000E+01
 -29.636  0.0000E+00  0.2000E+01
 -29.626  0.0000E+00  0.2000E+01
 -29.616  0.0000E+00  0.2000E+01
 -29.606  0.0000E+00  0.2000E+01
 -29.596  0.0000E+00  0.2000E+01
 -29.586  0.0000E+00  0.2000E+01
 -29.576  0.0000E+00  0.2000E+01
 -29.566  0.0000E+00  0.2000E+01
 -29.556  0.0000E+00  0.2000E+01
 -29.546  0.0000E+00  0.2000E+01
 -29.536  0.0000E+00  0.2000E+01
 -29.526  0.0000E+00  0.2000E+01
 -29.516  0.0000E+00  0.2000E+01
 -29.506  0.0000E+00  0.2000E+01
 -29.496  0.0000E+00  0.2000E+01
 -29.486  0.0000E+00  0.2000E+01
 -29.476  0.0000E+00  0.2000E+01
 -29.466  0.0000E+00  0.2000E+01
 -29.456  0.0000E+00  0.2000E+01
 -29.446  0.0000E+00  0.2000E+01
 -29.436  0.0000E+00  0.2000E+01
 -29.426  0.0000E+00  0.2000E+01
 -29.416  0.0000E+00  0.2000E+01
 -29.406  0.0000E+00  0.2000E+01
 -29.396  0.0000E+00  0.2000E+01
 -29.386  0.0000E+00  0.2000E+01
 -29.376  0.0000E+00  0.2000E+01
 -29.366  0.0000E+00  0.2000E+01
 -29.356  0.0000E+00  0.2000E+01
 -29.346  0.0000E+00  0.2000E+01
 -29.336  0.0000E+00  0.2000E+01
 -29.326  0.0000E+00  0.2000E+01
 -29.316  0.0000E+00  0.2000E+01
 -29.306  0.0000E+00  0.2000E+01
 -29.296  0.0000E+00  0.2000E+01
 -29.286  0.0000E+00  0.2000E+01
 -29.276  0.0000E+00  0.2000E+01
 -29.266  0.0000E+00  0.2000E+01
 -29.256  0.0000E+00  0.2000E+01
 -29.246  0.3325E+01  0.2026E+01
 -29.236  0.3200E+01  0.2058E+01
 -29.226  0.3204E+01  0.2090E+01
 -29.216  0.3451E+01  0.2123E+01
 -29.206  0.3394E+01  0.2157E+01
 -29.196  0.3586E+01  0.2192E+01
 -29.186  0.3628E+01  0.2228E+01
 -29.176  0.3811E+01  0.2265E+01
 -29.166  0.5095E+01  0.2315E+01
 -29.156  0.5334E+01  0.2367E+01
 -29.146  0.5616E+01  0.2421E+01
 -29.136  0.5936E+01  0.2479E+01
 -29.126  0.6528E+01  0.2541E+01
 -29.116  0.7292E+01  0.2609E+01
 -29.106  0.8692E+01  0.2689E+01
 -29.096  0.1155E+02  0.2813E+01
 -29.086  0.5410E+01  0.2888E+01
 -29.076  0.4736E+01  0.2938E+01
 -29.066  0.4346E+01  0.2984E+01
 -29.056  0.4149E+01  0.3026E+01
 -29.046  0.3939E+01  0.3066E+01
 -29.036  0.3751E+01  0.3104E+01
 -29.026  0.3663E+01  0.3142E+01
 -29.016  0.3505E+01  0.3178E+01
 -29.006  0.3416E+01  0.3212E+01
 -28.996  0.3359E+01  0.3246E+01
 -28.986  0.3291E+01  0.3279E+01
 -28.976  0.3178E+01  0.3311E+01
 -28.966  0.3143E+01  0.3343E+01
 -28.956  0.3111E+01  0.3374E+01
 -28.946  0.3061E+01  0.3405E+01
 -28.936  0.2979E+01  0.3435E+01
 -28.926  0.2959E+01  0.3465E+01
 -28.916  0.2941E+01  0.3495E+01
 -28.906  0.2914E+01  0.3524E+01
 -28.896  0.2874E+01  0.3553E+01
 -28.886  0.2829E+01  0.3581E+01
 -28.876  0.2821E+01  0.3609E+01
 -28.866  0.2811E+01  0.3638E+01
 -28.856  0.2793E+01  0.3666E+01
 -28.846  0.2773E+01  0.3693E+01
 -28.836  0.2737E+01  0.3721E+01
 -28.826  0.2733E+01  0.3748E+01
 -28.816  0.2730E+01  0.3776E+01
 -28.806  0.2750E+01  0.3803E+01
 -28.796  0.2769E+01  0.3831E+01
 -28.786  0.2790E+01  0.3859E+01
 -28.776  0.3103E+01  0.3887E+01
 -28.766  0.3628E+01  0.3925E+01
 -28.756  0.3586E+01  0.3960E+01
 -28.746  0.1561E+01  0.3982E+01
 -28.736  0.1015E+01  0.3995E+01
 -28.726  0.1171E+01  0.4003E+01
 -28.716  0.2688E+01  0.4024E+01
 -28.706  0.4076E+01  0.4058E+01
 -28.696  0.3208E+01  0.4095E+01
 -28.686  0.3062E+01  0.4126E+01
 -28.676  0.2782E+01  0.4155E+01
 -28.666  0.2765E+01  0.4182E+01
 -28.656  0.2771E+01  0.4210E+01
 -28.646  0.2778E+01  0.4238E+01
 -28.636  0.2788E+01  0.4265E+01
 -28.626  0.2817E+01  0.4293E+01
 -28.616  0.2842E+01  0.4322E+01
 -28.606  0.2866E+01  0.4350E+01
 -28.596  0.2889E+01  0.4379E+01
 -28.586  0.2933E+01  0.4408E+01
 -28.576  0.2966E+01  0.4438E+01
 -28.566  0.2995E+01  0.4467E+01
 -28.556  0.3024E+01  0.4498E+01
 -28.546  0.3078E+01  0.4528E+01
 -28.536  0.3140E+01  0.4559E+01
 -28.526  0.3196E+01  0.4591E+01
 -28.516  0.3251E+01  0.4623E+01
 -28.506  0.3306E+01  0.4656E+01
 -28.496  0.3414E+01  0.4689E+01
 -28.486  0.3498E+01  0.4724E+01
 -28.476  0.3585E+01  0.4759E+01
 -28.466  0.3682E+01  0.4796E+01
 -28.456  0.3860E+01  0.4833E+01
 -28.446  0.4026E+01  0.4873E+01
 -28.436  0.4204E+01  0.4914E+01
 -28.426  0.4411E+01  0.4957E+01
 -28.416  0.4814E+01  0.5003E+01
 -28.406  0.5281E+01  0.5054E+01
 -28.396  0.6020E+01  0.5110E+01
 -28.386  0.8745E+01  0.5179E+01
 -28.376  0.5951E+01  0.5256E+01
 -28.366  0.5334E+01  0.5313E+01
 -28.356  0.5014E+01  0.5364E+01
 -28.346  0.4956E+01  0.5412E+01
 -28.336  0.5279E+01  0.5466E+01
 -28.326  0.5183E+01  0.5519E+01
 -28.316  0.5009E+01  0.5570E+01
 -28.306  0.5062E+01  0.5620E+01
 -28.296  0.5266E+01  0.5671E+01
 -28.286  0.2756E+01  0.5723E+01
 -28.276  0.3273E+01  0.5751E+01
 -28.266  0.4798E+01  0.5807E+01
 -28.256  0.4060E+01  0.5852E+01
 -28.246  0.1889E+01  0.5876E+01
 -28.236  0.1909E+01  0.5895E+01
 -28.226  0.1923E+01  0.5915E+01
 -28.216  0.1956E+01  0.5934E+01
 -28.206  0.1991E+01  0.5954E+01
 -28.196  0.2022E+01  0.5974E+01
 -28.186  0.2043E+01  0.5994E+01
 -28.176  0.2084E+01  0.6015E+01
 -28.166  0.2117E+01  0.6036E+01
 -28.156  0.2150E+01  0.6057E+01
 -28.146  0.2189E+01  0.6079E+01
 -28.136  0.2228E+01  0.6101E+01
 -28.126  0.2266E+01  0.6123E+01
 -28.116  0.2301E+01  0.6146E+01
 -28.106  0.2351E+01  0.6169E+01
 -28.096  0.2411E+01  0.6193E+01
 -28.086  0.2456E+01  0.6218E+01
 -28.076  0.2498E+01  0.6242E+01
 -28.066  0.2558E+01  0.6268E+01
 -28.056  0.2630E+01  0.6293E+01
 -28.046  0.2692E+01  0.6320E+01
 -28.036  0.2747E+01  0.6347E+01
 -28.026  0.2825E+01  0.6375E+01
 -28.016  0.2887E+01  0.6404E+01
 -28.006  0.3005E+01  0.6433E+01
 -27.996  0.3087E+01  0.6464E+01
 -27.986  0.3187E+01  0.6495E+01
 -27.976  0.3265E+01  0.6527E+01
 -27.966  0.3445E+01  0.6561E+01
 -27.956  0.3582E+01  0.6596E+01
 -27.946  0.3705E+01  0.6633E+01
 -27.936  0.3941E+01  0.6671E+01
 -27.926  0.4143E+01  0.6711E+01
 -27.916  0.4351E+01  0.6754E+01
 -27.906  0.4801E+01  0.6799E+01
 -27.896  0.5154E+01  0.6849E+01
 -27.886  0.6069E+01  0.6903E+01
 -27.876  0.8059E+01  0.6969E+01
 -27.866  0.6809E+01  0.7052E+01
 -27.856  0.5790E+01  0.7114E+01
 -27.846  0.5197E+01  0.7169E+01
 -27.836  0.4872E+01  0.7219E+01
 -27.826  0.4625E+01  0.7266E+01
 -27.816  0.4427E+01  0.7311E+01
 -27.806  0.4232E+01  0.7355E+01
 -27.796  0.4109E+01  0.7396E+01
 -27.786  0.3983E+01  0.7437E+01
 -27.776  0.3855E+01  0.7476E+01
 -27.766  0.3783E+01  0.7514E+01
 -27.756  0.3697E+01  0.7552E+01
 -27.746  0.3630E+01  0.7588E+01
 -27.736  0.3548E+01  0.7624E+01
 -27.726  0.3502E+01  0.7659E+01
 -27.716  0.3402E+01  0.7694E+01
 -27.706  0.3467E+01  0.7728E+01
 -27.696  0.3288E+01  0.7761E+01
 -27.686  0.3313E+01  0.7795E+01
 -27.676  0.3358E+01  0.7827E+01
 -27.666  0.3144E+01  0.7859E+01
 -27.656  0.3169E+01  0.7892E+01
 -27.646  0.3114E+01  0.7923E+01
 -27.636  0.3037E+01  0.7955E+01
 -27.626  0.2892E+01  0.7986E+01
 -27.616  0.0000E+00  0.8000E+01
 -27.606  0.0000E+00  0.8000E+01
 -27.596  0.0000E+00  0.8000E+01
 -27.586  0.0000E+00  0.8000E+01
 -27.576  0.0000E+00  0.8000E+01
 -27.566  0.0000E+00  0.8000E+01
 -27.556  0.0000E+00  0.8000E+01
 -27.546  0.0000E+00  0.8000E+01
 -27.536  0.0000E+00  0.8000E+01
 -27.526  0.0000E+00  0.8000E+01
 -27.516  0.0000E+00  0.8000E+01
 -27.506  0.0000E+00  0.8000E+01
 -27.496  0.0000E+00  0.8000E+01
 -27.486  0.0000E+00  0.8000E+01
 -27.476  0.0000E+00  0.8000E+01
 -27.466  0.0000E+00  0.8000E+01
 -27.456  0.0000E+00  0.8000E+01
 -27.446  0.0000E+00  0.8000E+01
 -27.436  0.0000E+00  0.8000E+01
 -27.426  0.0000E+00  0.8000E+01
 -27.416  0.0000E+00  0.8000E+01
 -27.406  0.0000E+00  0.8000E+01
 -27.396  0.0000E+00  0.8000E+01
 -27.386  0.0000E+00  0.8000E+01
 -27.376  0.0000E+00  0.8000E+01
 -27.366  0.0000E+00  0.8000E+01
 -27.356  0.0000E+00  0.8000E+01
 -27.346  0.0000E+00  0.8000E+01
 -27.336  0.0000E+00  0.8000E+01
 -27.326  0.0000E+00  0.8000E+01
 -27.316  0.0000E+00  0.8000E+01
 -27.306  0.0000E+00  0.8000E+01
 -27.296  0.0000E+00  0.8000E+01
 -27.286  0.0000E+00  0.8000E+01
 -27.276  0.0000E+00  0.8000E+01
 -27.266  0.0000E+00  0.8000E+01
 -27.256  0.0000E+00  0.8000E+01
 -27.246  0.0000E+00  0.8000E+01
 -27.236  0.0000E+00  0.8000E+01
 -27.226  0.0000E+00  0.8000E+01
 -27.216  0.0000E+00  0.8000E+01
 -27.206  0.0000E+00  0.8000E+01
 -27.196  0.0000E+00  0.8000E+01
 -27.186  0.0000E+00  0.8000E+01
 -27.176  0.0000E+00  0.8000E+01
 -27.166  0.0000E+00  0.8000E+01
 -27.156  0.0000E+00  0.8000E+01
 -27.146  0.0000E+00  0.8000E+01
 -27.136  0.0000E+00  0.8000E+01
 -27.126  0.0000E+00  0.8000E+01
 -27.116  0.0000E+00  0.8000E+01
 -27.106  0.0000E+00  0.8000E+01
 -27.096  0.0000E+00  0.8000E+01
 -27.086  0.0000E+00  0.8000E+01
 -27.076  0.0000E+00  0.8000E+01
 -27.066  0.0000E+00  0.8000E+01
 -27.056  0.0000E+00  0.8000E+01
 -27.046  0.0000E+00  0.8000E+01
 -27.036  0.0000E+00  0.8000E+01
 -27.026  0.0000E+00  0.8000E+01
 -27.016  0.0000E+00  0.8000E+01
 -27.006  0.0000E+00  0.8000E+01
 -26.996  0.0000E+00  0.8000E+01
 -26.986  0.0000E+00  0.8000E+01
 -26.976  0.0000E+00  0.8000E+01
 -26.966  0.0000E+00  0.8000E+01
 -26.956  0.0000E+00  0.8000E+01
 -26.946  0.0000E+00  0.8000E+01
 -26.936  0.0000E+00  0.8000E+01
 -26.926  0.0000E+00  0.8000E+01
 -26.916  0.0000E+00  0.8000E+01
 -26.906  0.0000E+00  0.8000E+01
 -26.896  0.0000E+00  0.8000E+01
 -26.886  0.0000E+00  0.8000E+01
 -26.876  0.0000E+00  0.8000E+01
 -26.866  0.0000E+00  0.8000E+01
 -26.856  0.0000E+00  0.8000E+01
 -26.846  0.0000E+00  0.8000E+01
 -26.836  0.0000E+00  0.8000E+01
 -26.826  0.0000E+00  0.8000E+01
 -26.816  0.0000E+00  0.8000E+01
 -26.806  0.0000E+00  0.8000E+01
 -26.796  0.0000E+00  0.8000E+01
 -26.786  0.0000E+00  0.8000E+01
 -26.776  0.0000E+00  0.8000E+01
 -26.766  0.0000E+00  0.8000E+01
 -26.756  0.0000E+00  0.8000E+01
 -26.746  0.0000E+00  0.8000E+01
 -26.736  0.0000E+00  0.8000E+01
 -26.726  0.0000E+00  0.8000E+01
 -26.716  0.0000E+00  0.8000E+01
 -26.706  0.0000E+00  0.8000E+01
 -26.696  0.0000E+00  0.8000E+01
 -26.686  0.0000E+00  0.8000E+01
 -26.676  0.0000E+00  0.8000E+01
 -26.666  0.0000E+00  0.8000E+01
 -26.656  0.0000E+00  0.8000E+01
 -26.646  0.0000E+00  0.8000E+01
 -26.636  0.0000E+00  0.8000E+01
 -26.626  0.0000E+00  0.8000E+01
 -26.616  0.0000E+00  0.8000E+01
 -26.606  0.0000E+00  0.8000E+01
 -26.596  0.0000E+00  0.8000E+01
 -26.586  0.0000E+00  0.8000E+01
 -26.576  0.0000E+00  0.8000E+01
 -26.566  0.0000E+00  0.8000E+01
 -26.556  0.0000E+00  0.8000E+01
 -26.546  0.0000E+00  0.8000E+01
 -26.536  0.0000E+00  0.8000E+01
 -26.526  0.0000E+00  0.8000E+01
 -26.516  0.0000E+00  0.8000E+01
 -26.506  0.0000E+00  0.8000E+01
 -26.496  0.0000E+00  0.8000E+01
 -26.486  0.0000E+00  0.8000E+01
 -26.476  0.0000E+00  0.8000E+01
 -26.466  0.0000E+00  0.8000E+01
 -26.456  0.0000E+00  0.8000E+01
 -26.446  0.0000E+00  0.8000E+01
 -26.436  0.0000E+00  0.8000E+01
 -26.426  0.0000E+00  0.8000E+01
 -26.416  0.0000E+00  0.8000E+01
 -26.406  0.0000E+00  0.8000E+01
 -26.396  0.0000E+00  0.8000E+01
 -26.386  0.0000E+00  0.8000E+01
 -26.376  0.0000E+00  0.8000E+01
 -26.366  0.0000E+00  0.8000E+01
 -26.356  0.0000E+00  0.8000E+01
 -26.346  0.0000E+00  0.8000E+01
 -26.336  0.0000E+00  0.8000E+01
 -26.326  0.0000E+00  0.8000E+01
 -26.316  0.0000E+00  0.8000E+01
 -26.306  0.0000E+00  0.8000E+01
 -26.296  0.0000E+00  0.8000E+01
 -26.286  0.0000E+00  0.8000E+01
 -26.276  0.0000E+00  0.8000E+01
 -26.266  0.0000E+00  0.8000E+01
 -26.256  0.0000E+00  0.8000E+01
 -26.246  0.0000E+00  0.8000E+01
 -26.236  0.0000E+00  0.8000E+01
 -26.226  0.0000E+00  0.8000E+01
 -26.216  0.0000E+00  0.8000E+01
 -26.206  0.0000E+00  0.8000E+01
 -26.196  0.0000E+00  0.8000E+01
 -26.186  0.5579E+00  0.8002E+01
 -26.176  0.3729E+00  0.8006E+01
 -26.166  0.4049E+00  0.8010E+01
 -26.156  0.3845E+00  0.8014E+01
 -26.146  0.4116E+00  0.8018E+01
 -26.136  0.4137E+00  0.8022E+01
 -26.126  0.4188E+00  0.8026E+01
 -26.116  0.4314E+00  0.8030E+01
 -26.106  0.4487E+00  0.8035E+01
 -26.096  0.4543E+00  0.8039E+01
 -26.086  0.4602E+00  0.8044E+01
 -26.076  0.4712E+00  0.8048E+01
 -26.066  0.4841E+00  0.8053E+01
 -26.056  0.4978E+00  0.8058E+01
 -26.046  0.5040E+00  0.8063E+01
 -26.036  0.5141E+00  0.8068E+01
 -26.026  0.5259E+00  0.8073E+01
 -26.016  0.5377E+00  0.8079E+01
 -26.006  0.5500E+00  0.8084E+01
 -25.996  0.5613E+00  0.8090E+01
 -25.986  0.5732E+00  0.8095E+01
 -25.976  0.4191E+01  0.8105E+01
 -25.966  0.3226E+01  0.8137E+01
 -25.956  0.3337E+01  0.8171E+01
 -25.946  0.3619E+01  0.8205E+01
 -25.936  0.3635E+01  0.8241E+01
 -25.926  0.3928E+01  0.8279E+01
 -25.916  0.3961E+01  0.8318E+01
 -25.906  0.4165E+01  0.8358E+01
 -25.896  0.4341E+01  0.8402E+01
 -25.886  0.4661E+01  0.8447E+01
 -25.876  0.5140E+01  0.8495E+01
 -25.866  0.5492E+01  0.8549E+01
 -25.856  0.6752E+01  0.8608E+01
 -25.846  0.7955E+01  0.8690E+01
 -25.836  0.5936E+01  0.8756E+01
 -25.826  0.5298E+01  0.8812E+01
 -25.816  0.4882E+01  0.8863E+01
 -25.806  0.4540E+01  0.8910E+01
 -25.796  0.4307E+01  0.8954E+01
 -25.786  0.4150E+01  0.8996E+01
 -25.776  0.4015E+01  0.9037E+01
 -25.766  0.3866E+01  0.9077E+01
 -25.756  0.3765E+01  0.9115E+01
 -25.746  0.3688E+01  0.9152E+01
 -25.736  0.3614E+01  0.9188E+01
 -25.726  0.3548E+01  0.9224E+01
 -25.716  0.3485E+01  0.9259E+01
 -25.706  0.3447E+01  0.9294E+01
 -25.696  0.3408E+01  0.9328E+01
 -25.686  0.3366E+01  0.9362E+01
 -25.676  0.3326E+01  0.9396E+01
 -25.666  0.3315E+01  0.9429E+01
 -25.656  0.3300E+01  0.9462E+01
 -25.646  0.3282E+01  0.9495E+01
 -25.636  0.3260E+01  0.9527E+01
 -25.626  0.3247E+01  0.9560E+01
 -25.616  0.3256E+01  0.9592E+01
 -25.606  0.3257E+01  0.9625E+01
 -25.596  0.3255E+01  0.9658E+01
 -25.586  0.3244E+01  0.9690E+01
 -25.576  0.3257E+01  0.9723E+01
 -25.566  0.3280E+01  0.9755E+01
 -25.556  0.3295E+01  0.9788E+01
 -25.546  0.3308E+01  0.9821E+01
 -25.536  0.3338E+01  0.9854E+01
 -25.526  0.3671E+01  0.9889E+01
 -25.516  0.6065E+01  0.9936E+01
 -25.506  0.2739E+01  0.9981E+01
 -25.496  0.8766E+00  0.9997E+01
 -25.486  0.1264E+01  0.1000E+02
 -25.476  0.4677E+01  0.1003E+02
 -25.466  0.4375E+01  0.1009E+02
 -25.456  0.3859E+01  0.1013E+02
 -25.446  0.3704E+01  0.1017E+02
 -25.436  0.3730E+01  0.1020E+02
 -25.426  0.3806E+01  0.1024E+02
 -25.416  0.3869E+01  0.1028E+02
 -25.406  0.3930E+01  0.1032E+02
 -25.396  0.4045E+01  0.1036E+02
 -25.386  0.4160E+01  0.1040E+02
 -25.376  0.4254E+01  0.1044E+02
 -25.366  0.4344E+01  0.1048E+02
 -25.356  0.4561E+01  0.1053E+02
 -25.346  0.4717E+01  0.1057E+02
 -25.336  0.4857E+01  0.1062E+02
 -25.326  0.5131E+01  0.1067E+02
 -25.316  0.5450E+01  0.1073E+02
 -25.306  0.5690E+01  0.1078E+02
 -25.296  0.6343E+01  0.1084E+02
 -25.286  0.7330E+01  0.1091E+02
 -25.276  0.1125E+02  0.1099E+02
 -25.266  0.7384E+01  0.1108E+02
 -25.256  0.6612E+01  0.1115E+02
 -25.246  0.6057E+01  0.1121E+02
 -25.236  0.5800E+01  0.1127E+02
 -25.226  0.5592E+01  0.1133E+02
 -25.216  0.5306E+01  0.1138E+02
 -25.206  0.5175E+01  0.1144E+02
 -25.196  0.5035E+01  0.1149E+02
 -25.186  0.4899E+01  0.1154E+02
 -25.176  0.4818E+01  0.1158E+02
 -25.166  0.4670E+01  0.1163E+02
 -25.156  0.4644E+01  0.1168E+02
 -25.146  0.4491E+01  0.1172E+02
 -25.136  0.4460E+01  0.1177E+02
 -25.126  0.4449E+01  0.1181E+02
 -25.116  0.4273E+01  0.1186E+02
 -25.106  0.4324E+01  0.1190E+02
 -25.096  0.1164E+01  0.1192E+02
 -25.086  0.1147E+01  0.1194E+02
 -25.076  0.1154E+01  0.1195E+02
 -25.066  0.1123E+01  0.1196E+02
 -25.056  0.1119E+01  0.1197E+02
 -25.046  0.1154E+01  0.1198E+02
 -25.036  0.1128E+01  0.1199E+02
 -25.026  0.0000E+00  0.1200E+02
 -25.016  0.0000E+00  0.1200E+02
 -25.006  0.0000E+00  0.1200E+02
 -24.996  0.0000E+00  0.1200E+02
 -24.986  0.0000E+00  0.1200E+02
 -24.976  0.0000E+00  0.1200E+02
 -24.966  0.0000E+00  0.1200E+02
 -24.956  0.0000E+00  0.1200E+02
 -24.946  0.0000E+00  0.1200E+02
 -24.936  0.0000E+00  0.1200E+02
 -24.926  0.0000E+00  0.1200E+02
 -24.916  0.0000E+00  0.1200E+02
 -24.906  0.0000E+00  0.1200E+02
 -24.896  0.0000E+00  0.1200E+02
 -24.886  0.0000E+00  0.1200E+02
 -24.876  0.0000E+00  0.1200E+02
 -24.866  0.0000E+00  0.1200E+02
 -24.856  0.0000E+00  0.1200E+02
 -24.846  0.0000E+00  0.1200E+02
 -24.836  0.0000E+00  0.1200E+02
 -24.826  0.0000E+00  0.1200E+02
 -24.816  0.0000E+00  0.1200E+02
 -24.806  0.0000E+00  0.1200E+02
 -24.796  0.0000E+00  0.1200E+02
 -24.786  0.0000E+00  0.1200E+02
 -24.776  0.0000E+00  0.1200E+02
 -24.766  0.0000E+00  0.1200E+02
 -24.756  0.0000E+00  0.1200E+02
 -24.746  0.0000E+00  0.1200E+02
 -24.736  0.0000E+00  0.1200E+02
 -24.726  0.0000E+00  0.1200E+02
 -24.716  0.0000E+00  0.1200E+02
 -24.706  0.0000E+00  0.1200E+02
 -24.696  0.0000E+00  0.1200E+02
 -24.686  0.0000E+00  0.1200E+02
 -24.676  0.0000E+00  0.1200E+02
 -24.666  0.0000E+00  0.1200E+02
 -24.656  0.0000E+00  0.1200E+02
 -24.646  0.0000E+00  0.1200E+02
 -24.636  0.0000E+00  0.1200E+02
 -24.626  0.0000E+00  0.1200E+02
 -24.616  0.0000E+00  0.1200E+02
 -24.606  0.0000E+00  0.1200E+02
 -24.596  0.0000E+00  0.1200E+02
 -24.586  0.0000E+00  0.1200E+02
 -24.576  0.0000E+00  0.1200E+02
 -24.566  0.0000E+00  0.1200E+02
 -24.556  0.0000E+00  0.1200E+02
 -24.546  0.0000E+00  0.1200E+02
 -24.536  0.0000E+00  0.1200E+02
 -24.526  0.0000E+00  0.1200E+02
 -24.516  0.0000E+00  0.1200E+02
 -24.506  0.0000E+00  0.1200E+02
 -24.496  0.0000E+00  0.1200E+02
 -24.486  0.0000E+00  0.1200E+02
 -24.476  0.0000E+00  0.1200E+02
 -24.466  0.0000E+00  0.1200E+02
 -24.456  0.0000E+00  0.1200E+02
 -24.446  0.0000E+00  0.1200E+02
 -24.436  0.0000E+00  0.1200E+02
 -24.426  0.0000E+00  0.1200E+02
 -24.416  0.0000E+00  0.1200E+02
 -24.406  0.0000E+00  0.1200E+02
 -24.396  0.0000E+00  0.1200E+02
 -24.386  0.0000E+00  0.1200E+02
 -24.376  0.0000E+00  0.1200E+02
 -24.366  0.0000E+00  0.1200E+02
 -24.356  0.0000E+00  0.1200E+02
 -24.346  0.0000E+00  0.1200E+02
 -24.336  0.0000E+00  0.1200E+02
 -24.326  0.0000E+00  0.1200E+02
 -24.316  0.0000E+00  0.1200E+02
 -24.306  0.0000E+00  0.1200E+02
 -24.296  0.0000E+00  0.1200E+02
 -24.286  0.0000E+00  0.1200E+02
 -24.276  0.0000E+00  0.1200E+02
 -24.266  0.0000E+00  0.1200E+02
 -24.256  0.0000E+00  0.1200E+02
 -24.246  0.0000E+00  0.1200E+02
 -24.236  0.0000E+00  0.1200E+02
 -24.226  0.0000E+00  0.1200E+02
 -24.216  0.0000E+00  0.1200E+02
 -24.206  0.0000E+00  0.1200E+02
 -24.196  0.0000E+00  0.1200E+02
 -24.186  0.0000E+00  0.1200E+02
 -24.176  0.0000E+00  0.1200E+02
 -24.166  0.0000E+00  0.1200E+02
 -24.156  0.0000E+00  0.1200E+02
 -24.146  0.0000E+00  0.1200E+02
 -24.136  0.0000E+00  0.1200E+02
 -24.126  0.0000E+00  0.1200E+02
 -24.116  0.0000E+00  0.1200E+02
 -24.106  0.0000E+00  0.1200E+02
 -24.096  0.0000E+00  0.1200E+02
 -24.086  0.0000E+00  0.1200E+02
 -24.076  0.0000E+00  0.1200E+02
 -24.066  0.0000E+00  0.1200E+02
 -24.056  0.0000E+00  0.1200E+02
 -24.046  0.0000E+00  0.1200E+02
 -24.036  0.0000E+00  0.1200E+02
 -24.026  0.0000E+00  0.1200E+02
 -24.016  0.0000E+00  0.1200E+02
 -24.006  0.0000E+00  0.1200E+02
 -23.996  0.0000E+00  0.1200E+02
 -23.986  0.0000E+00  0.1200E+02
 -23.976  0.0000E+00  0.1200E+02
 -23.966  0.0000E+00  0.1200E+02
 -23.956  0.0000E+00  0.1200E+02
 -23.946  0.0000E+00  0.1200E+02
 -23.936  0.0000E+00  0.1200E+02
 -23.926  0.0000E+00  0.1200E+02
 -23.916  0.0000E+00  0.1200E+02
 -23.906  0.0000E+00  0.1200E+02
 -23.896  0.0000E+00  0.1200E+02
 -23.886  0.0000E+00  0.1200E+02
 -23.876  0.0000E+00  0.1200E+02
 -23.866  0.0000E+00  0.1200E+02
 -23.856  0.0000E+00  0.1200E+02
 -23.846  0.0000E+00  0.1200E+02
 -23.836  0.0000E+00  0.1200E+02
 -23.826  0.0000E+00  0.1200E+02
 -23.816  0.0000E+00  0.1200E+02
 -23.806  0.0000E+00  0.1200E+02
 -23.796  0.0000E+00  0.1200E+02
 -23.786  0.0000E+00  0.1200E+02
 -23.776  0.0000E+00  0.1200E+02
 -23.766  0.0000E+00  0.1200E+02
 -23.756  0.0000E+00  0.1200E+02
 -23.746  0.0000E+00  0.1200E+02
 -23.736  0.0000E+00  0.1200E+02
 -23.726  0.0000E+00  0.1200E+02
 -23.716  0.0000E+00  0.1200E+02
 -23.706  0.0000E+00  0.1200E+02
 -23.696  0.0000E+00  0.1200E+02
 -23.686  0.0000E+00  0.1200E+02
 -23.676  0.0000E+00  0.1200E+02
 -23.666  0.0000E+00  0.1200E+02
 -23.656  0.0000E+00  0.1200E+02
 -23.646  0.0000E+00  0.1200E+02
 -23.636  0.0000E+00  0.1200E+02
 -23.626  0.0000E+00  0.1200E+02
 -23.616  0.0000E+00  0.1200E+02
 -23.606  0.0000E+00  0.1200E+02
 -23.596  0.0000E+00  0.1200E+02
 -23.586  0.0000E+00  0.1200E+02
 -23.576  0.0000E+00  0.1200E+02
 -23.566  0.0000E+00  0.1200E+02
 -23.556  0.0000E+00  0.1200E+02
 -23.546  0.0000E+00  0.1200E+02
 -23.536  0.0000E+00  0.1200E+02
 -23.526  0.0000E+00  0.1200E+02
 -23.516  0.0000E+00  0.1200E+02
 -23.506  0.0000E+00  0.1200E+02
 -23.496  0.0000E+00  0.1200E+02
 -23.486  0.0000E+00  0.1200E+02
 -23.476  0.0000E+00  0.1200E+02
 -23.466  0.0000E+00  0.1200E+02
 -23.456  0.0000E+00  0.1200E+02
 -23.446  0.0000E+00  0.1200E+02
 -23.436  0.0000E+00  0.1200E+02
 -23.426  0.0000E+00  0.1200E+02
 -23.416  0.0000E+00  0.1200E+02
 -23.406  0.0000E+00  0.1200E+02
 -23.396  0.0000E+00  0.1200E+02
 -23.386  0.0000E+00  0.1200E+02
 -23.376  0.0000E+00  0.1200E+02
 -23.366  0.0000E+00  0.1200E+02
 -23.356  0.0000E+00  0.1200E+02
 -23.346  0.0000E+00  0.1200E+02
 -23.336  0.0000E+00  0.1200E+02
 -23.326  0.0000E+00  0.1200E+02
 -23.316  0.0000E+00  0.1200E+02
 -23.306  0.0000E+00  0.1200E+02
 -23.296  0.0000E+00  0.1200E+02
 -23.286  0.0000E+00  0.1200E+02
 -23.276  0.0000E+00  0.1200E+02
 -23.266  0.0000E+00  0.1200E+02
 -23.256  0.0000E+00  0.1200E+02
 -23.246  0.0000E+00  0.1200E+02
 -23.236  0.0000E+00  0.1200E+02
 -23.226  0.0000E+00  0.1200E+02
 -23.216  0.0000E+00  0.1200E+02
 -23.206  0.0000E+00  0.1200E+02
 -23.196  0.0000E+00  0.1200E+02
 -23.186  0.0000E+00  0.1200E+02
 -23.176  0.0000E+00  0.1200E+02
 -23.166  0.0000E+00  0.1200E+02
 -23.156  0.0000E+00  0.1200E+02
 -23.146  0.0000E+00  0.1200E+02
 -23.136  0.0000E+00  0.1200E+02
 -23.126  0.0000E+00  0.1200E+02
 -23.116  0.0000E+00  0.1200E+02
 -23.106  0.0000E+00  0.1200E+02
 -23.096  0.0000E+00  0.1200E+02
 -23.086  0.0000E+00  0.1200E+02
 -23.076  0.0000E+00  0.1200E+02
 -23.066  0.0000E+00  0.1200E+02
 -23.056  0.0000E+00  0.1200E+02
 -23.046  0.0000E+00  0.1200E+02
 -23.036  0.0000E+00  0.1200E+02
 -23.026  0.0000E+00  0.1200E+02
 -23.016  0.0000E+00  0.1200E+02
 -23.006  0.0000E+00  0.1200E+02
 -22.996  0.0000E+00  0.1200E+02
 -22.986  0.0000E+00  0.1200E+02
 -22.976  0.0000E+00  0.1200E+02
 -22.966  0.0000E+00  0.1200E+02
 -22.956  0.0000E+00  0.1200E+02
 -22.946  0.0000E+00  0.1200E+02
 -22.936  0.0000E+00  0.1200E+02
 -22.926  0.0000E+00  0.1200E+02
 -22.916  0.0000E+00  0.1200E+02
 -22.906  0.0000E+00  0.1200E+02
 -22.896  0.0000E+00  0.1200E+02
 -22.886  0.0000E+00  0.1200E+02
 -22.876  0.0000E+00  0.1200E+02
 -22.866  0.0000E+00  0.1200E+02
 -22.856  0.0000E+00  0.1200E+02
 -22.846  0.0000E+00  0.1200E+02
 -22.836  0.0000E+00  0.1200E+02
 -22.826  0.0000E+00  0.1200E+02
 -22.816  0.0000E+00  0.1200E+02
 -22.806  0.0000E+00  0.1200E+02
 -22.796  0.0000E+00  0.1200E+02
 -22.786  0.0000E+00  0.1200E+02
 -22.776  0.0000E+00  0.1200E+02
 -22.766  0.0000E+00  0.1200E+02
 -22.756  0.0000E+00  0.1200E+02
 -22.746  0.0000E+00  0.1200E+02
 -22.736  0.0000E+00  0.1200E+02
 -22.726  0.0000E+00  0.1200E+02
 -22.716  0.0000E+00  0.1200E+02
 -22.706  0.0000E+00  0.1200E+02
 -22.696  0.0000E+00  0.1200E+02
 -22.686  0.0000E+00  0.1200E+02
 -22.676  0.0000E+00  0.1200E+02
 -22.666  0.0000E+00  0.1200E+02
 -22.656  0.0000E+00  0.1200E+02
 -22.646  0.0000E+00  0.1200E+02
 -22.636  0.0000E+00  0.1200E+02
 -22.626  0.0000E+00  0.1200E+02
 -22.616  0.0000E+00  0.1200E+02
 -22.606  0.0000E+00  0.1200E+02
 -22.596  0.0000E+00  0.1200E+02
 -22.586  0.0000E+00  0.1200E+02
 -22.576  0.0000E+00  0.1200E+02
 -22.566  0.0000E+00  0.1200E+02
 -22.556  0.0000E+00  0.1200E+02
 -22.546  0.0000E+00  0.1200E+02
 -22.536  0.0000E+00  0.1200E+02
 -22.526  0.0000E+00  0.1200E+02
 -22.516  0.0000E+00  0.1200E+02
 -22.506  0.0000E+00  0.1200E+02
 -22.496  0.0000E+00  0.1200E+02
 -22.486  0.0000E+00  0.1200E+02
 -22.476  0.0000E+00  0.1200E+02
 -22.466  0.0000E+00  0.1200E+02
 -22.456  0.0000E+00  0.1200E+02
 -22.446  0.0000E+00  0.1200E+02
 -22.436  0.0000E+00  0.1200E+02
 -22.426  0.0000E+00  0.1200E+02
 -22.416  0.0000E+00  0.1200E+02
 -22.406  0.0000E+00  0.1200E+02
 -22.396  0.0000E+00  0.1200E+02
 -22.386  0.0000E+00  0.1200E+02
 -22.376  0.0000E+00  0.1200E+02
 -22.366  0.0000E+00  0.1200E+02
 -22.356  0.0000E+00  0.1200E+02
 -22.346  0.0000E+00  0.1200E+02
 -22.336  0.0000E+00  0.1200E+02
 -22.326  0.0000E+00  0.1200E+02
 -22.316  0.0000E+00  0.1200E+02
 -22.306  0.0000E+00  0.1200E+02
 -22.296  0.0000E+00  0.1200E+02
 -22.286  0.0000E+00  0.1200E+02
 -22.276  0.0000E+00  0.1200E+02
 -22.266  0.0000E+00  0.1200E+02
 -22.256  0.0000E+00  0.1200E+02
 -22.246  0.0000E+00  0.1200E+02
 -22.236  0.0000E+00  0.1200E+02
 -22.226  0.0000E+00  0.1200E+02
 -22.216  0.0000E+00  0.1200E+02
 -22.206  0.0000E+00  0.1200E+02
 -22.196  0.0000E+00  0.1200E+02
 -22.186  0.0000E+00  0.1200E+02
 -22.176  0.0000E+00  0.1200E+02
 -22.166  0.0000E+00  0.1200E+02
 -22.156  0.0000E+00  0.1200E+02
 -22.146  0.0000E+00  0.1200E+02
 -22.136  0.0000E+00  0.1200E+02
 -22.126  0.0000E+00  0.1200E+02
 -22.116  0.0000E+00  0.1200E+02
 -22.106  0.0000E+00  0.1200E+02
 -22.096  0.0000E+00  0.1200E+02
 -22.086  0.0000E+00  0.1200E+02
 -22.076  0.0000E+00  0.1200E+02
 -22.066  0.0000E+00  0.1200E+02
 -22.056  0.0000E+00  0.1200E+02
 -22.046  0.0000E+00  0.1200E+02
 -22.036  0.0000E+00  0.1200E+02
 -22.026  0.0000E+00  0.1200E+02
 -22.016  0.0000E+00  0.1200E+02
 -22.006  0.0000E+00  0.1200E+02
 -21.996  0.0000E+00  0.1200E+02
 -21.986  0.0000E+00  0.1200E+02
 -21.976  0.0000E+00  0.1200E+02
 -21.966  0.0000E+00  0.1200E+02
 -21.956  0.0000E+00  0.1200E+02
 -21.946  0.0000E+00  0.1200E+02
 -21.936  0.0000E+00  0.1200E+02
 -21.926  0.0000E+00  0.1200E+02
 -21.916  0.0000E+00  0.1200E+02
 -21.906  0.0000E+00  0.1200E+02
 -21.896  0.0000E+00  0.1200E+02
 -21.886  0.0000E+00  0.1200E+02
 -21.876  0.0000E+00  0.1200E+02
 -21.866  0.0000E+00  0.1200E+02
 -21.856  0.0000E+00  0.1200E+02
 -21.846  0.0000E+00  0.1200E+02
 -21.836  0.0000E+00  0.1200E+02
 -21.826  0.0000E+00  0.1200E+02
 -21.816  0.0000E+00  0.1200E+02
 -21.806  0.0000E+00  0.1200E+02
 -21.796  0.0000E+00  0.1200E+02
 -21.786  0.0000E+00  0.1200E+02
 -21.776  0.0000E+00  0.1200E+02
 -21.766  0.0000E+00  0.1200E+02
 -21.756  0.0000E+00  0.1200E+02
 -21.746  0.0000E+00  0.1200E+02
 -21.736  0.0000E+00  0.1200E+02
 -21.726  0.0000E+00  0.1200E+02
 -21.716  0.0000E+00  0.1200E+02
 -21.706  0.0000E+00  0.1200E+02
 -21.696  0.0000E+00  0.1200E+02
 -21.686  0.0000E+00  0.1200E+02
 -21.676  0.0000E+00  0.1200E+02
 -21.666  0.0000E+00  0.1200E+02
 -21.656  0.0000E+00  0.1200E+02
 -21.646  0.0000E+00  0.1200E+02
 -21.636  0.0000E+00  0.1200E+02
 -21.626  0.0000E+00  0.1200E+02
 -21.616  0.0000E+00  0.1200E+02
 -21.606  0.0000E+00  0.1200E+02
 -21.596  0.0000E+00  0.1200E+02
 -21.586  0.0000E+00  0.1200E+02
 -21.576  0.0000E+00  0.1200E+02
 -21.566  0.0000E+00  0.1200E+02
 -21.556  0.0000E+00  0.1200E+02
 -21.546  0.0000E+00  0.1200E+02
 -21.536  0.0000E+00  0.1200E+02
 -21.526  0.0000E+00  0.1200E+02
 -21.516  0.0000E+00  0.1200E+02
 -21.506  0.0000E+00  0.1200E+02
 -21.496  0.0000E+00  0.1200E+02
 -21.486  0.0000E+00  0.1200E+02
 -21.476  0.0000E+00  0.1200E+02
 -21.466  0.0000E+00  0.1200E+02
 -21.456  0.0000E+00  0.1200E+02
 -21.446  0.0000E+00  0.1200E+02
 -21.436  0.0000E+00  0.1200E+02
 -21.426  0.0000E+00  0.1200E+02
 -21.416  0.0000E+00  0.1200E+02
 -21.406  0.0000E+00  0.1200E+02
 -21.396  0.0000E+00  0.1200E+02
 -21.386  0.0000E+00  0.1200E+02
 -21.376  0.0000E+00  0.1200E+02
 -21.366  0.0000E+00  0.1200E+02
 -21.356  0.0000E+00  0.1200E+02
 -21.346  0.0000E+00  0.1200E+02
 -21.336  0.0000E+00  0.1200E+02
 -21.326  0.0000E+00  0.1200E+02
 -21.316  0.0000E+00  0.1200E+02
 -21.306  0.0000E+00  0.1200E+02
 -21.296  0.0000E+00  0.1200E+02
 -21.286  0.0000E+00  0.1200E+02
 -21.276  0.0000E+00  0.1200E+02
 -21.266  0.0000E+00  0.1200E+02
 -21.256  0.0000E+00  0.1200E+02
 -21.246  0.0000E+00  0.1200E+02
 -21.236  0.0000E+00  0.1200E+02
 -21.226  0.0000E+00  0.1200E+02
 -21.216  0.0000E+00  0.1200E+02
 -21.206  0.0000E+00  0.1200E+02
 -21.196  0.0000E+00  0.1200E+02
 -21.186  0.0000E+00  0.1200E+02
 -21.176  0.0000E+00  0.1200E+02
 -21.166  0.0000E+00  0.1200E+02
 -21.156  0.0000E+00  0.1200E+02
 -21.146  0.0000E+00  0.1200E+02
 -21.136  0.0000E+00  0.1200E+02
 -21.126  0.0000E+00  0.1200E+02
 -21.116  0.0000E+00  0.1200E+02
 -21.106  0.0000E+00  0.1200E+02
 -21.096  0.0000E+00  0.1200E+02
 -21.086  0.0000E+00  0.1200E+02
 -21.076  0.0000E+00  0.1200E+02
 -21.066  0.0000E+00  0.1200E+02
 -21.056  0.0000E+00  0.1200E+02
 -21.046  0.0000E+00  0.1200E+02
 -21.036  0.0000E+00  0.1200E+02
 -21.026  0.0000E+00  0.1200E+02
 -21.016  0.0000E+00  0.1200E+02
 -21.006  0.0000E+00  0.1200E+02
 -20.996  0.0000E+00  0.1200E+02
 -20.986  0.0000E+00  0.1200E+02
 -20.976  0.0000E+00  0.1200E+02
 -20.966  0.0000E+00  0.1200E+02
 -20.956  0.0000E+00  0.1200E+02
 -20.946  0.0000E+00  0.1200E+02
 -20.936  0.0000E+00  0.1200E+02
 -20.926  0.0000E+00  0.1200E+02
 -20.916  0.0000E+00  0.1200E+02
 -20.906  0.0000E+00  0.1200E+02
 -20.896  0.0000E+00  0.1200E+02
 -20.886  0.0000E+00  0.1200E+02
 -20.876  0.0000E+00  0.1200E+02
 -20.866  0.0000E+00  0.1200E+02
 -20.856  0.0000E+00  0.1200E+02
 -20.846  0.0000E+00  0.1200E+02
 -20.836  0.0000E+00  0.1200E+02
 -20.826  0.0000E+00  0.1200E+02
 -20.816  0.0000E+00  0.1200E+02
 -20.806  0.0000E+00  0.1200E+02
 -20.796  0.0000E+00  0.1200E+02
 -20.786  0.0000E+00  0.1200E+02
 -20.776  0.0000E+00  0.1200E+02
 -20.766  0.0000E+00  0.1200E+02
 -20.756  0.0000E+00  0.1200E+02
 -20.746  0.0000E+00  0.1200E+02
 -20.736  0.0000E+00  0.1200E+02
 -20.726  0.0000E+00  0.1200E+02
 -20.716  0.0000E+00  0.1200E+02
 -20.706  0.0000E+00  0.1200E+02
 -20.696  0.0000E+00  0.1200E+02
 -20.686  0.0000E+00  0.1200E+02
 -20.676  0.0000E+00  0.1200E+02
 -20.666  0.0000E+00  0.1200E+02
 -20.656  0.0000E+00  0.1200E+02
 -20.646  0.0000E+00  0.1200E+02
 -20.636  0.0000E+00  0.1200E+02
 -20.626  0.0000E+00  0.1200E+02
 -20.616  0.0000E+00  0.1200E+02
 -20.606  0.0000E+00  0.1200E+02
 -20.596  0.0000E+00  0.1200E+02
 -20.586  0.0000E+00  0.1200E+02
 -20.576  0.0000E+00  0.1200E+02
 -20.566  0.0000E+00  0.1200E+02
 -20.556  0.0000E+00  0.1200E+02
 -20.546  0.0000E+00  0.1200E+02
 -20.536  0.0000E+00  0.1200E+02
 -20.526  0.0000E+00  0.1200E+02
 -20.516  0.0000E+00  0.1200E+02
 -20.506  0.0000E+00  0.1200E+02
 -20.496  0.0000E+00  0.1200E+02
 -20.486  0.0000E+00  0.1200E+02
 -20.476  0.0000E+00  0.1200E+02
 -20.466  0.0000E+00  0.1200E+02
 -20.456  0.0000E+00  0.1200E+02
 -20.446  0.0000E+00  0.1200E+02
 -20.436  0.0000E+00  0.1200E+02
 -20.426  0.0000E+00  0.1200E+02
 -20.416  0.0000E+00  0.1200E+02
 -20.406  0.0000E+00  0.1200E+02
 -20.396  0.0000E+00  0.1200E+02
 -20.386  0.0000E+00  0.1200E+02
 -20.376  0.0000E+00  0.1200E+02
 -20.366  0.0000E+00  0.1200E+02
 -20.356  0.0000E+00  0.1200E+02
 -20.346  0.0000E+00  0.1200E+02
 -20.336  0.0000E+00  0.1200E+02
 -20.326  0.0000E+00  0.1200E+02
 -20.316  0.0000E+00  0.1200E+02
 -20.306  0.0000E+00  0.1200E+02
 -20.296  0.0000E+00  0.1200E+02
 -20.286  0.0000E+00  0.1200E+02
 -20.276  0.0000E+00  0.1200E+02
 -20.266  0.0000E+00  0.1200E+02
 -20.256  0.0000E+00  0.1200E+02
 -20.246  0.0000E+00  0.1200E+02
 -20.236  0.0000E+00  0.1200E+02
 -20.226  0.0000E+00  0.1200E+02
 -20.216  0.0000E+00  0.1200E+02
 -20.206  0.0000E+00  0.1200E+02
 -20.196  0.0000E+00  0.1200E+02
 -20.186  0.0000E+00  0.1200E+02
 -20.176  0.0000E+00  0.1200E+02
 -20.166  0.0000E+00  0.1200E+02
 -20.156  0.0000E+00  0.1200E+02
 -20.146  0.0000E+00  0.1200E+02
 -20.136  0.0000E+00  0.1200E+02
 -20.126  0.0000E+00  0.1200E+02
 -20.116  0.0000E+00  0.1200E+02
 -20.106  0.0000E+00  0.1200E+02
 -20.096  0.0000E+00  0.1200E+02
 -20.086  0.0000E+00  0.1200E+02
 -20.076  0.0000E+00  0.1200E+02
 -20.066  0.0000E+00  0.1200E+02
 -20.056  0.0000E+00  0.1200E+02
 -20.046  0.0000E+00  0.1200E+02
 -20.036  0.0000E+00  0.1200E+02
 -20.026  0.0000E+00  0.1200E+02
 -20.016  0.0000E+00  0.1200E+02
 -20.006  0.0000E+00  0.1200E+02
 -19.996  0.0000E+00  0.1200E+02
 -19.986  0.0000E+00  0.1200E+02
 -19.976  0.0000E+00  0.1200E+02
 -19.966  0.0000E+00  0.1200E+02
 -19.956  0.0000E+00  0.1200E+02
 -19.946  0.0000E+00  0.1200E+02
 -19.936  0.0000E+00  0.1200E+02
 -19.926  0.0000E+00  0.1200E+02
 -19.916  0.0000E+00  0.1200E+02
 -19.906  0.0000E+00  0.1200E+02
 -19.896  0.0000E+00  0.1200E+02
 -19.886  0.0000E+00  0.1200E+02
 -19.876  0.0000E+00  0.1200E+02
 -19.866  0.0000E+00  0.1200E+02
 -19.856  0.0000E+00  0.1200E+02
 -19.846  0.0000E+00  0.1200E+02
 -19.836  0.0000E+00  0.1200E+02
 -19.826  0.0000E+00  0.1200E+02
 -19.816  0.0000E+00  0.1200E+02
 -19.806  0.0000E+00  0.1200E+02
 -19.796  0.0000E+00  0.1200E+02
 -19.786  0.0000E+00  0.1200E+02
 -19.776  0.0000E+00  0.1200E+02
 -19.766  0.0000E+00  0.1200E+02
 -19.756  0.0000E+00  0.1200E+02
 -19.746  0.0000E+00  0.1200E+02
 -19.736  0.0000E+00  0.1200E+02
 -19.726  0.0000E+00  0.1200E+02
 -19.716  0.0000E+00  0.1200E+02
 -19.706  0.0000E+00  0.1200E+02
 -19.696  0.0000E+00  0.1200E+02
 -19.686  0.0000E+00  0.1200E+02
 -19.676  0.0000E+00  0.1200E+02
 -19.666  0.0000E+00  0.1200E+02
 -19.656  0.0000E+00  0.1200E+02
 -19.646  0.0000E+00  0.1200E+02
 -19.636  0.0000E+00  0.1200E+02
 -19.626  0.0000E+00  0.1200E+02
 -19.616  0.0000E+00  0.1200E+02
 -19.606  0.0000E+00  0.1200E+02
 -19.596  0.0000E+00  0.1200E+02
 -19.586  0.0000E+00  0.1200E+02
 -19.576  0.0000E+00  0.1200E+02
 -19.566  0.0000E+00  0.1200E+02
 -19.556  0.0000E+00  0.1200E+02
 -19.546  0.0000E+00  0.1200E+02
 -19.536  0.0000E+00  0.1200E+02
 -19.526  0.0000E+00  0.1200E+02
 -19.516  0.0000E+00  0.1200E+02
 -19.506  0.0000E+00  0.1200E+02
 -19.496  0.0000E+00  0.1200E+02
 -19.486  0.0000E+00  0.1200E+02
 -19.476  0.0000E+00  0.1200E+02
 -19.466  0.0000E+00  0.1200E+02
 -19.456  0.0000E+00  0.1200E+02
 -19.446  0.0000E+00  0.1200E+02
 -19.436  0.0000E+00  0.1200E+02
 -19.426  0.0000E+00  0.1200E+02
 -19.416  0.0000E+00  0.1200E+02
 -19.406  0.0000E+00  0.1200E+02
 -19.396  0.0000E+00  0.1200E+02
 -19.386  0.0000E+00  0.1200E+02
 -19.376  0.0000E+00  0.1200E+02
 -19.366  0.0000E+00  0.1200E+02
 -19.356  0.0000E+00  0.1200E+02
 -19.346  0.0000E+00  0.1200E+02
 -19.336  0.0000E+00  0.1200E+02
 -19.326  0.0000E+00  0.1200E+02
 -19.316  0.0000E+00  0.1200E+02
 -19.306  0.0000E+00  0.1200E+02
 -19.296  0.0000E+00  0.1200E+02
 -19.286  0.0000E+00  0.1200E+02
 -19.276  0.0000E+00  0.1200E+02
 -19.266  0.0000E+00  0.1200E+02
 -19.256  0.0000E+00  0.1200E+02
 -19.246  0.0000E+00  0.1200E+02
 -19.236  0.0000E+00  0.1200E+02
 -19.226  0.0000E+00  0.1200E+02
 -19.216  0.0000E+00  0.1200E+02
 -19.206  0.0000E+00  0.1200E+02
 -19.196  0.0000E+00  0.1200E+02
 -19.186  0.0000E+00  0.1200E+02
 -19.176  0.0000E+00  0.1200E+02
 -19.166  0.0000E+00  0.1200E+02
 -19.156  0.0000E+00  0.1200E+02
 -19.146  0.0000E+00  0.1200E+02
 -19.136  0.0000E+00  0.1200E+02
 -19.126  0.0000E+00  0.1200E+02
 -19.116  0.0000E+00  0.1200E+02
 -19.106  0.0000E+00  0.1200E+02
 -19.096  0.0000E+00  0.1200E+02
 -19.086  0.0000E+00  0.1200E+02
 -19.076  0.0000E+00  0.1200E+02
 -19.066  0.0000E+00  0.1200E+02
 -19.056  0.0000E+00  0.1200E+02
 -19.046  0.0000E+00  0.1200E+02
 -19.036  0.0000E+00  0.1200E+02
 -19.026  0.0000E+00  0.1200E+02
 -19.016  0.0000E+00  0.1200E+02
 -19.006  0.0000E+00  0.1200E+02
 -18.996  0.0000E+00  0.1200E+02
 -18.986  0.0000E+00  0.1200E+02
 -18.976  0.0000E+00  0.1200E+02
 -18.966  0.0000E+00  0.1200E+02
 -18.956  0.0000E+00  0.1200E+02
 -18.946  0.0000E+00  0.1200E+02
 -18.936  0.0000E+00  0.1200E+02
 -18.926  0.0000E+00  0.1200E+02
 -18.916  0.0000E+00  0.1200E+02
 -18.906  0.0000E+00  0.1200E+02
 -18.896  0.0000E+00  0.1200E+02
 -18.886  0.0000E+00  0.1200E+02
 -18.876  0.0000E+00  0.1200E+02
 -18.866  0.0000E+00  0.1200E+02
 -18.856  0.0000E+00  0.1200E+02
 -18.846  0.0000E+00  0.1200E+02
 -18.836  0.0000E+00  0.1200E+02
 -18.826  0.0000E+00  0.1200E+02
 -18.816  0.0000E+00  0.1200E+02
 -18.806  0.0000E+00  0.1200E+02
 -18.796  0.0000E+00  0.1200E+02
 -18.786  0.0000E+00  0.1200E+02
 -18.776  0.0000E+00  0.1200E+02
 -18.766  0.0000E+00  0.1200E+02
 -18.756  0.0000E+00  0.1200E+02
 -18.746  0.0000E+00  0.1200E+02
 -18.736  0.0000E+00  0.1200E+02
 -18.726  0.0000E+00  0.1200E+02
 -18.716  0.0000E+00  0.1200E+02
 -18.706  0.0000E+00  0.1200E+02
 -18.696  0.0000E+00  0.1200E+02
 -18.686  0.0000E+00  0.1200E+02
 -18.676  0.0000E+00  0.1200E+02
 -18.666  0.0000E+00  0.1200E+02
 -18.656  0.0000E+00  0.1200E+02
 -18.646  0.0000E+00  0.1200E+02
 -18.636  0.0000E+00  0.1200E+02
 -18.626  0.0000E+00  0.1200E+02
 -18.616  0.0000E+00  0.1200E+02
 -18.606  0.0000E+00  0.1200E+02
 -18.596  0.0000E+00  0.1200E+02
 -18.586  0.0000E+00  0.1200E+02
 -18.576  0.0000E+00  0.1200E+02
 -18.566  0.0000E+00  0.1200E+02
 -18.556  0.0000E+00  0.1200E+02
 -18.546  0.0000E+00  0.1200E+02
 -18.536  0.0000E+00  0.1200E+02
 -18.526  0.0000E+00  0.1200E+02
 -18.516  0.0000E+00  0.1200E+02
 -18.506  0.0000E+00  0.1200E+02
 -18.496  0.0000E+00  0.1200E+02
 -18.486  0.0000E+00  0.1200E+02
 -18.476  0.0000E+00  0.1200E+02
 -18.466  0.0000E+00  0.1200E+02
 -18.456  0.0000E+00  0.1200E+02
 -18.446  0.0000E+00  0.1200E+02
 -18.436  0.0000E+00  0.1200E+02
 -18.426  0.0000E+00  0.1200E+02
 -18.416  0.0000E+00  0.1200E+02
 -18.406  0.0000E+00  0.1200E+02
 -18.396  0.0000E+00  0.1200E+02
 -18.386  0.0000E+00  0.1200E+02
 -18.376  0.0000E+00  0.1200E+02
 -18.366  0.0000E+00  0.1200E+02
 -18.356  0.0000E+00  0.1200E+02
 -18.346  0.0000E+00  0.1200E+02
 -18.336  0.0000E+00  0.1200E+02
 -18.326  0.0000E+00  0.1200E+02
 -18.316  0.0000E+00  0.1200E+02
 -18.306  0.0000E+00  0.1200E+02
 -18.296  0.0000E+00  0.1200E+02
 -18.286  0.0000E+00  0.1200E+02
 -18.276  0.0000E+00  0.1200E+02
 -18.266  0.0000E+00  0.1200E+02
 -18.256  0.0000E+00  0.1200E+02
 -18.246  0.0000E+00  0.1200E+02
 -18.236  0.0000E+00  0.1200E+02
 -18.226  0.0000E+00  0.1200E+02
 -18.216  0.0000E+00  0.1200E+02
 -18.206  0.0000E+00  0.1200E+02
 -18.196  0.0000E+00  0.1200E+02
 -18.186  0.0000E+00  0.1200E+02
 -18.176  0.0000E+00  0.1200E+02
 -18.166  0.0000E+00  0.1200E+02
 -18.156  0.0000E+00  0.1200E+02
 -18.146  0.0000E+00  0.1200E+02
 -18.136  0.0000E+00  0.1200E+02
 -18.126  0.0000E+00  0.1200E+02
 -18.116  0.0000E+00  0.1200E+02
 -18.106  0.0000E+00  0.1200E+02
 -18.096  0.0000E+00  0.1200E+02
 -18.086  0.0000E+00  0.1200E+02
 -18.076  0.0000E+00  0.1200E+02
 -18.066  0.0000E+00  0.1200E+02
 -18.056  0.0000E+00  0.1200E+02
 -18.046  0.0000E+00  0.1200E+02
 -18.036  0.0000E+00  0.1200E+02
 -18.026  0.0000E+00  0.1200E+02
 -18.016  0.0000E+00  0.1200E+02
 -18.006  0.0000E+00  0.1200E+02
 -17.996  0.0000E+00  0.1200E+02
 -17.986  0.0000E+00  0.1200E+02
 -17.976  0.0000E+00  0.1200E+02
 -17.966  0.0000E+00  0.1200E+02
 -17.956  0.0000E+00  0.1200E+02
 -17.946  0.0000E+00  0.1200E+02
 -17.936  0.0000E+00  0.1200E+02
 -17.926  0.0000E+00  0.1200E+02
 -17.916  0.0000E+00  0.1200E+02
 -17.906  0.0000E+00  0.1200E+02
 -17.896  0.0000E+00  0.1200E+02
 -17.886  0.0000E+00  0.1200E+02
 -17.876  0.0000E+00  0.1200E+02
 -17.866  0.0000E+00  0.1200E+02
 -17.856  0.0000E+00  0.1200E+02
 -17.846  0.0000E+00  0.1200E+02
 -17.836  0.0000E+00  0.1200E+02
 -17.826  0.0000E+00  0.1200E+02
 -17.816  0.0000E+00  0.1200E+02
 -17.806  0.0000E+00  0.1200E+02
 -17.796  0.0000E+00  0.1200E+02
 -17.786  0.0000E+00  0.1200E+02
 -17.776  0.0000E+00  0.1200E+02
 -17.766  0.0000E+00  0.1200E+02
 -17.756  0.0000E+00  0.1200E+02
 -17.746  0.0000E+00  0.1200E+02
 -17.736  0.0000E+00  0.1200E+02
 -17.726  0.0000E+00  0.1200E+02
 -17.716  0.0000E+00  0.1200E+02
 -17.706  0.0000E+00  0.1200E+02
 -17.696  0.0000E+00  0.1200E+02
 -17.686  0.0000E+00  0.1200E+02
 -17.676  0.0000E+00  0.1200E+02
 -17.666  0.0000E+00  0.1200E+02
 -17.656  0.0000E+00  0.1200E+02
 -17.646  0.0000E+00  0.1200E+02
 -17.636  0.0000E+00  0.1200E+02
 -17.626  0.0000E+00  0.1200E+02
 -17.616  0.0000E+00  0.1200E+02
 -17.606  0.0000E+00  0.1200E+02
 -17.596  0.0000E+00  0.1200E+02
 -17.586  0.0000E+00  0.1200E+02
 -17.576  0.0000E+00  0.1200E+02
 -17.566  0.0000E+00  0.1200E+02
 -17.556  0.0000E+00  0.1200E+02
 -17.546  0.0000E+00  0.1200E+02
 -17.536  0.0000E+00  0.1200E+02
 -17.526  0.0000E+00  0.1200E+02
 -17.516  0.0000E+00  0.1200E+02
 -17.506  0.0000E+00  0.1200E+02
 -17.496  0.0000E+00  0.1200E+02
 -17.486  0.0000E+00  0.1200E+02
 -17.476  0.0000E+00  0.1200E+02
 -17.466  0.0000E+00  0.1200E+02
 -17.456  0.0000E+00  0.1200E+02
 -17.446  0.0000E+00  0.1200E+02
 -17.436  0.0000E+00  0.1200E+02
 -17.426  0.0000E+00  0.1200E+02
 -17.416  0.0000E+00  0.1200E+02
 -17.406  0.0000E+00  0.1200E+02
 -17.396  0.0000E+00  0.1200E+02
 -17.386  0.0000E+00  0.1200E+02
 -17.376  0.0000E+00  0.1200E+02
 -17.366  0.0000E+00  0.1200E+02
 -17.356  0.0000E+00  0.1200E+02
 -17.346  0.0000E+00  0.1200E+02
 -17.336  0.0000E+00  0.1200E+02
 -17.326  0.0000E+00  0.1200E+02
 -17.316  0.0000E+00  0.1200E+02
 -17.306  0.0000E+00  0.1200E+02
 -17.296  0.0000E+00  0.1200E+02
 -17.286  0.0000E+00  0.1200E+02
 -17.276  0.0000E+00  0.1200E+02
 -17.266  0.0000E+00  0.1200E+02
 -17.256  0.0000E+00  0.1200E+02
 -17.246  0.0000E+00  0.1200E+02
 -17.236  0.0000E+00  0.1200E+02
 -17.226  0.0000E+00  0.1200E+02
 -17.216  0.0000E+00  0.1200E+02
 -17.206  0.0000E+00  0.1200E+02
 -17.196  0.0000E+00  0.1200E+02
 -17.186  0.0000E+00  0.1200E+02
 -17.176  0.0000E+00  0.1200E+02
 -17.166  0.0000E+00  0.1200E+02
 -17.156  0.0000E+00  0.1200E+02
 -17.146  0.0000E+00  0.1200E+02
 -17.136  0.0000E+00  0.1200E+02
 -17.126  0.0000E+00  0.1200E+02
 -17.116  0.0000E+00  0.1200E+02
 -17.106  0.0000E+00  0.1200E+02
 -17.096  0.0000E+00  0.1200E+02
 -17.086  0.0000E+00  0.1200E+02
 -17.076  0.0000E+00  0.1200E+02
 -17.066  0.0000E+00  0.1200E+02
 -17.056  0.0000E+00  0.1200E+02
 -17.046  0.0000E+00  0.1200E+02
 -17.036  0.0000E+00  0.1200E+02
 -17.026  0.0000E+00  0.1200E+02
 -17.016  0.0000E+00  0.1200E+02
 -17.006  0.0000E+00  0.1200E+02
 -16.996  0.0000E+00  0.1200E+02
 -16.986  0.0000E+00  0.1200E+02
 -16.976  0.0000E+00  0.1200E+02
 -16.966  0.0000E+00  0.1200E+02
 -16.956  0.0000E+00  0.1200E+02
 -16.946  0.0000E+00  0.1200E+02
 -16.936  0.0000E+00  0.1200E+02
 -16.926  0.0000E+00  0.1200E+02
 -16.916  0.0000E+00  0.1200E+02
 -16.906  0.0000E+00  0.1200E+02
 -16.896  0.0000E+00  0.1200E+02
 -16.886  0.0000E+00  0.1200E+02
 -16.876  0.0000E+00  0.1200E+02
 -16.866  0.0000E+00  0.1200E+02
 -16.856  0.0000E+00  0.1200E+02
 -16.846  0.0000E+00  0.1200E+02
 -16.836  0.0000E+00  0.1200E+02
 -16.826  0.0000E+00  0.1200E+02
 -16.816  0.0000E+00  0.1200E+02
 -16.806  0.0000E+00  0.1200E+02
 -16.796  0.0000E+00  0.1200E+02
 -16.786  0.0000E+00  0.1200E+02
 -16.776  0.0000E+00  0.1200E+02
 -16.766  0.0000E+00  0.1200E+02
 -16.756  0.0000E+00  0.1200E+02
 -16.746  0.0000E+00  0.1200E+02
 -16.736  0.0000E+00  0.1200E+02
 -16.726  0.0000E+00  0.1200E+02
 -16.716  0.0000E+00  0.1200E+02
 -16.706  0.0000E+00  0.1200E+02
 -16.696  0.0000E+00  0.1200E+02
 -16.686  0.0000E+00  0.1200E+02
 -16.676  0.0000E+00  0.1200E+02
 -16.666  0.0000E+00  0.1200E+02
 -16.656  0.0000E+00  0.1200E+02
 -16.646  0.0000E+00  0.1200E+02
 -16.636  0.0000E+00  0.1200E+02
 -16.626  0.0000E+00  0.1200E+02
 -16.616  0.0000E+00  0.1200E+02
 -16.606  0.0000E+00  0.1200E+02
 -16.596  0.0000E+00  0.1200E+02
 -16.586  0.0000E+00  0.1200E+02
 -16.576  0.0000E+00  0.1200E+02
 -16.566  0.0000E+00  0.1200E+02
 -16.556  0.0000E+00  0.1200E+02
 -16.546  0.0000E+00  0.1200E+02
 -16.536  0.0000E+00  0.1200E+02
 -16.526  0.0000E+00  0.1200E+02
 -16.516  0.0000E+00  0.1200E+02
 -16.506  0.0000E+00  0.1200E+02
 -16.496  0.0000E+00  0.1200E+02
 -16.486  0.0000E+00  0.1200E+02
 -16.476  0.0000E+00  0.1200E+02
 -16.466  0.0000E+00  0.1200E+02
 -16.456  0.0000E+00  0.1200E+02
 -16.446  0.0000E+00  0.1200E+02
 -16.436  0.0000E+00  0.1200E+02
 -16.426  0.0000E+00  0.1200E+02
 -16.416  0.0000E+00  0.1200E+02
 -16.406  0.0000E+00  0.1200E+02
 -16.396  0.0000E+00  0.1200E+02
 -16.386  0.0000E+00  0.1200E+02
 -16.376  0.0000E+00  0.1200E+02
 -16.366  0.0000E+00  0.1200E+02
 -16.356  0.0000E+00  0.1200E+02
 -16.346  0.0000E+00  0.1200E+02
 -16.336  0.0000E+00  0.1200E+02
 -16.326  0.0000E+00  0.1200E+02
 -16.316  0.0000E+00  0.1200E+02
 -16.306  0.0000E+00  0.1200E+02
 -16.296  0.0000E+00  0.1200E+02
 -16.286  0.0000E+00  0.1200E+02
 -16.276  0.0000E+00  0.1200E+02
 -16.266  0.0000E+00  0.1200E+02
 -16.256  0.0000E+00  0.1200E+02
 -16.246  0.0000E+00  0.1200E+02
 -16.236  0.0000E+00  0.1200E+02
 -16.226  0.0000E+00  0.1200E+02
 -16.216  0.0000E+00  0.1200E+02
 -16.206  0.0000E+00  0.1200E+02
 -16.196  0.0000E+00  0.1200E+02
 -16.186  0.0000E+00  0.1200E+02
 -16.176  0.0000E+00  0.1200E+02
 -16.166  0.0000E+00  0.1200E+02
 -16.156  0.0000E+00  0.1200E+02
 -16.146  0.0000E+00  0.1200E+02
 -16.136  0.0000E+00  0.1200E+02
 -16.126  0.0000E+00  0.1200E+02
 -16.116  0.0000E+00  0.1200E+02
 -16.106  0.0000E+00  0.1200E+02
 -16.096  0.0000E+00  0.1200E+02
 -16.086  0.0000E+00  0.1200E+02
 -16.076  0.0000E+00  0.1200E+02
 -16.066  0.0000E+00  0.1200E+02
 -16.056  0.0000E+00  0.1200E+02
 -16.046  0.0000E+00  0.1200E+02
 -16.036  0.0000E+00  0.1200E+02
 -16.026  0.0000E+00  0.1200E+02
 -16.016  0.0000E+00  0.1200E+02
 -16.006  0.0000E+00  0.1200E+02
 -15.996  0.0000E+00  0.1200E+02
 -15.986  0.0000E+00  0.1200E+02
 -15.976  0.0000E+00  0.1200E+02
 -15.966  0.0000E+00  0.1200E+02
 -15.956  0.0000E+00  0.1200E+02
 -15.946  0.0000E+00  0.1200E+02
 -15.936  0.0000E+00  0.1200E+02
 -15.926  0.0000E+00  0.1200E+02
 -15.916  0.0000E+00  0.1200E+02
 -15.906  0.0000E+00  0.1200E+02
 -15.896  0.0000E+00  0.1200E+02
 -15.886  0.0000E+00  0.1200E+02
 -15.876  0.0000E+00  0.1200E+02
 -15.866  0.0000E+00  0.1200E+02
 -15.856  0.0000E+00  0.1200E+02
 -15.846  0.0000E+00  0.1200E+02
 -15.836  0.0000E+00  0.1200E+02
 -15.826  0.0000E+00  0.1200E+02
 -15.816  0.0000E+00  0.1200E+02
 -15.806  0.0000E+00  0.1200E+02
 -15.796  0.0000E+00  0.1200E+02
 -15.786  0.0000E+00  0.1200E+02
 -15.776  0.0000E+00  0.1200E+02
 -15.766  0.0000E+00  0.1200E+02
 -15.756  0.0000E+00  0.1200E+02
 -15.746  0.0000E+00  0.1200E+02
 -15.736  0.0000E+00  0.1200E+02
 -15.726  0.0000E+00  0.1200E+02
 -15.716  0.0000E+00  0.1200E+02
 -15.706  0.0000E+00  0.1200E+02
 -15.696  0.0000E+00  0.1200E+02
 -15.686  0.0000E+00  0.1200E+02
 -15.676  0.0000E+00  0.1200E+02
 -15.666  0.0000E+00  0.1200E+02
 -15.656  0.0000E+00  0.1200E+02
 -15.646  0.0000E+00  0.1200E+02
 -15.636  0.0000E+00  0.1200E+02
 -15.626  0.0000E+00  0.1200E+02
 -15.616  0.0000E+00  0.1200E+02
 -15.606  0.0000E+00  0.1200E+02
 -15.596  0.0000E+00  0.1200E+02
 -15.586  0.0000E+00  0.1200E+02
 -15.576  0.0000E+00  0.1200E+02
 -15.566  0.0000E+00  0.1200E+02
 -15.556  0.0000E+00  0.1200E+02
 -15.546  0.0000E+00  0.1200E+02
 -15.536  0.0000E+00  0.1200E+02
 -15.526  0.0000E+00  0.1200E+02
 -15.516  0.0000E+00  0.1200E+02
 -15.506  0.0000E+00  0.1200E+02
 -15.496  0.0000E+00  0.1200E+02
 -15.486  0.0000E+00  0.1200E+02
 -15.476  0.0000E+00  0.1200E+02
 -15.466  0.0000E+00  0.1200E+02
 -15.456  0.0000E+00  0.1200E+02
 -15.446  0.0000E+00  0.1200E+02
 -15.436  0.0000E+00  0.1200E+02
 -15.426  0.0000E+00  0.1200E+02
 -15.416  0.0000E+00  0.1200E+02
 -15.406  0.0000E+00  0.1200E+02
 -15.396  0.0000E+00  0.1200E+02
 -15.386  0.0000E+00  0.1200E+02
 -15.376  0.0000E+00  0.1200E+02
 -15.366  0.0000E+00  0.1200E+02
 -15.356  0.0000E+00  0.1200E+02
 -15.346  0.0000E+00  0.1200E+02
 -15.336  0.0000E+00  0.1200E+02
 -15.326  0.0000E+00  0.1200E+02
 -15.316  0.0000E+00  0.1200E+02
 -15.306  0.0000E+00  0.1200E+02
 -15.296  0.0000E+00  0.1200E+02
 -15.286  0.0000E+00  0.1200E+02
 -15.276  0.0000E+00  0.1200E+02
 -15.266  0.0000E+00  0.1200E+02
 -15.256  0.0000E+00  0.1200E+02
 -15.246  0.0000E+00  0.1200E+02
 -15.236  0.0000E+00  0.1200E+02
 -15.226  0.0000E+00  0.1200E+02
 -15.216  0.0000E+00  0.1200E+02
 -15.206  0.0000E+00  0.1200E+02
 -15.196  0.0000E+00  0.1200E+02
 -15.186  0.0000E+00  0.1200E+02
 -15.176  0.0000E+00  0.1200E+02
 -15.166  0.0000E+00  0.1200E+02
 -15.156  0.0000E+00  0.1200E+02
 -15.146  0.0000E+00  0.1200E+02
 -15.136  0.0000E+00  0.1200E+02
 -15.126  0.0000E+00  0.1200E+02
 -15.116  0.0000E+00  0.1200E+02
 -15.106  0.0000E+00  0.1200E+02
 -15.096  0.0000E+00  0.1200E+02
 -15.086  0.0000E+00  0.1200E+02
 -15.076  0.0000E+00  0.1200E+02
 -15.066  0.0000E+00  0.1200E+02
 -15.056  0.0000E+00  0.1200E+02
 -15.046  0.0000E+00  0.1200E+02
 -15.036  0.0000E+00  0.1200E+02
 -15.026  0.0000E+00  0.1200E+02
 -15.016  0.0000E+00  0.1200E+02
 -15.006  0.0000E+00  0.1200E+02
 -14.996  0.0000E+00  0.1200E+02
 -14.986  0.0000E+00  0.1200E+02
 -14.976  0.0000E+00  0.1200E+02
 -14.966  0.0000E+00  0.1200E+02
 -14.956  0.0000E+00  0.1200E+02
 -14.946  0.0000E+00  0.1200E+02
 -14.936  0.0000E+00  0.1200E+02
 -14.926  0.0000E+00  0.1200E+02
 -14.916  0.0000E+00  0.1200E+02
 -14.906  0.0000E+00  0.1200E+02
 -14.896  0.0000E+00  0.1200E+02
 -14.886  0.0000E+00  0.1200E+02
 -14.876  0.0000E+00  0.1200E+02
 -14.866  0.0000E+00  0.1200E+02
 -14.856  0.0000E+00  0.1200E+02
 -14.846  0.0000E+00  0.1200E+02
 -14.836  0.0000E+00  0.1200E+02
 -14.826  0.0000E+00  0.1200E+02
 -14.816  0.0000E+00  0.1200E+02
 -14.806  0.0000E+00  0.1200E+02
 -14.796  0.0000E+00  0.1200E+02
 -14.786  0.0000E+00  0.1200E+02
 -14.776  0.0000E+00  0.1200E+02
 -14.766  0.0000E+00  0.1200E+02
 -14.756  0.0000E+00  0.1200E+02
 -14.746  0.0000E+00  0.1200E+02
 -14.736  0.0000E+00  0.1200E+02
 -14.726  0.0000E+00  0.1200E+02
 -14.716  0.0000E+00  0.1200E+02
 -14.706  0.0000E+00  0.1200E+02
 -14.696  0.0000E+00  0.1200E+02
 -14.686  0.0000E+00  0.1200E+02
 -14.676  0.0000E+00  0.1200E+02
 -14.666  0.0000E+00  0.1200E+02
 -14.656  0.0000E+00  0.1200E+02
 -14.646  0.0000E+00  0.1200E+02
 -14.636  0.0000E+00  0.1200E+02
 -14.626  0.0000E+00  0.1200E+02
 -14.616  0.0000E+00  0.1200E+02
 -14.606  0.0000E+00  0.1200E+02
 -14.596  0.0000E+00  0.1200E+02
 -14.586  0.0000E+00  0.1200E+02
 -14.576  0.0000E+00  0.1200E+02
 -14.566  0.0000E+00  0.1200E+02
 -14.556  0.0000E+00  0.1200E+02
 -14.546  0.0000E+00  0.1200E+02
 -14.536  0.0000E+00  0.1200E+02
 -14.526  0.0000E+00  0.1200E+02
 -14.516  0.0000E+00  0.1200E+02
 -14.506  0.0000E+00  0.1200E+02
 -14.496  0.0000E+00  0.1200E+02
 -14.486  0.0000E+00  0.1200E+02
 -14.476  0.0000E+00  0.1200E+02
 -14.466  0.0000E+00  0.1200E+02
 -14.456  0.0000E+00  0.1200E+02
 -14.446  0.0000E+00  0.1200E+02
 -14.436  0.0000E+00  0.1200E+02
 -14.426  0.0000E+00  0.1200E+02
 -14.416  0.0000E+00  0.1200E+02
 -14.406  0.0000E+00  0.1200E+02
 -14.396  0.0000E+00  0.1200E+02
 -14.386  0.0000E+00  0.1200E+02
 -14.376  0.0000E+00  0.1200E+02
 -14.366  0.0000E+00  0.1200E+02
 -14.356  0.0000E+00  0.1200E+02
 -14.346  0.0000E+00  0.1200E+02
 -14.336  0.0000E+00  0.1200E+02
 -14.326  0.0000E+00  0.1200E+02
 -14.316  0.0000E+00  0.1200E+02
 -14.306  0.0000E+00  0.1200E+02
 -14.296  0.0000E+00  0.1200E+02
 -14.286  0.0000E+00  0.1200E+02
 -14.276  0.0000E+00  0.1200E+02
 -14.266  0.0000E+00  0.1200E+02
 -14.256  0.0000E+00  0.1200E+02
 -14.246  0.0000E+00  0.1200E+02
 -14.236  0.0000E+00  0.1200E+02
 -14.226  0.0000E+00  0.1200E+02
 -14.216  0.0000E+00  0.1200E+02
 -14.206  0.0000E+00  0.1200E+02
 -14.196  0.0000E+00  0.1200E+02
 -14.186  0.0000E+00  0.1200E+02
 -14.176  0.0000E+00  0.1200E+02
 -14.166  0.0000E+00  0.1200E+02
 -14.156  0.0000E+00  0.1200E+02
 -14.146  0.0000E+00  0.1200E+02
 -14.136  0.0000E+00  0.1200E+02
 -14.126  0.0000E+00  0.1200E+02
 -14.116  0.0000E+00  0.1200E+02
 -14.106  0.0000E+00  0.1200E+02
 -14.096  0.0000E+00  0.1200E+02
 -14.086  0.0000E+00  0.1200E+02
 -14.076  0.0000E+00  0.1200E+02
 -14.066  0.0000E+00  0.1200E+02
 -14.056  0.0000E+00  0.1200E+02
 -14.046  0.0000E+00  0.1200E+02
 -14.036  0.0000E+00  0.1200E+02
 -14.026  0.0000E+00  0.1200E+02
 -14.016  0.0000E+00  0.1200E+02
 -14.006  0.0000E+00  0.1200E+02
 -13.996  0.0000E+00  0.1200E+02
 -13.986  0.0000E+00  0.1200E+02
 -13.976  0.0000E+00  0.1200E+02
 -13.966  0.0000E+00  0.1200E+02
 -13.956  0.0000E+00  0.1200E+02
 -13.946  0.0000E+00  0.1200E+02
 -13.936  0.0000E+00  0.1200E+02
 -13.926  0.0000E+00  0.1200E+02
 -13.916  0.0000E+00  0.1200E+02
 -13.906  0.0000E+00  0.1200E+02
 -13.896  0.0000E+00  0.1200E+02
 -13.886  0.0000E+00  0.1200E+02
 -13.876  0.0000E+00  0.1200E+02
 -13.866  0.0000E+00  0.1200E+02
 -13.856  0.0000E+00  0.1200E+02
 -13.846  0.0000E+00  0.1200E+02
 -13.836  0.0000E+00  0.1200E+02
 -13.826  0.0000E+00  0.1200E+02
 -13.816  0.0000E+00  0.1200E+02
 -13.806  0.0000E+00  0.1200E+02
 -13.796  0.0000E+00  0.1200E+02
 -13.786  0.0000E+00  0.1200E+02
 -13.776  0.0000E+00  0.1200E+02
 -13.766  0.0000E+00  0.1200E+02
 -13.756  0.0000E+00  0.1200E+02
 -13.746  0.0000E+00  0.1200E+02
 -13.736  0.0000E+00  0.1200E+02
 -13.726  0.0000E+00  0.1200E+02
 -13.716  0.0000E+00  0.1200E+02
 -13.706  0.0000E+00  0.1200E+02
 -13.696  0.0000E+00  0.1200E+02
 -13.686  0.0000E+00  0.1200E+02
 -13.676  0.0000E+00  0.1200E+02
 -13.666  0.0000E+00  0.1200E+02
 -13.656  0.0000E+00  0.1200E+02
 -13.646  0.0000E+00  0.1200E+02
 -13.636  0.0000E+00  0.1200E+02
 -13.626  0.0000E+00  0.1200E+02
 -13.616  0.0000E+00  0.1200E+02
 -13.606  0.0000E+00  0.1200E+02
 -13.596  0.0000E+00  0.1200E+02
 -13.586  0.0000E+00  0.1200E+02
 -13.576  0.0000E+00  0.1200E+02
 -13.566  0.0000E+00  0.1200E+02
 -13.556  0.0000E+00  0.1200E+02
 -13.546  0.0000E+00  0.1200E+02
 -13.536  0.0000E+00  0.1200E+02
 -13.526  0.0000E+00  0.1200E+02
 -13.516  0.0000E+00  0.1200E+02
 -13.506  0.0000E+00  0.1200E+02
 -13.496  0.0000E+00  0.1200E+02
 -13.486  0.0000E+00  0.1200E+02
 -13.476  0.0000E+00  0.1200E+02
 -13.466  0.0000E+00  0.1200E+02
 -13.456  0.0000E+00  0.1200E+02
 -13.446  0.0000E+00  0.1200E+02
 -13.436  0.0000E+00  0.1200E+02
 -13.426  0.0000E+00  0.1200E+02
 -13.416  0.0000E+00  0.1200E+02
 -13.406  0.0000E+00  0.1200E+02
 -13.396  0.0000E+00  0.1200E+02
 -13.386  0.0000E+00  0.1200E+02
 -13.376  0.0000E+00  0.1200E+02
 -13.366  0.0000E+00  0.1200E+02
 -13.356  0.0000E+00  0.1200E+02
 -13.346  0.0000E+00  0.1200E+02
 -13.336  0.0000E+00  0.1200E+02
 -13.326  0.0000E+00  0.1200E+02
 -13.316  0.0000E+00  0.1200E+02
 -13.306  0.0000E+00  0.1200E+02
 -13.296  0.0000E+00  0.1200E+02
 -13.286  0.0000E+00  0.1200E+02
 -13.276  0.0000E+00  0.1200E+02
 -13.266  0.0000E+00  0.1200E+02
 -13.256  0.0000E+00  0.1200E+02
 -13.246  0.0000E+00  0.1200E+02
 -13.236  0.0000E+00  0.1200E+02
 -13.226  0.0000E+00  0.1200E+02
 -13.216  0.0000E+00  0.1200E+02
 -13.206  0.0000E+00  0.1200E+02
 -13.196  0.0000E+00  0.1200E+02
 -13.186  0.0000E+00  0.1200E+02
 -13.176  0.0000E+00  0.1200E+02
 -13.166  0.0000E+00  0.1200E+02
 -13.156  0.0000E+00  0.1200E+02
 -13.146  0.0000E+00  0.1200E+02
 -13.136  0.0000E+00  0.1200E+02
 -13.126  0.0000E+00  0.1200E+02
 -13.116  0.0000E+00  0.1200E+02
 -13.106  0.0000E+00  0.1200E+02
 -13.096  0.0000E+00  0.1200E+02
 -13.086  0.0000E+00  0.1200E+02
 -13.076  0.0000E+00  0.1200E+02
 -13.066  0.0000E+00  0.1200E+02
 -13.056  0.0000E+00  0.1200E+02
 -13.046  0.0000E+00  0.1200E+02
 -13.036  0.0000E+00  0.1200E+02
 -13.026  0.0000E+00  0.1200E+02
 -13.016  0.0000E+00  0.1200E+02
 -13.006  0.0000E+00  0.1200E+02
 -12.996  0.0000E+00  0.1200E+02
 -12.986  0.0000E+00  0.1200E+02
 -12.976  0.0000E+00  0.1200E+02
 -12.966  0.0000E+00  0.1200E+02
 -12.956  0.0000E+00  0.1200E+02
 -12.946  0.0000E+00  0.1200E+02
 -12.936  0.0000E+00  0.1200E+02
 -12.926  0.0000E+00  0.1200E+02
 -12.916  0.0000E+00  0.1200E+02
 -12.906  0.0000E+00  0.1200E+02
 -12.896  0.0000E+00  0.1200E+02
 -12.886  0.0000E+00  0.1200E+02
 -12.876  0.0000E+00  0.1200E+02
 -12.866  0.0000E+00  0.1200E+02
 -12.856  0.0000E+00  0.1200E+02
 -12.846  0.0000E+00  0.1200E+02
 -12.836  0.0000E+00  0.1200E+02
 -12.826  0.0000E+00  0.1200E+02
 -12.816  0.0000E+00  0.1200E+02
 -12.806  0.0000E+00  0.1200E+02
 -12.796  0.0000E+00  0.1200E+02
 -12.786  0.0000E+00  0.1200E+02
 -12.776  0.0000E+00  0.1200E+02
 -12.766  0.0000E+00  0.1200E+02
 -12.756  0.0000E+00  0.1200E+02
 -12.746  0.0000E+00  0.1200E+02
 -12.736  0.0000E+00  0.1200E+02
 -12.726  0.0000E+00  0.1200E+02
 -12.716  0.0000E+00  0.1200E+02
 -12.706  0.0000E+00  0.1200E+02
 -12.696  0.0000E+00  0.1200E+02
 -12.686  0.0000E+00  0.1200E+02
 -12.676  0.0000E+00  0.1200E+02
 -12.666  0.0000E+00  0.1200E+02
 -12.656  0.0000E+00  0.1200E+02
 -12.646  0.0000E+00  0.1200E+02
 -12.636  0.0000E+00  0.1200E+02
 -12.626  0.0000E+00  0.1200E+02
 -12.616  0.0000E+00  0.1200E+02
 -12.606  0.0000E+00  0.1200E+02
 -12.596  0.0000E+00  0.1200E+02
 -12.586  0.0000E+00  0.1200E+02
 -12.576  0.0000E+00  0.1200E+02
 -12.566  0.0000E+00  0.1200E+02
 -12.556  0.0000E+00  0.1200E+02
 -12.546  0.0000E+00  0.1200E+02
 -12.536  0.0000E+00  0.1200E+02
 -12.526  0.0000E+00  0.1200E+02
 -12.516  0.0000E+00  0.1200E+02
 -12.506  0.0000E+00  0.1200E+02
 -12.496  0.0000E+00  0.1200E+02
 -12.486  0.0000E+00  0.1200E+02
 -12.476  0.0000E+00  0.1200E+02
 -12.466  0.0000E+00  0.1200E+02
 -12.456  0.0000E+00  0.1200E+02
 -12.446  0.0000E+00  0.1200E+02
 -12.436  0.0000E+00  0.1200E+02
 -12.426  0.0000E+00  0.1200E+02
 -12.416  0.0000E+00  0.1200E+02
 -12.406  0.0000E+00  0.1200E+02
 -12.396  0.0000E+00  0.1200E+02
 -12.386  0.0000E+00  0.1200E+02
 -12.376  0.0000E+00  0.1200E+02
 -12.366  0.0000E+00  0.1200E+02
 -12.356  0.0000E+00  0.1200E+02
 -12.346  0.0000E+00  0.1200E+02
 -12.336  0.0000E+00  0.1200E+02
 -12.326  0.0000E+00  0.1200E+02
 -12.316  0.0000E+00  0.1200E+02
 -12.306  0.0000E+00  0.1200E+02
 -12.296  0.0000E+00  0.1200E+02
 -12.286  0.0000E+00  0.1200E+02
 -12.276  0.0000E+00  0.1200E+02
 -12.266  0.0000E+00  0.1200E+02
 -12.256  0.0000E+00  0.1200E+02
 -12.246  0.0000E+00  0.1200E+02
 -12.236  0.0000E+00  0.1200E+02
 -12.226  0.0000E+00  0.1200E+02
 -12.216  0.0000E+00  0.1200E+02
 -12.206  0.0000E+00  0.1200E+02
 -12.196  0.0000E+00  0.1200E+02
 -12.186  0.0000E+00  0.1200E+02
 -12.176  0.0000E+00  0.1200E+02
 -12.166  0.0000E+00  0.1200E+02
 -12.156  0.0000E+00  0.1200E+02
 -12.146  0.0000E+00  0.1200E+02
 -12.136  0.0000E+00  0.1200E+02
 -12.126  0.0000E+00  0.1200E+02
 -12.116  0.0000E+00  0.1200E+02
 -12.106  0.0000E+00  0.1200E+02
 -12.096  0.0000E+00  0.1200E+02
 -12.086  0.0000E+00  0.1200E+02
 -12.076  0.0000E+00  0.1200E+02
 -12.066  0.0000E+00  0.1200E+02
 -12.056  0.0000E+00  0.1200E+02
 -12.046  0.0000E+00  0.1200E+02
 -12.036  0.0000E+00  0.1200E+02
 -12.026  0.0000E+00  0.1200E+02
 -12.016  0.0000E+00  0.1200E+02
 -12.006  0.0000E+00  0.1200E+02
 -11.996  0.0000E+00  0.1200E+02
 -11.986  0.0000E+00  0.1200E+02
 -11.976  0.0000E+00  0.1200E+02
 -11.966  0.0000E+00  0.1200E+02
 -11.956  0.0000E+00  0.1200E+02
 -11.946  0.0000E+00  0.1200E+02
 -11.936  0.0000E+00  0.1200E+02
 -11.926  0.0000E+00  0.1200E+02
 -11.916  0.0000E+00  0.1200E+02
 -11.906  0.0000E+00  0.1200E+02
 -11.896  0.0000E+00  0.1200E+02
 -11.886  0.0000E+00  0.1200E+02
 -11.876  0.0000E+00  0.1200E+02
 -11.866  0.0000E+00  0.1200E+02
 -11.856  0.0000E+00  0.1200E+02
 -11.846  0.0000E+00  0.1200E+02
 -11.836  0.0000E+00  0.1200E+02
 -11.826  0.0000E+00  0.1200E+02
 -11.816  0.0000E+00  0.1200E+02
 -11.806  0.0000E+00  0.1200E+02
 -11.796  0.0000E+00  0.1200E+02
 -11.786  0.0000E+00  0.1200E+02
 -11.776  0.0000E+00  0.1200E+02
 -11.766  0.0000E+00  0.1200E+02
 -11.756  0.0000E+00  0.1200E+02
 -11.746  0.0000E+00  0.1200E+02
 -11.736  0.0000E+00  0.1200E+02
 -11.726  0.0000E+00  0.1200E+02
 -11.716  0.0000E+00  0.1200E+02
 -11.706  0.0000E+00  0.1200E+02
 -11.696  0.0000E+00  0.1200E+02
 -11.686  0.0000E+00  0.1200E+02
 -11.676  0.0000E+00  0.1200E+02
 -11.666  0.0000E+00  0.1200E+02
 -11.656  0.0000E+00  0.1200E+02
 -11.646  0.0000E+00  0.1200E+02
 -11.636  0.0000E+00  0.1200E+02
 -11.626  0.0000E+00  0.1200E+02
 -11.616  0.0000E+00  0.1200E+02
 -11.606  0.0000E+00  0.1200E+02
 -11.596  0.0000E+00  0.1200E+02
 -11.586  0.0000E+00  0.1200E+02
 -11.576  0.0000E+00  0.1200E+02
 -11.566  0.0000E+00  0.1200E+02
 -11.556  0.0000E+00  0.1200E+02
 -11.546  0.0000E+00  0.1200E+02
 -11.536  0.0000E+00  0.1200E+02
 -11.526  0.0000E+00  0.1200E+02
 -11.516  0.0000E+00  0.1200E+02
 -11.506  0.0000E+00  0.1200E+02
 -11.496  0.0000E+00  0.1200E+02
 -11.486  0.0000E+00  0.1200E+02
 -11.476  0.0000E+00  0.1200E+02
 -11.466  0.0000E+00  0.1200E+02
 -11.456  0.0000E+00  0.1200E+02
 -11.446  0.0000E+00  0.1200E+02
 -11.436  0.0000E+00  0.1200E+02
 -11.426  0.0000E+00  0.1200E+02
 -11.416  0.0000E+00  0.1200E+02
 -11.406  0.0000E+00  0.1200E+02
 -11.396  0.0000E+00  0.1200E+02
 -11.386  0.0000E+00  0.1200E+02
 -11.376  0.0000E+00  0.1200E+02
 -11.366  0.0000E+00  0.1200E+02
 -11.356  0.0000E+00  0.1200E+02
 -11.346  0.0000E+00  0.1200E+02
 -11.336  0.0000E+00  0.1200E+02
 -11.326  0.0000E+00  0.1200E+02
 -11.316  0.0000E+00  0.1200E+02
 -11.306  0.0000E+00  0.1200E+02
 -11.296  0.0000E+00  0.1200E+02
 -11.286  0.0000E+00  0.1200E+02
 -11.276  0.0000E+00  0.1200E+02
 -11.266  0.0000E+00  0.1200E+02
 -11.256  0.0000E+00  0.1200E+02
 -11.246  0.0000E+00  0.1200E+02
 -11.236  0.0000E+00  0.1200E+02
 -11.226  0.0000E+00  0.1200E+02
 -11.216  0.0000E+00  0.1200E+02
 -11.206  0.0000E+00  0.1200E+02
 -11.196  0.0000E+00  0.1200E+02
 -11.186  0.0000E+00  0.1200E+02
 -11.176  0.0000E+00  0.1200E+02
 -11.166  0.0000E+00  0.1200E+02
 -11.156  0.0000E+00  0.1200E+02
 -11.146  0.0000E+00  0.1200E+02
 -11.136  0.0000E+00  0.1200E+02
 -11.126  0.0000E+00  0.1200E+02
 -11.116  0.0000E+00  0.1200E+02
 -11.106  0.0000E+00  0.1200E+02
 -11.096  0.0000E+00  0.1200E+02
 -11.086  0.0000E+00  0.1200E+02
 -11.076  0.0000E+00  0.1200E+02
 -11.066  0.0000E+00  0.1200E+02
 -11.056  0.0000E+00  0.1200E+02
 -11.046  0.0000E+00  0.1200E+02
 -11.036  0.0000E+00  0.1200E+02
 -11.026  0.0000E+00  0.1200E+02
 -11.016  0.0000E+00  0.1200E+02
 -11.006  0.0000E+00  0.1200E+02
 -10.996  0.0000E+00  0.1200E+02
 -10.986  0.0000E+00  0.1200E+02
 -10.976  0.0000E+00  0.1200E+02
 -10.966  0.0000E+00  0.1200E+02
 -10.956  0.0000E+00  0.1200E+02
 -10.946  0.0000E+00  0.1200E+02
 -10.936  0.0000E+00  0.1200E+02
 -10.926  0.0000E+00  0.1200E+02
 -10.916  0.0000E+00  0.1200E+02
 -10.906  0.0000E+00  0.1200E+02
 -10.896  0.0000E+00  0.1200E+02
 -10.886  0.0000E+00  0.1200E+02
 -10.876  0.0000E+00  0.1200E+02
 -10.866  0.0000E+00  0.1200E+02
 -10.856  0.0000E+00  0.1200E+02
 -10.846  0.0000E+00  0.1200E+02
 -10.836  0.0000E+00  0.1200E+02
 -10.826  0.0000E+00  0.1200E+02
 -10.816  0.0000E+00  0.1200E+02
 -10.806  0.0000E+00  0.1200E+02
 -10.796  0.0000E+00  0.1200E+02
 -10.786  0.0000E+00  0.1200E+02
 -10.776  0.0000E+00  0.1200E+02
 -10.766  0.0000E+00  0.1200E+02
 -10.756  0.0000E+00  0.1200E+02
 -10.746  0.0000E+00  0.1200E+02
 -10.736  0.0000E+00  0.1200E+02
 -10.726  0.0000E+00  0.1200E+02
 -10.716  0.0000E+00  0.1200E+02
 -10.706  0.0000E+00  0.1200E+02
 -10.696  0.0000E+00  0.1200E+02
 -10.686  0.0000E+00  0.1200E+02
 -10.676  0.0000E+00  0.1200E+02
 -10.666  0.0000E+00  0.1200E+02
 -10.656  0.0000E+00  0.1200E+02
 -10.646  0.0000E+00  0.1200E+02
 -10.636  0.0000E+00  0.1200E+02
 -10.626  0.0000E+00  0.1200E+02
 -10.616  0.0000E+00  0.1200E+02
 -10.606  0.0000E+00  0.1200E+02
 -10.596  0.0000E+00  0.1200E+02
 -10.586  0.0000E+00  0.1200E+02
 -10.576  0.0000E+00  0.1200E+02
 -10.566  0.0000E+00  0.1200E+02
 -10.556  0.0000E+00  0.1200E+02
 -10.546  0.0000E+00  0.1200E+02
 -10.536  0.0000E+00  0.1200E+02
 -10.526  0.0000E+00  0.1200E+02
 -10.516  0.0000E+00  0.1200E+02
 -10.506  0.0000E+00  0.1200E+02
 -10.496  0.0000E+00  0.1200E+02
 -10.486  0.0000E+00  0.1200E+02
 -10.476  0.0000E+00  0.1200E+02
 -10.466  0.0000E+00  0.1200E+02
 -10.456  0.0000E+00  0.1200E+02
 -10.446  0.0000E+00  0.1200E+02
 -10.436  0.0000E+00  0.1200E+02
 -10.426  0.0000E+00  0.1200E+02
 -10.416  0.0000E+00  0.1200E+02
 -10.406  0.0000E+00  0.1200E+02
 -10.396  0.0000E+00  0.1200E+02
 -10.386  0.0000E+00  0.1200E+02
 -10.376  0.0000E+00  0.1200E+02
 -10.366  0.0000E+00  0.1200E+02
 -10.356  0.0000E+00  0.1200E+02
 -10.346  0.0000E+00  0.1200E+02
 -10.336  0.0000E+00  0.1200E+02
 -10.326  0.0000E+00  0.1200E+02
 -10.316  0.0000E+00  0.1200E+02
 -10.306  0.0000E+00  0.1200E+02
 -10.296  0.0000E+00  0.1200E+02
 -10.286  0.0000E+00  0.1200E+02
 -10.276  0.0000E+00  0.1200E+02
 -10.266  0.0000E+00  0.1200E+02
 -10.256  0.0000E+00  0.1200E+02
 -10.246  0.0000E+00  0.1200E+02
 -10.236  0.0000E+00  0.1200E+02
 -10.226  0.0000E+00  0.1200E+02
 -10.216  0.0000E+00  0.1200E+02
 -10.206  0.0000E+00  0.1200E+02
 -10.196  0.0000E+00  0.1200E+02
 -10.186  0.0000E+00  0.1200E+02
 -10.176  0.0000E+00  0.1200E+02
 -10.166  0.0000E+00  0.1200E+02
 -10.156  0.0000E+00  0.1200E+02
 -10.146  0.0000E+00  0.1200E+02
 -10.136  0.0000E+00  0.1200E+02
 -10.126  0.0000E+00  0.1200E+02
 -10.116  0.0000E+00  0.1200E+02
 -10.106  0.0000E+00  0.1200E+02
 -10.096  0.0000E+00  0.1200E+02
 -10.086  0.0000E+00  0.1200E+02
 -10.076  0.0000E+00  0.1200E+02
 -10.066  0.0000E+00  0.1200E+02
 -10.056  0.0000E+00  0.1200E+02
 -10.046  0.0000E+00  0.1200E+02
 -10.036  0.0000E+00  0.1200E+02
 -10.026  0.0000E+00  0.1200E+02
 -10.016  0.0000E+00  0.1200E+02
 -10.006  0.0000E+00  0.1200E+02
  -9.996  0.0000E+00  0.1200E+02
  -9.986  0.0000E+00  0.1200E+02
  -9.976  0.0000E+00  0.1200E+02
  -9.966  0.0000E+00  0.1200E+02
  -9.956  0.0000E+00  0.1200E+02
  -9.946  0.0000E+00  0.1200E+02
  -9.936  0.0000E+00  0.1200E+02
  -9.926  0.0000E+00  0.1200E+02
  -9.916  0.0000E+00  0.1200E+02
  -9.906  0.0000E+00  0.1200E+02
  -9.896  0.0000E+00  0.1200E+02
  -9.886  0.0000E+00  0.1200E+02
  -9.876  0.0000E+00  0.1200E+02
  -9.866  0.0000E+00  0.1200E+02
  -9.856  0.0000E+00  0.1200E+02
  -9.846  0.0000E+00  0.1200E+02
  -9.836  0.0000E+00  0.1200E+02
  -9.826  0.0000E+00  0.1200E+02
  -9.816  0.0000E+00  0.1200E+02
  -9.806  0.0000E+00  0.1200E+02
  -9.796  0.0000E+00  0.1200E+02
  -9.786  0.0000E+00  0.1200E+02
  -9.776  0.0000E+00  0.1200E+02
  -9.766  0.0000E+00  0.1200E+02
  -9.756  0.0000E+00  0.1200E+02
  -9.746  0.0000E+00  0.1200E+02
  -9.736  0.0000E+00  0.1200E+02
  -9.726  0.0000E+00  0.1200E+02
  -9.716  0.0000E+00  0.1200E+02
  -9.706  0.0000E+00  0.1200E+02
  -9.696  0.0000E+00  0.1200E+02
  -9.686  0.0000E+00  0.1200E+02
  -9.676  0.0000E+00  0.1200E+02
  -9.666  0.0000E+00  0.1200E+02
  -9.656  0.0000E+00  0.1200E+02
  -9.646  0.0000E+00  0.1200E+02
  -9.636  0.0000E+00  0.1200E+02
  -9.626  0.0000E+00  0.1200E+02
  -9.616  0.0000E+00  0.1200E+02
  -9.606  0.0000E+00  0.1200E+02
  -9.596  0.0000E+00  0.1200E+02
  -9.586  0.0000E+00  0.1200E+02
  -9.576  0.0000E+00  0.1200E+02
  -9.566  0.0000E+00  0.1200E+02
  -9.556  0.0000E+00  0.1200E+02
  -9.546  0.0000E+00  0.1200E+02
  -9.536  0.0000E+00  0.1200E+02
  -9.526  0.0000E+00  0.1200E+02
  -9.516  0.0000E+00  0.1200E+02
  -9.506  0.0000E+00  0.1200E+02
  -9.496  0.0000E+00  0.1200E+02
  -9.486  0.0000E+00  0.1200E+02
  -9.476  0.0000E+00  0.1200E+02
  -9.466  0.0000E+00  0.1200E+02
  -9.456  0.0000E+00  0.1200E+02
  -9.446  0.0000E+00  0.1200E+02
  -9.436  0.0000E+00  0.1200E+02
  -9.426  0.0000E+00  0.1200E+02
  -9.416  0.0000E+00  0.1200E+02
  -9.406  0.0000E+00  0.1200E+02
  -9.396  0.0000E+00  0.1200E+02
  -9.386  0.0000E+00  0.1200E+02
  -9.376  0.0000E+00  0.1200E+02
  -9.366  0.0000E+00  0.1200E+02
  -9.356  0.0000E+00  0.1200E+02
  -9.346  0.0000E+00  0.1200E+02
  -9.336  0.0000E+00  0.1200E+02
  -9.326  0.0000E+00  0.1200E+02
  -9.316  0.0000E+00  0.1200E+02
  -9.306  0.0000E+00  0.1200E+02
  -9.296  0.0000E+00  0.1200E+02
  -9.286  0.0000E+00  0.1200E+02
  -9.276  0.0000E+00  0.1200E+02
  -9.266  0.0000E+00  0.1200E+02
  -9.256  0.0000E+00  0.1200E+02
  -9.246  0.0000E+00  0.1200E+02
  -9.236  0.0000E+00  0.1200E+02
  -9.226  0.0000E+00  0.1200E+02
  -9.216  0.0000E+00  0.1200E+02
  -9.206  0.0000E+00  0.1200E+02
  -9.196  0.0000E+00  0.1200E+02
  -9.186  0.0000E+00  0.1200E+02
  -9.176  0.0000E+00  0.1200E+02
  -9.166  0.0000E+00  0.1200E+02
  -9.156  0.0000E+00  0.1200E+02
  -9.146  0.0000E+00  0.1200E+02
  -9.136  0.0000E+00  0.1200E+02
  -9.126  0.0000E+00  0.1200E+02
  -9.116  0.0000E+00  0.1200E+02
  -9.106  0.0000E+00  0.1200E+02
  -9.096  0.0000E+00  0.1200E+02
  -9.086  0.0000E+00  0.1200E+02
  -9.076  0.0000E+00  0.1200E+02
  -9.066  0.0000E+00  0.1200E+02
  -9.056  0.0000E+00  0.1200E+02
  -9.046  0.0000E+00  0.1200E+02
  -9.036  0.0000E+00  0.1200E+02
  -9.026  0.0000E+00  0.1200E+02
  -9.016  0.0000E+00  0.1200E+02
  -9.006  0.0000E+00  0.1200E+02
  -8.996  0.0000E+00  0.1200E+02
  -8.986  0.0000E+00  0.1200E+02
  -8.976  0.0000E+00  0.1200E+02
  -8.966  0.0000E+00  0.1200E+02
  -8.956  0.0000E+00  0.1200E+02
  -8.946  0.0000E+00  0.1200E+02
  -8.936  0.0000E+00  0.1200E+02
  -8.926  0.0000E+00  0.1200E+02
  -8.916  0.0000E+00  0.1200E+02
  -8.906  0.0000E+00  0.1200E+02
  -8.896  0.0000E+00  0.1200E+02
  -8.886  0.0000E+00  0.1200E+02
  -8.876  0.0000E+00  0.1200E+02
  -8.866  0.0000E+00  0.1200E+02
  -8.856  0.0000E+00  0.1200E+02
  -8.846  0.0000E+00  0.1200E+02
  -8.836  0.0000E+00  0.1200E+02
  -8.826  0.0000E+00  0.1200E+02
  -8.816  0.0000E+00  0.1200E+02
  -8.806  0.0000E+00  0.1200E+02
  -8.796  0.0000E+00  0.1200E+02
  -8.786  0.0000E+00  0.1200E+02
  -8.776  0.0000E+00  0.1200E+02
  -8.766  0.0000E+00  0.1200E+02
  -8.756  0.0000E+00  0.1200E+02
  -8.746  0.0000E+00  0.1200E+02
  -8.736  0.0000E+00  0.1200E+02
  -8.726  0.0000E+00  0.1200E+02
  -8.716  0.0000E+00  0.1200E+02
  -8.706  0.0000E+00  0.1200E+02
  -8.696  0.0000E+00  0.1200E+02
  -8.686  0.0000E+00  0.1200E+02
  -8.676  0.0000E+00  0.1200E+02
  -8.666  0.0000E+00  0.1200E+02
  -8.656  0.5209E+00  0.1200E+02
  -8.646  0.1160E+01  0.1201E+02
  -8.636  0.4443E+01  0.1203E+02
  -8.626  0.4228E+01  0.1207E+02
  -8.616  0.4378E+01  0.1212E+02
  -8.606  0.4417E+01  0.1216E+02
  -8.596  0.4425E+01  0.1221E+02
  -8.586  0.4502E+01  0.1225E+02
  -8.576  0.4534E+01  0.1230E+02
  -8.566  0.4585E+01  0.1234E+02
  -8.556  0.4657E+01  0.1239E+02
  -8.546  0.4655E+01  0.1243E+02
  -8.536  0.4748E+01  0.1248E+02
  -8.526  0.4801E+01  0.1253E+02
  -8.516  0.4846E+01  0.1258E+02
  -8.506  0.4908E+01  0.1263E+02
  -8.496  0.4995E+01  0.1268E+02
  -8.486  0.5076E+01  0.1273E+02
  -8.476  0.5132E+01  0.1278E+02
  -8.466  0.5227E+01  0.1283E+02
  -8.456  0.5308E+01  0.1288E+02
  -8.446  0.5417E+01  0.1293E+02
  -8.436  0.8023E+01  0.1299E+02
  -8.426  0.5919E+01  0.1306E+02
  -8.416  0.5253E+01  0.1311E+02
  -8.406  0.5114E+01  0.1317E+02
  -8.396  0.4950E+01  0.1322E+02
  -8.386  0.6432E+01  0.1327E+02
  -8.376  0.6644E+01  0.1334E+02
  -8.366  0.7471E+01  0.1341E+02
  -8.356  0.7708E+01  0.1349E+02
  -8.346  0.8686E+01  0.1357E+02
  -8.336  0.8545E+01  0.1367E+02
  -8.326  0.7251E+01  0.1374E+02
  -8.316  0.6874E+01  0.1382E+02
  -8.306  0.6955E+01  0.1388E+02
  -8.296  0.6515E+01  0.1395E+02
  -8.286  0.7492E+01  0.1402E+02
  -8.276  0.6964E+01  0.1409E+02
  -8.266  0.6808E+01  0.1416E+02
  -8.256  0.7288E+01  0.1423E+02
  -8.246  0.7690E+01  0.1432E+02
  -8.236  0.8359E+01  0.1439E+02
  -8.226  0.4059E+01  0.1445E+02
  -8.216  0.3899E+01  0.1449E+02
  -8.206  0.3867E+01  0.1453E+02
  -8.196  0.3880E+01  0.1457E+02
  -8.186  0.3807E+01  0.1460E+02
  -8.176  0.3927E+01  0.1464E+02
  -8.166  0.4121E+01  0.1468E+02
  -8.156  0.4241E+01  0.1473E+02
  -8.146  0.5092E+01  0.1478E+02
  -8.136  0.4093E+01  0.1482E+02
  -8.126  0.3714E+01  0.1486E+02
  -8.116  0.3433E+01  0.1490E+02
  -8.106  0.3265E+01  0.1493E+02
  -8.096  0.3155E+01  0.1496E+02
  -8.086  0.2996E+01  0.1499E+02
  -8.076  0.2857E+01  0.1502E+02
  -8.066  0.2769E+01  0.1505E+02
  -8.056  0.2733E+01  0.1508E+02
  -8.046  0.2579E+01  0.1510E+02
  -8.036  0.2449E+01  0.1513E+02
  -8.026  0.1933E+01  0.1515E+02
  -8.016  0.2080E+01  0.1517E+02
  -8.006  0.2025E+01  0.1519E+02
  -7.996  0.1974E+01  0.1521E+02
  -7.986  0.3489E+01  0.1525E+02
  -7.976  0.4583E+01  0.1529E+02
  -7.966  0.5425E+01  0.1534E+02
  -7.956  0.7737E+01  0.1540E+02
  -7.946  0.6236E+01  0.1546E+02
  -7.936  0.6592E+01  0.1553E+02
  -7.926  0.7706E+01  0.1560E+02
  -7.916  0.9230E+01  0.1568E+02
  -7.906  0.1168E+02  0.1578E+02
  -7.896  0.1114E+02  0.1591E+02
  -7.886  0.1291E+02  0.1602E+02
  -7.876  0.1169E+02  0.1614E+02
  -7.866  0.1260E+02  0.1627E+02
  -7.856  0.1400E+02  0.1640E+02
  -7.846  0.1649E+02  0.1654E+02
  -7.836  0.2442E+02  0.1674E+02
  -7.826  0.2279E+02  0.1715E+02
  -7.816  0.4100E+01  0.1720E+02
  -7.806  0.2371E+01  0.1722E+02
  -7.796  0.2317E+01  0.1725E+02
  -7.786  0.2266E+01  0.1727E+02
  -7.776  0.2215E+01  0.1729E+02
  -7.766  0.2176E+01  0.1731E+02
  -7.756  0.2136E+01  0.1734E+02
  -7.746  0.2098E+01  0.1736E+02
  -7.736  0.2062E+01  0.1738E+02
  -7.726  0.3998E+01  0.1740E+02
  -7.716  0.4388E+01  0.1745E+02
  -7.706  0.4717E+01  0.1749E+02
  -7.696  0.4770E+01  0.1754E+02
  -7.686  0.5004E+01  0.1759E+02
  -7.676  0.5158E+01  0.1764E+02
  -7.666  0.5362E+01  0.1769E+02
  -7.656  0.5755E+01  0.1775E+02
  -7.646  0.6104E+01  0.1781E+02
  -7.636  0.6710E+01  0.1787E+02
  -7.626  0.8021E+01  0.1794E+02
  -7.616  0.9083E+01  0.1803E+02
  -7.606  0.1246E+02  0.1813E+02
  -7.596  0.1721E+02  0.1832E+02
  -7.586  0.1208E+02  0.1846E+02
  -7.576  0.1036E+02  0.1857E+02
  -7.566  0.9227E+01  0.1866E+02
  -7.556  0.8634E+01  0.1875E+02
  -7.546  0.7906E+01  0.1884E+02
  -7.536  0.7651E+01  0.1892E+02
  -7.526  0.7250E+01  0.1899E+02
  -7.516  0.6858E+01  0.1906E+02
  -7.506  0.6712E+01  0.1913E+02
  -7.496  0.6425E+01  0.1919E+02
  -7.486  0.6202E+01  0.1926E+02
  -7.476  0.6204E+01  0.1932E+02
  -7.466  0.6686E+01  0.1939E+02
  -7.456  0.4465E+01  0.1946E+02
  -7.446  0.2887E+01  0.1949E+02
  -7.436  0.4827E+01  0.1953E+02
  -7.426  0.6374E+01  0.1959E+02
  -7.416  0.5635E+01  0.1965E+02
  -7.406  0.5413E+01  0.1971E+02
  -7.396  0.5118E+01  0.1976E+02
  -7.386  0.5098E+01  0.1981E+02
  -7.376  0.5263E+01  0.1986E+02
  -7.366  0.6685E+01  0.1992E+02
  -7.356  0.7093E+01  0.1999E+02
  -7.346  0.4107E+01  0.2006E+02
  -7.336  0.6998E+01  0.2011E+02
  -7.326  0.7074E+01  0.2018E+02
  -7.316  0.9032E+01  0.2027E+02
  -7.306  0.3425E+01  0.2033E+02
  -7.296  0.9034E+01  0.2039E+02
  -7.286  0.7628E+01  0.2047E+02
  -7.276  0.8016E+01  0.2055E+02
  -7.266  0.8492E+01  0.2063E+02
  -7.256  0.9442E+01  0.2072E+02
  -7.246  0.1042E+02  0.2082E+02
  -7.236  0.1238E+02  0.2094E+02
  -7.226  0.1521E+02  0.2110E+02
  -7.216  0.1157E+02  0.2123E+02
  -7.206  0.1008E+02  0.2134E+02
  -7.196  0.9435E+01  0.2143E+02
  -7.186  0.7907E+01  0.2152E+02
  -7.176  0.7408E+01  0.2160E+02
  -7.166  0.7072E+01  0.2167E+02
  -7.156  0.6999E+01  0.2174E+02
  -7.146  0.6837E+01  0.2181E+02
  -7.136  0.6733E+01  0.2188E+02
  -7.126  0.6886E+01  0.2194E+02
  -7.116  0.6802E+01  0.2201E+02
  -7.106  0.6956E+01  0.2208E+02
  -7.096  0.2402E+01  0.2213E+02
  -7.086  0.2966E+01  0.2216E+02
  -7.076  0.3711E+01  0.2219E+02
  -7.066  0.4909E+01  0.2224E+02
  -7.056  0.2039E+02  0.2236E+02
  -7.046  0.1052E+02  0.2250E+02
  -7.036  0.8507E+01  0.2259E+02
  -7.026  0.7480E+01  0.2267E+02
  -7.016  0.6831E+01  0.2274E+02
  -7.006  0.6390E+01  0.2281E+02
  -6.996  0.6075E+01  0.2287E+02
  -6.986  0.6073E+01  0.2293E+02
  -6.976  0.6071E+01  0.2299E+02
  -6.966  0.6043E+01  0.2305E+02
  -6.956  0.6017E+01  0.2311E+02
  -6.946  0.6048E+01  0.2317E+02
  -6.936  0.6164E+01  0.2324E+02
  -6.926  0.6295E+01  0.2330E+02
  -6.916  0.6589E+01  0.2336E+02
  -6.906  0.6901E+01  0.2343E+02
  -6.896  0.7632E+01  0.2350E+02
  -6.886  0.8621E+01  0.2358E+02
  -6.876  0.1062E+02  0.2368E+02
  -6.866  0.1507E+02  0.2383E+02
  -6.856  0.1057E+02  0.2395E+02
  -6.846  0.0000E+00  0.2400E+02
  -6.836  0.0000E+00  0.2400E+02
  -6.826  0.0000E+00  0.2400E+02
  -6.816  0.0000E+00  0.2400E+02
  -6.806  0.0000E+00  0.2400E+02
  -6.796  0.0000E+00  0.2400E+02
  -6.786  0.0000E+00  0.2400E+02
  -6.776  0.0000E+00  0.2400E+02
  -6.766  0.0000E+00  0.2400E+02
  -6.756  0.0000E+00  0.2400E+02
  -6.746  0.0000E+00  0.2400E+02
  -6.736  0.0000E+00  0.2400E+02
  -6.726  0.0000E+00  0.2400E+02
  -6.716  0.0000E+00  0.2400E+02
  -6.706  0.0000E+00  0.2400E+02
  -6.696  0.0000E+00  0.2400E+02
  -6.686  0.0000E+00  0.2400E+02
  -6.676  0.0000E+00  0.2400E+02
  -6.666  0.0000E+00  0.2400E+02
  -6.656  0.0000E+00  0.2400E+02
  -6.646  0.0000E+00  0.2400E+02
  -6.636  0.0000E+00  0.2400E+02
  -6.626  0.0000E+00  0.2400E+02
  -6.616  0.0000E+00  0.2400E+02
  -6.606  0.0000E+00  0.2400E+02
  -6.596  0.0000E+00  0.2400E+02
  -6.586  0.0000E+00  0.2400E+02
  -6.576  0.0000E+00  0.2400E+02
  -6.566  0.0000E+00  0.2400E+02
  -6.556  0.0000E+00  0.2400E+02
  -6.546  0.0000E+00  0.2400E+02
  -6.536  0.0000E+00  0.2400E+02
  -6.526  0.0000E+00  0.2400E+02
  -6.516  0.0000E+00  0.2400E+02
  -6.506  0.0000E+00  0.2400E+02
  -6.496  0.0000E+00  0.2400E+02
  -6.486  0.0000E+00  0.2400E+02
  -6.476  0.0000E+00  0.2400E+02
  -6.466  0.0000E+00  0.2400E+02
  -6.456  0.0000E+00  0.2400E+02
  -6.446  0.0000E+00  0.2400E+02
  -6.436  0.0000E+00  0.2400E+02
  -6.426  0.0000E+00  0.2400E+02
  -6.416  0.0000E+00  0.2400E+02
  -6.406  0.0000E+00  0.2400E+02
  -6.396  0.0000E+00  0.2400E+02
  -6.386  0.0000E+00  0.2400E+02
  -6.376  0.0000E+00  0.2400E+02
  -6.366  0.0000E+00  0.2400E+02
  -6.356  0.0000E+00  0.2400E+02
  -6.346  0.0000E+00  0.2400E+02
  -6.336  0.0000E+00  0.2400E+02
  -6.326  0.0000E+00  0.2400E+02
  -6.316  0.0000E+00  0.2400E+02
  -6.306  0.0000E+00  0.2400E+02
  -6.296  0.0000E+00  0.2400E+02
  -6.286  0.0000E+00  0.2400E+02
  -6.276  0.0000E+00  0.2400E+02
  -6.266  0.0000E+00  0.2400E+02
  -6.256  0.0000E+00  0.2400E+02
  -6.246  0.0000E+00  0.2400E+02
  -6.236  0.0000E+00  0.2400E+02
  -6.226  0.0000E+00  0.2400E+02
  -6.216  0.0000E+00  0.2400E+02
  -6.206  0.0000E+00  0.2400E+02
  -6.196  0.0000E+00  0.2400E+02
  -6.186  0.0000E+00  0.2400E+02
  -6.176  0.0000E+00  0.2400E+02
  -6.166  0.0000E+00  0.2400E+02
  -6.156  0.0000E+00  0.2400E+02
  -6.146  0.0000E+00  0.2400E+02
  -6.136  0.0000E+00  0.2400E+02
  -6.126  0.0000E+00  0.2400E+02
  -6.116  0.0000E+00  0.2400E+02
  -6.106  0.0000E+00  0.2400E+02
  -6.096  0.0000E+00  0.2400E+02
  -6.086  0.0000E+00  0.2400E+02
  -6.076  0.0000E+00  0.2400E+02
  -6.066  0.0000E+00  0.2400E+02
  -6.056  0.0000E+00  0.2400E+02
  -6.046  0.0000E+00  0.2400E+02
  -6.036  0.0000E+00  0.2400E+02
  -6.026  0.0000E+00  0.2400E+02
  -6.016  0.0000E+00  0.2400E+02
  -6.006  0.0000E+00  0.2400E+02
  -5.996  0.0000E+00  0.2400E+02
  -5.986  0.0000E+00  0.2400E+02
  -5.976  0.0000E+00  0.2400E+02
  -5.966  0.0000E+00  0.2400E+02
  -5.956  0.0000E+00  0.2400E+02
  -5.946  0.0000E+00  0.2400E+02
  -5.936  0.0000E+00  0.2400E+02
  -5.926  0.0000E+00  0.2400E+02
  -5.916  0.0000E+00  0.2400E+02
  -5.906  0.0000E+00  0.2400E+02
  -5.896  0.0000E+00  0.2400E+02
  -5.886  0.0000E+00  0.2400E+02
  -5.876  0.0000E+00  0.2400E+02
  -5.866  0.0000E+00  0.2400E+02
  -5.856  0.0000E+00  0.2400E+02
  -5.846  0.0000E+00  0.2400E+02
  -5.836  0.0000E+00  0.2400E+02
  -5.826  0.0000E+00  0.2400E+02
  -5.816  0.0000E+00  0.2400E+02
  -5.806  0.0000E+00  0.2400E+02
  -5.796  0.0000E+00  0.2400E+02
  -5.786  0.0000E+00  0.2400E+02
  -5.776  0.0000E+00  0.2400E+02
  -5.766  0.0000E+00  0.2400E+02
  -5.756  0.0000E+00  0.2400E+02
  -5.746  0.0000E+00  0.2400E+02
  -5.736  0.0000E+00  0.2400E+02
  -5.726  0.0000E+00  0.2400E+02
  -5.716  0.0000E+00  0.2400E+02
  -5.706  0.0000E+00  0.2400E+02
  -5.696  0.0000E+00  0.2400E+02
  -5.686  0.0000E+00  0.2400E+02
  -5.676  0.0000E+00  0.2400E+02
  -5.666  0.0000E+00  0.2400E+02
  -5.656  0.0000E+00  0.2400E+02
  -5.646  0.0000E+00  0.2400E+02
  -5.636  0.0000E+00  0.2400E+02
  -5.626  0.0000E+00  0.2400E+02
  -5.616  0.0000E+00  0.2400E+02
  -5.606  0.0000E+00  0.2400E+02
  -5.596  0.0000E+00  0.2400E+02
  -5.586  0.0000E+00  0.2400E+02
  -5.576  0.0000E+00  0.2400E+02
  -5.566  0.0000E+00  0.2400E+02
  -5.556  0.0000E+00  0.2400E+02
  -5.546  0.0000E+00  0.2400E+02
  -5.536  0.0000E+00  0.2400E+02
  -5.526  0.0000E+00  0.2400E+02
  -5.516  0.0000E+00  0.2400E+02
  -5.506  0.0000E+00  0.2400E+02
  -5.496  0.0000E+00  0.2400E+02
  -5.486  0.0000E+00  0.2400E+02
  -5.476  0.0000E+00  0.2400E+02
  -5.466  0.0000E+00  0.2400E+02
  -5.456  0.0000E+00  0.2400E+02
  -5.446  0.0000E+00  0.2400E+02
  -5.436  0.0000E+00  0.2400E+02
  -5.426  0.0000E+00  0.2400E+02
  -5.416  0.0000E+00  0.2400E+02
  -5.406  0.0000E+00  0.2400E+02
  -5.396  0.0000E+00  0.2400E+02
  -5.386  0.0000E+00  0.2400E+02
  -5.376  0.0000E+00  0.2400E+02
  -5.366  0.0000E+00  0.2400E+02
  -5.356  0.0000E+00  0.2400E+02
  -5.346  0.0000E+00  0.2400E+02
  -5.336  0.0000E+00  0.2400E+02
  -5.326  0.0000E+00  0.2400E+02
  -5.316  0.0000E+00  0.2400E+02
  -5.306  0.0000E+00  0.2400E+02
  -5.296  0.0000E+00  0.2400E+02
  -5.286  0.0000E+00  0.2400E+02
  -5.276  0.0000E+00  0.2400E+02
  -5.266  0.0000E+00  0.2400E+02
  -5.256  0.0000E+00  0.2400E+02
  -5.246  0.0000E+00  0.2400E+02
  -5.236  0.0000E+00  0.2400E+02
  -5.226  0.0000E+00  0.2400E+02
  -5.216  0.0000E+00  0.2400E+02
  -5.206  0.0000E+00  0.2400E+02
  -5.196  0.0000E+00  0.2400E+02
  -5.186  0.0000E+00  0.2400E+02
  -5.176  0.0000E+00  0.2400E+02
  -5.166  0.0000E+00  0.2400E+02
  -5.156  0.0000E+00  0.2400E+02
  -5.146  0.0000E+00  0.2400E+02
  -5.136  0.0000E+00  0.2400E+02
  -5.126  0.0000E+00  0.2400E+02
  -5.116  0.0000E+00  0.2400E+02
  -5.106  0.0000E+00  0.2400E+02
  -5.096  0.0000E+00  0.2400E+02
  -5.086  0.0000E+00  0.2400E+02
  -5.076  0.0000E+00  0.2400E+02
  -5.066  0.0000E+00  0.2400E+02
  -5.056  0.0000E+00  0.2400E+02
  -5.046  0.0000E+00  0.2400E+02
  -5.036  0.0000E+00  0.2400E+02
  -5.026  0.0000E+00  0.2400E+02
  -5.016  0.0000E+00  0.2400E+02
  -5.006  0.0000E+00  0.2400E+02
  -4.996  0.0000E+00  0.2400E+02
  -4.986  0.0000E+00  0.2400E+02
  -4.976  0.0000E+00  0.2400E+02
  -4.966  0.0000E+00  0.2400E+02
  -4.956  0.0000E+00  0.2400E+02
  -4.946  0.0000E+00  0.2400E+02
  -4.936  0.0000E+00  0.2400E+02
  -4.926  0.0000E+00  0.2400E+02
  -4.916  0.0000E+00  0.2400E+02
  -4.906  0.0000E+00  0.2400E+02
  -4.896  0.0000E+00  0.2400E+02
  -4.886  0.0000E+00  0.2400E+02
  -4.876  0.0000E+00  0.2400E+02
  -4.866  0.0000E+00  0.2400E+02
  -4.856  0.0000E+00  0.2400E+02
  -4.846  0.0000E+00  0.2400E+02
  -4.836  0.0000E+00  0.2400E+02
  -4.826  0.0000E+00  0.2400E+02
  -4.816  0.0000E+00  0.2400E+02
  -4.806  0.0000E+00  0.2400E+02
  -4.796  0.0000E+00  0.2400E+02
  -4.786  0.0000E+00  0.2400E+02
  -4.776  0.0000E+00  0.2400E+02
  -4.766  0.0000E+00  0.2400E+02
  -4.756  0.0000E+00  0.2400E+02
  -4.746  0.0000E+00  0.2400E+02
  -4.736  0.0000E+00  0.2400E+02
  -4.726  0.0000E+00  0.2400E+02
  -4.716  0.0000E+00  0.2400E+02
  -4.706  0.0000E+00  0.2400E+02
  -4.696  0.0000E+00  0.2400E+02
  -4.686  0.0000E+00  0.2400E+02
  -4.676  0.0000E+00  0.2400E+02
  -4.666  0.0000E+00  0.2400E+02
  -4.656  0.0000E+00  0.2400E+02
  -4.646  0.0000E+00  0.2400E+02
  -4.636  0.0000E+00  0.2400E+02
  -4.626  0.0000E+00  0.2400E+02
  -4.616  0.0000E+00  0.2400E+02
  -4.606  0.0000E+00  0.2400E+02
  -4.596  0.0000E+00  0.2400E+02
  -4.586  0.0000E+00  0.2400E+02
  -4.576  0.0000E+00  0.2400E+02
  -4.566  0.0000E+00  0.2400E+02
  -4.556  0.0000E+00  0.2400E+02
  -4.546  0.0000E+00  0.2400E+02
  -4.536  0.0000E+00  0.2400E+02
  -4.526  0.0000E+00  0.2400E+02
  -4.516  0.0000E+00  0.2400E+02
  -4.506  0.0000E+00  0.2400E+02
  -4.496  0.0000E+00  0.2400E+02
  -4.486  0.0000E+00  0.2400E+02
  -4.476  0.0000E+00  0.2400E+02
  -4.466  0.0000E+00  0.2400E+02
  -4.456  0.0000E+00  0.2400E+02
  -4.446  0.0000E+00  0.2400E+02
  -4.436  0.0000E+00  0.2400E+02
  -4.426  0.0000E+00  0.2400E+02
  -4.416  0.0000E+00  0.2400E+02
  -4.406  0.0000E+00  0.2400E+02
  -4.396  0.0000E+00  0.2400E+02
  -4.386  0.0000E+00  0.2400E+02
  -4.376  0.0000E+00  0.2400E+02
  -4.366  0.0000E+00  0.2400E+02
  -4.356  0.0000E+00  0.2400E+02
  -4.346  0.0000E+00  0.2400E+02
  -4.336  0.0000E+00  0.2400E+02
  -4.326  0.0000E+00  0.2400E+02
  -4.316  0.0000E+00  0.2400E+02
  -4.306  0.0000E+00  0.2400E+02
  -4.296  0.0000E+00  0.2400E+02
  -4.286  0.0000E+00  0.2400E+02
  -4.276  0.0000E+00  0.2400E+02
  -4.266  0.0000E+00  0.2400E+02
  -4.256  0.0000E+00  0.2400E+02
  -4.246  0.0000E+00  0.2400E+02
  -4.236  0.0000E+00  0.2400E+02
  -4.226  0.0000E+00  0.2400E+02
  -4.216  0.0000E+00  0.2400E+02
  -4.206  0.0000E+00  0.2400E+02
  -4.196  0.0000E+00  0.2400E+02
  -4.186  0.0000E+00  0.2400E+02
  -4.176  0.0000E+00  0.2400E+02
  -4.166  0.0000E+00  0.2400E+02
  -4.156  0.0000E+00  0.2400E+02
  -4.146  0.0000E+00  0.2400E+02
  -4.136  0.0000E+00  0.2400E+02
  -4.126  0.0000E+00  0.2400E+02
  -4.116  0.0000E+00  0.2400E+02
  -4.106  0.0000E+00  0.2400E+02
  -4.096  0.0000E+00  0.2400E+02
  -4.086  0.0000E+00  0.2400E+02
  -4.076  0.0000E+00  0.2400E+02
  -4.066  0.0000E+00  0.2400E+02
  -4.056  0.0000E+00  0.2400E+02
  -4.046  0.0000E+00  0.2400E+02
  -4.036  0.0000E+00  0.2400E+02
  -4.026  0.0000E+00  0.2400E+02
  -4.016  0.0000E+00  0.2400E+02
  -4.006  0.0000E+00  0.2400E+02
  -3.996  0.0000E+00  0.2400E+02
  -3.986  0.0000E+00  0.2400E+02
  -3.976  0.0000E+00  0.2400E+02
  -3.966  0.0000E+00  0.2400E+02
  -3.956  0.0000E+00  0.2400E+02
  -3.946  0.0000E+00  0.2400E+02
  -3.936  0.0000E+00  0.2400E+02
  -3.926  0.0000E+00  0.2400E+02
  -3.916  0.0000E+00  0.2400E+02
  -3.906  0.0000E+00  0.2400E+02
  -3.896  0.0000E+00  0.2400E+02
  -3.886  0.0000E+00  0.2400E+02
  -3.876  0.0000E+00  0.2400E+02
  -3.866  0.0000E+00  0.2400E+02
  -3.856  0.0000E+00  0.2400E+02
  -3.846  0.0000E+00  0.2400E+02
  -3.836  0.0000E+00  0.2400E+02
  -3.826  0.0000E+00  0.2400E+02
  -3.816  0.0000E+00  0.2400E+02
  -3.806  0.0000E+00  0.2400E+02
  -3.796  0.0000E+00  0.2400E+02
  -3.786  0.0000E+00  0.2400E+02
  -3.776  0.0000E+00  0.2400E+02
  -3.766  0.0000E+00  0.2400E+02
  -3.756  0.0000E+00  0.2400E+02
  -3.746  0.0000E+00  0.2400E+02
  -3.736  0.0000E+00  0.2400E+02
  -3.726  0.0000E+00  0.2400E+02
  -3.716  0.0000E+00  0.2400E+02
  -3.706  0.0000E+00  0.2400E+02
  -3.696  0.0000E+00  0.2400E+02
  -3.686  0.0000E+00  0.2400E+02
  -3.676  0.0000E+00  0.2400E+02
  -3.666  0.0000E+00  0.2400E+02
  -3.656  0.0000E+00  0.2400E+02
  -3.646  0.0000E+00  0.2400E+02
  -3.636  0.0000E+00  0.2400E+02
  -3.626  0.0000E+00  0.2400E+02
  -3.616  0.0000E+00  0.2400E+02
  -3.606  0.0000E+00  0.2400E+02
  -3.596  0.0000E+00  0.2400E+02
  -3.586  0.0000E+00  0.2400E+02
  -3.576  0.0000E+00  0.2400E+02
  -3.566  0.0000E+00  0.2400E+02
  -3.556  0.0000E+00  0.2400E+02
  -3.546  0.0000E+00  0.2400E+02
  -3.536  0.0000E+00  0.2400E+02
  -3.526  0.0000E+00  0.2400E+02
  -3.516  0.0000E+00  0.2400E+02
  -3.506  0.0000E+00  0.2400E+02
  -3.496  0.0000E+00  0.2400E+02
  -3.486  0.0000E+00  0.2400E+02
  -3.476  0.0000E+00  0.2400E+02
  -3.466  0.0000E+00  0.2400E+02
  -3.456  0.0000E+00  0.2400E+02
  -3.446  0.0000E+00  0.2400E+02
  -3.436  0.0000E+00  0.2400E+02
  -3.426  0.0000E+00  0.2400E+02
  -3.416  0.0000E+00  0.2400E+02
  -3.406  0.0000E+00  0.2400E+02
  -3.396  0.0000E+00  0.2400E+02
  -3.386  0.0000E+00  0.2400E+02
  -3.376  0.0000E+00  0.2400E+02
  -3.366  0.0000E+00  0.2400E+02
  -3.356  0.0000E+00  0.2400E+02
  -3.346  0.0000E+00  0.2400E+02
  -3.336  0.0000E+00  0.2400E+02
  -3.326  0.0000E+00  0.2400E+02
  -3.316  0.0000E+00  0.2400E+02
  -3.306  0.0000E+00  0.2400E+02
  -3.296  0.0000E+00  0.2400E+02
  -3.286  0.0000E+00  0.2400E+02
  -3.276  0.0000E+00  0.2400E+02
  -3.266  0.0000E+00  0.2400E+02
  -3.256  0.0000E+00  0.2400E+02
  -3.246  0.0000E+00  0.2400E+02
  -3.236  0.0000E+00  0.2400E+02
  -3.226  0.0000E+00  0.2400E+02
  -3.216  0.0000E+00  0.2400E+02
  -3.206  0.0000E+00  0.2400E+02
  -3.196  0.0000E+00  0.2400E+02
  -3.186  0.0000E+00  0.2400E+02
  -3.176  0.0000E+00  0.2400E+02
  -3.166  0.0000E+00  0.2400E+02
  -3.156  0.0000E+00  0.2400E+02
  -3.146  0.0000E+00  0.2400E+02
  -3.136  0.0000E+00  0.2400E+02
  -3.126  0.0000E+00  0.2400E+02
  -3.116  0.0000E+00  0.2400E+02
  -3.106  0.0000E+00  0.2400E+02
  -3.096  0.0000E+00  0.2400E+02
  -3.086  0.0000E+00  0.2400E+02
  -3.076  0.0000E+00  0.2400E+02
  -3.066  0.0000E+00  0.2400E+02
  -3.056  0.0000E+00  0.2400E+02
  -3.046  0.0000E+00  0.2400E+02
  -3.036  0.0000E+00  0.2400E+02
  -3.026  0.0000E+00  0.2400E+02
  -3.016  0.0000E+00  0.2400E+02
  -3.006  0.0000E+00  0.2400E+02
  -2.996  0.0000E+00  0.2400E+02
  -2.986  0.0000E+00  0.2400E+02
  -2.976  0.0000E+00  0.2400E+02
  -2.966  0.0000E+00  0.2400E+02
  -2.956  0.0000E+00  0.2400E+02
  -2.946  0.0000E+00  0.2400E+02
  -2.936  0.0000E+00  0.2400E+02
  -2.926  0.0000E+00  0.2400E+02
  -2.916  0.0000E+00  0.2400E+02
  -2.906  0.0000E+00  0.2400E+02
  -2.896  0.0000E+00  0.2400E+02
  -2.886  0.0000E+00  0.2400E+02
  -2.876  0.0000E+00  0.2400E+02
  -2.866  0.0000E+00  0.2400E+02
  -2.856  0.0000E+00  0.2400E+02
  -2.846  0.0000E+00  0.2400E+02
  -2.836  0.0000E+00  0.2400E+02
  -2.826  0.0000E+00  0.2400E+02
  -2.816  0.0000E+00  0.2400E+02
  -2.806  0.0000E+00  0.2400E+02
  -2.796  0.0000E+00  0.2400E+02
  -2.786  0.0000E+00  0.2400E+02
  -2.776  0.0000E+00  0.2400E+02
  -2.766  0.0000E+00  0.2400E+02
  -2.756  0.0000E+00  0.2400E+02
  -2.746  0.0000E+00  0.2400E+02
  -2.736  0.0000E+00  0.2400E+02
  -2.726  0.0000E+00  0.2400E+02
  -2.716  0.0000E+00  0.2400E+02
  -2.706  0.0000E+00  0.2400E+02
  -2.696  0.0000E+00  0.2400E+02
  -2.686  0.0000E+00  0.2400E+02
  -2.676  0.0000E+00  0.2400E+02
  -2.666  0.0000E+00  0.2400E+02
  -2.656  0.0000E+00  0.2400E+02
  -2.646  0.0000E+00  0.2400E+02
  -2.636  0.0000E+00  0.2400E+02
  -2.626  0.0000E+00  0.2400E+02
  -2.616  0.0000E+00  0.2400E+02
  -2.606  0.0000E+00  0.2400E+02
  -2.596  0.0000E+00  0.2400E+02
  -2.586  0.0000E+00  0.2400E+02
  -2.576  0.0000E+00  0.2400E+02
  -2.566  0.0000E+00  0.2400E+02
  -2.556  0.0000E+00  0.2400E+02
  -2.546  0.0000E+00  0.2400E+02
  -2.536  0.0000E+00  0.2400E+02
  -2.526  0.0000E+00  0.2400E+02
  -2.516  0.0000E+00  0.2400E+02
  -2.506  0.0000E+00  0.2400E+02
  -2.496  0.0000E+00  0.2400E+02
  -2.486  0.0000E+00  0.2400E+02
  -2.476  0.0000E+00  0.2400E+02
  -2.466  0.0000E+00  0.2400E+02
  -2.456  0.0000E+00  0.2400E+02
  -2.446  0.0000E+00  0.2400E+02
  -2.436  0.0000E+00  0.2400E+02
  -2.426  0.0000E+00  0.2400E+02
  -2.416  0.0000E+00  0.2400E+02
  -2.406  0.0000E+00  0.2400E+02
  -2.396  0.0000E+00  0.2400E+02
  -2.386  0.0000E+00  0.2400E+02
  -2.376  0.0000E+00  0.2400E+02
  -2.366  0.0000E+00  0.2400E+02
  -2.356  0.0000E+00  0.2400E+02
  -2.346  0.0000E+00  0.2400E+02
  -2.336  0.0000E+00  0.2400E+02
  -2.326  0.0000E+00  0.2400E+02
  -2.316  0.0000E+00  0.2400E+02
  -2.306  0.0000E+00  0.2400E+02
  -2.296  0.0000E+00  0.2400E+02
  -2.286  0.0000E+00  0.2400E+02
  -2.276  0.0000E+00  0.2400E+02
  -2.266  0.0000E+00  0.2400E+02
  -2.256  0.0000E+00  0.2400E+02
  -2.246  0.0000E+00  0.2400E+02
  -2.236  0.0000E+00  0.2400E+02
  -2.226  0.0000E+00  0.2400E+02
  -2.216  0.0000E+00  0.2400E+02
  -2.206  0.0000E+00  0.2400E+02
  -2.196  0.0000E+00  0.2400E+02
  -2.186  0.0000E+00  0.2400E+02
  -2.176  0.0000E+00  0.2400E+02
  -2.166  0.0000E+00  0.2400E+02
  -2.156  0.0000E+00  0.2400E+02
  -2.146  0.0000E+00  0.2400E+02
  -2.136  0.0000E+00  0.2400E+02
  -2.126  0.0000E+00  0.2400E+02
  -2.116  0.0000E+00  0.2400E+02
  -2.106  0.0000E+00  0.2400E+02
  -2.096  0.0000E+00  0.2400E+02
  -2.086  0.0000E+00  0.2400E+02
  -2.076  0.0000E+00  0.2400E+02
  -2.066  0.0000E+00  0.2400E+02
  -2.056  0.0000E+00  0.2400E+02
  -2.046  0.0000E+00  0.2400E+02
  -2.036  0.0000E+00  0.2400E+02
  -2.026  0.0000E+00  0.2400E+02
  -2.016  0.0000E+00  0.2400E+02
  -2.006  0.0000E+00  0.2400E+02
  -1.996  0.0000E+00  0.2400E+02
  -1.986  0.0000E+00  0.2400E+02
  -1.976  0.0000E+00  0.2400E+02
  -1.966  0.0000E+00  0.2400E+02
  -1.956  0.0000E+00  0.2400E+02
  -1.946  0.0000E+00  0.2400E+02
  -1.936  0.0000E+00  0.2400E+02
  -1.926  0.0000E+00  0.2400E+02
  -1.916  0.0000E+00  0.2400E+02
  -1.906  0.0000E+00  0.2400E+02
  -1.896  0.0000E+00  0.2400E+02
  -1.886  0.0000E+00  0.2400E+02
  -1.876  0.0000E+00  0.2400E+02
  -1.866  0.0000E+00  0.2400E+02
  -1.856  0.0000E+00  0.2400E+02
  -1.846  0.0000E+00  0.2400E+02
  -1.836  0.0000E+00  0.2400E+02
  -1.826  0.0000E+00  0.2400E+02
  -1.816  0.0000E+00  0.2400E+02
  -1.806  0.0000E+00  0.2400E+02
  -1.796  0.0000E+00  0.2400E+02
  -1.786  0.0000E+00  0.2400E+02
  -1.776  0.0000E+00  0.2400E+02
  -1.766  0.0000E+00  0.2400E+02
  -1.756  0.0000E+00  0.2400E+02
  -1.746  0.0000E+00  0.2400E+02
  -1.736  0.0000E+00  0.2400E+02
  -1.726  0.0000E+00  0.2400E+02
  -1.716  0.0000E+00  0.2400E+02
  -1.706  0.0000E+00  0.2400E+02
  -1.696  0.0000E+00  0.2400E+02
  -1.686  0.0000E+00  0.2400E+02
  -1.676  0.0000E+00  0.2400E+02
  -1.666  0.0000E+00  0.2400E+02
  -1.656  0.0000E+00  0.2400E+02
  -1.646  0.0000E+00  0.2400E+02
  -1.636  0.0000E+00  0.2400E+02
  -1.626  0.0000E+00  0.2400E+02
  -1.616  0.0000E+00  0.2400E+02
  -1.606  0.0000E+00  0.2400E+02
  -1.596  0.0000E+00  0.2400E+02
  -1.586  0.0000E+00  0.2400E+02
  -1.576  0.0000E+00  0.2400E+02
  -1.566  0.0000E+00  0.2400E+02
  -1.556  0.0000E+00  0.2400E+02
  -1.546  0.0000E+00  0.2400E+02
  -1.536  0.0000E+00  0.2400E+02
  -1.526  0.0000E+00  0.2400E+02
  -1.516  0.0000E+00  0.2400E+02
  -1.506  0.0000E+00  0.2400E+02
  -1.496  0.0000E+00  0.2400E+02
  -1.486  0.0000E+00  0.2400E+02
  -1.476  0.0000E+00  0.2400E+02
  -1.466  0.0000E+00  0.2400E+02
  -1.456  0.0000E+00  0.2400E+02
  -1.446  0.0000E+00  0.2400E+02
  -1.436  0.0000E+00  0.2400E+02
  -1.426  0.0000E+00  0.2400E+02
  -1.416  0.0000E+00  0.2400E+02
  -1.406  0.0000E+00  0.2400E+02
  -1.396  0.0000E+00  0.2400E+02
  -1.386  0.0000E+00  0.2400E+02
  -1.376  0.2762E+01  0.2401E+02
  -1.366  0.2719E+01  0.2404E+02
  -1.356  0.3013E+01  0.2407E+02
  -1.346  0.2814E+01  0.2410E+02
  -1.336  0.2875E+01  0.2412E+02
  -1.326  0.2943E+01  0.2415E+02
  -1.316  0.2884E+01  0.2418E+02
  -1.306  0.2871E+01  0.2421E+02
  -1.296  0.2904E+01  0.2424E+02
  -1.286  0.2975E+01  0.2427E+02
  -1.276  0.3056E+01  0.2430E+02
  -1.266  0.3000E+01  0.2433E+02
  -1.256  0.3029E+01  0.2436E+02
  -1.246  0.3101E+01  0.2439E+02
  -1.236  0.3178E+01  0.2442E+02
  -1.226  0.3284E+01  0.2445E+02
  -1.216  0.3390E+01  0.2449E+02
  -1.206  0.3385E+01  0.2452E+02
  -1.196  0.3524E+01  0.2456E+02
  -1.186  0.3654E+01  0.2459E+02
  -1.176  0.3776E+01  0.2463E+02
  -1.166  0.4073E+01  0.2467E+02
  -1.156  0.4283E+01  0.2471E+02
  -1.146  0.4640E+01  0.2475E+02
  -1.136  0.6107E+01  0.2481E+02
  -1.126  0.7088E+01  0.2487E+02
  -1.116  0.8288E+01  0.2495E+02
  -1.106  0.1129E+02  0.2504E+02
  -1.096  0.1486E+02  0.2519E+02
  -1.086  0.1360E+02  0.2536E+02
  -1.076  0.2487E+01  0.2541E+02
  -1.066  0.2294E+01  0.2543E+02
  -1.056  0.2066E+01  0.2545E+02
  -1.046  0.1975E+01  0.2547E+02
  -1.036  0.1794E+01  0.2549E+02
  -1.026  0.1748E+01  0.2551E+02
  -1.016  0.1695E+01  0.2553E+02
  -1.006  0.1594E+01  0.2555E+02
  -0.996  0.1519E+01  0.2556E+02
  -0.986  0.1474E+01  0.2558E+02
  -0.976  0.1409E+01  0.2559E+02
  -0.966  0.1324E+01  0.2560E+02
  -0.956  0.1298E+01  0.2562E+02
  -0.946  0.1272E+01  0.2563E+02
  -0.936  0.1242E+01  0.2564E+02
  -0.926  0.1198E+01  0.2565E+02
  -0.916  0.1145E+01  0.2567E+02
  -0.906  0.1125E+01  0.2568E+02
  -0.896  0.1102E+01  0.2569E+02
  -0.886  0.1067E+01  0.2570E+02
  -0.876  0.1039E+01  0.2571E+02
  -0.866  0.9964E+00  0.2572E+02
  -0.856  0.9796E+00  0.2573E+02
  -0.846  0.9628E+00  0.2574E+02
  -0.836  0.9449E+00  0.2575E+02
  -0.826  0.9237E+00  0.2576E+02
  -0.816  0.8883E+00  0.2577E+02
  -0.806  0.8701E+00  0.2578E+02
  -0.796  0.8582E+00  0.2579E+02
  -0.786  0.8435E+00  0.2579E+02
  -0.776  0.8245E+00  0.2580E+02
  -0.766  0.8054E+00  0.2581E+02
  -0.756  0.7752E+00  0.2582E+02
  -0.746  0.7640E+00  0.2583E+02
  -0.736  0.7527E+00  0.2583E+02
  -0.726  0.7415E+00  0.2584E+02
  -0.716  0.7303E+00  0.2585E+02
  -0.706  0.7165E+00  0.2586E+02
  -0.696  0.6964E+00  0.2586E+02
  -0.686  0.6841E+00  0.2587E+02
  -0.676  0.6725E+00  0.2588E+02
  -0.666  0.6600E+00  0.2588E+02
  -0.656  0.6469E+00  0.2589E+02
  -0.646  0.6339E+00  0.2590E+02
  -0.636  0.6166E+00  0.2590E+02
  -0.626  0.6119E+00  0.2591E+02
  -0.616  0.6154E+00  0.2591E+02
  -0.606  0.5999E+00  0.2592E+02
  -0.596  0.5845E+00  0.2593E+02
  -0.586  0.5682E+00  0.2593E+02
  -0.576  0.5542E+00  0.2594E+02
  -0.566  0.5443E+00  0.2594E+02
  -0.556  0.5441E+00  0.2595E+02
  -0.546  0.5552E+00  0.2595E+02
  -0.536  0.5320E+00  0.2596E+02
  -0.526  0.5160E+00  0.2597E+02
  -0.516  0.4983E+00  0.2597E+02
  -0.506  0.4805E+00  0.2598E+02
  -0.496  0.5202E+00  0.2598E+02
  -0.486  0.5003E+00  0.2599E+02
  -0.476  0.4524E+00  0.2599E+02
  -0.466  0.4045E+00  0.2599E+02
  -0.456  0.2868E+00  0.2600E+02
  -0.446  0.0000E+00  0.2600E+02
  -0.436  0.0000E+00  0.2600E+02
  -0.426  0.0000E+00  0.2600E+02
  -0.416  0.0000E+00  0.2600E+02
  -0.406  0.0000E+00  0.2600E+02
  -0.396  0.0000E+00  0.2600E+02
  -0.386  0.0000E+00  0.2600E+02
  -0.376  0.0000E+00  0.2600E+02
  -0.366  0.0000E+00  0.2600E+02
  -0.356  0.0000E+00  0.2600E+02
  -0.346  0.0000E+00  0.2600E+02
  -0.336  0.0000E+00  0.2600E+02
  -0.326  0.0000E+00  0.2600E+02
  -0.316  0.0000E+00  0.2600E+02
  -0.306  0.0000E+00  0.2600E+02
  -0.296  0.0000E+00  0.2600E+02
  -0.286  0.0000E+00  0.2600E+02
  -0.276  0.0000E+00  0.2600E+02
  -0.266  0.0000E+00  0.2600E+02
  -0.256  0.0000E+00  0.2600E+02
  -0.246  0.0000E+00  0.2600E+02
  -0.236  0.0000E+00  0.2600E+02
  -0.226  0.0000E+00  0.2600E+02
  -0.216  0.0000E+00  0.2600E+02
  -0.206  0.0000E+00  0.2600E+02
  -0.196  0.0000E+00  0.2600E+02
  -0.186  0.0000E+00  0.2600E+02
  -0.176  0.0000E+00  0.2600E+02
  -0.166  0.0000E+00  0.2600E+02
  -0.156  0.0000E+00  0.2600E+02
  -0.146  0.0000E+00  0.2600E+02
  -0.136  0.0000E+00  0.2600E+02
  -0.126  0.0000E+00  0.2600E+02
  -0.116  0.0000E+00  0.2600E+02
  -0.106  0.0000E+00  0.2600E+02
  -0.096  0.0000E+00  0.2600E+02
  -0.086  0.0000E+00  0.2600E+02
  -0.076  0.0000E+00  0.2600E+02
  -0.066  0.0000E+00  0.2600E+02
  -0.056  0.0000E+00  0.2600E+02
  -0.046  0.0000E+00  0.2600E+02
  -0.036  0.0000E+00  0.2600E+02
  -0.026  0.0000E+00  0.2600E+02
  -0.016  0.0000E+00  0.2600E+02
  -0.006  0.0000E+00  0.2600E+02
   0.004  0.0000E+00  0.2600E+02
   0.014  0.0000E+00  0.2600E+02
   0.024  0.0000E+00  0.2600E+02
   0.034  0.0000E+00  0.2600E+02
   0.044  0.0000E+00  0.2600E+02
   0.054  0.0000E+00  0.2600E+02
   0.064  0.0000E+00  0.2600E+02
   0.074  0.0000E+00  0.2600E+02
   0.084  0.0000E+00  0.2600E+02
   0.094  0.0000E+00  0.2600E+02
   0.104  0.0000E+00  0.2600E+02
   0.114  0.0000E+00  0.2600E+02
   0.124  0.0000E+00  0.2600E+02
   0.134  0.0000E+00  0.2600E+02
   0.144  0.0000E+00  0.2600E+02
   0.154  0.0000E+00  0.2600E+02
   0.164  0.0000E+00  0.2600E+02
   0.174  0.0000E+00  0.2600E+02
   0.184  0.0000E+00  0.2600E+02
   0.194  0.0000E+00  0.2600E+02
   0.204  0.0000E+00  0.2600E+02
   0.214  0.0000E+00  0.2600E+02
   0.224  0.0000E+00  0.2600E+02
   0.234  0.0000E+00  0.2600E+02
   0.244  0.0000E+00  0.2600E+02
   0.254  0.0000E+00  0.2600E+02
   0.264  0.0000E+00  0.2600E+02
   0.274  0.0000E+00  0.2600E+02
   0.284  0.0000E+00  0.2600E+02
   0.294  0.0000E+00  0.2600E+02
   0.304  0.0000E+00  0.2600E+02
   0.314  0.0000E+00  0.2600E+02
   0.324  0.0000E+00  0.2600E+02
   0.334  0.0000E+00  0.2600E+02
   0.344  0.0000E+00  0.2600E+02
   0.354  0.0000E+00  0.2600E+02
   0.364  0.0000E+00  0.2600E+02
   0.374  0.0000E+00  0.2600E+02
   0.384  0.0000E+00  0.2600E+02
   0.394  0.0000E+00  0.2600E+02
   0.404  0.0000E+00  0.2600E+02
   0.414  0.0000E+00  0.2600E+02
   0.424  0.0000E+00  0.2600E+02
   0.434  0.0000E+00  0.2600E+02
   0.444  0.0000E+00  0.2600E+02
   0.454  0.0000E+00  0.2600E+02
   0.464  0.0000E+00  0.2600E+02
   0.474  0.0000E+00  0.2600E+02
   0.484  0.0000E+00  0.2600E+02
   0.494  0.0000E+00  0.2600E+02
   0.504  0.0000E+00  0.2600E+02
   0.514  0.0000E+00  0.2600E+02
   0.524  0.0000E+00  0.2600E+02
   0.534  0.0000E+00  0.2600E+02
   0.544  0.0000E+00  0.2600E+02
   0.554  0.0000E+00  0.2600E+02
   0.564  0.0000E+00  0.2600E+02
   0.574  0.0000E+00  0.2600E+02
   0.584  0.0000E+00  0.2600E+02
   0.594  0.0000E+00  0.2600E+02
   0.604  0.0000E+00  0.2600E+02
   0.614  0.0000E+00  0.2600E+02
   0.624  0.0000E+00  0.2600E+02
   0.634  0.0000E+00  0.2600E+02
   0.644  0.0000E+00  0.2600E+02
   0.654  0.0000E+00  0.2600E+02
   0.664  0.0000E+00  0.2600E+02
   0.674  0.0000E+00  0.2600E+02
   0.684  0.0000E+00  0.2600E+02
   0.694  0.0000E+00  0.2600E+02
   0.704  0.0000E+00  0.2600E+02
   0.714  0.0000E+00  0.2600E+02
   0.724  0.0000E+00  0.2600E+02
   0.734  0.0000E+00  0.2600E+02
   0.744  0.0000E+00  0.2600E+02
   0.754  0.0000E+00  0.2600E+02
   0.764  0.0000E+00  0.2600E+02
   0.774  0.0000E+00  0.2600E+02
   0.784  0.0000E+00  0.2600E+02
   0.794  0.0000E+00  0.2600E+02
   0.804  0.0000E+00  0.2600E+02
   0.814  0.0000E+00  0.2600E+02
   0.824  0.0000E+00  0.2600E+02
   0.834  0.0000E+00  0.2600E+02
   0.844  0.0000E+00  0.2600E+02
   0.854  0.0000E+00  0.2600E+02
   0.864  0.0000E+00  0.2600E+02
   0.874  0.0000E+00  0.2600E+02
   0.884  0.0000E+00  0.2600E+02
   0.894  0.0000E+00  0.2600E+02
   0.904  0.0000E+00  0.2600E+02
   0.914  0.0000E+00  0.2600E+02
   0.924  0.0000E+00  0.2600E+02
   0.934  0.0000E+00  0.2600E+02
   0.944  0.0000E+00  0.2600E+02
   0.954  0.0000E+00  0.2600E+02
   0.964  0.0000E+00  0.2600E+02
   0.974  0.0000E+00  0.2600E+02
   0.984  0.0000E+00  0.2600E+02
   0.994  0.0000E+00  0.2600E+02
   1.004  0.0000E+00  0.2600E+02
   1.014  0.0000E+00  0.2600E+02
   1.024  0.0000E+00  0.2600E+02
   1.034  0.0000E+00  0.2600E+02
   1.044  0.0000E+00  0.2600E+02
   1.054  0.0000E+00  0.2600E+02
   1.064  0.0000E+00  0.2600E+02
   1.074  0.0000E+00  0.2600E+02
   1.084  0.0000E+00  0.2600E+02
   1.094  0.0000E+00  0.2600E+02
   1.104  0.3526E+01  0.2600E+02
   1.114  0.7818E+01  0.2609E+02
   1.124  0.2603E+01  0.2614E+02
   1.134  0.2491E+01  0.2617E+02
   1.144  0.2163E+01  0.2619E+02
   1.154  0.2018E+01  0.2621E+02
   1.164  0.1934E+01  0.2623E+02
   1.174  0.1906E+01  0.2625E+02
   1.184  0.1986E+01  0.2627E+02
   1.194  0.1881E+01  0.2629E+02
   1.204  0.1865E+01  0.2631E+02
   1.214  0.1885E+01  0.2633E+02
   1.224  0.1886E+01  0.2635E+02
   1.234  0.1853E+01  0.2636E+02
   1.244  0.1763E+01  0.2638E+02
   1.254  0.1736E+01  0.2640E+02
   1.264  0.1733E+01  0.2642E+02
   1.274  0.1711E+01  0.2643E+02
   1.284  0.1702E+01  0.2645E+02
   1.294  0.1731E+01  0.2647E+02
   1.304  0.1736E+01  0.2649E+02
   1.314  0.1684E+01  0.2650E+02
   1.324  0.1635E+01  0.2652E+02
   1.334  0.1639E+01  0.2654E+02
   1.344  0.1643E+01  0.2655E+02
   1.354  0.1630E+01  0.2657E+02
   1.364  0.1628E+01  0.2658E+02
   1.374  0.1649E+01  0.2660E+02
   1.384  0.1661E+01  0.2662E+02
   1.394  0.1658E+01  0.2663E+02
   1.404  0.1621E+01  0.2665E+02
   1.414  0.1582E+01  0.2667E+02
   1.424  0.1583E+01  0.2668E+02
   1.434  0.1593E+01  0.2670E+02
   1.444  0.1592E+01  0.2671E+02
   1.454  0.1591E+01  0.2673E+02
   1.464  0.1591E+01  0.2675E+02
   1.474  0.1595E+01  0.2676E+02
   1.484  0.1625E+01  0.2678E+02
   1.494  0.1626E+01  0.2679E+02
   1.504  0.1630E+01  0.2681E+02
   1.514  0.1566E+01  0.2683E+02
   1.524  0.1557E+01  0.2684E+02
   1.534  0.1567E+01  0.2686E+02
   1.544  0.1579E+01  0.2687E+02
   1.554  0.1584E+01  0.2689E+02
   1.564  0.1583E+01  0.2691E+02
   1.574  0.1586E+01  0.2692E+02
   1.584  0.1589E+01  0.2694E+02
   1.594  0.1616E+01  0.2695E+02
   1.604  0.1621E+01  0.2697E+02
   1.614  0.1630E+01  0.2699E+02
   1.624  0.1599E+01  0.2700E+02
   1.634  0.1570E+01  0.2702E+02
   1.644  0.1572E+01  0.2703E+02
   1.654  0.1584E+01  0.2705E+02
   1.664  0.1596E+01  0.2706E+02
   1.674  0.1604E+01  0.2708E+02
   1.684  0.1610E+01  0.2710E+02
   1.694  0.1610E+01  0.2711E+02
   1.704  0.1613E+01  0.2713E+02
   1.714  0.1643E+01  0.2715E+02
   1.724  0.1655E+01  0.2716E+02
   1.734  0.1670E+01  0.2718E+02
   1.744  0.1652E+01  0.2720E+02
   1.754  0.1654E+01  0.2721E+02
   1.764  0.1714E+01  0.2723E+02
   1.774  0.1731E+01  0.2725E+02
   1.784  0.1747E+01  0.2726E+02
   1.794  0.1756E+01  0.2728E+02
   1.804  0.1787E+01  0.2730E+02
   1.814  0.1025E+02  0.2734E+02
   1.824  0.9406E+01  0.2745E+02
   1.834  0.7345E+01  0.2753E+02
   1.844  0.5285E+01  0.2760E+02
   1.854  0.5966E+01  0.2765E+02
   1.864  0.6120E+01  0.2772E+02
   1.874  0.6164E+01  0.2778E+02
   1.884  0.6406E+01  0.2784E+02
   1.894  0.6722E+01  0.2791E+02
   1.904  0.6321E+01  0.2798E+02
   1.914  0.6385E+01  0.2804E+02
   1.924  0.6237E+01  0.2810E+02
   1.934  0.6480E+01  0.2817E+02
   1.944  0.6778E+01  0.2823E+02
   1.954  0.7271E+01  0.2830E+02
   1.964  0.8266E+01  0.2838E+02
   1.974  0.7565E+01  0.2847E+02
   1.984  0.7284E+01  0.2855E+02
   1.994  0.6453E+01  0.2862E+02
   2.004  0.6132E+01  0.2868E+02
   2.014  0.7189E+01  0.2874E+02
   2.024  0.5096E+01  0.2880E+02
   2.034  0.5265E+01  0.2885E+02
   2.044  0.4768E+01  0.2891E+02
   2.054  0.5242E+01  0.2896E+02
   2.064  0.5750E+01  0.2901E+02
   2.074  0.5523E+01  0.2907E+02
   2.084  0.5456E+01  0.2913E+02
   2.094  0.4428E+01  0.2918E+02
   2.104  0.3921E+01  0.2922E+02
   2.114  0.3694E+01  0.2925E+02
   2.124  0.3548E+01  0.2929E+02
   2.134  0.3177E+01  0.2932E+02
   2.144  0.3049E+01  0.2936E+02
   2.154  0.3586E+01  0.2939E+02
   2.164  0.3480E+01  0.2942E+02
   2.174  0.3536E+01  0.2946E+02
   2.184  0.3756E+01  0.2949E+02
   2.194  0.3694E+01  0.2953E+02
   2.204  0.3766E+01  0.2957E+02
   2.214  0.3806E+01  0.2961E+02
   2.224  0.3612E+01  0.2964E+02
   2.234  0.3736E+01  0.2968E+02
   2.244  0.3152E+01  0.2972E+02
   2.254  0.2789E+01  0.2975E+02
   2.264  0.2615E+01  0.2977E+02
   2.274  0.2617E+01  0.2980E+02
   2.284  0.2623E+01  0.2983E+02
   2.294  0.2959E+01  0.2985E+02
   2.304  0.2932E+01  0.2988E+02
   2.314  0.3270E+01  0.2991E+02
   2.324  0.3105E+01  0.2995E+02
   2.334  0.2949E+01  0.2998E+02
   2.344  0.2728E+01  0.3000E+02
   2.354  0.2701E+01  0.3003E+02
   2.364  0.2673E+01  0.3006E+02
   2.374  0.2638E+01  0.3008E+02
   2.384  0.2602E+01  0.3011E+02
   2.394  0.2577E+01  0.3014E+02
   2.404  0.2550E+01  0.3016E+02
   2.414  0.2521E+01  0.3019E+02
   2.424  0.2491E+01  0.3021E+02
   2.434  0.2459E+01  0.3024E+02
   2.444  0.2434E+01  0.3026E+02
   2.454  0.2431E+01  0.3029E+02
   2.464  0.2406E+01  0.3031E+02
   2.474  0.2379E+01  0.3033E+02
   2.484  0.2351E+01  0.3036E+02
   2.494  0.2317E+01  0.3038E+02
   2.504  0.2285E+01  0.3040E+02
   2.514  0.2264E+01  0.3043E+02
   2.524  0.2244E+01  0.3045E+02
   2.534  0.2227E+01  0.3047E+02
   2.544  0.2209E+01  0.3049E+02
   2.554  0.2200E+01  0.3052E+02
   2.564  0.2190E+01  0.3054E+02
   2.574  0.2162E+01  0.3056E+02
   2.584  0.2134E+01  0.3058E+02
   2.594  0.2122E+01  0.3060E+02
   2.604  0.2101E+01  0.3062E+02
   2.614  0.2068E+01  0.3064E+02
   2.624  0.2042E+01  0.3066E+02
   2.634  0.2021E+01  0.3068E+02
   2.644  0.2148E+01  0.3071E+02
   2.654  0.1891E+01  0.3073E+02
   2.664  0.1726E+01  0.3074E+02
   2.674  0.1713E+01  0.3076E+02
   2.684  0.1706E+01  0.3078E+02
   2.694  0.1712E+01  0.3080E+02
   2.704  0.1753E+01  0.3081E+02
   2.714  0.1775E+01  0.3083E+02
   2.724  0.1732E+01  0.3085E+02
   2.734  0.1714E+01  0.3086E+02
   2.744  0.1722E+01  0.3088E+02
   2.754  0.1819E+01  0.3090E+02
   2.764  0.1714E+01  0.3092E+02
   2.774  0.1743E+01  0.3093E+02
   2.784  0.1163E+01  0.3095E+02
   2.794  0.8106E+00  0.3096E+02
   2.804  0.8107E+00  0.3097E+02
   2.814  0.8103E+00  0.3098E+02
   2.824  0.8100E+00  0.3098E+02
   2.834  0.8083E+00  0.3099E+02
   2.844  0.8052E+00  0.3100E+02
   2.854  0.8017E+00  0.3101E+02
   2.864  0.7988E+00  0.3102E+02
   2.874  0.7982E+00  0.3102E+02
   2.884  0.7975E+00  0.3103E+02
   2.894  0.7965E+00  0.3104E+02
   2.904  0.7956E+00  0.3105E+02
   2.914  0.7997E+00  0.3106E+02
   2.924  0.8038E+00  0.3106E+02
   2.934  0.8063E+00  0.3107E+02
   2.944  0.8078E+00  0.3108E+02
   2.954  0.8052E+00  0.3109E+02
   2.964  0.8035E+00  0.3110E+02
   2.974  0.8312E+00  0.3110E+02
   2.984  0.1162E+01  0.3111E+02
   2.994  0.1163E+01  0.3113E+02
   3.004  0.1200E+01  0.3114E+02
   3.014  0.1238E+01  0.3115E+02
   3.024  0.1336E+01  0.3116E+02
   3.034  0.1726E+01  0.3118E+02
   3.044  0.1668E+01  0.3120E+02
   3.054  0.2861E+01  0.3122E+02
   3.064  0.3013E+01  0.3125E+02
   3.074  0.3059E+01  0.3128E+02
   3.084  0.3075E+01  0.3131E+02
   3.094  0.3154E+01  0.3134E+02
   3.104  0.3268E+01  0.3138E+02
   3.114  0.3373E+01  0.3141E+02
   3.124  0.3468E+01  0.3144E+02
   3.134  0.3601E+01  0.3148E+02
   3.144  0.3716E+01  0.3152E+02
   3.154  0.3806E+01  0.3155E+02
   3.164  0.3947E+01  0.3159E+02
   3.174  0.4132E+01  0.3163E+02
   3.184  0.4280E+01  0.3167E+02
   3.194  0.4424E+01  0.3172E+02
   3.204  0.4636E+01  0.3176E+02
   3.214  0.4835E+01  0.3181E+02
   3.224  0.5021E+01  0.3186E+02
   3.234  0.5325E+01  0.3191E+02
   3.244  0.5648E+01  0.3197E+02
   3.254  0.5981E+01  0.3202E+02
   3.264  0.6677E+01  0.3209E+02
   3.274  0.7323E+01  0.3216E+02
   3.284  0.8200E+01  0.3223E+02
   3.294  0.1388E+02  0.3233E+02
   3.304  0.8213E+01  0.3242E+02
   3.314  0.7578E+01  0.3250E+02
   3.324  0.6923E+01  0.3257E+02
   3.334  0.6664E+01  0.3264E+02
   3.344  0.6500E+01  0.3270E+02
   3.354  0.6362E+01  0.3277E+02
   3.364  0.6180E+01  0.3283E+02
   3.374  0.6116E+01  0.3289E+02
   3.384  0.6053E+01  0.3295E+02
   3.394  0.6186E+01  0.3301E+02
   3.404  0.6356E+01  0.3308E+02
   3.414  0.6450E+01  0.3314E+02
   3.424  0.6548E+01  0.3321E+02
   3.434  0.6029E+01  0.3327E+02
   3.444  0.6044E+01  0.3334E+02
   3.454  0.5967E+01  0.3340E+02
   3.464  0.5798E+01  0.3346E+02
   3.474  0.5557E+01  0.3351E+02
   3.484  0.5272E+01  0.3357E+02
   3.494  0.5043E+01  0.3362E+02
   3.504  0.4977E+01  0.3367E+02
   3.514  0.4901E+01  0.3372E+02
   3.524  0.4766E+01  0.3377E+02
   3.534  0.4657E+01  0.3381E+02
   3.544  0.4741E+01  0.3386E+02
   3.554  0.4847E+01  0.3391E+02
   3.564  0.4697E+01  0.3396E+02
   3.574  0.4681E+01  0.3400E+02
   3.584  0.4553E+01  0.3405E+02
   3.594  0.4524E+01  0.3409E+02
   3.604  0.4500E+01  0.3414E+02
   3.614  0.4414E+01  0.3418E+02
   3.624  0.4427E+01  0.3423E+02
   3.634  0.4155E+01  0.3427E+02
   3.644  0.1759E+01  0.3431E+02
   3.654  0.1740E+01  0.3433E+02
   3.664  0.1721E+01  0.3434E+02
   3.674  0.1700E+01  0.3436E+02
   3.684  0.1679E+01  0.3438E+02
   3.694  0.1667E+01  0.3440E+02
   3.704  0.1650E+01  0.3441E+02
   3.714  0.1639E+01  0.3443E+02
   3.724  0.1628E+01  0.3444E+02
   3.734  0.1618E+01  0.3446E+02
   3.744  0.1604E+01  0.3448E+02
   3.754  0.1591E+01  0.3449E+02
   3.764  0.1578E+01  0.3451E+02
   3.774  0.1572E+01  0.3452E+02
   3.784  0.1561E+01  0.3454E+02
   3.794  0.1550E+01  0.3456E+02
   3.804  0.1539E+01  0.3457E+02
   3.814  0.1529E+01  0.3459E+02
   3.824  0.1518E+01  0.3460E+02
   3.834  0.1513E+01  0.3462E+02
   3.844  0.1508E+01  0.3463E+02
   3.854  0.1501E+01  0.3465E+02
   3.864  0.1496E+01  0.3466E+02
   3.874  0.1491E+01  0.3468E+02
   3.884  0.1486E+01  0.3469E+02
   3.894  0.1475E+01  0.3471E+02
   3.904  0.1467E+01  0.3472E+02
   3.914  0.1459E+01  0.3474E+02
   3.924  0.1450E+01  0.3475E+02
   3.934  0.1446E+01  0.3477E+02
   3.944  0.1443E+01  0.3478E+02
   3.954  0.1434E+01  0.3479E+02
   3.964  0.1428E+01  0.3481E+02
   3.974  0.1416E+01  0.3482E+02
   3.984  0.1412E+01  0.3484E+02
   3.994  0.1408E+01  0.3485E+02
   4.004  0.1405E+01  0.3486E+02
   4.014  0.1397E+01  0.3488E+02
   4.024  0.1391E+01  0.3489E+02
   4.034  0.1387E+01  0.3491E+02
   4.044  0.1383E+01  0.3492E+02
   4.054  0.1379E+01  0.3493E+02
   4.064  0.1376E+01  0.3495E+02
   4.074  0.1373E+01  0.3496E+02
   4.084  0.1370E+01  0.3498E+02
   4.094  0.1367E+01  0.3499E+02
   4.104  0.1361E+01  0.3500E+02
   4.114  0.1357E+01  0.3502E+02
   4.124  0.1352E+01  0.3503E+02
   4.134  0.1348E+01  0.3504E+02
   4.144  0.1343E+01  0.3506E+02
   4.154  0.1338E+01  0.3507E+02
   4.164  0.1334E+01  0.3508E+02
   4.174  0.1330E+01  0.3510E+02
   4.184  0.1328E+01  0.3511E+02
   4.194  0.1325E+01  0.3512E+02
   4.204  0.1323E+01  0.3514E+02
   4.214  0.1321E+01  0.3515E+02
   4.224  0.1320E+01  0.3516E+02
   4.234  0.1320E+01  0.3518E+02
   4.244  0.1317E+01  0.3519E+02
   4.254  0.1313E+01  0.3520E+02
   4.264  0.1310E+01  0.3522E+02
   4.274  0.1307E+01  0.3523E+02
   4.284  0.1307E+01  0.3524E+02
   4.294  0.1300E+01  0.3525E+02
   4.304  0.1292E+01  0.3527E+02
   4.314  0.1286E+01  0.3528E+02
   4.324  0.1281E+01  0.3529E+02
   4.334  0.1277E+01  0.3531E+02
   4.344  0.1547E+01  0.3532E+02
   4.354  0.1556E+01  0.3534E+02
   4.364  0.1600E+01  0.3535E+02
   4.374  0.1597E+01  0.3537E+02
   4.384  0.1573E+01  0.3538E+02
   4.394  0.1581E+01  0.3540E+02
   4.404  0.1592E+01  0.3542E+02
   4.414  0.1576E+01  0.3543E+02
   4.424  0.1575E+01  0.3545E+02
   4.434  0.1572E+01  0.3546E+02
   4.444  0.1573E+01  0.3548E+02
   4.454  0.1571E+01  0.3549E+02
   4.464  0.1574E+01  0.3551E+02
   4.474  0.1570E+01  0.3553E+02
   4.484  0.1561E+01  0.3554E+02
   4.494  0.1599E+01  0.3556E+02
   4.504  0.1765E+01  0.3557E+02
   4.514  0.1702E+01  0.3559E+02
   4.524  0.1789E+01  0.3561E+02
   4.534  0.1789E+01  0.3563E+02
   4.544  0.1668E+01  0.3564E+02
   4.554  0.1524E+01  0.3566E+02
   4.564  0.1469E+01  0.3567E+02
   4.574  0.1478E+01  0.3569E+02
   4.584  0.1487E+01  0.3570E+02
   4.594  0.1497E+01  0.3572E+02
   4.604  0.1508E+01  0.3573E+02
   4.614  0.1495E+01  0.3575E+02
   4.624  0.1492E+01  0.3576E+02
   4.634  0.1492E+01  0.3578E+02
   4.644  0.1495E+01  0.3579E+02
   4.654  0.1502E+01  0.3581E+02
   4.664  0.1508E+01  0.3582E+02
   4.674  0.1511E+01  0.3584E+02
   4.684  0.1515E+01  0.3585E+02
   4.694  0.1514E+01  0.3587E+02
   4.704  0.1518E+01  0.3588E+02
   4.714  0.1515E+01  0.3590E+02
   4.724  0.1517E+01  0.3591E+02
   4.734  0.1518E+01  0.3593E+02
   4.744  0.1522E+01  0.3595E+02
   4.754  0.1525E+01  0.3596E+02
   4.764  0.1530E+01  0.3598E+02
   4.774  0.1535E+01  0.3599E+02
   4.784  0.1537E+01  0.3601E+02
   4.794  0.1540E+01  0.3602E+02
   4.804  0.1543E+01  0.3604E+02
   4.814  0.1542E+01  0.3605E+02
   4.824  0.1542E+01  0.3607E+02
   4.834  0.1544E+01  0.3608E+02
   4.844  0.1546E+01  0.3610E+02
   4.854  0.1550E+01  0.3611E+02
   4.864  0.1553E+01  0.3613E+02
   4.874  0.1557E+01  0.3615E+02
   4.884  0.1561E+01  0.3616E+02
   4.894  0.1563E+01  0.3618E+02
   4.904  0.1566E+01  0.3619E+02
   4.914  0.1570E+01  0.3621E+02
   4.924  0.1571E+01  0.3622E+02
   4.934  0.1572E+01  0.3624E+02
   4.944  0.1573E+01  0.3626E+02
   4.954  0.1574E+01  0.3627E+02
   4.964  0.1577E+01  0.3629E+02
   4.974  0.1580E+01  0.3630E+02
   4.984  0.1583E+01  0.3632E+02
   4.994  0.1587E+01  0.3633E+02
   5.004  0.1591E+01  0.3635E+02
   5.014  0.1590E+01  0.3637E+02
   5.024  0.1591E+01  0.3638E+02
   5.034  0.1594E+01  0.3640E+02
   5.044  0.1596E+01  0.3641E+02
   5.054  0.1596E+01  0.3643E+02
   5.064  0.1599E+01  0.3645E+02
   5.074  0.1598E+01  0.3646E+02
   5.084  0.1600E+01  0.3648E+02
   5.094  0.1602E+01  0.3649E+02
   5.104  0.1605E+01  0.3651E+02
   5.114  0.1607E+01  0.3653E+02
   5.124  0.1608E+01  0.3654E+02
   5.134  0.1610E+01  0.3656E+02
   5.144  0.1611E+01  0.3657E+02
   5.154  0.1613E+01  0.3659E+02
   5.164  0.1615E+01  0.3661E+02
   5.174  0.1618E+01  0.3662E+02
   5.184  0.1621E+01  0.3664E+02
   5.194  0.1624E+01  0.3665E+02
   5.204  0.1627E+01  0.3667E+02
   5.214  0.1628E+01  0.3669E+02
   5.224  0.1629E+01  0.3670E+02
   5.234  0.1629E+01  0.3672E+02
   5.244  0.1631E+01  0.3674E+02
   5.254  0.1632E+01  0.3675E+02
   5.264  0.1634E+01  0.3677E+02
   5.274  0.1635E+01  0.3679E+02
   5.284  0.1637E+01  0.3680E+02
   5.294  0.1639E+01  0.3682E+02
   5.304  0.1641E+01  0.3683E+02
   5.314  0.1643E+01  0.3685E+02
   5.324  0.1645E+01  0.3687E+02
   5.334  0.1647E+01  0.3688E+02
   5.344  0.1649E+01  0.3690E+02
   5.354  0.1651E+01  0.3692E+02
   5.364  0.1653E+01  0.3693E+02
   5.374  0.1654E+01  0.3695E+02
   5.384  0.1655E+01  0.3697E+02
   5.394  0.1657E+01  0.3698E+02
   5.404  0.1658E+01  0.3700E+02
   5.414  0.1660E+01  0.3702E+02
   5.424  0.1660E+01  0.3703E+02
   5.434  0.1661E+01  0.3705E+02
   5.444  0.1662E+01  0.3707E+02
   5.454  0.1663E+01  0.3708E+02
   5.464  0.1664E+01  0.3710E+02
   5.474  0.1665E+01  0.3712E+02
   5.484  0.1667E+01  0.3713E+02
   5.494  0.1669E+01  0.3715E+02
   5.504  0.1671E+01  0.3717E+02
   5.514  0.1673E+01  0.3718E+02
   5.524  0.1676E+01  0.3720E+02
   5.534  0.1678E+01  0.3722E+02
   5.544  0.1678E+01  0.3723E+02
   5.554  0.1678E+01  0.3725E+02
   5.564  0.1679E+01  0.3727E+02
   5.574  0.1679E+01  0.3728E+02
   5.584  0.1680E+01  0.3730E+02
   5.594  0.1681E+01  0.3732E+02
   5.604  0.1682E+01  0.3733E+02
   5.614  0.1684E+01  0.3735E+02
   5.624  0.1685E+01  0.3737E+02
   5.634  0.1687E+01  0.3738E+02
   5.644  0.1689E+01  0.3740E+02
   5.654  0.1691E+01  0.3742E+02
   5.664  0.1693E+01  0.3743E+02
   5.674  0.1696E+01  0.3745E+02
   5.684  0.1698E+01  0.3747E+02
   5.694  0.1700E+01  0.3749E+02
   5.704  0.1701E+01  0.3750E+02
   5.714  0.1702E+01  0.3752E+02
   5.724  0.1703E+01  0.3754E+02
   5.734  0.1703E+01  0.3755E+02
   5.744  0.1703E+01  0.3757E+02
   5.754  0.1703E+01  0.3759E+02
   5.764  0.1704E+01  0.3760E+02
   5.774  0.1705E+01  0.3762E+02
   5.784  0.1705E+01  0.3764E+02
   5.794  0.1706E+01  0.3766E+02
   5.804  0.1707E+01  0.3767E+02
   5.814  0.1708E+01  0.3769E+02
   5.824  0.1710E+01  0.3771E+02
   5.834  0.1712E+01  0.3772E+02
   5.844  0.1714E+01  0.3774E+02
   5.854  0.1716E+01  0.3776E+02
   5.864  0.1718E+01  0.3778E+02
   5.874  0.1720E+01  0.3779E+02
   5.884  0.1722E+01  0.3781E+02
   5.894  0.1724E+01  0.3783E+02
   5.904  0.1727E+01  0.3784E+02
   5.914  0.1727E+01  0.3786E+02
   5.924  0.1727E+01  0.3788E+02
   5.934  0.1727E+01  0.3790E+02
   5.944  0.1729E+01  0.3791E+02
   5.954  0.1730E+01  0.3793E+02
   5.964  0.1730E+01  0.3795E+02
   5.974  0.1731E+01  0.3797E+02
   5.984  0.1732E+01  0.3798E+02
   5.994  0.1733E+01  0.3800E+02
   6.004  0.1734E+01  0.3802E+02
   6.014  0.1736E+01  0.3804E+02
   6.024  0.1736E+01  0.3805E+02
   6.034  0.1738E+01  0.3807E+02
   6.044  0.1739E+01  0.3809E+02
   6.054  0.1741E+01  0.3810E+02
   6.064  0.1742E+01  0.3812E+02
   6.074  0.1744E+01  0.3814E+02
   6.084  0.1746E+01  0.3816E+02
   6.094  0.1747E+01  0.3817E+02
   6.104  0.1748E+01  0.3819E+02
   6.114  0.1749E+01  0.3821E+02
   6.124  0.1750E+01  0.3823E+02
   6.134  0.1750E+01  0.3824E+02
   6.144  0.1751E+01  0.3826E+02
   6.154  0.1753E+01  0.3828E+02
   6.164  0.1755E+01  0.3830E+02
   6.174  0.1757E+01  0.3831E+02
   6.184  0.1759E+01  0.3833E+02
   6.194  0.1761E+01  0.3835E+02
   6.204  0.1766E+01  0.3837E+02
   6.214  0.1768E+01  0.3838E+02
   6.224  0.1770E+01  0.3840E+02
   6.234  0.1773E+01  0.3842E+02
   6.244  0.1775E+01  0.3844E+02
   6.254  0.1776E+01  0.3846E+02
   6.264  0.1777E+01  0.3847E+02
   6.274  0.1778E+01  0.3849E+02
   6.284  0.1780E+01  0.3851E+02
   6.294  0.1780E+01  0.3853E+02
   6.304  0.1782E+01  0.3854E+02
   6.314  0.1783E+01  0.3856E+02
   6.324  0.1785E+01  0.3858E+02
   6.334  0.1787E+01  0.3860E+02
   6.344  0.1789E+01  0.3862E+02
   6.354  0.1789E+01  0.3863E+02
   6.364  0.1790E+01  0.3865E+02
   6.374  0.1792E+01  0.3867E+02
   6.384  0.1943E+01  0.3869E+02
   6.394  0.1956E+01  0.3871E+02
   6.404  0.1974E+01  0.3873E+02
   6.414  0.1993E+01  0.3875E+02
   6.424  0.2011E+01  0.3877E+02
   6.434  0.2000E+01  0.3879E+02
   6.444  0.1989E+01  0.3881E+02
   6.454  0.2009E+01  0.3883E+02
   6.464  0.2023E+01  0.3885E+02
   6.474  0.2036E+01  0.3887E+02
   6.484  0.2050E+01  0.3889E+02
   6.494  0.2046E+01  0.3891E+02
   6.504  0.2566E+01  0.3893E+02
   6.514  0.2376E+01  0.3896E+02
   6.524  0.2429E+01  0.3898E+02
   6.534  0.2388E+01  0.3900E+02
   6.544  0.2416E+01  0.3903E+02
   6.554  0.2443E+01  0.3905E+02
   6.564  0.2440E+01  0.3908E+02
   6.574  0.2451E+01  0.3910E+02
   6.584  0.2477E+01  0.3913E+02
   6.594  0.2519E+01  0.3915E+02
   6.604  0.2389E+01  0.3918E+02
   6.614  0.2387E+01  0.3920E+02
   6.624  0.2374E+01  0.3922E+02
   6.634  0.2370E+01  0.3925E+02
   6.644  0.2367E+01  0.3927E+02
   6.654  0.2370E+01  0.3929E+02
   6.664  0.2377E+01  0.3932E+02
   6.674  0.2381E+01  0.3934E+02
   6.684  0.2374E+01  0.3937E+02
   6.694  0.2379E+01  0.3939E+02
   6.704  0.2367E+01  0.3941E+02
   6.714  0.2364E+01  0.3944E+02
   6.724  0.2366E+01  0.3946E+02
   6.734  0.2368E+01  0.3948E+02
   6.744  0.2367E+01  0.3951E+02
   6.754  0.2361E+01  0.3953E+02
   6.764  0.2355E+01  0.3955E+02
   6.774  0.2356E+01  0.3958E+02
   6.784  0.2357E+01  0.3960E+02
   6.794  0.2360E+01  0.3963E+02
   6.804  0.2360E+01  0.3965E+02
   6.814  0.2361E+01  0.3967E+02
   6.824  0.2363E+01  0.3970E+02
   6.834  0.2364E+01  0.3972E+02
   6.844  0.2361E+01  0.3974E+02
   6.854  0.2358E+01  0.3977E+02
   6.864  0.2358E+01  0.3979E+02
   6.874  0.2358E+01  0.3981E+02
   6.884  0.2358E+01  0.3984E+02
   6.894  0.2358E+01  0.3986E+02
   6.904  0.2360E+01  0.3989E+02
   6.914  0.2362E+01  0.3991E+02
   6.924  0.2364E+01  0.3993E+02
   6.934  0.2357E+01  0.3996E+02
   6.944  0.2356E+01  0.3998E+02
   6.954  0.2352E+01  0.4000E+02
   6.964  0.2353E+01  0.4003E+02
   6.974  0.2353E+01  0.4005E+02
   6.984  0.2355E+01  0.4007E+02
   6.994  0.2357E+01  0.4010E+02
   7.004  0.2359E+01  0.4012E+02
   7.014  0.2360E+01  0.4014E+02
   7.024  0.2363E+01  0.4017E+02
   7.034  0.2366E+01  0.4019E+02
   7.044  0.2369E+01  0.4022E+02
   7.054  0.2372E+01  0.4024E+02
   7.064  0.2371E+01  0.4026E+02
   7.074  0.2371E+01  0.4029E+02
   7.084  0.2372E+01  0.4031E+02
   7.094  0.2371E+01  0.4033E+02
   7.104  0.2369E+01  0.4036E+02
   7.114  0.2369E+01  0.4038E+02
   7.124  0.2370E+01  0.4041E+02
   7.134  0.2370E+01  0.4043E+02
   7.144  0.2371E+01  0.4045E+02
   7.154  0.2372E+01  0.4048E+02
   7.164  0.2374E+01  0.4050E+02
   7.174  0.2375E+01  0.4052E+02
   7.184  0.2375E+01  0.4055E+02
   7.194  0.2373E+01  0.4057E+02
   7.204  0.2374E+01  0.4059E+02
   7.214  0.2376E+01  0.4062E+02
   7.224  0.2376E+01  0.4064E+02
   7.234  0.2377E+01  0.4067E+02
   7.244  0.2379E+01  0.4069E+02
   7.254  0.2381E+01  0.4071E+02
   7.264  0.2382E+01  0.4074E+02
   7.274  0.2383E+01  0.4076E+02
   7.284  0.2385E+01  0.4079E+02
   7.294  0.2388E+01  0.4081E+02
   7.304  0.2390E+01  0.4083E+02
   7.314  0.2393E+01  0.4086E+02
   7.324  0.2393E+01  0.4088E+02
   7.334  0.2394E+01  0.4090E+02
   7.344  0.2396E+01  0.4093E+02
   7.354  0.2397E+01  0.4095E+02
   7.364  0.2399E+01  0.4098E+02
   7.374  0.2400E+01  0.4100E+02
   7.384  0.2400E+01  0.4102E+02
   7.394  0.2402E+01  0.4105E+02
   7.404  0.2403E+01  0.4107E+02
   7.414  0.2405E+01  0.4110E+02
   7.424  0.2402E+01  0.4112E+02
   7.434  0.2403E+01  0.4114E+02
   7.444  0.2405E+01  0.4117E+02
   7.454  0.2407E+01  0.4119E+02
   7.464  0.2410E+01  0.4122E+02
   7.474  0.2411E+01  0.4124E+02
   7.484  0.2412E+01  0.4127E+02
   7.494  0.2414E+01  0.4129E+02
   7.504  0.2417E+01  0.4131E+02
   7.514  0.2420E+01  0.4134E+02
   7.524  0.2422E+01  0.4136E+02
   7.534  0.2425E+01  0.4139E+02
   7.544  0.2428E+01  0.4141E+02
   7.554  0.2432E+01  0.4143E+02
   7.564  0.2435E+01  0.4146E+02
   7.574  0.2439E+01  0.4148E+02
   7.584  0.2442E+01  0.4151E+02
   7.594  0.2445E+01  0.4153E+02
   7.604  0.2448E+01  0.4156E+02
   7.614  0.2452E+01  0.4158E+02
   7.624  0.2455E+01  0.4161E+02
   7.634  0.2457E+01  0.4163E+02
   7.644  0.2462E+01  0.4165E+02
   7.654  0.2469E+01  0.4168E+02
   7.664  0.2471E+01  0.4170E+02
   7.674  0.2474E+01  0.4173E+02
   7.684  0.2476E+01  0.4175E+02
   7.694  0.2479E+01  0.4178E+02
   7.704  0.2482E+01  0.4180E+02
   7.714  0.2484E+01  0.4183E+02
   7.724  0.2487E+01  0.4185E+02
   7.734  0.2491E+01  0.4188E+02
   7.744  0.2496E+01  0.4190E+02
   7.754  0.2503E+01  0.4193E+02
   7.764  0.2513E+01  0.4195E+02
   7.774  0.2525E+01  0.4198E+02
   7.784  0.2537E+01  0.4200E+02
   7.794  0.2549E+01  0.4203E+02
   7.804  0.2559E+01  0.4205E+02
   7.814  0.2570E+01  0.4208E+02
   7.824  0.2582E+01  0.4211E+02
   7.834  0.2599E+01  0.4213E+02
   7.844  0.2616E+01  0.4216E+02
   7.854  0.2822E+01  0.4218E+02
   7.864  0.2752E+01  0.4221E+02
   7.874  0.2683E+01  0.4224E+02
   7.884  0.2614E+01  0.4227E+02
   7.894  0.2949E+01  0.4229E+02
   7.904  0.2657E+01  0.4232E+02
   7.914  0.2517E+01  0.4235E+02
   7.924  0.2507E+01  0.4237E+02
   7.934  0.2498E+01  0.4240E+02
   7.944  0.2495E+01  0.4242E+02
   7.954  0.2494E+01  0.4245E+02
   7.964  0.2490E+01  0.4247E+02
   7.974  0.2678E+01  0.4250E+02
   7.984  0.2478E+01  0.4252E+02
   7.994  0.2474E+01  0.4255E+02
   8.004  0.2465E+01  0.4257E+02
   8.014  0.2458E+01  0.4260E+02
   8.024  0.2453E+01  0.4262E+02
   8.034  0.2448E+01  0.4265E+02
   8.044  0.2444E+01  0.4267E+02
   8.054  0.2453E+01  0.4270E+02
   8.064  0.2445E+01  0.4272E+02
   8.074  0.2436E+01  0.4274E+02
   8.084  0.2459E+01  0.4277E+02
   8.094  0.2511E+01  0.4279E+02
   8.104  0.2568E+01  0.4282E+02
   8.114  0.2440E+01  0.4284E+02
   8.124  0.2445E+01  0.4287E+02
   8.134  0.2451E+01  0.4289E+02
   8.144  0.2458E+01  0.4292E+02
   8.154  0.2465E+01  0.4294E+02
   8.164  0.2472E+01  0.4297E+02
   8.174  0.2477E+01  0.4299E+02
   8.184  0.2633E+01  0.4302E+02
   8.194  0.2577E+01  0.4304E+02
   8.204  0.2521E+01  0.4307E+02
   8.214  0.2465E+01  0.4309E+02
   8.224  0.2428E+01  0.4312E+02
   8.234  0.2869E+01  0.4314E+02
   8.244  0.2434E+01  0.4317E+02
   8.254  0.2391E+01  0.4319E+02
   8.264  0.2389E+01  0.4322E+02
   8.274  0.2396E+01  0.4324E+02
   8.284  0.2352E+01  0.4326E+02
   8.294  0.2336E+01  0.4329E+02
   8.304  0.2320E+01  0.4331E+02
   8.314  0.2305E+01  0.4333E+02
   8.324  0.2306E+01  0.4336E+02
   8.334  0.2348E+01  0.4338E+02
   8.344  0.2386E+01  0.4340E+02
   8.354  0.2280E+01  0.4343E+02
   8.364  0.2307E+01  0.4345E+02
   8.374  0.2308E+01  0.4347E+02
   8.384  0.2306E+01  0.4350E+02
   8.394  0.2301E+01  0.4352E+02
   8.404  0.2286E+01  0.4354E+02
   8.414  0.2262E+01  0.4357E+02
   8.424  0.2256E+01  0.4359E+02
   8.434  0.2249E+01  0.4361E+02
   8.444  0.2243E+01  0.4363E+02
   8.454  0.2243E+01  0.4366E+02
   8.464  0.2248E+01  0.4368E+02
   8.474  0.2253E+01  0.4370E+02
   8.484  0.2220E+01  0.4372E+02
   8.494  0.2230E+01  0.4375E+02
   8.504  0.2240E+01  0.4377E+02
   8.514  0.2256E+01  0.4379E+02
   8.524  0.2260E+01  0.4381E+02
   8.534  0.2269E+01  0.4384E+02
   8.544  0.2274E+01  0.4386E+02
   8.554  0.2285E+01  0.4388E+02
   8.564  0.2296E+01  0.4390E+02
   8.574  0.2308E+01  0.4393E+02
   8.584  0.2363E+01  0.4395E+02
   8.594  0.2561E+01  0.4397E+02
   8.604  0.2696E+01  0.4400E+02
   8.614  0.3185E+01  0.4403E+02
   8.624  0.3038E+01  0.4406E+02
   8.634  0.2587E+01  0.4409E+02
   8.644  0.2581E+01  0.4412E+02
   8.654  0.2576E+01  0.4414E+02
   8.664  0.2571E+01  0.4417E+02
   8.674  0.3260E+01  0.4420E+02
   8.684  0.2810E+01  0.4423E+02
   8.694  0.2741E+01  0.4425E+02
   8.704  0.2716E+01  0.4428E+02
   8.714  0.2724E+01  0.4431E+02
   8.724  0.2712E+01  0.4434E+02
   8.734  0.2803E+01  0.4436E+02
   8.744  0.2901E+01  0.4439E+02
   8.754  0.2882E+01  0.4442E+02
   8.764  0.2948E+01  0.4445E+02
   8.774  0.2919E+01  0.4448E+02
   8.784  0.2722E+01  0.4451E+02
   8.794  0.2500E+01  0.4453E+02
   8.804  0.2444E+01  0.4456E+02
   8.814  0.2389E+01  0.4458E+02
   8.824  0.2380E+01  0.4461E+02
   8.834  0.2330E+01  0.4463E+02
   8.844  0.2303E+01  0.4465E+02
   8.854  0.2277E+01  0.4468E+02
   8.864  0.2251E+01  0.4470E+02
   8.874  0.2207E+01  0.4472E+02
   8.884  0.2144E+01  0.4474E+02
   8.894  0.2113E+01  0.4476E+02
   8.904  0.2473E+01  0.4479E+02
   8.914  0.2427E+01  0.4481E+02
   8.924  0.2423E+01  0.4484E+02
   8.934  0.2400E+01  0.4486E+02
   8.944  0.2329E+01  0.4488E+02
   8.954  0.2303E+01  0.4491E+02
   8.964  0.2247E+01  0.4493E+02
   8.974  0.2658E+01  0.4495E+02
   8.984  0.2945E+01  0.4498E+02
   8.994  0.2837E+01  0.4501E+02
   9.004  0.2708E+01  0.4504E+02
   9.014  0.2728E+01  0.4507E+02
   9.024  0.2749E+01  0.4509E+02
   9.034  0.2540E+01  0.4512E+02
   9.044  0.2565E+01  0.4515E+02
   9.054  0.2463E+01  0.4517E+02
   9.064  0.2470E+01  0.4520E+02
   9.074  0.2523E+01  0.4522E+02
   9.084  0.2559E+01  0.4525E+02
   9.094  0.2556E+01  0.4527E+02
   9.104  0.2546E+01  0.4530E+02
   9.114  0.2478E+01  0.4532E+02
   9.124  0.2429E+01  0.4535E+02
   9.134  0.2388E+01  0.4537E+02
   9.144  0.2387E+01  0.4540E+02
   9.154  0.2356E+01  0.4542E+02
   9.164  0.2441E+01  0.4544E+02
   9.174  0.2431E+01  0.4547E+02
   9.184  0.2421E+01  0.4549E+02
   9.194  0.2411E+01  0.4552E+02
   9.204  0.2385E+01  0.4554E+02
   9.214  0.2477E+01  0.4557E+02
   9.224  0.2473E+01  0.4559E+02
   9.234  0.2350E+01  0.4561E+02
   9.244  0.2284E+01  0.4564E+02
   9.254  0.2268E+01  0.4566E+02
   9.264  0.2301E+01  0.4568E+02
   9.274  0.2291E+01  0.4571E+02
   9.284  0.2302E+01  0.4573E+02
   9.294  0.2316E+01  0.4575E+02
   9.304  0.2364E+01  0.4578E+02
   9.314  0.2423E+01  0.4580E+02
   9.324  0.2491E+01  0.4582E+02
   9.334  0.2681E+01  0.4585E+02
   9.344  0.2687E+01  0.4588E+02
   9.354  0.2645E+01  0.4590E+02
   9.364  0.2951E+01  0.4593E+02
   9.374  0.2998E+01  0.4596E+02
   9.384  0.3124E+01  0.4599E+02
   9.394  0.3266E+01  0.4602E+02
   9.404  0.3228E+01  0.4606E+02
   9.414  0.3243E+01  0.4609E+02
   9.424  0.3845E+01  0.4612E+02
   9.434  0.3708E+01  0.4616E+02
   9.444  0.3383E+01  0.4620E+02
   9.454  0.3314E+01  0.4623E+02
   9.464  0.3172E+01  0.4626E+02
   9.474  0.3139E+01  0.4629E+02
   9.484  0.3307E+01  0.4633E+02
   9.494  0.3349E+01  0.4636E+02
   9.504  0.3732E+01  0.4639E+02
   9.514  0.3210E+01  0.4643E+02
   9.524  0.3149E+01  0.4646E+02
   9.534  0.3118E+01  0.4649E+02
   9.544  0.3189E+01  0.4652E+02
   9.554  0.3258E+01  0.4655E+02
   9.564  0.3406E+01  0.4659E+02
   9.574  0.3365E+01  0.4662E+02
   9.584  0.3440E+01  0.4666E+02
   9.594  0.3529E+01  0.4669E+02
   9.604  0.3710E+01  0.4673E+02
   9.614  0.3653E+01  0.4676E+02
   9.624  0.3544E+01  0.4680E+02
   9.634  0.3530E+01  0.4684E+02
   9.644  0.3513E+01  0.4687E+02
   9.654  0.3018E+01  0.4690E+02
   9.664  0.3028E+01  0.4693E+02
   9.674  0.3072E+01  0.4697E+02
   9.684  0.3061E+01  0.4700E+02
   9.694  0.2952E+01  0.4703E+02
   9.704  0.3017E+01  0.4706E+02
   9.714  0.3192E+01  0.4709E+02
   9.724  0.3081E+01  0.4712E+02
   9.734  0.2725E+01  0.4715E+02
   9.744  0.2668E+01  0.4718E+02
   9.754  0.2665E+01  0.4720E+02
   9.764  0.2671E+01  0.4723E+02
   9.774  0.3082E+01  0.4726E+02
   9.784  0.3087E+01  0.4729E+02
   9.794  0.3158E+01  0.4732E+02
   9.804  0.3284E+01  0.4735E+02
   9.814  0.3441E+01  0.4739E+02
   9.824  0.3520E+01  0.4742E+02
   9.834  0.3371E+01  0.4746E+02
   9.844  0.3766E+01  0.4749E+02
   9.854  0.3665E+01  0.4753E+02
   9.864  0.3419E+01  0.4756E+02
   9.874  0.3405E+01  0.4760E+02
   9.884  0.3379E+01  0.4763E+02
   9.894  0.3021E+01  0.4766E+02
   9.904  0.2864E+01  0.4769E+02
   9.914  0.2888E+01  0.4772E+02
   9.924  0.2916E+01  0.4775E+02
   9.934  0.2878E+01  0.4778E+02
   9.944  0.2841E+01  0.4781E+02
   9.954  0.2997E+01  0.4784E+02
   9.964  0.2920E+01  0.4787E+02
   9.974  0.2745E+01  0.4790E+02
   9.984  0.2805E+01  0.4792E+02
   9.994  0.2900E+01  0.4795E+02
  10.004  0.2919E+01  0.4798E+02
  10.014  0.3017E+01  0.4801E+02
  10.024  0.3061E+01  0.4804E+02
  10.034  0.3113E+01  0.4807E+02
  10.044  0.3009E+01  0.4810E+02
  10.054  0.3184E+01  0.4813E+02
  10.064  0.3318E+01  0.4817E+02
  10.074  0.3611E+01  0.4820E+02
  10.084  0.3241E+01  0.4824E+02
  10.094  0.3622E+01  0.4827E+02
  10.104  0.3621E+01  0.4831E+02
  10.114  0.3267E+01  0.4834E+02
  10.124  0.2878E+01  0.4837E+02
  10.134  0.3035E+01  0.4840E+02
  10.144  0.3122E+01  0.4843E+02
  10.154  0.3120E+01  0.4846E+02
  10.164  0.2930E+01  0.4849E+02
  10.174  0.3071E+01  0.4852E+02
  10.184  0.3074E+01  0.4855E+02
  10.194  0.2978E+01  0.4858E+02
  10.204  0.2913E+01  0.4861E+02
  10.214  0.2834E+01  0.4864E+02
  10.224  0.2826E+01  0.4867E+02
  10.234  0.3050E+01  0.4870E+02
  10.244  0.3020E+01  0.4873E+02
  10.254  0.3026E+01  0.4876E+02
  10.264  0.3035E+01  0.4879E+02
  10.274  0.3134E+01  0.4882E+02
  10.284  0.3379E+01  0.4885E+02
  10.294  0.3439E+01  0.4889E+02
  10.304  0.3459E+01  0.4892E+02
  10.314  0.3440E+01  0.4896E+02
  10.324  0.3388E+01  0.4899E+02
  10.334  0.3271E+01  0.4903E+02
  10.344  0.3073E+01  0.4906E+02
  10.354  0.3229E+01  0.4909E+02
  10.364  0.2897E+01  0.4912E+02
  10.374  0.2970E+01  0.4915E+02
  10.384  0.3091E+01  0.4918E+02
  10.394  0.3106E+01  0.4921E+02
  10.404  0.3030E+01  0.4924E+02
  10.414  0.2819E+01  0.4928E+02
  10.424  0.2668E+01  0.4930E+02
  10.434  0.3182E+01  0.4933E+02
  10.444  0.3001E+01  0.4936E+02
  10.454  0.2713E+01  0.4939E+02
  10.464  0.2668E+01  0.4942E+02
  10.474  0.2956E+01  0.4944E+02
  10.484  0.2753E+01  0.4947E+02
  10.494  0.2656E+01  0.4950E+02
  10.504  0.2560E+01  0.4953E+02
  10.514  0.2301E+01  0.4955E+02
  10.524  0.2240E+01  0.4958E+02
  10.534  0.2229E+01  0.4960E+02
  10.544  0.2246E+01  0.4962E+02
  10.554  0.2219E+01  0.4964E+02
  10.564  0.2198E+01  0.4966E+02
  10.574  0.2205E+01  0.4969E+02
  10.584  0.2206E+01  0.4971E+02
  10.594  0.2208E+01  0.4973E+02
  10.604  0.2259E+01  0.4975E+02
  10.614  0.2476E+01  0.4978E+02
  10.624  0.2785E+01  0.4980E+02
  10.634  0.3045E+01  0.4983E+02
  10.644  0.3288E+01  0.4987E+02
  10.654  0.3572E+01  0.4990E+02
  10.664  0.3124E+01  0.4994E+02
  10.674  0.2777E+01  0.4997E+02
  10.684  0.2703E+01  0.4999E+02
  10.694  0.2614E+01  0.5002E+02
  10.704  0.2588E+01  0.5005E+02
  10.714  0.2617E+01  0.5007E+02
  10.724  0.2603E+01  0.5010E+02
  10.734  0.2532E+01  0.5012E+02
  10.744  0.2451E+01  0.5015E+02
  10.754  0.2394E+01  0.5017E+02
  10.764  0.2338E+01  0.5020E+02
  10.774  0.2629E+01  0.5022E+02
  10.784  0.2505E+01  0.5025E+02
  10.794  0.2380E+01  0.5027E+02
  10.804  0.2433E+01  0.5030E+02
  10.814  0.2773E+01  0.5032E+02
  10.824  0.2408E+01  0.5035E+02
  10.834  0.2548E+01  0.5037E+02
  10.844  0.2695E+01  0.5040E+02
  10.854  0.2732E+01  0.5043E+02
  10.864  0.2729E+01  0.5045E+02
  10.874  0.2723E+01  0.5048E+02
  10.884  0.3840E+01  0.5052E+02
  10.894  0.2875E+01  0.5055E+02
  10.904  0.2777E+01  0.5058E+02
  10.914  0.2714E+01  0.5061E+02
  10.924  0.2651E+01  0.5064E+02
  10.934  0.2590E+01  0.5066E+02
  10.944  0.2535E+01  0.5069E+02
  10.954  0.2488E+01  0.5071E+02
  10.964  0.2403E+01  0.5074E+02
  10.974  0.2263E+01  0.5076E+02
  10.984  0.2201E+01  0.5078E+02
  10.994  0.2191E+01  0.5080E+02
  11.004  0.2180E+01  0.5083E+02
  11.014  0.2170E+01  0.5085E+02
  11.024  0.2160E+01  0.5087E+02
  11.034  0.2204E+01  0.5089E+02
  11.044  0.2199E+01  0.5091E+02
  11.054  0.2192E+01  0.5094E+02
  11.064  0.2189E+01  0.5096E+02
  11.074  0.2180E+01  0.5098E+02
  11.084  0.2463E+01  0.5100E+02
  11.094  0.2426E+01  0.5103E+02
  11.104  0.2173E+01  0.5105E+02
  11.114  0.1706E+01  0.5107E+02
  11.124  0.1713E+01  0.5109E+02
  11.134  0.1720E+01  0.5110E+02
  11.144  0.1726E+01  0.5112E+02
  11.154  0.1737E+01  0.5114E+02
  11.164  0.1750E+01  0.5116E+02
  11.174  0.1763E+01  0.5117E+02
  11.184  0.1777E+01  0.5119E+02
  11.194  0.1791E+01  0.5121E+02
  11.204  0.1806E+01  0.5123E+02
  11.214  0.1832E+01  0.5125E+02
  11.224  0.1865E+01  0.5126E+02
  11.234  0.1901E+01  0.5128E+02
  11.244  0.1937E+01  0.5130E+02
  11.254  0.1981E+01  0.5132E+02
  11.264  0.2026E+01  0.5134E+02
  11.274  0.2077E+01  0.5136E+02
  11.284  0.2191E+01  0.5138E+02
  11.294  0.2292E+01  0.5141E+02
  11.304  0.2434E+01  0.5143E+02
  11.314  0.2532E+01  0.5145E+02
  11.324  0.2162E+01  0.5148E+02
  11.334  0.1941E+01  0.5150E+02
  11.344  0.1909E+01  0.5152E+02
  11.354  0.1891E+01  0.5154E+02
  11.364  0.2345E+01  0.5156E+02
  11.374  0.2023E+01  0.5158E+02
  11.384  0.1791E+01  0.5160E+02
  11.394  0.1745E+01  0.5161E+02
  11.404  0.1710E+01  0.5163E+02
  11.414  0.1687E+01  0.5165E+02
  11.424  0.1664E+01  0.5166E+02
  11.434  0.1907E+01  0.5168E+02
  11.444  0.1822E+01  0.5170E+02
  11.454  0.1794E+01  0.5172E+02
  11.464  0.1877E+01  0.5174E+02
  11.474  0.1929E+01  0.5176E+02
  11.484  0.1912E+01  0.5178E+02
  11.494  0.1671E+01  0.5179E+02
  11.504  0.1555E+01  0.5181E+02
  11.514  0.1570E+01  0.5183E+02
  11.524  0.1341E+01  0.5184E+02
  11.534  0.1241E+01  0.5185E+02
  11.544  0.1142E+01  0.5186E+02
  11.554  0.1181E+01  0.5188E+02
  11.564  0.1683E+01  0.5189E+02
  11.574  0.1273E+01  0.5191E+02
  11.584  0.8407E+00  0.5192E+02
  11.594  0.5498E+00  0.5192E+02
  11.604  0.4758E+00  0.5193E+02
  11.614  0.4711E+00  0.5193E+02
  11.624  0.4663E+00  0.5194E+02
  11.634  0.4616E+00  0.5194E+02
  11.644  0.4569E+00  0.5195E+02
  11.654  0.4522E+00  0.5195E+02
  11.664  0.4475E+00  0.5196E+02
  11.674  0.4297E+00  0.5196E+02
  11.684  0.3977E+00  0.5196E+02
  11.694  0.5702E+00  0.5197E+02
  11.704  0.4970E+00  0.5197E+02
  11.714  0.3552E+00  0.5198E+02
  11.724  0.2631E+00  0.5198E+02
  11.734  0.2459E+00  0.5198E+02
  11.744  0.2287E+00  0.5199E+02
  11.754  0.2114E+00  0.5199E+02
  11.764  0.1942E+00  0.5199E+02
  11.774  0.1770E+00  0.5199E+02
  11.784  0.1598E+00  0.5199E+02
  11.794  0.1425E+00  0.5200E+02
  11.804  0.1253E+00  0.5200E+02
  11.814  0.1051E+00  0.5200E+02
  11.824  0.7507E-01  0.5200E+02
  11.834  0.4503E-01  0.5200E+02
  11.844  0.1500E-01  0.5200E+02
