 &plot nbnd=  26, nks=   361 /
            0.000000  0.000000  0.000000
  -45.657  -24.224  -23.311  -23.311  -21.068  -13.594   -3.693   -2.847   -2.847   -1.726
   -0.016   -0.016    3.445    5.450    5.450    5.768    6.652    6.652    7.736    8.613
   10.994   13.650   14.533   14.533   15.444   17.150
            0.004167  0.002406  0.000000
  -45.657  -24.224  -23.312  -23.311  -21.068  -13.594   -3.693   -2.847   -2.847   -1.726
   -0.017   -0.016    3.445    5.450    5.451    5.769    6.652    6.652    7.736    8.614
   10.995   13.650   14.532   14.534   15.443   17.150
            0.008333  0.004811  0.000000
  -45.656  -24.223  -23.312  -23.311  -21.067  -13.594   -3.692   -2.847   -2.847   -1.726
   -0.019   -0.016    3.445    5.449    5.451    5.770    6.651    6.653    7.738    8.617
   10.996   13.652   14.528   14.535   15.441   17.149
            0.012500  0.007217  0.000000
  -45.656  -24.223  -23.313  -23.312  -21.067  -13.593   -3.692   -2.848   -2.847   -1.725
   -0.022   -0.017    3.446    5.448    5.453    5.772    6.650    6.654    7.741    8.622
   10.999   13.654   14.520   14.538   15.436   17.149
            0.016667  0.009623  0.000000
  -45.656  -24.223  -23.314  -23.312  -21.067  -13.593   -3.690   -2.850   -2.847   -1.725
   -0.027   -0.018    3.446    5.447    5.454    5.775    6.648    6.655    7.745    8.628
   11.003   13.656   14.510   14.541   15.430   17.148
            0.020833  0.012028  0.000000
  -45.656  -24.222  -23.316  -23.312  -21.066  -13.592   -3.689   -2.852   -2.847   -1.724
   -0.034   -0.019    3.446    5.445    5.457    5.779    6.646    6.657    7.750    8.637
   11.008   13.660   14.497   14.545   15.422   17.146
            0.025000  0.014434  0.000000
  -45.656  -24.222  -23.318  -23.312  -21.066  -13.591   -3.687   -2.854   -2.847   -1.724
   -0.042   -0.021    3.447    5.443    5.460    5.784    6.643    6.660    7.756    8.647
   11.014   13.664   14.482   14.550   15.412   17.145
            0.029167  0.016839  0.000000
  -45.656  -24.221  -23.320  -23.313  -21.065  -13.589   -3.685   -2.856   -2.847   -1.723
   -0.051   -0.022    3.448    5.440    5.463    5.790    6.640    6.663    7.763    8.659
   11.022   13.669   14.464   14.556   15.401   17.143
            0.033333  0.019245  0.000000
  -45.656  -24.220  -23.323  -23.313  -21.064  -13.588   -3.682   -2.859   -2.847   -1.722
   -0.062   -0.024    3.448    5.437    5.467    5.796    6.637    6.666    7.771    8.672
   11.030   13.675   14.444   14.562   15.387   17.141
            0.037500  0.021651  0.000000
  -45.655  -24.220  -23.326  -23.314  -21.064  -13.586   -3.679   -2.863   -2.847   -1.721
   -0.074   -0.026    3.449    5.433    5.471    5.803    6.633    6.670    7.781    8.687
   11.040   13.681   14.422   14.570   15.373   17.138
            0.041667  0.024056  0.000000
  -45.655  -24.219  -23.330  -23.314  -21.063  -13.584   -3.676   -2.866   -2.847   -1.720
   -0.088   -0.029    3.450    5.429    5.476    5.811    6.630    6.674    7.791    8.704
   11.050   13.688   14.397   14.579   15.356   17.135
            0.045833  0.026462  0.000000
  -45.655  -24.218  -23.333  -23.315  -21.062  -13.582   -3.672   -2.870   -2.847   -1.719
   -0.102   -0.032    3.451    5.425    5.482    5.819    6.626    6.678    7.803    8.722
   11.062   13.695   14.371   14.588   15.338   17.132
            0.050000  0.028868  0.000000
  -45.655  -24.216  -23.337  -23.315  -21.061  -13.579   -3.669   -2.875   -2.847   -1.718
   -0.118   -0.035    3.452    5.421    5.488    5.828    6.623    6.683    7.815    8.741
   11.075   13.703   14.343   14.599   15.319   17.129
            0.054167  0.031273  0.000000
  -45.654  -24.215  -23.342  -23.316  -21.059  -13.577   -3.664   -2.879   -2.847   -1.716
   -0.136   -0.038    3.453    5.417    5.494    5.837    6.620    6.688    7.829    8.762
   11.089   13.711   14.313   14.610   15.298   17.125
            0.058333  0.033679  0.000000
  -45.654  -24.214  -23.347  -23.317  -21.058  -13.574   -3.660   -2.884   -2.847   -1.715
   -0.154   -0.041    3.453    5.412    5.501    5.846    6.617    6.694    7.844    8.784
   11.104   13.720   14.283   14.622   15.276   17.121
            0.062500  0.036084  0.000000
  -45.653  -24.213  -23.352  -23.318  -21.057  -13.571   -3.655   -2.890   -2.847   -1.714
   -0.174   -0.045    3.454    5.407    5.509    5.856    6.615    6.700    7.859    8.807
   11.121   13.728   14.251   14.635   15.254   17.117
            0.066667  0.038490  0.000000
  -45.653  -24.211  -23.357  -23.318  -21.055  -13.568   -3.650   -2.895   -2.847   -1.712
   -0.194   -0.049    3.455    5.402    5.517    5.866    6.613    6.706    7.876    8.832
   11.138   13.737   14.218   14.649   15.230   17.112
            0.070833  0.040896  0.000000
  -45.653  -24.209  -23.363  -23.319  -21.054  -13.565   -3.645   -2.901   -2.847   -1.711
   -0.216   -0.053    3.456    5.397    5.525    5.876    6.612    6.713    7.893    8.857
   11.156   13.745   14.184   14.664   15.206   17.108
            0.075000  0.043301  0.000000
  -45.652  -24.208  -23.369  -23.320  -21.052  -13.561   -3.639   -2.908   -2.847   -1.709
   -0.239   -0.058    3.457    5.392    5.534    5.886    6.612    6.720    7.912    8.883
   11.176   13.753   14.150   14.680   15.182   17.102
            0.079167  0.045707  0.000000
  -45.652  -24.206  -23.375  -23.321  -21.051  -13.557   -3.633   -2.914   -2.847   -1.708
   -0.263   -0.062    3.458    5.387    5.544    5.895    6.612    6.727    7.931    8.911
   11.197   13.760   14.116   14.696   15.157   17.097
            0.083333  0.048113  0.000000
  -45.651  -24.204  -23.382  -23.322  -21.049  -13.553   -3.627   -2.921   -2.847   -1.706
   -0.288   -0.067    3.458    5.382    5.554    5.905    6.614    6.735    7.951    8.939
   11.218   13.766   14.083   14.714   15.132   17.091
            0.087500  0.050518  0.000000
  -45.650  -24.202  -23.389  -23.323  -21.048  -13.549   -3.621   -2.928   -2.848   -1.705
   -0.314   -0.072    3.459    5.377    5.565    5.914    6.617    6.743    7.973    8.967
   11.241   13.770   14.050   14.732   15.108   17.085
            0.091667  0.052924  0.000000
  -45.650  -24.200  -23.396  -23.324  -21.046  -13.545   -3.614   -2.935   -2.848   -1.703
   -0.340   -0.077    3.459    5.372    5.576    5.923    6.621    6.752    7.995    8.997
   11.265   13.771   14.019   14.752   15.084   17.079
            0.095833  0.055329  0.000000
  -45.649  -24.198  -23.403  -23.326  -21.044  -13.540   -3.607   -2.942   -2.848   -1.702
   -0.368   -0.083    3.459    5.368    5.588    5.931    6.627    6.760    8.018    9.027
   11.290   13.769   13.991   14.772   15.061   17.072
            0.100000  0.057735  0.000000
  -45.649  -24.196  -23.411  -23.327  -21.042  -13.536   -3.600   -2.950   -2.848   -1.701
   -0.396   -0.088    3.459    5.363    5.601    5.939    6.634    6.769    8.041    9.058
   11.315   13.761   13.967   14.793   15.039   17.066
            0.104167  0.060141  0.000000
  -45.648  -24.194  -23.419  -23.328  -21.040  -13.531   -3.593   -2.958   -2.848   -1.700
   -0.425   -0.094    3.459    5.359    5.614    5.946    6.642    6.778    8.066    9.089
   11.342   13.748   13.948   14.815   15.019   17.058
            0.108333  0.062546  0.000000
  -45.647  -24.191  -23.427  -23.329  -21.038  -13.526   -3.586   -2.966   -2.848   -1.698
   -0.454   -0.100    3.459    5.356    5.627    5.953    6.652    6.788    8.091    9.121
   11.370   13.728   13.934   14.838   15.000   17.051
            0.112500  0.064952  0.000000
  -45.647  -24.189  -23.436  -23.331  -21.037  -13.521   -3.578   -2.974   -2.849   -1.697
   -0.484   -0.106    3.458    5.352    5.641    5.959    6.664    6.798    8.117    9.153
   11.398   13.703   13.924   14.862   14.982   17.043
            0.116667  0.067358  0.000000
  -45.646  -24.186  -23.444  -23.332  -21.035  -13.515   -3.570   -2.982   -2.849   -1.696
   -0.515   -0.112    3.457    5.349    5.656    5.964    6.677    6.808    8.144    9.185
   11.428   13.673   13.916   14.886   14.968   17.035
            0.120833  0.069763  0.000000
  -45.645  -24.184  -23.453  -23.334  -21.033  -13.510   -3.563   -2.991   -2.849   -1.696
   -0.547   -0.119    3.456    5.347    5.671    5.969    6.691    6.818    8.172    9.218
   11.458   13.640   13.911   14.912   14.955   17.027
            0.125000  0.072169  0.000000
  -45.644  -24.181  -23.462  -23.335  -21.031  -13.504   -3.555   -2.999   -2.850   -1.695
   -0.578   -0.126    3.455    5.345    5.687    5.973    6.707    6.828    8.200    9.251
   11.489   13.606   13.905   14.938   14.945   17.018
            0.129167  0.074574  0.000000
  -45.644  -24.179  -23.471  -23.337  -21.029  -13.498   -3.546   -3.008   -2.850   -1.695
   -0.610   -0.132    3.453    5.343    5.703    5.976    6.724    6.839    8.229    9.284
   11.520   13.571   13.899   14.938   14.965   17.009
            0.133333  0.076980  0.000000
  -45.643  -24.176  -23.481  -23.338  -21.027  -13.492   -3.538   -3.016   -2.850   -1.695
   -0.643   -0.139    3.451    5.342    5.720    5.979    6.743    6.850    8.259    9.318
   11.552   13.534   13.892   14.933   14.993   17.000
            0.137500  0.079386  0.000000
  -45.642  -24.173  -23.490  -23.340  -21.025  -13.486   -3.530   -3.025   -2.851   -1.695
   -0.676   -0.146    3.449    5.342    5.737    5.982    6.763    6.861    8.289    9.351
   11.585   13.498   13.883   14.932   15.022   16.991
            0.141667  0.081791  0.000000
  -45.641  -24.170  -23.500  -23.341  -21.023  -13.479   -3.522   -3.033   -2.851   -1.695
   -0.709   -0.153    3.447    5.342    5.755    5.984    6.784    6.872    8.319    9.385
   11.618   13.462   13.873   14.934   15.052   16.981
            0.145833  0.084197  0.000000
  -45.640  -24.167  -23.510  -23.343  -21.021  -13.473   -3.513   -3.042   -2.852   -1.695
   -0.742   -0.161    3.444    5.343    5.774    5.986    6.806    6.883    8.351    9.419
   11.651   13.427   13.861   14.939   15.082   16.971
            0.150000  0.086603  0.000000
  -45.639  -24.164  -23.520  -23.345  -21.019  -13.466   -3.505   -3.051   -2.852   -1.696
   -0.775   -0.168    3.440    5.345    5.793    5.988    6.829    6.895    8.383    9.453
   11.685   13.392   13.848   14.947   15.114   16.960
            0.154167  0.089008  0.000000
  -45.639  -24.162  -23.530  -23.347  -21.017  -13.459   -3.496   -3.060   -2.853   -1.697
   -0.809   -0.176    3.437    5.347    5.813    5.990    6.854    6.906    8.415    9.487
   11.718   13.358   13.833   14.958   15.146   16.950
            0.158333  0.091414  0.000000
  -45.638  -24.159  -23.540  -23.348  -21.015  -13.452   -3.488   -3.068   -2.853   -1.699
   -0.842   -0.183    3.433    5.350    5.833    5.992    6.879    6.918    8.448    9.521
   11.751   13.325   13.817   14.971   15.179   16.939
            0.162500  0.093819  0.000000
  -45.637  -24.156  -23.550  -23.350  -21.013  -13.445   -3.480   -3.077   -2.854   -1.701
   -0.876   -0.191    3.429    5.353    5.853    5.993    6.905    6.930    8.481    9.555
   11.784   13.293   13.799   14.988   15.212   16.927
            0.166667  0.096225  0.000000
  -45.636  -24.153  -23.561  -23.352  -21.011  -13.438   -3.472   -3.085   -2.854   -1.703
   -0.909   -0.199    3.424    5.358    5.875    5.995    6.932    6.942    8.515    9.589
   11.816   13.263   13.780   15.006   15.247   16.916
            0.170833  0.098631  0.000000
  -45.635  -24.149  -23.571  -23.354  -21.009  -13.431   -3.464   -3.093   -2.855   -1.706
   -0.942   -0.206    3.420    5.363    5.897    5.997    6.954    6.960    8.549    9.623
   11.847   13.235   13.761   15.027   15.282   16.904
            0.175000  0.101036  0.000000
  -45.634  -24.146  -23.582  -23.356  -21.008  -13.423   -3.456   -3.101   -2.856   -1.710
   -0.974   -0.214    3.414    5.369    5.919    5.999    6.966    6.988    8.583    9.657
   11.877   13.209   13.741   15.050   15.318   16.892
            0.179167  0.103442  0.000000
  -45.633  -24.143  -23.592  -23.358  -21.006  -13.416   -3.449   -3.109   -2.856   -1.714
   -1.006   -0.222    3.409    5.375    5.942    6.001    6.978    7.017    8.618    9.691
   11.906   13.185   13.720   15.075   15.355   16.879
            0.183333  0.105848  0.000000
  -45.632  -24.140  -23.603  -23.359  -21.004  -13.408   -3.441   -3.117   -2.857   -1.719
   -1.038   -0.230    3.403    5.382    5.965    6.003    6.991    7.047    8.653    9.725
   11.933   13.163   13.700   15.102   15.392   16.867
            0.187500  0.108253  0.000000
  -45.631  -24.137  -23.613  -23.361  -21.002  -13.400   -3.434   -3.124   -2.858   -1.725
   -1.069   -0.239    3.397    5.390    5.989    6.006    7.003    7.077    8.688    9.759
   11.957   13.145   13.679   15.130   15.430   16.854
            0.191667  0.110659  0.000000
  -45.630  -24.134  -23.624  -23.363  -21.001  -13.392   -3.428   -3.131   -2.859   -1.731
   -1.099   -0.247    3.391    5.399    6.009    6.013    7.015    7.108    8.724    9.793
   11.980   13.129   13.659   15.160   15.469   16.841
            0.195833  0.113064  0.000000
  -45.629  -24.131  -23.635  -23.365  -20.999  -13.384   -3.422   -3.137   -2.860   -1.739
   -1.128   -0.255    3.384    5.409    6.012    6.038    7.028    7.139    8.759    9.826
   11.999   13.117   13.640   15.191   15.508   16.827
            0.200000  0.115470  0.000000
  -45.628  -24.128  -23.645  -23.367  -20.997  -13.376   -3.416   -3.143   -2.860   -1.747
   -1.157   -0.263    3.377    5.419    6.016    6.064    7.040    7.171    8.795    9.860
   12.016   13.107   13.622   15.223   15.548   16.814
            0.204167  0.117876  0.000000
  -45.627  -24.125  -23.656  -23.369  -20.996  -13.368   -3.411   -3.149   -2.861   -1.757
   -1.184   -0.271    3.370    5.429    6.020    6.090    7.053    7.203    8.831    9.893
   12.029   13.101   13.606   15.256   15.589   16.800
            0.208333  0.120281  0.000000
  -45.626  -24.122  -23.666  -23.371  -20.994  -13.359   -3.407   -3.154   -2.862   -1.768
   -1.210   -0.279    3.363    5.441    6.025    6.116    7.065    7.236    8.867    9.926
   12.039   13.097   13.592   15.290   15.630   16.786
            0.212500  0.122687  0.000000
  -45.625  -24.119  -23.677  -23.373  -20.993  -13.351   -3.403   -3.158   -2.863   -1.780
   -1.234   -0.288    3.355    5.453    6.030    6.143    7.078    7.269    8.903    9.959
   12.046   13.095   13.580   15.325   15.671   16.772
            0.216667  0.125093  0.000000
  -45.624  -24.117  -23.687  -23.375  -20.991  -13.343   -3.400   -3.162   -2.864   -1.794
   -1.258   -0.296    3.348    5.466    6.036    6.170    7.090    7.302    8.939    9.992
   12.049   13.095   13.572   15.360   15.713   16.758
            0.220833  0.127498  0.000000
  -45.623  -24.114  -23.697  -23.377  -20.990  -13.334   -3.399   -3.164   -2.865   -1.809
   -1.279   -0.304    3.340    5.479    6.042    6.198    7.103    7.336    8.975   10.025
   12.050   13.096   13.568   15.396   15.755   16.744
            0.225000  0.129904  0.000000
  -45.622  -24.111  -23.708  -23.380  -20.989  -13.325   -3.397   -3.166   -2.867   -1.826
   -1.299   -0.313    3.332    5.493    6.049    6.226    7.116    7.370    9.010   10.057
   12.047   13.097   13.568   15.432   15.797   16.730
            0.229167  0.132309  0.000000
  -45.620  -24.109  -23.717  -23.382  -20.987  -13.317   -3.397   -3.167   -2.868   -1.844
   -1.318   -0.321    3.324    5.507    6.056    6.254    7.128    7.404    9.046   10.089
   12.042   13.097   13.574   15.469   15.839   16.716
            0.233333  0.134715  0.000000
  -45.619  -24.106  -23.727  -23.384  -20.986  -13.308   -3.398   -3.168   -2.869   -1.863
   -1.335   -0.329    3.315    5.522    6.064    6.283    7.141    7.439    9.082   10.121
   12.035   13.095   13.586   15.505   15.881   16.703
            0.237500  0.137121  0.000000
  -45.618  -24.104  -23.737  -23.386  -20.985  -13.299   -3.399   -3.167   -2.870   -1.884
   -1.350   -0.337    3.307    5.537    6.072    6.312    7.154    7.474    9.117   10.153
   12.026   13.092   13.603   15.541   15.923   16.691
            0.241667  0.139526  0.000000
  -45.617  -24.102  -23.746  -23.388  -20.984  -13.290   -3.402   -3.166   -2.871   -1.906
   -1.364   -0.345    3.299    5.553    6.081    6.342    7.166    7.509    9.152   10.184
   12.016   13.086   13.625   15.576   15.963   16.679
            0.245833  0.141932  0.000000
  -45.616  -24.100  -23.756  -23.390  -20.983  -13.281   -3.405   -3.164   -2.873   -1.929
   -1.376   -0.353    3.290    5.569    6.091    6.372    7.179    7.545    9.187   10.215
   12.004   13.078   13.653   15.611   16.003   16.669
            0.250000  0.144338  0.000000
  -45.615  -24.099  -23.764  -23.392  -20.982  -13.273   -3.409   -3.162   -2.874   -1.954
   -1.387   -0.362    3.282    5.585    6.101    6.402    7.192    7.581    9.221   10.245
   11.992   13.069   13.686   15.644   16.041   16.661
            0.254167  0.146743  0.000000
  -45.614  -24.097  -23.773  -23.394  -20.981  -13.264   -3.413   -3.159   -2.875   -1.979
   -1.397   -0.370    3.273    5.601    6.112    6.433    7.204    7.617    9.255   10.276
   11.979   13.058   13.723   15.676   16.076   16.604
            0.258333  0.149149  0.000000
  -45.613  -24.096  -23.781  -23.396  -20.980  -13.255   -3.418   -3.156   -2.877   -2.005
   -1.406   -0.378    3.265    5.618    6.124    6.463    7.217    7.654    9.289   10.306
   11.966   13.045   13.763   15.705   16.109   16.542
            0.262500  0.151554  0.000000
  -45.612  -24.095  -23.789  -23.398  -20.979  -13.246   -3.424   -3.152   -2.878   -2.032
   -1.414   -0.386    3.256    5.635    6.136    6.494    7.230    7.690    9.322   10.335
   11.953   13.032   13.806   15.731   16.137   16.482
            0.266667  0.153960  0.000000
  -45.611  -24.095  -23.797  -23.400  -20.979  -13.237   -3.429   -3.148   -2.879   -2.059
   -1.421   -0.393    3.248    5.652    6.149    6.525    7.243    7.728    9.355   10.364
   11.940   13.018   13.852   15.752   16.160   16.424
            0.270833  0.156366  0.000000
  -45.610  -24.094  -23.804  -23.402  -20.978  -13.228   -3.436   -3.144   -2.881   -2.087
   -1.427   -0.401    3.239    5.670    6.162    6.557    7.256    7.765    9.387   10.393
   11.928   13.004   13.899   15.766   16.178   16.371
            0.275000  0.158771  0.000000
  -45.609  -24.094  -23.811  -23.405  -20.977  -13.219   -3.442   -3.140   -2.882   -2.115
   -1.432   -0.409    3.231    5.687    6.176    6.588    7.269    7.803    9.418   10.421
   11.916   12.989   13.948   15.770   16.189   16.326
            0.279167  0.161177  0.000000
  -45.607  -24.095  -23.817  -23.407  -20.977  -13.210   -3.449   -3.136   -2.884   -2.143
   -1.437   -0.417    3.223    5.704    6.191    6.619    7.282    7.840    9.449   10.449
   11.905   12.974   13.999   15.762   16.195   16.291
            0.283333  0.163583  0.000000
  -45.606  -24.096  -23.823  -23.409  -20.976  -13.201   -3.456   -3.132   -2.885   -2.172
   -1.441   -0.424    3.215    5.722    6.206    6.651    7.295    7.879    9.480   10.476
   11.895   12.960   14.049   15.741   16.194   16.269
            0.287500  0.165988  0.000000
  -45.605  -24.097  -23.829  -23.411  -20.976  -13.192   -3.463   -3.127   -2.887   -2.200
   -1.445   -0.432    3.207    5.739    6.222    6.682    7.309    7.917    9.510   10.503
   11.885   12.946   14.101   15.705   16.188   16.258
            0.291667  0.168394  0.000000
  -45.604  -24.098  -23.834  -23.413  -20.975  -13.183   -3.470   -3.123   -2.888   -2.229
   -1.448   -0.439    3.199    5.757    6.239    6.713    7.323    7.956    9.539   10.530
   11.877   12.932   14.152   15.658   16.179   16.257
            0.295833  0.170799  0.000000
  -45.603  -24.100  -23.838  -23.415  -20.975  -13.174   -3.477   -3.119   -2.890   -2.257
   -1.451   -0.447    3.192    5.774    6.256    6.745    7.336    7.995    9.567   10.556
   11.870   12.918   14.203   15.602   16.165   16.263
            0.300000  0.173205  0.000000
  -45.602  -24.103  -23.842  -23.417  -20.975  -13.165   -3.485   -3.115   -2.891   -2.285
   -1.453   -0.454    3.184    5.791    6.273    6.775    7.351    8.034    9.595   10.581
   11.865   12.905   14.253   15.539   16.149   16.273
            0.304167  0.175611  0.000000
  -45.601  -24.106  -23.845  -23.419  -20.974  -13.156   -3.492   -3.111   -2.893   -2.313
   -1.455   -0.461    3.177    5.808    6.291    6.806    7.365    8.074    9.622   10.606
   11.860   12.893   14.303   15.472   16.130   16.285
            0.308333  0.178016  0.000000
  -45.600  -24.109  -23.848  -23.421  -20.974  -13.148   -3.500   -3.108   -2.895   -2.340
   -1.457   -0.468    3.170    5.825    6.310    6.836    7.380    8.113    9.648   10.631
   11.857   12.881   14.350   15.403   16.109   16.296
            0.312500  0.180422  0.000000
  -45.599  -24.112  -23.851  -23.423  -20.974  -13.139   -3.507   -3.104   -2.896   -2.368
   -1.459   -0.475    3.163    5.842    6.328    6.866    7.395    8.153    9.673   10.655
   11.855   12.870   14.395   15.332   16.087   16.304
            0.316667  0.182828  0.000000
  -45.598  -24.116  -23.853  -23.424  -20.974  -13.130   -3.515   -3.101   -2.898   -2.394
   -1.460   -0.482    3.156    5.859    6.347    6.895    7.411    8.194    9.698   10.679
   11.854   12.859   14.437   15.261   16.063   16.308
            0.320833  0.185233  0.000000
  -45.597  -24.120  -23.854  -23.426  -20.974  -13.122   -3.522   -3.098   -2.899   -2.421
   -1.462   -0.488    3.149    5.875    6.367    6.924    7.427    8.234    9.721   10.702
   11.854   12.849   14.475   15.191   16.038   16.306
            0.325000  0.187639  0.000000
  -45.596  -24.125  -23.855  -23.428  -20.974  -13.113   -3.530   -3.095   -2.901   -2.447
   -1.463   -0.495    3.143    5.892    6.386    6.952    7.444    8.275    9.744   10.725
   11.856   12.840   14.508   15.124   16.012   16.298
            0.329167  0.190044  0.000000
  -45.595  -24.130  -23.856  -23.430  -20.974  -13.105   -3.537   -3.092   -2.903   -2.472
   -1.464   -0.502    3.137    5.908    6.406    6.979    7.461    8.316    9.767   10.748
   11.859   12.831   14.533   15.062   15.985   16.282
            0.333333  0.192450  0.000000
  -45.594  -24.135  -23.857  -23.432  -20.974  -13.096   -3.545   -3.090   -2.904   -2.497
   -1.464   -0.508    3.131    5.924    6.426    7.005    7.479    8.358    9.788   10.770
   11.863   12.824   14.547   15.008   15.958   16.259
            0.337500  0.194856  0.000000
  -45.593  -24.140  -23.857  -23.434  -20.974  -13.088   -3.552   -3.088   -2.906   -2.521
   -1.465   -0.514    3.125    5.940    6.446    7.031    7.498    8.399    9.809   10.793
   11.867   12.817   14.547   14.965   15.929   16.230
            0.341667  0.197261  0.000000
  -45.592  -24.145  -23.857  -23.435  -20.974  -13.080   -3.559   -3.086   -2.907   -2.545
   -1.465   -0.520    3.119    5.955    6.466    7.055    7.518    8.441    9.829   10.815
   11.873   12.810   14.529   14.936   15.900   16.194
            0.345833  0.199667  0.000000
  -45.591  -24.151  -23.856  -23.437  -20.974  -13.072   -3.567   -3.085   -2.909   -2.568
   -1.466   -0.526    3.114    5.971    6.485    7.078    7.538    8.483    9.849   10.836
   11.880   12.805   14.495   14.921   15.871   16.155
            0.350000  0.202073  0.000000
  -45.590  -24.156  -23.855  -23.439  -20.974  -13.064   -3.574   -3.084   -2.911   -2.590
   -1.466   -0.532    3.109    5.986    6.505    7.100    7.559    8.526    9.868   10.858
   11.887   12.800   14.446   14.917   15.841   16.111
            0.354167  0.204478  0.000000
  -45.590  -24.162  -23.855  -23.440  -20.974  -13.057   -3.581   -3.083   -2.912   -2.612
   -1.466   -0.538    3.104    6.001    6.524    7.121    7.581    8.568    9.886   10.879
   11.895   12.797   14.388   14.919   15.811   16.064
            0.358333  0.206884  0.000000
  -45.589  -24.168  -23.854  -23.442  -20.974  -13.049   -3.588   -3.082   -2.914   -2.632
   -1.466   -0.543    3.099    6.016    6.544    7.141    7.604    8.611    9.904   10.900
   11.903   12.793   14.324   14.923   15.781   16.015
            0.362500  0.209289  0.000000
  -45.588  -24.174  -23.852  -23.444  -20.974  -13.041   -3.595   -3.082   -2.915   -2.652
   -1.466   -0.549    3.095    6.031    6.562    7.160    7.627    8.654    9.922   10.921
   11.912   12.791   14.256   14.928   15.750   15.964
            0.366667  0.211695  0.000000
  -45.587  -24.179  -23.851  -23.445  -20.975  -13.034   -3.602   -3.083   -2.917   -2.672
   -1.466   -0.554    3.090    6.046    6.581    7.177    7.651    8.697    9.939   10.942
   11.921   12.789   14.186   14.931   15.719   15.912
            0.370833  0.214101  0.000000
  -45.586  -24.185  -23.850  -23.447  -20.975  -13.027   -3.608   -3.083   -2.918   -2.690
   -1.466   -0.559    3.086    6.060    6.599    7.194    7.675    8.741    9.956   10.962
   11.930   12.788   14.116   14.933   15.689   15.858
            0.375000  0.216506  0.000000
  -45.585  -24.191  -23.848  -23.448  -20.975  -13.020   -3.615   -3.084   -2.920   -2.707
   -1.466   -0.564    3.082    6.074    6.617    7.209    7.700    8.784    9.972   10.982
   11.939   12.787   14.045   14.932   15.658   15.804
            0.379167  0.218912  0.000000
  -45.585  -24.196  -23.847  -23.450  -20.976  -13.013   -3.622   -3.086   -2.921   -2.724
   -1.466   -0.569    3.078    6.088    6.634    7.223    7.726    8.828    9.989   11.002
   11.949   12.787   13.974   14.928   15.627   15.749
            0.383333  0.221318  0.000000
  -45.584  -24.202  -23.845  -23.451  -20.976  -13.006   -3.628   -3.088   -2.923   -2.739
   -1.466   -0.574    3.075    6.102    6.650    7.237    7.751    8.872   10.005   11.022
   11.958   12.787   13.904   14.922   15.596   15.694
            0.387500  0.223723  0.000000
  -45.583  -24.207  -23.843  -23.452  -20.976  -13.000   -3.634   -3.090   -2.924   -2.754
   -1.466   -0.578    3.072    6.116    6.666    7.249    7.777    8.916   10.021   11.041
   11.967   12.787   13.836   14.913   15.566   15.639
            0.391667  0.226129  0.000000
  -45.582  -24.213  -23.842  -23.454  -20.976  -12.994   -3.640   -3.093   -2.925   -2.768
   -1.465   -0.583    3.068    6.129    6.681    7.261    7.803    8.959   10.036   11.061
   11.975   12.787   13.769   14.901   15.536   15.585
            0.395833  0.228534  0.000000
  -45.582  -24.218  -23.840  -23.455  -20.977  -12.987   -3.646   -3.096   -2.927   -2.781
   -1.465   -0.587    3.065    6.142    6.696    7.272    7.828    9.003   10.052   11.079
   11.983   12.786   13.704   14.887   15.506   15.531
            0.400000  0.230940  0.000000
  -45.581  -24.223  -23.838  -23.456  -20.977  -12.981   -3.652   -3.099   -2.928   -2.793
   -1.465   -0.591    3.063    6.155    6.710    7.282    7.854    9.047   10.068   11.098
   11.991   12.785   13.641   14.871   15.476   15.478
            0.404167  0.233346  0.000000
  -45.581  -24.228  -23.836  -23.457  -20.977  -12.976   -3.658   -3.103   -2.929   -2.804
   -1.465   -0.595    3.060    6.168    6.723    7.291    7.879    9.091   10.083   11.116
   11.998   12.783   13.582   14.852   15.426   15.447
            0.408333  0.235751  0.000000
  -45.580  -24.233  -23.835  -23.459  -20.978  -12.970   -3.664   -3.107   -2.930   -2.814
   -1.464   -0.599    3.058    6.180    6.735    7.300    7.905    9.135   10.098   11.134
   12.004   12.780   13.526   14.832   15.376   15.419
            0.412500  0.238157  0.000000
  -45.579  -24.237  -23.833  -23.460  -20.978  -12.965   -3.669   -3.111   -2.931   -2.824
   -1.464   -0.602    3.055    6.192    6.747    7.308    7.929    9.178   10.113   11.152
   12.009   12.775   13.474   14.810   15.327   15.391
            0.416667  0.240563  0.000000
  -45.579  -24.242  -23.831  -23.461  -20.978  -12.960   -3.674   -3.115   -2.933   -2.832
   -1.464   -0.606    3.053    6.203    6.758    7.316    7.953    9.222   10.128   11.169
   12.013   12.767   13.427   14.786   15.281   15.364
            0.420833  0.242968  0.000000
  -45.578  -24.246  -23.830  -23.462  -20.979  -12.955   -3.679   -3.120   -2.934   -2.840
   -1.463   -0.609    3.051    6.215    6.768    7.323    7.977    9.264   10.143   11.186
   12.016   12.756   13.386   14.760   15.236   15.338
            0.425000  0.245374  0.000000
  -45.578  -24.250  -23.828  -23.463  -20.979  -12.950   -3.684   -3.124   -2.935   -2.847
   -1.463   -0.612    3.049    6.226    6.778    7.329    8.000    9.307   10.157   11.203
   12.017   12.742   13.351   14.733   15.194   15.312
            0.429167  0.247779  0.000000
  -45.577  -24.254  -23.827  -23.464  -20.979  -12.946   -3.689   -3.129   -2.936   -2.854
   -1.463   -0.615    3.048    6.236    6.786    7.335    8.022    9.348   10.171   11.220
   12.016   12.725   13.323   14.705   15.155   15.288
            0.433333  0.250185  0.000000
  -45.577  -24.258  -23.825  -23.464  -20.980  -12.941   -3.693   -3.134   -2.937   -2.859
   -1.463   -0.618    3.046    6.246    6.795    7.341    8.043    9.389   10.185   11.237
   12.014   12.704   13.301   14.675   15.118   15.264
            0.437500  0.252591  0.000000
  -45.576  -24.262  -23.824  -23.465  -20.980  -12.937   -3.698   -3.139   -2.937   -2.865
   -1.462   -0.621    3.045    6.256    6.802    7.346    8.063    9.429   10.198   11.254
   12.010   12.681   13.285   14.644   15.085   15.242
            0.441667  0.254996  0.000000
  -45.576  -24.265  -23.823  -23.466  -20.980  -12.934   -3.702   -3.143   -2.938   -2.869
   -1.462   -0.623    3.043    6.266    6.809    7.351    8.083    9.468   10.210   11.271
   12.003   12.655   13.275   14.613   15.054   15.220
            0.445833  0.257402  0.000000
  -45.576  -24.268  -23.821  -23.467  -20.981  -12.930   -3.705   -3.148   -2.939   -2.873
   -1.462   -0.626    3.042    6.274    6.815    7.355    8.101    9.506   10.222   11.288
   11.994   12.629   13.270   14.580   15.027   15.200
            0.450000  0.259808  0.000000
  -45.575  -24.271  -23.820  -23.467  -20.981  -12.927   -3.709   -3.152   -2.940   -2.877
   -1.462   -0.628    3.041    6.283    6.820    7.359    8.118    9.543   10.233   11.306
   11.983   12.602   13.269   14.548   15.002   15.181
            0.454167  0.262213  0.000000
  -45.575  -24.274  -23.819  -23.468  -20.981  -12.924   -3.712   -3.156   -2.940   -2.880
   -1.461   -0.630    3.040    6.290    6.825    7.363    8.134    9.578   10.243   11.324
   11.968   12.576   13.272   14.515   14.980   15.163
            0.458333  0.264619  0.000000
  -45.575  -24.276  -23.818  -23.469  -20.981  -12.921   -3.715   -3.160   -2.941   -2.883
   -1.461   -0.632    3.039    6.298    6.829    7.366    8.149    9.611   10.252   11.342
   11.952   12.552   13.277   14.483   14.961   15.147
            0.462500  0.267024  0.000000
  -45.574  -24.278  -23.817  -23.469  -20.981  -12.919   -3.718   -3.164   -2.942   -2.886
   -1.461   -0.633    3.038    6.304    6.833    7.369    8.162    9.642   10.260   11.361
   11.932   12.530   13.284   14.453   14.944   15.132
            0.466667  0.269430  0.000000
  -45.574  -24.280  -23.816  -23.469  -20.982  -12.916   -3.720   -3.167   -2.942   -2.888
   -1.461   -0.635    3.037    6.310    6.837    7.371    8.175    9.671   10.267   11.380
   11.911   12.510   13.293   14.423   14.930   15.118
            0.470833  0.271836  0.000000
  -45.574  -24.282  -23.816  -23.470  -20.982  -12.914   -3.723   -3.170   -2.943   -2.890
   -1.461   -0.636    3.037    6.316    6.839    7.374    8.186    9.698   10.274   11.400
   11.887   12.493   13.302   14.396   14.917   15.106
            0.475000  0.274241  0.000000
  -45.574  -24.284  -23.815  -23.470  -20.982  -12.913   -3.725   -3.172   -2.943   -2.892
   -1.460   -0.637    3.036    6.320    6.842    7.376    8.195    9.722   10.279   11.420
   11.863   12.478   13.311   14.371   14.907   15.096
            0.479167  0.276647  0.000000
  -45.573  -24.285  -23.815  -23.471  -20.982  -12.911   -3.726   -3.174   -2.943   -2.893
   -1.460   -0.638    3.036    6.324    6.844    7.377    8.203    9.742   10.283   11.440
   11.839   12.466   13.320   14.348   14.898   15.087
            0.483333  0.279053  0.000000
  -45.573  -24.286  -23.814  -23.471  -20.982  -12.910   -3.728   -3.176   -2.944   -2.894
   -1.460   -0.639    3.035    6.328    6.845    7.379    8.210    9.759   10.287   11.459
   11.815   12.456   13.328   14.330   14.891   15.079
            0.487500  0.281458  0.000000
  -45.573  -24.287  -23.814  -23.471  -20.982  -12.909   -3.729   -3.178   -2.944   -2.895
   -1.460   -0.639    3.035    6.330    6.847    7.380    8.215    9.773   10.289   11.476
   11.794   12.449   13.335   14.314   14.886   15.074
            0.491667  0.283864  0.000000
  -45.573  -24.287  -23.813  -23.471  -20.982  -12.908   -3.729   -3.179   -2.944   -2.895
   -1.460   -0.640    3.035    6.332    6.847    7.380    8.219    9.783   10.291   11.490
   11.776   12.444   13.340   14.303   14.882   15.069
            0.495833  0.286270  0.000000
  -45.573  -24.288  -23.813  -23.471  -20.982  -12.908   -3.730   -3.179   -2.944   -2.896
   -1.460   -0.640    3.035    6.333    6.848    7.381    8.221    9.789   10.292   11.500
   11.764   12.441   13.343   14.296   14.880   15.067
            0.500000  0.288675  0.000000
  -45.573  -24.288  -23.813  -23.471  -20.982  -12.908   -3.730   -3.180   -2.944   -2.896
   -1.460   -0.640    3.035    6.333    6.848    7.381    8.222    9.791   10.292   11.503
   11.760   12.440   13.345   14.294   14.879   15.066
            0.498611  0.291081  0.000000
  -45.573  -24.288  -23.813  -23.471  -20.982  -12.908   -3.730   -3.180   -2.944   -2.895
   -1.460   -0.640    3.035    6.334    6.848    7.381    8.222    9.792   10.292   11.504
   11.760   12.440   13.345   14.294   14.879   15.066
            0.497222  0.293486  0.000000
  -45.573  -24.288  -23.813  -23.471  -20.982  -12.908   -3.730   -3.180   -2.945   -2.894
   -1.460   -0.641    3.035    6.334    6.848    7.381    8.220    9.794   10.293   11.504
   11.760   12.440   13.345   14.293   14.879   15.066
            0.495833  0.295892  0.000000
  -45.573  -24.288  -23.813  -23.472  -20.982  -12.908   -3.729   -3.180   -2.946   -2.893
   -1.460   -0.642    3.036    6.334    6.848    7.380    8.218    9.797   10.294   11.505
   11.761   12.441   13.344   14.292   14.879   15.067
            0.494444  0.298298  0.000000
  -45.573  -24.288  -23.813  -23.472  -20.982  -12.908   -3.729   -3.181   -2.948   -2.891
   -1.460   -0.644    3.037    6.335    6.847    7.380    8.215    9.801   10.296   11.506
   11.761   12.441   13.344   14.291   14.880   15.067
            0.493056  0.300703  0.000000
  -45.573  -24.287  -23.813  -23.472  -20.982  -12.907   -3.728   -3.181   -2.949   -2.888
   -1.460   -0.645    3.039    6.336    6.847    7.379    8.212    9.806   10.298   11.507
   11.761   12.442   13.344   14.289   14.880   15.068
            0.491667  0.303109  0.000000
  -45.573  -24.287  -23.813  -23.473  -20.982  -12.907   -3.728   -3.182   -2.951   -2.885
   -1.460   -0.648    3.040    6.337    6.846    7.378    8.207    9.812   10.300   11.508
   11.762   12.443   13.344   14.287   14.881   15.069
            0.490278  0.305515  0.000000
  -45.573  -24.287  -23.813  -23.473  -20.982  -12.907   -3.727   -3.183   -2.953   -2.882
   -1.461   -0.651    3.042    6.338    6.845    7.377    8.202    9.820   10.303   11.510
   11.763   12.443   13.344   14.285   14.881   15.070
            0.488889  0.307920  0.000000
  -45.573  -24.287  -23.813  -23.474  -20.982  -12.907   -3.726   -3.184   -2.956   -2.879
   -1.461   -0.654    3.044    6.339    6.845    7.376    8.196    9.828   10.307   11.512
   11.763   12.444   13.344   14.282   14.882   15.071
            0.487500  0.310326  0.000000
  -45.573  -24.286  -23.813  -23.475  -20.982  -12.907   -3.725   -3.186   -2.958   -2.875
   -1.461   -0.657    3.047    6.341    6.844    7.374    8.190    9.838   10.310   11.514
   11.764   12.446   13.343   14.279   14.882   15.073
            0.486111  0.312731  0.000000
  -45.573  -24.286  -23.813  -23.476  -20.982  -12.906   -3.724   -3.187   -2.960   -2.871
   -1.461   -0.661    3.050    6.342    6.843    7.372    8.182    9.849   10.315   11.517
   11.765   12.447   13.343   14.275   14.883   15.074
            0.484722  0.315137  0.000000
  -45.573  -24.286  -23.813  -23.477  -20.982  -12.906   -3.722   -3.189   -2.962   -2.867
   -1.462   -0.666    3.053    6.344    6.841    7.371    8.175    9.860   10.320   11.520
   11.766   12.448   13.343   14.271   14.884   15.076
            0.483333  0.317543  0.000000
  -45.573  -24.285  -23.812  -23.478  -20.981  -12.906   -3.721   -3.190   -2.964   -2.863
   -1.462   -0.670    3.056    6.346    6.840    7.369    8.166    9.873   10.325   11.523
   11.767   12.450   13.343   14.267   14.885   15.078
            0.481944  0.319948  0.000000
  -45.573  -24.285  -23.812  -23.479  -20.981  -12.905   -3.719   -3.192   -2.966   -2.859
   -1.462   -0.676    3.060    6.348    6.839    7.367    8.157    9.886   10.331   11.526
   11.768   12.451   13.342   14.263   14.886   15.080
            0.480556  0.322354  0.000000
  -45.573  -24.284  -23.812  -23.480  -20.981  -12.905   -3.718   -3.194   -2.968   -2.855
   -1.463   -0.681    3.064    6.351    6.837    7.365    8.148    9.900   10.337   11.530
   11.769   12.453   13.342   14.259   14.887   15.082
            0.479167  0.324760  0.000000
  -45.573  -24.284  -23.812  -23.481  -20.981  -12.904   -3.716   -3.196   -2.970   -2.850
   -1.463   -0.687    3.068    6.353    6.835    7.362    8.138    9.915   10.344   11.534
   11.771   12.455   13.341   14.254   14.889   15.084
            0.477778  0.327165  0.000000
  -45.573  -24.283  -23.812  -23.483  -20.981  -12.904   -3.714   -3.199   -2.972   -2.846
   -1.464   -0.694    3.073    6.356    6.833    7.360    8.127    9.930   10.351   11.538
   11.772   12.457   13.341   14.249   14.890   15.086
            0.476389  0.329571  0.000000
  -45.573  -24.283  -23.812  -23.484  -20.980  -12.903   -3.712   -3.201   -2.974   -2.841
   -1.464   -0.700    3.078    6.358    6.831    7.357    8.116    9.946   10.359   11.542
   11.774   12.459   13.340   14.244   14.891   15.088
            0.475000  0.331976  0.000000
  -45.573  -24.282  -23.811  -23.486  -20.980  -12.903   -3.710   -3.203   -2.976   -2.837
   -1.464   -0.707    3.083    6.361    6.829    7.355    8.105    9.963   10.367   11.547
   11.775   12.461   13.339   14.239   14.893   15.091
            0.473611  0.334382  0.000000
  -45.573  -24.281  -23.811  -23.487  -20.980  -12.902   -3.708   -3.206   -2.977   -2.832
   -1.465   -0.715    3.088    6.364    6.827    7.352    8.093    9.980   10.376   11.552
   11.777   12.463   13.339   14.234   14.894   15.093
            0.472222  0.336788  0.000000
  -45.572  -24.281  -23.811  -23.489  -20.980  -12.902   -3.705   -3.209   -2.979   -2.827
   -1.466   -0.723    3.094    6.367    6.825    7.349    8.081    9.998   10.386   11.557
   11.779   12.466   13.338   14.228   14.896   15.096
            0.470833  0.339193  0.000000
  -45.572  -24.280  -23.811  -23.491  -20.979  -12.901   -3.703   -3.212   -2.980   -2.823
   -1.466   -0.731    3.100    6.370    6.822    7.346    8.069   10.016   10.396   11.562
   11.781   12.468   13.337   14.223   14.898   15.098
            0.469444  0.341599  0.000000
  -45.572  -24.279  -23.811  -23.493  -20.979  -12.900   -3.700   -3.214   -2.982   -2.818
   -1.467   -0.740    3.106    6.374    6.819    7.343    8.057   10.034   10.407   11.568
   11.783   12.471   13.336   14.217   14.900   15.101
            0.468056  0.344005  0.000000
  -45.572  -24.278  -23.810  -23.494  -20.979  -12.900   -3.698   -3.217   -2.983   -2.813
   -1.467   -0.748    3.112    6.377    6.816    7.341    8.044   10.053   10.418   11.574
   11.785   12.473   13.335   14.212   14.901   15.104
            0.466667  0.346410  0.000000
  -45.572  -24.277  -23.810  -23.496  -20.979  -12.899   -3.695   -3.220   -2.984   -2.808
   -1.468   -0.758    3.119    6.381    6.813    7.338    8.031   10.072   10.430   11.580
   11.787   12.476   13.334   14.207   14.903   15.107
            0.465278  0.348816  0.000000
  -45.572  -24.277  -23.810  -23.499  -20.978  -12.898   -3.692   -3.224   -2.985   -2.803
   -1.469   -0.767    3.126    6.384    6.810    7.335    8.018   10.090   10.443   11.587
   11.789   12.479   13.333   14.201   14.905   15.110
            0.463889  0.351221  0.000000
  -45.572  -24.276  -23.810  -23.501  -20.978  -12.898   -3.689   -3.227   -2.987   -2.798
   -1.469   -0.777    3.133    6.388    6.807    7.331    8.005   10.109   10.457   11.593
   11.791   12.482   13.332   14.196   14.907   15.113
            0.462500  0.353627  0.000000
  -45.572  -24.275  -23.809  -23.503  -20.978  -12.897   -3.686   -3.230   -2.987   -2.793
   -1.470   -0.787    3.141    6.392    6.803    7.328    7.992   10.128   10.471   11.600
   11.794   12.485   13.330   14.191   14.909   15.116
            0.461111  0.356033  0.000000
  -45.572  -24.274  -23.809  -23.505  -20.977  -12.896   -3.683   -3.233   -2.988   -2.788
   -1.471   -0.798    3.148    6.396    6.799    7.325    7.979   10.147   10.486   11.608
   11.796   12.488   13.329   14.186   14.911   15.119
            0.459722  0.358438  0.000000
  -45.572  -24.273  -23.809  -23.508  -20.977  -12.895   -3.680   -3.237   -2.989   -2.783
   -1.472   -0.808    3.156    6.400    6.795    7.322    7.965   10.166   10.503   11.615
   11.799   12.491   13.328   14.181   14.914   15.122
            0.458333  0.360844  0.000000
  -45.572  -24.272  -23.808  -23.510  -20.977  -12.894   -3.676   -3.240   -2.990   -2.778
   -1.473   -0.820    3.164    6.404    6.791    7.319    7.952   10.185   10.520   11.623
   11.802   12.494   13.326   14.177   14.916   15.125
            0.456944  0.363250  0.000000
  -45.572  -24.271  -23.808  -23.513  -20.976  -12.893   -3.673   -3.243   -2.991   -2.773
   -1.474   -0.831    3.173    6.408    6.787    7.317    7.939   10.203   10.537   11.631
   11.804   12.497   13.325   14.172   14.918   15.129
            0.455556  0.365655  0.000000
  -45.572  -24.270  -23.808  -23.515  -20.976  -12.893   -3.670   -3.247   -2.991   -2.768
   -1.475   -0.842    3.181    6.412    6.782    7.314    7.925   10.221   10.556   11.639
   11.807   12.500   13.323   14.168   14.920   15.132
            0.454167  0.368061  0.000000
  -45.571  -24.269  -23.807  -23.518  -20.976  -12.892   -3.666   -3.250   -2.992   -2.763
   -1.476   -0.854    3.190    6.416    6.777    7.311    7.912   10.239   10.576   11.647
   11.810   12.503   13.322   14.164   14.922   15.135
            0.452778  0.370466  0.000000
  -45.571  -24.267  -23.807  -23.521  -20.975  -12.891   -3.663   -3.254   -2.992   -2.758
   -1.477   -0.866    3.199    6.420    6.772    7.308    7.898   10.256   10.596   11.656
   11.813   12.506   13.320   14.160   14.924   15.139
            0.451389  0.372872  0.000000
  -45.571  -24.266  -23.807  -23.523  -20.975  -12.890   -3.659   -3.257   -2.993   -2.753
   -1.478   -0.879    3.208    6.424    6.767    7.306    7.885   10.273   10.618   11.665
   11.816   12.509   13.318   14.157   14.927   15.143
            0.450000  0.375278  0.000000
  -45.571  -24.265  -23.806  -23.526  -20.974  -12.889   -3.655   -3.261   -2.993   -2.748
   -1.479   -0.891    3.217    6.428    6.761    7.303    7.871   10.290   10.640   11.674
   11.820   12.513   13.317   14.154   14.929   15.146
            0.448611  0.377683  0.000000
  -45.571  -24.264  -23.806  -23.529  -20.974  -12.888   -3.652   -3.264   -2.993   -2.743
   -1.480   -0.904    3.227    6.432    6.756    7.301    7.858   10.306   10.663   11.683
   11.823   12.516   13.315   14.151   14.931   15.150
            0.447222  0.380089  0.000000
  -45.571  -24.262  -23.806  -23.532  -20.974  -12.887   -3.648   -3.268   -2.994   -2.738
   -1.481   -0.917    3.237    6.436    6.750    7.298    7.845   10.322   10.687   11.692
   11.827   12.519   13.314   14.148   14.933   15.154
            0.445833  0.382495  0.000000
  -45.571  -24.261  -23.805  -23.535  -20.973  -12.886   -3.644   -3.271   -2.994   -2.733
   -1.482   -0.930    3.247    6.440    6.744    7.296    7.832   10.338   10.712   11.702
   11.830   12.522   13.313   14.146   14.935   15.158
            0.444444  0.384900  0.000000
  -45.571  -24.260  -23.805  -23.538  -20.973  -12.885   -3.640   -3.275   -2.994   -2.728
   -1.483   -0.943    3.257    6.444    6.738    7.294    7.819   10.353   10.737   11.712
   11.834   12.525   13.311   14.144   14.937   15.162
            0.443056  0.387306  0.000000
  -45.571  -24.259  -23.804  -23.541  -20.972  -12.883   -3.637   -3.278   -2.994   -2.723
   -1.485   -0.957    3.267    6.448    6.731    7.293    7.806   10.368   10.763   11.722
   11.837   12.528   13.310   14.142   14.939   15.166
            0.441667  0.389711  0.000000
  -45.571  -24.257  -23.804  -23.545  -20.972  -12.882   -3.633   -3.281   -2.994   -2.717
   -1.486   -0.971    3.278    6.452    6.725    7.291    7.793   10.382   10.790   11.732
   11.841   12.531   13.309   14.141   14.941   15.170
            0.440278  0.392117  0.000000
  -45.570  -24.256  -23.803  -23.548  -20.972  -12.881   -3.629   -3.284   -2.994   -2.712
   -1.488   -0.984    3.288    6.456    6.718    7.290    7.780   10.397   10.817   11.742
   11.845   12.534   13.308   14.140   14.943   15.174
            0.438889  0.394523  0.000000
  -45.570  -24.254  -23.803  -23.551  -20.971  -12.880   -3.625   -3.288   -2.994   -2.707
   -1.489   -0.998    3.299    6.460    6.711    7.288    7.767   10.411   10.845   11.752
   11.850   12.537   13.308   14.139   14.944   15.179
            0.437500  0.396928  0.000000
  -45.570  -24.253  -23.803  -23.554  -20.971  -12.879   -3.621   -3.291   -2.994   -2.702
   -1.491   -1.013    3.310    6.464    6.704    7.287    7.755   10.424   10.874   11.762
   11.854   12.541   13.307   14.139   14.946   15.184
            0.436111  0.399334  0.000000
  -45.570  -24.251  -23.802  -23.558  -20.970  -12.878   -3.617   -3.294   -2.994   -2.697
   -1.492   -1.027    3.321    6.467    6.696    7.286    7.742   10.438   10.902   11.773
   11.858   12.544   13.307   14.139   14.948   15.188
            0.434722  0.401740  0.000000
  -45.570  -24.250  -23.802  -23.561  -20.970  -12.877   -3.614   -3.296   -2.994   -2.692
   -1.494   -1.041    3.333    6.471    6.689    7.286    7.730   10.451   10.932   11.783
   11.863   12.546   13.307   14.139   14.949   15.193
            0.433333  0.404145  0.000000
  -45.570  -24.248  -23.801  -23.565  -20.969  -12.875   -3.610   -3.299   -2.994   -2.687
   -1.496   -1.056    3.344    6.474    6.681    7.285    7.718   10.464   10.962   11.793
   11.868   12.549   13.307   14.139   14.950   15.198
            0.431944  0.406551  0.000000
  -45.570  -24.247  -23.801  -23.568  -20.969  -12.874   -3.606   -3.302   -2.993   -2.682
   -1.497   -1.070    3.356    6.477    6.673    7.285    7.706   10.477   10.992   11.804
   11.873   12.552   13.308   14.140   14.951   15.203
            0.430556  0.408956  0.000000
  -45.570  -24.245  -23.800  -23.572  -20.969  -12.873   -3.603   -3.304   -2.993   -2.676
   -1.499   -1.085    3.367    6.481    6.665    7.285    7.694   10.489   11.022   11.814
   11.878   12.555   13.309   14.141   14.952   15.209
            0.429167  0.411362  0.000000
  -45.569  -24.244  -23.800  -23.575  -20.968  -12.872   -3.599   -3.307   -2.993   -2.671
   -1.501   -1.099    3.379    6.484    6.657    7.285    7.682   10.502   11.053   11.824
   11.884   12.559   13.310   14.142   14.953   15.214
            0.427778  0.413768  0.000000
  -45.569  -24.242  -23.799  -23.579  -20.968  -12.870   -3.596   -3.309   -2.993   -2.666
   -1.503   -1.114    3.391    6.487    6.649    7.285    7.671   10.514   11.084   11.833
   11.890   12.562   13.311   14.144   14.953   15.220
            0.426389  0.416173  0.000000
  -45.569  -24.241  -23.799  -23.583  -20.967  -12.869   -3.592   -3.311   -2.992   -2.661
   -1.506   -1.128    3.403    6.489    6.641    7.285    7.659   10.526   11.116   11.842
   11.897   12.565   13.313   14.145   14.953   15.226
            0.425000  0.418579  0.000000
  -45.569  -24.239  -23.799  -23.586  -20.967  -12.868   -3.589   -3.313   -2.992   -2.656
   -1.508   -1.143    3.415    6.492    6.632    7.286    7.648   10.537   11.147   11.851
   11.904   12.568   13.316   14.147   14.953   15.232
            0.423611  0.420985  0.000000
  -45.569  -24.237  -23.798  -23.590  -20.966  -12.867   -3.586   -3.315   -2.991   -2.651
   -1.510   -1.158    3.427    6.494    6.624    7.286    7.637   10.549   11.179   11.859
   11.911   12.572   13.318   14.149   14.953   15.238
            0.422222  0.423390  0.000000
  -45.569  -24.236  -23.798  -23.594  -20.966  -12.865   -3.583   -3.316   -2.991   -2.646
   -1.513   -1.172    3.440    6.497    6.616    7.287    7.626   10.560   11.211   11.867
   11.920   12.575   13.322   14.152   14.953   15.244
            0.420833  0.425796  0.000000
  -45.569  -24.234  -23.797  -23.597  -20.966  -12.864   -3.580   -3.317   -2.990   -2.641
   -1.516   -1.187    3.452    6.499    6.607    7.288    7.616   10.571   11.243   11.874
   11.928   12.579   13.325   14.154   14.952   15.251
            0.419444  0.428201  0.000000
  -45.569  -24.232  -23.797  -23.601  -20.965  -12.863   -3.578   -3.318   -2.990   -2.636
   -1.519   -1.201    3.465    6.500    6.599    7.289    7.606   10.582   11.275   11.880
   11.938   12.583   13.329   14.157   14.951   15.257
            0.418056  0.430607  0.000000
  -45.568  -24.230  -23.796  -23.605  -20.965  -12.861   -3.575   -3.319   -2.989   -2.631
   -1.522   -1.215    3.477    6.502    6.591    7.290    7.595   10.593   11.308   11.886
   11.947   12.588   13.333   14.160   14.950   15.264
            0.416667  0.433013  0.000000
  -45.568  -24.229  -23.796  -23.609  -20.964  -12.860   -3.573   -3.320   -2.989   -2.626
   -1.525   -1.230    3.490    6.503    6.583    7.291    7.586   10.603   11.340   11.892
   11.957   12.593   13.338   14.162   14.949   15.271
            0.415278  0.435418  0.000000
  -45.568  -24.227  -23.795  -23.612  -20.964  -12.859   -3.571   -3.320   -2.988   -2.620
   -1.529   -1.243    3.502    6.503    6.576    7.292    7.576   10.613   11.373   11.897
   11.967   12.598   13.343   14.165   14.947   15.278
            0.413889  0.437824  0.000000
  -45.568  -24.225  -23.795  -23.616  -20.963  -12.857   -3.569   -3.320   -2.988   -2.615
   -1.532   -1.257    3.515    6.503    6.568    7.293    7.567   10.623   11.405   11.902
   11.978   12.603   13.349   14.168   14.945   15.286
            0.412500  0.440230  0.000000
  -45.568  -24.223  -23.794  -23.620  -20.963  -12.856   -3.568   -3.320   -2.987   -2.610
   -1.536   -1.271    3.528    6.502    6.562    7.295    7.558   10.633   11.438   11.907
   11.988   12.609   13.355   14.171   14.942   15.293
            0.411111  0.442635  0.000000
  -45.568  -24.222  -23.794  -23.624  -20.963  -12.855   -3.566   -3.319   -2.986   -2.605
   -1.541   -1.284    3.541    6.501    6.556    7.296    7.549   10.643   11.470   11.911
   11.998   12.616   13.361   14.174   14.940   15.301
            0.409722  0.445041  0.000000
  -45.568  -24.220  -23.793  -23.628  -20.962  -12.853   -3.565   -3.318   -2.986   -2.600
   -1.545   -1.297    3.554    6.498    6.551    7.296    7.541   10.652   11.503   11.915
   12.009   12.623   13.368   14.177   14.936   15.309
            0.408333  0.447446  0.000000
  -45.567  -24.218  -23.793  -23.632  -20.962  -12.852   -3.564   -3.317   -2.985   -2.595
   -1.550   -1.309    3.566    6.494    6.548    7.297    7.533   10.661   11.535   11.919
   12.019   12.631   13.375   14.180   14.933   15.317
            0.406944  0.449852  0.000000
  -45.567  -24.216  -23.792  -23.635  -20.961  -12.851   -3.563   -3.316   -2.984   -2.590
   -1.556   -1.321    3.579    6.489    6.545    7.298    7.525   10.670   11.567   11.923
   12.029   12.639   13.383   14.183   14.929   15.325
            0.405556  0.452258  0.000000
  -45.567  -24.215  -23.792  -23.639  -20.961  -12.849   -3.563   -3.315   -2.983   -2.585
   -1.562   -1.333    3.592    6.484    6.543    7.298    7.519   10.679   11.600   11.927
   12.040   12.648   13.391   14.185   14.924   15.333
            0.404167  0.454663  0.000000
  -45.567  -24.213  -23.791  -23.643  -20.961  -12.848   -3.562   -3.313   -2.983   -2.580
   -1.568   -1.344    3.605    6.477    6.542    7.298    7.512   10.687   11.632   11.930
   12.050   12.658   13.399   14.188   14.919   15.341
            0.402778  0.457069  0.000000
  -45.567  -24.211  -23.791  -23.647  -20.960  -12.847   -3.562   -3.311   -2.982   -2.575
   -1.575   -1.355    3.618    6.470    6.541    7.298    7.507   10.695   11.664   11.933
   12.060   12.668   13.407   14.190   14.914   15.349
            0.401389  0.459475  0.000000
  -45.567  -24.209  -23.790  -23.651  -20.960  -12.845   -3.562   -3.309   -2.981   -2.570
   -1.582   -1.365    3.630    6.463    6.540    7.297    7.501   10.703   11.696   11.936
   12.070   12.679   13.416   14.192   14.908   15.358
            0.400000  0.461880  0.000000
  -45.567  -24.207  -23.790  -23.654  -20.960  -12.844   -3.563   -3.306   -2.980   -2.565
   -1.590   -1.375    3.643    6.455    6.540    7.296    7.497   10.711   11.727   11.939
   12.080   12.691   13.424   14.194   14.902   15.366
            0.398611  0.464286  0.000000
  -45.567  -24.206  -23.789  -23.658  -20.959  -12.843   -3.563   -3.303   -2.979   -2.560
   -1.598   -1.384    3.656    6.448    6.540    7.294    7.493   10.718   11.758   11.942
   12.090   12.704   13.434   14.196   14.895   15.374
            0.397222  0.466691  0.000000
  -45.566  -24.204  -23.789  -23.662  -20.959  -12.842   -3.564   -3.301   -2.978   -2.555
   -1.607   -1.392    3.669    6.440    6.540    7.292    7.490   10.725   11.789   11.945
   12.100   12.717   13.443   14.197   14.887   15.382
            0.395833  0.469097  0.000000
  -45.566  -24.202  -23.788  -23.666  -20.959  -12.840   -3.564   -3.298   -2.978   -2.550
   -1.617   -1.400    3.681    6.432    6.539    7.289    7.488   10.732   11.819   11.948
   12.110   12.732   13.452   14.198   14.879   15.390
            0.394444  0.471503  0.000000
  -45.566  -24.200  -23.788  -23.669  -20.958  -12.839   -3.565   -3.295   -2.977   -2.545
   -1.626   -1.407    3.694    6.425    6.539    7.285    7.486   10.739   11.848   11.951
   12.120   12.746   13.462   14.198   14.871   15.398
            0.393056  0.473908  0.000000
  -45.566  -24.199  -23.787  -23.673  -20.958  -12.838   -3.566   -3.291   -2.976   -2.541
   -1.637   -1.414    3.706    6.417    6.539    7.281    7.485   10.745   11.875   11.957
   12.130   12.762   13.471   14.198   14.861   15.405
            0.391667  0.476314  0.000000
  -45.566  -24.197  -23.787  -23.677  -20.958  -12.836   -3.567   -3.288   -2.975   -2.536
   -1.647   -1.420    3.719    6.410    6.539    7.277    7.485   10.751   11.897   11.966
   12.140   12.778   13.480   14.197   14.852   15.412
            0.390278  0.478720  0.000000
  -45.566  -24.195  -23.786  -23.680  -20.957  -12.835   -3.569   -3.284   -2.974   -2.531
   -1.658   -1.426    3.731    6.403    6.539    7.272    7.485   10.756   11.914   11.980
   12.151   12.795   13.490   14.195   14.842   15.419
            0.388889  0.481125  0.000000
  -45.566  -24.193  -23.786  -23.684  -20.957  -12.834   -3.570   -3.281   -2.973   -2.526
   -1.670   -1.431    3.743    6.395    6.539    7.267    7.486   10.762   11.923   12.001
   12.161   12.813   13.499   14.193   14.831   15.425
            0.387500  0.483531  0.000000
  -45.565  -24.192  -23.785  -23.687  -20.957  -12.833   -3.571   -3.277   -2.972   -2.521
   -1.681   -1.436    3.755    6.388    6.539    7.261    7.487   10.767   11.929   12.027
   12.172   12.831   13.509   14.190   14.821   15.431
            0.386111  0.485936  0.000000
  -45.565  -24.190  -23.785  -23.691  -20.956  -12.831   -3.573   -3.274   -2.971   -2.516
   -1.693   -1.440    3.767    6.382    6.539    7.255    7.489   10.772   11.931   12.054
   12.183   12.850   13.518   14.186   14.810   15.436
            0.384722  0.488342  0.000000
  -45.565  -24.188  -23.785  -23.694  -20.956  -12.830   -3.574   -3.270   -2.970   -2.511
   -1.705   -1.444    3.778    6.375    6.539    7.249    7.491   10.776   11.932   12.082
   12.194   12.869   13.527   14.181   14.799   15.440
            0.383333  0.490748  0.000000
  -45.565  -24.187  -23.784  -23.698  -20.956  -12.829   -3.576   -3.266   -2.969   -2.506
   -1.717   -1.448    3.790    6.369    6.539    7.242    7.494   10.780   11.933   12.110
   12.205   12.889   13.535   14.175   14.788   15.443
            0.381944  0.493153  0.000000
  -45.565  -24.185  -23.784  -23.701  -20.955  -12.828   -3.578   -3.262   -2.968   -2.501
   -1.730   -1.452    3.801    6.363    6.539    7.235    7.496   10.784   11.933   12.139
   12.216   12.909   13.543   14.168   14.777   15.447
            0.380556  0.495559  0.000000
  -45.565  -24.183  -23.783  -23.704  -20.955  -12.827   -3.579   -3.259   -2.966   -2.496
   -1.742   -1.455    3.812    6.357    6.538    7.228    7.499   10.788   11.932   12.167
   12.228   12.929   13.551   14.160   14.767   15.449
            0.379167  0.497965  0.000000
  -45.565  -24.182  -23.783  -23.708  -20.955  -12.826   -3.581   -3.255   -2.965   -2.491
   -1.755   -1.458    3.823    6.351    6.538    7.221    7.503   10.791   11.932   12.196
   12.240   12.950   13.558   14.150   14.757   15.452
            0.377778  0.500370  0.000000
  -45.565  -24.180  -23.782  -23.711  -20.955  -12.824   -3.583   -3.251   -2.964   -2.486
   -1.767   -1.461    3.834    6.345    6.538    7.214    7.506   10.794   11.931   12.223
   12.252   12.971   13.565   14.139   14.747   15.454
            0.376389  0.502776  0.000000
  -45.565  -24.179  -23.782  -23.714  -20.954  -12.823   -3.584   -3.247   -2.963   -2.482
   -1.779   -1.464    3.845    6.340    6.538    7.206    7.510   10.797   11.930   12.250
   12.266   12.993   13.571   14.127   14.739   15.457
            0.375000  0.505181  0.000000
  -45.564  -24.177  -23.782  -23.717  -20.954  -12.822   -3.586   -3.244   -2.962   -2.477
   -1.792   -1.466    3.855    6.335    6.537    7.199    7.513   10.800   11.929   12.271
   12.285   13.014   13.576   14.114   14.731   15.460
            0.373611  0.507587  0.000000
  -45.564  -24.176  -23.781  -23.720  -20.954  -12.821   -3.588   -3.240   -2.961   -2.472
   -1.804   -1.469    3.865    6.330    6.537    7.191    7.517   10.802   11.928   12.286
   12.310   13.036   13.581   14.099   14.725   15.464
            0.372222  0.509993  0.000000
  -45.564  -24.174  -23.781  -23.723  -20.954  -12.820   -3.590   -3.237   -2.960   -2.467
   -1.816   -1.471    3.875    6.326    6.537    7.184    7.521   10.804   11.926   12.300
   12.337   13.058   13.585   14.083   14.720   15.468
            0.370833  0.512398  0.000000
  -45.564  -24.173  -23.781  -23.726  -20.954  -12.819   -3.591   -3.233   -2.959   -2.462
   -1.828   -1.473    3.885    6.322    6.537    7.176    7.524   10.806   11.925   12.314
   12.364   13.080   13.587   14.066   14.715   15.472
            0.369444  0.514804  0.000000
  -45.564  -24.171  -23.780  -23.728  -20.953  -12.818   -3.593   -3.230   -2.958   -2.457
   -1.840   -1.475    3.894    6.318    6.536    7.169    7.528   10.808   11.924   12.327
   12.391   13.102   13.589   14.048   14.712   15.478
            0.368056  0.517210  0.000000
  -45.564  -24.170  -23.780  -23.731  -20.953  -12.817   -3.595   -3.226   -2.956   -2.453
   -1.852   -1.476    3.903    6.314    6.536    7.162    7.532   10.809   11.922   12.341
   12.418   13.123   13.589   14.030   14.711   15.484
            0.366667  0.519615  0.000000
  -45.564  -24.169  -23.779  -23.734  -20.953  -12.816   -3.596   -3.223   -2.955   -2.448
   -1.863   -1.478    3.912    6.311    6.536    7.154    7.536   10.811   11.921   12.355
   12.444   13.145   13.588   14.011   14.710   15.490
            0.365278  0.522021  0.000000
  -45.564  -24.168  -23.779  -23.736  -20.953  -12.815   -3.598   -3.220   -2.954   -2.443
   -1.875   -1.480    3.920    6.308    6.536    7.147    7.540   10.812   11.920   12.369
   12.470   13.166   13.585   13.991   14.711   15.498
            0.363889  0.524426  0.000000
  -45.564  -24.166  -23.779  -23.739  -20.953  -12.815   -3.599   -3.217   -2.953   -2.439
   -1.886   -1.481    3.928    6.305    6.535    7.140    7.543   10.813   11.918   12.383
   12.496   13.187   13.581   13.972   14.713   15.506
            0.362500  0.526832  0.000000
  -45.564  -24.165  -23.779  -23.741  -20.953  -12.814   -3.601   -3.214   -2.952   -2.434
   -1.897   -1.483    3.936    6.302    6.535    7.133    7.547   10.813   11.917   12.398
   12.522   13.208   13.575   13.953   14.716   15.515
            0.361111  0.529238  0.000000
  -45.563  -24.164  -23.778  -23.743  -20.952  -12.813   -3.602   -3.211   -2.951   -2.430
   -1.907   -1.484    3.944    6.300    6.535    7.126    7.550   10.814   11.916   12.413
   12.547   13.227   13.568   13.933   14.720   15.525
            0.359722  0.531643  0.000000
  -45.563  -24.163  -23.778  -23.745  -20.952  -12.812   -3.604   -3.209   -2.950   -2.425
   -1.917   -1.485    3.951    6.298    6.535    7.120    7.554   10.814   11.915   12.428
   12.572   13.246   13.559   13.915   14.725   15.535
            0.358333  0.534049  0.000000
  -45.563  -24.162  -23.778  -23.747  -20.952  -12.811   -3.605   -3.206   -2.949   -2.421
   -1.927   -1.486    3.958    6.296    6.535    7.113    7.557   10.815   11.914   12.443
   12.597   13.263   13.549   13.897   14.731   15.546
            0.356944  0.536455  0.000000
  -45.563  -24.161  -23.777  -23.749  -20.952  -12.811   -3.606   -3.204   -2.948   -2.417
   -1.937   -1.487    3.964    6.295    6.535    7.107    7.560   10.815   11.913   12.458
   12.621   13.279   13.538   13.880   14.738   15.557
            0.355556  0.538860  0.000000
  -45.563  -24.160  -23.777  -23.751  -20.952  -12.810   -3.608   -3.202   -2.947   -2.412
   -1.946   -1.488    3.970    6.293    6.534    7.101    7.563   10.815   11.912   12.474
   12.645   13.293   13.527   13.865   14.746   15.568
            0.354167  0.541266  0.000000
  -45.563  -24.159  -23.777  -23.753  -20.952  -12.809   -3.609   -3.200   -2.946   -2.408
   -1.955   -1.489    3.976    6.292    6.534    7.095    7.566   10.815   11.911   12.490
   12.669   13.303   13.517   13.850   14.754   15.580
            0.352778  0.543672  0.000000
  -45.563  -24.159  -23.777  -23.755  -20.952  -12.809   -3.610   -3.198   -2.945   -2.405
   -1.963   -1.490    3.982    6.291    6.534    7.089    7.568   10.815   11.910   12.506
   12.692   13.309   13.508   13.836   14.763   15.589
            0.351389  0.546077  0.000000
  -45.563  -24.158  -23.777  -23.756  -20.952  -12.808   -3.611   -3.196   -2.945   -2.401
   -1.971   -1.491    3.987    6.291    6.534    7.084    7.571   10.815   11.909   12.522
   12.715   13.309   13.502   13.822   14.772   15.590
            0.350000  0.548483  0.000000
  -45.563  -24.157  -23.776  -23.757  -20.951  -12.808   -3.612   -3.194   -2.944   -2.397
   -1.979   -1.492    3.991    6.290    6.534    7.079    7.573   10.814   11.909   12.538
   12.737   13.304   13.501   13.810   14.782   15.580
            0.348611  0.550888  0.000000
  -45.563  -24.156  -23.776  -23.759  -20.951  -12.807   -3.613   -3.192   -2.943   -2.394
   -1.986   -1.492    3.996    6.290    6.534    7.074    7.576   10.814   11.908   12.554
   12.759   13.292   13.504   13.798   14.792   15.564
            0.347222  0.553294  0.000000
  -45.563  -24.156  -23.776  -23.760  -20.951  -12.807   -3.614   -3.191   -2.942   -2.391
   -1.992   -1.493    4.000    6.289    6.534    7.070    7.578   10.814   11.908   12.571
   12.780   13.275   13.510   13.787   14.802   15.547
            0.345833  0.555700  0.000000
  -45.563  -24.155  -23.776  -23.761  -20.951  -12.806   -3.614   -3.190   -2.942   -2.388
   -1.998   -1.494    4.003    6.289    6.534    7.066    7.579   10.813   11.907   12.587
   12.800   13.255   13.518   13.777   14.812   15.531
            0.344444  0.558105  0.000000
  -45.563  -24.155  -23.776  -23.762  -20.951  -12.806   -3.615   -3.189   -2.941   -2.385
   -2.003   -1.494    4.006    6.289    6.534    7.062    7.581   10.813   11.907   12.603
   12.820   13.232   13.528   13.767   14.821   15.515
            0.343056  0.560511  0.000000
  -45.563  -24.155  -23.776  -23.763  -20.951  -12.806   -3.616   -3.188   -2.941   -2.383
   -2.008   -1.494    4.009    6.289    6.534    7.059    7.582   10.813   11.906   12.619
   12.838   13.208   13.539   13.757   14.830   15.500
            0.341667  0.562917  0.000000
  -45.563  -24.154  -23.776  -23.763  -20.951  -12.805   -3.616   -3.187   -2.940   -2.381
   -2.012   -1.495    4.012    6.289    6.534    7.056    7.584   10.813   11.906   12.635
   12.855   13.183   13.549   13.749   14.838   15.486
            0.340278  0.565322  0.000000
  -45.563  -24.154  -23.775  -23.764  -20.951  -12.805   -3.617   -3.186   -2.940   -2.379
   -2.016   -1.495    4.014    6.290    6.534    7.053    7.585   10.812   11.906   12.650
   12.870   13.159   13.559   13.740   14.846   15.474
            0.338889  0.567728  0.000000
  -45.563  -24.154  -23.775  -23.765  -20.951  -12.805   -3.617   -3.185   -2.940   -2.377
   -2.019   -1.495    4.015    6.290    6.534    7.051    7.586   10.812   11.906   12.664
   12.883   13.137   13.569   13.733   14.852   15.464
            0.337500  0.570133  0.000000
  -45.563  -24.153  -23.775  -23.765  -20.951  -12.805   -3.617   -3.185   -2.940   -2.376
   -2.021   -1.496    4.016    6.290    6.534    7.050    7.586   10.812   11.906   12.677
   12.893   13.119   13.576   13.727   14.857   15.456
            0.336111  0.572539  0.000000
  -45.563  -24.153  -23.775  -23.765  -20.951  -12.805   -3.618   -3.185   -2.939   -2.375
   -2.023   -1.496    4.017    6.290    6.534    7.048    7.587   10.812   11.906   12.687
   12.899   13.104   13.582   13.722   14.861   15.451
            0.334722  0.574945  0.000000
  -45.563  -24.153  -23.775  -23.765  -20.951  -12.805   -3.618   -3.184   -2.939   -2.375
   -2.024   -1.496    4.018    6.290    6.534    7.048    7.587   10.812   11.906   12.694
   12.901   13.096   13.586   13.719   14.863   15.447
            0.333333  0.577350  0.000000
  -45.563  -24.153  -23.775  -23.766  -20.951  -12.804   -3.618   -3.184   -2.939   -2.375
   -2.024   -1.496    4.018    6.290    6.534    7.047    7.587   10.812   11.905   12.697
   12.902   13.093   13.587   13.718   14.864   15.446
            0.330556  0.572539  0.000000
  -45.563  -24.153  -23.775  -23.765  -20.951  -12.805   -3.618   -3.185   -2.939   -2.375
   -2.023   -1.496    4.017    6.290    6.534    7.048    7.587   10.812   11.906   12.684
   12.905   13.102   13.582   13.722   14.861   15.450
            0.327778  0.567728  0.000000
  -45.563  -24.154  -23.775  -23.765  -20.951  -12.805   -3.617   -3.185   -2.940   -2.377
   -2.019   -1.495    4.015    6.289    6.534    7.051    7.586   10.812   11.906   12.644
   12.921   13.120   13.569   13.732   14.852   15.464
            0.325000  0.562917  0.000000
  -45.563  -24.154  -23.776  -23.764  -20.951  -12.805   -3.616   -3.186   -2.940   -2.380
   -2.013   -1.495    4.012    6.288    6.534    7.056    7.584   10.813   11.906   12.587
   12.948   13.141   13.551   13.745   14.838   15.485
            0.322222  0.558105  0.000000
  -45.563  -24.155  -23.776  -23.762  -20.951  -12.806   -3.615   -3.188   -2.941   -2.384
   -2.005   -1.494    4.007    6.285    6.534    7.063    7.582   10.814   11.906   12.519
   12.983   13.162   13.529   13.759   14.821   15.511
            0.319444  0.553294  0.000000
  -45.563  -24.155  -23.776  -23.760  -20.951  -12.807   -3.613   -3.190   -2.942   -2.389
   -1.995   -1.493    4.001    6.282    6.535    7.072    7.579   10.815   11.906   12.445
   13.022   13.179   13.505   13.774   14.801   15.532
            0.316667  0.548483  0.000000
  -45.563  -24.156  -23.776  -23.758  -20.951  -12.808   -3.612   -3.192   -2.944   -2.394
   -1.983   -1.492    3.994    6.277    6.536    7.082    7.575   10.817   11.906   12.368
   13.063   13.193   13.479   13.790   14.780   15.517
            0.313889  0.543672  0.000000
  -45.563  -24.157  -23.777  -23.755  -20.951  -12.809   -3.609   -3.195   -2.945   -2.400
   -1.969   -1.490    3.986    6.272    6.537    7.093    7.572   10.819   11.906   12.289
   13.105   13.202   13.453   13.807   14.758   15.472
            0.311111  0.538860  0.000000
  -45.563  -24.158  -23.778  -23.752  -20.952  -12.811   -3.607   -3.198   -2.947   -2.406
   -1.955   -1.489    3.976    6.265    6.538    7.106    7.568   10.821   11.906   12.209
   13.147   13.208   13.426   13.824   14.736   15.423
            0.308333  0.534049  0.000000
  -45.563  -24.159  -23.778  -23.749  -20.952  -12.813   -3.604   -3.201   -2.948   -2.412
   -1.939   -1.487    3.966    6.256    6.539    7.119    7.564   10.823   11.905   12.129
   13.179   13.218   13.399   13.842   14.714   15.375
            0.305556  0.529238  0.000000
  -45.564  -24.160  -23.779  -23.745  -20.952  -12.815   -3.601   -3.204   -2.950   -2.418
   -1.922   -1.484    3.955    6.247    6.542    7.132    7.561   10.825   11.903   12.049
   13.180   13.253   13.373   13.862   14.693   15.330
            0.302778  0.524426  0.000000
  -45.564  -24.161  -23.780  -23.741  -20.952  -12.817   -3.597   -3.208   -2.952   -2.424
   -1.905   -1.482    3.943    6.237    6.544    7.145    7.558   10.827   11.896   11.973
   13.166   13.299   13.347   13.882   14.672   15.288
            0.300000  0.519615  0.000000
  -45.564  -24.162  -23.781  -23.737  -20.952  -12.820   -3.593   -3.211   -2.954   -2.430
   -1.886   -1.479    3.930    6.225    6.547    7.158    7.556   10.828   11.860   11.927
   13.144   13.321   13.346   13.903   14.651   15.250
            0.297222  0.514804  0.000000
  -45.564  -24.163  -23.782  -23.733  -20.952  -12.822   -3.589   -3.215   -2.956   -2.436
   -1.868   -1.476    3.917    6.212    6.550    7.169    7.555   10.829   11.788   11.917
   13.116   13.296   13.395   13.924   14.631   15.217
            0.294444  0.509993  0.000000
  -45.565  -24.164  -23.783  -23.728  -20.953  -12.825   -3.585   -3.218   -2.958   -2.441
   -1.849   -1.472    3.903    6.199    6.554    7.179    7.556   10.829   11.708   11.914
   13.084   13.271   13.444   13.945   14.611   15.190
            0.291667  0.505181  0.000000
  -45.565  -24.165  -23.784  -23.723  -20.953  -12.828   -3.581   -3.221   -2.961   -2.447
   -1.829   -1.468    3.889    6.185    6.557    7.186    7.559   10.828   11.627   11.913
   13.049   13.247   13.494   13.965   14.591   15.167
            0.288889  0.500370  0.000000
  -45.565  -24.166  -23.785  -23.718  -20.953  -12.832   -3.576   -3.224   -2.963   -2.452
   -1.810   -1.464    3.874    6.170    6.561    7.191    7.564   10.825   11.546   11.912
   13.011   13.222   13.544   13.984   14.571   15.151
            0.286111  0.495559  0.000000
  -45.566  -24.167  -23.786  -23.713  -20.953  -12.836   -3.571   -3.227   -2.965   -2.457
   -1.790   -1.459    3.858    6.154    6.566    7.194    7.571   10.820   11.466   11.912
   12.972   13.197   13.593   14.002   14.551   15.140
            0.283333  0.490748  0.000000
  -45.566  -24.167  -23.788  -23.708  -20.954  -12.839   -3.566   -3.229   -2.967   -2.461
   -1.771   -1.453    3.842    6.138    6.570    7.193    7.580   10.813   11.386   11.911
   12.931   13.172   13.641   14.019   14.532   15.135
            0.280556  0.485936  0.000000
  -45.567  -24.168  -23.789  -23.702  -20.954  -12.844   -3.561   -3.231   -2.970   -2.465
   -1.752   -1.447    3.826    6.122    6.574    7.190    7.590   10.803   11.308   11.911
   12.891   13.147   13.688   14.036   14.514   15.136
            0.277778  0.481125  0.000000
  -45.567  -24.168  -23.791  -23.696  -20.954  -12.848   -3.556   -3.233   -2.972   -2.469
   -1.733   -1.440    3.810    6.105    6.579    7.185    7.602   10.788   11.233   11.910
   12.851   13.122   13.732   14.054   14.495   15.142
            0.275000  0.476314  0.000000
  -45.568  -24.168  -23.793  -23.691  -20.954  -12.853   -3.551   -3.234   -2.975   -2.472
   -1.715   -1.432    3.793    6.088    6.583    7.177    7.616   10.768   11.161   11.908
   12.811   13.096   13.772   14.074   14.478   15.154
            0.272222  0.471503  0.000000
  -45.568  -24.168  -23.794  -23.685  -20.954  -12.858   -3.545   -3.234   -2.977   -2.475
   -1.697   -1.424    3.777    6.070    6.588    7.168    7.630   10.741   11.094   11.906
   12.773   13.071   13.807   14.098   14.460   15.171
            0.269444  0.466691  0.000000
  -45.569  -24.168  -23.796  -23.679  -20.955  -12.863   -3.540   -3.234   -2.980   -2.478
   -1.680   -1.414    3.760    6.052    6.592    7.157    7.644   10.706   11.033   11.903
   12.738   13.045   13.836   14.128   14.443   15.192
            0.266667  0.461880  0.000000
  -45.569  -24.167  -23.798  -23.673  -20.955  -12.868   -3.535   -3.233   -2.983   -2.480
   -1.664   -1.403    3.743    6.034    6.596    7.145    7.659   10.661   10.980   11.898
   12.704   13.020   13.859   14.162   14.426   15.218
            0.263889  0.457069  0.000000
  -45.570  -24.167  -23.800  -23.666  -20.955  -12.874   -3.530   -3.232   -2.985   -2.482
   -1.649   -1.391    3.726    6.016    6.600    7.132    7.673   10.607   10.934   11.892
   12.674   12.995   13.876   14.201   14.411   15.247
            0.261111  0.452258  0.000000
  -45.570  -24.166  -23.802  -23.660  -20.955  -12.880   -3.525   -3.230   -2.988   -2.483
   -1.635   -1.378    3.710    5.997    6.603    7.118    7.686   10.545   10.893   11.884
   12.647   12.970   13.889   14.242   14.399   15.280
            0.258333  0.447446  0.000000
  -45.571  -24.165  -23.804  -23.654  -20.955  -12.886   -3.520   -3.227   -2.991   -2.484
   -1.622   -1.364    3.693    5.979    6.606    7.104    7.699   10.476   10.857   11.873
   12.624   12.945   13.899   14.276   14.397   15.316
            0.255556  0.442635  0.000000
  -45.572  -24.164  -23.806  -23.648  -20.956  -12.892   -3.515   -3.223   -2.994   -2.484
   -1.610   -1.348    3.676    5.960    6.609    7.090    7.711   10.402   10.824   11.860
   12.605   12.920   13.909   14.291   14.417   15.354
            0.252778  0.437824  0.000000
  -45.572  -24.162  -23.808  -23.641  -20.956  -12.899   -3.511   -3.219   -2.997   -2.483
   -1.599   -1.331    3.660    5.942    6.610    7.075    7.721   10.326   10.792   11.843
   12.591   12.896   13.918   14.285   14.460   15.394
            0.250000  0.433013  0.000000
  -45.573  -24.161  -23.810  -23.635  -20.956  -12.905   -3.507   -3.214   -3.000   -2.482
   -1.590   -1.313    3.644    5.923    6.611    7.061    7.731   10.247   10.760   11.823
   12.580   12.872   13.929   14.269   14.513   15.435
            0.247222  0.428201  0.000000
  -45.574  -24.159  -23.812  -23.628  -20.956  -12.912   -3.502   -3.208   -3.003   -2.481
   -1.581   -1.295    3.628    5.904    6.612    7.047    7.738   10.167   10.728   11.800
   12.574   12.848   13.941   14.249   14.573   15.478
            0.244444  0.423390  0.000000
  -45.575  -24.157  -23.815  -23.622  -20.957  -12.920   -3.498   -3.202   -3.006   -2.479
   -1.573   -1.275    3.612    5.886    6.611    7.033    7.745   10.085   10.695   11.774
   12.571   12.825   13.955   14.226   14.635   15.522
            0.241667  0.418579  0.000000
  -45.575  -24.155  -23.817  -23.615  -20.957  -12.927   -3.494   -3.195   -3.010   -2.476
   -1.566   -1.254    3.597    5.867    6.609    7.021    7.749   10.003   10.662   11.746
   12.572   12.802   13.971   14.202   14.700   15.566
            0.238889  0.413768  0.000000
  -45.576  -24.152  -23.819  -23.609  -20.957  -12.935   -3.490   -3.187   -3.013   -2.472
   -1.559   -1.233    3.582    5.849    6.606    7.009    7.752    9.921   10.627   11.715
   12.575   12.780   13.990   14.177   14.766   15.610
            0.236111  0.408956  0.000000
  -45.577  -24.150  -23.821  -23.603  -20.957  -12.943   -3.487   -3.179   -3.017   -2.468
   -1.554   -1.212    3.567    5.830    6.602    6.997    7.753    9.839   10.593   11.681
   12.581   12.759   14.010   14.152   14.834   15.655
            0.233333  0.404145  0.000000
  -45.578  -24.147  -23.823  -23.596  -20.958  -12.951   -3.483   -3.170   -3.021   -2.463
   -1.548   -1.190    3.553    5.812    6.596    6.987    7.752    9.756   10.557   11.646
   12.588   12.738   14.029   14.130   14.903   15.699
            0.230556  0.399334  0.000000
  -45.579  -24.144  -23.826  -23.590  -20.958  -12.959   -3.479   -3.161   -3.025   -2.457
   -1.544   -1.167    3.539    5.794    6.589    6.978    7.749    9.674   10.521   11.610
   12.596   12.719   14.040   14.119   14.973   15.742
            0.227778  0.394523  0.000000
  -45.580  -24.141  -23.828  -23.583  -20.958  -12.967   -3.476   -3.152   -3.029   -2.450
   -1.539   -1.144    3.526    5.775    6.581    6.970    7.745    9.592   10.484   11.572
   12.605   12.702   14.030   14.131   15.044   15.785
            0.225000  0.389711  0.000000
  -45.581  -24.138  -23.830  -23.577  -20.958  -12.976   -3.472   -3.142   -3.033   -2.442
   -1.535   -1.121    3.513    5.757    6.571    6.963    7.738    9.510   10.447   11.533
   12.612   12.687   14.006   14.159   15.116   15.827
            0.222222  0.384900  0.000000
  -45.582  -24.134  -23.832  -23.571  -20.959  -12.985   -3.468   -3.133   -3.037   -2.434
   -1.531   -1.098    3.500    5.740    6.561    6.957    7.730    9.429   10.409   11.493
   12.615   12.678   13.976   14.195   15.189   15.868
            0.219444  0.380089  0.000000
  -45.583  -24.131  -23.834  -23.564  -20.959  -12.994   -3.464   -3.123   -3.041   -2.424
   -1.527   -1.075    3.488    5.722    6.549    6.951    7.719    9.349   10.371   11.452
   12.612   12.678   13.944   14.235   15.263   15.907
            0.216667  0.375278  0.000000
  -45.584  -24.127  -23.835  -23.558  -20.959  -13.003   -3.461   -3.113   -3.046   -2.414
   -1.524   -1.051    3.477    5.704    6.536    6.947    7.707    9.269   10.332   11.410
   12.603   12.684   13.911   14.278   15.338   15.944
            0.213889  0.370466  0.000000
  -45.585  -24.124  -23.837  -23.552  -20.960  -13.012   -3.457   -3.103   -3.050   -2.402
   -1.521   -1.028    3.466    5.687    6.522    6.943    7.692    9.190   10.294   11.369
   12.591   12.695   13.876   14.324   15.413   15.979
            0.211111  0.365655  0.000000
  -45.586  -24.120  -23.838  -23.546  -20.960  -13.021   -3.452   -3.093   -3.055   -2.390
   -1.517   -1.005    3.456    5.670    6.508    6.939    7.676    9.112   10.255   11.326
   12.578   12.707   13.841   14.373   15.490   16.012
            0.208333  0.360844  0.000000
  -45.587  -24.116  -23.839  -23.540  -20.960  -13.031   -3.448   -3.085   -3.059   -2.377
   -1.514   -0.981    3.446    5.653    6.493    6.936    7.658    9.035   10.215   11.284
   12.566   12.721   13.804   14.424   15.567   16.041
            0.205556  0.356033  0.000000
  -45.588  -24.113  -23.840  -23.534  -20.961  -13.041   -3.444   -3.078   -3.061   -2.362
   -1.511   -0.958    3.437    5.636    6.477    6.933    7.638    8.959   10.176   11.241
   12.554   12.736   13.767   14.476   15.644   16.068
            0.202778  0.351221  0.000000
  -45.589  -24.109  -23.841  -23.528  -20.961  -13.050   -3.439   -3.077   -3.057   -2.347
   -1.508   -0.935    3.428    5.620    6.461    6.930    7.617    8.884   10.136   11.198
   12.543   12.751   13.729   14.530   15.723   16.090
            0.200000  0.346410  0.000000
  -45.590  -24.106  -23.841  -23.522  -20.961  -13.060   -3.435   -3.081   -3.050   -2.331
   -1.505   -0.912    3.420    5.604    6.445    6.927    7.593    8.811   10.096   11.155
   12.533   12.767   13.691   14.585   15.801   16.108
            0.197222  0.341599  0.000000
  -45.591  -24.102  -23.841  -23.516  -20.962  -13.070   -3.430   -3.086   -3.041   -2.313
   -1.502   -0.889    3.412    5.588    6.428    6.923    7.569    8.738   10.056   11.112
   12.525   12.783   13.651   14.641   15.880   16.121
            0.194444  0.336788  0.000000
  -45.592  -24.099  -23.841  -23.510  -20.962  -13.080   -3.425   -3.091   -3.032   -2.295
   -1.499   -0.866    3.405    5.572    6.411    6.919    7.542    8.667   10.016   11.069
   12.518   12.799   13.612   14.698   15.958   16.130
            0.191667  0.331976  0.000000
  -45.594  -24.096  -23.840  -23.504  -20.963  -13.091   -3.420   -3.097   -3.024   -2.276
   -1.496   -0.844    3.399    5.557    6.395    6.915    7.515    8.598    9.975   11.026
   12.512   12.815   13.572   14.755   16.033   16.136
            0.188889  0.327165  0.000000
  -45.595  -24.093  -23.839  -23.499  -20.963  -13.101   -3.415   -3.103   -3.015   -2.256
   -1.493   -0.821    3.393    5.542    6.378    6.910    7.486    8.530    9.935   10.983
   12.507   12.832   13.531   14.811   16.089   16.158
            0.186111  0.322354  0.000000
  -45.596  -24.091  -23.837  -23.493  -20.964  -13.111   -3.409   -3.109   -3.007   -2.235
   -1.489   -0.799    3.388    5.527    6.361    6.904    7.457    8.464    9.894   10.940
   12.504   12.849   13.490   14.868   16.099   16.220
            0.183333  0.317543  0.000000
  -45.597  -24.089  -23.835  -23.487  -20.965  -13.122   -3.404   -3.116   -2.999   -2.214
   -1.486   -0.777    3.384    5.513    6.344    6.897    7.426    8.399    9.853   10.897
   12.502   12.866   13.449   14.923   16.090   16.297
            0.180556  0.312731  0.000000
  -45.598  -24.087  -23.832  -23.482  -20.965  -13.132   -3.398   -3.122   -2.991   -2.191
   -1.482   -0.755    3.380    5.499    6.328    6.888    7.396    8.335    9.812   10.855
   12.502   12.883   13.409   14.977   16.075   16.378
            0.177778  0.307920  0.000000
  -45.600  -24.085  -23.829  -23.477  -20.966  -13.143   -3.393   -3.129   -2.984   -2.168
   -1.478   -0.734    3.376    5.485    6.312    6.878    7.364    8.274    9.770   10.812
   12.503   12.899   13.368   15.030   16.057   16.459
            0.175000  0.303109  0.000000
  -45.601  -24.084  -23.825  -23.471  -20.967  -13.153   -3.387   -3.136   -2.976   -2.145
   -1.473   -0.712    3.374    5.472    6.296    6.867    7.333    8.214    9.729   10.769
   12.506   12.915   13.329   15.080   16.036   16.540
            0.172222  0.298298  0.000000
  -45.602  -24.083  -23.821  -23.466  -20.968  -13.164   -3.381   -3.142   -2.969   -2.121
   -1.469   -0.691    3.371    5.459    6.280    6.853    7.303    8.155    9.687   10.727
   12.511   12.929   13.291   15.127   16.016   16.621
            0.169444  0.293486  0.000000
  -45.603  -24.083  -23.816  -23.461  -20.969  -13.175   -3.376   -3.149   -2.963   -2.096
   -1.463   -0.670    3.370    5.447    6.265    6.838    7.273    8.098    9.645   10.685
   12.517   12.941   13.255   15.171   15.995   16.701
            0.166667  0.288675  0.000000
  -45.605  -24.083  -23.810  -23.456  -20.969  -13.185   -3.370   -3.156   -2.956   -2.071
   -1.457   -0.650    3.369    5.435    6.250    6.820    7.244    8.043    9.603   10.642
   12.525   12.948   13.225   15.210   15.977   16.778
            0.163889  0.283864  0.000000
  -45.606  -24.083  -23.804  -23.451  -20.970  -13.196   -3.364   -3.162   -2.950   -2.046
   -1.451   -0.630    3.368    5.423    6.235    6.799    7.216    7.989    9.560   10.600
   12.534   12.948   13.201   15.244   15.961   16.852
            0.161111  0.279053  0.000000
  -45.607  -24.084  -23.798  -23.446  -20.971  -13.207   -3.359   -3.169   -2.944   -2.022
   -1.444   -0.610    3.368    5.412    6.220    6.775    7.191    7.936    9.517   10.558
   12.544   12.939   13.188   15.270   15.950   16.917
            0.158333  0.274241  0.000000
  -45.608  -24.085  -23.790  -23.441  -20.972  -13.217   -3.354   -3.174   -2.939   -1.997
   -1.436   -0.590    3.368    5.401    6.207    6.749    7.166    7.885    9.475   10.516
   12.556   12.920   13.184   15.290   15.943   16.964
            0.155556  0.269430  0.000000
  -45.610  -24.086  -23.783  -23.437  -20.974  -13.228   -3.350   -3.180   -2.933   -1.972
   -1.427   -0.571    3.369    5.391    6.193    6.721    7.144    7.835    9.432   10.474
   12.569   12.893   13.191   15.301   15.942   16.952
            0.152778  0.264619  0.000000
  -45.611  -24.088  -23.775  -23.432  -20.975  -13.239   -3.346   -3.185   -2.928   -1.948
   -1.417   -0.551    3.370    5.381    6.180    6.690    7.123    7.786    9.388   10.433
   12.583   12.860   13.204   15.304   15.946   16.904
            0.150000  0.259808  0.000000
  -45.612  -24.090  -23.766  -23.428  -20.976  -13.249   -3.343   -3.189   -2.923   -1.924
   -1.406   -0.533    3.372    5.371    6.167    6.657    7.104    7.738    9.345   10.391
   12.596   12.824   13.221   15.300   15.955   16.847
            0.147222  0.254996  0.000000
  -45.614  -24.092  -23.757  -23.423  -20.977  -13.260   -3.341   -3.192   -2.918   -1.902
   -1.393   -0.514    3.374    5.362    6.155    6.622    7.086    7.692    9.301   10.349
   12.608   12.789   13.242   15.289   15.967   16.789
            0.144444  0.250185  0.000000
  -45.615  -24.094  -23.748  -23.419  -20.979  -13.270   -3.340   -3.194   -2.914   -1.880
   -1.379   -0.496    3.376    5.354    6.143    6.585    7.069    7.647    9.258   10.308
   12.614   12.758   13.266   15.272   15.980   16.733
            0.141667  0.245374  0.000000
  -45.616  -24.097  -23.739  -23.414  -20.980  -13.281   -3.340   -3.195   -2.909   -1.859
   -1.363   -0.478    3.379    5.346    6.132    6.548    7.053    7.603    9.214   10.266
   12.606   12.742   13.291   15.250   15.992   16.682
            0.138889  0.240563  0.000000
  -45.617  -24.099  -23.729  -23.410  -20.982  -13.291   -3.342   -3.195   -2.905   -1.839
   -1.346   -0.460    3.382    5.339    6.121    6.509    7.038    7.559    9.170   10.225
   12.582   12.743   13.318   15.225   16.001   16.637
            0.136111  0.235751  0.000000
  -45.619  -24.102  -23.718  -23.406  -20.983  -13.302   -3.345   -3.193   -2.901   -1.821
   -1.327   -0.443    3.385    5.332    6.111    6.470    7.023    7.517    9.127   10.184
   12.545   12.756   13.346   15.198   16.004   16.600
            0.133333  0.230940  0.000000
  -45.620  -24.105  -23.708  -23.402  -20.985  -13.312   -3.349   -3.190   -2.897   -1.804
   -1.306   -0.426    3.388    5.326    6.101    6.431    7.009    7.476    9.083   10.142
   12.502   12.777   13.374   15.168   15.998   16.573
            0.130556  0.226129  0.000000
  -45.621  -24.109  -23.697  -23.398  -20.986  -13.322   -3.354   -3.185   -2.894   -1.789
   -1.283   -0.409    3.392    5.320    6.091    6.391    6.995    7.436    9.039   10.101
   12.456   12.802   13.404   15.138   15.984   16.557
            0.127778  0.221318  0.000000
  -45.622  -24.112  -23.686  -23.395  -20.988  -13.332   -3.361   -3.180   -2.890   -1.775
   -1.258   -0.393    3.395    5.314    6.082    6.352    6.982    7.396    8.996   10.060
   12.408   12.829   13.434   15.107   15.960   16.551
            0.125000  0.216506  0.000000
  -45.624  -24.115  -23.675  -23.391  -20.990  -13.342   -3.368   -3.174   -2.887   -1.763
   -1.232   -0.377    3.399    5.310    6.073    6.313    6.968    7.358    8.952   10.019
   12.360   12.859   13.464   15.075   15.928   16.555
            0.122222  0.211695  0.000000
  -45.625  -24.119  -23.664  -23.387  -20.992  -13.352   -3.376   -3.167   -2.884   -1.752
   -1.204   -0.361    3.403    5.306    6.065    6.275    6.954    7.321    8.909    9.978
   12.311   12.890   13.495   15.044   15.890   16.566
            0.119444  0.206884  0.000000
  -45.626  -24.122  -23.653  -23.384  -20.993  -13.362   -3.384   -3.160   -2.881   -1.742
   -1.175   -0.346    3.407    5.302    6.056    6.238    6.941    7.284    8.866    9.937
   12.262   12.923   13.526   15.013   15.846   16.583
            0.116667  0.202073  0.000000
  -45.627  -24.126  -23.641  -23.380  -20.995  -13.371   -3.393   -3.152   -2.878   -1.733
   -1.144   -0.331    3.411    5.299    6.048    6.201    6.927    7.249    8.823    9.896
   12.212   12.958   13.557   14.983   15.800   16.604
            0.113889  0.197261  0.000000
  -45.629  -24.129  -23.630  -23.377  -20.997  -13.381   -3.402   -3.143   -2.876   -1.726
   -1.112   -0.316    3.416    5.297    6.039    6.167    6.913    7.214    8.780    9.855
   12.163   12.993   13.588   14.953   15.751   16.627
            0.111111  0.192450  0.000000
  -45.630  -24.133  -23.618  -23.374  -20.999  -13.390   -3.412   -3.134   -2.873   -1.720
   -1.079   -0.302    3.420    5.295    6.030    6.134    6.898    7.181    8.738    9.814
   12.114   13.030   13.619   14.925   15.701   16.651
            0.108333  0.187639  0.000000
  -45.631  -24.137  -23.607  -23.370  -21.001  -13.400   -3.422   -3.125   -2.871   -1.714
   -1.045   -0.288    3.423    5.293    6.018    6.104    6.884    7.148    8.696    9.774
   12.065   13.068   13.649   14.898   15.651   16.677
            0.105556  0.182828  0.000000
  -45.632  -24.140  -23.595  -23.367  -21.003  -13.409   -3.432   -3.116   -2.869   -1.709
   -1.010   -0.274    3.427    5.293    6.003    6.080    6.869    7.117    8.655    9.733
   12.017   13.107   13.679   14.873   15.601   16.703
            0.102778  0.178016  0.000000
  -45.633  -24.144  -23.583  -23.364  -21.006  -13.418   -3.442   -3.107   -2.867   -1.706
   -0.974   -0.261    3.431    5.293    5.983    6.061    6.853    7.088    8.613    9.692
   11.969   13.147   13.708   14.850   15.552   16.729
            0.100000  0.173205  0.000000
  -45.634  -24.147  -23.572  -23.361  -21.008  -13.426   -3.452   -3.097   -2.865   -1.702
   -0.938   -0.248    3.435    5.293    5.959    6.048    6.838    7.059    8.573    9.652
   11.922   13.188   13.735   14.828   15.503   16.754
            0.097222  0.168394  0.000000
  -45.635  -24.151  -23.560  -23.359  -21.010  -13.435   -3.462   -3.087   -2.863   -1.700
   -0.902   -0.235    3.438    5.294    5.932    6.038    6.822    7.032    8.533    9.611
   11.875   13.229   13.761   14.809   15.456   16.779
            0.094444  0.163583  0.000000
  -45.637  -24.155  -23.548  -23.356  -21.012  -13.443   -3.473   -3.077   -2.861   -1.697
   -0.865   -0.223    3.441    5.295    5.905    6.030    6.805    7.006    8.493    9.571
   11.829   13.271   13.786   14.793   15.409   16.804
            0.091667  0.158771  0.000000
  -45.638  -24.158  -23.537  -23.353  -21.014  -13.452   -3.483   -3.067   -2.860   -1.696
   -0.828   -0.211    3.444    5.297    5.877    6.024    6.789    6.981    8.454    9.530
   11.784   13.314   13.808   14.779   15.364   16.827
            0.088889  0.153960  0.000000
  -45.639  -24.162  -23.526  -23.351  -21.017  -13.460   -3.494   -3.057   -2.858   -1.695
   -0.791   -0.199    3.447    5.300    5.850    6.018    6.772    6.958    8.416    9.490
   11.740   13.357   13.829   14.769   15.321   16.850
            0.086111  0.149149  0.000000
  -45.640  -24.165  -23.514  -23.348  -21.019  -13.467   -3.504   -3.047   -2.857   -1.694
   -0.754   -0.188    3.449    5.303    5.824    6.013    6.755    6.937    8.378    9.450
   11.696   13.401   13.846   14.761   15.280   16.872
            0.083333  0.144338  0.000000
  -45.641  -24.168  -23.503  -23.346  -21.021  -13.475   -3.514   -3.037   -2.856   -1.693
   -0.717   -0.177    3.452    5.306    5.798    6.008    6.738    6.916    8.341    9.410
   11.654   13.445   13.862   14.756   15.241   16.893
            0.080556  0.139526  0.000000
  -45.642  -24.172  -23.492  -23.343  -21.024  -13.483   -3.524   -3.027   -2.855   -1.693
   -0.680   -0.166    3.454    5.310    5.774    6.003    6.722    6.897    8.305    9.371
   11.612   13.489   13.874   14.755   15.205   16.913
            0.077778  0.134715  0.000000
  -45.643  -24.175  -23.482  -23.341  -21.026  -13.490   -3.534   -3.017   -2.854   -1.693
   -0.643   -0.156    3.455    5.314    5.750    5.997    6.706    6.879    8.270    9.331
   11.572   13.532   13.885   14.755   15.171   16.932
            0.075000  0.129904  0.000000
  -45.643  -24.178  -23.471  -23.339  -21.028  -13.497   -3.544   -3.008   -2.853   -1.694
   -0.606   -0.146    3.457    5.319    5.727    5.991    6.691    6.862    8.235    9.292
   11.533   13.576   13.893   14.758   15.141   16.950
            0.072222  0.125093  0.000000
  -45.644  -24.181  -23.461  -23.337  -21.031  -13.504   -3.553   -2.998   -2.852   -1.694
   -0.570   -0.137    3.458    5.324    5.706    5.985    6.677    6.846    8.201    9.253
   11.495   13.618   13.899   14.761   15.115   16.967
            0.069444  0.120281  0.000000
  -45.645  -24.184  -23.450  -23.335  -21.033  -13.510   -3.563   -2.988   -2.851   -1.695
   -0.535   -0.128    3.459    5.329    5.685    5.978    6.664    6.831    8.169    9.215
   11.458   13.658   13.905   14.764   15.094   16.983
            0.066667  0.115470  0.000000
  -45.646  -24.187  -23.440  -23.333  -21.035  -13.517   -3.572   -2.979   -2.851   -1.696
   -0.500   -0.119    3.459    5.335    5.665    5.971    6.652    6.816    8.137    9.177
   11.422   13.695   13.911   14.766   15.079   16.998
            0.063889  0.110659  0.000000
  -45.647  -24.190  -23.431  -23.331  -21.037  -13.523   -3.581   -2.969   -2.850   -1.697
   -0.465   -0.110    3.460    5.341    5.646    5.963    6.642    6.803    8.106    9.139
   11.388   13.728   13.920   14.765   15.071   17.012
            0.061111  0.105848  0.000000
  -45.648  -24.193  -23.421  -23.330  -21.040  -13.529   -3.590   -2.960   -2.850   -1.699
   -0.432   -0.102    3.460    5.347    5.629    5.955    6.633    6.790    8.076    9.102
   11.355   13.753   13.935   14.761   15.070   17.026
            0.058333  0.101036  0.000000
  -45.648  -24.195  -23.412  -23.328  -21.042  -13.534   -3.598   -2.951   -2.849   -1.700
   -0.399   -0.095    3.460    5.354    5.612    5.945    6.625    6.778    8.048    9.066
   11.323   13.769   13.956   14.753   15.077   17.038
            0.055556  0.096225  0.000000
  -45.649  -24.198  -23.404  -23.326  -21.044  -13.540   -3.607   -2.943   -2.849   -1.702
   -0.367   -0.087    3.460    5.360    5.596    5.935    6.619    6.766    8.020    9.030
   11.293   13.776   13.985   14.741   15.089   17.050
            0.052778  0.091414  0.000000
  -45.650  -24.200  -23.395  -23.325  -21.046  -13.545   -3.615   -2.934   -2.848   -1.703
   -0.336   -0.080    3.459    5.367    5.581    5.925    6.614    6.755    7.994    8.995
   11.264   13.777   14.019   14.728   15.107   17.061
            0.050000  0.086603  0.000000
  -45.651  -24.203  -23.387  -23.324  -21.048  -13.550   -3.622   -2.926   -2.848   -1.705
   -0.306   -0.074    3.459    5.373    5.567    5.914    6.611    6.745    7.968    8.961
   11.237   13.773   14.056   14.712   15.128   17.071
            0.047222  0.081791  0.000000
  -45.651  -24.205  -23.379  -23.322  -21.050  -13.555   -3.630   -2.918   -2.848   -1.707
   -0.277   -0.067    3.458    5.380    5.554    5.903    6.610    6.735    7.944    8.928
   11.210   13.767   14.095   14.696   15.151   17.080
            0.044444  0.076980  0.000000
  -45.652  -24.207  -23.372  -23.321  -21.052  -13.559   -3.636   -2.910   -2.848   -1.708
   -0.249   -0.061    3.457    5.387    5.542    5.891    6.609    6.725    7.921    8.896
   11.186   13.758   14.134   14.680   15.177   17.089
            0.041667  0.072169  0.000000
  -45.652  -24.209  -23.365  -23.320  -21.054  -13.563   -3.643   -2.903   -2.847   -1.710
   -0.222   -0.056    3.456    5.393    5.530    5.880    6.610    6.717    7.899    8.865
   11.163   13.749   14.174   14.664   15.203   17.097
            0.038889  0.067358  0.000000
  -45.653  -24.211  -23.358  -23.319  -21.055  -13.567   -3.649   -2.896   -2.847   -1.712
   -0.197   -0.051    3.455    5.400    5.520    5.868    6.611    6.708    7.879    8.836
   11.141   13.739   14.213   14.648   15.229   17.104
            0.036111  0.062546  0.000000
  -45.653  -24.212  -23.352  -23.318  -21.057  -13.571   -3.655   -2.890   -2.847   -1.714
   -0.173   -0.046    3.454    5.406    5.510    5.856    6.614    6.701    7.859    8.808
   11.121   13.729   14.251   14.633   15.255   17.111
            0.033333  0.057735  0.000000
  -45.654  -24.214  -23.346  -23.317  -21.058  -13.575   -3.661   -2.884   -2.847   -1.715
   -0.151   -0.041    3.453    5.412    5.501    5.845    6.617    6.693    7.841    8.781
   11.102   13.719   14.287   14.619   15.281   17.117
            0.030556  0.052924  0.000000
  -45.654  -24.216  -23.341  -23.316  -21.060  -13.578   -3.666   -2.878   -2.847   -1.717
   -0.130   -0.037    3.452    5.417    5.493    5.834    6.620    6.687    7.825    8.756
   11.085   13.709   14.323   14.605   15.305   17.122
            0.027778  0.048113  0.000000
  -45.655  -24.217  -23.336  -23.315  -21.061  -13.581   -3.670   -2.873   -2.847   -1.718
   -0.111   -0.034    3.451    5.423    5.485    5.824    6.624    6.681    7.810    8.732
   11.069   13.700   14.356   14.593   15.328   17.127
            0.025000  0.043301  0.000000
  -45.655  -24.218  -23.331  -23.314  -21.062  -13.583   -3.675   -2.868   -2.847   -1.720
   -0.093   -0.030    3.450    5.428    5.478    5.814    6.628    6.675    7.796    8.711
   11.055   13.691   14.387   14.582   15.349   17.132
            0.022222  0.038490  0.000000
  -45.655  -24.219  -23.327  -23.314  -21.063  -13.586   -3.678   -2.863   -2.847   -1.721
   -0.077   -0.027    3.449    5.432    5.473    5.805    6.632    6.671    7.783    8.691
   11.042   13.683   14.416   14.572   15.369   17.136
            0.019444  0.033679  0.000000
  -45.656  -24.220  -23.323  -23.313  -21.064  -13.588   -3.682   -2.859   -2.847   -1.722
   -0.063   -0.024    3.448    5.436    5.467    5.797    6.636    6.666    7.772    8.673
   11.031   13.675   14.442   14.563   15.386   17.139
            0.016667  0.028868  0.000000
  -45.656  -24.221  -23.320  -23.313  -21.065  -13.589   -3.685   -2.856   -2.847   -1.723
   -0.051   -0.022    3.448    5.440    5.463    5.789    6.640    6.662    7.763    8.658
   11.021   13.669   14.466   14.555   15.402   17.142
            0.013889  0.024056  0.000000
  -45.656  -24.222  -23.317  -23.312  -21.066  -13.591   -3.687   -2.853   -2.847   -1.724
   -0.040   -0.020    3.447    5.443    5.459    5.783    6.643    6.659    7.754    8.644
   11.013   13.663   14.486   14.549   15.415   17.144
            0.011111  0.019245  0.000000
  -45.656  -24.223  -23.315  -23.312  -21.066  -13.592   -3.689   -2.851   -2.847   -1.725
   -0.031   -0.019    3.446    5.446    5.456    5.778    6.646    6.657    7.748    8.633
   11.006   13.658   14.503   14.543   15.425   17.146
            0.008333  0.014434  0.000000
  -45.656  -24.223  -23.314  -23.312  -21.067  -13.593   -3.691   -2.849   -2.847   -1.725
   -0.025   -0.017    3.446    5.448    5.453    5.774    6.649    6.655    7.742    8.625
   11.001   13.655   14.516   14.539   15.433   17.148
            0.005556  0.009623  0.000000
  -45.656  -24.223  -23.312  -23.312  -21.067  -13.594   -3.692   -2.848   -2.847   -1.726
   -0.020   -0.016    3.445    5.449    5.452    5.771    6.651    6.653    7.739    8.618
   10.997   13.652   14.526   14.536   15.439   17.149
            0.002778  0.004811  0.000000
  -45.657  -24.224  -23.312  -23.311  -21.067  -13.594   -3.693   -2.847   -2.847   -1.726
   -0.017   -0.016    3.445    5.450    5.451    5.769    6.652    6.652    7.736    8.615
   10.995   13.650   14.531   14.534   15.443   17.150
            0.000000  0.000000  0.000000
  -45.657  -24.224  -23.311  -23.311  -21.068  -13.594   -3.693   -2.847   -2.847   -1.726
   -0.016   -0.016    3.445    5.450    5.450    5.768    6.652    6.652    7.736    8.613
   10.994   13.650   14.533   14.533   15.444   17.150
