 &plot nbnd=  26, nks=   361 /
            0.000000  0.000000  0.000000
  -44.788  -23.027  -22.625  -22.625  -12.658  -12.095   -2.019    0.040    0.313    0.313
    1.503    1.503    4.338    6.067    6.067    6.769    6.769    6.909    8.464    9.562
   11.421   13.731   13.731   14.028   14.751   15.371
            0.004167  0.002406  0.000000
  -44.788  -23.027  -22.625  -22.625  -12.658  -12.095   -2.019    0.040    0.313    0.313
    1.502    1.503    4.338    6.067    6.067    6.769    6.769    6.910    8.464    9.564
   11.421   13.726   13.732   14.032   14.751   15.368
            0.008333  0.004811  0.000000
  -44.788  -23.027  -22.625  -22.625  -12.658  -12.095   -2.018    0.039    0.312    0.313
    1.500    1.502    4.338    6.066    6.068    6.768    6.770    6.912    8.466    9.567
   11.422   13.713   13.734   14.045   14.752   15.360
            0.012500  0.007217  0.000000
  -44.788  -23.026  -22.626  -22.625  -12.657  -12.095   -2.017    0.038    0.310    0.313
    1.496    1.501    4.338    6.064    6.069    6.767    6.771    6.917    8.469    9.572
   11.423   13.692   13.736   14.064   14.753   15.346
            0.016667  0.009623  0.000000
  -44.788  -23.026  -22.626  -22.625  -12.656  -12.095   -2.016    0.036    0.308    0.312
    1.491    1.500    4.339    6.062    6.070    6.766    6.773    6.923    8.473    9.580
   11.425   13.666   13.740   14.087   14.754   15.328
            0.020833  0.012028  0.000000
  -44.788  -23.026  -22.627  -22.625  -12.655  -12.094   -2.014    0.033    0.306    0.312
    1.484    1.499    4.339    6.059    6.071    6.764    6.776    6.930    8.479    9.590
   11.428   13.636   13.746   14.113   14.756   15.304
            0.025000  0.014434  0.000000
  -44.788  -23.026  -22.628  -22.626  -12.654  -12.094   -2.012    0.030    0.303    0.311
    1.476    1.497    4.339    6.055    6.073    6.762    6.779    6.940    8.485    9.602
   11.431   13.604   13.752   14.142   14.757   15.277
            0.029167  0.016839  0.000000
  -44.788  -23.026  -22.628  -22.626  -12.653  -12.093   -2.009    0.027    0.299    0.310
    1.466    1.495    4.340    6.051    6.075    6.760    6.782    6.950    8.493    9.616
   11.435   13.570   13.759   14.171   14.759   15.246
            0.033333  0.019245  0.000000
  -44.788  -23.025  -22.630  -22.626  -12.651  -12.092   -2.006    0.023    0.295    0.309
    1.455    1.492    4.340    6.046    6.077    6.757    6.786    6.963    8.501    9.632
   11.440   13.534   13.768   14.200   14.761   15.212
            0.037500  0.021651  0.000000
  -44.788  -23.025  -22.631  -22.626  -12.649  -12.091   -2.003    0.018    0.290    0.308
    1.443    1.490    4.340    6.041    6.080    6.754    6.791    6.977    8.511    9.650
   11.445   13.498   13.778   14.231   14.764   15.175
            0.041667  0.024056  0.000000
  -44.788  -23.025  -22.632  -22.627  -12.647  -12.090   -1.999    0.013    0.285    0.307
    1.429    1.487    4.341    6.035    6.083    6.751    6.796    6.992    8.522    9.670
   11.451   13.461   13.788   14.261   14.766   15.136
            0.045833  0.026462  0.000000
  -44.787  -23.024  -22.634  -22.627  -12.644  -12.089   -1.995    0.007    0.279    0.306
    1.414    1.483    4.341    6.029    6.086    6.748    6.801    7.009    8.534    9.692
   11.457   13.423   13.800   14.291   14.768   15.096
            0.050000  0.028868  0.000000
  -44.787  -23.024  -22.635  -22.627  -12.641  -12.088   -1.990    0.001    0.273    0.305
    1.397    1.480    4.342    6.022    6.089    6.744    6.807    7.027    8.548    9.715
   11.464   13.385   13.813   14.320   14.769   15.054
            0.054167  0.031273  0.000000
  -44.787  -23.024  -22.637  -22.628  -12.639  -12.087   -1.985   -0.006    0.267    0.303
    1.380    1.476    4.342    6.015    6.093    6.741    6.814    7.047    8.562    9.740
   11.471   13.347   13.827   14.349   14.770   15.012
            0.058333  0.033679  0.000000
  -44.787  -23.023  -22.639  -22.628  -12.635  -12.085   -1.980   -0.014    0.260    0.302
    1.361    1.472    4.343    6.008    6.098    6.737    6.821    7.068    8.577    9.767
   11.480   13.308   13.843   14.378   14.769   14.971
            0.062500  0.036084  0.000000
  -44.787  -23.023  -22.641  -22.628  -12.632  -12.084   -1.974   -0.023    0.253    0.300
    1.341    1.467    4.343    6.000    6.102    6.733    6.828    7.090    8.594    9.796
   11.488   13.269   13.859   14.406   14.764   14.932
            0.066667  0.038490  0.000000
  -44.787  -23.022  -22.643  -22.629  -12.629  -12.082   -1.968   -0.032    0.246    0.298
    1.320    1.463    4.343    5.992    6.107    6.730    6.836    7.113    8.611    9.826
   11.498   13.231   13.876   14.432   14.754   14.899
            0.070833  0.040896  0.000000
  -44.786  -23.022  -22.645  -22.629  -12.625  -12.080   -1.961   -0.042    0.238    0.296
    1.298    1.458    4.344    5.984    6.112    6.726    6.845    7.137    8.630    9.857
   11.508   13.192   13.895   14.458   14.736   14.875
            0.075000  0.043301  0.000000
  -44.786  -23.021  -22.647  -22.630  -12.621  -12.079   -1.954   -0.053    0.231    0.294
    1.275    1.452    4.344    5.976    6.118    6.723    6.853    7.163    8.649    9.890
   11.518   13.153   13.914   14.481   14.707   14.861
            0.079167  0.045707  0.000000
  -44.786  -23.020  -22.650  -22.630  -12.617  -12.077   -1.947   -0.065    0.223    0.292
    1.251    1.447    4.344    5.967    6.124    6.719    6.863    7.189    8.670    9.924
   11.530   13.114   13.934   14.502   14.672   14.856
            0.083333  0.048113  0.000000
  -44.786  -23.020  -22.653  -22.631  -12.612  -12.075   -1.940   -0.077    0.215    0.290
    1.226    1.441    4.344    5.959    6.130    6.716    6.872    7.216    8.692    9.958
   11.541   13.076   13.956   14.517   14.637   14.856
            0.087500  0.050518  0.000000
  -44.786  -23.019  -22.655  -22.631  -12.608  -12.073   -1.932   -0.090    0.206    0.287
    1.200    1.435    4.343    5.950    6.137    6.713    6.882    7.244    8.714    9.994
   11.554   13.038   13.978   14.518   14.611   14.860
            0.091667  0.052924  0.000000
  -44.785  -23.018  -22.658  -22.632  -12.603  -12.070   -1.924   -0.104    0.198    0.284
    1.173    1.429    4.343    5.942    6.144    6.710    6.892    7.273    8.738   10.031
   11.567   12.999   14.002   14.496   14.604   14.866
            0.095833  0.055329  0.000000
  -44.785  -23.017  -22.661  -22.633  -12.598  -12.068   -1.915   -0.119    0.189    0.282
    1.146    1.423    4.343    5.934    6.152    6.707    6.903    7.302    8.762   10.069
   11.581   12.962   14.026   14.459   14.610   14.875
            0.100000  0.057735  0.000000
  -44.785  -23.017  -22.664  -22.633  -12.593  -12.066   -1.906   -0.135    0.181    0.279
    1.118    1.417    4.342    5.926    6.159    6.705    6.914    7.333    8.788   10.107
   11.595   12.924   14.052   14.415   14.619   14.887
            0.104167  0.060141  0.000000
  -44.785  -23.016  -22.667  -22.634  -12.588  -12.063   -1.897   -0.151    0.172    0.276
    1.090    1.410    4.341    5.918    6.168    6.703    6.925    7.363    8.814   10.147
   11.610   12.887   14.078   14.369   14.627   14.900
            0.108333  0.062546  0.000000
  -44.784  -23.015  -22.671  -22.635  -12.582  -12.061   -1.888   -0.168    0.163    0.273
    1.061    1.403    4.339    5.911    6.176    6.701    6.937    7.395    8.841   10.186
   11.625   12.851   14.105   14.322   14.634   14.915
            0.112500  0.064952  0.000000
  -44.784  -23.014  -22.674  -22.635  -12.576  -12.058   -1.878   -0.186    0.154    0.269
    1.032    1.396    4.338    5.904    6.185    6.700    6.949    7.426    8.869   10.226
   11.641   12.815   14.133   14.275   14.638   14.933
            0.116667  0.067358  0.000000
  -44.784  -23.013  -22.678  -22.636  -12.571  -12.055   -1.868   -0.205    0.144    0.266
    1.002    1.389    4.336    5.897    6.195    6.699    6.961    7.459    8.898   10.267
   11.657   12.779   14.162   14.229   14.640   14.951
            0.120833  0.069763  0.000000
  -44.783  -23.012  -22.681  -22.637  -12.565  -12.052   -1.858   -0.224    0.135    0.262
    0.972    1.382    4.334    5.891    6.204    6.698    6.974    7.491    8.928   10.307
   11.674   12.744   14.183   14.192   14.640   14.971
            0.125000  0.072169  0.000000
  -44.783  -23.011  -22.685  -22.638  -12.558  -12.049   -1.847   -0.244    0.125    0.259
    0.942    1.374    4.331    5.885    6.215    6.697    6.987    7.524    8.958   10.348
   11.692   12.710   14.138   14.222   14.638   14.992
            0.129167  0.074574  0.000000
  -44.783  -23.010  -22.689  -22.639  -12.552  -12.046   -1.836   -0.264    0.115    0.255
    0.911    1.367    4.329    5.880    6.225    6.697    6.999    7.557    8.989   10.389
   11.710   12.676   14.093   14.254   14.634   15.013
            0.133333  0.076980  0.000000
  -44.782  -23.009  -22.693  -22.639  -12.546  -12.043   -1.825   -0.286    0.105    0.251
    0.880    1.359    4.325    5.875    6.236    6.698    7.013    7.590    9.021   10.430
   11.728   12.643   14.050   14.286   14.628   15.035
            0.137500  0.079386  0.000000
  -44.782  -23.008  -22.697  -22.640  -12.539  -12.039   -1.814   -0.307    0.094    0.247
    0.850    1.352    4.322    5.871    6.248    6.699    7.026    7.624    9.053   10.470
   11.746   12.611   14.008   14.318   14.621   15.057
            0.141667  0.081791  0.000000
  -44.782  -23.007  -22.701  -22.641  -12.532  -12.036   -1.802   -0.330    0.083    0.242
    0.819    1.344    4.318    5.868    6.260    6.700    7.040    7.657    9.086   10.511
   11.765   12.580   13.967   14.352   14.612   15.079
            0.145833  0.084197  0.000000
  -44.781  -23.006  -22.705  -22.642  -12.525  -12.032   -1.790   -0.353    0.072    0.238
    0.789    1.336    4.314    5.865    6.272    6.701    7.053    7.691    9.120   10.551
   11.784   12.550   13.928   14.386   14.601   15.100
            0.150000  0.086603  0.000000
  -44.781  -23.005  -22.709  -22.643  -12.518  -12.029   -1.779   -0.376    0.060    0.233
    0.759    1.328    4.309    5.864    6.285    6.703    7.067    7.725    9.154   10.590
   11.802   12.521   13.890   14.421   14.590   15.121
            0.154167  0.089008  0.000000
  -44.781  -23.004  -22.714  -22.644  -12.511  -12.025   -1.766   -0.400    0.047    0.229
    0.729    1.320    4.304    5.863    6.298    6.706    7.081    7.758    9.189   10.629
   11.821   12.493   13.854   14.456   14.577   15.142
            0.158333  0.091414  0.000000
  -44.780  -23.003  -22.718  -22.645  -12.504  -12.021   -1.754   -0.424    0.034    0.224
    0.699    1.312    4.298    5.863    6.312    6.708    7.095    7.792    9.223   10.668
   11.839   12.466   13.820   14.492   14.563   15.161
            0.162500  0.093819  0.000000
  -44.780  -23.001  -22.722  -22.646  -12.496  -12.017   -1.742   -0.449    0.020    0.219
    0.670    1.304    4.292    5.863    6.326    6.711    7.109    7.825    9.259   10.705
   11.857   12.440   13.788   14.528   14.548   15.180
            0.166667  0.096225  0.000000
  -44.779  -23.000  -22.727  -22.647  -12.489  -12.013   -1.729   -0.474    0.006    0.214
    0.642    1.296    4.286    5.865    6.340    6.715    7.124    7.859    9.294   10.743
   11.873   12.416   13.758   14.533   14.564   15.197
            0.170833  0.098631  0.000000
  -44.779  -22.999  -22.732  -22.648  -12.481  -12.009   -1.716   -0.499   -0.009    0.208
    0.614    1.288    4.279    5.867    6.355    6.719    7.138    7.892    9.329   10.779
   11.889   12.393   13.731   14.516   14.601   15.214
            0.175000  0.101036  0.000000
  -44.779  -22.998  -22.736  -22.649  -12.474  -12.005   -1.703   -0.525   -0.025    0.203
    0.587    1.279    4.272    5.871    6.370    6.723    7.152    7.925    9.365   10.814
   11.904   12.371   13.707   14.499   14.638   15.228
            0.179167  0.103442  0.000000
  -44.778  -22.996  -22.741  -22.650  -12.466  -12.001   -1.690   -0.551   -0.042    0.197
    0.561    1.271    4.265    5.875    6.386    6.728    7.167    7.959    9.400   10.849
   11.917   12.351   13.686   14.481   14.676   15.241
            0.183333  0.105848  0.000000
  -44.778  -22.995  -22.746  -22.651  -12.458  -11.996   -1.677   -0.577   -0.060    0.192
    0.536    1.263    4.257    5.880    6.403    6.733    7.181    7.992    9.436   10.882
   11.929   12.333   13.668   14.462   14.713   15.253
            0.187500  0.108253  0.000000
  -44.777  -22.994  -22.751  -22.652  -12.450  -11.992   -1.664   -0.604   -0.079    0.186
    0.512    1.255    4.249    5.886    6.419    6.738    7.196    8.024    9.471   10.915
   11.938   12.317   13.653   14.442   14.751   15.262
            0.191667  0.110659  0.000000
  -44.777  -22.993  -22.755  -22.653  -12.442  -11.987   -1.651   -0.630   -0.099    0.180
    0.489    1.247    4.241    5.893    6.437    6.744    7.210    8.057    9.506   10.946
   11.946   12.302   13.642   14.423   14.788   15.269
            0.195833  0.113064  0.000000
  -44.777  -22.991  -22.760  -22.654  -12.434  -11.982   -1.638   -0.657   -0.119    0.174
    0.467    1.239    4.232    5.901    6.454    6.750    7.224    8.089    9.541   10.977
   11.951   12.289   13.635   14.402   14.825   15.275
            0.200000  0.115470  0.000000
  -44.776  -22.990  -22.765  -22.655  -12.426  -11.978   -1.625   -0.684   -0.141    0.168
    0.446    1.231    4.223    5.910    6.472    6.756    7.239    8.122    9.575   11.007
   11.955   12.278   13.632   14.382   14.862   15.278
            0.204167  0.117876  0.000000
  -44.776  -22.989  -22.770  -22.656  -12.418  -11.973   -1.612   -0.711   -0.164    0.162
    0.426    1.223    4.213    5.920    6.491    6.763    7.253    8.154    9.608   11.035
   11.956   12.267   13.632   14.361   14.899   15.278
            0.208333  0.120281  0.000000
  -44.775  -22.987  -22.775  -22.657  -12.410  -11.968   -1.599   -0.738   -0.188    0.155
    0.407    1.215    4.204    5.930    6.510    6.770    7.267    8.186    9.641   11.062
   11.955   12.258   13.636   14.340   14.935   15.277
            0.212500  0.122687  0.000000
  -44.775  -22.986  -22.780  -22.658  -12.402  -11.963   -1.586   -0.765   -0.212    0.149
    0.390    1.207    4.194    5.942    6.529    6.777    7.282    8.217    9.672   11.089
   11.953   12.250   13.645   14.319   14.970   15.272
            0.216667  0.125093  0.000000
  -44.774  -22.985  -22.785  -22.659  -12.394  -11.957   -1.573   -0.792   -0.238    0.142
    0.373    1.199    4.184    5.954    6.549    6.784    7.296    8.249    9.703   11.114
   11.949   12.242   13.657   14.298   15.005   15.266
            0.220833  0.127498  0.000000
  -44.774  -22.983  -22.790  -22.660  -12.386  -11.952   -1.560   -0.819   -0.264    0.136
    0.358    1.191    4.174    5.968    6.570    6.792    7.310    8.280    9.733   11.138
   11.944   12.235   13.673   14.277   15.038   15.257
            0.225000  0.129904  0.000000
  -44.773  -22.982  -22.796  -22.661  -12.378  -11.947   -1.548   -0.846   -0.291    0.129
    0.343    1.183    4.164    5.982    6.590    6.800    7.324    8.311    9.762   11.161
   11.938   12.228   13.692   14.256   15.070   15.245
            0.229167  0.132309  0.000000
  -44.773  -22.980  -22.801  -22.663  -12.369  -11.941   -1.535   -0.873   -0.319    0.122
    0.329    1.175    4.153    5.997    6.612    6.808    7.337    8.342    9.790   11.183
   11.931   12.221   13.715   14.236   15.101   15.232
            0.233333  0.134715  0.000000
  -44.773  -22.979  -22.806  -22.664  -12.361  -11.936   -1.523   -0.899   -0.347    0.115
    0.317    1.168    4.143    6.012    6.633    6.816    7.351    8.372    9.816   11.204
   11.924   12.215   13.740   14.216   15.130   15.216
            0.237500  0.137121  0.000000
  -44.772  -22.978  -22.811  -22.665  -12.353  -11.930   -1.512   -0.925   -0.376    0.108
    0.305    1.160    4.132    6.029    6.655    6.825    7.365    8.403    9.841   11.224
   11.916   12.208   13.768   14.197   15.157   15.198
            0.241667  0.139526  0.000000
  -44.772  -22.976  -22.816  -22.666  -12.345  -11.924   -1.500   -0.951   -0.405    0.101
    0.294    1.153    4.122    6.046    6.678    6.833    7.378    8.433    9.865   11.242
   11.908   12.202   13.798   14.180   15.178   15.181
            0.245833  0.141932  0.000000
  -44.771  -22.975  -22.821  -22.667  -12.337  -11.919   -1.490   -0.976   -0.434    0.094
    0.283    1.145    4.111    6.064    6.700    6.842    7.391    8.463    9.887   11.260
   11.900   12.197   13.828   14.163   15.157   15.203
            0.250000  0.144338  0.000000
  -44.771  -22.973  -22.826  -22.668  -12.329  -11.913   -1.479   -1.001   -0.464    0.087
    0.273    1.138    4.101    6.083    6.723    6.851    7.404    8.493    9.907   11.276
   11.892   12.191   13.859   14.150   15.134   15.223
            0.254167  0.146743  0.000000
  -44.770  -22.972  -22.832  -22.669  -12.321  -11.907   -1.470   -1.025   -0.494    0.080
    0.264    1.131    4.091    6.102    6.747    6.861    7.417    8.523    9.926   11.291
   11.883   12.186   13.889   14.139   15.110   15.239
            0.258333  0.149149  0.000000
  -44.770  -22.971  -22.837  -22.670  -12.313  -11.901   -1.461   -1.049   -0.524    0.073
    0.256    1.123    4.080    6.123    6.771    6.870    7.430    8.552    9.944   11.305
   11.875   12.182   13.915   14.133   15.084   15.251
            0.262500  0.151554  0.000000
  -44.769  -22.969  -22.842  -22.671  -12.305  -11.894   -1.454   -1.071   -0.554    0.065
    0.248    1.116    4.070    6.143    6.795    6.879    7.442    8.581    9.960   11.317
   11.867   12.179   13.936   14.135   15.058   15.259
            0.266667  0.153960  0.000000
  -44.769  -22.968  -22.847  -22.673  -12.298  -11.888   -1.448   -1.092   -0.584    0.058
    0.240    1.109    4.060    6.165    6.820    6.889    7.455    8.610    9.974   11.328
   11.860   12.176   13.948   14.146   15.031   15.264
            0.270833  0.156366  0.000000
  -44.768  -22.967  -22.852  -22.674  -12.290  -11.882   -1.444   -1.111   -0.614    0.051
    0.233    1.102    4.050    6.187    6.845    6.898    7.467    8.639    9.987   11.338
   11.852   12.173   13.952   14.165   15.003   15.264
            0.275000  0.158771  0.000000
  -44.768  -22.965  -22.857  -22.675  -12.282  -11.876   -1.441   -1.128   -0.644    0.043
    0.226    1.096    4.040    6.209    6.870    6.908    7.479    8.667    9.998   11.346
   11.845   12.172   13.950   14.191   14.976   15.261
            0.279167  0.161177  0.000000
  -44.768  -22.964  -22.862  -22.676  -12.275  -11.869   -1.441   -1.143   -0.673    0.036
    0.220    1.089    4.031    6.232    6.896    6.918    7.491    8.696   10.008   11.352
   11.839   12.170   13.943   14.220   14.948   15.253
            0.283333  0.163583  0.000000
  -44.767  -22.962  -22.867  -22.677  -12.267  -11.863   -1.443   -1.156   -0.703    0.029
    0.214    1.082    4.021    6.256    6.922    6.927    7.502    8.724   10.016   11.357
   11.834   12.170   13.933   14.252   14.922   15.241
            0.287500  0.165988  0.000000
  -44.767  -22.961  -22.872  -22.678  -12.260  -11.856   -1.448   -1.166   -0.732    0.021
    0.209    1.076    4.012    6.280    6.937    6.948    7.513    8.752   10.022   11.360
   11.829   12.169   13.921   14.283   14.896   15.225
            0.291667  0.168394  0.000000
  -44.766  -22.960  -22.877  -22.679  -12.253  -11.850   -1.456   -1.173   -0.760    0.014
    0.203    1.069    4.003    6.305    6.947    6.974    7.524    8.779   10.028   11.362
   11.825   12.169   13.909   14.312   14.872   15.206
            0.295833  0.170799  0.000000
  -44.766  -22.958  -22.882  -22.680  -12.246  -11.843   -1.467   -1.178   -0.789    0.007
    0.198    1.063    3.994    6.330    6.957    7.001    7.535    8.807   10.032   11.362
   11.822   12.170   13.895   14.339   14.850   15.183
            0.300000  0.173205  0.000000
  -44.765  -22.957  -22.887  -22.681  -12.239  -11.837   -1.480   -1.180   -0.817   -0.000
    0.194    1.057    3.986    6.355    6.967    7.028    7.546    8.834   10.035   11.360
   11.820   12.170   13.880   14.362   14.831   15.158
            0.304167  0.175611  0.000000
  -44.765  -22.956  -22.892  -22.682  -12.232  -11.830   -1.495   -1.181   -0.844   -0.008
    0.189    1.051    3.978    6.381    6.976    7.055    7.556    8.861   10.036   11.357
   11.819   12.170   13.864   14.381   14.815   15.130
            0.308333  0.178016  0.000000
  -44.764  -22.954  -22.896  -22.683  -12.225  -11.823   -1.511   -1.180   -0.871   -0.015
    0.185    1.045    3.970    6.407    6.986    7.082    7.567    8.887   10.037   11.353
   11.819   12.171   13.847   14.396   14.802   15.099
            0.312500  0.180422  0.000000
  -44.764  -22.953  -22.901  -22.684  -12.218  -11.817   -1.529   -1.178   -0.897   -0.022
    0.181    1.039    3.962    6.433    6.996    7.110    7.577    8.914   10.037   11.347
   11.819   12.171   13.829   14.406   14.793   15.067
            0.316667  0.182828  0.000000
  -44.764  -22.952  -22.906  -22.685  -12.212  -11.810   -1.548   -1.176   -0.922   -0.029
    0.177    1.033    3.955    6.460    7.006    7.137    7.586    8.940   10.035   11.341
   11.820   12.171   13.809   14.412   14.787   15.033
            0.320833  0.185233  0.000000
  -44.763  -22.951  -22.910  -22.686  -12.205  -11.803   -1.568   -1.173   -0.946   -0.036
    0.174    1.027    3.948    6.486    7.016    7.165    7.596    8.966   10.033   11.334
   11.821   12.171   13.788   14.414   14.783   14.998
            0.325000  0.187639  0.000000
  -44.763  -22.949  -22.915  -22.687  -12.199  -11.796   -1.588   -1.171   -0.968   -0.043
    0.170    1.022    3.941    6.513    7.026    7.192    7.605    8.991   10.030   11.325
   11.823   12.171   13.764   14.413   14.781   14.961
            0.329167  0.190044  0.000000
  -44.762  -22.948  -22.919  -22.688  -12.193  -11.790   -1.609   -1.169   -0.989   -0.050
    0.167    1.016    3.935    6.540    7.036    7.220    7.614    9.016   10.026   11.317
   11.825   12.171   13.738   14.410   14.780   14.923
            0.333333  0.192450  0.000000
  -44.762  -22.947  -22.924  -22.689  -12.187  -11.783   -1.630   -1.169   -1.007   -0.057
    0.164    1.011    3.928    6.567    7.046    7.248    7.623    9.041   10.021   11.307
   11.827   12.171   13.711   14.406   14.779   14.885
            0.337500  0.194856  0.000000
  -44.762  -22.946  -22.928  -22.690  -12.181  -11.776   -1.651   -1.171   -1.023   -0.063
    0.161    1.006    3.923    6.595    7.056    7.276    7.632    9.066   10.016   11.298
   11.829   12.170   13.681   14.402   14.777   14.846
            0.341667  0.197261  0.000000
  -44.761  -22.945  -22.932  -22.691  -12.175  -11.770   -1.672   -1.177   -1.035   -0.070
    0.159    1.001    3.917    6.622    7.066    7.304    7.640    9.090   10.011   11.288
   11.832   12.170   13.649   14.397   14.775   14.806
            0.345833  0.199667  0.000000
  -44.761  -22.944  -22.936  -22.692  -12.170  -11.763   -1.693   -1.185   -1.043   -0.076
    0.156    0.996    3.912    6.649    7.076    7.332    7.648    9.114   10.004   11.278
   11.834   12.169   13.615   14.393   14.766   14.772
            0.350000  0.202073  0.000000
  -44.760  -22.944  -22.938  -22.693  -12.164  -11.757   -1.713   -1.197   -1.048   -0.083
    0.154    0.991    3.907    6.675    7.086    7.359    7.656    9.137    9.998   11.267
   11.836   12.169   13.580   14.388   14.726   14.768
            0.354167  0.204478  0.000000
  -44.760  -22.946  -22.939  -22.694  -12.159  -11.750   -1.734   -1.211   -1.049   -0.089
    0.152    0.986    3.902    6.702    7.097    7.387    7.664    9.160    9.991   11.257
   11.837   12.168   13.543   14.384   14.685   14.763
            0.358333  0.206884  0.000000
  -44.760  -22.950  -22.939  -22.695  -12.154  -11.744   -1.754   -1.226   -1.049   -0.095
    0.150    0.982    3.898    6.728    7.107    7.414    7.672    9.183    9.984   11.247
   11.839   12.167   13.505   14.380   14.645   14.756
            0.362500  0.209289  0.000000
  -44.759  -22.953  -22.938  -22.696  -12.149  -11.737   -1.774   -1.243   -1.046   -0.101
    0.148    0.977    3.894    6.753    7.118    7.441    7.679    9.205    9.976   11.236
   11.840   12.166   13.466   14.375   14.605   14.748
            0.366667  0.211695  0.000000
  -44.759  -22.957  -22.937  -22.697  -12.144  -11.731   -1.794   -1.261   -1.043   -0.107
    0.146    0.973    3.890    6.779    7.129    7.468    7.687    9.227    9.969   11.226
   11.841   12.165   13.426   14.370   14.564   14.738
            0.370833  0.214101  0.000000
  -44.759  -22.960  -22.936  -22.697  -12.139  -11.725   -1.813   -1.279   -1.039   -0.113
    0.144    0.969    3.887    6.803    7.141    7.494    7.694    9.248    9.961   11.216
   11.842   12.165   13.385   14.365   14.524   14.728
            0.375000  0.216506  0.000000
  -44.758  -22.964  -22.935  -22.698  -12.135  -11.719   -1.832   -1.297   -1.034   -0.119
    0.143    0.965    3.883    6.827    7.153    7.520    7.701    9.269    9.953   11.206
   11.843   12.164   13.344   14.360   14.485   14.715
            0.379167  0.218912  0.000000
  -44.758  -22.967  -22.934  -22.699  -12.130  -11.713   -1.850   -1.314   -1.029   -0.124
    0.141    0.961    3.880    6.850    7.165    7.546    7.708    9.289    9.945   11.196
   11.843   12.163   13.303   14.354   14.446   14.702
            0.383333  0.221318  0.000000
  -44.758  -22.971  -22.933  -22.700  -12.126  -11.707   -1.868   -1.332   -1.025   -0.130
    0.140    0.957    3.878    6.872    7.178    7.571    7.715    9.309    9.938   11.187
   11.844   12.162   13.263   14.348   14.407   14.688
            0.387500  0.223723  0.000000
  -44.757  -22.974  -22.932  -22.701  -12.122  -11.701   -1.886   -1.349   -1.020   -0.135
    0.138    0.953    3.875    6.893    7.191    7.595    7.722    9.327    9.930   11.177
   11.844   12.161   13.222   14.341   14.369   14.672
            0.391667  0.226129  0.000000
  -44.757  -22.977  -22.931  -22.701  -12.118  -11.696   -1.903   -1.365   -1.015   -0.140
    0.137    0.949    3.873    6.913    7.205    7.618    7.730    9.346    9.923   11.168
   11.844   12.160   13.182   14.331   14.333   14.656
            0.395833  0.228534  0.000000
  -44.757  -22.980  -22.931  -22.702  -12.114  -11.690   -1.920   -1.382   -1.010   -0.145
    0.136    0.946    3.871    6.931    7.220    7.640    7.737    9.363    9.916   11.159
   11.843   12.159   13.143   14.295   14.325   14.639
            0.400000  0.230940  0.000000
  -44.757  -22.983  -22.930  -22.703  -12.111  -11.685   -1.936   -1.397   -1.005   -0.150
    0.135    0.943    3.869    6.949    7.235    7.661    7.746    9.380    9.909   11.151
   11.842   12.158   13.105   14.259   14.316   14.621
            0.404167  0.233346  0.000000
  -44.756  -22.986  -22.929  -22.703  -12.107  -11.680   -1.951   -1.413   -1.000   -0.154
    0.134    0.939    3.867    6.965    7.251    7.679    7.756    9.396    9.903   11.142
   11.841   12.157   13.067   14.224   14.306   14.603
            0.408333  0.235751  0.000000
  -44.756  -22.989  -22.928  -22.704  -12.104  -11.675   -1.966   -1.427   -0.995   -0.159
    0.133    0.936    3.866    6.980    7.267    7.695    7.768    9.411    9.897   11.134
   11.840   12.156   13.031   14.190   14.296   14.584
            0.412500  0.238157  0.000000
  -44.756  -22.991  -22.927  -22.704  -12.101  -11.670   -1.981   -1.441   -0.991   -0.163
    0.132    0.933    3.864    6.993    7.284    7.709    7.782    9.425    9.891   11.126
   11.838   12.155   12.996   14.157   14.286   14.566
            0.416667  0.240563  0.000000
  -44.756  -22.994  -22.927  -22.705  -12.097  -11.665   -1.994   -1.455   -0.987   -0.167
    0.132    0.930    3.863    7.006    7.301    7.719    7.797    9.438    9.887   11.119
   11.836   12.154   12.963   14.125   14.275   14.547
            0.420833  0.242968  0.000000
  -44.755  -22.996  -22.926  -22.706  -12.095  -11.661   -2.008   -1.467   -0.983   -0.171
    0.131    0.928    3.862    7.017    7.318    7.728    7.813    9.450    9.883   11.112
   11.833   12.153   12.931   14.094   14.264   14.529
            0.425000  0.245374  0.000000
  -44.755  -22.999  -22.925  -22.706  -12.092  -11.656   -2.020   -1.480   -0.979   -0.175
    0.130    0.925    3.861    7.027    7.335    7.735    7.831    9.461    9.879   11.105
   11.830   12.153   12.900   14.064   14.253   14.511
            0.429167  0.247779  0.000000
  -44.755  -23.001  -22.925  -22.707  -12.089  -11.652   -2.032   -1.491   -0.975   -0.178
    0.130    0.923    3.861    7.037    7.353    7.741    7.848    9.471    9.877   11.098
   11.826   12.153   12.871   14.035   14.242   14.493
            0.433333  0.250185  0.000000
  -44.755  -23.003  -22.924  -22.707  -12.087  -11.649   -2.044   -1.502   -0.972   -0.182
    0.129    0.920    3.860    7.045    7.370    7.746    7.865    9.480    9.875   11.092
   11.821   12.153   12.844   14.008   14.230   14.476
            0.437500  0.252591  0.000000
  -44.755  -23.005  -22.924  -22.707  -12.084  -11.645   -2.054   -1.512   -0.969   -0.185
    0.129    0.918    3.860    7.053    7.386    7.750    7.881    9.488    9.874   11.087
   11.815   12.154   12.819   13.982   14.219   14.459
            0.441667  0.254996  0.000000
  -44.754  -23.007  -22.923  -22.708  -12.082  -11.641   -2.064   -1.522   -0.965   -0.188
    0.128    0.916    3.859    7.059    7.403    7.754    7.897    9.494    9.874   11.082
   11.809   12.155   12.795   13.958   14.208   14.444
            0.445833  0.257402  0.000000
  -44.754  -23.008  -22.923  -22.708  -12.080  -11.638   -2.074   -1.531   -0.963   -0.190
    0.128    0.914    3.859    7.065    7.418    7.757    7.912    9.500    9.874   11.077
   11.802   12.156   12.773   13.935   14.197   14.428
            0.450000  0.259808  0.000000
  -44.754  -23.010  -22.922  -22.709  -12.078  -11.635   -2.083   -1.539   -0.960   -0.193
    0.127    0.913    3.858    7.071    7.433    7.761    7.926    9.505    9.875   11.072
   11.795   12.159   12.752   13.913   14.187   14.414
            0.454167  0.262213  0.000000
  -44.754  -23.011  -22.922  -22.709  -12.077  -11.632   -2.091   -1.547   -0.958   -0.195
    0.127    0.911    3.858    7.076    7.447    7.763    7.940    9.508    9.876   11.068
   11.788   12.161   12.733   13.893   14.177   14.401
            0.458333  0.264619  0.000000
  -44.754  -23.013  -22.921  -22.709  -12.075  -11.630   -2.098   -1.554   -0.955   -0.198
    0.127    0.910    3.858    7.080    7.461    7.766    7.952    9.511    9.878   11.065
   11.780   12.164   12.716   13.875   14.167   14.388
            0.462500  0.267024  0.000000
  -44.754  -23.014  -22.921  -22.710  -12.074  -11.627   -2.105   -1.561   -0.953   -0.200
    0.126    0.908    3.858    7.084    7.473    7.768    7.963    9.514    9.880   11.062
   11.772   12.167   12.701   13.858   14.159   14.377
            0.466667  0.269430  0.000000
  -44.754  -23.015  -22.921  -22.710  -12.072  -11.625   -2.111   -1.566   -0.952   -0.201
    0.126    0.907    3.858    7.087    7.484    7.770    7.974    9.516    9.882   11.059
   11.764   12.170   12.687   13.843   14.151   14.367
            0.470833  0.271836  0.000000
  -44.754  -23.016  -22.920  -22.710  -12.071  -11.623   -2.116   -1.571   -0.950   -0.203
    0.126    0.906    3.858    7.090    7.494    7.772    7.983    9.517    9.884   11.057
   11.757   12.174   12.674   13.829   14.144   14.358
            0.475000  0.274241  0.000000
  -44.753  -23.017  -22.920  -22.710  -12.070  -11.622   -2.121   -1.576   -0.949   -0.204
    0.126    0.905    3.858    7.093    7.503    7.773    7.991    9.518    9.887   11.055
   11.750   12.177   12.663   13.818   14.137   14.349
            0.479167  0.276647  0.000000
  -44.753  -23.018  -22.920  -22.710  -12.069  -11.620   -2.125   -1.580   -0.947   -0.205
    0.126    0.904    3.858    7.095    7.511    7.774    7.998    9.518    9.889   11.053
   11.744   12.180   12.654   13.808   14.132   14.343
            0.483333  0.279053  0.000000
  -44.753  -23.018  -22.920  -22.710  -12.069  -11.619   -2.128   -1.583   -0.947   -0.206
    0.126    0.904    3.858    7.096    7.517    7.775    8.003    9.519    9.891   11.052
   11.738   12.183   12.646   13.800   14.128   14.337
            0.487500  0.281458  0.000000
  -44.753  -23.019  -22.920  -22.711  -12.068  -11.618   -2.131   -1.585   -0.946   -0.207
    0.125    0.903    3.858    7.098    7.522    7.776    8.007    9.519    9.892   11.051
   11.734   12.185   12.641   13.793   14.124   14.332
            0.491667  0.283864  0.000000
  -44.753  -23.019  -22.920  -22.711  -12.068  -11.618   -2.132   -1.587   -0.945   -0.208
    0.125    0.903    3.858    7.098    7.526    7.777    8.011    9.519    9.893   11.050
   11.731   12.187   12.636   13.789   14.122   14.329
            0.495833  0.286270  0.000000
  -44.753  -23.019  -22.920  -22.711  -12.068  -11.617   -2.133   -1.588   -0.945   -0.208
    0.125    0.903    3.858    7.099    7.528    7.777    8.012    9.519    9.894   11.049
   11.729   12.188   12.634   13.786   14.120   14.327
            0.500000  0.288675  0.000000
  -44.753  -23.019  -22.920  -22.711  -12.068  -11.617   -2.134   -1.588   -0.945   -0.208
    0.125    0.903    3.858    7.099    7.529    7.777    8.013    9.519    9.894   11.049
   11.728   12.188   12.633   13.785   14.120   14.327
            0.498611  0.291081  0.000000
  -44.753  -23.019  -22.920  -22.711  -12.068  -11.617   -2.134   -1.588   -0.945   -0.208
    0.125    0.902    3.858    7.099    7.528    7.777    8.013    9.519    9.894   11.050
   11.729   12.188   12.633   13.784   14.121   14.327
            0.497222  0.293486  0.000000
  -44.753  -23.019  -22.920  -22.711  -12.067  -11.617   -2.133   -1.588   -0.945   -0.208
    0.125    0.902    3.858    7.100    7.528    7.777    8.013    9.520    9.895   11.050
   11.729   12.188   12.632   13.781   14.123   14.327
            0.495833  0.295892  0.000000
  -44.753  -23.019  -22.920  -22.711  -12.067  -11.617   -2.133   -1.588   -0.945   -0.209
    0.125    0.900    3.859    7.100    7.528    7.776    8.012    9.521    9.897   11.052
   11.730   12.189   12.632   13.777   14.128   14.327
            0.494444  0.298298  0.000000
  -44.753  -23.019  -22.920  -22.711  -12.067  -11.617   -2.133   -1.588   -0.945   -0.210
    0.125    0.898    3.860    7.101    7.528    7.775    8.011    9.522    9.899   11.054
   11.731   12.189   12.631   13.770   14.134   14.327
            0.493056  0.300703  0.000000
  -44.753  -23.019  -22.919  -22.711  -12.067  -11.617   -2.132   -1.588   -0.944   -0.211
    0.125    0.896    3.862    7.103    7.527    7.774    8.010    9.524    9.901   11.057
   11.732   12.189   12.630   13.763   14.142   14.328
            0.491667  0.303109  0.000000
  -44.753  -23.019  -22.919  -22.711  -12.067  -11.617   -2.131   -1.587   -0.944   -0.212
    0.126    0.893    3.864    7.104    7.527    7.773    8.008    9.526    9.904   11.060
   11.734   12.189   12.628   13.754   14.150   14.328
            0.490278  0.305515  0.000000
  -44.753  -23.019  -22.919  -22.712  -12.067  -11.617   -2.130   -1.587   -0.944   -0.213
    0.126    0.890    3.866    7.106    7.526    7.771    8.006    9.528    9.908   11.063
   11.735   12.190   12.627   13.744   14.160   14.328
            0.488889  0.307920  0.000000
  -44.753  -23.019  -22.919  -22.712  -12.067  -11.616   -2.129   -1.587   -0.944   -0.215
    0.126    0.886    3.868    7.108    7.525    7.770    8.004    9.530    9.913   11.068
   11.738   12.190   12.625   13.733   14.171   14.329
            0.487500  0.310326  0.000000
  -44.753  -23.018  -22.919  -22.712  -12.067  -11.616   -2.128   -1.587   -0.944   -0.217
    0.126    0.881    3.871    7.111    7.524    7.768    8.002    9.533    9.918   11.073
   11.740   12.191   12.622   13.722   14.182   14.329
            0.486111  0.312731  0.000000
  -44.753  -23.018  -22.919  -22.713  -12.067  -11.616   -2.126   -1.587   -0.943   -0.219
    0.126    0.876    3.874    7.113    7.523    7.766    7.999    9.536    9.923   11.078
   11.743   12.191   12.620   13.710   14.194   14.330
            0.484722  0.315137  0.000000
  -44.753  -23.018  -22.919  -22.713  -12.066  -11.616   -2.125   -1.586   -0.943   -0.221
    0.126    0.871    3.877    7.116    7.522    7.763    7.997    9.540    9.930   11.084
   11.746   12.192   12.617   13.698   14.207   14.331
            0.483333  0.317543  0.000000
  -44.753  -23.018  -22.919  -22.713  -12.066  -11.615   -2.123   -1.586   -0.943   -0.223
    0.126    0.865    3.881    7.119    7.521    7.761    7.994    9.543    9.937   11.091
   11.749   12.193   12.614   13.685   14.219   14.332
            0.481944  0.319948  0.000000
  -44.753  -23.018  -22.919  -22.714  -12.066  -11.615   -2.121   -1.586   -0.943   -0.226
    0.126    0.858    3.885    7.123    7.520    7.758    7.991    9.547    9.944   11.098
   11.753   12.194   12.610   13.672   14.233   14.333
            0.480556  0.322354  0.000000
  -44.753  -23.017  -22.919  -22.714  -12.066  -11.615   -2.119   -1.585   -0.942   -0.229
    0.126    0.851    3.890    7.126    7.518    7.755    7.988    9.551    9.952   11.105
   11.756   12.194   12.606   13.659   14.246   14.334
            0.479167  0.324760  0.000000
  -44.753  -23.017  -22.919  -22.715  -12.066  -11.614   -2.117   -1.585   -0.942   -0.232
    0.126    0.844    3.894    7.130    7.517    7.752    7.984    9.555    9.961   11.114
   11.761   12.195   12.602   13.646   14.259   14.335
            0.477778  0.327165  0.000000
  -44.753  -23.017  -22.919  -22.716  -12.065  -11.614   -2.114   -1.585   -0.941   -0.235
    0.126    0.836    3.899    7.134    7.515    7.748    7.981    9.559    9.971   11.122
   11.765   12.196   12.597   13.633   14.272   14.336
            0.476389  0.329571  0.000000
  -44.753  -23.017  -22.919  -22.716  -12.065  -11.613   -2.112   -1.584   -0.941   -0.238
    0.126    0.828    3.904    7.138    7.514    7.745    7.977    9.563    9.981   11.131
   11.770   12.197   12.592   13.621   14.286   14.337
            0.475000  0.331976  0.000000
  -44.753  -23.016  -22.919  -22.717  -12.065  -11.613   -2.109   -1.584   -0.941   -0.241
    0.126    0.819    3.910    7.142    7.512    7.741    7.974    9.568    9.992   11.141
   11.774   12.198   12.587   13.608   14.299   14.339
            0.473611  0.334382  0.000000
  -44.753  -23.016  -22.919  -22.718  -12.064  -11.612   -2.107   -1.583   -0.940   -0.245
    0.126    0.809    3.916    7.147    7.510    7.737    7.970    9.572   10.003   11.152
   11.780   12.200   12.581   13.596   14.312   14.341
            0.472222  0.336788  0.000000
  -44.753  -23.016  -22.919  -22.718  -12.064  -11.612   -2.104   -1.583   -0.940   -0.249
    0.126    0.800    3.922    7.151    7.508    7.733    7.966    9.577   10.015   11.162
   11.785   12.201   12.575   13.584   14.324   14.344
            0.470833  0.339193  0.000000
  -44.753  -23.015  -22.919  -22.719  -12.064  -11.611   -2.101   -1.582   -0.939   -0.253
    0.126    0.790    3.928    7.156    7.506    7.729    7.963    9.582   10.028   11.174
   11.791   12.202   12.568   13.572   14.333   14.349
            0.469444  0.341599  0.000000
  -44.753  -23.015  -22.919  -22.720  -12.063  -11.611   -2.097   -1.582   -0.939   -0.257
    0.126    0.779    3.935    7.161    7.504    7.724    7.959    9.587   10.041   11.185
   11.797   12.203   12.561   13.561   14.338   14.359
            0.468056  0.344005  0.000000
  -44.753  -23.014  -22.919  -22.721  -12.063  -11.610   -2.094   -1.581   -0.938   -0.261
    0.126    0.768    3.942    7.165    7.502    7.720    7.955    9.591   10.056   11.198
   11.803   12.205   12.553   13.550   14.341   14.371
            0.466667  0.346410  0.000000
  -44.753  -23.014  -22.918  -22.722  -12.063  -11.610   -2.091   -1.581   -0.937   -0.265
    0.126    0.757    3.949    7.170    7.499    7.715    7.951    9.596   10.070   11.210
   11.809   12.206   12.545   13.540   14.343   14.383
            0.465278  0.348816  0.000000
  -44.753  -23.014  -22.918  -22.722  -12.062  -11.609   -2.087   -1.580   -0.937   -0.270
    0.126    0.745    3.956    7.175    7.497    7.711    7.948    9.601   10.086   11.224
   11.816   12.208   12.537   13.530   14.345   14.395
            0.463889  0.351221  0.000000
  -44.753  -23.013  -22.918  -22.723  -12.062  -11.608   -2.083   -1.580   -0.936   -0.275
    0.125    0.733    3.964    7.179    7.495    7.706    7.944    9.606   10.101   11.237
   11.823   12.209   12.527   13.521   14.347   14.408
            0.462500  0.353627  0.000000
  -44.753  -23.013  -22.918  -22.724  -12.061  -11.608   -2.079   -1.579   -0.936   -0.279
    0.125    0.721    3.972    7.184    7.493    7.702    7.940    9.611   10.118   11.252
   11.830   12.211   12.518   13.512   14.349   14.420
            0.461111  0.356033  0.000000
  -44.753  -23.012  -22.918  -22.725  -12.061  -11.607   -2.075   -1.578   -0.935   -0.284
    0.125    0.708    3.980    7.188    7.490    7.697    7.937    9.616   10.135   11.266
   11.837   12.213   12.508   13.504   14.351   14.432
            0.459722  0.358438  0.000000
  -44.753  -23.012  -22.918  -22.726  -12.060  -11.606   -2.071   -1.578   -0.934   -0.289
    0.124    0.695    3.988    7.192    7.488    7.692    7.933    9.621   10.153   11.281
   11.844   12.215   12.497   13.496   14.353   14.444
            0.458333  0.360844  0.000000
  -44.753  -23.011  -22.918  -22.727  -12.060  -11.605   -2.067   -1.577   -0.934   -0.294
    0.124    0.681    3.997    7.196    7.486    7.688    7.930    9.626   10.171   11.297
   11.852   12.217   12.486   13.489   14.355   14.456
            0.456944  0.363250  0.000000
  -44.753  -23.010  -22.918  -22.729  -12.060  -11.605   -2.062   -1.577   -0.933   -0.299
    0.124    0.667    4.005    7.200    7.484    7.684    7.926    9.631   10.190   11.312
   11.860   12.219   12.475   13.483   14.357   14.468
            0.455556  0.365655  0.000000
  -44.753  -23.010  -22.918  -22.730  -12.059  -11.604   -2.057   -1.576   -0.932   -0.304
    0.123    0.653    4.014    7.203    7.481    7.679    7.923    9.636   10.209   11.329
   11.868   12.221   12.463   13.477   14.359   14.479
            0.454167  0.368061  0.000000
  -44.753  -23.009  -22.917  -22.731  -12.059  -11.603   -2.053   -1.575   -0.931   -0.310
    0.123    0.639    4.024    7.206    7.479    7.676    7.919    9.642   10.229   11.345
   11.876   12.223   12.451   13.472   14.361   14.490
            0.452778  0.370466  0.000000
  -44.753  -23.009  -22.917  -22.732  -12.058  -11.602   -2.048   -1.575   -0.931   -0.315
    0.122    0.624    4.033    7.208    7.476    7.672    7.916    9.647   10.249   11.363
   11.884   12.225   12.438   13.468   14.364   14.501
            0.451389  0.372872  0.000000
  -44.752  -23.008  -22.917  -22.733  -12.057  -11.601   -2.043   -1.574   -0.930   -0.321
    0.121    0.609    4.043    7.210    7.474    7.669    7.913    9.652   10.270   11.380
   11.892   12.227   12.425   13.464   14.366   14.511
            0.450000  0.375278  0.000000
  -44.752  -23.007  -22.917  -22.734  -12.057  -11.601   -2.038   -1.573   -0.929   -0.326
    0.121    0.594    4.052    7.212    7.471    7.667    7.910    9.657   10.291   11.398
   11.900   12.230   12.412   13.461   14.368   14.522
            0.448611  0.377683  0.000000
  -44.752  -23.007  -22.917  -22.736  -12.056  -11.600   -2.032   -1.572   -0.928   -0.332
    0.120    0.579    4.062    7.213    7.469    7.665    7.906    9.663   10.312   11.416
   11.908   12.232   12.398   13.458   14.370   14.532
            0.447222  0.380089  0.000000
  -44.752  -23.006  -22.917  -22.737  -12.056  -11.599   -2.027   -1.572   -0.928   -0.338
    0.119    0.563    4.073    7.214    7.466    7.663    7.903    9.668   10.334   11.435
   11.916   12.234   12.385   13.456   14.373   14.541
            0.445833  0.382495  0.000000
  -44.752  -23.005  -22.917  -22.738  -12.055  -11.598   -2.021   -1.571   -0.927   -0.343
    0.118    0.547    4.083    7.214    7.463    7.662    7.900    9.674   10.356   11.453
   11.924   12.237   12.371   13.455   14.375   14.551
            0.444444  0.384900  0.000000
  -44.752  -23.005  -22.917  -22.740  -12.055  -11.597   -2.016   -1.570   -0.926   -0.349
    0.117    0.531    4.094    7.214    7.460    7.662    7.897    9.679   10.379   11.473
   11.932   12.240   12.358   13.455   14.378   14.560
            0.443056  0.387306  0.000000
  -44.752  -23.004  -22.916  -22.741  -12.054  -11.596   -2.010   -1.570   -0.925   -0.355
    0.116    0.515    4.104    7.213    7.456    7.663    7.894    9.685   10.402   11.492
   11.940   12.242   12.344   13.455   14.381   14.569
            0.441667  0.389711  0.000000
  -44.752  -23.003  -22.916  -22.743  -12.053  -11.595   -2.004   -1.569   -0.924   -0.361
    0.115    0.499    4.115    7.211    7.452    7.665    7.891    9.691   10.426   11.512
   11.947   12.245   12.331   13.455   14.383   14.577
            0.440278  0.392117  0.000000
  -44.752  -23.003  -22.916  -22.744  -12.053  -11.594   -1.998   -1.568   -0.923   -0.367
    0.113    0.482    4.126    7.209    7.448    7.667    7.888    9.697   10.449   11.532
   11.953   12.247   12.319   13.457   14.386   14.585
            0.438889  0.394523  0.000000
  -44.752  -23.002  -22.916  -22.746  -12.052  -11.593   -1.992   -1.568   -0.923   -0.373
    0.112    0.466    4.137    7.206    7.443    7.671    7.885    9.703   10.473   11.552
   11.959   12.250   12.307   13.458   14.389   14.593
            0.437500  0.396928  0.000000
  -44.752  -23.001  -22.916  -22.747  -12.052  -11.592   -1.986   -1.567   -0.922   -0.379
    0.110    0.449    4.149    7.203    7.439    7.675    7.881    9.709   10.497   11.573
   11.964   12.252   12.297   13.461   14.392   14.601
            0.436111  0.399334  0.000000
  -44.752  -23.000  -22.916  -22.749  -12.051  -11.591   -1.979   -1.566   -0.921   -0.385
    0.109    0.432    4.160    7.200    7.433    7.680    7.878    9.715   10.522   11.594
   11.968   12.254   12.288   13.464   14.395   14.608
            0.434722  0.401740  0.000000
  -44.752  -22.999  -22.916  -22.750  -12.050  -11.590   -1.973   -1.565   -0.920   -0.391
    0.107    0.416    4.172    7.196    7.428    7.685    7.875    9.721   10.547   11.615
   11.970   12.254   12.282   13.467   14.398   14.615
            0.433333  0.404145  0.000000
  -44.752  -22.999  -22.915  -22.752  -12.050  -11.589   -1.966   -1.565   -0.919   -0.397
    0.105    0.399    4.183    7.191    7.422    7.691    7.872    9.728   10.571   11.636
   11.971   12.252   12.280   13.471   14.401   14.621
            0.431944  0.406551  0.000000
  -44.752  -22.998  -22.915  -22.753  -12.049  -11.588   -1.959   -1.564   -0.918   -0.403
    0.103    0.382    4.195    7.187    7.416    7.698    7.869    9.734   10.597   11.657
   11.971   12.249   12.280   13.476   14.404   14.627
            0.430556  0.408956  0.000000
  -44.752  -22.997  -22.915  -22.755  -12.048  -11.587   -1.952   -1.563   -0.917   -0.409
    0.100    0.365    4.207    7.181    7.410    7.706    7.866    9.741   10.622   11.679
   11.968   12.247   12.282   13.481   14.407   14.633
            0.429167  0.411362  0.000000
  -44.752  -22.996  -22.915  -22.757  -12.048  -11.586   -1.945   -1.563   -0.916   -0.415
    0.098    0.349    4.219    7.176    7.403    7.714    7.863    9.747   10.647   11.701
   11.963   12.246   12.285   13.486   14.410   14.638
            0.427778  0.413768  0.000000
  -44.752  -22.995  -22.915  -22.758  -12.047  -11.584   -1.938   -1.562   -0.916   -0.421
    0.095    0.332    4.232    7.170    7.396    7.723    7.860    9.754   10.673   11.723
   11.957   12.246   12.289   13.492   14.413   14.643
            0.426389  0.416173  0.000000
  -44.752  -22.994  -22.915  -22.760  -12.046  -11.583   -1.931   -1.562   -0.915   -0.427
    0.092    0.316    4.244    7.164    7.389    7.731    7.857    9.761   10.699   11.745
   11.948   12.248   12.294   13.498   14.417   14.647
            0.425000  0.418579  0.000000
  -44.752  -22.993  -22.914  -22.762  -12.046  -11.582   -1.924   -1.561   -0.914   -0.433
    0.088    0.300    4.256    7.158    7.382    7.741    7.854    9.768   10.724   11.767
   11.938   12.252   12.299   13.505   14.420   14.652
            0.423611  0.420985  0.000000
  -44.751  -22.993  -22.914  -22.763  -12.045  -11.581   -1.916   -1.560   -0.913   -0.439
    0.084    0.284    4.269    7.151    7.375    7.750    7.851    9.775   10.750   11.789
   11.926   12.257   12.304   13.512   14.424   14.655
            0.422222  0.423390  0.000000
  -44.751  -22.992  -22.914  -22.765  -12.044  -11.580   -1.909   -1.560   -0.912   -0.445
    0.080    0.268    4.281    7.145    7.368    7.759    7.848    9.782   10.776   11.811
   11.913   12.263   12.309   13.520   14.427   14.659
            0.420833  0.425796  0.000000
  -44.751  -22.991  -22.914  -22.767  -12.044  -11.579   -1.901   -1.559   -0.911   -0.451
    0.075    0.253    4.294    7.138    7.361    7.768    7.846    9.790   10.802   11.833
   11.899   12.270   12.316   13.528   14.431   14.662
            0.419444  0.428201  0.000000
  -44.751  -22.990  -22.914  -22.769  -12.043  -11.578   -1.894   -1.558   -0.910   -0.457
    0.069    0.239    4.307    7.131    7.353    7.777    7.845    9.797   10.827   11.855
   11.884   12.278   12.322   13.536   14.435   14.664
            0.418056  0.430607  0.000000
  -44.751  -22.989  -22.914  -22.770  -12.042  -11.576   -1.886   -1.558   -0.909   -0.463
    0.063    0.225    4.320    7.123    7.346    7.784    7.845    9.805   10.853   11.867
   11.878   12.287   12.330   13.545   14.438   14.666
            0.416667  0.433013  0.000000
  -44.751  -22.988  -22.913  -22.772  -12.041  -11.575   -1.878   -1.557   -0.909   -0.469
    0.056    0.213    4.333    7.116    7.338    7.790    7.846    9.813   10.879   11.851
   11.899   12.296   12.338   13.554   14.442   14.668
            0.415278  0.435418  0.000000
  -44.751  -22.987  -22.913  -22.774  -12.041  -11.574   -1.870   -1.557   -0.908   -0.475
    0.048    0.201    4.346    7.109    7.331    7.794    7.850    9.820   10.904   11.835
   11.921   12.306   12.346   13.563   14.446   14.669
            0.413889  0.437824  0.000000
  -44.751  -22.986  -22.913  -22.776  -12.040  -11.573   -1.862   -1.556   -0.907   -0.481
    0.039    0.190    4.359    7.101    7.324    7.796    7.857    9.828   10.929   11.818
   11.943   12.315   12.356   13.572   14.450   14.670
            0.412500  0.440230  0.000000
  -44.751  -22.985  -22.913  -22.778  -12.039  -11.572   -1.854   -1.556   -0.906   -0.487
    0.028    0.180    4.372    7.093    7.316    7.795    7.865    9.837   10.954   11.802
   11.964   12.325   12.366   13.582   14.454   14.671
            0.411111  0.442635  0.000000
  -44.751  -22.984  -22.913  -22.779  -12.039  -11.570   -1.846   -1.555   -0.905   -0.493
    0.017    0.171    4.385    7.086    7.309    7.793    7.875    9.845   10.979   11.785
   11.985   12.335   12.377   13.592   14.458   14.671
            0.409722  0.445041  0.000000
  -44.751  -22.983  -22.913  -22.781  -12.038  -11.569   -1.838   -1.555   -0.904   -0.499
    0.005    0.163    4.398    7.078    7.302    7.791    7.885    9.853   11.003   11.769
   12.005   12.345   12.389   13.602   14.462   14.670
            0.408333  0.447446  0.000000
  -44.751  -22.982  -22.912  -22.783  -12.037  -11.568   -1.830   -1.554   -0.903   -0.505
   -0.008    0.156    4.411    7.070    7.294    7.787    7.896    9.861   11.027   11.752
   12.026   12.355   12.401   13.612   14.466   14.670
            0.406944  0.449852  0.000000
  -44.751  -22.980  -22.912  -22.785  -12.036  -11.567   -1.821   -1.554   -0.903   -0.511
   -0.021    0.149    4.424    7.062    7.287    7.784    7.908    9.870   11.050   11.737
   12.045   12.365   12.414   13.623   14.470   14.669
            0.405556  0.452258  0.000000
  -44.751  -22.979  -22.912  -22.787  -12.036  -11.566   -1.813   -1.553   -0.902   -0.517
   -0.035    0.144    4.438    7.055    7.280    7.779    7.920    9.879   11.072   11.722
   12.064   12.376   12.427   13.633   14.474   14.667
            0.404167  0.454663  0.000000
  -44.751  -22.978  -22.912  -22.789  -12.035  -11.564   -1.804   -1.553   -0.901   -0.522
   -0.050    0.139    4.451    7.047    7.273    7.775    7.932    9.887   11.093   11.708
   12.083   12.387   12.441   13.644   14.479   14.666
            0.402778  0.457069  0.000000
  -44.751  -22.977  -22.912  -22.791  -12.034  -11.563   -1.796   -1.552   -0.900   -0.528
   -0.065    0.134    4.464    7.039    7.266    7.770    7.944    9.896   11.113   11.695
   12.101   12.399   12.455   13.654   14.483   14.663
            0.401389  0.459475  0.000000
  -44.751  -22.976  -22.912  -22.793  -12.034  -11.562   -1.788   -1.551   -0.899   -0.534
   -0.080    0.130    4.477    7.031    7.259    7.766    7.956    9.905   11.132   11.684
   12.118   12.411   12.469   13.664   14.487   14.661
            0.400000  0.461880  0.000000
  -44.751  -22.975  -22.911  -22.795  -12.033  -11.561   -1.779   -1.551   -0.898   -0.540
   -0.096    0.126    4.490    7.023    7.252    7.761    7.968    9.914   11.149   11.674
   12.135   12.424   12.484   13.675   14.492   14.659
            0.398611  0.464286  0.000000
  -44.750  -22.974  -22.911  -22.797  -12.032  -11.560   -1.771   -1.550   -0.898   -0.546
   -0.111    0.122    4.504    7.016    7.246    7.756    7.981    9.923   11.164   11.666
   12.150   12.438   12.499   13.685   14.496   14.656
            0.397222  0.466691  0.000000
  -44.750  -22.973  -22.911  -22.798  -12.032  -11.559   -1.762   -1.550   -0.897   -0.552
   -0.127    0.119    4.517    7.008    7.239    7.751    7.993    9.933   11.177   11.661
   12.165   12.452   12.514   13.695   14.501   14.653
            0.395833  0.469097  0.000000
  -44.750  -22.972  -22.911  -22.800  -12.031  -11.557   -1.754   -1.549   -0.896   -0.558
   -0.143    0.116    4.530    7.000    7.233    7.745    8.005    9.942   11.187   11.657
   12.179   12.467   12.529   13.704   14.506   14.650
            0.394444  0.471503  0.000000
  -44.750  -22.970  -22.911  -22.802  -12.030  -11.556   -1.745   -1.548   -0.895   -0.564
   -0.158    0.113    4.543    6.993    7.226    7.740    8.017    9.951   11.195   11.657
   12.193   12.482   12.544   13.713   14.510   14.647
            0.393056  0.473908  0.000000
  -44.750  -22.969  -22.911  -22.804  -12.030  -11.555   -1.737   -1.547   -0.894   -0.570
   -0.174    0.110    4.556    6.985    7.220    7.734    8.029    9.961   11.201   11.659
   12.205   12.498   12.559   13.722   14.515   14.643
            0.391667  0.476314  0.000000
  -44.750  -22.968  -22.910  -22.806  -12.029  -11.554   -1.729   -1.547   -0.894   -0.576
   -0.189    0.108    4.569    6.978    7.214    7.729    8.041    9.970   11.203   11.664
   12.217   12.515   12.574   13.730   14.520   14.640
            0.390278  0.478720  0.000000
  -44.750  -22.967  -22.910  -22.808  -12.028  -11.553   -1.721   -1.546   -0.893   -0.582
   -0.205    0.105    4.581    6.971    7.208    7.723    8.053    9.980   11.203   11.672
   12.229   12.532   12.590   13.738   14.524   14.638
            0.388889  0.481125  0.000000
  -44.750  -22.966  -22.910  -22.810  -12.028  -11.552   -1.713   -1.544   -0.892   -0.588
   -0.220    0.103    4.594    6.964    7.202    7.718    8.065    9.990   11.200   11.683
   12.239   12.549   12.605   13.744   14.529   14.635
            0.387500  0.483531  0.000000
  -44.750  -22.965  -22.910  -22.812  -12.027  -11.551   -1.705   -1.543   -0.891   -0.595
   -0.235    0.100    4.607    6.957    7.196    7.712    8.076    9.999   11.194   11.696
   12.250   12.567   12.620   13.750   14.534   14.633
            0.386111  0.485936  0.000000
  -44.750  -22.963  -22.910  -22.814  -12.026  -11.549   -1.697   -1.542   -0.891   -0.601
   -0.249    0.098    4.619    6.950    7.191    7.706    8.087   10.009   11.187   11.711
   12.259   12.584   12.636   13.755   14.539   14.631
            0.384722  0.488342  0.000000
  -44.750  -22.962  -22.910  -22.816  -12.026  -11.548   -1.689   -1.540   -0.890   -0.608
   -0.263    0.096    4.632    6.943    7.185    7.701    8.099   10.019   11.178   11.728
   12.268   12.602   12.651   13.759   14.544   14.629
            0.383333  0.490748  0.000000
  -44.750  -22.961  -22.909  -22.818  -12.025  -11.547   -1.682   -1.538   -0.889   -0.614
   -0.277    0.094    4.644    6.937    7.180    7.695    8.110   10.029   11.168   11.747
   12.277   12.620   12.666   13.761   14.549   14.629
            0.381944  0.493153  0.000000
  -44.750  -22.960  -22.909  -22.820  -12.024  -11.546   -1.675   -1.536   -0.889   -0.621
   -0.291    0.092    4.656    6.930    7.175    7.689    8.121   10.039   11.156   11.767
   12.286   12.638   12.682   13.763   14.554   14.628
            0.380556  0.495559  0.000000
  -44.750  -22.959  -22.909  -22.821  -12.024  -11.545   -1.668   -1.534   -0.888   -0.628
   -0.304    0.090    4.668    6.924    7.170    7.683    8.131   10.049   11.143   11.788
   12.294   12.656   12.697   13.763   14.559   14.629
            0.379167  0.497965  0.000000
  -44.750  -22.958  -22.909  -22.823  -12.023  -11.544   -1.662   -1.531   -0.887   -0.635
   -0.316    0.088    4.680    6.918    7.165    7.677    8.142   10.059   11.130   11.810
   12.301   12.674   12.712   13.761   14.563   14.630
            0.377778  0.500370  0.000000
  -44.750  -22.956  -22.909  -22.825  -12.023  -11.543   -1.656   -1.528   -0.886   -0.643
   -0.328    0.086    4.691    6.912    7.160    7.671    8.152   10.069   11.115   11.833
   12.309   12.691   12.727   13.758   14.568   14.633
            0.376389  0.502776  0.000000
  -44.750  -22.955  -22.909  -22.827  -12.022  -11.542   -1.651   -1.525   -0.886   -0.650
   -0.340    0.084    4.702    6.906    7.155    7.666    8.162   10.079   11.101   11.856
   12.316   12.709   12.743   13.754   14.573   14.636
            0.375000  0.505181  0.000000
  -44.750  -22.954  -22.909  -22.829  -12.022  -11.541   -1.646   -1.521   -0.885   -0.658
   -0.351    0.082    4.714    6.901    7.151    7.660    8.171   10.089   11.086   11.880
   12.323   12.725   12.758   13.747   14.578   14.640
            0.373611  0.507587  0.000000
  -44.750  -22.953  -22.908  -22.831  -12.021  -11.540   -1.641   -1.516   -0.885   -0.666
   -0.362    0.080    4.725    6.896    7.146    7.654    8.181   10.099   11.071   11.905
   12.330   12.742   12.773   13.740   14.583   14.645
            0.372222  0.509993  0.000000
  -44.750  -22.952  -22.908  -22.832  -12.020  -11.539   -1.637   -1.512   -0.884   -0.674
   -0.372    0.079    4.735    6.891    7.142    7.648    8.190   10.109   11.055   11.929
   12.336   12.758   12.788   13.730   14.588   14.650
            0.370833  0.512398  0.000000
  -44.749  -22.950  -22.908  -22.834  -12.020  -11.538   -1.633   -1.507   -0.883   -0.682
   -0.382    0.077    4.746    6.886    7.138    7.642    8.199   10.119   11.040   11.954
   12.343   12.773   12.803   13.720   14.593   14.657
            0.369444  0.514804  0.000000
  -44.749  -22.949  -22.908  -22.836  -12.019  -11.537   -1.630   -1.501   -0.883   -0.691
   -0.391    0.075    4.756    6.881    7.134    7.637    8.208   10.129   11.024   11.980
   12.349   12.789   12.817   13.707   14.597   14.664
            0.368056  0.517210  0.000000
  -44.749  -22.948  -22.908  -22.838  -12.019  -11.537   -1.627   -1.496   -0.882   -0.699
   -0.400    0.074    4.766    6.877    7.130    7.631    8.216   10.138   11.009   12.005
   12.355   12.803   12.832   13.693   14.602   14.670
            0.366667  0.519615  0.000000
  -44.749  -22.947  -22.908  -22.839  -12.018  -11.536   -1.624   -1.490   -0.882   -0.708
   -0.408    0.072    4.776    6.873    7.127    7.625    8.224   10.148   10.993   12.030
   12.361   12.817   12.846   13.678   14.607   14.674
            0.365278  0.522021  0.000000
  -44.749  -22.946  -22.908  -22.841  -12.018  -11.535   -1.622   -1.483   -0.881   -0.716
   -0.416    0.071    4.785    6.869    7.123    7.620    8.232   10.158   10.978   12.055
   12.367   12.831   12.860   13.661   14.611   14.671
            0.363889  0.524426  0.000000
  -44.749  -22.945  -22.908  -22.843  -12.018  -11.534   -1.621   -1.477   -0.880   -0.725
   -0.423    0.069    4.794    6.865    7.120    7.614    8.239   10.168   10.963   12.081
   12.373   12.844   12.873   13.644   14.615   14.663
            0.362500  0.526832  0.000000
  -44.749  -22.944  -22.907  -22.844  -12.017  -11.533   -1.619   -1.470   -0.880   -0.734
   -0.430    0.068    4.803    6.862    7.117    7.609    8.247   10.177   10.949   12.106
   12.379   12.857   12.886   13.625   14.619   14.653
            0.361111  0.529238  0.000000
  -44.749  -22.943  -22.907  -22.846  -12.017  -11.533   -1.618   -1.464   -0.879   -0.743
   -0.436    0.066    4.811    6.859    7.114    7.604    8.254   10.186   10.934   12.131
   12.384   12.869   12.899   13.605   14.623   14.643
            0.359722  0.531643  0.000000
  -44.749  -22.942  -22.907  -22.847  -12.016  -11.532   -1.617   -1.457   -0.879   -0.752
   -0.441    0.065    4.819    6.856    7.111    7.599    8.260   10.196   10.920   12.155
   12.390   12.881   12.911   13.584   14.626   14.634
            0.358333  0.534049  0.000000
  -44.749  -22.941  -22.907  -22.849  -12.016  -11.531   -1.616   -1.450   -0.879   -0.760
   -0.447    0.064    4.827    6.853    7.108    7.594    8.266   10.205   10.906   12.180
   12.395   12.893   12.923   13.563   14.622   14.632
            0.356944  0.536455  0.000000
  -44.749  -22.940  -22.907  -22.850  -12.016  -11.530   -1.615   -1.444   -0.878   -0.769
   -0.452    0.063    4.834    6.851    7.105    7.589    8.272   10.213   10.893   12.204
   12.401   12.904   12.934   13.540   14.614   14.635
            0.355556  0.538860  0.000000
  -44.749  -22.939  -22.907  -22.852  -12.015  -11.530   -1.615   -1.437   -0.878   -0.777
   -0.456    0.062    4.841    6.849    7.103    7.584    8.278   10.222   10.880   12.228
   12.406   12.914   12.944   13.518   14.606   14.638
            0.354167  0.541266  0.000000
  -44.749  -22.938  -22.907  -22.853  -12.015  -11.529   -1.615   -1.431   -0.878   -0.785
   -0.460    0.060    4.848    6.847    7.101    7.579    8.283   10.230   10.867   12.251
   12.412   12.924   12.954   13.495   14.598   14.641
            0.352778  0.543672  0.000000
  -44.749  -22.937  -22.907  -22.854  -12.015  -11.529   -1.614   -1.425   -0.877   -0.793
   -0.464    0.059    4.854    6.845    7.099    7.575    8.288   10.238   10.855   12.273
   12.417   12.934   12.963   13.472   14.592   14.644
            0.351389  0.546077  0.000000
  -44.749  -22.936  -22.907  -22.855  -12.014  -11.528   -1.614   -1.419   -0.877   -0.800
   -0.467    0.059    4.860    6.844    7.097    7.571    8.293   10.246   10.844   12.295
   12.423   12.943   12.971   13.449   14.586   14.647
            0.350000  0.548483  0.000000
  -44.749  -22.935  -22.907  -22.856  -12.014  -11.528   -1.614   -1.413   -0.877   -0.807
   -0.470    0.058    4.865    6.843    7.095    7.567    8.297   10.253   10.833   12.315
   12.430   12.951   12.979   13.426   14.580   14.649
            0.348611  0.550888  0.000000
  -44.749  -22.934  -22.907  -22.857  -12.014  -11.527   -1.614   -1.408   -0.877   -0.814
   -0.473    0.057    4.870    6.842    7.093    7.563    8.301   10.260   10.823   12.334
   12.436   12.959   12.985   13.404   14.576   14.651
            0.347222  0.553294  0.000000
  -44.749  -22.934  -22.907  -22.858  -12.013  -11.527   -1.614   -1.403   -0.877   -0.820
   -0.476    0.056    4.874    6.841    7.091    7.559    8.304   10.266   10.814   12.351
   12.444   12.966   12.991   13.383   14.572   14.653
            0.345833  0.555700  0.000000
  -44.749  -22.933  -22.907  -22.859  -12.013  -11.526   -1.614   -1.398   -0.877   -0.825
   -0.478    0.055    4.879    6.840    7.090    7.556    8.307   10.272   10.805   12.366
   12.453   12.972   12.996   13.362   14.568   14.654
            0.344444  0.558105  0.000000
  -44.749  -22.933  -22.906  -22.860  -12.013  -11.526   -1.614   -1.394   -0.878   -0.830
   -0.480    0.055    4.882    6.840    7.089    7.553    8.310   10.278   10.797   12.378
   12.462   12.978   13.000   13.343   14.566   14.655
            0.343056  0.560511  0.000000
  -44.749  -22.932  -22.906  -22.861  -12.013  -11.526   -1.614   -1.390   -0.878   -0.835
   -0.482    0.054    4.885    6.840    7.087    7.550    8.313   10.283   10.790   12.388
   12.473   12.982   13.003   13.326   14.564   14.656
            0.341667  0.562917  0.000000
  -44.749  -22.932  -22.906  -22.861  -12.013  -11.525   -1.614   -1.386   -0.878   -0.838
   -0.483    0.054    4.888    6.839    7.087    7.548    8.315   10.287   10.784   12.396
   12.484   12.986   13.005   13.310   14.562   14.657
            0.340278  0.565322  0.000000
  -44.749  -22.931  -22.906  -22.862  -12.013  -11.525   -1.614   -1.383   -0.879   -0.841
   -0.484    0.053    4.891    6.839    7.086    7.546    8.317   10.291   10.779   12.403
   12.495   12.990   13.006   13.297   14.561   14.657
            0.338889  0.567728  0.000000
  -44.749  -22.931  -22.906  -22.862  -12.013  -11.525   -1.614   -1.381   -0.879   -0.844
   -0.485    0.053    4.893    6.839    7.085    7.544    8.318   10.294   10.775   12.407
   12.505   12.992   13.006   13.286   14.560   14.657
            0.337500  0.570133  0.000000
  -44.749  -22.931  -22.906  -22.863  -12.012  -11.525   -1.614   -1.379   -0.880   -0.845
   -0.486    0.053    4.894    6.839    7.084    7.543    8.320   10.296   10.771   12.411
   12.513   12.994   13.006   13.278   14.560   14.657
            0.336111  0.572539  0.000000
  -44.749  -22.930  -22.906  -22.863  -12.012  -11.525   -1.614   -1.378   -0.880   -0.847
   -0.486    0.052    4.895    6.839    7.084    7.542    8.320   10.298   10.769   12.413
   12.520   12.994   13.006   13.272   14.560   14.657
            0.334722  0.574945  0.000000
  -44.749  -22.930  -22.906  -22.863  -12.012  -11.525   -1.614   -1.377   -0.880   -0.847
   -0.487    0.052    4.896    6.839    7.084    7.541    8.321   10.299   10.768   12.414
   12.524   12.994   13.005   13.269   14.560   14.657
            0.333333  0.577350  0.000000
  -44.749  -22.930  -22.906  -22.863  -12.012  -11.525   -1.614   -1.377   -0.881   -0.848
   -0.487    0.052    4.896    6.839    7.084    7.541    8.321   10.299   10.767   12.415
   12.525   12.994   13.005   13.268   14.560   14.657
            0.330556  0.572539  0.000000
  -44.749  -22.930  -22.906  -22.863  -12.012  -11.525   -1.614   -1.378   -0.880   -0.847
   -0.486    0.052    4.895    6.839    7.084    7.542    8.320   10.298   10.769   12.413
   12.520   12.995   13.006   13.271   14.560   14.658
            0.327778  0.567728  0.000000
  -44.749  -22.931  -22.906  -22.862  -12.013  -11.525   -1.614   -1.381   -0.879   -0.844
   -0.485    0.053    4.893    6.839    7.085    7.544    8.319   10.294   10.774   12.406
   12.503   12.994   13.013   13.282   14.557   14.660
            0.325000  0.562917  0.000000
  -44.749  -22.931  -22.906  -22.862  -12.013  -11.525   -1.614   -1.385   -0.878   -0.839
   -0.483    0.054    4.889    6.837    7.086    7.549    8.315   10.289   10.783   12.391
   12.480   12.990   13.027   13.297   14.552   14.665
            0.322222  0.558105  0.000000
  -44.749  -22.932  -22.906  -22.860  -12.013  -11.526   -1.613   -1.392   -0.878   -0.832
   -0.480    0.055    4.883    6.835    7.089    7.556    8.311   10.281   10.794   12.364
   12.458   12.984   13.046   13.317   14.544   14.673
            0.319444  0.553294  0.000000
  -44.749  -22.933  -22.907  -22.859  -12.014  -11.527   -1.613   -1.399   -0.877   -0.823
   -0.477    0.056    4.876    6.832    7.091    7.565    8.305   10.272   10.807   12.323
   12.441   12.977   13.067   13.342   14.533   14.685
            0.316667  0.548483  0.000000
  -44.749  -22.934  -22.907  -22.857  -12.014  -11.528   -1.612   -1.408   -0.877   -0.812
   -0.472    0.058    4.867    6.828    7.094    7.576    8.298   10.263   10.823   12.272
   12.427   12.969   13.089   13.369   14.519   14.698
            0.313889  0.543672  0.000000
  -44.749  -22.936  -22.907  -22.855  -12.015  -11.529   -1.611   -1.416   -0.878   -0.800
   -0.467    0.061    4.857    6.823    7.098    7.589    8.290   10.253   10.840   12.214
   12.415   12.959   13.111   13.401   14.503   14.713
            0.311111  0.538860  0.000000
  -44.749  -22.937  -22.907  -22.853  -12.016  -11.531   -1.610   -1.426   -0.879   -0.786
   -0.461    0.063    4.846    6.817    7.102    7.604    8.281   10.242   10.857   12.153
   12.403   12.950   13.131   13.435   14.485   14.729
            0.308333  0.534049  0.000000
  -44.749  -22.938  -22.907  -22.850  -12.017  -11.532   -1.609   -1.435   -0.880   -0.773
   -0.454    0.067    4.834    6.809    7.106    7.621    8.271   10.232   10.876   12.089
   12.390   12.939   13.150   13.473   14.466   14.745
            0.305556  0.529238  0.000000
  -44.749  -22.940  -22.908  -22.848  -12.018  -11.534   -1.608   -1.443   -0.881   -0.758
   -0.446    0.070    4.821    6.800    7.111    7.640    8.259   10.222   10.894   12.025
   12.376   12.928   13.167   13.512   14.446   14.754
            0.302778  0.524426  0.000000
  -44.749  -22.941  -22.908  -22.845  -12.019  -11.536   -1.607   -1.452   -0.883   -0.744
   -0.436    0.074    4.806    6.790    7.115    7.660    8.247   10.211   10.913   11.960
   12.362   12.917   13.182   13.553   14.425   14.745
            0.300000  0.519615  0.000000
  -44.750  -22.942  -22.908  -22.842  -12.020  -11.539   -1.606   -1.459   -0.885   -0.730
   -0.426    0.078    4.791    6.779    7.121    7.681    8.234   10.202   10.930   11.896
   12.346   12.905   13.196   13.595   14.403   14.728
            0.297222  0.514804  0.000000
  -44.750  -22.944  -22.909  -22.839  -12.021  -11.541   -1.606   -1.465   -0.887   -0.716
   -0.414    0.083    4.775    6.766    7.126    7.704    8.220   10.193   10.947   11.834
   12.330   12.892   13.208   13.637   14.382   14.709
            0.294444  0.509993  0.000000
  -44.750  -22.945  -22.909  -22.836  -12.023  -11.544   -1.606   -1.470   -0.890   -0.702
   -0.401    0.088    4.759    6.753    7.132    7.728    8.205   10.184   10.961   11.774
   12.313   12.880   13.219   13.679   14.360   14.689
            0.291667  0.505181  0.000000
  -44.750  -22.946  -22.909  -22.833  -12.025  -11.547   -1.606   -1.474   -0.893   -0.689
   -0.387    0.094    4.741    6.739    7.137    7.752    8.190   10.176   10.972   11.718
   12.296   12.867   13.229   13.720   14.339   14.670
            0.288889  0.500370  0.000000
  -44.750  -22.947  -22.910  -22.830  -12.026  -11.550   -1.607   -1.475   -0.896   -0.677
   -0.372    0.100    4.724    6.724    7.143    7.776    8.173   10.168   10.979   11.668
   12.277   12.854   13.239   13.760   14.319   14.650
            0.286111  0.495559  0.000000
  -44.750  -22.948  -22.910  -22.827  -12.028  -11.554   -1.609   -1.475   -0.899   -0.666
   -0.355    0.106    4.705    6.708    7.149    7.801    8.156   10.162   10.979   11.624
   12.259   12.840   13.247   13.796   14.301   14.631
            0.283333  0.490748  0.000000
  -44.750  -22.949  -22.911  -22.824  -12.030  -11.557   -1.611   -1.474   -0.903   -0.655
   -0.338    0.113    4.687    6.691    7.156    7.826    8.138   10.155   10.972   11.589
   12.240   12.826   13.255   13.829   14.286   14.612
            0.280556  0.485936  0.000000
  -44.751  -22.949  -22.911  -22.821  -12.033  -11.561   -1.613   -1.470   -0.907   -0.645
   -0.319    0.120    4.668    6.674    7.162    7.850    8.120   10.150   10.957   11.565
   12.221   12.812   13.262   13.857   14.275   14.594
            0.277778  0.481125  0.000000
  -44.751  -22.950  -22.912  -22.818  -12.035  -11.566   -1.616   -1.465   -0.911   -0.635
   -0.299    0.128    4.649    6.656    7.168    7.873    8.101   10.145   10.932   11.551
   12.203   12.798   13.268   13.877   14.270   14.575
            0.275000  0.476314  0.000000
  -44.751  -22.950  -22.913  -22.815  -12.037  -11.570   -1.619   -1.459   -0.915   -0.627
   -0.279    0.136    4.630    6.637    7.174    7.896    8.082   10.141   10.898   11.547
   12.184   12.784   13.274   13.889   14.271   14.557
            0.272222  0.471503  0.000000
  -44.751  -22.951  -22.913  -22.811  -12.040  -11.574   -1.621   -1.451   -0.920   -0.619
   -0.258    0.145    4.610    6.618    7.180    7.917    8.062   10.138   10.856   11.553
   12.165   12.770   13.279   13.893   14.280   14.539
            0.269444  0.466691  0.000000
  -44.751  -22.951  -22.914  -22.808  -12.043  -11.579   -1.623   -1.443   -0.925   -0.611
   -0.237    0.154    4.591    6.599    7.187    7.937    8.042   10.135   10.808   11.566
   12.146   12.755   13.284   13.888   14.296   14.521
            0.266667  0.461880  0.000000
  -44.752  -22.951  -22.915  -22.805  -12.046  -11.584   -1.625   -1.433   -0.930   -0.603
   -0.215    0.164    4.572    6.579    7.193    7.955    8.023   10.132   10.756   11.586
   12.127   12.740   13.288   13.876   14.317   14.503
            0.263889  0.457069  0.000000
  -44.752  -22.951  -22.915  -22.802  -12.049  -11.590   -1.626   -1.422   -0.936   -0.596
   -0.193    0.174    4.552    6.559    7.199    7.969    8.005   10.131   10.700   11.612
   12.109   12.726   13.292   13.859   14.341   14.485
            0.261111  0.452258  0.000000
  -44.752  -22.951  -22.916  -22.798  -12.052  -11.595   -1.627   -1.410   -0.941   -0.590
   -0.171    0.185    4.533    6.539    7.205    7.969    7.999   10.129   10.642   11.641
   12.092   12.712   13.295   13.838   14.366   14.467
            0.258333  0.447446  0.000000
  -44.752  -22.950  -22.917  -22.795  -12.055  -11.601   -1.626   -1.397   -0.947   -0.583
   -0.149    0.197    4.514    6.519    7.210    7.952    8.008   10.128   10.583   11.673
   12.075   12.697   13.298   13.815   14.390   14.453
            0.255556  0.442635  0.000000
  -44.753  -22.950  -22.918  -22.792  -12.059  -11.606   -1.626   -1.384   -0.954   -0.577
   -0.127    0.209    4.496    6.498    7.216    7.932    8.018   10.128   10.523   11.707
   12.059   12.683   13.300   13.790   14.399   14.451
            0.252778  0.437824  0.000000
  -44.753  -22.949  -22.919  -22.789  -12.062  -11.613   -1.624   -1.369   -0.960   -0.571
   -0.105    0.222    4.477    6.477    7.221    7.911    8.026   10.127   10.464   11.743
   12.045   12.670   13.301   13.764   14.388   14.470
            0.250000  0.433013  0.000000
  -44.753  -22.948  -22.920  -22.785  -12.066  -11.619   -1.622   -1.354   -0.967   -0.564
   -0.083    0.235    4.459    6.456    7.226    7.889    8.033   10.126   10.405   11.779
   12.033   12.657   13.301   13.738   14.369   14.495
            0.247222  0.428201  0.000000
  -44.754  -22.947  -22.921  -22.782  -12.070  -11.625   -1.619   -1.338   -0.974   -0.558
   -0.062    0.249    4.441    6.435    7.230    7.867    8.037   10.125   10.347   11.814
   12.025   12.644   13.301   13.712   14.346   14.522
            0.244444  0.423390  0.000000
  -44.754  -22.946  -22.922  -22.779  -12.074  -11.632   -1.615   -1.322   -0.981   -0.552
   -0.042    0.264    4.424    6.414    7.234    7.845    8.038   10.121   10.293   11.843
   12.024   12.632   13.299   13.687   14.322   14.548
            0.241667  0.418579  0.000000
  -44.754  -22.945  -22.923  -22.776  -12.079  -11.639   -1.610   -1.304   -0.989   -0.546
   -0.022    0.280    4.407    6.393    7.238    7.823    8.037   10.112   10.244   11.864
   12.033   12.620   13.296   13.663   14.296   14.574
            0.238889  0.413768  0.000000
  -44.755  -22.944  -22.924  -22.772  -12.083  -11.645   -1.605   -1.286   -0.997   -0.539
   -0.003    0.297    4.391    6.372    7.241    7.802    8.034   10.092   10.208   11.873
   12.056   12.609   13.292   13.641   14.270   14.599
            0.236111  0.408956  0.000000
  -44.755  -22.942  -22.925  -22.769  -12.088  -11.652   -1.598   -1.267   -1.005   -0.533
    0.016    0.314    4.375    6.352    7.243    7.780    8.028   10.057   10.188   11.871
   12.089   12.599   13.287   13.620   14.242   14.624
            0.233333  0.404145  0.000000
  -44.755  -22.940  -22.926  -22.766  -12.092  -11.660   -1.591   -1.247   -1.014   -0.526
    0.034    0.332    4.359    6.331    7.245    7.759    8.019   10.011   10.180   11.864
   12.129   12.590   13.282   13.603   14.212   14.648
            0.230556  0.399334  0.000000
  -44.756  -22.939  -22.927  -22.763  -12.097  -11.667   -1.583   -1.227   -1.023   -0.520
    0.051    0.351    4.344    6.310    7.246    7.738    8.008    9.960   10.178   11.854
   12.172   12.581   13.275   13.587   14.183   14.672
            0.227778  0.394523  0.000000
  -44.756  -22.937  -22.928  -22.760  -12.102  -11.675   -1.574   -1.206   -1.032   -0.513
    0.067    0.370    4.330    6.290    7.247    7.717    7.994    9.908   10.179   11.841
   12.216   12.574   13.269   13.574   14.152   14.695
            0.225000  0.389711  0.000000
  -44.756  -22.935  -22.928  -22.757  -12.108  -11.682   -1.564   -1.184   -1.041   -0.506
    0.082    0.390    4.316    6.269    7.246    7.697    7.977    9.855   10.181   11.827
   12.259   12.567   13.264   13.563   14.121   14.717
            0.222222  0.384900  0.000000
  -44.757  -22.934  -22.929  -22.754  -12.113  -11.690   -1.553   -1.162   -1.051   -0.499
    0.097    0.411    4.303    6.249    7.245    7.677    7.959    9.803   10.184   11.813
   12.301   12.561   13.261   13.554   14.089   14.740
            0.219444  0.380089  0.000000
  -44.757  -22.933  -22.928  -22.751  -12.119  -11.698   -1.542   -1.139   -1.060   -0.491
    0.111    0.432    4.290    6.229    7.243    7.657    7.938    9.751   10.187   11.798
   12.341   12.556   13.262   13.546   14.057   14.762
            0.216667  0.375278  0.000000
  -44.758  -22.934  -22.926  -22.748  -12.124  -11.706   -1.530   -1.116   -1.070   -0.483
    0.125    0.454    4.278    6.210    7.239    7.638    7.915    9.700   10.191   11.783
   12.376   12.552   13.267   13.540   14.025   14.784
            0.213889  0.370466  0.000000
  -44.758  -22.935  -22.923  -22.744  -12.130  -11.714   -1.517   -1.096   -1.076   -0.475
    0.137    0.476    4.267    6.190    7.235    7.620    7.890    9.649   10.195   11.768
   12.406   12.548   13.279   13.535   13.993   14.805
            0.211111  0.365655  0.000000
  -44.758  -22.936  -22.920  -22.742  -12.136  -11.722   -1.503   -1.096   -1.062   -0.467
    0.149    0.499    4.257    6.171    7.230    7.602    7.863    9.600   10.198   11.752
   12.431   12.544   13.297   13.530   13.962   14.827
            0.208333  0.360844  0.000000
  -44.759  -22.938  -22.917  -22.739  -12.142  -11.730   -1.488   -1.105   -1.038   -0.459
    0.161    0.521    4.247    6.153    7.223    7.584    7.835    9.551   10.202   11.737
   12.450   12.540   13.323   13.525   13.933   14.847
            0.205556  0.356033  0.000000
  -44.759  -22.939  -22.914  -22.736  -12.149  -11.738   -1.473   -1.116   -1.012   -0.450
    0.172    0.544    4.238    6.134    7.215    7.567    7.806    9.503   10.205   11.721
   12.463   12.537   13.357   13.521   13.905   14.867
            0.202778  0.351221  0.000000
  -44.760  -22.940  -22.911  -22.733  -12.155  -11.746   -1.457   -1.127   -0.986   -0.441
    0.183    0.567    4.229    6.116    7.207    7.550    7.775    9.456   10.208   11.705
   12.467   12.536   13.395   13.517   13.879   14.887
            0.200000  0.346410  0.000000
  -44.760  -22.942  -22.907  -22.730  -12.162  -11.754   -1.441   -1.139   -0.959   -0.431
    0.193    0.590    4.221    6.099    7.197    7.533    7.744    9.409   10.210   11.690
   12.464   12.538   13.433   13.519   13.856   14.904
            0.197222  0.341599  0.000000
  -44.761  -22.943  -22.904  -22.727  -12.169  -11.763   -1.423   -1.151   -0.931   -0.421
    0.203    0.613    4.214    6.081    7.186    7.516    7.713    9.363   10.212   11.674
   12.454   12.543   13.454   13.541   13.837   14.921
            0.194444  0.336788  0.000000
  -44.761  -22.945  -22.900  -22.724  -12.176  -11.771   -1.406   -1.162   -0.903   -0.411
    0.213    0.636    4.208    6.064    7.174    7.499    7.681    9.318   10.212   11.658
   12.439   12.551   13.451   13.589   13.823   14.935
            0.191667  0.331976  0.000000
  -44.762  -22.946  -22.896  -22.721  -12.183  -11.779   -1.388   -1.174   -0.874   -0.401
    0.222    0.659    4.202    6.048    7.161    7.480    7.651    9.273   10.212   11.641
   12.420   12.560   13.436   13.648   13.815   14.947
            0.188889  0.327165  0.000000
  -44.762  -22.948  -22.892  -22.719  -12.191  -11.787   -1.370   -1.185   -0.845   -0.390
    0.231    0.682    4.197    6.032    7.148    7.459    7.622    9.229   10.211   11.625
   12.399   12.569   13.415   13.708   13.816   14.956
            0.186111  0.322354  0.000000
  -44.763  -22.949  -22.888  -22.716  -12.198  -11.796   -1.353   -1.195   -0.815   -0.379
    0.240    0.705    4.193    6.016    7.134    7.436    7.594    9.185   10.209   11.609
   12.377   12.580   13.391   13.754   13.840   14.963
            0.183333  0.317543  0.000000
  -44.763  -22.951  -22.884  -22.713  -12.206  -11.804   -1.336   -1.204   -0.785   -0.367
    0.248    0.727    4.190    6.001    7.119    7.411    7.570    9.142   10.205   11.592
   12.354   12.591   13.363   13.774   13.896   14.968
            0.180556  0.312731  0.000000
  -44.764  -22.952  -22.880  -22.711  -12.214  -11.812   -1.322   -1.210   -0.754   -0.355
    0.256    0.749    4.187    5.986    7.103    7.382    7.548    9.099   10.200   11.575
   12.331   12.602   13.333   13.783   13.968   14.972
            0.177778  0.307920  0.000000
  -44.764  -22.954  -22.875  -22.708  -12.222  -11.820   -1.313   -1.211   -0.723   -0.343
    0.264    0.771    4.185    5.972    7.087    7.351    7.528    9.056   10.194   11.558
   12.308   12.613   13.301   13.792   14.046   14.976
            0.175000  0.303109  0.000000
  -44.765  -22.955  -22.871  -22.705  -12.230  -11.828   -1.310   -1.205   -0.692   -0.330
    0.272    0.793    4.183    5.958    7.071    7.318    7.511    9.014   10.186   11.541
   12.286   12.625   13.269   13.801   14.127   14.979
            0.172222  0.298298  0.000000
  -44.765  -22.957  -22.866  -22.703  -12.238  -11.836   -1.314   -1.192   -0.661   -0.317
    0.280    0.815    4.182    5.945    7.055    7.283    7.496    8.973   10.177   11.523
   12.265   12.636   13.236   13.812   14.210   14.982
            0.169444  0.293486  0.000000
  -44.766  -22.959  -22.862  -22.700  -12.247  -11.844   -1.322   -1.175   -0.629   -0.304
    0.288    0.836    4.182    5.932    7.038    7.247    7.481    8.931   10.165   11.505
   12.244   12.646   13.205   13.824   14.293   14.986
            0.166667  0.288675  0.000000
  -44.766  -22.960  -22.857  -22.698  -12.255  -11.852   -1.332   -1.154   -0.598   -0.290
    0.295    0.857    4.182    5.920    7.021    7.210    7.468    8.890   10.152   11.487
   12.226   12.655   13.175   13.837   14.377   14.989
            0.163889  0.283864  0.000000
  -44.767  -22.962  -22.852  -22.696  -12.264  -11.860   -1.345   -1.132   -0.566   -0.275
    0.302    0.877    4.183    5.908    7.004    7.173    7.455    8.849   10.137   11.468
   12.209   12.662   13.147   13.852   14.461   14.993
            0.161111  0.279053  0.000000
  -44.767  -22.963  -22.847  -22.693  -12.273  -11.867   -1.359   -1.108   -0.534   -0.260
    0.310    0.898    4.185    5.897    6.987    7.135    7.442    8.808   10.120   11.449
   12.193   12.665   13.123   13.867   14.545   14.997
            0.158333  0.274241  0.000000
  -44.768  -22.965  -22.842  -22.691  -12.282  -11.875   -1.373   -1.083   -0.503   -0.244
    0.317    0.917    4.187    5.887    6.969    7.098    7.430    8.767   10.100   11.429
   12.180   12.664   13.104   13.884   14.627   15.001
            0.155556  0.269430  0.000000
  -44.768  -22.967  -22.837  -22.689  -12.291  -11.883   -1.388   -1.058   -0.472   -0.227
    0.324    0.937    4.190    5.877    6.951    7.062    7.417    8.727   10.079   11.409
   12.169   12.659   13.090   13.901   14.708   15.006
            0.152778  0.264619  0.000000
  -44.769  -22.968  -22.832  -22.686  -12.300  -11.890   -1.403   -1.031   -0.441   -0.210
    0.332    0.956    4.193    5.867    6.932    7.027    7.405    8.687   10.056   11.388
   12.160   12.647   13.083   13.919   14.785   15.012
            0.150000  0.259808  0.000000
  -44.770  -22.970  -22.827  -22.684  -12.309  -11.897   -1.418   -1.004   -0.411   -0.192
    0.339    0.975    4.196    5.858    6.912    6.994    7.393    8.646   10.031   11.367
   12.153   12.629   13.082   13.938   14.858   15.019
            0.147222  0.254996  0.000000
  -44.770  -22.972  -22.822  -22.682  -12.318  -11.904   -1.434   -0.977   -0.381   -0.173
    0.347    0.994    4.200    5.850    6.890    6.963    7.380    8.606   10.004   11.344
   12.148   12.606   13.088   13.957   14.921   15.027
            0.144444  0.250185  0.000000
  -44.771  -22.973  -22.817  -22.680  -12.328  -11.911   -1.450   -0.949   -0.353   -0.153
    0.355    1.012    4.205    5.842    6.865    6.936    7.367    8.566    9.975   11.321
   12.145   12.579   13.100   13.976   14.971   15.039
            0.141667  0.245374  0.000000
  -44.771  -22.975  -22.811  -22.678  -12.337  -11.918   -1.466   -0.921   -0.325   -0.132
    0.363    1.029    4.209    5.835    6.838    6.913    7.354    8.526    9.945   11.298
   12.145   12.548   13.116   13.996   14.999   15.056
            0.138889  0.240563  0.000000
  -44.772  -22.976  -22.806  -22.676  -12.346  -11.925   -1.482   -0.893   -0.299   -0.110
    0.372    1.047    4.214    5.829    6.808    6.893    7.341    8.486    9.913   11.273
   12.147   12.513   13.136   14.016   15.012   15.073
            0.136111  0.235751  0.000000
  -44.772  -22.978  -22.801  -22.674  -12.356  -11.932   -1.498   -0.865   -0.273   -0.087
    0.381    1.064    4.220    5.823    6.776    6.876    7.328    8.446    9.879   11.247
   12.151   12.477   13.160   14.036   15.015   15.087
            0.133333  0.230940  0.000000
  -44.773  -22.980  -22.795  -22.672  -12.365  -11.938   -1.515   -0.836   -0.249   -0.064
    0.391    1.080    4.225    5.818    6.745    6.860    7.314    8.406    9.843   11.221
   12.157   12.439   13.186   14.056   15.014   15.098
            0.130556  0.226129  0.000000
  -44.773  -22.981  -22.790  -22.670  -12.375  -11.945   -1.531   -0.807   -0.227   -0.039
    0.402    1.097    4.231    5.813    6.713    6.845    7.300    8.366    9.807   11.193
   12.165   12.401   13.215   14.076   15.008   15.109
            0.127778  0.221318  0.000000
  -44.774  -22.983  -22.784  -22.668  -12.384  -11.951   -1.547   -0.778   -0.205   -0.015
    0.414    1.113    4.237    5.809    6.682    6.832    7.286    8.326    9.769   11.164
   12.175   12.362   13.246   14.096   14.999   15.120
            0.125000  0.216506  0.000000
  -44.774  -22.985  -22.779  -22.666  -12.394  -11.957   -1.564   -0.749   -0.184    0.010
    0.426    1.128    4.243    5.806    6.651    6.819    7.272    8.287    9.730   11.134
   12.187   12.323   13.279   14.115   14.988   15.131
            0.122222  0.211695  0.000000
  -44.775  -22.986  -22.774  -22.664  -12.403  -11.963   -1.580   -0.720   -0.165    0.034
    0.440    1.144    4.249    5.803    6.621    6.807    7.257    8.247    9.690   11.103
   12.199   12.285   13.313   14.134   14.974   15.144
            0.119444  0.206884  0.000000
  -44.775  -22.988  -22.768  -22.662  -12.413  -11.969   -1.596   -0.690   -0.146    0.058
    0.456    1.159    4.255    5.801    6.591    6.796    7.243    8.207    9.650   11.071
   12.207   12.254   13.349   14.151   14.958   15.156
            0.116667  0.202073  0.000000
  -44.776  -22.989  -22.763  -22.661  -12.422  -11.975   -1.612   -0.661   -0.127    0.081
    0.473    1.173    4.262    5.800    6.563    6.785    7.228    8.167    9.608   11.037
   12.191   12.249   13.387   14.168   14.941   15.170
            0.113889  0.197261  0.000000
  -44.776  -22.991  -22.758  -22.659  -12.431  -11.981   -1.628   -0.632   -0.110    0.102
    0.492    1.187    4.268    5.799    6.535    6.775    7.213    8.127    9.567   11.002
   12.157   12.263   13.425   14.184   14.924   15.183
            0.111111  0.192450  0.000000
  -44.777  -22.992  -22.752  -22.657  -12.441  -11.986   -1.644   -0.604   -0.093    0.122
    0.513    1.201    4.274    5.799    6.508    6.766    7.197    8.086    9.525   10.966
   12.121   12.283   13.465   14.198   14.906   15.196
            0.108333  0.187639  0.000000
  -44.777  -22.994  -22.747  -22.656  -12.450  -11.991   -1.660   -0.575   -0.076    0.141
    0.535    1.215    4.280    5.800    6.482    6.757    7.182    8.046    9.482   10.928
   12.085   12.305   13.506   14.210   14.888   15.210
            0.105556  0.182828  0.000000
  -44.778  -22.995  -22.742  -22.654  -12.459  -11.997   -1.676   -0.546   -0.060    0.158
    0.560    1.228    4.286    5.801    6.457    6.749    7.167    8.006    9.440   10.889
   12.049   12.329   13.549   14.221   14.870   15.222
            0.102778  0.178016  0.000000
  -44.778  -22.997  -22.737  -22.652  -12.468  -12.002   -1.691   -0.518   -0.044    0.173
    0.586    1.242    4.291    5.804    6.433    6.741    7.151    7.966    9.397   10.849
   12.014   12.355   13.592   14.229   14.854   15.233
            0.100000  0.173205  0.000000
  -44.779  -22.998  -22.732  -22.651  -12.477  -12.007   -1.707   -0.490   -0.028    0.187
    0.614    1.254    4.297    5.806    6.410    6.735    7.136    7.926    9.355   10.808
   11.980   12.382   13.636   14.235   14.838   15.241
            0.097222  0.168394  0.000000
  -44.779  -23.000  -22.726  -22.650  -12.486  -12.012   -1.722   -0.462   -0.013    0.199
    0.644    1.267    4.302    5.810    6.388    6.729    7.120    7.885    9.313   10.766
   11.947   12.411   13.682   14.238   14.823   15.240
            0.094444  0.163583  0.000000
  -44.780  -23.001  -22.721  -22.648  -12.494  -12.016   -1.737   -0.435    0.002    0.210
    0.675    1.279    4.307    5.814    6.366    6.723    7.104    7.845    9.271   10.722
   11.915   12.440   13.728   14.238   14.809   15.224
            0.091667  0.158771  0.000000
  -44.780  -23.002  -22.716  -22.647  -12.503  -12.021   -1.751   -0.408    0.016    0.220
    0.707    1.291    4.312    5.819    6.346    6.718    7.089    7.805    9.230   10.678
   11.884   12.471   13.775   14.236   14.797   15.197
            0.088889  0.153960  0.000000
  -44.781  -23.004  -22.712  -22.646  -12.511  -12.025   -1.766   -0.382    0.031    0.228
    0.739    1.303    4.316    5.824    6.326    6.714    7.073    7.765    9.189   10.633
   11.855   12.504   13.823   14.231   14.787   15.165
            0.086111  0.149149  0.000000
  -44.781  -23.005  -22.707  -22.644  -12.520  -12.030   -1.780   -0.356    0.045    0.236
    0.773    1.314    4.320    5.830    6.308    6.710    7.058    7.725    9.149   10.587
   11.826   12.537   13.872   14.223   14.778   15.132
            0.083333  0.144338  0.000000
  -44.781  -23.006  -22.702  -22.643  -12.528  -12.034   -1.794   -0.331    0.058    0.243
    0.807    1.325    4.324    5.837    6.290    6.707    7.043    7.685    9.109   10.540
   11.799   12.572   13.921   14.213   14.770   15.098
            0.080556  0.139526  0.000000
  -44.782  -23.008  -22.698  -22.642  -12.536  -12.038   -1.808   -0.306    0.072    0.249
    0.841    1.336    4.327    5.844    6.273    6.705    7.027    7.645    9.070   10.493
   11.772   12.607   13.969   14.202   14.763   15.065
            0.077778  0.134715  0.000000
  -44.782  -23.009  -22.693  -22.641  -12.543  -12.042   -1.821   -0.282    0.085    0.255
    0.876    1.346    4.330    5.852    6.257    6.703    7.012    7.606    9.032   10.446
   11.747   12.644   14.016   14.190   14.756   15.033
            0.075000  0.129904  0.000000
  -44.783  -23.010  -22.689  -22.640  -12.551  -12.045   -1.834   -0.259    0.098    0.260
    0.911    1.356    4.333    5.860    6.242    6.702    6.998    7.567    8.995   10.398
   11.723   12.681   14.059   14.183   14.749   15.002
            0.072222  0.125093  0.000000
  -44.783  -23.011  -22.684  -22.639  -12.558  -12.049   -1.846   -0.236    0.111    0.264
    0.946    1.366    4.335    5.869    6.227    6.701    6.983    7.528    8.959   10.351
   11.700   12.719   14.086   14.190   14.741   14.972
            0.069444  0.120281  0.000000
  -44.783  -23.012  -22.680  -22.637  -12.565  -12.052   -1.859   -0.214    0.123    0.269
    0.980    1.376    4.337    5.878    6.214    6.701    6.969    7.489    8.924   10.303
   11.678   12.758   14.089   14.220   14.731   14.945
            0.066667  0.115470  0.000000
  -44.784  -23.013  -22.676  -22.637  -12.572  -12.056   -1.871   -0.193    0.136    0.273
    1.014    1.385    4.339    5.888    6.201    6.702    6.955    7.451    8.890   10.256
   11.657   12.798   14.077   14.264   14.719   14.921
            0.063889  0.110659  0.000000
  -44.784  -23.014  -22.672  -22.636  -12.579  -12.059   -1.882   -0.173    0.148    0.276
    1.048    1.394    4.341    5.897    6.189    6.703    6.941    7.414    8.857   10.209
   11.637   12.839   14.060   14.314   14.704   14.901
            0.061111  0.105848  0.000000
  -44.784  -23.015  -22.668  -22.635  -12.585  -12.062   -1.893   -0.154    0.159    0.279
    1.081    1.403    4.342    5.908    6.177    6.704    6.928    7.377    8.825   10.163
   11.618   12.880   14.040   14.366   14.687   14.884
            0.058333  0.101036  0.000000
  -44.785  -23.016  -22.665  -22.634  -12.592  -12.065   -1.904   -0.135    0.171    0.282
    1.114    1.412    4.343    5.918    6.167    6.706    6.915    7.341    8.794   10.118
   11.600   12.922   14.018   14.419   14.666   14.871
            0.055556  0.096225  0.000000
  -44.785  -23.017  -22.661  -22.633  -12.598  -12.068   -1.914   -0.118    0.182    0.285
    1.146    1.420    4.343    5.928    6.156    6.709    6.902    7.306    8.765   10.073
   11.583   12.964   13.997   14.470   14.644   14.861
            0.052778  0.091414  0.000000
  -44.785  -23.018  -22.658  -22.632  -12.603  -12.071   -1.924   -0.101    0.193    0.288
    1.177    1.427    4.344    5.939    6.147    6.712    6.890    7.272    8.736   10.029
   11.567   13.007   13.975   14.516   14.625   14.854
            0.050000  0.086603  0.000000
  -44.786  -23.019  -22.655  -22.631  -12.609  -12.073   -1.934   -0.086    0.204    0.290
    1.207    1.435    4.344    5.949    6.138    6.715    6.879    7.239    8.709    9.987
   11.552   13.050   13.953   14.541   14.624   14.850
            0.047222  0.081791  0.000000
  -44.786  -23.020  -22.651  -22.631  -12.614  -12.075   -1.943   -0.071    0.214    0.293
    1.236    1.442    4.344    5.959    6.130    6.718    6.868    7.206    8.684    9.946
   11.537   13.094   13.932   14.531   14.654   14.850
            0.044444  0.076980  0.000000
  -44.786  -23.021  -22.649  -22.630  -12.619  -12.078   -1.951   -0.058    0.224    0.295
    1.264    1.449    4.344    5.970    6.122    6.722    6.857    7.175    8.659    9.906
   11.524   13.138   13.911   14.506   14.694   14.854
            0.041667  0.072169  0.000000
  -44.786  -23.021  -22.646  -22.630  -12.624  -12.080   -1.959   -0.045    0.234    0.297
    1.291    1.455    4.344    5.980    6.115    6.726    6.847    7.145    8.636    9.867
   11.511   13.182   13.891   14.476   14.729   14.868
            0.038889  0.067358  0.000000
  -44.787  -23.022  -22.643  -22.629  -12.628  -12.082   -1.967   -0.033    0.243    0.299
    1.317    1.461    4.344    5.990    6.109    6.730    6.837    7.117    8.614    9.831
   11.499   13.226   13.872   14.444   14.753   14.895
            0.036111  0.062546  0.000000
  -44.787  -23.023  -22.641  -22.628  -12.632  -12.084   -1.974   -0.023    0.252    0.301
    1.341    1.467    4.343    5.999    6.103    6.734    6.828    7.090    8.594    9.796
   11.489   13.271   13.854   14.411   14.764   14.933
            0.033333  0.057735  0.000000
  -44.787  -23.023  -22.638  -22.628  -12.636  -12.085   -1.980   -0.013    0.260    0.303
    1.364    1.472    4.343    6.008    6.097    6.738    6.820    7.065    8.575    9.763
   11.478   13.315   13.837   14.377   14.769   14.978
            0.030556  0.052924  0.000000
  -44.787  -23.024  -22.636  -22.627  -12.639  -12.087   -1.986   -0.004    0.268    0.304
    1.385    1.477    4.342    6.017    6.093    6.742    6.812    7.041    8.557    9.733
   11.469   13.359   13.820   14.343   14.769   15.026
            0.027778  0.048113  0.000000
  -44.787  -23.024  -22.634  -22.627  -12.643  -12.088   -1.992    0.004    0.276    0.306
    1.405    1.481    4.342    6.025    6.088    6.746    6.804    7.019    8.541    9.704
   11.461   13.403   13.805   14.308   14.768   15.074
            0.025000  0.043301  0.000000
  -44.787  -23.025  -22.633  -22.627  -12.646  -12.090   -1.997    0.011    0.282    0.307
    1.423    1.485    4.341    6.033    6.084    6.750    6.798    6.999    8.527    9.678
   11.453   13.447   13.792   14.273   14.766   15.121
            0.022222  0.038490  0.000000
  -44.788  -23.025  -22.631  -22.626  -12.648  -12.091   -2.002    0.017    0.289    0.308
    1.440    1.489    4.341    6.040    6.080    6.754    6.792    6.980    8.514    9.654
   11.446   13.490   13.779   14.238   14.764   15.167
            0.019444  0.033679  0.000000
  -44.788  -23.025  -22.630  -22.626  -12.651  -12.092   -2.006    0.023    0.294    0.309
    1.454    1.492    4.340    6.046    6.077    6.757    6.787    6.964    8.502    9.633
   11.440   13.532   13.768   14.203   14.762   15.209
            0.016667  0.028868  0.000000
  -44.788  -23.026  -22.628  -22.626  -12.653  -12.093   -2.009    0.027    0.299    0.310
    1.467    1.495    4.340    6.051    6.075    6.760    6.782    6.950    8.492    9.615
   11.435   13.572   13.759   14.169   14.759   15.249
            0.013889  0.024056  0.000000
  -44.788  -23.026  -22.627  -22.626  -12.654  -12.094   -2.012    0.031    0.303    0.311
    1.478    1.497    4.339    6.056    6.072    6.763    6.778    6.937    8.483    9.599
   11.431   13.611   13.750   14.135   14.757   15.284
            0.011111  0.019245  0.000000
  -44.788  -23.026  -22.627  -22.625  -12.656  -12.094   -2.015    0.034    0.307    0.312
    1.487    1.499    4.339    6.060    6.071    6.765    6.775    6.927    8.476    9.586
   11.427   13.648   13.744   14.103   14.755   15.314
            0.008333  0.014434  0.000000
  -44.788  -23.026  -22.626  -22.625  -12.657  -12.095   -2.016    0.037    0.309    0.312
    1.494    1.501    4.338    6.063    6.069    6.767    6.772    6.919    8.471    9.576
   11.424   13.680   13.738   14.074   14.753   15.338
            0.005556  0.009623  0.000000
  -44.788  -23.027  -22.625  -22.625  -12.658  -12.095   -2.018    0.039    0.311    0.313
    1.499    1.502    4.338    6.065    6.068    6.768    6.770    6.914    8.467    9.568
   11.422   13.707   13.734   14.050   14.752   15.356
            0.002778  0.004811  0.000000
  -44.788  -23.027  -22.625  -22.625  -12.658  -12.095   -2.019    0.040    0.313    0.313
    1.502    1.503    4.338    6.067    6.067    6.769    6.769    6.910    8.465    9.564
   11.421   13.725   13.732   14.034   14.752   15.367
            0.000000  0.000000  0.000000
  -44.788  -23.027  -22.625  -22.625  -12.658  -12.095   -2.019    0.040    0.313    0.313
    1.503    1.503    4.338    6.067    6.067    6.769    6.769    6.909    8.464    9.562
   11.421   13.731   13.731   14.028   14.751   15.371
