#  E (eV)   dos(E)     Int dos(E) EFermi =    5.293 eV
 -45.656  0.0000E+00  0.0000E+00
 -45.646  0.9679E+01  0.9267E-01
 -45.636  0.1064E+02  0.1941E+00
 -45.626  0.1184E+02  0.3062E+00
 -45.616  0.1344E+02  0.4322E+00
 -45.606  0.1569E+02  0.5771E+00
 -45.596  0.1921E+02  0.7501E+00
 -45.586  0.2560E+02  0.9701E+00
 -45.576  0.4454E+02  0.1297E+01
 -45.566  0.4082E+02  0.1854E+01
 -45.556  0.0000E+00  0.2000E+01
 -45.546  0.0000E+00  0.2000E+01
 -45.536  0.0000E+00  0.2000E+01
 -45.526  0.0000E+00  0.2000E+01
 -45.516  0.0000E+00  0.2000E+01
 -45.506  0.0000E+00  0.2000E+01
 -45.496  0.0000E+00  0.2000E+01
 -45.486  0.0000E+00  0.2000E+01
 -45.476  0.0000E+00  0.2000E+01
 -45.466  0.0000E+00  0.2000E+01
 -45.456  0.0000E+00  0.2000E+01
 -45.446  0.0000E+00  0.2000E+01
 -45.436  0.0000E+00  0.2000E+01
 -45.426  0.0000E+00  0.2000E+01
 -45.416  0.0000E+00  0.2000E+01
 -45.406  0.0000E+00  0.2000E+01
 -45.396  0.0000E+00  0.2000E+01
 -45.386  0.0000E+00  0.2000E+01
 -45.376  0.0000E+00  0.2000E+01
 -45.366  0.0000E+00  0.2000E+01
 -45.356  0.0000E+00  0.2000E+01
 -45.346  0.0000E+00  0.2000E+01
 -45.336  0.0000E+00  0.2000E+01
 -45.326  0.0000E+00  0.2000E+01
 -45.316  0.0000E+00  0.2000E+01
 -45.306  0.0000E+00  0.2000E+01
 -45.296  0.0000E+00  0.2000E+01
 -45.286  0.0000E+00  0.2000E+01
 -45.276  0.0000E+00  0.2000E+01
 -45.266  0.0000E+00  0.2000E+01
 -45.256  0.0000E+00  0.2000E+01
 -45.246  0.0000E+00  0.2000E+01
 -45.236  0.0000E+00  0.2000E+01
 -45.226  0.0000E+00  0.2000E+01
 -45.216  0.0000E+00  0.2000E+01
 -45.206  0.0000E+00  0.2000E+01
 -45.196  0.0000E+00  0.2000E+01
 -45.186  0.0000E+00  0.2000E+01
 -45.176  0.0000E+00  0.2000E+01
 -45.166  0.0000E+00  0.2000E+01
 -45.156  0.0000E+00  0.2000E+01
 -45.146  0.0000E+00  0.2000E+01
 -45.136  0.0000E+00  0.2000E+01
 -45.126  0.0000E+00  0.2000E+01
 -45.116  0.0000E+00  0.2000E+01
 -45.106  0.0000E+00  0.2000E+01
 -45.096  0.0000E+00  0.2000E+01
 -45.086  0.0000E+00  0.2000E+01
 -45.076  0.0000E+00  0.2000E+01
 -45.066  0.0000E+00  0.2000E+01
 -45.056  0.0000E+00  0.2000E+01
 -45.046  0.0000E+00  0.2000E+01
 -45.036  0.0000E+00  0.2000E+01
 -45.026  0.0000E+00  0.2000E+01
 -45.016  0.0000E+00  0.2000E+01
 -45.006  0.0000E+00  0.2000E+01
 -44.996  0.0000E+00  0.2000E+01
 -44.986  0.0000E+00  0.2000E+01
 -44.976  0.0000E+00  0.2000E+01
 -44.966  0.0000E+00  0.2000E+01
 -44.956  0.0000E+00  0.2000E+01
 -44.946  0.0000E+00  0.2000E+01
 -44.936  0.0000E+00  0.2000E+01
 -44.926  0.0000E+00  0.2000E+01
 -44.916  0.0000E+00  0.2000E+01
 -44.906  0.0000E+00  0.2000E+01
 -44.896  0.0000E+00  0.2000E+01
 -44.886  0.0000E+00  0.2000E+01
 -44.876  0.0000E+00  0.2000E+01
 -44.866  0.0000E+00  0.2000E+01
 -44.856  0.0000E+00  0.2000E+01
 -44.846  0.0000E+00  0.2000E+01
 -44.836  0.0000E+00  0.2000E+01
 -44.826  0.0000E+00  0.2000E+01
 -44.816  0.0000E+00  0.2000E+01
 -44.806  0.0000E+00  0.2000E+01
 -44.796  0.0000E+00  0.2000E+01
 -44.786  0.0000E+00  0.2000E+01
 -44.776  0.0000E+00  0.2000E+01
 -44.766  0.0000E+00  0.2000E+01
 -44.756  0.0000E+00  0.2000E+01
 -44.746  0.0000E+00  0.2000E+01
 -44.736  0.0000E+00  0.2000E+01
 -44.726  0.0000E+00  0.2000E+01
 -44.716  0.0000E+00  0.2000E+01
 -44.706  0.0000E+00  0.2000E+01
 -44.696  0.0000E+00  0.2000E+01
 -44.686  0.0000E+00  0.2000E+01
 -44.676  0.0000E+00  0.2000E+01
 -44.666  0.0000E+00  0.2000E+01
 -44.656  0.0000E+00  0.2000E+01
 -44.646  0.0000E+00  0.2000E+01
 -44.636  0.0000E+00  0.2000E+01
 -44.626  0.0000E+00  0.2000E+01
 -44.616  0.0000E+00  0.2000E+01
 -44.606  0.0000E+00  0.2000E+01
 -44.596  0.0000E+00  0.2000E+01
 -44.586  0.0000E+00  0.2000E+01
 -44.576  0.0000E+00  0.2000E+01
 -44.566  0.0000E+00  0.2000E+01
 -44.556  0.0000E+00  0.2000E+01
 -44.546  0.0000E+00  0.2000E+01
 -44.536  0.0000E+00  0.2000E+01
 -44.526  0.0000E+00  0.2000E+01
 -44.516  0.0000E+00  0.2000E+01
 -44.506  0.0000E+00  0.2000E+01
 -44.496  0.0000E+00  0.2000E+01
 -44.486  0.0000E+00  0.2000E+01
 -44.476  0.0000E+00  0.2000E+01
 -44.466  0.0000E+00  0.2000E+01
 -44.456  0.0000E+00  0.2000E+01
 -44.446  0.0000E+00  0.2000E+01
 -44.436  0.0000E+00  0.2000E+01
 -44.426  0.0000E+00  0.2000E+01
 -44.416  0.0000E+00  0.2000E+01
 -44.406  0.0000E+00  0.2000E+01
 -44.396  0.0000E+00  0.2000E+01
 -44.386  0.0000E+00  0.2000E+01
 -44.376  0.0000E+00  0.2000E+01
 -44.366  0.0000E+00  0.2000E+01
 -44.356  0.0000E+00  0.2000E+01
 -44.346  0.0000E+00  0.2000E+01
 -44.336  0.0000E+00  0.2000E+01
 -44.326  0.0000E+00  0.2000E+01
 -44.316  0.0000E+00  0.2000E+01
 -44.306  0.0000E+00  0.2000E+01
 -44.296  0.0000E+00  0.2000E+01
 -44.286  0.0000E+00  0.2000E+01
 -44.276  0.0000E+00  0.2000E+01
 -44.266  0.0000E+00  0.2000E+01
 -44.256  0.0000E+00  0.2000E+01
 -44.246  0.0000E+00  0.2000E+01
 -44.236  0.0000E+00  0.2000E+01
 -44.226  0.0000E+00  0.2000E+01
 -44.216  0.0000E+00  0.2000E+01
 -44.206  0.0000E+00  0.2000E+01
 -44.196  0.0000E+00  0.2000E+01
 -44.186  0.0000E+00  0.2000E+01
 -44.176  0.0000E+00  0.2000E+01
 -44.166  0.0000E+00  0.2000E+01
 -44.156  0.0000E+00  0.2000E+01
 -44.146  0.0000E+00  0.2000E+01
 -44.136  0.0000E+00  0.2000E+01
 -44.126  0.0000E+00  0.2000E+01
 -44.116  0.0000E+00  0.2000E+01
 -44.106  0.0000E+00  0.2000E+01
 -44.096  0.0000E+00  0.2000E+01
 -44.086  0.0000E+00  0.2000E+01
 -44.076  0.0000E+00  0.2000E+01
 -44.066  0.0000E+00  0.2000E+01
 -44.056  0.0000E+00  0.2000E+01
 -44.046  0.0000E+00  0.2000E+01
 -44.036  0.0000E+00  0.2000E+01
 -44.026  0.0000E+00  0.2000E+01
 -44.016  0.0000E+00  0.2000E+01
 -44.006  0.0000E+00  0.2000E+01
 -43.996  0.0000E+00  0.2000E+01
 -43.986  0.0000E+00  0.2000E+01
 -43.976  0.0000E+00  0.2000E+01
 -43.966  0.0000E+00  0.2000E+01
 -43.956  0.0000E+00  0.2000E+01
 -43.946  0.0000E+00  0.2000E+01
 -43.936  0.0000E+00  0.2000E+01
 -43.926  0.0000E+00  0.2000E+01
 -43.916  0.0000E+00  0.2000E+01
 -43.906  0.0000E+00  0.2000E+01
 -43.896  0.0000E+00  0.2000E+01
 -43.886  0.0000E+00  0.2000E+01
 -43.876  0.0000E+00  0.2000E+01
 -43.866  0.0000E+00  0.2000E+01
 -43.856  0.0000E+00  0.2000E+01
 -43.846  0.0000E+00  0.2000E+01
 -43.836  0.0000E+00  0.2000E+01
 -43.826  0.0000E+00  0.2000E+01
 -43.816  0.0000E+00  0.2000E+01
 -43.806  0.0000E+00  0.2000E+01
 -43.796  0.0000E+00  0.2000E+01
 -43.786  0.0000E+00  0.2000E+01
 -43.776  0.0000E+00  0.2000E+01
 -43.766  0.0000E+00  0.2000E+01
 -43.756  0.0000E+00  0.2000E+01
 -43.746  0.0000E+00  0.2000E+01
 -43.736  0.0000E+00  0.2000E+01
 -43.726  0.0000E+00  0.2000E+01
 -43.716  0.0000E+00  0.2000E+01
 -43.706  0.0000E+00  0.2000E+01
 -43.696  0.0000E+00  0.2000E+01
 -43.686  0.0000E+00  0.2000E+01
 -43.676  0.0000E+00  0.2000E+01
 -43.666  0.0000E+00  0.2000E+01
 -43.656  0.0000E+00  0.2000E+01
 -43.646  0.0000E+00  0.2000E+01
 -43.636  0.0000E+00  0.2000E+01
 -43.626  0.0000E+00  0.2000E+01
 -43.616  0.0000E+00  0.2000E+01
 -43.606  0.0000E+00  0.2000E+01
 -43.596  0.0000E+00  0.2000E+01
 -43.586  0.0000E+00  0.2000E+01
 -43.576  0.0000E+00  0.2000E+01
 -43.566  0.0000E+00  0.2000E+01
 -43.556  0.0000E+00  0.2000E+01
 -43.546  0.0000E+00  0.2000E+01
 -43.536  0.0000E+00  0.2000E+01
 -43.526  0.0000E+00  0.2000E+01
 -43.516  0.0000E+00  0.2000E+01
 -43.506  0.0000E+00  0.2000E+01
 -43.496  0.0000E+00  0.2000E+01
 -43.486  0.0000E+00  0.2000E+01
 -43.476  0.0000E+00  0.2000E+01
 -43.466  0.0000E+00  0.2000E+01
 -43.456  0.0000E+00  0.2000E+01
 -43.446  0.0000E+00  0.2000E+01
 -43.436  0.0000E+00  0.2000E+01
 -43.426  0.0000E+00  0.2000E+01
 -43.416  0.0000E+00  0.2000E+01
 -43.406  0.0000E+00  0.2000E+01
 -43.396  0.0000E+00  0.2000E+01
 -43.386  0.0000E+00  0.2000E+01
 -43.376  0.0000E+00  0.2000E+01
 -43.366  0.0000E+00  0.2000E+01
 -43.356  0.0000E+00  0.2000E+01
 -43.346  0.0000E+00  0.2000E+01
 -43.336  0.0000E+00  0.2000E+01
 -43.326  0.0000E+00  0.2000E+01
 -43.316  0.0000E+00  0.2000E+01
 -43.306  0.0000E+00  0.2000E+01
 -43.296  0.0000E+00  0.2000E+01
 -43.286  0.0000E+00  0.2000E+01
 -43.276  0.0000E+00  0.2000E+01
 -43.266  0.0000E+00  0.2000E+01
 -43.256  0.0000E+00  0.2000E+01
 -43.246  0.0000E+00  0.2000E+01
 -43.236  0.0000E+00  0.2000E+01
 -43.226  0.0000E+00  0.2000E+01
 -43.216  0.0000E+00  0.2000E+01
 -43.206  0.0000E+00  0.2000E+01
 -43.196  0.0000E+00  0.2000E+01
 -43.186  0.0000E+00  0.2000E+01
 -43.176  0.0000E+00  0.2000E+01
 -43.166  0.0000E+00  0.2000E+01
 -43.156  0.0000E+00  0.2000E+01
 -43.146  0.0000E+00  0.2000E+01
 -43.136  0.0000E+00  0.2000E+01
 -43.126  0.0000E+00  0.2000E+01
 -43.116  0.0000E+00  0.2000E+01
 -43.106  0.0000E+00  0.2000E+01
 -43.096  0.0000E+00  0.2000E+01
 -43.086  0.0000E+00  0.2000E+01
 -43.076  0.0000E+00  0.2000E+01
 -43.066  0.0000E+00  0.2000E+01
 -43.056  0.0000E+00  0.2000E+01
 -43.046  0.0000E+00  0.2000E+01
 -43.036  0.0000E+00  0.2000E+01
 -43.026  0.0000E+00  0.2000E+01
 -43.016  0.0000E+00  0.2000E+01
 -43.006  0.0000E+00  0.2000E+01
 -42.996  0.0000E+00  0.2000E+01
 -42.986  0.0000E+00  0.2000E+01
 -42.976  0.0000E+00  0.2000E+01
 -42.966  0.0000E+00  0.2000E+01
 -42.956  0.0000E+00  0.2000E+01
 -42.946  0.0000E+00  0.2000E+01
 -42.936  0.0000E+00  0.2000E+01
 -42.926  0.0000E+00  0.2000E+01
 -42.916  0.0000E+00  0.2000E+01
 -42.906  0.0000E+00  0.2000E+01
 -42.896  0.0000E+00  0.2000E+01
 -42.886  0.0000E+00  0.2000E+01
 -42.876  0.0000E+00  0.2000E+01
 -42.866  0.0000E+00  0.2000E+01
 -42.856  0.0000E+00  0.2000E+01
 -42.846  0.0000E+00  0.2000E+01
 -42.836  0.0000E+00  0.2000E+01
 -42.826  0.0000E+00  0.2000E+01
 -42.816  0.0000E+00  0.2000E+01
 -42.806  0.0000E+00  0.2000E+01
 -42.796  0.0000E+00  0.2000E+01
 -42.786  0.0000E+00  0.2000E+01
 -42.776  0.0000E+00  0.2000E+01
 -42.766  0.0000E+00  0.2000E+01
 -42.756  0.0000E+00  0.2000E+01
 -42.746  0.0000E+00  0.2000E+01
 -42.736  0.0000E+00  0.2000E+01
 -42.726  0.0000E+00  0.2000E+01
 -42.716  0.0000E+00  0.2000E+01
 -42.706  0.0000E+00  0.2000E+01
 -42.696  0.0000E+00  0.2000E+01
 -42.686  0.0000E+00  0.2000E+01
 -42.676  0.0000E+00  0.2000E+01
 -42.666  0.0000E+00  0.2000E+01
 -42.656  0.0000E+00  0.2000E+01
 -42.646  0.0000E+00  0.2000E+01
 -42.636  0.0000E+00  0.2000E+01
 -42.626  0.0000E+00  0.2000E+01
 -42.616  0.0000E+00  0.2000E+01
 -42.606  0.0000E+00  0.2000E+01
 -42.596  0.0000E+00  0.2000E+01
 -42.586  0.0000E+00  0.2000E+01
 -42.576  0.0000E+00  0.2000E+01
 -42.566  0.0000E+00  0.2000E+01
 -42.556  0.0000E+00  0.2000E+01
 -42.546  0.0000E+00  0.2000E+01
 -42.536  0.0000E+00  0.2000E+01
 -42.526  0.0000E+00  0.2000E+01
 -42.516  0.0000E+00  0.2000E+01
 -42.506  0.0000E+00  0.2000E+01
 -42.496  0.0000E+00  0.2000E+01
 -42.486  0.0000E+00  0.2000E+01
 -42.476  0.0000E+00  0.2000E+01
 -42.466  0.0000E+00  0.2000E+01
 -42.456  0.0000E+00  0.2000E+01
 -42.446  0.0000E+00  0.2000E+01
 -42.436  0.0000E+00  0.2000E+01
 -42.426  0.0000E+00  0.2000E+01
 -42.416  0.0000E+00  0.2000E+01
 -42.406  0.0000E+00  0.2000E+01
 -42.396  0.0000E+00  0.2000E+01
 -42.386  0.0000E+00  0.2000E+01
 -42.376  0.0000E+00  0.2000E+01
 -42.366  0.0000E+00  0.2000E+01
 -42.356  0.0000E+00  0.2000E+01
 -42.346  0.0000E+00  0.2000E+01
 -42.336  0.0000E+00  0.2000E+01
 -42.326  0.0000E+00  0.2000E+01
 -42.316  0.0000E+00  0.2000E+01
 -42.306  0.0000E+00  0.2000E+01
 -42.296  0.0000E+00  0.2000E+01
 -42.286  0.0000E+00  0.2000E+01
 -42.276  0.0000E+00  0.2000E+01
 -42.266  0.0000E+00  0.2000E+01
 -42.256  0.0000E+00  0.2000E+01
 -42.246  0.0000E+00  0.2000E+01
 -42.236  0.0000E+00  0.2000E+01
 -42.226  0.0000E+00  0.2000E+01
 -42.216  0.0000E+00  0.2000E+01
 -42.206  0.0000E+00  0.2000E+01
 -42.196  0.0000E+00  0.2000E+01
 -42.186  0.0000E+00  0.2000E+01
 -42.176  0.0000E+00  0.2000E+01
 -42.166  0.0000E+00  0.2000E+01
 -42.156  0.0000E+00  0.2000E+01
 -42.146  0.0000E+00  0.2000E+01
 -42.136  0.0000E+00  0.2000E+01
 -42.126  0.0000E+00  0.2000E+01
 -42.116  0.0000E+00  0.2000E+01
 -42.106  0.0000E+00  0.2000E+01
 -42.096  0.0000E+00  0.2000E+01
 -42.086  0.0000E+00  0.2000E+01
 -42.076  0.0000E+00  0.2000E+01
 -42.066  0.0000E+00  0.2000E+01
 -42.056  0.0000E+00  0.2000E+01
 -42.046  0.0000E+00  0.2000E+01
 -42.036  0.0000E+00  0.2000E+01
 -42.026  0.0000E+00  0.2000E+01
 -42.016  0.0000E+00  0.2000E+01
 -42.006  0.0000E+00  0.2000E+01
 -41.996  0.0000E+00  0.2000E+01
 -41.986  0.0000E+00  0.2000E+01
 -41.976  0.0000E+00  0.2000E+01
 -41.966  0.0000E+00  0.2000E+01
 -41.956  0.0000E+00  0.2000E+01
 -41.946  0.0000E+00  0.2000E+01
 -41.936  0.0000E+00  0.2000E+01
 -41.926  0.0000E+00  0.2000E+01
 -41.916  0.0000E+00  0.2000E+01
 -41.906  0.0000E+00  0.2000E+01
 -41.896  0.0000E+00  0.2000E+01
 -41.886  0.0000E+00  0.2000E+01
 -41.876  0.0000E+00  0.2000E+01
 -41.866  0.0000E+00  0.2000E+01
 -41.856  0.0000E+00  0.2000E+01
 -41.846  0.0000E+00  0.2000E+01
 -41.836  0.0000E+00  0.2000E+01
 -41.826  0.0000E+00  0.2000E+01
 -41.816  0.0000E+00  0.2000E+01
 -41.806  0.0000E+00  0.2000E+01
 -41.796  0.0000E+00  0.2000E+01
 -41.786  0.0000E+00  0.2000E+01
 -41.776  0.0000E+00  0.2000E+01
 -41.766  0.0000E+00  0.2000E+01
 -41.756  0.0000E+00  0.2000E+01
 -41.746  0.0000E+00  0.2000E+01
 -41.736  0.0000E+00  0.2000E+01
 -41.726  0.0000E+00  0.2000E+01
 -41.716  0.0000E+00  0.2000E+01
 -41.706  0.0000E+00  0.2000E+01
 -41.696  0.0000E+00  0.2000E+01
 -41.686  0.0000E+00  0.2000E+01
 -41.676  0.0000E+00  0.2000E+01
 -41.666  0.0000E+00  0.2000E+01
 -41.656  0.0000E+00  0.2000E+01
 -41.646  0.0000E+00  0.2000E+01
 -41.636  0.0000E+00  0.2000E+01
 -41.626  0.0000E+00  0.2000E+01
 -41.616  0.0000E+00  0.2000E+01
 -41.606  0.0000E+00  0.2000E+01
 -41.596  0.0000E+00  0.2000E+01
 -41.586  0.0000E+00  0.2000E+01
 -41.576  0.0000E+00  0.2000E+01
 -41.566  0.0000E+00  0.2000E+01
 -41.556  0.0000E+00  0.2000E+01
 -41.546  0.0000E+00  0.2000E+01
 -41.536  0.0000E+00  0.2000E+01
 -41.526  0.0000E+00  0.2000E+01
 -41.516  0.0000E+00  0.2000E+01
 -41.506  0.0000E+00  0.2000E+01
 -41.496  0.0000E+00  0.2000E+01
 -41.486  0.0000E+00  0.2000E+01
 -41.476  0.0000E+00  0.2000E+01
 -41.466  0.0000E+00  0.2000E+01
 -41.456  0.0000E+00  0.2000E+01
 -41.446  0.0000E+00  0.2000E+01
 -41.436  0.0000E+00  0.2000E+01
 -41.426  0.0000E+00  0.2000E+01
 -41.416  0.0000E+00  0.2000E+01
 -41.406  0.0000E+00  0.2000E+01
 -41.396  0.0000E+00  0.2000E+01
 -41.386  0.0000E+00  0.2000E+01
 -41.376  0.0000E+00  0.2000E+01
 -41.366  0.0000E+00  0.2000E+01
 -41.356  0.0000E+00  0.2000E+01
 -41.346  0.0000E+00  0.2000E+01
 -41.336  0.0000E+00  0.2000E+01
 -41.326  0.0000E+00  0.2000E+01
 -41.316  0.0000E+00  0.2000E+01
 -41.306  0.0000E+00  0.2000E+01
 -41.296  0.0000E+00  0.2000E+01
 -41.286  0.0000E+00  0.2000E+01
 -41.276  0.0000E+00  0.2000E+01
 -41.266  0.0000E+00  0.2000E+01
 -41.256  0.0000E+00  0.2000E+01
 -41.246  0.0000E+00  0.2000E+01
 -41.236  0.0000E+00  0.2000E+01
 -41.226  0.0000E+00  0.2000E+01
 -41.216  0.0000E+00  0.2000E+01
 -41.206  0.0000E+00  0.2000E+01
 -41.196  0.0000E+00  0.2000E+01
 -41.186  0.0000E+00  0.2000E+01
 -41.176  0.0000E+00  0.2000E+01
 -41.166  0.0000E+00  0.2000E+01
 -41.156  0.0000E+00  0.2000E+01
 -41.146  0.0000E+00  0.2000E+01
 -41.136  0.0000E+00  0.2000E+01
 -41.126  0.0000E+00  0.2000E+01
 -41.116  0.0000E+00  0.2000E+01
 -41.106  0.0000E+00  0.2000E+01
 -41.096  0.0000E+00  0.2000E+01
 -41.086  0.0000E+00  0.2000E+01
 -41.076  0.0000E+00  0.2000E+01
 -41.066  0.0000E+00  0.2000E+01
 -41.056  0.0000E+00  0.2000E+01
 -41.046  0.0000E+00  0.2000E+01
 -41.036  0.0000E+00  0.2000E+01
 -41.026  0.0000E+00  0.2000E+01
 -41.016  0.0000E+00  0.2000E+01
 -41.006  0.0000E+00  0.2000E+01
 -40.996  0.0000E+00  0.2000E+01
 -40.986  0.0000E+00  0.2000E+01
 -40.976  0.0000E+00  0.2000E+01
 -40.966  0.0000E+00  0.2000E+01
 -40.956  0.0000E+00  0.2000E+01
 -40.946  0.0000E+00  0.2000E+01
 -40.936  0.0000E+00  0.2000E+01
 -40.926  0.0000E+00  0.2000E+01
 -40.916  0.0000E+00  0.2000E+01
 -40.906  0.0000E+00  0.2000E+01
 -40.896  0.0000E+00  0.2000E+01
 -40.886  0.0000E+00  0.2000E+01
 -40.876  0.0000E+00  0.2000E+01
 -40.866  0.0000E+00  0.2000E+01
 -40.856  0.0000E+00  0.2000E+01
 -40.846  0.0000E+00  0.2000E+01
 -40.836  0.0000E+00  0.2000E+01
 -40.826  0.0000E+00  0.2000E+01
 -40.816  0.0000E+00  0.2000E+01
 -40.806  0.0000E+00  0.2000E+01
 -40.796  0.0000E+00  0.2000E+01
 -40.786  0.0000E+00  0.2000E+01
 -40.776  0.0000E+00  0.2000E+01
 -40.766  0.0000E+00  0.2000E+01
 -40.756  0.0000E+00  0.2000E+01
 -40.746  0.0000E+00  0.2000E+01
 -40.736  0.0000E+00  0.2000E+01
 -40.726  0.0000E+00  0.2000E+01
 -40.716  0.0000E+00  0.2000E+01
 -40.706  0.0000E+00  0.2000E+01
 -40.696  0.0000E+00  0.2000E+01
 -40.686  0.0000E+00  0.2000E+01
 -40.676  0.0000E+00  0.2000E+01
 -40.666  0.0000E+00  0.2000E+01
 -40.656  0.0000E+00  0.2000E+01
 -40.646  0.0000E+00  0.2000E+01
 -40.636  0.0000E+00  0.2000E+01
 -40.626  0.0000E+00  0.2000E+01
 -40.616  0.0000E+00  0.2000E+01
 -40.606  0.0000E+00  0.2000E+01
 -40.596  0.0000E+00  0.2000E+01
 -40.586  0.0000E+00  0.2000E+01
 -40.576  0.0000E+00  0.2000E+01
 -40.566  0.0000E+00  0.2000E+01
 -40.556  0.0000E+00  0.2000E+01
 -40.546  0.0000E+00  0.2000E+01
 -40.536  0.0000E+00  0.2000E+01
 -40.526  0.0000E+00  0.2000E+01
 -40.516  0.0000E+00  0.2000E+01
 -40.506  0.0000E+00  0.2000E+01
 -40.496  0.0000E+00  0.2000E+01
 -40.486  0.0000E+00  0.2000E+01
 -40.476  0.0000E+00  0.2000E+01
 -40.466  0.0000E+00  0.2000E+01
 -40.456  0.0000E+00  0.2000E+01
 -40.446  0.0000E+00  0.2000E+01
 -40.436  0.0000E+00  0.2000E+01
 -40.426  0.0000E+00  0.2000E+01
 -40.416  0.0000E+00  0.2000E+01
 -40.406  0.0000E+00  0.2000E+01
 -40.396  0.0000E+00  0.2000E+01
 -40.386  0.0000E+00  0.2000E+01
 -40.376  0.0000E+00  0.2000E+01
 -40.366  0.0000E+00  0.2000E+01
 -40.356  0.0000E+00  0.2000E+01
 -40.346  0.0000E+00  0.2000E+01
 -40.336  0.0000E+00  0.2000E+01
 -40.326  0.0000E+00  0.2000E+01
 -40.316  0.0000E+00  0.2000E+01
 -40.306  0.0000E+00  0.2000E+01
 -40.296  0.0000E+00  0.2000E+01
 -40.286  0.0000E+00  0.2000E+01
 -40.276  0.0000E+00  0.2000E+01
 -40.266  0.0000E+00  0.2000E+01
 -40.256  0.0000E+00  0.2000E+01
 -40.246  0.0000E+00  0.2000E+01
 -40.236  0.0000E+00  0.2000E+01
 -40.226  0.0000E+00  0.2000E+01
 -40.216  0.0000E+00  0.2000E+01
 -40.206  0.0000E+00  0.2000E+01
 -40.196  0.0000E+00  0.2000E+01
 -40.186  0.0000E+00  0.2000E+01
 -40.176  0.0000E+00  0.2000E+01
 -40.166  0.0000E+00  0.2000E+01
 -40.156  0.0000E+00  0.2000E+01
 -40.146  0.0000E+00  0.2000E+01
 -40.136  0.0000E+00  0.2000E+01
 -40.126  0.0000E+00  0.2000E+01
 -40.116  0.0000E+00  0.2000E+01
 -40.106  0.0000E+00  0.2000E+01
 -40.096  0.0000E+00  0.2000E+01
 -40.086  0.0000E+00  0.2000E+01
 -40.076  0.0000E+00  0.2000E+01
 -40.066  0.0000E+00  0.2000E+01
 -40.056  0.0000E+00  0.2000E+01
 -40.046  0.0000E+00  0.2000E+01
 -40.036  0.0000E+00  0.2000E+01
 -40.026  0.0000E+00  0.2000E+01
 -40.016  0.0000E+00  0.2000E+01
 -40.006  0.0000E+00  0.2000E+01
 -39.996  0.0000E+00  0.2000E+01
 -39.986  0.0000E+00  0.2000E+01
 -39.976  0.0000E+00  0.2000E+01
 -39.966  0.0000E+00  0.2000E+01
 -39.956  0.0000E+00  0.2000E+01
 -39.946  0.0000E+00  0.2000E+01
 -39.936  0.0000E+00  0.2000E+01
 -39.926  0.0000E+00  0.2000E+01
 -39.916  0.0000E+00  0.2000E+01
 -39.906  0.0000E+00  0.2000E+01
 -39.896  0.0000E+00  0.2000E+01
 -39.886  0.0000E+00  0.2000E+01
 -39.876  0.0000E+00  0.2000E+01
 -39.866  0.0000E+00  0.2000E+01
 -39.856  0.0000E+00  0.2000E+01
 -39.846  0.0000E+00  0.2000E+01
 -39.836  0.0000E+00  0.2000E+01
 -39.826  0.0000E+00  0.2000E+01
 -39.816  0.0000E+00  0.2000E+01
 -39.806  0.0000E+00  0.2000E+01
 -39.796  0.0000E+00  0.2000E+01
 -39.786  0.0000E+00  0.2000E+01
 -39.776  0.0000E+00  0.2000E+01
 -39.766  0.0000E+00  0.2000E+01
 -39.756  0.0000E+00  0.2000E+01
 -39.746  0.0000E+00  0.2000E+01
 -39.736  0.0000E+00  0.2000E+01
 -39.726  0.0000E+00  0.2000E+01
 -39.716  0.0000E+00  0.2000E+01
 -39.706  0.0000E+00  0.2000E+01
 -39.696  0.0000E+00  0.2000E+01
 -39.686  0.0000E+00  0.2000E+01
 -39.676  0.0000E+00  0.2000E+01
 -39.666  0.0000E+00  0.2000E+01
 -39.656  0.0000E+00  0.2000E+01
 -39.646  0.0000E+00  0.2000E+01
 -39.636  0.0000E+00  0.2000E+01
 -39.626  0.0000E+00  0.2000E+01
 -39.616  0.0000E+00  0.2000E+01
 -39.606  0.0000E+00  0.2000E+01
 -39.596  0.0000E+00  0.2000E+01
 -39.586  0.0000E+00  0.2000E+01
 -39.576  0.0000E+00  0.2000E+01
 -39.566  0.0000E+00  0.2000E+01
 -39.556  0.0000E+00  0.2000E+01
 -39.546  0.0000E+00  0.2000E+01
 -39.536  0.0000E+00  0.2000E+01
 -39.526  0.0000E+00  0.2000E+01
 -39.516  0.0000E+00  0.2000E+01
 -39.506  0.0000E+00  0.2000E+01
 -39.496  0.0000E+00  0.2000E+01
 -39.486  0.0000E+00  0.2000E+01
 -39.476  0.0000E+00  0.2000E+01
 -39.466  0.0000E+00  0.2000E+01
 -39.456  0.0000E+00  0.2000E+01
 -39.446  0.0000E+00  0.2000E+01
 -39.436  0.0000E+00  0.2000E+01
 -39.426  0.0000E+00  0.2000E+01
 -39.416  0.0000E+00  0.2000E+01
 -39.406  0.0000E+00  0.2000E+01
 -39.396  0.0000E+00  0.2000E+01
 -39.386  0.0000E+00  0.2000E+01
 -39.376  0.0000E+00  0.2000E+01
 -39.366  0.0000E+00  0.2000E+01
 -39.356  0.0000E+00  0.2000E+01
 -39.346  0.0000E+00  0.2000E+01
 -39.336  0.0000E+00  0.2000E+01
 -39.326  0.0000E+00  0.2000E+01
 -39.316  0.0000E+00  0.2000E+01
 -39.306  0.0000E+00  0.2000E+01
 -39.296  0.0000E+00  0.2000E+01
 -39.286  0.0000E+00  0.2000E+01
 -39.276  0.0000E+00  0.2000E+01
 -39.266  0.0000E+00  0.2000E+01
 -39.256  0.0000E+00  0.2000E+01
 -39.246  0.0000E+00  0.2000E+01
 -39.236  0.0000E+00  0.2000E+01
 -39.226  0.0000E+00  0.2000E+01
 -39.216  0.0000E+00  0.2000E+01
 -39.206  0.0000E+00  0.2000E+01
 -39.196  0.0000E+00  0.2000E+01
 -39.186  0.0000E+00  0.2000E+01
 -39.176  0.0000E+00  0.2000E+01
 -39.166  0.0000E+00  0.2000E+01
 -39.156  0.0000E+00  0.2000E+01
 -39.146  0.0000E+00  0.2000E+01
 -39.136  0.0000E+00  0.2000E+01
 -39.126  0.0000E+00  0.2000E+01
 -39.116  0.0000E+00  0.2000E+01
 -39.106  0.0000E+00  0.2000E+01
 -39.096  0.0000E+00  0.2000E+01
 -39.086  0.0000E+00  0.2000E+01
 -39.076  0.0000E+00  0.2000E+01
 -39.066  0.0000E+00  0.2000E+01
 -39.056  0.0000E+00  0.2000E+01
 -39.046  0.0000E+00  0.2000E+01
 -39.036  0.0000E+00  0.2000E+01
 -39.026  0.0000E+00  0.2000E+01
 -39.016  0.0000E+00  0.2000E+01
 -39.006  0.0000E+00  0.2000E+01
 -38.996  0.0000E+00  0.2000E+01
 -38.986  0.0000E+00  0.2000E+01
 -38.976  0.0000E+00  0.2000E+01
 -38.966  0.0000E+00  0.2000E+01
 -38.956  0.0000E+00  0.2000E+01
 -38.946  0.0000E+00  0.2000E+01
 -38.936  0.0000E+00  0.2000E+01
 -38.926  0.0000E+00  0.2000E+01
 -38.916  0.0000E+00  0.2000E+01
 -38.906  0.0000E+00  0.2000E+01
 -38.896  0.0000E+00  0.2000E+01
 -38.886  0.0000E+00  0.2000E+01
 -38.876  0.0000E+00  0.2000E+01
 -38.866  0.0000E+00  0.2000E+01
 -38.856  0.0000E+00  0.2000E+01
 -38.846  0.0000E+00  0.2000E+01
 -38.836  0.0000E+00  0.2000E+01
 -38.826  0.0000E+00  0.2000E+01
 -38.816  0.0000E+00  0.2000E+01
 -38.806  0.0000E+00  0.2000E+01
 -38.796  0.0000E+00  0.2000E+01
 -38.786  0.0000E+00  0.2000E+01
 -38.776  0.0000E+00  0.2000E+01
 -38.766  0.0000E+00  0.2000E+01
 -38.756  0.0000E+00  0.2000E+01
 -38.746  0.0000E+00  0.2000E+01
 -38.736  0.0000E+00  0.2000E+01
 -38.726  0.0000E+00  0.2000E+01
 -38.716  0.0000E+00  0.2000E+01
 -38.706  0.0000E+00  0.2000E+01
 -38.696  0.0000E+00  0.2000E+01
 -38.686  0.0000E+00  0.2000E+01
 -38.676  0.0000E+00  0.2000E+01
 -38.666  0.0000E+00  0.2000E+01
 -38.656  0.0000E+00  0.2000E+01
 -38.646  0.0000E+00  0.2000E+01
 -38.636  0.0000E+00  0.2000E+01
 -38.626  0.0000E+00  0.2000E+01
 -38.616  0.0000E+00  0.2000E+01
 -38.606  0.0000E+00  0.2000E+01
 -38.596  0.0000E+00  0.2000E+01
 -38.586  0.0000E+00  0.2000E+01
 -38.576  0.0000E+00  0.2000E+01
 -38.566  0.0000E+00  0.2000E+01
 -38.556  0.0000E+00  0.2000E+01
 -38.546  0.0000E+00  0.2000E+01
 -38.536  0.0000E+00  0.2000E+01
 -38.526  0.0000E+00  0.2000E+01
 -38.516  0.0000E+00  0.2000E+01
 -38.506  0.0000E+00  0.2000E+01
 -38.496  0.0000E+00  0.2000E+01
 -38.486  0.0000E+00  0.2000E+01
 -38.476  0.0000E+00  0.2000E+01
 -38.466  0.0000E+00  0.2000E+01
 -38.456  0.0000E+00  0.2000E+01
 -38.446  0.0000E+00  0.2000E+01
 -38.436  0.0000E+00  0.2000E+01
 -38.426  0.0000E+00  0.2000E+01
 -38.416  0.0000E+00  0.2000E+01
 -38.406  0.0000E+00  0.2000E+01
 -38.396  0.0000E+00  0.2000E+01
 -38.386  0.0000E+00  0.2000E+01
 -38.376  0.0000E+00  0.2000E+01
 -38.366  0.0000E+00  0.2000E+01
 -38.356  0.0000E+00  0.2000E+01
 -38.346  0.0000E+00  0.2000E+01
 -38.336  0.0000E+00  0.2000E+01
 -38.326  0.0000E+00  0.2000E+01
 -38.316  0.0000E+00  0.2000E+01
 -38.306  0.0000E+00  0.2000E+01
 -38.296  0.0000E+00  0.2000E+01
 -38.286  0.0000E+00  0.2000E+01
 -38.276  0.0000E+00  0.2000E+01
 -38.266  0.0000E+00  0.2000E+01
 -38.256  0.0000E+00  0.2000E+01
 -38.246  0.0000E+00  0.2000E+01
 -38.236  0.0000E+00  0.2000E+01
 -38.226  0.0000E+00  0.2000E+01
 -38.216  0.0000E+00  0.2000E+01
 -38.206  0.0000E+00  0.2000E+01
 -38.196  0.0000E+00  0.2000E+01
 -38.186  0.0000E+00  0.2000E+01
 -38.176  0.0000E+00  0.2000E+01
 -38.166  0.0000E+00  0.2000E+01
 -38.156  0.0000E+00  0.2000E+01
 -38.146  0.0000E+00  0.2000E+01
 -38.136  0.0000E+00  0.2000E+01
 -38.126  0.0000E+00  0.2000E+01
 -38.116  0.0000E+00  0.2000E+01
 -38.106  0.0000E+00  0.2000E+01
 -38.096  0.0000E+00  0.2000E+01
 -38.086  0.0000E+00  0.2000E+01
 -38.076  0.0000E+00  0.2000E+01
 -38.066  0.0000E+00  0.2000E+01
 -38.056  0.0000E+00  0.2000E+01
 -38.046  0.0000E+00  0.2000E+01
 -38.036  0.0000E+00  0.2000E+01
 -38.026  0.0000E+00  0.2000E+01
 -38.016  0.0000E+00  0.2000E+01
 -38.006  0.0000E+00  0.2000E+01
 -37.996  0.0000E+00  0.2000E+01
 -37.986  0.0000E+00  0.2000E+01
 -37.976  0.0000E+00  0.2000E+01
 -37.966  0.0000E+00  0.2000E+01
 -37.956  0.0000E+00  0.2000E+01
 -37.946  0.0000E+00  0.2000E+01
 -37.936  0.0000E+00  0.2000E+01
 -37.926  0.0000E+00  0.2000E+01
 -37.916  0.0000E+00  0.2000E+01
 -37.906  0.0000E+00  0.2000E+01
 -37.896  0.0000E+00  0.2000E+01
 -37.886  0.0000E+00  0.2000E+01
 -37.876  0.0000E+00  0.2000E+01
 -37.866  0.0000E+00  0.2000E+01
 -37.856  0.0000E+00  0.2000E+01
 -37.846  0.0000E+00  0.2000E+01
 -37.836  0.0000E+00  0.2000E+01
 -37.826  0.0000E+00  0.2000E+01
 -37.816  0.0000E+00  0.2000E+01
 -37.806  0.0000E+00  0.2000E+01
 -37.796  0.0000E+00  0.2000E+01
 -37.786  0.0000E+00  0.2000E+01
 -37.776  0.0000E+00  0.2000E+01
 -37.766  0.0000E+00  0.2000E+01
 -37.756  0.0000E+00  0.2000E+01
 -37.746  0.0000E+00  0.2000E+01
 -37.736  0.0000E+00  0.2000E+01
 -37.726  0.0000E+00  0.2000E+01
 -37.716  0.0000E+00  0.2000E+01
 -37.706  0.0000E+00  0.2000E+01
 -37.696  0.0000E+00  0.2000E+01
 -37.686  0.0000E+00  0.2000E+01
 -37.676  0.0000E+00  0.2000E+01
 -37.666  0.0000E+00  0.2000E+01
 -37.656  0.0000E+00  0.2000E+01
 -37.646  0.0000E+00  0.2000E+01
 -37.636  0.0000E+00  0.2000E+01
 -37.626  0.0000E+00  0.2000E+01
 -37.616  0.0000E+00  0.2000E+01
 -37.606  0.0000E+00  0.2000E+01
 -37.596  0.0000E+00  0.2000E+01
 -37.586  0.0000E+00  0.2000E+01
 -37.576  0.0000E+00  0.2000E+01
 -37.566  0.0000E+00  0.2000E+01
 -37.556  0.0000E+00  0.2000E+01
 -37.546  0.0000E+00  0.2000E+01
 -37.536  0.0000E+00  0.2000E+01
 -37.526  0.0000E+00  0.2000E+01
 -37.516  0.0000E+00  0.2000E+01
 -37.506  0.0000E+00  0.2000E+01
 -37.496  0.0000E+00  0.2000E+01
 -37.486  0.0000E+00  0.2000E+01
 -37.476  0.0000E+00  0.2000E+01
 -37.466  0.0000E+00  0.2000E+01
 -37.456  0.0000E+00  0.2000E+01
 -37.446  0.0000E+00  0.2000E+01
 -37.436  0.0000E+00  0.2000E+01
 -37.426  0.0000E+00  0.2000E+01
 -37.416  0.0000E+00  0.2000E+01
 -37.406  0.0000E+00  0.2000E+01
 -37.396  0.0000E+00  0.2000E+01
 -37.386  0.0000E+00  0.2000E+01
 -37.376  0.0000E+00  0.2000E+01
 -37.366  0.0000E+00  0.2000E+01
 -37.356  0.0000E+00  0.2000E+01
 -37.346  0.0000E+00  0.2000E+01
 -37.336  0.0000E+00  0.2000E+01
 -37.326  0.0000E+00  0.2000E+01
 -37.316  0.0000E+00  0.2000E+01
 -37.306  0.0000E+00  0.2000E+01
 -37.296  0.0000E+00  0.2000E+01
 -37.286  0.0000E+00  0.2000E+01
 -37.276  0.0000E+00  0.2000E+01
 -37.266  0.0000E+00  0.2000E+01
 -37.256  0.0000E+00  0.2000E+01
 -37.246  0.0000E+00  0.2000E+01
 -37.236  0.0000E+00  0.2000E+01
 -37.226  0.0000E+00  0.2000E+01
 -37.216  0.0000E+00  0.2000E+01
 -37.206  0.0000E+00  0.2000E+01
 -37.196  0.0000E+00  0.2000E+01
 -37.186  0.0000E+00  0.2000E+01
 -37.176  0.0000E+00  0.2000E+01
 -37.166  0.0000E+00  0.2000E+01
 -37.156  0.0000E+00  0.2000E+01
 -37.146  0.0000E+00  0.2000E+01
 -37.136  0.0000E+00  0.2000E+01
 -37.126  0.0000E+00  0.2000E+01
 -37.116  0.0000E+00  0.2000E+01
 -37.106  0.0000E+00  0.2000E+01
 -37.096  0.0000E+00  0.2000E+01
 -37.086  0.0000E+00  0.2000E+01
 -37.076  0.0000E+00  0.2000E+01
 -37.066  0.0000E+00  0.2000E+01
 -37.056  0.0000E+00  0.2000E+01
 -37.046  0.0000E+00  0.2000E+01
 -37.036  0.0000E+00  0.2000E+01
 -37.026  0.0000E+00  0.2000E+01
 -37.016  0.0000E+00  0.2000E+01
 -37.006  0.0000E+00  0.2000E+01
 -36.996  0.0000E+00  0.2000E+01
 -36.986  0.0000E+00  0.2000E+01
 -36.976  0.0000E+00  0.2000E+01
 -36.966  0.0000E+00  0.2000E+01
 -36.956  0.0000E+00  0.2000E+01
 -36.946  0.0000E+00  0.2000E+01
 -36.936  0.0000E+00  0.2000E+01
 -36.926  0.0000E+00  0.2000E+01
 -36.916  0.0000E+00  0.2000E+01
 -36.906  0.0000E+00  0.2000E+01
 -36.896  0.0000E+00  0.2000E+01
 -36.886  0.0000E+00  0.2000E+01
 -36.876  0.0000E+00  0.2000E+01
 -36.866  0.0000E+00  0.2000E+01
 -36.856  0.0000E+00  0.2000E+01
 -36.846  0.0000E+00  0.2000E+01
 -36.836  0.0000E+00  0.2000E+01
 -36.826  0.0000E+00  0.2000E+01
 -36.816  0.0000E+00  0.2000E+01
 -36.806  0.0000E+00  0.2000E+01
 -36.796  0.0000E+00  0.2000E+01
 -36.786  0.0000E+00  0.2000E+01
 -36.776  0.0000E+00  0.2000E+01
 -36.766  0.0000E+00  0.2000E+01
 -36.756  0.0000E+00  0.2000E+01
 -36.746  0.0000E+00  0.2000E+01
 -36.736  0.0000E+00  0.2000E+01
 -36.726  0.0000E+00  0.2000E+01
 -36.716  0.0000E+00  0.2000E+01
 -36.706  0.0000E+00  0.2000E+01
 -36.696  0.0000E+00  0.2000E+01
 -36.686  0.0000E+00  0.2000E+01
 -36.676  0.0000E+00  0.2000E+01
 -36.666  0.0000E+00  0.2000E+01
 -36.656  0.0000E+00  0.2000E+01
 -36.646  0.0000E+00  0.2000E+01
 -36.636  0.0000E+00  0.2000E+01
 -36.626  0.0000E+00  0.2000E+01
 -36.616  0.0000E+00  0.2000E+01
 -36.606  0.0000E+00  0.2000E+01
 -36.596  0.0000E+00  0.2000E+01
 -36.586  0.0000E+00  0.2000E+01
 -36.576  0.0000E+00  0.2000E+01
 -36.566  0.0000E+00  0.2000E+01
 -36.556  0.0000E+00  0.2000E+01
 -36.546  0.0000E+00  0.2000E+01
 -36.536  0.0000E+00  0.2000E+01
 -36.526  0.0000E+00  0.2000E+01
 -36.516  0.0000E+00  0.2000E+01
 -36.506  0.0000E+00  0.2000E+01
 -36.496  0.0000E+00  0.2000E+01
 -36.486  0.0000E+00  0.2000E+01
 -36.476  0.0000E+00  0.2000E+01
 -36.466  0.0000E+00  0.2000E+01
 -36.456  0.0000E+00  0.2000E+01
 -36.446  0.0000E+00  0.2000E+01
 -36.436  0.0000E+00  0.2000E+01
 -36.426  0.0000E+00  0.2000E+01
 -36.416  0.0000E+00  0.2000E+01
 -36.406  0.0000E+00  0.2000E+01
 -36.396  0.0000E+00  0.2000E+01
 -36.386  0.0000E+00  0.2000E+01
 -36.376  0.0000E+00  0.2000E+01
 -36.366  0.0000E+00  0.2000E+01
 -36.356  0.0000E+00  0.2000E+01
 -36.346  0.0000E+00  0.2000E+01
 -36.336  0.0000E+00  0.2000E+01
 -36.326  0.0000E+00  0.2000E+01
 -36.316  0.0000E+00  0.2000E+01
 -36.306  0.0000E+00  0.2000E+01
 -36.296  0.0000E+00  0.2000E+01
 -36.286  0.0000E+00  0.2000E+01
 -36.276  0.0000E+00  0.2000E+01
 -36.266  0.0000E+00  0.2000E+01
 -36.256  0.0000E+00  0.2000E+01
 -36.246  0.0000E+00  0.2000E+01
 -36.236  0.0000E+00  0.2000E+01
 -36.226  0.0000E+00  0.2000E+01
 -36.216  0.0000E+00  0.2000E+01
 -36.206  0.0000E+00  0.2000E+01
 -36.196  0.0000E+00  0.2000E+01
 -36.186  0.0000E+00  0.2000E+01
 -36.176  0.0000E+00  0.2000E+01
 -36.166  0.0000E+00  0.2000E+01
 -36.156  0.0000E+00  0.2000E+01
 -36.146  0.0000E+00  0.2000E+01
 -36.136  0.0000E+00  0.2000E+01
 -36.126  0.0000E+00  0.2000E+01
 -36.116  0.0000E+00  0.2000E+01
 -36.106  0.0000E+00  0.2000E+01
 -36.096  0.0000E+00  0.2000E+01
 -36.086  0.0000E+00  0.2000E+01
 -36.076  0.0000E+00  0.2000E+01
 -36.066  0.0000E+00  0.2000E+01
 -36.056  0.0000E+00  0.2000E+01
 -36.046  0.0000E+00  0.2000E+01
 -36.036  0.0000E+00  0.2000E+01
 -36.026  0.0000E+00  0.2000E+01
 -36.016  0.0000E+00  0.2000E+01
 -36.006  0.0000E+00  0.2000E+01
 -35.996  0.0000E+00  0.2000E+01
 -35.986  0.0000E+00  0.2000E+01
 -35.976  0.0000E+00  0.2000E+01
 -35.966  0.0000E+00  0.2000E+01
 -35.956  0.0000E+00  0.2000E+01
 -35.946  0.0000E+00  0.2000E+01
 -35.936  0.0000E+00  0.2000E+01
 -35.926  0.0000E+00  0.2000E+01
 -35.916  0.0000E+00  0.2000E+01
 -35.906  0.0000E+00  0.2000E+01
 -35.896  0.0000E+00  0.2000E+01
 -35.886  0.0000E+00  0.2000E+01
 -35.876  0.0000E+00  0.2000E+01
 -35.866  0.0000E+00  0.2000E+01
 -35.856  0.0000E+00  0.2000E+01
 -35.846  0.0000E+00  0.2000E+01
 -35.836  0.0000E+00  0.2000E+01
 -35.826  0.0000E+00  0.2000E+01
 -35.816  0.0000E+00  0.2000E+01
 -35.806  0.0000E+00  0.2000E+01
 -35.796  0.0000E+00  0.2000E+01
 -35.786  0.0000E+00  0.2000E+01
 -35.776  0.0000E+00  0.2000E+01
 -35.766  0.0000E+00  0.2000E+01
 -35.756  0.0000E+00  0.2000E+01
 -35.746  0.0000E+00  0.2000E+01
 -35.736  0.0000E+00  0.2000E+01
 -35.726  0.0000E+00  0.2000E+01
 -35.716  0.0000E+00  0.2000E+01
 -35.706  0.0000E+00  0.2000E+01
 -35.696  0.0000E+00  0.2000E+01
 -35.686  0.0000E+00  0.2000E+01
 -35.676  0.0000E+00  0.2000E+01
 -35.666  0.0000E+00  0.2000E+01
 -35.656  0.0000E+00  0.2000E+01
 -35.646  0.0000E+00  0.2000E+01
 -35.636  0.0000E+00  0.2000E+01
 -35.626  0.0000E+00  0.2000E+01
 -35.616  0.0000E+00  0.2000E+01
 -35.606  0.0000E+00  0.2000E+01
 -35.596  0.0000E+00  0.2000E+01
 -35.586  0.0000E+00  0.2000E+01
 -35.576  0.0000E+00  0.2000E+01
 -35.566  0.0000E+00  0.2000E+01
 -35.556  0.0000E+00  0.2000E+01
 -35.546  0.0000E+00  0.2000E+01
 -35.536  0.0000E+00  0.2000E+01
 -35.526  0.0000E+00  0.2000E+01
 -35.516  0.0000E+00  0.2000E+01
 -35.506  0.0000E+00  0.2000E+01
 -35.496  0.0000E+00  0.2000E+01
 -35.486  0.0000E+00  0.2000E+01
 -35.476  0.0000E+00  0.2000E+01
 -35.466  0.0000E+00  0.2000E+01
 -35.456  0.0000E+00  0.2000E+01
 -35.446  0.0000E+00  0.2000E+01
 -35.436  0.0000E+00  0.2000E+01
 -35.426  0.0000E+00  0.2000E+01
 -35.416  0.0000E+00  0.2000E+01
 -35.406  0.0000E+00  0.2000E+01
 -35.396  0.0000E+00  0.2000E+01
 -35.386  0.0000E+00  0.2000E+01
 -35.376  0.0000E+00  0.2000E+01
 -35.366  0.0000E+00  0.2000E+01
 -35.356  0.0000E+00  0.2000E+01
 -35.346  0.0000E+00  0.2000E+01
 -35.336  0.0000E+00  0.2000E+01
 -35.326  0.0000E+00  0.2000E+01
 -35.316  0.0000E+00  0.2000E+01
 -35.306  0.0000E+00  0.2000E+01
 -35.296  0.0000E+00  0.2000E+01
 -35.286  0.0000E+00  0.2000E+01
 -35.276  0.0000E+00  0.2000E+01
 -35.266  0.0000E+00  0.2000E+01
 -35.256  0.0000E+00  0.2000E+01
 -35.246  0.0000E+00  0.2000E+01
 -35.236  0.0000E+00  0.2000E+01
 -35.226  0.0000E+00  0.2000E+01
 -35.216  0.0000E+00  0.2000E+01
 -35.206  0.0000E+00  0.2000E+01
 -35.196  0.0000E+00  0.2000E+01
 -35.186  0.0000E+00  0.2000E+01
 -35.176  0.0000E+00  0.2000E+01
 -35.166  0.0000E+00  0.2000E+01
 -35.156  0.0000E+00  0.2000E+01
 -35.146  0.0000E+00  0.2000E+01
 -35.136  0.0000E+00  0.2000E+01
 -35.126  0.0000E+00  0.2000E+01
 -35.116  0.0000E+00  0.2000E+01
 -35.106  0.0000E+00  0.2000E+01
 -35.096  0.0000E+00  0.2000E+01
 -35.086  0.0000E+00  0.2000E+01
 -35.076  0.0000E+00  0.2000E+01
 -35.066  0.0000E+00  0.2000E+01
 -35.056  0.0000E+00  0.2000E+01
 -35.046  0.0000E+00  0.2000E+01
 -35.036  0.0000E+00  0.2000E+01
 -35.026  0.0000E+00  0.2000E+01
 -35.016  0.0000E+00  0.2000E+01
 -35.006  0.0000E+00  0.2000E+01
 -34.996  0.0000E+00  0.2000E+01
 -34.986  0.0000E+00  0.2000E+01
 -34.976  0.0000E+00  0.2000E+01
 -34.966  0.0000E+00  0.2000E+01
 -34.956  0.0000E+00  0.2000E+01
 -34.946  0.0000E+00  0.2000E+01
 -34.936  0.0000E+00  0.2000E+01
 -34.926  0.0000E+00  0.2000E+01
 -34.916  0.0000E+00  0.2000E+01
 -34.906  0.0000E+00  0.2000E+01
 -34.896  0.0000E+00  0.2000E+01
 -34.886  0.0000E+00  0.2000E+01
 -34.876  0.0000E+00  0.2000E+01
 -34.866  0.0000E+00  0.2000E+01
 -34.856  0.0000E+00  0.2000E+01
 -34.846  0.0000E+00  0.2000E+01
 -34.836  0.0000E+00  0.2000E+01
 -34.826  0.0000E+00  0.2000E+01
 -34.816  0.0000E+00  0.2000E+01
 -34.806  0.0000E+00  0.2000E+01
 -34.796  0.0000E+00  0.2000E+01
 -34.786  0.0000E+00  0.2000E+01
 -34.776  0.0000E+00  0.2000E+01
 -34.766  0.0000E+00  0.2000E+01
 -34.756  0.0000E+00  0.2000E+01
 -34.746  0.0000E+00  0.2000E+01
 -34.736  0.0000E+00  0.2000E+01
 -34.726  0.0000E+00  0.2000E+01
 -34.716  0.0000E+00  0.2000E+01
 -34.706  0.0000E+00  0.2000E+01
 -34.696  0.0000E+00  0.2000E+01
 -34.686  0.0000E+00  0.2000E+01
 -34.676  0.0000E+00  0.2000E+01
 -34.666  0.0000E+00  0.2000E+01
 -34.656  0.0000E+00  0.2000E+01
 -34.646  0.0000E+00  0.2000E+01
 -34.636  0.0000E+00  0.2000E+01
 -34.626  0.0000E+00  0.2000E+01
 -34.616  0.0000E+00  0.2000E+01
 -34.606  0.0000E+00  0.2000E+01
 -34.596  0.0000E+00  0.2000E+01
 -34.586  0.0000E+00  0.2000E+01
 -34.576  0.0000E+00  0.2000E+01
 -34.566  0.0000E+00  0.2000E+01
 -34.556  0.0000E+00  0.2000E+01
 -34.546  0.0000E+00  0.2000E+01
 -34.536  0.0000E+00  0.2000E+01
 -34.526  0.0000E+00  0.2000E+01
 -34.516  0.0000E+00  0.2000E+01
 -34.506  0.0000E+00  0.2000E+01
 -34.496  0.0000E+00  0.2000E+01
 -34.486  0.0000E+00  0.2000E+01
 -34.476  0.0000E+00  0.2000E+01
 -34.466  0.0000E+00  0.2000E+01
 -34.456  0.0000E+00  0.2000E+01
 -34.446  0.0000E+00  0.2000E+01
 -34.436  0.0000E+00  0.2000E+01
 -34.426  0.0000E+00  0.2000E+01
 -34.416  0.0000E+00  0.2000E+01
 -34.406  0.0000E+00  0.2000E+01
 -34.396  0.0000E+00  0.2000E+01
 -34.386  0.0000E+00  0.2000E+01
 -34.376  0.0000E+00  0.2000E+01
 -34.366  0.0000E+00  0.2000E+01
 -34.356  0.0000E+00  0.2000E+01
 -34.346  0.0000E+00  0.2000E+01
 -34.336  0.0000E+00  0.2000E+01
 -34.326  0.0000E+00  0.2000E+01
 -34.316  0.0000E+00  0.2000E+01
 -34.306  0.0000E+00  0.2000E+01
 -34.296  0.0000E+00  0.2000E+01
 -34.286  0.0000E+00  0.2000E+01
 -34.276  0.0000E+00  0.2000E+01
 -34.266  0.0000E+00  0.2000E+01
 -34.256  0.0000E+00  0.2000E+01
 -34.246  0.0000E+00  0.2000E+01
 -34.236  0.0000E+00  0.2000E+01
 -34.226  0.0000E+00  0.2000E+01
 -34.216  0.0000E+00  0.2000E+01
 -34.206  0.0000E+00  0.2000E+01
 -34.196  0.0000E+00  0.2000E+01
 -34.186  0.0000E+00  0.2000E+01
 -34.176  0.0000E+00  0.2000E+01
 -34.166  0.0000E+00  0.2000E+01
 -34.156  0.0000E+00  0.2000E+01
 -34.146  0.0000E+00  0.2000E+01
 -34.136  0.0000E+00  0.2000E+01
 -34.126  0.0000E+00  0.2000E+01
 -34.116  0.0000E+00  0.2000E+01
 -34.106  0.0000E+00  0.2000E+01
 -34.096  0.0000E+00  0.2000E+01
 -34.086  0.0000E+00  0.2000E+01
 -34.076  0.0000E+00  0.2000E+01
 -34.066  0.0000E+00  0.2000E+01
 -34.056  0.0000E+00  0.2000E+01
 -34.046  0.0000E+00  0.2000E+01
 -34.036  0.0000E+00  0.2000E+01
 -34.026  0.0000E+00  0.2000E+01
 -34.016  0.0000E+00  0.2000E+01
 -34.006  0.0000E+00  0.2000E+01
 -33.996  0.0000E+00  0.2000E+01
 -33.986  0.0000E+00  0.2000E+01
 -33.976  0.0000E+00  0.2000E+01
 -33.966  0.0000E+00  0.2000E+01
 -33.956  0.0000E+00  0.2000E+01
 -33.946  0.0000E+00  0.2000E+01
 -33.936  0.0000E+00  0.2000E+01
 -33.926  0.0000E+00  0.2000E+01
 -33.916  0.0000E+00  0.2000E+01
 -33.906  0.0000E+00  0.2000E+01
 -33.896  0.0000E+00  0.2000E+01
 -33.886  0.0000E+00  0.2000E+01
 -33.876  0.0000E+00  0.2000E+01
 -33.866  0.0000E+00  0.2000E+01
 -33.856  0.0000E+00  0.2000E+01
 -33.846  0.0000E+00  0.2000E+01
 -33.836  0.0000E+00  0.2000E+01
 -33.826  0.0000E+00  0.2000E+01
 -33.816  0.0000E+00  0.2000E+01
 -33.806  0.0000E+00  0.2000E+01
 -33.796  0.0000E+00  0.2000E+01
 -33.786  0.0000E+00  0.2000E+01
 -33.776  0.0000E+00  0.2000E+01
 -33.766  0.0000E+00  0.2000E+01
 -33.756  0.0000E+00  0.2000E+01
 -33.746  0.0000E+00  0.2000E+01
 -33.736  0.0000E+00  0.2000E+01
 -33.726  0.0000E+00  0.2000E+01
 -33.716  0.0000E+00  0.2000E+01
 -33.706  0.0000E+00  0.2000E+01
 -33.696  0.0000E+00  0.2000E+01
 -33.686  0.0000E+00  0.2000E+01
 -33.676  0.0000E+00  0.2000E+01
 -33.666  0.0000E+00  0.2000E+01
 -33.656  0.0000E+00  0.2000E+01
 -33.646  0.0000E+00  0.2000E+01
 -33.636  0.0000E+00  0.2000E+01
 -33.626  0.0000E+00  0.2000E+01
 -33.616  0.0000E+00  0.2000E+01
 -33.606  0.0000E+00  0.2000E+01
 -33.596  0.0000E+00  0.2000E+01
 -33.586  0.0000E+00  0.2000E+01
 -33.576  0.0000E+00  0.2000E+01
 -33.566  0.0000E+00  0.2000E+01
 -33.556  0.0000E+00  0.2000E+01
 -33.546  0.0000E+00  0.2000E+01
 -33.536  0.0000E+00  0.2000E+01
 -33.526  0.0000E+00  0.2000E+01
 -33.516  0.0000E+00  0.2000E+01
 -33.506  0.0000E+00  0.2000E+01
 -33.496  0.0000E+00  0.2000E+01
 -33.486  0.0000E+00  0.2000E+01
 -33.476  0.0000E+00  0.2000E+01
 -33.466  0.0000E+00  0.2000E+01
 -33.456  0.0000E+00  0.2000E+01
 -33.446  0.0000E+00  0.2000E+01
 -33.436  0.0000E+00  0.2000E+01
 -33.426  0.0000E+00  0.2000E+01
 -33.416  0.0000E+00  0.2000E+01
 -33.406  0.0000E+00  0.2000E+01
 -33.396  0.0000E+00  0.2000E+01
 -33.386  0.0000E+00  0.2000E+01
 -33.376  0.0000E+00  0.2000E+01
 -33.366  0.0000E+00  0.2000E+01
 -33.356  0.0000E+00  0.2000E+01
 -33.346  0.0000E+00  0.2000E+01
 -33.336  0.0000E+00  0.2000E+01
 -33.326  0.0000E+00  0.2000E+01
 -33.316  0.0000E+00  0.2000E+01
 -33.306  0.0000E+00  0.2000E+01
 -33.296  0.0000E+00  0.2000E+01
 -33.286  0.0000E+00  0.2000E+01
 -33.276  0.0000E+00  0.2000E+01
 -33.266  0.0000E+00  0.2000E+01
 -33.256  0.0000E+00  0.2000E+01
 -33.246  0.0000E+00  0.2000E+01
 -33.236  0.0000E+00  0.2000E+01
 -33.226  0.0000E+00  0.2000E+01
 -33.216  0.0000E+00  0.2000E+01
 -33.206  0.0000E+00  0.2000E+01
 -33.196  0.0000E+00  0.2000E+01
 -33.186  0.0000E+00  0.2000E+01
 -33.176  0.0000E+00  0.2000E+01
 -33.166  0.0000E+00  0.2000E+01
 -33.156  0.0000E+00  0.2000E+01
 -33.146  0.0000E+00  0.2000E+01
 -33.136  0.0000E+00  0.2000E+01
 -33.126  0.0000E+00  0.2000E+01
 -33.116  0.0000E+00  0.2000E+01
 -33.106  0.0000E+00  0.2000E+01
 -33.096  0.0000E+00  0.2000E+01
 -33.086  0.0000E+00  0.2000E+01
 -33.076  0.0000E+00  0.2000E+01
 -33.066  0.0000E+00  0.2000E+01
 -33.056  0.0000E+00  0.2000E+01
 -33.046  0.0000E+00  0.2000E+01
 -33.036  0.0000E+00  0.2000E+01
 -33.026  0.0000E+00  0.2000E+01
 -33.016  0.0000E+00  0.2000E+01
 -33.006  0.0000E+00  0.2000E+01
 -32.996  0.0000E+00  0.2000E+01
 -32.986  0.0000E+00  0.2000E+01
 -32.976  0.0000E+00  0.2000E+01
 -32.966  0.0000E+00  0.2000E+01
 -32.956  0.0000E+00  0.2000E+01
 -32.946  0.0000E+00  0.2000E+01
 -32.936  0.0000E+00  0.2000E+01
 -32.926  0.0000E+00  0.2000E+01
 -32.916  0.0000E+00  0.2000E+01
 -32.906  0.0000E+00  0.2000E+01
 -32.896  0.0000E+00  0.2000E+01
 -32.886  0.0000E+00  0.2000E+01
 -32.876  0.0000E+00  0.2000E+01
 -32.866  0.0000E+00  0.2000E+01
 -32.856  0.0000E+00  0.2000E+01
 -32.846  0.0000E+00  0.2000E+01
 -32.836  0.0000E+00  0.2000E+01
 -32.826  0.0000E+00  0.2000E+01
 -32.816  0.0000E+00  0.2000E+01
 -32.806  0.0000E+00  0.2000E+01
 -32.796  0.0000E+00  0.2000E+01
 -32.786  0.0000E+00  0.2000E+01
 -32.776  0.0000E+00  0.2000E+01
 -32.766  0.0000E+00  0.2000E+01
 -32.756  0.0000E+00  0.2000E+01
 -32.746  0.0000E+00  0.2000E+01
 -32.736  0.0000E+00  0.2000E+01
 -32.726  0.0000E+00  0.2000E+01
 -32.716  0.0000E+00  0.2000E+01
 -32.706  0.0000E+00  0.2000E+01
 -32.696  0.0000E+00  0.2000E+01
 -32.686  0.0000E+00  0.2000E+01
 -32.676  0.0000E+00  0.2000E+01
 -32.666  0.0000E+00  0.2000E+01
 -32.656  0.0000E+00  0.2000E+01
 -32.646  0.0000E+00  0.2000E+01
 -32.636  0.0000E+00  0.2000E+01
 -32.626  0.0000E+00  0.2000E+01
 -32.616  0.0000E+00  0.2000E+01
 -32.606  0.0000E+00  0.2000E+01
 -32.596  0.0000E+00  0.2000E+01
 -32.586  0.0000E+00  0.2000E+01
 -32.576  0.0000E+00  0.2000E+01
 -32.566  0.0000E+00  0.2000E+01
 -32.556  0.0000E+00  0.2000E+01
 -32.546  0.0000E+00  0.2000E+01
 -32.536  0.0000E+00  0.2000E+01
 -32.526  0.0000E+00  0.2000E+01
 -32.516  0.0000E+00  0.2000E+01
 -32.506  0.0000E+00  0.2000E+01
 -32.496  0.0000E+00  0.2000E+01
 -32.486  0.0000E+00  0.2000E+01
 -32.476  0.0000E+00  0.2000E+01
 -32.466  0.0000E+00  0.2000E+01
 -32.456  0.0000E+00  0.2000E+01
 -32.446  0.0000E+00  0.2000E+01
 -32.436  0.0000E+00  0.2000E+01
 -32.426  0.0000E+00  0.2000E+01
 -32.416  0.0000E+00  0.2000E+01
 -32.406  0.0000E+00  0.2000E+01
 -32.396  0.0000E+00  0.2000E+01
 -32.386  0.0000E+00  0.2000E+01
 -32.376  0.0000E+00  0.2000E+01
 -32.366  0.0000E+00  0.2000E+01
 -32.356  0.0000E+00  0.2000E+01
 -32.346  0.0000E+00  0.2000E+01
 -32.336  0.0000E+00  0.2000E+01
 -32.326  0.0000E+00  0.2000E+01
 -32.316  0.0000E+00  0.2000E+01
 -32.306  0.0000E+00  0.2000E+01
 -32.296  0.0000E+00  0.2000E+01
 -32.286  0.0000E+00  0.2000E+01
 -32.276  0.0000E+00  0.2000E+01
 -32.266  0.0000E+00  0.2000E+01
 -32.256  0.0000E+00  0.2000E+01
 -32.246  0.0000E+00  0.2000E+01
 -32.236  0.0000E+00  0.2000E+01
 -32.226  0.0000E+00  0.2000E+01
 -32.216  0.0000E+00  0.2000E+01
 -32.206  0.0000E+00  0.2000E+01
 -32.196  0.0000E+00  0.2000E+01
 -32.186  0.0000E+00  0.2000E+01
 -32.176  0.0000E+00  0.2000E+01
 -32.166  0.0000E+00  0.2000E+01
 -32.156  0.0000E+00  0.2000E+01
 -32.146  0.0000E+00  0.2000E+01
 -32.136  0.0000E+00  0.2000E+01
 -32.126  0.0000E+00  0.2000E+01
 -32.116  0.0000E+00  0.2000E+01
 -32.106  0.0000E+00  0.2000E+01
 -32.096  0.0000E+00  0.2000E+01
 -32.086  0.0000E+00  0.2000E+01
 -32.076  0.0000E+00  0.2000E+01
 -32.066  0.0000E+00  0.2000E+01
 -32.056  0.0000E+00  0.2000E+01
 -32.046  0.0000E+00  0.2000E+01
 -32.036  0.0000E+00  0.2000E+01
 -32.026  0.0000E+00  0.2000E+01
 -32.016  0.0000E+00  0.2000E+01
 -32.006  0.0000E+00  0.2000E+01
 -31.996  0.0000E+00  0.2000E+01
 -31.986  0.0000E+00  0.2000E+01
 -31.976  0.0000E+00  0.2000E+01
 -31.966  0.0000E+00  0.2000E+01
 -31.956  0.0000E+00  0.2000E+01
 -31.946  0.0000E+00  0.2000E+01
 -31.936  0.0000E+00  0.2000E+01
 -31.926  0.0000E+00  0.2000E+01
 -31.916  0.0000E+00  0.2000E+01
 -31.906  0.0000E+00  0.2000E+01
 -31.896  0.0000E+00  0.2000E+01
 -31.886  0.0000E+00  0.2000E+01
 -31.876  0.0000E+00  0.2000E+01
 -31.866  0.0000E+00  0.2000E+01
 -31.856  0.0000E+00  0.2000E+01
 -31.846  0.0000E+00  0.2000E+01
 -31.836  0.0000E+00  0.2000E+01
 -31.826  0.0000E+00  0.2000E+01
 -31.816  0.0000E+00  0.2000E+01
 -31.806  0.0000E+00  0.2000E+01
 -31.796  0.0000E+00  0.2000E+01
 -31.786  0.0000E+00  0.2000E+01
 -31.776  0.0000E+00  0.2000E+01
 -31.766  0.0000E+00  0.2000E+01
 -31.756  0.0000E+00  0.2000E+01
 -31.746  0.0000E+00  0.2000E+01
 -31.736  0.0000E+00  0.2000E+01
 -31.726  0.0000E+00  0.2000E+01
 -31.716  0.0000E+00  0.2000E+01
 -31.706  0.0000E+00  0.2000E+01
 -31.696  0.0000E+00  0.2000E+01
 -31.686  0.0000E+00  0.2000E+01
 -31.676  0.0000E+00  0.2000E+01
 -31.666  0.0000E+00  0.2000E+01
 -31.656  0.0000E+00  0.2000E+01
 -31.646  0.0000E+00  0.2000E+01
 -31.636  0.0000E+00  0.2000E+01
 -31.626  0.0000E+00  0.2000E+01
 -31.616  0.0000E+00  0.2000E+01
 -31.606  0.0000E+00  0.2000E+01
 -31.596  0.0000E+00  0.2000E+01
 -31.586  0.0000E+00  0.2000E+01
 -31.576  0.0000E+00  0.2000E+01
 -31.566  0.0000E+00  0.2000E+01
 -31.556  0.0000E+00  0.2000E+01
 -31.546  0.0000E+00  0.2000E+01
 -31.536  0.0000E+00  0.2000E+01
 -31.526  0.0000E+00  0.2000E+01
 -31.516  0.0000E+00  0.2000E+01
 -31.506  0.0000E+00  0.2000E+01
 -31.496  0.0000E+00  0.2000E+01
 -31.486  0.0000E+00  0.2000E+01
 -31.476  0.0000E+00  0.2000E+01
 -31.466  0.0000E+00  0.2000E+01
 -31.456  0.0000E+00  0.2000E+01
 -31.446  0.0000E+00  0.2000E+01
 -31.436  0.0000E+00  0.2000E+01
 -31.426  0.0000E+00  0.2000E+01
 -31.416  0.0000E+00  0.2000E+01
 -31.406  0.0000E+00  0.2000E+01
 -31.396  0.0000E+00  0.2000E+01
 -31.386  0.0000E+00  0.2000E+01
 -31.376  0.0000E+00  0.2000E+01
 -31.366  0.0000E+00  0.2000E+01
 -31.356  0.0000E+00  0.2000E+01
 -31.346  0.0000E+00  0.2000E+01
 -31.336  0.0000E+00  0.2000E+01
 -31.326  0.0000E+00  0.2000E+01
 -31.316  0.0000E+00  0.2000E+01
 -31.306  0.0000E+00  0.2000E+01
 -31.296  0.0000E+00  0.2000E+01
 -31.286  0.0000E+00  0.2000E+01
 -31.276  0.0000E+00  0.2000E+01
 -31.266  0.0000E+00  0.2000E+01
 -31.256  0.0000E+00  0.2000E+01
 -31.246  0.0000E+00  0.2000E+01
 -31.236  0.0000E+00  0.2000E+01
 -31.226  0.0000E+00  0.2000E+01
 -31.216  0.0000E+00  0.2000E+01
 -31.206  0.0000E+00  0.2000E+01
 -31.196  0.0000E+00  0.2000E+01
 -31.186  0.0000E+00  0.2000E+01
 -31.176  0.0000E+00  0.2000E+01
 -31.166  0.0000E+00  0.2000E+01
 -31.156  0.0000E+00  0.2000E+01
 -31.146  0.0000E+00  0.2000E+01
 -31.136  0.0000E+00  0.2000E+01
 -31.126  0.0000E+00  0.2000E+01
 -31.116  0.0000E+00  0.2000E+01
 -31.106  0.0000E+00  0.2000E+01
 -31.096  0.0000E+00  0.2000E+01
 -31.086  0.0000E+00  0.2000E+01
 -31.076  0.0000E+00  0.2000E+01
 -31.066  0.0000E+00  0.2000E+01
 -31.056  0.0000E+00  0.2000E+01
 -31.046  0.0000E+00  0.2000E+01
 -31.036  0.0000E+00  0.2000E+01
 -31.026  0.0000E+00  0.2000E+01
 -31.016  0.0000E+00  0.2000E+01
 -31.006  0.0000E+00  0.2000E+01
 -30.996  0.0000E+00  0.2000E+01
 -30.986  0.0000E+00  0.2000E+01
 -30.976  0.0000E+00  0.2000E+01
 -30.966  0.0000E+00  0.2000E+01
 -30.956  0.0000E+00  0.2000E+01
 -30.946  0.0000E+00  0.2000E+01
 -30.936  0.0000E+00  0.2000E+01
 -30.926  0.0000E+00  0.2000E+01
 -30.916  0.0000E+00  0.2000E+01
 -30.906  0.0000E+00  0.2000E+01
 -30.896  0.0000E+00  0.2000E+01
 -30.886  0.0000E+00  0.2000E+01
 -30.876  0.0000E+00  0.2000E+01
 -30.866  0.0000E+00  0.2000E+01
 -30.856  0.0000E+00  0.2000E+01
 -30.846  0.0000E+00  0.2000E+01
 -30.836  0.0000E+00  0.2000E+01
 -30.826  0.0000E+00  0.2000E+01
 -30.816  0.0000E+00  0.2000E+01
 -30.806  0.0000E+00  0.2000E+01
 -30.796  0.0000E+00  0.2000E+01
 -30.786  0.0000E+00  0.2000E+01
 -30.776  0.0000E+00  0.2000E+01
 -30.766  0.0000E+00  0.2000E+01
 -30.756  0.0000E+00  0.2000E+01
 -30.746  0.0000E+00  0.2000E+01
 -30.736  0.0000E+00  0.2000E+01
 -30.726  0.0000E+00  0.2000E+01
 -30.716  0.0000E+00  0.2000E+01
 -30.706  0.0000E+00  0.2000E+01
 -30.696  0.0000E+00  0.2000E+01
 -30.686  0.0000E+00  0.2000E+01
 -30.676  0.0000E+00  0.2000E+01
 -30.666  0.0000E+00  0.2000E+01
 -30.656  0.0000E+00  0.2000E+01
 -30.646  0.0000E+00  0.2000E+01
 -30.636  0.0000E+00  0.2000E+01
 -30.626  0.0000E+00  0.2000E+01
 -30.616  0.0000E+00  0.2000E+01
 -30.606  0.0000E+00  0.2000E+01
 -30.596  0.0000E+00  0.2000E+01
 -30.586  0.0000E+00  0.2000E+01
 -30.576  0.0000E+00  0.2000E+01
 -30.566  0.0000E+00  0.2000E+01
 -30.556  0.0000E+00  0.2000E+01
 -30.546  0.0000E+00  0.2000E+01
 -30.536  0.0000E+00  0.2000E+01
 -30.526  0.0000E+00  0.2000E+01
 -30.516  0.0000E+00  0.2000E+01
 -30.506  0.0000E+00  0.2000E+01
 -30.496  0.0000E+00  0.2000E+01
 -30.486  0.0000E+00  0.2000E+01
 -30.476  0.0000E+00  0.2000E+01
 -30.466  0.0000E+00  0.2000E+01
 -30.456  0.0000E+00  0.2000E+01
 -30.446  0.0000E+00  0.2000E+01
 -30.436  0.0000E+00  0.2000E+01
 -30.426  0.0000E+00  0.2000E+01
 -30.416  0.0000E+00  0.2000E+01
 -30.406  0.0000E+00  0.2000E+01
 -30.396  0.0000E+00  0.2000E+01
 -30.386  0.0000E+00  0.2000E+01
 -30.376  0.0000E+00  0.2000E+01
 -30.366  0.0000E+00  0.2000E+01
 -30.356  0.0000E+00  0.2000E+01
 -30.346  0.0000E+00  0.2000E+01
 -30.336  0.0000E+00  0.2000E+01
 -30.326  0.0000E+00  0.2000E+01
 -30.316  0.0000E+00  0.2000E+01
 -30.306  0.0000E+00  0.2000E+01
 -30.296  0.0000E+00  0.2000E+01
 -30.286  0.0000E+00  0.2000E+01
 -30.276  0.0000E+00  0.2000E+01
 -30.266  0.0000E+00  0.2000E+01
 -30.256  0.0000E+00  0.2000E+01
 -30.246  0.0000E+00  0.2000E+01
 -30.236  0.0000E+00  0.2000E+01
 -30.226  0.0000E+00  0.2000E+01
 -30.216  0.0000E+00  0.2000E+01
 -30.206  0.0000E+00  0.2000E+01
 -30.196  0.0000E+00  0.2000E+01
 -30.186  0.0000E+00  0.2000E+01
 -30.176  0.0000E+00  0.2000E+01
 -30.166  0.0000E+00  0.2000E+01
 -30.156  0.0000E+00  0.2000E+01
 -30.146  0.0000E+00  0.2000E+01
 -30.136  0.0000E+00  0.2000E+01
 -30.126  0.0000E+00  0.2000E+01
 -30.116  0.0000E+00  0.2000E+01
 -30.106  0.0000E+00  0.2000E+01
 -30.096  0.0000E+00  0.2000E+01
 -30.086  0.0000E+00  0.2000E+01
 -30.076  0.0000E+00  0.2000E+01
 -30.066  0.0000E+00  0.2000E+01
 -30.056  0.0000E+00  0.2000E+01
 -30.046  0.0000E+00  0.2000E+01
 -30.036  0.0000E+00  0.2000E+01
 -30.026  0.0000E+00  0.2000E+01
 -30.016  0.0000E+00  0.2000E+01
 -30.006  0.0000E+00  0.2000E+01
 -29.996  0.0000E+00  0.2000E+01
 -29.986  0.0000E+00  0.2000E+01
 -29.976  0.0000E+00  0.2000E+01
 -29.966  0.0000E+00  0.2000E+01
 -29.956  0.0000E+00  0.2000E+01
 -29.946  0.0000E+00  0.2000E+01
 -29.936  0.0000E+00  0.2000E+01
 -29.926  0.0000E+00  0.2000E+01
 -29.916  0.0000E+00  0.2000E+01
 -29.906  0.0000E+00  0.2000E+01
 -29.896  0.0000E+00  0.2000E+01
 -29.886  0.0000E+00  0.2000E+01
 -29.876  0.0000E+00  0.2000E+01
 -29.866  0.0000E+00  0.2000E+01
 -29.856  0.0000E+00  0.2000E+01
 -29.846  0.0000E+00  0.2000E+01
 -29.836  0.0000E+00  0.2000E+01
 -29.826  0.0000E+00  0.2000E+01
 -29.816  0.0000E+00  0.2000E+01
 -29.806  0.0000E+00  0.2000E+01
 -29.796  0.0000E+00  0.2000E+01
 -29.786  0.0000E+00  0.2000E+01
 -29.776  0.0000E+00  0.2000E+01
 -29.766  0.0000E+00  0.2000E+01
 -29.756  0.0000E+00  0.2000E+01
 -29.746  0.0000E+00  0.2000E+01
 -29.736  0.0000E+00  0.2000E+01
 -29.726  0.0000E+00  0.2000E+01
 -29.716  0.0000E+00  0.2000E+01
 -29.706  0.0000E+00  0.2000E+01
 -29.696  0.0000E+00  0.2000E+01
 -29.686  0.0000E+00  0.2000E+01
 -29.676  0.0000E+00  0.2000E+01
 -29.666  0.0000E+00  0.2000E+01
 -29.656  0.0000E+00  0.2000E+01
 -29.646  0.0000E+00  0.2000E+01
 -29.636  0.0000E+00  0.2000E+01
 -29.626  0.0000E+00  0.2000E+01
 -29.616  0.0000E+00  0.2000E+01
 -29.606  0.0000E+00  0.2000E+01
 -29.596  0.0000E+00  0.2000E+01
 -29.586  0.0000E+00  0.2000E+01
 -29.576  0.0000E+00  0.2000E+01
 -29.566  0.0000E+00  0.2000E+01
 -29.556  0.0000E+00  0.2000E+01
 -29.546  0.0000E+00  0.2000E+01
 -29.536  0.0000E+00  0.2000E+01
 -29.526  0.0000E+00  0.2000E+01
 -29.516  0.0000E+00  0.2000E+01
 -29.506  0.0000E+00  0.2000E+01
 -29.496  0.0000E+00  0.2000E+01
 -29.486  0.0000E+00  0.2000E+01
 -29.476  0.0000E+00  0.2000E+01
 -29.466  0.0000E+00  0.2000E+01
 -29.456  0.0000E+00  0.2000E+01
 -29.446  0.0000E+00  0.2000E+01
 -29.436  0.0000E+00  0.2000E+01
 -29.426  0.0000E+00  0.2000E+01
 -29.416  0.0000E+00  0.2000E+01
 -29.406  0.0000E+00  0.2000E+01
 -29.396  0.0000E+00  0.2000E+01
 -29.386  0.0000E+00  0.2000E+01
 -29.376  0.0000E+00  0.2000E+01
 -29.366  0.0000E+00  0.2000E+01
 -29.356  0.0000E+00  0.2000E+01
 -29.346  0.0000E+00  0.2000E+01
 -29.336  0.0000E+00  0.2000E+01
 -29.326  0.0000E+00  0.2000E+01
 -29.316  0.0000E+00  0.2000E+01
 -29.306  0.0000E+00  0.2000E+01
 -29.296  0.0000E+00  0.2000E+01
 -29.286  0.0000E+00  0.2000E+01
 -29.276  0.0000E+00  0.2000E+01
 -29.266  0.0000E+00  0.2000E+01
 -29.256  0.0000E+00  0.2000E+01
 -29.246  0.0000E+00  0.2000E+01
 -29.236  0.0000E+00  0.2000E+01
 -29.226  0.0000E+00  0.2000E+01
 -29.216  0.0000E+00  0.2000E+01
 -29.206  0.0000E+00  0.2000E+01
 -29.196  0.0000E+00  0.2000E+01
 -29.186  0.0000E+00  0.2000E+01
 -29.176  0.0000E+00  0.2000E+01
 -29.166  0.0000E+00  0.2000E+01
 -29.156  0.0000E+00  0.2000E+01
 -29.146  0.0000E+00  0.2000E+01
 -29.136  0.0000E+00  0.2000E+01
 -29.126  0.0000E+00  0.2000E+01
 -29.116  0.0000E+00  0.2000E+01
 -29.106  0.0000E+00  0.2000E+01
 -29.096  0.0000E+00  0.2000E+01
 -29.086  0.0000E+00  0.2000E+01
 -29.076  0.0000E+00  0.2000E+01
 -29.066  0.0000E+00  0.2000E+01
 -29.056  0.0000E+00  0.2000E+01
 -29.046  0.0000E+00  0.2000E+01
 -29.036  0.0000E+00  0.2000E+01
 -29.026  0.0000E+00  0.2000E+01
 -29.016  0.0000E+00  0.2000E+01
 -29.006  0.0000E+00  0.2000E+01
 -28.996  0.0000E+00  0.2000E+01
 -28.986  0.0000E+00  0.2000E+01
 -28.976  0.0000E+00  0.2000E+01
 -28.966  0.0000E+00  0.2000E+01
 -28.956  0.0000E+00  0.2000E+01
 -28.946  0.0000E+00  0.2000E+01
 -28.936  0.0000E+00  0.2000E+01
 -28.926  0.0000E+00  0.2000E+01
 -28.916  0.0000E+00  0.2000E+01
 -28.906  0.0000E+00  0.2000E+01
 -28.896  0.0000E+00  0.2000E+01
 -28.886  0.0000E+00  0.2000E+01
 -28.876  0.0000E+00  0.2000E+01
 -28.866  0.0000E+00  0.2000E+01
 -28.856  0.0000E+00  0.2000E+01
 -28.846  0.0000E+00  0.2000E+01
 -28.836  0.0000E+00  0.2000E+01
 -28.826  0.0000E+00  0.2000E+01
 -28.816  0.0000E+00  0.2000E+01
 -28.806  0.0000E+00  0.2000E+01
 -28.796  0.0000E+00  0.2000E+01
 -28.786  0.0000E+00  0.2000E+01
 -28.776  0.0000E+00  0.2000E+01
 -28.766  0.0000E+00  0.2000E+01
 -28.756  0.0000E+00  0.2000E+01
 -28.746  0.0000E+00  0.2000E+01
 -28.736  0.0000E+00  0.2000E+01
 -28.726  0.0000E+00  0.2000E+01
 -28.716  0.0000E+00  0.2000E+01
 -28.706  0.0000E+00  0.2000E+01
 -28.696  0.0000E+00  0.2000E+01
 -28.686  0.0000E+00  0.2000E+01
 -28.676  0.0000E+00  0.2000E+01
 -28.666  0.0000E+00  0.2000E+01
 -28.656  0.0000E+00  0.2000E+01
 -28.646  0.0000E+00  0.2000E+01
 -28.636  0.0000E+00  0.2000E+01
 -28.626  0.0000E+00  0.2000E+01
 -28.616  0.0000E+00  0.2000E+01
 -28.606  0.0000E+00  0.2000E+01
 -28.596  0.0000E+00  0.2000E+01
 -28.586  0.0000E+00  0.2000E+01
 -28.576  0.0000E+00  0.2000E+01
 -28.566  0.0000E+00  0.2000E+01
 -28.556  0.0000E+00  0.2000E+01
 -28.546  0.0000E+00  0.2000E+01
 -28.536  0.0000E+00  0.2000E+01
 -28.526  0.0000E+00  0.2000E+01
 -28.516  0.0000E+00  0.2000E+01
 -28.506  0.0000E+00  0.2000E+01
 -28.496  0.0000E+00  0.2000E+01
 -28.486  0.0000E+00  0.2000E+01
 -28.476  0.0000E+00  0.2000E+01
 -28.466  0.0000E+00  0.2000E+01
 -28.456  0.0000E+00  0.2000E+01
 -28.446  0.0000E+00  0.2000E+01
 -28.436  0.0000E+00  0.2000E+01
 -28.426  0.0000E+00  0.2000E+01
 -28.416  0.0000E+00  0.2000E+01
 -28.406  0.0000E+00  0.2000E+01
 -28.396  0.0000E+00  0.2000E+01
 -28.386  0.0000E+00  0.2000E+01
 -28.376  0.0000E+00  0.2000E+01
 -28.366  0.0000E+00  0.2000E+01
 -28.356  0.0000E+00  0.2000E+01
 -28.346  0.0000E+00  0.2000E+01
 -28.336  0.0000E+00  0.2000E+01
 -28.326  0.0000E+00  0.2000E+01
 -28.316  0.0000E+00  0.2000E+01
 -28.306  0.0000E+00  0.2000E+01
 -28.296  0.0000E+00  0.2000E+01
 -28.286  0.0000E+00  0.2000E+01
 -28.276  0.0000E+00  0.2000E+01
 -28.266  0.0000E+00  0.2000E+01
 -28.256  0.0000E+00  0.2000E+01
 -28.246  0.0000E+00  0.2000E+01
 -28.236  0.0000E+00  0.2000E+01
 -28.226  0.0000E+00  0.2000E+01
 -28.216  0.0000E+00  0.2000E+01
 -28.206  0.0000E+00  0.2000E+01
 -28.196  0.0000E+00  0.2000E+01
 -28.186  0.0000E+00  0.2000E+01
 -28.176  0.0000E+00  0.2000E+01
 -28.166  0.0000E+00  0.2000E+01
 -28.156  0.0000E+00  0.2000E+01
 -28.146  0.0000E+00  0.2000E+01
 -28.136  0.0000E+00  0.2000E+01
 -28.126  0.0000E+00  0.2000E+01
 -28.116  0.0000E+00  0.2000E+01
 -28.106  0.0000E+00  0.2000E+01
 -28.096  0.0000E+00  0.2000E+01
 -28.086  0.0000E+00  0.2000E+01
 -28.076  0.0000E+00  0.2000E+01
 -28.066  0.0000E+00  0.2000E+01
 -28.056  0.0000E+00  0.2000E+01
 -28.046  0.0000E+00  0.2000E+01
 -28.036  0.0000E+00  0.2000E+01
 -28.026  0.0000E+00  0.2000E+01
 -28.016  0.0000E+00  0.2000E+01
 -28.006  0.0000E+00  0.2000E+01
 -27.996  0.0000E+00  0.2000E+01
 -27.986  0.0000E+00  0.2000E+01
 -27.976  0.0000E+00  0.2000E+01
 -27.966  0.0000E+00  0.2000E+01
 -27.956  0.0000E+00  0.2000E+01
 -27.946  0.0000E+00  0.2000E+01
 -27.936  0.0000E+00  0.2000E+01
 -27.926  0.0000E+00  0.2000E+01
 -27.916  0.0000E+00  0.2000E+01
 -27.906  0.0000E+00  0.2000E+01
 -27.896  0.0000E+00  0.2000E+01
 -27.886  0.0000E+00  0.2000E+01
 -27.876  0.0000E+00  0.2000E+01
 -27.866  0.0000E+00  0.2000E+01
 -27.856  0.0000E+00  0.2000E+01
 -27.846  0.0000E+00  0.2000E+01
 -27.836  0.0000E+00  0.2000E+01
 -27.826  0.0000E+00  0.2000E+01
 -27.816  0.0000E+00  0.2000E+01
 -27.806  0.0000E+00  0.2000E+01
 -27.796  0.0000E+00  0.2000E+01
 -27.786  0.0000E+00  0.2000E+01
 -27.776  0.0000E+00  0.2000E+01
 -27.766  0.0000E+00  0.2000E+01
 -27.756  0.0000E+00  0.2000E+01
 -27.746  0.0000E+00  0.2000E+01
 -27.736  0.0000E+00  0.2000E+01
 -27.726  0.0000E+00  0.2000E+01
 -27.716  0.0000E+00  0.2000E+01
 -27.706  0.0000E+00  0.2000E+01
 -27.696  0.0000E+00  0.2000E+01
 -27.686  0.0000E+00  0.2000E+01
 -27.676  0.0000E+00  0.2000E+01
 -27.666  0.0000E+00  0.2000E+01
 -27.656  0.0000E+00  0.2000E+01
 -27.646  0.0000E+00  0.2000E+01
 -27.636  0.0000E+00  0.2000E+01
 -27.626  0.0000E+00  0.2000E+01
 -27.616  0.0000E+00  0.2000E+01
 -27.606  0.0000E+00  0.2000E+01
 -27.596  0.0000E+00  0.2000E+01
 -27.586  0.0000E+00  0.2000E+01
 -27.576  0.0000E+00  0.2000E+01
 -27.566  0.0000E+00  0.2000E+01
 -27.556  0.0000E+00  0.2000E+01
 -27.546  0.0000E+00  0.2000E+01
 -27.536  0.0000E+00  0.2000E+01
 -27.526  0.0000E+00  0.2000E+01
 -27.516  0.0000E+00  0.2000E+01
 -27.506  0.0000E+00  0.2000E+01
 -27.496  0.0000E+00  0.2000E+01
 -27.486  0.0000E+00  0.2000E+01
 -27.476  0.0000E+00  0.2000E+01
 -27.466  0.0000E+00  0.2000E+01
 -27.456  0.0000E+00  0.2000E+01
 -27.446  0.0000E+00  0.2000E+01
 -27.436  0.0000E+00  0.2000E+01
 -27.426  0.0000E+00  0.2000E+01
 -27.416  0.0000E+00  0.2000E+01
 -27.406  0.0000E+00  0.2000E+01
 -27.396  0.0000E+00  0.2000E+01
 -27.386  0.0000E+00  0.2000E+01
 -27.376  0.0000E+00  0.2000E+01
 -27.366  0.0000E+00  0.2000E+01
 -27.356  0.0000E+00  0.2000E+01
 -27.346  0.0000E+00  0.2000E+01
 -27.336  0.0000E+00  0.2000E+01
 -27.326  0.0000E+00  0.2000E+01
 -27.316  0.0000E+00  0.2000E+01
 -27.306  0.0000E+00  0.2000E+01
 -27.296  0.0000E+00  0.2000E+01
 -27.286  0.0000E+00  0.2000E+01
 -27.276  0.0000E+00  0.2000E+01
 -27.266  0.0000E+00  0.2000E+01
 -27.256  0.0000E+00  0.2000E+01
 -27.246  0.0000E+00  0.2000E+01
 -27.236  0.0000E+00  0.2000E+01
 -27.226  0.0000E+00  0.2000E+01
 -27.216  0.0000E+00  0.2000E+01
 -27.206  0.0000E+00  0.2000E+01
 -27.196  0.0000E+00  0.2000E+01
 -27.186  0.0000E+00  0.2000E+01
 -27.176  0.0000E+00  0.2000E+01
 -27.166  0.0000E+00  0.2000E+01
 -27.156  0.0000E+00  0.2000E+01
 -27.146  0.0000E+00  0.2000E+01
 -27.136  0.0000E+00  0.2000E+01
 -27.126  0.0000E+00  0.2000E+01
 -27.116  0.0000E+00  0.2000E+01
 -27.106  0.0000E+00  0.2000E+01
 -27.096  0.0000E+00  0.2000E+01
 -27.086  0.0000E+00  0.2000E+01
 -27.076  0.0000E+00  0.2000E+01
 -27.066  0.0000E+00  0.2000E+01
 -27.056  0.0000E+00  0.2000E+01
 -27.046  0.0000E+00  0.2000E+01
 -27.036  0.0000E+00  0.2000E+01
 -27.026  0.0000E+00  0.2000E+01
 -27.016  0.0000E+00  0.2000E+01
 -27.006  0.0000E+00  0.2000E+01
 -26.996  0.0000E+00  0.2000E+01
 -26.986  0.0000E+00  0.2000E+01
 -26.976  0.0000E+00  0.2000E+01
 -26.966  0.0000E+00  0.2000E+01
 -26.956  0.0000E+00  0.2000E+01
 -26.946  0.0000E+00  0.2000E+01
 -26.936  0.0000E+00  0.2000E+01
 -26.926  0.0000E+00  0.2000E+01
 -26.916  0.0000E+00  0.2000E+01
 -26.906  0.0000E+00  0.2000E+01
 -26.896  0.0000E+00  0.2000E+01
 -26.886  0.0000E+00  0.2000E+01
 -26.876  0.0000E+00  0.2000E+01
 -26.866  0.0000E+00  0.2000E+01
 -26.856  0.0000E+00  0.2000E+01
 -26.846  0.0000E+00  0.2000E+01
 -26.836  0.0000E+00  0.2000E+01
 -26.826  0.0000E+00  0.2000E+01
 -26.816  0.0000E+00  0.2000E+01
 -26.806  0.0000E+00  0.2000E+01
 -26.796  0.0000E+00  0.2000E+01
 -26.786  0.0000E+00  0.2000E+01
 -26.776  0.0000E+00  0.2000E+01
 -26.766  0.0000E+00  0.2000E+01
 -26.756  0.0000E+00  0.2000E+01
 -26.746  0.0000E+00  0.2000E+01
 -26.736  0.0000E+00  0.2000E+01
 -26.726  0.0000E+00  0.2000E+01
 -26.716  0.0000E+00  0.2000E+01
 -26.706  0.0000E+00  0.2000E+01
 -26.696  0.0000E+00  0.2000E+01
 -26.686  0.0000E+00  0.2000E+01
 -26.676  0.0000E+00  0.2000E+01
 -26.666  0.0000E+00  0.2000E+01
 -26.656  0.0000E+00  0.2000E+01
 -26.646  0.0000E+00  0.2000E+01
 -26.636  0.0000E+00  0.2000E+01
 -26.626  0.0000E+00  0.2000E+01
 -26.616  0.0000E+00  0.2000E+01
 -26.606  0.0000E+00  0.2000E+01
 -26.596  0.0000E+00  0.2000E+01
 -26.586  0.0000E+00  0.2000E+01
 -26.576  0.0000E+00  0.2000E+01
 -26.566  0.0000E+00  0.2000E+01
 -26.556  0.0000E+00  0.2000E+01
 -26.546  0.0000E+00  0.2000E+01
 -26.536  0.0000E+00  0.2000E+01
 -26.526  0.0000E+00  0.2000E+01
 -26.516  0.0000E+00  0.2000E+01
 -26.506  0.0000E+00  0.2000E+01
 -26.496  0.0000E+00  0.2000E+01
 -26.486  0.0000E+00  0.2000E+01
 -26.476  0.0000E+00  0.2000E+01
 -26.466  0.0000E+00  0.2000E+01
 -26.456  0.0000E+00  0.2000E+01
 -26.446  0.0000E+00  0.2000E+01
 -26.436  0.0000E+00  0.2000E+01
 -26.426  0.0000E+00  0.2000E+01
 -26.416  0.0000E+00  0.2000E+01
 -26.406  0.0000E+00  0.2000E+01
 -26.396  0.0000E+00  0.2000E+01
 -26.386  0.0000E+00  0.2000E+01
 -26.376  0.0000E+00  0.2000E+01
 -26.366  0.0000E+00  0.2000E+01
 -26.356  0.0000E+00  0.2000E+01
 -26.346  0.0000E+00  0.2000E+01
 -26.336  0.0000E+00  0.2000E+01
 -26.326  0.0000E+00  0.2000E+01
 -26.316  0.0000E+00  0.2000E+01
 -26.306  0.0000E+00  0.2000E+01
 -26.296  0.0000E+00  0.2000E+01
 -26.286  0.0000E+00  0.2000E+01
 -26.276  0.0000E+00  0.2000E+01
 -26.266  0.0000E+00  0.2000E+01
 -26.256  0.0000E+00  0.2000E+01
 -26.246  0.0000E+00  0.2000E+01
 -26.236  0.0000E+00  0.2000E+01
 -26.226  0.0000E+00  0.2000E+01
 -26.216  0.0000E+00  0.2000E+01
 -26.206  0.0000E+00  0.2000E+01
 -26.196  0.0000E+00  0.2000E+01
 -26.186  0.0000E+00  0.2000E+01
 -26.176  0.0000E+00  0.2000E+01
 -26.166  0.0000E+00  0.2000E+01
 -26.156  0.0000E+00  0.2000E+01
 -26.146  0.0000E+00  0.2000E+01
 -26.136  0.0000E+00  0.2000E+01
 -26.126  0.0000E+00  0.2000E+01
 -26.116  0.0000E+00  0.2000E+01
 -26.106  0.0000E+00  0.2000E+01
 -26.096  0.0000E+00  0.2000E+01
 -26.086  0.0000E+00  0.2000E+01
 -26.076  0.0000E+00  0.2000E+01
 -26.066  0.0000E+00  0.2000E+01
 -26.056  0.0000E+00  0.2000E+01
 -26.046  0.0000E+00  0.2000E+01
 -26.036  0.0000E+00  0.2000E+01
 -26.026  0.0000E+00  0.2000E+01
 -26.016  0.0000E+00  0.2000E+01
 -26.006  0.0000E+00  0.2000E+01
 -25.996  0.0000E+00  0.2000E+01
 -25.986  0.0000E+00  0.2000E+01
 -25.976  0.0000E+00  0.2000E+01
 -25.966  0.0000E+00  0.2000E+01
 -25.956  0.0000E+00  0.2000E+01
 -25.946  0.0000E+00  0.2000E+01
 -25.936  0.0000E+00  0.2000E+01
 -25.926  0.0000E+00  0.2000E+01
 -25.916  0.0000E+00  0.2000E+01
 -25.906  0.0000E+00  0.2000E+01
 -25.896  0.0000E+00  0.2000E+01
 -25.886  0.0000E+00  0.2000E+01
 -25.876  0.0000E+00  0.2000E+01
 -25.866  0.0000E+00  0.2000E+01
 -25.856  0.0000E+00  0.2000E+01
 -25.846  0.0000E+00  0.2000E+01
 -25.836  0.0000E+00  0.2000E+01
 -25.826  0.0000E+00  0.2000E+01
 -25.816  0.0000E+00  0.2000E+01
 -25.806  0.0000E+00  0.2000E+01
 -25.796  0.0000E+00  0.2000E+01
 -25.786  0.0000E+00  0.2000E+01
 -25.776  0.0000E+00  0.2000E+01
 -25.766  0.0000E+00  0.2000E+01
 -25.756  0.0000E+00  0.2000E+01
 -25.746  0.0000E+00  0.2000E+01
 -25.736  0.0000E+00  0.2000E+01
 -25.726  0.0000E+00  0.2000E+01
 -25.716  0.0000E+00  0.2000E+01
 -25.706  0.0000E+00  0.2000E+01
 -25.696  0.0000E+00  0.2000E+01
 -25.686  0.0000E+00  0.2000E+01
 -25.676  0.0000E+00  0.2000E+01
 -25.666  0.0000E+00  0.2000E+01
 -25.656  0.0000E+00  0.2000E+01
 -25.646  0.0000E+00  0.2000E+01
 -25.636  0.0000E+00  0.2000E+01
 -25.626  0.0000E+00  0.2000E+01
 -25.616  0.0000E+00  0.2000E+01
 -25.606  0.0000E+00  0.2000E+01
 -25.596  0.0000E+00  0.2000E+01
 -25.586  0.0000E+00  0.2000E+01
 -25.576  0.0000E+00  0.2000E+01
 -25.566  0.0000E+00  0.2000E+01
 -25.556  0.0000E+00  0.2000E+01
 -25.546  0.0000E+00  0.2000E+01
 -25.536  0.0000E+00  0.2000E+01
 -25.526  0.0000E+00  0.2000E+01
 -25.516  0.0000E+00  0.2000E+01
 -25.506  0.0000E+00  0.2000E+01
 -25.496  0.0000E+00  0.2000E+01
 -25.486  0.0000E+00  0.2000E+01
 -25.476  0.0000E+00  0.2000E+01
 -25.466  0.0000E+00  0.2000E+01
 -25.456  0.0000E+00  0.2000E+01
 -25.446  0.0000E+00  0.2000E+01
 -25.436  0.0000E+00  0.2000E+01
 -25.426  0.0000E+00  0.2000E+01
 -25.416  0.0000E+00  0.2000E+01
 -25.406  0.0000E+00  0.2000E+01
 -25.396  0.0000E+00  0.2000E+01
 -25.386  0.0000E+00  0.2000E+01
 -25.376  0.0000E+00  0.2000E+01
 -25.366  0.0000E+00  0.2000E+01
 -25.356  0.0000E+00  0.2000E+01
 -25.346  0.0000E+00  0.2000E+01
 -25.336  0.0000E+00  0.2000E+01
 -25.326  0.0000E+00  0.2000E+01
 -25.316  0.0000E+00  0.2000E+01
 -25.306  0.0000E+00  0.2000E+01
 -25.296  0.0000E+00  0.2000E+01
 -25.286  0.0000E+00  0.2000E+01
 -25.276  0.0000E+00  0.2000E+01
 -25.266  0.0000E+00  0.2000E+01
 -25.256  0.0000E+00  0.2000E+01
 -25.246  0.0000E+00  0.2000E+01
 -25.236  0.0000E+00  0.2000E+01
 -25.226  0.0000E+00  0.2000E+01
 -25.216  0.0000E+00  0.2000E+01
 -25.206  0.0000E+00  0.2000E+01
 -25.196  0.0000E+00  0.2000E+01
 -25.186  0.0000E+00  0.2000E+01
 -25.176  0.0000E+00  0.2000E+01
 -25.166  0.0000E+00  0.2000E+01
 -25.156  0.0000E+00  0.2000E+01
 -25.146  0.0000E+00  0.2000E+01
 -25.136  0.0000E+00  0.2000E+01
 -25.126  0.0000E+00  0.2000E+01
 -25.116  0.0000E+00  0.2000E+01
 -25.106  0.0000E+00  0.2000E+01
 -25.096  0.0000E+00  0.2000E+01
 -25.086  0.0000E+00  0.2000E+01
 -25.076  0.0000E+00  0.2000E+01
 -25.066  0.0000E+00  0.2000E+01
 -25.056  0.0000E+00  0.2000E+01
 -25.046  0.0000E+00  0.2000E+01
 -25.036  0.0000E+00  0.2000E+01
 -25.026  0.0000E+00  0.2000E+01
 -25.016  0.0000E+00  0.2000E+01
 -25.006  0.0000E+00  0.2000E+01
 -24.996  0.0000E+00  0.2000E+01
 -24.986  0.0000E+00  0.2000E+01
 -24.976  0.0000E+00  0.2000E+01
 -24.966  0.0000E+00  0.2000E+01
 -24.956  0.0000E+00  0.2000E+01
 -24.946  0.0000E+00  0.2000E+01
 -24.936  0.0000E+00  0.2000E+01
 -24.926  0.0000E+00  0.2000E+01
 -24.916  0.0000E+00  0.2000E+01
 -24.906  0.0000E+00  0.2000E+01
 -24.896  0.0000E+00  0.2000E+01
 -24.886  0.0000E+00  0.2000E+01
 -24.876  0.0000E+00  0.2000E+01
 -24.866  0.0000E+00  0.2000E+01
 -24.856  0.0000E+00  0.2000E+01
 -24.846  0.0000E+00  0.2000E+01
 -24.836  0.0000E+00  0.2000E+01
 -24.826  0.0000E+00  0.2000E+01
 -24.816  0.0000E+00  0.2000E+01
 -24.806  0.0000E+00  0.2000E+01
 -24.796  0.0000E+00  0.2000E+01
 -24.786  0.0000E+00  0.2000E+01
 -24.776  0.0000E+00  0.2000E+01
 -24.766  0.0000E+00  0.2000E+01
 -24.756  0.0000E+00  0.2000E+01
 -24.746  0.0000E+00  0.2000E+01
 -24.736  0.0000E+00  0.2000E+01
 -24.726  0.0000E+00  0.2000E+01
 -24.716  0.0000E+00  0.2000E+01
 -24.706  0.0000E+00  0.2000E+01
 -24.696  0.0000E+00  0.2000E+01
 -24.686  0.0000E+00  0.2000E+01
 -24.676  0.0000E+00  0.2000E+01
 -24.666  0.0000E+00  0.2000E+01
 -24.656  0.0000E+00  0.2000E+01
 -24.646  0.0000E+00  0.2000E+01
 -24.636  0.0000E+00  0.2000E+01
 -24.626  0.0000E+00  0.2000E+01
 -24.616  0.0000E+00  0.2000E+01
 -24.606  0.0000E+00  0.2000E+01
 -24.596  0.0000E+00  0.2000E+01
 -24.586  0.0000E+00  0.2000E+01
 -24.576  0.0000E+00  0.2000E+01
 -24.566  0.0000E+00  0.2000E+01
 -24.556  0.0000E+00  0.2000E+01
 -24.546  0.0000E+00  0.2000E+01
 -24.536  0.0000E+00  0.2000E+01
 -24.526  0.0000E+00  0.2000E+01
 -24.516  0.0000E+00  0.2000E+01
 -24.506  0.0000E+00  0.2000E+01
 -24.496  0.0000E+00  0.2000E+01
 -24.486  0.0000E+00  0.2000E+01
 -24.476  0.0000E+00  0.2000E+01
 -24.466  0.0000E+00  0.2000E+01
 -24.456  0.0000E+00  0.2000E+01
 -24.446  0.0000E+00  0.2000E+01
 -24.436  0.0000E+00  0.2000E+01
 -24.426  0.0000E+00  0.2000E+01
 -24.416  0.0000E+00  0.2000E+01
 -24.406  0.0000E+00  0.2000E+01
 -24.396  0.0000E+00  0.2000E+01
 -24.386  0.0000E+00  0.2000E+01
 -24.376  0.0000E+00  0.2000E+01
 -24.366  0.0000E+00  0.2000E+01
 -24.356  0.0000E+00  0.2000E+01
 -24.346  0.0000E+00  0.2000E+01
 -24.336  0.0000E+00  0.2000E+01
 -24.326  0.0000E+00  0.2000E+01
 -24.316  0.0000E+00  0.2000E+01
 -24.306  0.0000E+00  0.2000E+01
 -24.296  0.0000E+00  0.2000E+01
 -24.286  0.4560E+01  0.2006E+01
 -24.276  0.4884E+01  0.2053E+01
 -24.266  0.4976E+01  0.2102E+01
 -24.256  0.5168E+01  0.2153E+01
 -24.246  0.5373E+01  0.2206E+01
 -24.236  0.5620E+01  0.2261E+01
 -24.226  0.5934E+01  0.2319E+01
 -24.216  0.8842E+01  0.2398E+01
 -24.206  0.9416E+01  0.2489E+01
 -24.196  0.1018E+02  0.2587E+01
 -24.186  0.1132E+02  0.2694E+01
 -24.176  0.1351E+02  0.2816E+01
 -24.166  0.1869E+02  0.2988E+01
 -24.156  0.1321E+02  0.3138E+01
 -24.146  0.8980E+01  0.3241E+01
 -24.136  0.8943E+01  0.3330E+01
 -24.126  0.9245E+01  0.3421E+01
 -24.116  0.1001E+02  0.3517E+01
 -24.106  0.1174E+02  0.3624E+01
 -24.096  0.1867E+02  0.3765E+01
 -24.086  0.1325E+02  0.3953E+01
 -24.076  0.0000E+00  0.4000E+01
 -24.066  0.0000E+00  0.4000E+01
 -24.056  0.0000E+00  0.4000E+01
 -24.046  0.0000E+00  0.4000E+01
 -24.036  0.0000E+00  0.4000E+01
 -24.026  0.0000E+00  0.4000E+01
 -24.016  0.0000E+00  0.4000E+01
 -24.006  0.0000E+00  0.4000E+01
 -23.996  0.0000E+00  0.4000E+01
 -23.986  0.0000E+00  0.4000E+01
 -23.976  0.0000E+00  0.4000E+01
 -23.966  0.0000E+00  0.4000E+01
 -23.956  0.0000E+00  0.4000E+01
 -23.946  0.0000E+00  0.4000E+01
 -23.936  0.0000E+00  0.4000E+01
 -23.926  0.0000E+00  0.4000E+01
 -23.916  0.0000E+00  0.4000E+01
 -23.906  0.0000E+00  0.4000E+01
 -23.896  0.0000E+00  0.4000E+01
 -23.886  0.0000E+00  0.4000E+01
 -23.876  0.0000E+00  0.4000E+01
 -23.866  0.0000E+00  0.4000E+01
 -23.856  0.1989E+02  0.4002E+01
 -23.846  0.2024E+02  0.4177E+01
 -23.836  0.2088E+02  0.4421E+01
 -23.826  0.1870E+02  0.4613E+01
 -23.816  0.2293E+02  0.4813E+01
 -23.806  0.1932E+02  0.5059E+01
 -23.796  0.1524E+02  0.5229E+01
 -23.786  0.1318E+02  0.5370E+01
 -23.776  0.1246E+02  0.5495E+01
 -23.766  0.1906E+01  0.5527E+01
 -23.756  0.3369E+01  0.5559E+01
 -23.746  0.3342E+01  0.5593E+01
 -23.736  0.3326E+01  0.5626E+01
 -23.726  0.3344E+01  0.5660E+01
 -23.716  0.3354E+01  0.5693E+01
 -23.706  0.3380E+01  0.5727E+01
 -23.696  0.3420E+01  0.5761E+01
 -23.686  0.3465E+01  0.5795E+01
 -23.676  0.3521E+01  0.5830E+01
 -23.666  0.3585E+01  0.5866E+01
 -23.656  0.3654E+01  0.5902E+01
 -23.646  0.3735E+01  0.5939E+01
 -23.636  0.3822E+01  0.5976E+01
 -23.626  0.3915E+01  0.6015E+01
 -23.616  0.4026E+01  0.6055E+01
 -23.606  0.4149E+01  0.6096E+01
 -23.596  0.4286E+01  0.6138E+01
 -23.586  0.4436E+01  0.6182E+01
 -23.576  0.4602E+01  0.6227E+01
 -23.566  0.4792E+01  0.6274E+01
 -23.556  0.5004E+01  0.6323E+01
 -23.546  0.5244E+01  0.6374E+01
 -23.536  0.5527E+01  0.6428E+01
 -23.526  0.5894E+01  0.6485E+01
 -23.516  0.6310E+01  0.6546E+01
 -23.506  0.6807E+01  0.6611E+01
 -23.496  0.7541E+01  0.6683E+01
 -23.486  0.8621E+01  0.6763E+01
 -23.476  0.1085E+02  0.6858E+01
 -23.466  0.1123E+02  0.6988E+01
 -23.456  0.9050E+01  0.7087E+01
 -23.446  0.8097E+01  0.7173E+01
 -23.436  0.7511E+01  0.7251E+01
 -23.426  0.7070E+01  0.7323E+01
 -23.416  0.6736E+01  0.7392E+01
 -23.406  0.6466E+01  0.7458E+01
 -23.396  0.6215E+01  0.7522E+01
 -23.386  0.6043E+01  0.7583E+01
 -23.376  0.5847E+01  0.7643E+01
 -23.366  0.5781E+01  0.7701E+01
 -23.356  0.5584E+01  0.7757E+01
 -23.346  0.5487E+01  0.7813E+01
 -23.336  0.5367E+01  0.7867E+01
 -23.326  0.5283E+01  0.7921E+01
 -23.316  0.5181E+01  0.7973E+01
 -23.306  0.0000E+00  0.8000E+01
 -23.296  0.0000E+00  0.8000E+01
 -23.286  0.0000E+00  0.8000E+01
 -23.276  0.0000E+00  0.8000E+01
 -23.266  0.0000E+00  0.8000E+01
 -23.256  0.0000E+00  0.8000E+01
 -23.246  0.0000E+00  0.8000E+01
 -23.236  0.0000E+00  0.8000E+01
 -23.226  0.0000E+00  0.8000E+01
 -23.216  0.0000E+00  0.8000E+01
 -23.206  0.0000E+00  0.8000E+01
 -23.196  0.0000E+00  0.8000E+01
 -23.186  0.0000E+00  0.8000E+01
 -23.176  0.0000E+00  0.8000E+01
 -23.166  0.0000E+00  0.8000E+01
 -23.156  0.0000E+00  0.8000E+01
 -23.146  0.0000E+00  0.8000E+01
 -23.136  0.0000E+00  0.8000E+01
 -23.126  0.0000E+00  0.8000E+01
 -23.116  0.0000E+00  0.8000E+01
 -23.106  0.0000E+00  0.8000E+01
 -23.096  0.0000E+00  0.8000E+01
 -23.086  0.0000E+00  0.8000E+01
 -23.076  0.0000E+00  0.8000E+01
 -23.066  0.0000E+00  0.8000E+01
 -23.056  0.0000E+00  0.8000E+01
 -23.046  0.0000E+00  0.8000E+01
 -23.036  0.0000E+00  0.8000E+01
 -23.026  0.0000E+00  0.8000E+01
 -23.016  0.0000E+00  0.8000E+01
 -23.006  0.0000E+00  0.8000E+01
 -22.996  0.0000E+00  0.8000E+01
 -22.986  0.0000E+00  0.8000E+01
 -22.976  0.0000E+00  0.8000E+01
 -22.966  0.0000E+00  0.8000E+01
 -22.956  0.0000E+00  0.8000E+01
 -22.946  0.0000E+00  0.8000E+01
 -22.936  0.0000E+00  0.8000E+01
 -22.926  0.0000E+00  0.8000E+01
 -22.916  0.0000E+00  0.8000E+01
 -22.906  0.0000E+00  0.8000E+01
 -22.896  0.0000E+00  0.8000E+01
 -22.886  0.0000E+00  0.8000E+01
 -22.876  0.0000E+00  0.8000E+01
 -22.866  0.0000E+00  0.8000E+01
 -22.856  0.0000E+00  0.8000E+01
 -22.846  0.0000E+00  0.8000E+01
 -22.836  0.0000E+00  0.8000E+01
 -22.826  0.0000E+00  0.8000E+01
 -22.816  0.0000E+00  0.8000E+01
 -22.806  0.0000E+00  0.8000E+01
 -22.796  0.0000E+00  0.8000E+01
 -22.786  0.0000E+00  0.8000E+01
 -22.776  0.0000E+00  0.8000E+01
 -22.766  0.0000E+00  0.8000E+01
 -22.756  0.0000E+00  0.8000E+01
 -22.746  0.0000E+00  0.8000E+01
 -22.736  0.0000E+00  0.8000E+01
 -22.726  0.0000E+00  0.8000E+01
 -22.716  0.0000E+00  0.8000E+01
 -22.706  0.0000E+00  0.8000E+01
 -22.696  0.0000E+00  0.8000E+01
 -22.686  0.0000E+00  0.8000E+01
 -22.676  0.0000E+00  0.8000E+01
 -22.666  0.0000E+00  0.8000E+01
 -22.656  0.0000E+00  0.8000E+01
 -22.646  0.0000E+00  0.8000E+01
 -22.636  0.0000E+00  0.8000E+01
 -22.626  0.0000E+00  0.8000E+01
 -22.616  0.0000E+00  0.8000E+01
 -22.606  0.0000E+00  0.8000E+01
 -22.596  0.0000E+00  0.8000E+01
 -22.586  0.0000E+00  0.8000E+01
 -22.576  0.0000E+00  0.8000E+01
 -22.566  0.0000E+00  0.8000E+01
 -22.556  0.0000E+00  0.8000E+01
 -22.546  0.0000E+00  0.8000E+01
 -22.536  0.0000E+00  0.8000E+01
 -22.526  0.0000E+00  0.8000E+01
 -22.516  0.0000E+00  0.8000E+01
 -22.506  0.0000E+00  0.8000E+01
 -22.496  0.0000E+00  0.8000E+01
 -22.486  0.0000E+00  0.8000E+01
 -22.476  0.0000E+00  0.8000E+01
 -22.466  0.0000E+00  0.8000E+01
 -22.456  0.0000E+00  0.8000E+01
 -22.446  0.0000E+00  0.8000E+01
 -22.436  0.0000E+00  0.8000E+01
 -22.426  0.0000E+00  0.8000E+01
 -22.416  0.0000E+00  0.8000E+01
 -22.406  0.0000E+00  0.8000E+01
 -22.396  0.0000E+00  0.8000E+01
 -22.386  0.0000E+00  0.8000E+01
 -22.376  0.0000E+00  0.8000E+01
 -22.366  0.0000E+00  0.8000E+01
 -22.356  0.0000E+00  0.8000E+01
 -22.346  0.0000E+00  0.8000E+01
 -22.336  0.0000E+00  0.8000E+01
 -22.326  0.0000E+00  0.8000E+01
 -22.316  0.0000E+00  0.8000E+01
 -22.306  0.0000E+00  0.8000E+01
 -22.296  0.0000E+00  0.8000E+01
 -22.286  0.0000E+00  0.8000E+01
 -22.276  0.0000E+00  0.8000E+01
 -22.266  0.0000E+00  0.8000E+01
 -22.256  0.0000E+00  0.8000E+01
 -22.246  0.0000E+00  0.8000E+01
 -22.236  0.0000E+00  0.8000E+01
 -22.226  0.0000E+00  0.8000E+01
 -22.216  0.0000E+00  0.8000E+01
 -22.206  0.0000E+00  0.8000E+01
 -22.196  0.0000E+00  0.8000E+01
 -22.186  0.0000E+00  0.8000E+01
 -22.176  0.0000E+00  0.8000E+01
 -22.166  0.0000E+00  0.8000E+01
 -22.156  0.0000E+00  0.8000E+01
 -22.146  0.0000E+00  0.8000E+01
 -22.136  0.0000E+00  0.8000E+01
 -22.126  0.0000E+00  0.8000E+01
 -22.116  0.0000E+00  0.8000E+01
 -22.106  0.0000E+00  0.8000E+01
 -22.096  0.0000E+00  0.8000E+01
 -22.086  0.0000E+00  0.8000E+01
 -22.076  0.0000E+00  0.8000E+01
 -22.066  0.0000E+00  0.8000E+01
 -22.056  0.0000E+00  0.8000E+01
 -22.046  0.0000E+00  0.8000E+01
 -22.036  0.0000E+00  0.8000E+01
 -22.026  0.0000E+00  0.8000E+01
 -22.016  0.0000E+00  0.8000E+01
 -22.006  0.0000E+00  0.8000E+01
 -21.996  0.0000E+00  0.8000E+01
 -21.986  0.0000E+00  0.8000E+01
 -21.976  0.0000E+00  0.8000E+01
 -21.966  0.0000E+00  0.8000E+01
 -21.956  0.0000E+00  0.8000E+01
 -21.946  0.0000E+00  0.8000E+01
 -21.936  0.0000E+00  0.8000E+01
 -21.926  0.0000E+00  0.8000E+01
 -21.916  0.0000E+00  0.8000E+01
 -21.906  0.0000E+00  0.8000E+01
 -21.896  0.0000E+00  0.8000E+01
 -21.886  0.0000E+00  0.8000E+01
 -21.876  0.0000E+00  0.8000E+01
 -21.866  0.0000E+00  0.8000E+01
 -21.856  0.0000E+00  0.8000E+01
 -21.846  0.0000E+00  0.8000E+01
 -21.836  0.0000E+00  0.8000E+01
 -21.826  0.0000E+00  0.8000E+01
 -21.816  0.0000E+00  0.8000E+01
 -21.806  0.0000E+00  0.8000E+01
 -21.796  0.0000E+00  0.8000E+01
 -21.786  0.0000E+00  0.8000E+01
 -21.776  0.0000E+00  0.8000E+01
 -21.766  0.0000E+00  0.8000E+01
 -21.756  0.0000E+00  0.8000E+01
 -21.746  0.0000E+00  0.8000E+01
 -21.736  0.0000E+00  0.8000E+01
 -21.726  0.0000E+00  0.8000E+01
 -21.716  0.0000E+00  0.8000E+01
 -21.706  0.0000E+00  0.8000E+01
 -21.696  0.0000E+00  0.8000E+01
 -21.686  0.0000E+00  0.8000E+01
 -21.676  0.0000E+00  0.8000E+01
 -21.666  0.0000E+00  0.8000E+01
 -21.656  0.0000E+00  0.8000E+01
 -21.646  0.0000E+00  0.8000E+01
 -21.636  0.0000E+00  0.8000E+01
 -21.626  0.0000E+00  0.8000E+01
 -21.616  0.0000E+00  0.8000E+01
 -21.606  0.0000E+00  0.8000E+01
 -21.596  0.0000E+00  0.8000E+01
 -21.586  0.0000E+00  0.8000E+01
 -21.576  0.0000E+00  0.8000E+01
 -21.566  0.0000E+00  0.8000E+01
 -21.556  0.0000E+00  0.8000E+01
 -21.546  0.0000E+00  0.8000E+01
 -21.536  0.0000E+00  0.8000E+01
 -21.526  0.0000E+00  0.8000E+01
 -21.516  0.0000E+00  0.8000E+01
 -21.506  0.0000E+00  0.8000E+01
 -21.496  0.0000E+00  0.8000E+01
 -21.486  0.0000E+00  0.8000E+01
 -21.476  0.0000E+00  0.8000E+01
 -21.466  0.0000E+00  0.8000E+01
 -21.456  0.0000E+00  0.8000E+01
 -21.446  0.0000E+00  0.8000E+01
 -21.436  0.0000E+00  0.8000E+01
 -21.426  0.0000E+00  0.8000E+01
 -21.416  0.0000E+00  0.8000E+01
 -21.406  0.0000E+00  0.8000E+01
 -21.396  0.0000E+00  0.8000E+01
 -21.386  0.0000E+00  0.8000E+01
 -21.376  0.0000E+00  0.8000E+01
 -21.366  0.0000E+00  0.8000E+01
 -21.356  0.0000E+00  0.8000E+01
 -21.346  0.0000E+00  0.8000E+01
 -21.336  0.0000E+00  0.8000E+01
 -21.326  0.0000E+00  0.8000E+01
 -21.316  0.0000E+00  0.8000E+01
 -21.306  0.0000E+00  0.8000E+01
 -21.296  0.0000E+00  0.8000E+01
 -21.286  0.0000E+00  0.8000E+01
 -21.276  0.0000E+00  0.8000E+01
 -21.266  0.0000E+00  0.8000E+01
 -21.256  0.0000E+00  0.8000E+01
 -21.246  0.0000E+00  0.8000E+01
 -21.236  0.0000E+00  0.8000E+01
 -21.226  0.0000E+00  0.8000E+01
 -21.216  0.0000E+00  0.8000E+01
 -21.206  0.0000E+00  0.8000E+01
 -21.196  0.0000E+00  0.8000E+01
 -21.186  0.0000E+00  0.8000E+01
 -21.176  0.0000E+00  0.8000E+01
 -21.166  0.0000E+00  0.8000E+01
 -21.156  0.0000E+00  0.8000E+01
 -21.146  0.0000E+00  0.8000E+01
 -21.136  0.0000E+00  0.8000E+01
 -21.126  0.0000E+00  0.8000E+01
 -21.116  0.0000E+00  0.8000E+01
 -21.106  0.0000E+00  0.8000E+01
 -21.096  0.0000E+00  0.8000E+01
 -21.086  0.0000E+00  0.8000E+01
 -21.076  0.0000E+00  0.8000E+01
 -21.066  0.2646E+01  0.8003E+01
 -21.056  0.2792E+01  0.8029E+01
 -21.046  0.3122E+01  0.8059E+01
 -21.036  0.3536E+01  0.8092E+01
 -21.026  0.4064E+01  0.8130E+01
 -21.016  0.4773E+01  0.8174E+01
 -21.006  0.5806E+01  0.8227E+01
 -20.996  0.7465E+01  0.8292E+01
 -20.986  0.1059E+02  0.8380E+01
 -20.976  0.5474E+02  0.8692E+01
 -20.966  0.4997E+02  0.9326E+01
 -20.956  0.4346E+02  0.9807E+01
 -20.946  0.0000E+00  0.1000E+02
 -20.936  0.0000E+00  0.1000E+02
 -20.926  0.0000E+00  0.1000E+02
 -20.916  0.0000E+00  0.1000E+02
 -20.906  0.0000E+00  0.1000E+02
 -20.896  0.0000E+00  0.1000E+02
 -20.886  0.0000E+00  0.1000E+02
 -20.876  0.0000E+00  0.1000E+02
 -20.866  0.0000E+00  0.1000E+02
 -20.856  0.0000E+00  0.1000E+02
 -20.846  0.0000E+00  0.1000E+02
 -20.836  0.0000E+00  0.1000E+02
 -20.826  0.0000E+00  0.1000E+02
 -20.816  0.0000E+00  0.1000E+02
 -20.806  0.0000E+00  0.1000E+02
 -20.796  0.0000E+00  0.1000E+02
 -20.786  0.0000E+00  0.1000E+02
 -20.776  0.0000E+00  0.1000E+02
 -20.766  0.0000E+00  0.1000E+02
 -20.756  0.0000E+00  0.1000E+02
 -20.746  0.0000E+00  0.1000E+02
 -20.736  0.0000E+00  0.1000E+02
 -20.726  0.0000E+00  0.1000E+02
 -20.716  0.0000E+00  0.1000E+02
 -20.706  0.0000E+00  0.1000E+02
 -20.696  0.0000E+00  0.1000E+02
 -20.686  0.0000E+00  0.1000E+02
 -20.676  0.0000E+00  0.1000E+02
 -20.666  0.0000E+00  0.1000E+02
 -20.656  0.0000E+00  0.1000E+02
 -20.646  0.0000E+00  0.1000E+02
 -20.636  0.0000E+00  0.1000E+02
 -20.626  0.0000E+00  0.1000E+02
 -20.616  0.0000E+00  0.1000E+02
 -20.606  0.0000E+00  0.1000E+02
 -20.596  0.0000E+00  0.1000E+02
 -20.586  0.0000E+00  0.1000E+02
 -20.576  0.0000E+00  0.1000E+02
 -20.566  0.0000E+00  0.1000E+02
 -20.556  0.0000E+00  0.1000E+02
 -20.546  0.0000E+00  0.1000E+02
 -20.536  0.0000E+00  0.1000E+02
 -20.526  0.0000E+00  0.1000E+02
 -20.516  0.0000E+00  0.1000E+02
 -20.506  0.0000E+00  0.1000E+02
 -20.496  0.0000E+00  0.1000E+02
 -20.486  0.0000E+00  0.1000E+02
 -20.476  0.0000E+00  0.1000E+02
 -20.466  0.0000E+00  0.1000E+02
 -20.456  0.0000E+00  0.1000E+02
 -20.446  0.0000E+00  0.1000E+02
 -20.436  0.0000E+00  0.1000E+02
 -20.426  0.0000E+00  0.1000E+02
 -20.416  0.0000E+00  0.1000E+02
 -20.406  0.0000E+00  0.1000E+02
 -20.396  0.0000E+00  0.1000E+02
 -20.386  0.0000E+00  0.1000E+02
 -20.376  0.0000E+00  0.1000E+02
 -20.366  0.0000E+00  0.1000E+02
 -20.356  0.0000E+00  0.1000E+02
 -20.346  0.0000E+00  0.1000E+02
 -20.336  0.0000E+00  0.1000E+02
 -20.326  0.0000E+00  0.1000E+02
 -20.316  0.0000E+00  0.1000E+02
 -20.306  0.0000E+00  0.1000E+02
 -20.296  0.0000E+00  0.1000E+02
 -20.286  0.0000E+00  0.1000E+02
 -20.276  0.0000E+00  0.1000E+02
 -20.266  0.0000E+00  0.1000E+02
 -20.256  0.0000E+00  0.1000E+02
 -20.246  0.0000E+00  0.1000E+02
 -20.236  0.0000E+00  0.1000E+02
 -20.226  0.0000E+00  0.1000E+02
 -20.216  0.0000E+00  0.1000E+02
 -20.206  0.0000E+00  0.1000E+02
 -20.196  0.0000E+00  0.1000E+02
 -20.186  0.0000E+00  0.1000E+02
 -20.176  0.0000E+00  0.1000E+02
 -20.166  0.0000E+00  0.1000E+02
 -20.156  0.0000E+00  0.1000E+02
 -20.146  0.0000E+00  0.1000E+02
 -20.136  0.0000E+00  0.1000E+02
 -20.126  0.0000E+00  0.1000E+02
 -20.116  0.0000E+00  0.1000E+02
 -20.106  0.0000E+00  0.1000E+02
 -20.096  0.0000E+00  0.1000E+02
 -20.086  0.0000E+00  0.1000E+02
 -20.076  0.0000E+00  0.1000E+02
 -20.066  0.0000E+00  0.1000E+02
 -20.056  0.0000E+00  0.1000E+02
 -20.046  0.0000E+00  0.1000E+02
 -20.036  0.0000E+00  0.1000E+02
 -20.026  0.0000E+00  0.1000E+02
 -20.016  0.0000E+00  0.1000E+02
 -20.006  0.0000E+00  0.1000E+02
 -19.996  0.0000E+00  0.1000E+02
 -19.986  0.0000E+00  0.1000E+02
 -19.976  0.0000E+00  0.1000E+02
 -19.966  0.0000E+00  0.1000E+02
 -19.956  0.0000E+00  0.1000E+02
 -19.946  0.0000E+00  0.1000E+02
 -19.936  0.0000E+00  0.1000E+02
 -19.926  0.0000E+00  0.1000E+02
 -19.916  0.0000E+00  0.1000E+02
 -19.906  0.0000E+00  0.1000E+02
 -19.896  0.0000E+00  0.1000E+02
 -19.886  0.0000E+00  0.1000E+02
 -19.876  0.0000E+00  0.1000E+02
 -19.866  0.0000E+00  0.1000E+02
 -19.856  0.0000E+00  0.1000E+02
 -19.846  0.0000E+00  0.1000E+02
 -19.836  0.0000E+00  0.1000E+02
 -19.826  0.0000E+00  0.1000E+02
 -19.816  0.0000E+00  0.1000E+02
 -19.806  0.0000E+00  0.1000E+02
 -19.796  0.0000E+00  0.1000E+02
 -19.786  0.0000E+00  0.1000E+02
 -19.776  0.0000E+00  0.1000E+02
 -19.766  0.0000E+00  0.1000E+02
 -19.756  0.0000E+00  0.1000E+02
 -19.746  0.0000E+00  0.1000E+02
 -19.736  0.0000E+00  0.1000E+02
 -19.726  0.0000E+00  0.1000E+02
 -19.716  0.0000E+00  0.1000E+02
 -19.706  0.0000E+00  0.1000E+02
 -19.696  0.0000E+00  0.1000E+02
 -19.686  0.0000E+00  0.1000E+02
 -19.676  0.0000E+00  0.1000E+02
 -19.666  0.0000E+00  0.1000E+02
 -19.656  0.0000E+00  0.1000E+02
 -19.646  0.0000E+00  0.1000E+02
 -19.636  0.0000E+00  0.1000E+02
 -19.626  0.0000E+00  0.1000E+02
 -19.616  0.0000E+00  0.1000E+02
 -19.606  0.0000E+00  0.1000E+02
 -19.596  0.0000E+00  0.1000E+02
 -19.586  0.0000E+00  0.1000E+02
 -19.576  0.0000E+00  0.1000E+02
 -19.566  0.0000E+00  0.1000E+02
 -19.556  0.0000E+00  0.1000E+02
 -19.546  0.0000E+00  0.1000E+02
 -19.536  0.0000E+00  0.1000E+02
 -19.526  0.0000E+00  0.1000E+02
 -19.516  0.0000E+00  0.1000E+02
 -19.506  0.0000E+00  0.1000E+02
 -19.496  0.0000E+00  0.1000E+02
 -19.486  0.0000E+00  0.1000E+02
 -19.476  0.0000E+00  0.1000E+02
 -19.466  0.0000E+00  0.1000E+02
 -19.456  0.0000E+00  0.1000E+02
 -19.446  0.0000E+00  0.1000E+02
 -19.436  0.0000E+00  0.1000E+02
 -19.426  0.0000E+00  0.1000E+02
 -19.416  0.0000E+00  0.1000E+02
 -19.406  0.0000E+00  0.1000E+02
 -19.396  0.0000E+00  0.1000E+02
 -19.386  0.0000E+00  0.1000E+02
 -19.376  0.0000E+00  0.1000E+02
 -19.366  0.0000E+00  0.1000E+02
 -19.356  0.0000E+00  0.1000E+02
 -19.346  0.0000E+00  0.1000E+02
 -19.336  0.0000E+00  0.1000E+02
 -19.326  0.0000E+00  0.1000E+02
 -19.316  0.0000E+00  0.1000E+02
 -19.306  0.0000E+00  0.1000E+02
 -19.296  0.0000E+00  0.1000E+02
 -19.286  0.0000E+00  0.1000E+02
 -19.276  0.0000E+00  0.1000E+02
 -19.266  0.0000E+00  0.1000E+02
 -19.256  0.0000E+00  0.1000E+02
 -19.246  0.0000E+00  0.1000E+02
 -19.236  0.0000E+00  0.1000E+02
 -19.226  0.0000E+00  0.1000E+02
 -19.216  0.0000E+00  0.1000E+02
 -19.206  0.0000E+00  0.1000E+02
 -19.196  0.0000E+00  0.1000E+02
 -19.186  0.0000E+00  0.1000E+02
 -19.176  0.0000E+00  0.1000E+02
 -19.166  0.0000E+00  0.1000E+02
 -19.156  0.0000E+00  0.1000E+02
 -19.146  0.0000E+00  0.1000E+02
 -19.136  0.0000E+00  0.1000E+02
 -19.126  0.0000E+00  0.1000E+02
 -19.116  0.0000E+00  0.1000E+02
 -19.106  0.0000E+00  0.1000E+02
 -19.096  0.0000E+00  0.1000E+02
 -19.086  0.0000E+00  0.1000E+02
 -19.076  0.0000E+00  0.1000E+02
 -19.066  0.0000E+00  0.1000E+02
 -19.056  0.0000E+00  0.1000E+02
 -19.046  0.0000E+00  0.1000E+02
 -19.036  0.0000E+00  0.1000E+02
 -19.026  0.0000E+00  0.1000E+02
 -19.016  0.0000E+00  0.1000E+02
 -19.006  0.0000E+00  0.1000E+02
 -18.996  0.0000E+00  0.1000E+02
 -18.986  0.0000E+00  0.1000E+02
 -18.976  0.0000E+00  0.1000E+02
 -18.966  0.0000E+00  0.1000E+02
 -18.956  0.0000E+00  0.1000E+02
 -18.946  0.0000E+00  0.1000E+02
 -18.936  0.0000E+00  0.1000E+02
 -18.926  0.0000E+00  0.1000E+02
 -18.916  0.0000E+00  0.1000E+02
 -18.906  0.0000E+00  0.1000E+02
 -18.896  0.0000E+00  0.1000E+02
 -18.886  0.0000E+00  0.1000E+02
 -18.876  0.0000E+00  0.1000E+02
 -18.866  0.0000E+00  0.1000E+02
 -18.856  0.0000E+00  0.1000E+02
 -18.846  0.0000E+00  0.1000E+02
 -18.836  0.0000E+00  0.1000E+02
 -18.826  0.0000E+00  0.1000E+02
 -18.816  0.0000E+00  0.1000E+02
 -18.806  0.0000E+00  0.1000E+02
 -18.796  0.0000E+00  0.1000E+02
 -18.786  0.0000E+00  0.1000E+02
 -18.776  0.0000E+00  0.1000E+02
 -18.766  0.0000E+00  0.1000E+02
 -18.756  0.0000E+00  0.1000E+02
 -18.746  0.0000E+00  0.1000E+02
 -18.736  0.0000E+00  0.1000E+02
 -18.726  0.0000E+00  0.1000E+02
 -18.716  0.0000E+00  0.1000E+02
 -18.706  0.0000E+00  0.1000E+02
 -18.696  0.0000E+00  0.1000E+02
 -18.686  0.0000E+00  0.1000E+02
 -18.676  0.0000E+00  0.1000E+02
 -18.666  0.0000E+00  0.1000E+02
 -18.656  0.0000E+00  0.1000E+02
 -18.646  0.0000E+00  0.1000E+02
 -18.636  0.0000E+00  0.1000E+02
 -18.626  0.0000E+00  0.1000E+02
 -18.616  0.0000E+00  0.1000E+02
 -18.606  0.0000E+00  0.1000E+02
 -18.596  0.0000E+00  0.1000E+02
 -18.586  0.0000E+00  0.1000E+02
 -18.576  0.0000E+00  0.1000E+02
 -18.566  0.0000E+00  0.1000E+02
 -18.556  0.0000E+00  0.1000E+02
 -18.546  0.0000E+00  0.1000E+02
 -18.536  0.0000E+00  0.1000E+02
 -18.526  0.0000E+00  0.1000E+02
 -18.516  0.0000E+00  0.1000E+02
 -18.506  0.0000E+00  0.1000E+02
 -18.496  0.0000E+00  0.1000E+02
 -18.486  0.0000E+00  0.1000E+02
 -18.476  0.0000E+00  0.1000E+02
 -18.466  0.0000E+00  0.1000E+02
 -18.456  0.0000E+00  0.1000E+02
 -18.446  0.0000E+00  0.1000E+02
 -18.436  0.0000E+00  0.1000E+02
 -18.426  0.0000E+00  0.1000E+02
 -18.416  0.0000E+00  0.1000E+02
 -18.406  0.0000E+00  0.1000E+02
 -18.396  0.0000E+00  0.1000E+02
 -18.386  0.0000E+00  0.1000E+02
 -18.376  0.0000E+00  0.1000E+02
 -18.366  0.0000E+00  0.1000E+02
 -18.356  0.0000E+00  0.1000E+02
 -18.346  0.0000E+00  0.1000E+02
 -18.336  0.0000E+00  0.1000E+02
 -18.326  0.0000E+00  0.1000E+02
 -18.316  0.0000E+00  0.1000E+02
 -18.306  0.0000E+00  0.1000E+02
 -18.296  0.0000E+00  0.1000E+02
 -18.286  0.0000E+00  0.1000E+02
 -18.276  0.0000E+00  0.1000E+02
 -18.266  0.0000E+00  0.1000E+02
 -18.256  0.0000E+00  0.1000E+02
 -18.246  0.0000E+00  0.1000E+02
 -18.236  0.0000E+00  0.1000E+02
 -18.226  0.0000E+00  0.1000E+02
 -18.216  0.0000E+00  0.1000E+02
 -18.206  0.0000E+00  0.1000E+02
 -18.196  0.0000E+00  0.1000E+02
 -18.186  0.0000E+00  0.1000E+02
 -18.176  0.0000E+00  0.1000E+02
 -18.166  0.0000E+00  0.1000E+02
 -18.156  0.0000E+00  0.1000E+02
 -18.146  0.0000E+00  0.1000E+02
 -18.136  0.0000E+00  0.1000E+02
 -18.126  0.0000E+00  0.1000E+02
 -18.116  0.0000E+00  0.1000E+02
 -18.106  0.0000E+00  0.1000E+02
 -18.096  0.0000E+00  0.1000E+02
 -18.086  0.0000E+00  0.1000E+02
 -18.076  0.0000E+00  0.1000E+02
 -18.066  0.0000E+00  0.1000E+02
 -18.056  0.0000E+00  0.1000E+02
 -18.046  0.0000E+00  0.1000E+02
 -18.036  0.0000E+00  0.1000E+02
 -18.026  0.0000E+00  0.1000E+02
 -18.016  0.0000E+00  0.1000E+02
 -18.006  0.0000E+00  0.1000E+02
 -17.996  0.0000E+00  0.1000E+02
 -17.986  0.0000E+00  0.1000E+02
 -17.976  0.0000E+00  0.1000E+02
 -17.966  0.0000E+00  0.1000E+02
 -17.956  0.0000E+00  0.1000E+02
 -17.946  0.0000E+00  0.1000E+02
 -17.936  0.0000E+00  0.1000E+02
 -17.926  0.0000E+00  0.1000E+02
 -17.916  0.0000E+00  0.1000E+02
 -17.906  0.0000E+00  0.1000E+02
 -17.896  0.0000E+00  0.1000E+02
 -17.886  0.0000E+00  0.1000E+02
 -17.876  0.0000E+00  0.1000E+02
 -17.866  0.0000E+00  0.1000E+02
 -17.856  0.0000E+00  0.1000E+02
 -17.846  0.0000E+00  0.1000E+02
 -17.836  0.0000E+00  0.1000E+02
 -17.826  0.0000E+00  0.1000E+02
 -17.816  0.0000E+00  0.1000E+02
 -17.806  0.0000E+00  0.1000E+02
 -17.796  0.0000E+00  0.1000E+02
 -17.786  0.0000E+00  0.1000E+02
 -17.776  0.0000E+00  0.1000E+02
 -17.766  0.0000E+00  0.1000E+02
 -17.756  0.0000E+00  0.1000E+02
 -17.746  0.0000E+00  0.1000E+02
 -17.736  0.0000E+00  0.1000E+02
 -17.726  0.0000E+00  0.1000E+02
 -17.716  0.0000E+00  0.1000E+02
 -17.706  0.0000E+00  0.1000E+02
 -17.696  0.0000E+00  0.1000E+02
 -17.686  0.0000E+00  0.1000E+02
 -17.676  0.0000E+00  0.1000E+02
 -17.666  0.0000E+00  0.1000E+02
 -17.656  0.0000E+00  0.1000E+02
 -17.646  0.0000E+00  0.1000E+02
 -17.636  0.0000E+00  0.1000E+02
 -17.626  0.0000E+00  0.1000E+02
 -17.616  0.0000E+00  0.1000E+02
 -17.606  0.0000E+00  0.1000E+02
 -17.596  0.0000E+00  0.1000E+02
 -17.586  0.0000E+00  0.1000E+02
 -17.576  0.0000E+00  0.1000E+02
 -17.566  0.0000E+00  0.1000E+02
 -17.556  0.0000E+00  0.1000E+02
 -17.546  0.0000E+00  0.1000E+02
 -17.536  0.0000E+00  0.1000E+02
 -17.526  0.0000E+00  0.1000E+02
 -17.516  0.0000E+00  0.1000E+02
 -17.506  0.0000E+00  0.1000E+02
 -17.496  0.0000E+00  0.1000E+02
 -17.486  0.0000E+00  0.1000E+02
 -17.476  0.0000E+00  0.1000E+02
 -17.466  0.0000E+00  0.1000E+02
 -17.456  0.0000E+00  0.1000E+02
 -17.446  0.0000E+00  0.1000E+02
 -17.436  0.0000E+00  0.1000E+02
 -17.426  0.0000E+00  0.1000E+02
 -17.416  0.0000E+00  0.1000E+02
 -17.406  0.0000E+00  0.1000E+02
 -17.396  0.0000E+00  0.1000E+02
 -17.386  0.0000E+00  0.1000E+02
 -17.376  0.0000E+00  0.1000E+02
 -17.366  0.0000E+00  0.1000E+02
 -17.356  0.0000E+00  0.1000E+02
 -17.346  0.0000E+00  0.1000E+02
 -17.336  0.0000E+00  0.1000E+02
 -17.326  0.0000E+00  0.1000E+02
 -17.316  0.0000E+00  0.1000E+02
 -17.306  0.0000E+00  0.1000E+02
 -17.296  0.0000E+00  0.1000E+02
 -17.286  0.0000E+00  0.1000E+02
 -17.276  0.0000E+00  0.1000E+02
 -17.266  0.0000E+00  0.1000E+02
 -17.256  0.0000E+00  0.1000E+02
 -17.246  0.0000E+00  0.1000E+02
 -17.236  0.0000E+00  0.1000E+02
 -17.226  0.0000E+00  0.1000E+02
 -17.216  0.0000E+00  0.1000E+02
 -17.206  0.0000E+00  0.1000E+02
 -17.196  0.0000E+00  0.1000E+02
 -17.186  0.0000E+00  0.1000E+02
 -17.176  0.0000E+00  0.1000E+02
 -17.166  0.0000E+00  0.1000E+02
 -17.156  0.0000E+00  0.1000E+02
 -17.146  0.0000E+00  0.1000E+02
 -17.136  0.0000E+00  0.1000E+02
 -17.126  0.0000E+00  0.1000E+02
 -17.116  0.0000E+00  0.1000E+02
 -17.106  0.0000E+00  0.1000E+02
 -17.096  0.0000E+00  0.1000E+02
 -17.086  0.0000E+00  0.1000E+02
 -17.076  0.0000E+00  0.1000E+02
 -17.066  0.0000E+00  0.1000E+02
 -17.056  0.0000E+00  0.1000E+02
 -17.046  0.0000E+00  0.1000E+02
 -17.036  0.0000E+00  0.1000E+02
 -17.026  0.0000E+00  0.1000E+02
 -17.016  0.0000E+00  0.1000E+02
 -17.006  0.0000E+00  0.1000E+02
 -16.996  0.0000E+00  0.1000E+02
 -16.986  0.0000E+00  0.1000E+02
 -16.976  0.0000E+00  0.1000E+02
 -16.966  0.0000E+00  0.1000E+02
 -16.956  0.0000E+00  0.1000E+02
 -16.946  0.0000E+00  0.1000E+02
 -16.936  0.0000E+00  0.1000E+02
 -16.926  0.0000E+00  0.1000E+02
 -16.916  0.0000E+00  0.1000E+02
 -16.906  0.0000E+00  0.1000E+02
 -16.896  0.0000E+00  0.1000E+02
 -16.886  0.0000E+00  0.1000E+02
 -16.876  0.0000E+00  0.1000E+02
 -16.866  0.0000E+00  0.1000E+02
 -16.856  0.0000E+00  0.1000E+02
 -16.846  0.0000E+00  0.1000E+02
 -16.836  0.0000E+00  0.1000E+02
 -16.826  0.0000E+00  0.1000E+02
 -16.816  0.0000E+00  0.1000E+02
 -16.806  0.0000E+00  0.1000E+02
 -16.796  0.0000E+00  0.1000E+02
 -16.786  0.0000E+00  0.1000E+02
 -16.776  0.0000E+00  0.1000E+02
 -16.766  0.0000E+00  0.1000E+02
 -16.756  0.0000E+00  0.1000E+02
 -16.746  0.0000E+00  0.1000E+02
 -16.736  0.0000E+00  0.1000E+02
 -16.726  0.0000E+00  0.1000E+02
 -16.716  0.0000E+00  0.1000E+02
 -16.706  0.0000E+00  0.1000E+02
 -16.696  0.0000E+00  0.1000E+02
 -16.686  0.0000E+00  0.1000E+02
 -16.676  0.0000E+00  0.1000E+02
 -16.666  0.0000E+00  0.1000E+02
 -16.656  0.0000E+00  0.1000E+02
 -16.646  0.0000E+00  0.1000E+02
 -16.636  0.0000E+00  0.1000E+02
 -16.626  0.0000E+00  0.1000E+02
 -16.616  0.0000E+00  0.1000E+02
 -16.606  0.0000E+00  0.1000E+02
 -16.596  0.0000E+00  0.1000E+02
 -16.586  0.0000E+00  0.1000E+02
 -16.576  0.0000E+00  0.1000E+02
 -16.566  0.0000E+00  0.1000E+02
 -16.556  0.0000E+00  0.1000E+02
 -16.546  0.0000E+00  0.1000E+02
 -16.536  0.0000E+00  0.1000E+02
 -16.526  0.0000E+00  0.1000E+02
 -16.516  0.0000E+00  0.1000E+02
 -16.506  0.0000E+00  0.1000E+02
 -16.496  0.0000E+00  0.1000E+02
 -16.486  0.0000E+00  0.1000E+02
 -16.476  0.0000E+00  0.1000E+02
 -16.466  0.0000E+00  0.1000E+02
 -16.456  0.0000E+00  0.1000E+02
 -16.446  0.0000E+00  0.1000E+02
 -16.436  0.0000E+00  0.1000E+02
 -16.426  0.0000E+00  0.1000E+02
 -16.416  0.0000E+00  0.1000E+02
 -16.406  0.0000E+00  0.1000E+02
 -16.396  0.0000E+00  0.1000E+02
 -16.386  0.0000E+00  0.1000E+02
 -16.376  0.0000E+00  0.1000E+02
 -16.366  0.0000E+00  0.1000E+02
 -16.356  0.0000E+00  0.1000E+02
 -16.346  0.0000E+00  0.1000E+02
 -16.336  0.0000E+00  0.1000E+02
 -16.326  0.0000E+00  0.1000E+02
 -16.316  0.0000E+00  0.1000E+02
 -16.306  0.0000E+00  0.1000E+02
 -16.296  0.0000E+00  0.1000E+02
 -16.286  0.0000E+00  0.1000E+02
 -16.276  0.0000E+00  0.1000E+02
 -16.266  0.0000E+00  0.1000E+02
 -16.256  0.0000E+00  0.1000E+02
 -16.246  0.0000E+00  0.1000E+02
 -16.236  0.0000E+00  0.1000E+02
 -16.226  0.0000E+00  0.1000E+02
 -16.216  0.0000E+00  0.1000E+02
 -16.206  0.0000E+00  0.1000E+02
 -16.196  0.0000E+00  0.1000E+02
 -16.186  0.0000E+00  0.1000E+02
 -16.176  0.0000E+00  0.1000E+02
 -16.166  0.0000E+00  0.1000E+02
 -16.156  0.0000E+00  0.1000E+02
 -16.146  0.0000E+00  0.1000E+02
 -16.136  0.0000E+00  0.1000E+02
 -16.126  0.0000E+00  0.1000E+02
 -16.116  0.0000E+00  0.1000E+02
 -16.106  0.0000E+00  0.1000E+02
 -16.096  0.0000E+00  0.1000E+02
 -16.086  0.0000E+00  0.1000E+02
 -16.076  0.0000E+00  0.1000E+02
 -16.066  0.0000E+00  0.1000E+02
 -16.056  0.0000E+00  0.1000E+02
 -16.046  0.0000E+00  0.1000E+02
 -16.036  0.0000E+00  0.1000E+02
 -16.026  0.0000E+00  0.1000E+02
 -16.016  0.0000E+00  0.1000E+02
 -16.006  0.0000E+00  0.1000E+02
 -15.996  0.0000E+00  0.1000E+02
 -15.986  0.0000E+00  0.1000E+02
 -15.976  0.0000E+00  0.1000E+02
 -15.966  0.0000E+00  0.1000E+02
 -15.956  0.0000E+00  0.1000E+02
 -15.946  0.0000E+00  0.1000E+02
 -15.936  0.0000E+00  0.1000E+02
 -15.926  0.0000E+00  0.1000E+02
 -15.916  0.0000E+00  0.1000E+02
 -15.906  0.0000E+00  0.1000E+02
 -15.896  0.0000E+00  0.1000E+02
 -15.886  0.0000E+00  0.1000E+02
 -15.876  0.0000E+00  0.1000E+02
 -15.866  0.0000E+00  0.1000E+02
 -15.856  0.0000E+00  0.1000E+02
 -15.846  0.0000E+00  0.1000E+02
 -15.836  0.0000E+00  0.1000E+02
 -15.826  0.0000E+00  0.1000E+02
 -15.816  0.0000E+00  0.1000E+02
 -15.806  0.0000E+00  0.1000E+02
 -15.796  0.0000E+00  0.1000E+02
 -15.786  0.0000E+00  0.1000E+02
 -15.776  0.0000E+00  0.1000E+02
 -15.766  0.0000E+00  0.1000E+02
 -15.756  0.0000E+00  0.1000E+02
 -15.746  0.0000E+00  0.1000E+02
 -15.736  0.0000E+00  0.1000E+02
 -15.726  0.0000E+00  0.1000E+02
 -15.716  0.0000E+00  0.1000E+02
 -15.706  0.0000E+00  0.1000E+02
 -15.696  0.0000E+00  0.1000E+02
 -15.686  0.0000E+00  0.1000E+02
 -15.676  0.0000E+00  0.1000E+02
 -15.666  0.0000E+00  0.1000E+02
 -15.656  0.0000E+00  0.1000E+02
 -15.646  0.0000E+00  0.1000E+02
 -15.636  0.0000E+00  0.1000E+02
 -15.626  0.0000E+00  0.1000E+02
 -15.616  0.0000E+00  0.1000E+02
 -15.606  0.0000E+00  0.1000E+02
 -15.596  0.0000E+00  0.1000E+02
 -15.586  0.0000E+00  0.1000E+02
 -15.576  0.0000E+00  0.1000E+02
 -15.566  0.0000E+00  0.1000E+02
 -15.556  0.0000E+00  0.1000E+02
 -15.546  0.0000E+00  0.1000E+02
 -15.536  0.0000E+00  0.1000E+02
 -15.526  0.0000E+00  0.1000E+02
 -15.516  0.0000E+00  0.1000E+02
 -15.506  0.0000E+00  0.1000E+02
 -15.496  0.0000E+00  0.1000E+02
 -15.486  0.0000E+00  0.1000E+02
 -15.476  0.0000E+00  0.1000E+02
 -15.466  0.0000E+00  0.1000E+02
 -15.456  0.0000E+00  0.1000E+02
 -15.446  0.0000E+00  0.1000E+02
 -15.436  0.0000E+00  0.1000E+02
 -15.426  0.0000E+00  0.1000E+02
 -15.416  0.0000E+00  0.1000E+02
 -15.406  0.0000E+00  0.1000E+02
 -15.396  0.0000E+00  0.1000E+02
 -15.386  0.0000E+00  0.1000E+02
 -15.376  0.0000E+00  0.1000E+02
 -15.366  0.0000E+00  0.1000E+02
 -15.356  0.0000E+00  0.1000E+02
 -15.346  0.0000E+00  0.1000E+02
 -15.336  0.0000E+00  0.1000E+02
 -15.326  0.0000E+00  0.1000E+02
 -15.316  0.0000E+00  0.1000E+02
 -15.306  0.0000E+00  0.1000E+02
 -15.296  0.0000E+00  0.1000E+02
 -15.286  0.0000E+00  0.1000E+02
 -15.276  0.0000E+00  0.1000E+02
 -15.266  0.0000E+00  0.1000E+02
 -15.256  0.0000E+00  0.1000E+02
 -15.246  0.0000E+00  0.1000E+02
 -15.236  0.0000E+00  0.1000E+02
 -15.226  0.0000E+00  0.1000E+02
 -15.216  0.0000E+00  0.1000E+02
 -15.206  0.0000E+00  0.1000E+02
 -15.196  0.0000E+00  0.1000E+02
 -15.186  0.0000E+00  0.1000E+02
 -15.176  0.0000E+00  0.1000E+02
 -15.166  0.0000E+00  0.1000E+02
 -15.156  0.0000E+00  0.1000E+02
 -15.146  0.0000E+00  0.1000E+02
 -15.136  0.0000E+00  0.1000E+02
 -15.126  0.0000E+00  0.1000E+02
 -15.116  0.0000E+00  0.1000E+02
 -15.106  0.0000E+00  0.1000E+02
 -15.096  0.0000E+00  0.1000E+02
 -15.086  0.0000E+00  0.1000E+02
 -15.076  0.0000E+00  0.1000E+02
 -15.066  0.0000E+00  0.1000E+02
 -15.056  0.0000E+00  0.1000E+02
 -15.046  0.0000E+00  0.1000E+02
 -15.036  0.0000E+00  0.1000E+02
 -15.026  0.0000E+00  0.1000E+02
 -15.016  0.0000E+00  0.1000E+02
 -15.006  0.0000E+00  0.1000E+02
 -14.996  0.0000E+00  0.1000E+02
 -14.986  0.0000E+00  0.1000E+02
 -14.976  0.0000E+00  0.1000E+02
 -14.966  0.0000E+00  0.1000E+02
 -14.956  0.0000E+00  0.1000E+02
 -14.946  0.0000E+00  0.1000E+02
 -14.936  0.0000E+00  0.1000E+02
 -14.926  0.0000E+00  0.1000E+02
 -14.916  0.0000E+00  0.1000E+02
 -14.906  0.0000E+00  0.1000E+02
 -14.896  0.0000E+00  0.1000E+02
 -14.886  0.0000E+00  0.1000E+02
 -14.876  0.0000E+00  0.1000E+02
 -14.866  0.0000E+00  0.1000E+02
 -14.856  0.0000E+00  0.1000E+02
 -14.846  0.0000E+00  0.1000E+02
 -14.836  0.0000E+00  0.1000E+02
 -14.826  0.0000E+00  0.1000E+02
 -14.816  0.0000E+00  0.1000E+02
 -14.806  0.0000E+00  0.1000E+02
 -14.796  0.0000E+00  0.1000E+02
 -14.786  0.0000E+00  0.1000E+02
 -14.776  0.0000E+00  0.1000E+02
 -14.766  0.0000E+00  0.1000E+02
 -14.756  0.0000E+00  0.1000E+02
 -14.746  0.0000E+00  0.1000E+02
 -14.736  0.0000E+00  0.1000E+02
 -14.726  0.0000E+00  0.1000E+02
 -14.716  0.0000E+00  0.1000E+02
 -14.706  0.0000E+00  0.1000E+02
 -14.696  0.0000E+00  0.1000E+02
 -14.686  0.0000E+00  0.1000E+02
 -14.676  0.0000E+00  0.1000E+02
 -14.666  0.0000E+00  0.1000E+02
 -14.656  0.0000E+00  0.1000E+02
 -14.646  0.0000E+00  0.1000E+02
 -14.636  0.0000E+00  0.1000E+02
 -14.626  0.0000E+00  0.1000E+02
 -14.616  0.0000E+00  0.1000E+02
 -14.606  0.0000E+00  0.1000E+02
 -14.596  0.0000E+00  0.1000E+02
 -14.586  0.0000E+00  0.1000E+02
 -14.576  0.0000E+00  0.1000E+02
 -14.566  0.0000E+00  0.1000E+02
 -14.556  0.0000E+00  0.1000E+02
 -14.546  0.0000E+00  0.1000E+02
 -14.536  0.0000E+00  0.1000E+02
 -14.526  0.0000E+00  0.1000E+02
 -14.516  0.0000E+00  0.1000E+02
 -14.506  0.0000E+00  0.1000E+02
 -14.496  0.0000E+00  0.1000E+02
 -14.486  0.0000E+00  0.1000E+02
 -14.476  0.0000E+00  0.1000E+02
 -14.466  0.0000E+00  0.1000E+02
 -14.456  0.0000E+00  0.1000E+02
 -14.446  0.0000E+00  0.1000E+02
 -14.436  0.0000E+00  0.1000E+02
 -14.426  0.0000E+00  0.1000E+02
 -14.416  0.0000E+00  0.1000E+02
 -14.406  0.0000E+00  0.1000E+02
 -14.396  0.0000E+00  0.1000E+02
 -14.386  0.0000E+00  0.1000E+02
 -14.376  0.0000E+00  0.1000E+02
 -14.366  0.0000E+00  0.1000E+02
 -14.356  0.0000E+00  0.1000E+02
 -14.346  0.0000E+00  0.1000E+02
 -14.336  0.0000E+00  0.1000E+02
 -14.326  0.0000E+00  0.1000E+02
 -14.316  0.0000E+00  0.1000E+02
 -14.306  0.0000E+00  0.1000E+02
 -14.296  0.0000E+00  0.1000E+02
 -14.286  0.0000E+00  0.1000E+02
 -14.276  0.0000E+00  0.1000E+02
 -14.266  0.0000E+00  0.1000E+02
 -14.256  0.0000E+00  0.1000E+02
 -14.246  0.0000E+00  0.1000E+02
 -14.236  0.0000E+00  0.1000E+02
 -14.226  0.0000E+00  0.1000E+02
 -14.216  0.0000E+00  0.1000E+02
 -14.206  0.0000E+00  0.1000E+02
 -14.196  0.0000E+00  0.1000E+02
 -14.186  0.0000E+00  0.1000E+02
 -14.176  0.0000E+00  0.1000E+02
 -14.166  0.0000E+00  0.1000E+02
 -14.156  0.0000E+00  0.1000E+02
 -14.146  0.0000E+00  0.1000E+02
 -14.136  0.0000E+00  0.1000E+02
 -14.126  0.0000E+00  0.1000E+02
 -14.116  0.0000E+00  0.1000E+02
 -14.106  0.0000E+00  0.1000E+02
 -14.096  0.0000E+00  0.1000E+02
 -14.086  0.0000E+00  0.1000E+02
 -14.076  0.0000E+00  0.1000E+02
 -14.066  0.0000E+00  0.1000E+02
 -14.056  0.0000E+00  0.1000E+02
 -14.046  0.0000E+00  0.1000E+02
 -14.036  0.0000E+00  0.1000E+02
 -14.026  0.0000E+00  0.1000E+02
 -14.016  0.0000E+00  0.1000E+02
 -14.006  0.0000E+00  0.1000E+02
 -13.996  0.0000E+00  0.1000E+02
 -13.986  0.0000E+00  0.1000E+02
 -13.976  0.0000E+00  0.1000E+02
 -13.966  0.0000E+00  0.1000E+02
 -13.956  0.0000E+00  0.1000E+02
 -13.946  0.0000E+00  0.1000E+02
 -13.936  0.0000E+00  0.1000E+02
 -13.926  0.0000E+00  0.1000E+02
 -13.916  0.0000E+00  0.1000E+02
 -13.906  0.0000E+00  0.1000E+02
 -13.896  0.0000E+00  0.1000E+02
 -13.886  0.0000E+00  0.1000E+02
 -13.876  0.0000E+00  0.1000E+02
 -13.866  0.0000E+00  0.1000E+02
 -13.856  0.0000E+00  0.1000E+02
 -13.846  0.0000E+00  0.1000E+02
 -13.836  0.0000E+00  0.1000E+02
 -13.826  0.0000E+00  0.1000E+02
 -13.816  0.0000E+00  0.1000E+02
 -13.806  0.0000E+00  0.1000E+02
 -13.796  0.0000E+00  0.1000E+02
 -13.786  0.0000E+00  0.1000E+02
 -13.776  0.0000E+00  0.1000E+02
 -13.766  0.0000E+00  0.1000E+02
 -13.756  0.0000E+00  0.1000E+02
 -13.746  0.0000E+00  0.1000E+02
 -13.736  0.0000E+00  0.1000E+02
 -13.726  0.0000E+00  0.1000E+02
 -13.716  0.0000E+00  0.1000E+02
 -13.706  0.0000E+00  0.1000E+02
 -13.696  0.0000E+00  0.1000E+02
 -13.686  0.0000E+00  0.1000E+02
 -13.676  0.0000E+00  0.1000E+02
 -13.666  0.0000E+00  0.1000E+02
 -13.656  0.0000E+00  0.1000E+02
 -13.646  0.0000E+00  0.1000E+02
 -13.636  0.0000E+00  0.1000E+02
 -13.626  0.0000E+00  0.1000E+02
 -13.616  0.0000E+00  0.1000E+02
 -13.606  0.0000E+00  0.1000E+02
 -13.596  0.0000E+00  0.1000E+02
 -13.586  0.1198E+01  0.1001E+02
 -13.576  0.1221E+01  0.1002E+02
 -13.566  0.1232E+01  0.1003E+02
 -13.556  0.1248E+01  0.1005E+02
 -13.546  0.1250E+01  0.1006E+02
 -13.536  0.1264E+01  0.1007E+02
 -13.526  0.1279E+01  0.1008E+02
 -13.516  0.1285E+01  0.1010E+02
 -13.506  0.1295E+01  0.1011E+02
 -13.496  0.1306E+01  0.1012E+02
 -13.486  0.1318E+01  0.1014E+02
 -13.476  0.1330E+01  0.1015E+02
 -13.466  0.1343E+01  0.1016E+02
 -13.456  0.1358E+01  0.1018E+02
 -13.446  0.1371E+01  0.1019E+02
 -13.436  0.1383E+01  0.1020E+02
 -13.426  0.1396E+01  0.1022E+02
 -13.416  0.1410E+01  0.1023E+02
 -13.406  0.1425E+01  0.1025E+02
 -13.396  0.1442E+01  0.1026E+02
 -13.386  0.1456E+01  0.1027E+02
 -13.376  0.1471E+01  0.1029E+02
 -13.366  0.1488E+01  0.1030E+02
 -13.356  0.1506E+01  0.1032E+02
 -13.346  0.1523E+01  0.1033E+02
 -13.336  0.1541E+01  0.1035E+02
 -13.326  0.1560E+01  0.1036E+02
 -13.316  0.1580E+01  0.1038E+02
 -13.306  0.1601E+01  0.1040E+02
 -13.296  0.1622E+01  0.1041E+02
 -13.286  0.1644E+01  0.1043E+02
 -13.276  0.1667E+01  0.1045E+02
 -13.266  0.1690E+01  0.1046E+02
 -13.256  0.1715E+01  0.1048E+02
 -13.246  0.1741E+01  0.1050E+02
 -13.236  0.1768E+01  0.1051E+02
 -13.226  0.1796E+01  0.1053E+02
 -13.216  0.1826E+01  0.1055E+02
 -13.206  0.1857E+01  0.1057E+02
 -13.196  0.1888E+01  0.1059E+02
 -13.186  0.1923E+01  0.1061E+02
 -13.176  0.1960E+01  0.1063E+02
 -13.166  0.1995E+01  0.1065E+02
 -13.156  0.2037E+01  0.1067E+02
 -13.146  0.2080E+01  0.1069E+02
 -13.136  0.2122E+01  0.1071E+02
 -13.126  0.2171E+01  0.1073E+02
 -13.116  0.2223E+01  0.1075E+02
 -13.106  0.2273E+01  0.1077E+02
 -13.096  0.2333E+01  0.1080E+02
 -13.086  0.2397E+01  0.1082E+02
 -13.076  0.2462E+01  0.1084E+02
 -13.066  0.2533E+01  0.1087E+02
 -13.056  0.2614E+01  0.1089E+02
 -13.046  0.2700E+01  0.1092E+02
 -13.036  0.2788E+01  0.1095E+02
 -13.026  0.2895E+01  0.1098E+02
 -13.016  0.3013E+01  0.1101E+02
 -13.006  0.3141E+01  0.1104E+02
 -12.996  0.3277E+01  0.1107E+02
 -12.986  0.3449E+01  0.1110E+02
 -12.976  0.3646E+01  0.1114E+02
 -12.966  0.3877E+01  0.1118E+02
 -12.956  0.4155E+01  0.1122E+02
 -12.946  0.4500E+01  0.1126E+02
 -12.936  0.4937E+01  0.1131E+02
 -12.926  0.5607E+01  0.1136E+02
 -12.916  0.6805E+01  0.1142E+02
 -12.906  0.9736E+01  0.1151E+02
 -12.896  0.6621E+01  0.1158E+02
 -12.886  0.5719E+01  0.1165E+02
 -12.876  0.5163E+01  0.1170E+02
 -12.866  0.4763E+01  0.1175E+02
 -12.856  0.4460E+01  0.1179E+02
 -12.846  0.4224E+01  0.1184E+02
 -12.836  0.4053E+01  0.1188E+02
 -12.826  0.3879E+01  0.1192E+02
 -12.816  0.3685E+01  0.1196E+02
 -12.806  0.3636E+01  0.1199E+02
 -12.796  0.0000E+00  0.1200E+02
 -12.786  0.0000E+00  0.1200E+02
 -12.776  0.0000E+00  0.1200E+02
 -12.766  0.0000E+00  0.1200E+02
 -12.756  0.0000E+00  0.1200E+02
 -12.746  0.0000E+00  0.1200E+02
 -12.736  0.0000E+00  0.1200E+02
 -12.726  0.0000E+00  0.1200E+02
 -12.716  0.0000E+00  0.1200E+02
 -12.706  0.0000E+00  0.1200E+02
 -12.696  0.0000E+00  0.1200E+02
 -12.686  0.0000E+00  0.1200E+02
 -12.676  0.0000E+00  0.1200E+02
 -12.666  0.0000E+00  0.1200E+02
 -12.656  0.0000E+00  0.1200E+02
 -12.646  0.0000E+00  0.1200E+02
 -12.636  0.0000E+00  0.1200E+02
 -12.626  0.0000E+00  0.1200E+02
 -12.616  0.0000E+00  0.1200E+02
 -12.606  0.0000E+00  0.1200E+02
 -12.596  0.0000E+00  0.1200E+02
 -12.586  0.0000E+00  0.1200E+02
 -12.576  0.0000E+00  0.1200E+02
 -12.566  0.0000E+00  0.1200E+02
 -12.556  0.0000E+00  0.1200E+02
 -12.546  0.0000E+00  0.1200E+02
 -12.536  0.0000E+00  0.1200E+02
 -12.526  0.0000E+00  0.1200E+02
 -12.516  0.0000E+00  0.1200E+02
 -12.506  0.0000E+00  0.1200E+02
 -12.496  0.0000E+00  0.1200E+02
 -12.486  0.0000E+00  0.1200E+02
 -12.476  0.0000E+00  0.1200E+02
 -12.466  0.0000E+00  0.1200E+02
 -12.456  0.0000E+00  0.1200E+02
 -12.446  0.0000E+00  0.1200E+02
 -12.436  0.0000E+00  0.1200E+02
 -12.426  0.0000E+00  0.1200E+02
 -12.416  0.0000E+00  0.1200E+02
 -12.406  0.0000E+00  0.1200E+02
 -12.396  0.0000E+00  0.1200E+02
 -12.386  0.0000E+00  0.1200E+02
 -12.376  0.0000E+00  0.1200E+02
 -12.366  0.0000E+00  0.1200E+02
 -12.356  0.0000E+00  0.1200E+02
 -12.346  0.0000E+00  0.1200E+02
 -12.336  0.0000E+00  0.1200E+02
 -12.326  0.0000E+00  0.1200E+02
 -12.316  0.0000E+00  0.1200E+02
 -12.306  0.0000E+00  0.1200E+02
 -12.296  0.0000E+00  0.1200E+02
 -12.286  0.0000E+00  0.1200E+02
 -12.276  0.0000E+00  0.1200E+02
 -12.266  0.0000E+00  0.1200E+02
 -12.256  0.0000E+00  0.1200E+02
 -12.246  0.0000E+00  0.1200E+02
 -12.236  0.0000E+00  0.1200E+02
 -12.226  0.0000E+00  0.1200E+02
 -12.216  0.0000E+00  0.1200E+02
 -12.206  0.0000E+00  0.1200E+02
 -12.196  0.0000E+00  0.1200E+02
 -12.186  0.0000E+00  0.1200E+02
 -12.176  0.0000E+00  0.1200E+02
 -12.166  0.0000E+00  0.1200E+02
 -12.156  0.0000E+00  0.1200E+02
 -12.146  0.0000E+00  0.1200E+02
 -12.136  0.0000E+00  0.1200E+02
 -12.126  0.0000E+00  0.1200E+02
 -12.116  0.0000E+00  0.1200E+02
 -12.106  0.0000E+00  0.1200E+02
 -12.096  0.0000E+00  0.1200E+02
 -12.086  0.0000E+00  0.1200E+02
 -12.076  0.0000E+00  0.1200E+02
 -12.066  0.0000E+00  0.1200E+02
 -12.056  0.0000E+00  0.1200E+02
 -12.046  0.0000E+00  0.1200E+02
 -12.036  0.0000E+00  0.1200E+02
 -12.026  0.0000E+00  0.1200E+02
 -12.016  0.0000E+00  0.1200E+02
 -12.006  0.0000E+00  0.1200E+02
 -11.996  0.0000E+00  0.1200E+02
 -11.986  0.0000E+00  0.1200E+02
 -11.976  0.0000E+00  0.1200E+02
 -11.966  0.0000E+00  0.1200E+02
 -11.956  0.0000E+00  0.1200E+02
 -11.946  0.0000E+00  0.1200E+02
 -11.936  0.0000E+00  0.1200E+02
 -11.926  0.0000E+00  0.1200E+02
 -11.916  0.0000E+00  0.1200E+02
 -11.906  0.0000E+00  0.1200E+02
 -11.896  0.0000E+00  0.1200E+02
 -11.886  0.0000E+00  0.1200E+02
 -11.876  0.0000E+00  0.1200E+02
 -11.866  0.0000E+00  0.1200E+02
 -11.856  0.0000E+00  0.1200E+02
 -11.846  0.0000E+00  0.1200E+02
 -11.836  0.0000E+00  0.1200E+02
 -11.826  0.0000E+00  0.1200E+02
 -11.816  0.0000E+00  0.1200E+02
 -11.806  0.0000E+00  0.1200E+02
 -11.796  0.0000E+00  0.1200E+02
 -11.786  0.0000E+00  0.1200E+02
 -11.776  0.0000E+00  0.1200E+02
 -11.766  0.0000E+00  0.1200E+02
 -11.756  0.0000E+00  0.1200E+02
 -11.746  0.0000E+00  0.1200E+02
 -11.736  0.0000E+00  0.1200E+02
 -11.726  0.0000E+00  0.1200E+02
 -11.716  0.0000E+00  0.1200E+02
 -11.706  0.0000E+00  0.1200E+02
 -11.696  0.0000E+00  0.1200E+02
 -11.686  0.0000E+00  0.1200E+02
 -11.676  0.0000E+00  0.1200E+02
 -11.666  0.0000E+00  0.1200E+02
 -11.656  0.0000E+00  0.1200E+02
 -11.646  0.0000E+00  0.1200E+02
 -11.636  0.0000E+00  0.1200E+02
 -11.626  0.0000E+00  0.1200E+02
 -11.616  0.0000E+00  0.1200E+02
 -11.606  0.0000E+00  0.1200E+02
 -11.596  0.0000E+00  0.1200E+02
 -11.586  0.0000E+00  0.1200E+02
 -11.576  0.0000E+00  0.1200E+02
 -11.566  0.0000E+00  0.1200E+02
 -11.556  0.0000E+00  0.1200E+02
 -11.546  0.0000E+00  0.1200E+02
 -11.536  0.0000E+00  0.1200E+02
 -11.526  0.0000E+00  0.1200E+02
 -11.516  0.0000E+00  0.1200E+02
 -11.506  0.0000E+00  0.1200E+02
 -11.496  0.0000E+00  0.1200E+02
 -11.486  0.0000E+00  0.1200E+02
 -11.476  0.0000E+00  0.1200E+02
 -11.466  0.0000E+00  0.1200E+02
 -11.456  0.0000E+00  0.1200E+02
 -11.446  0.0000E+00  0.1200E+02
 -11.436  0.0000E+00  0.1200E+02
 -11.426  0.0000E+00  0.1200E+02
 -11.416  0.0000E+00  0.1200E+02
 -11.406  0.0000E+00  0.1200E+02
 -11.396  0.0000E+00  0.1200E+02
 -11.386  0.0000E+00  0.1200E+02
 -11.376  0.0000E+00  0.1200E+02
 -11.366  0.0000E+00  0.1200E+02
 -11.356  0.0000E+00  0.1200E+02
 -11.346  0.0000E+00  0.1200E+02
 -11.336  0.0000E+00  0.1200E+02
 -11.326  0.0000E+00  0.1200E+02
 -11.316  0.0000E+00  0.1200E+02
 -11.306  0.0000E+00  0.1200E+02
 -11.296  0.0000E+00  0.1200E+02
 -11.286  0.0000E+00  0.1200E+02
 -11.276  0.0000E+00  0.1200E+02
 -11.266  0.0000E+00  0.1200E+02
 -11.256  0.0000E+00  0.1200E+02
 -11.246  0.0000E+00  0.1200E+02
 -11.236  0.0000E+00  0.1200E+02
 -11.226  0.0000E+00  0.1200E+02
 -11.216  0.0000E+00  0.1200E+02
 -11.206  0.0000E+00  0.1200E+02
 -11.196  0.0000E+00  0.1200E+02
 -11.186  0.0000E+00  0.1200E+02
 -11.176  0.0000E+00  0.1200E+02
 -11.166  0.0000E+00  0.1200E+02
 -11.156  0.0000E+00  0.1200E+02
 -11.146  0.0000E+00  0.1200E+02
 -11.136  0.0000E+00  0.1200E+02
 -11.126  0.0000E+00  0.1200E+02
 -11.116  0.0000E+00  0.1200E+02
 -11.106  0.0000E+00  0.1200E+02
 -11.096  0.0000E+00  0.1200E+02
 -11.086  0.0000E+00  0.1200E+02
 -11.076  0.0000E+00  0.1200E+02
 -11.066  0.0000E+00  0.1200E+02
 -11.056  0.0000E+00  0.1200E+02
 -11.046  0.0000E+00  0.1200E+02
 -11.036  0.0000E+00  0.1200E+02
 -11.026  0.0000E+00  0.1200E+02
 -11.016  0.0000E+00  0.1200E+02
 -11.006  0.0000E+00  0.1200E+02
 -10.996  0.0000E+00  0.1200E+02
 -10.986  0.0000E+00  0.1200E+02
 -10.976  0.0000E+00  0.1200E+02
 -10.966  0.0000E+00  0.1200E+02
 -10.956  0.0000E+00  0.1200E+02
 -10.946  0.0000E+00  0.1200E+02
 -10.936  0.0000E+00  0.1200E+02
 -10.926  0.0000E+00  0.1200E+02
 -10.916  0.0000E+00  0.1200E+02
 -10.906  0.0000E+00  0.1200E+02
 -10.896  0.0000E+00  0.1200E+02
 -10.886  0.0000E+00  0.1200E+02
 -10.876  0.0000E+00  0.1200E+02
 -10.866  0.0000E+00  0.1200E+02
 -10.856  0.0000E+00  0.1200E+02
 -10.846  0.0000E+00  0.1200E+02
 -10.836  0.0000E+00  0.1200E+02
 -10.826  0.0000E+00  0.1200E+02
 -10.816  0.0000E+00  0.1200E+02
 -10.806  0.0000E+00  0.1200E+02
 -10.796  0.0000E+00  0.1200E+02
 -10.786  0.0000E+00  0.1200E+02
 -10.776  0.0000E+00  0.1200E+02
 -10.766  0.0000E+00  0.1200E+02
 -10.756  0.0000E+00  0.1200E+02
 -10.746  0.0000E+00  0.1200E+02
 -10.736  0.0000E+00  0.1200E+02
 -10.726  0.0000E+00  0.1200E+02
 -10.716  0.0000E+00  0.1200E+02
 -10.706  0.0000E+00  0.1200E+02
 -10.696  0.0000E+00  0.1200E+02
 -10.686  0.0000E+00  0.1200E+02
 -10.676  0.0000E+00  0.1200E+02
 -10.666  0.0000E+00  0.1200E+02
 -10.656  0.0000E+00  0.1200E+02
 -10.646  0.0000E+00  0.1200E+02
 -10.636  0.0000E+00  0.1200E+02
 -10.626  0.0000E+00  0.1200E+02
 -10.616  0.0000E+00  0.1200E+02
 -10.606  0.0000E+00  0.1200E+02
 -10.596  0.0000E+00  0.1200E+02
 -10.586  0.0000E+00  0.1200E+02
 -10.576  0.0000E+00  0.1200E+02
 -10.566  0.0000E+00  0.1200E+02
 -10.556  0.0000E+00  0.1200E+02
 -10.546  0.0000E+00  0.1200E+02
 -10.536  0.0000E+00  0.1200E+02
 -10.526  0.0000E+00  0.1200E+02
 -10.516  0.0000E+00  0.1200E+02
 -10.506  0.0000E+00  0.1200E+02
 -10.496  0.0000E+00  0.1200E+02
 -10.486  0.0000E+00  0.1200E+02
 -10.476  0.0000E+00  0.1200E+02
 -10.466  0.0000E+00  0.1200E+02
 -10.456  0.0000E+00  0.1200E+02
 -10.446  0.0000E+00  0.1200E+02
 -10.436  0.0000E+00  0.1200E+02
 -10.426  0.0000E+00  0.1200E+02
 -10.416  0.0000E+00  0.1200E+02
 -10.406  0.0000E+00  0.1200E+02
 -10.396  0.0000E+00  0.1200E+02
 -10.386  0.0000E+00  0.1200E+02
 -10.376  0.0000E+00  0.1200E+02
 -10.366  0.0000E+00  0.1200E+02
 -10.356  0.0000E+00  0.1200E+02
 -10.346  0.0000E+00  0.1200E+02
 -10.336  0.0000E+00  0.1200E+02
 -10.326  0.0000E+00  0.1200E+02
 -10.316  0.0000E+00  0.1200E+02
 -10.306  0.0000E+00  0.1200E+02
 -10.296  0.0000E+00  0.1200E+02
 -10.286  0.0000E+00  0.1200E+02
 -10.276  0.0000E+00  0.1200E+02
 -10.266  0.0000E+00  0.1200E+02
 -10.256  0.0000E+00  0.1200E+02
 -10.246  0.0000E+00  0.1200E+02
 -10.236  0.0000E+00  0.1200E+02
 -10.226  0.0000E+00  0.1200E+02
 -10.216  0.0000E+00  0.1200E+02
 -10.206  0.0000E+00  0.1200E+02
 -10.196  0.0000E+00  0.1200E+02
 -10.186  0.0000E+00  0.1200E+02
 -10.176  0.0000E+00  0.1200E+02
 -10.166  0.0000E+00  0.1200E+02
 -10.156  0.0000E+00  0.1200E+02
 -10.146  0.0000E+00  0.1200E+02
 -10.136  0.0000E+00  0.1200E+02
 -10.126  0.0000E+00  0.1200E+02
 -10.116  0.0000E+00  0.1200E+02
 -10.106  0.0000E+00  0.1200E+02
 -10.096  0.0000E+00  0.1200E+02
 -10.086  0.0000E+00  0.1200E+02
 -10.076  0.0000E+00  0.1200E+02
 -10.066  0.0000E+00  0.1200E+02
 -10.056  0.0000E+00  0.1200E+02
 -10.046  0.0000E+00  0.1200E+02
 -10.036  0.0000E+00  0.1200E+02
 -10.026  0.0000E+00  0.1200E+02
 -10.016  0.0000E+00  0.1200E+02
 -10.006  0.0000E+00  0.1200E+02
  -9.996  0.0000E+00  0.1200E+02
  -9.986  0.0000E+00  0.1200E+02
  -9.976  0.0000E+00  0.1200E+02
  -9.966  0.0000E+00  0.1200E+02
  -9.956  0.0000E+00  0.1200E+02
  -9.946  0.0000E+00  0.1200E+02
  -9.936  0.0000E+00  0.1200E+02
  -9.926  0.0000E+00  0.1200E+02
  -9.916  0.0000E+00  0.1200E+02
  -9.906  0.0000E+00  0.1200E+02
  -9.896  0.0000E+00  0.1200E+02
  -9.886  0.0000E+00  0.1200E+02
  -9.876  0.0000E+00  0.1200E+02
  -9.866  0.0000E+00  0.1200E+02
  -9.856  0.0000E+00  0.1200E+02
  -9.846  0.0000E+00  0.1200E+02
  -9.836  0.0000E+00  0.1200E+02
  -9.826  0.0000E+00  0.1200E+02
  -9.816  0.0000E+00  0.1200E+02
  -9.806  0.0000E+00  0.1200E+02
  -9.796  0.0000E+00  0.1200E+02
  -9.786  0.0000E+00  0.1200E+02
  -9.776  0.0000E+00  0.1200E+02
  -9.766  0.0000E+00  0.1200E+02
  -9.756  0.0000E+00  0.1200E+02
  -9.746  0.0000E+00  0.1200E+02
  -9.736  0.0000E+00  0.1200E+02
  -9.726  0.0000E+00  0.1200E+02
  -9.716  0.0000E+00  0.1200E+02
  -9.706  0.0000E+00  0.1200E+02
  -9.696  0.0000E+00  0.1200E+02
  -9.686  0.0000E+00  0.1200E+02
  -9.676  0.0000E+00  0.1200E+02
  -9.666  0.0000E+00  0.1200E+02
  -9.656  0.0000E+00  0.1200E+02
  -9.646  0.0000E+00  0.1200E+02
  -9.636  0.0000E+00  0.1200E+02
  -9.626  0.0000E+00  0.1200E+02
  -9.616  0.0000E+00  0.1200E+02
  -9.606  0.0000E+00  0.1200E+02
  -9.596  0.0000E+00  0.1200E+02
  -9.586  0.0000E+00  0.1200E+02
  -9.576  0.0000E+00  0.1200E+02
  -9.566  0.0000E+00  0.1200E+02
  -9.556  0.0000E+00  0.1200E+02
  -9.546  0.0000E+00  0.1200E+02
  -9.536  0.0000E+00  0.1200E+02
  -9.526  0.0000E+00  0.1200E+02
  -9.516  0.0000E+00  0.1200E+02
  -9.506  0.0000E+00  0.1200E+02
  -9.496  0.0000E+00  0.1200E+02
  -9.486  0.0000E+00  0.1200E+02
  -9.476  0.0000E+00  0.1200E+02
  -9.466  0.0000E+00  0.1200E+02
  -9.456  0.0000E+00  0.1200E+02
  -9.446  0.0000E+00  0.1200E+02
  -9.436  0.0000E+00  0.1200E+02
  -9.426  0.0000E+00  0.1200E+02
  -9.416  0.0000E+00  0.1200E+02
  -9.406  0.0000E+00  0.1200E+02
  -9.396  0.0000E+00  0.1200E+02
  -9.386  0.0000E+00  0.1200E+02
  -9.376  0.0000E+00  0.1200E+02
  -9.366  0.0000E+00  0.1200E+02
  -9.356  0.0000E+00  0.1200E+02
  -9.346  0.0000E+00  0.1200E+02
  -9.336  0.0000E+00  0.1200E+02
  -9.326  0.0000E+00  0.1200E+02
  -9.316  0.0000E+00  0.1200E+02
  -9.306  0.0000E+00  0.1200E+02
  -9.296  0.0000E+00  0.1200E+02
  -9.286  0.0000E+00  0.1200E+02
  -9.276  0.0000E+00  0.1200E+02
  -9.266  0.0000E+00  0.1200E+02
  -9.256  0.0000E+00  0.1200E+02
  -9.246  0.0000E+00  0.1200E+02
  -9.236  0.0000E+00  0.1200E+02
  -9.226  0.0000E+00  0.1200E+02
  -9.216  0.0000E+00  0.1200E+02
  -9.206  0.0000E+00  0.1200E+02
  -9.196  0.0000E+00  0.1200E+02
  -9.186  0.0000E+00  0.1200E+02
  -9.176  0.0000E+00  0.1200E+02
  -9.166  0.0000E+00  0.1200E+02
  -9.156  0.0000E+00  0.1200E+02
  -9.146  0.0000E+00  0.1200E+02
  -9.136  0.0000E+00  0.1200E+02
  -9.126  0.0000E+00  0.1200E+02
  -9.116  0.0000E+00  0.1200E+02
  -9.106  0.0000E+00  0.1200E+02
  -9.096  0.0000E+00  0.1200E+02
  -9.086  0.0000E+00  0.1200E+02
  -9.076  0.0000E+00  0.1200E+02
  -9.066  0.0000E+00  0.1200E+02
  -9.056  0.0000E+00  0.1200E+02
  -9.046  0.0000E+00  0.1200E+02
  -9.036  0.0000E+00  0.1200E+02
  -9.026  0.0000E+00  0.1200E+02
  -9.016  0.0000E+00  0.1200E+02
  -9.006  0.0000E+00  0.1200E+02
  -8.996  0.0000E+00  0.1200E+02
  -8.986  0.0000E+00  0.1200E+02
  -8.976  0.0000E+00  0.1200E+02
  -8.966  0.0000E+00  0.1200E+02
  -8.956  0.0000E+00  0.1200E+02
  -8.946  0.0000E+00  0.1200E+02
  -8.936  0.0000E+00  0.1200E+02
  -8.926  0.0000E+00  0.1200E+02
  -8.916  0.0000E+00  0.1200E+02
  -8.906  0.0000E+00  0.1200E+02
  -8.896  0.0000E+00  0.1200E+02
  -8.886  0.0000E+00  0.1200E+02
  -8.876  0.0000E+00  0.1200E+02
  -8.866  0.0000E+00  0.1200E+02
  -8.856  0.0000E+00  0.1200E+02
  -8.846  0.0000E+00  0.1200E+02
  -8.836  0.0000E+00  0.1200E+02
  -8.826  0.0000E+00  0.1200E+02
  -8.816  0.0000E+00  0.1200E+02
  -8.806  0.0000E+00  0.1200E+02
  -8.796  0.0000E+00  0.1200E+02
  -8.786  0.0000E+00  0.1200E+02
  -8.776  0.0000E+00  0.1200E+02
  -8.766  0.0000E+00  0.1200E+02
  -8.756  0.0000E+00  0.1200E+02
  -8.746  0.0000E+00  0.1200E+02
  -8.736  0.0000E+00  0.1200E+02
  -8.726  0.0000E+00  0.1200E+02
  -8.716  0.0000E+00  0.1200E+02
  -8.706  0.0000E+00  0.1200E+02
  -8.696  0.0000E+00  0.1200E+02
  -8.686  0.0000E+00  0.1200E+02
  -8.676  0.0000E+00  0.1200E+02
  -8.666  0.0000E+00  0.1200E+02
  -8.656  0.0000E+00  0.1200E+02
  -8.646  0.0000E+00  0.1200E+02
  -8.636  0.0000E+00  0.1200E+02
  -8.626  0.0000E+00  0.1200E+02
  -8.616  0.0000E+00  0.1200E+02
  -8.606  0.0000E+00  0.1200E+02
  -8.596  0.0000E+00  0.1200E+02
  -8.586  0.0000E+00  0.1200E+02
  -8.576  0.0000E+00  0.1200E+02
  -8.566  0.0000E+00  0.1200E+02
  -8.556  0.0000E+00  0.1200E+02
  -8.546  0.0000E+00  0.1200E+02
  -8.536  0.0000E+00  0.1200E+02
  -8.526  0.0000E+00  0.1200E+02
  -8.516  0.0000E+00  0.1200E+02
  -8.506  0.0000E+00  0.1200E+02
  -8.496  0.0000E+00  0.1200E+02
  -8.486  0.0000E+00  0.1200E+02
  -8.476  0.0000E+00  0.1200E+02
  -8.466  0.0000E+00  0.1200E+02
  -8.456  0.0000E+00  0.1200E+02
  -8.446  0.0000E+00  0.1200E+02
  -8.436  0.0000E+00  0.1200E+02
  -8.426  0.0000E+00  0.1200E+02
  -8.416  0.0000E+00  0.1200E+02
  -8.406  0.0000E+00  0.1200E+02
  -8.396  0.0000E+00  0.1200E+02
  -8.386  0.0000E+00  0.1200E+02
  -8.376  0.0000E+00  0.1200E+02
  -8.366  0.0000E+00  0.1200E+02
  -8.356  0.0000E+00  0.1200E+02
  -8.346  0.0000E+00  0.1200E+02
  -8.336  0.0000E+00  0.1200E+02
  -8.326  0.0000E+00  0.1200E+02
  -8.316  0.0000E+00  0.1200E+02
  -8.306  0.0000E+00  0.1200E+02
  -8.296  0.0000E+00  0.1200E+02
  -8.286  0.0000E+00  0.1200E+02
  -8.276  0.0000E+00  0.1200E+02
  -8.266  0.0000E+00  0.1200E+02
  -8.256  0.0000E+00  0.1200E+02
  -8.246  0.0000E+00  0.1200E+02
  -8.236  0.0000E+00  0.1200E+02
  -8.226  0.0000E+00  0.1200E+02
  -8.216  0.0000E+00  0.1200E+02
  -8.206  0.0000E+00  0.1200E+02
  -8.196  0.0000E+00  0.1200E+02
  -8.186  0.0000E+00  0.1200E+02
  -8.176  0.0000E+00  0.1200E+02
  -8.166  0.0000E+00  0.1200E+02
  -8.156  0.0000E+00  0.1200E+02
  -8.146  0.0000E+00  0.1200E+02
  -8.136  0.0000E+00  0.1200E+02
  -8.126  0.0000E+00  0.1200E+02
  -8.116  0.0000E+00  0.1200E+02
  -8.106  0.0000E+00  0.1200E+02
  -8.096  0.0000E+00  0.1200E+02
  -8.086  0.0000E+00  0.1200E+02
  -8.076  0.0000E+00  0.1200E+02
  -8.066  0.0000E+00  0.1200E+02
  -8.056  0.0000E+00  0.1200E+02
  -8.046  0.0000E+00  0.1200E+02
  -8.036  0.0000E+00  0.1200E+02
  -8.026  0.0000E+00  0.1200E+02
  -8.016  0.0000E+00  0.1200E+02
  -8.006  0.0000E+00  0.1200E+02
  -7.996  0.0000E+00  0.1200E+02
  -7.986  0.0000E+00  0.1200E+02
  -7.976  0.0000E+00  0.1200E+02
  -7.966  0.0000E+00  0.1200E+02
  -7.956  0.0000E+00  0.1200E+02
  -7.946  0.0000E+00  0.1200E+02
  -7.936  0.0000E+00  0.1200E+02
  -7.926  0.0000E+00  0.1200E+02
  -7.916  0.0000E+00  0.1200E+02
  -7.906  0.0000E+00  0.1200E+02
  -7.896  0.0000E+00  0.1200E+02
  -7.886  0.0000E+00  0.1200E+02
  -7.876  0.0000E+00  0.1200E+02
  -7.866  0.0000E+00  0.1200E+02
  -7.856  0.0000E+00  0.1200E+02
  -7.846  0.0000E+00  0.1200E+02
  -7.836  0.0000E+00  0.1200E+02
  -7.826  0.0000E+00  0.1200E+02
  -7.816  0.0000E+00  0.1200E+02
  -7.806  0.0000E+00  0.1200E+02
  -7.796  0.0000E+00  0.1200E+02
  -7.786  0.0000E+00  0.1200E+02
  -7.776  0.0000E+00  0.1200E+02
  -7.766  0.0000E+00  0.1200E+02
  -7.756  0.0000E+00  0.1200E+02
  -7.746  0.0000E+00  0.1200E+02
  -7.736  0.0000E+00  0.1200E+02
  -7.726  0.0000E+00  0.1200E+02
  -7.716  0.0000E+00  0.1200E+02
  -7.706  0.0000E+00  0.1200E+02
  -7.696  0.0000E+00  0.1200E+02
  -7.686  0.0000E+00  0.1200E+02
  -7.676  0.0000E+00  0.1200E+02
  -7.666  0.0000E+00  0.1200E+02
  -7.656  0.0000E+00  0.1200E+02
  -7.646  0.0000E+00  0.1200E+02
  -7.636  0.0000E+00  0.1200E+02
  -7.626  0.0000E+00  0.1200E+02
  -7.616  0.0000E+00  0.1200E+02
  -7.606  0.0000E+00  0.1200E+02
  -7.596  0.0000E+00  0.1200E+02
  -7.586  0.0000E+00  0.1200E+02
  -7.576  0.0000E+00  0.1200E+02
  -7.566  0.0000E+00  0.1200E+02
  -7.556  0.0000E+00  0.1200E+02
  -7.546  0.0000E+00  0.1200E+02
  -7.536  0.0000E+00  0.1200E+02
  -7.526  0.0000E+00  0.1200E+02
  -7.516  0.0000E+00  0.1200E+02
  -7.506  0.0000E+00  0.1200E+02
  -7.496  0.0000E+00  0.1200E+02
  -7.486  0.0000E+00  0.1200E+02
  -7.476  0.0000E+00  0.1200E+02
  -7.466  0.0000E+00  0.1200E+02
  -7.456  0.0000E+00  0.1200E+02
  -7.446  0.0000E+00  0.1200E+02
  -7.436  0.0000E+00  0.1200E+02
  -7.426  0.0000E+00  0.1200E+02
  -7.416  0.0000E+00  0.1200E+02
  -7.406  0.0000E+00  0.1200E+02
  -7.396  0.0000E+00  0.1200E+02
  -7.386  0.0000E+00  0.1200E+02
  -7.376  0.0000E+00  0.1200E+02
  -7.366  0.0000E+00  0.1200E+02
  -7.356  0.0000E+00  0.1200E+02
  -7.346  0.0000E+00  0.1200E+02
  -7.336  0.0000E+00  0.1200E+02
  -7.326  0.0000E+00  0.1200E+02
  -7.316  0.0000E+00  0.1200E+02
  -7.306  0.0000E+00  0.1200E+02
  -7.296  0.0000E+00  0.1200E+02
  -7.286  0.0000E+00  0.1200E+02
  -7.276  0.0000E+00  0.1200E+02
  -7.266  0.0000E+00  0.1200E+02
  -7.256  0.0000E+00  0.1200E+02
  -7.246  0.0000E+00  0.1200E+02
  -7.236  0.0000E+00  0.1200E+02
  -7.226  0.0000E+00  0.1200E+02
  -7.216  0.0000E+00  0.1200E+02
  -7.206  0.0000E+00  0.1200E+02
  -7.196  0.0000E+00  0.1200E+02
  -7.186  0.0000E+00  0.1200E+02
  -7.176  0.0000E+00  0.1200E+02
  -7.166  0.0000E+00  0.1200E+02
  -7.156  0.0000E+00  0.1200E+02
  -7.146  0.0000E+00  0.1200E+02
  -7.136  0.0000E+00  0.1200E+02
  -7.126  0.0000E+00  0.1200E+02
  -7.116  0.0000E+00  0.1200E+02
  -7.106  0.0000E+00  0.1200E+02
  -7.096  0.0000E+00  0.1200E+02
  -7.086  0.0000E+00  0.1200E+02
  -7.076  0.0000E+00  0.1200E+02
  -7.066  0.0000E+00  0.1200E+02
  -7.056  0.0000E+00  0.1200E+02
  -7.046  0.0000E+00  0.1200E+02
  -7.036  0.0000E+00  0.1200E+02
  -7.026  0.0000E+00  0.1200E+02
  -7.016  0.0000E+00  0.1200E+02
  -7.006  0.0000E+00  0.1200E+02
  -6.996  0.0000E+00  0.1200E+02
  -6.986  0.0000E+00  0.1200E+02
  -6.976  0.0000E+00  0.1200E+02
  -6.966  0.0000E+00  0.1200E+02
  -6.956  0.0000E+00  0.1200E+02
  -6.946  0.0000E+00  0.1200E+02
  -6.936  0.0000E+00  0.1200E+02
  -6.926  0.0000E+00  0.1200E+02
  -6.916  0.0000E+00  0.1200E+02
  -6.906  0.0000E+00  0.1200E+02
  -6.896  0.0000E+00  0.1200E+02
  -6.886  0.0000E+00  0.1200E+02
  -6.876  0.0000E+00  0.1200E+02
  -6.866  0.0000E+00  0.1200E+02
  -6.856  0.0000E+00  0.1200E+02
  -6.846  0.0000E+00  0.1200E+02
  -6.836  0.0000E+00  0.1200E+02
  -6.826  0.0000E+00  0.1200E+02
  -6.816  0.0000E+00  0.1200E+02
  -6.806  0.0000E+00  0.1200E+02
  -6.796  0.0000E+00  0.1200E+02
  -6.786  0.0000E+00  0.1200E+02
  -6.776  0.0000E+00  0.1200E+02
  -6.766  0.0000E+00  0.1200E+02
  -6.756  0.0000E+00  0.1200E+02
  -6.746  0.0000E+00  0.1200E+02
  -6.736  0.0000E+00  0.1200E+02
  -6.726  0.0000E+00  0.1200E+02
  -6.716  0.0000E+00  0.1200E+02
  -6.706  0.0000E+00  0.1200E+02
  -6.696  0.0000E+00  0.1200E+02
  -6.686  0.0000E+00  0.1200E+02
  -6.676  0.0000E+00  0.1200E+02
  -6.666  0.0000E+00  0.1200E+02
  -6.656  0.0000E+00  0.1200E+02
  -6.646  0.0000E+00  0.1200E+02
  -6.636  0.0000E+00  0.1200E+02
  -6.626  0.0000E+00  0.1200E+02
  -6.616  0.0000E+00  0.1200E+02
  -6.606  0.0000E+00  0.1200E+02
  -6.596  0.0000E+00  0.1200E+02
  -6.586  0.0000E+00  0.1200E+02
  -6.576  0.0000E+00  0.1200E+02
  -6.566  0.0000E+00  0.1200E+02
  -6.556  0.0000E+00  0.1200E+02
  -6.546  0.0000E+00  0.1200E+02
  -6.536  0.0000E+00  0.1200E+02
  -6.526  0.0000E+00  0.1200E+02
  -6.516  0.0000E+00  0.1200E+02
  -6.506  0.0000E+00  0.1200E+02
  -6.496  0.0000E+00  0.1200E+02
  -6.486  0.0000E+00  0.1200E+02
  -6.476  0.0000E+00  0.1200E+02
  -6.466  0.0000E+00  0.1200E+02
  -6.456  0.0000E+00  0.1200E+02
  -6.446  0.0000E+00  0.1200E+02
  -6.436  0.0000E+00  0.1200E+02
  -6.426  0.0000E+00  0.1200E+02
  -6.416  0.0000E+00  0.1200E+02
  -6.406  0.0000E+00  0.1200E+02
  -6.396  0.0000E+00  0.1200E+02
  -6.386  0.0000E+00  0.1200E+02
  -6.376  0.0000E+00  0.1200E+02
  -6.366  0.0000E+00  0.1200E+02
  -6.356  0.0000E+00  0.1200E+02
  -6.346  0.0000E+00  0.1200E+02
  -6.336  0.0000E+00  0.1200E+02
  -6.326  0.0000E+00  0.1200E+02
  -6.316  0.0000E+00  0.1200E+02
  -6.306  0.0000E+00  0.1200E+02
  -6.296  0.0000E+00  0.1200E+02
  -6.286  0.0000E+00  0.1200E+02
  -6.276  0.0000E+00  0.1200E+02
  -6.266  0.0000E+00  0.1200E+02
  -6.256  0.0000E+00  0.1200E+02
  -6.246  0.0000E+00  0.1200E+02
  -6.236  0.0000E+00  0.1200E+02
  -6.226  0.0000E+00  0.1200E+02
  -6.216  0.0000E+00  0.1200E+02
  -6.206  0.0000E+00  0.1200E+02
  -6.196  0.0000E+00  0.1200E+02
  -6.186  0.0000E+00  0.1200E+02
  -6.176  0.0000E+00  0.1200E+02
  -6.166  0.0000E+00  0.1200E+02
  -6.156  0.0000E+00  0.1200E+02
  -6.146  0.0000E+00  0.1200E+02
  -6.136  0.0000E+00  0.1200E+02
  -6.126  0.0000E+00  0.1200E+02
  -6.116  0.0000E+00  0.1200E+02
  -6.106  0.0000E+00  0.1200E+02
  -6.096  0.0000E+00  0.1200E+02
  -6.086  0.0000E+00  0.1200E+02
  -6.076  0.0000E+00  0.1200E+02
  -6.066  0.0000E+00  0.1200E+02
  -6.056  0.0000E+00  0.1200E+02
  -6.046  0.0000E+00  0.1200E+02
  -6.036  0.0000E+00  0.1200E+02
  -6.026  0.0000E+00  0.1200E+02
  -6.016  0.0000E+00  0.1200E+02
  -6.006  0.0000E+00  0.1200E+02
  -5.996  0.0000E+00  0.1200E+02
  -5.986  0.0000E+00  0.1200E+02
  -5.976  0.0000E+00  0.1200E+02
  -5.966  0.0000E+00  0.1200E+02
  -5.956  0.0000E+00  0.1200E+02
  -5.946  0.0000E+00  0.1200E+02
  -5.936  0.0000E+00  0.1200E+02
  -5.926  0.0000E+00  0.1200E+02
  -5.916  0.0000E+00  0.1200E+02
  -5.906  0.0000E+00  0.1200E+02
  -5.896  0.0000E+00  0.1200E+02
  -5.886  0.0000E+00  0.1200E+02
  -5.876  0.0000E+00  0.1200E+02
  -5.866  0.0000E+00  0.1200E+02
  -5.856  0.0000E+00  0.1200E+02
  -5.846  0.0000E+00  0.1200E+02
  -5.836  0.0000E+00  0.1200E+02
  -5.826  0.0000E+00  0.1200E+02
  -5.816  0.0000E+00  0.1200E+02
  -5.806  0.0000E+00  0.1200E+02
  -5.796  0.0000E+00  0.1200E+02
  -5.786  0.0000E+00  0.1200E+02
  -5.776  0.0000E+00  0.1200E+02
  -5.766  0.0000E+00  0.1200E+02
  -5.756  0.0000E+00  0.1200E+02
  -5.746  0.0000E+00  0.1200E+02
  -5.736  0.0000E+00  0.1200E+02
  -5.726  0.0000E+00  0.1200E+02
  -5.716  0.0000E+00  0.1200E+02
  -5.706  0.0000E+00  0.1200E+02
  -5.696  0.0000E+00  0.1200E+02
  -5.686  0.0000E+00  0.1200E+02
  -5.676  0.0000E+00  0.1200E+02
  -5.666  0.0000E+00  0.1200E+02
  -5.656  0.0000E+00  0.1200E+02
  -5.646  0.0000E+00  0.1200E+02
  -5.636  0.0000E+00  0.1200E+02
  -5.626  0.0000E+00  0.1200E+02
  -5.616  0.0000E+00  0.1200E+02
  -5.606  0.0000E+00  0.1200E+02
  -5.596  0.0000E+00  0.1200E+02
  -5.586  0.0000E+00  0.1200E+02
  -5.576  0.0000E+00  0.1200E+02
  -5.566  0.0000E+00  0.1200E+02
  -5.556  0.0000E+00  0.1200E+02
  -5.546  0.0000E+00  0.1200E+02
  -5.536  0.0000E+00  0.1200E+02
  -5.526  0.0000E+00  0.1200E+02
  -5.516  0.0000E+00  0.1200E+02
  -5.506  0.0000E+00  0.1200E+02
  -5.496  0.0000E+00  0.1200E+02
  -5.486  0.0000E+00  0.1200E+02
  -5.476  0.0000E+00  0.1200E+02
  -5.466  0.0000E+00  0.1200E+02
  -5.456  0.0000E+00  0.1200E+02
  -5.446  0.0000E+00  0.1200E+02
  -5.436  0.0000E+00  0.1200E+02
  -5.426  0.0000E+00  0.1200E+02
  -5.416  0.0000E+00  0.1200E+02
  -5.406  0.0000E+00  0.1200E+02
  -5.396  0.0000E+00  0.1200E+02
  -5.386  0.0000E+00  0.1200E+02
  -5.376  0.0000E+00  0.1200E+02
  -5.366  0.0000E+00  0.1200E+02
  -5.356  0.0000E+00  0.1200E+02
  -5.346  0.0000E+00  0.1200E+02
  -5.336  0.0000E+00  0.1200E+02
  -5.326  0.0000E+00  0.1200E+02
  -5.316  0.0000E+00  0.1200E+02
  -5.306  0.0000E+00  0.1200E+02
  -5.296  0.0000E+00  0.1200E+02
  -5.286  0.0000E+00  0.1200E+02
  -5.276  0.0000E+00  0.1200E+02
  -5.266  0.0000E+00  0.1200E+02
  -5.256  0.0000E+00  0.1200E+02
  -5.246  0.0000E+00  0.1200E+02
  -5.236  0.0000E+00  0.1200E+02
  -5.226  0.0000E+00  0.1200E+02
  -5.216  0.0000E+00  0.1200E+02
  -5.206  0.0000E+00  0.1200E+02
  -5.196  0.0000E+00  0.1200E+02
  -5.186  0.0000E+00  0.1200E+02
  -5.176  0.0000E+00  0.1200E+02
  -5.166  0.0000E+00  0.1200E+02
  -5.156  0.0000E+00  0.1200E+02
  -5.146  0.0000E+00  0.1200E+02
  -5.136  0.0000E+00  0.1200E+02
  -5.126  0.0000E+00  0.1200E+02
  -5.116  0.0000E+00  0.1200E+02
  -5.106  0.0000E+00  0.1200E+02
  -5.096  0.0000E+00  0.1200E+02
  -5.086  0.0000E+00  0.1200E+02
  -5.076  0.0000E+00  0.1200E+02
  -5.066  0.0000E+00  0.1200E+02
  -5.056  0.0000E+00  0.1200E+02
  -5.046  0.0000E+00  0.1200E+02
  -5.036  0.0000E+00  0.1200E+02
  -5.026  0.0000E+00  0.1200E+02
  -5.016  0.0000E+00  0.1200E+02
  -5.006  0.0000E+00  0.1200E+02
  -4.996  0.0000E+00  0.1200E+02
  -4.986  0.0000E+00  0.1200E+02
  -4.976  0.0000E+00  0.1200E+02
  -4.966  0.0000E+00  0.1200E+02
  -4.956  0.0000E+00  0.1200E+02
  -4.946  0.0000E+00  0.1200E+02
  -4.936  0.0000E+00  0.1200E+02
  -4.926  0.0000E+00  0.1200E+02
  -4.916  0.0000E+00  0.1200E+02
  -4.906  0.0000E+00  0.1200E+02
  -4.896  0.0000E+00  0.1200E+02
  -4.886  0.0000E+00  0.1200E+02
  -4.876  0.0000E+00  0.1200E+02
  -4.866  0.0000E+00  0.1200E+02
  -4.856  0.0000E+00  0.1200E+02
  -4.846  0.0000E+00  0.1200E+02
  -4.836  0.0000E+00  0.1200E+02
  -4.826  0.0000E+00  0.1200E+02
  -4.816  0.0000E+00  0.1200E+02
  -4.806  0.0000E+00  0.1200E+02
  -4.796  0.0000E+00  0.1200E+02
  -4.786  0.0000E+00  0.1200E+02
  -4.776  0.0000E+00  0.1200E+02
  -4.766  0.0000E+00  0.1200E+02
  -4.756  0.0000E+00  0.1200E+02
  -4.746  0.0000E+00  0.1200E+02
  -4.736  0.0000E+00  0.1200E+02
  -4.726  0.0000E+00  0.1200E+02
  -4.716  0.0000E+00  0.1200E+02
  -4.706  0.0000E+00  0.1200E+02
  -4.696  0.0000E+00  0.1200E+02
  -4.686  0.0000E+00  0.1200E+02
  -4.676  0.0000E+00  0.1200E+02
  -4.666  0.0000E+00  0.1200E+02
  -4.656  0.0000E+00  0.1200E+02
  -4.646  0.0000E+00  0.1200E+02
  -4.636  0.0000E+00  0.1200E+02
  -4.626  0.0000E+00  0.1200E+02
  -4.616  0.0000E+00  0.1200E+02
  -4.606  0.0000E+00  0.1200E+02
  -4.596  0.0000E+00  0.1200E+02
  -4.586  0.0000E+00  0.1200E+02
  -4.576  0.0000E+00  0.1200E+02
  -4.566  0.0000E+00  0.1200E+02
  -4.556  0.0000E+00  0.1200E+02
  -4.546  0.0000E+00  0.1200E+02
  -4.536  0.0000E+00  0.1200E+02
  -4.526  0.0000E+00  0.1200E+02
  -4.516  0.0000E+00  0.1200E+02
  -4.506  0.0000E+00  0.1200E+02
  -4.496  0.0000E+00  0.1200E+02
  -4.486  0.0000E+00  0.1200E+02
  -4.476  0.0000E+00  0.1200E+02
  -4.466  0.0000E+00  0.1200E+02
  -4.456  0.0000E+00  0.1200E+02
  -4.446  0.0000E+00  0.1200E+02
  -4.436  0.0000E+00  0.1200E+02
  -4.426  0.0000E+00  0.1200E+02
  -4.416  0.0000E+00  0.1200E+02
  -4.406  0.0000E+00  0.1200E+02
  -4.396  0.0000E+00  0.1200E+02
  -4.386  0.0000E+00  0.1200E+02
  -4.376  0.0000E+00  0.1200E+02
  -4.366  0.0000E+00  0.1200E+02
  -4.356  0.0000E+00  0.1200E+02
  -4.346  0.0000E+00  0.1200E+02
  -4.336  0.0000E+00  0.1200E+02
  -4.326  0.0000E+00  0.1200E+02
  -4.316  0.0000E+00  0.1200E+02
  -4.306  0.0000E+00  0.1200E+02
  -4.296  0.0000E+00  0.1200E+02
  -4.286  0.0000E+00  0.1200E+02
  -4.276  0.0000E+00  0.1200E+02
  -4.266  0.0000E+00  0.1200E+02
  -4.256  0.0000E+00  0.1200E+02
  -4.246  0.0000E+00  0.1200E+02
  -4.236  0.0000E+00  0.1200E+02
  -4.226  0.0000E+00  0.1200E+02
  -4.216  0.0000E+00  0.1200E+02
  -4.206  0.0000E+00  0.1200E+02
  -4.196  0.0000E+00  0.1200E+02
  -4.186  0.0000E+00  0.1200E+02
  -4.176  0.0000E+00  0.1200E+02
  -4.166  0.0000E+00  0.1200E+02
  -4.156  0.0000E+00  0.1200E+02
  -4.146  0.0000E+00  0.1200E+02
  -4.136  0.0000E+00  0.1200E+02
  -4.126  0.0000E+00  0.1200E+02
  -4.116  0.0000E+00  0.1200E+02
  -4.106  0.0000E+00  0.1200E+02
  -4.096  0.0000E+00  0.1200E+02
  -4.086  0.0000E+00  0.1200E+02
  -4.076  0.0000E+00  0.1200E+02
  -4.066  0.0000E+00  0.1200E+02
  -4.056  0.0000E+00  0.1200E+02
  -4.046  0.0000E+00  0.1200E+02
  -4.036  0.0000E+00  0.1200E+02
  -4.026  0.0000E+00  0.1200E+02
  -4.016  0.0000E+00  0.1200E+02
  -4.006  0.0000E+00  0.1200E+02
  -3.996  0.0000E+00  0.1200E+02
  -3.986  0.0000E+00  0.1200E+02
  -3.976  0.0000E+00  0.1200E+02
  -3.966  0.0000E+00  0.1200E+02
  -3.956  0.0000E+00  0.1200E+02
  -3.946  0.0000E+00  0.1200E+02
  -3.936  0.0000E+00  0.1200E+02
  -3.926  0.0000E+00  0.1200E+02
  -3.916  0.0000E+00  0.1200E+02
  -3.906  0.0000E+00  0.1200E+02
  -3.896  0.0000E+00  0.1200E+02
  -3.886  0.0000E+00  0.1200E+02
  -3.876  0.0000E+00  0.1200E+02
  -3.866  0.0000E+00  0.1200E+02
  -3.856  0.0000E+00  0.1200E+02
  -3.846  0.0000E+00  0.1200E+02
  -3.836  0.0000E+00  0.1200E+02
  -3.826  0.0000E+00  0.1200E+02
  -3.816  0.0000E+00  0.1200E+02
  -3.806  0.0000E+00  0.1200E+02
  -3.796  0.0000E+00  0.1200E+02
  -3.786  0.0000E+00  0.1200E+02
  -3.776  0.0000E+00  0.1200E+02
  -3.766  0.0000E+00  0.1200E+02
  -3.756  0.0000E+00  0.1200E+02
  -3.746  0.0000E+00  0.1200E+02
  -3.736  0.0000E+00  0.1200E+02
  -3.726  0.2295E+01  0.1201E+02
  -3.716  0.2304E+01  0.1203E+02
  -3.706  0.2387E+01  0.1205E+02
  -3.696  0.2438E+01  0.1208E+02
  -3.686  0.3265E+01  0.1211E+02
  -3.676  0.3352E+01  0.1214E+02
  -3.666  0.3450E+01  0.1217E+02
  -3.656  0.3553E+01  0.1221E+02
  -3.646  0.3660E+01  0.1225E+02
  -3.636  0.3785E+01  0.1228E+02
  -3.626  0.3926E+01  0.1232E+02
  -3.616  0.5997E+01  0.1236E+02
  -3.606  0.6358E+01  0.1243E+02
  -3.596  0.6764E+01  0.1249E+02
  -3.586  0.7271E+01  0.1256E+02
  -3.576  0.8044E+01  0.1264E+02
  -3.566  0.9929E+01  0.1273E+02
  -3.556  0.9344E+01  0.1284E+02
  -3.546  0.7856E+01  0.1292E+02
  -3.536  0.7131E+01  0.1300E+02
  -3.526  0.6700E+01  0.1307E+02
  -3.516  0.6396E+01  0.1313E+02
  -3.506  0.6149E+01  0.1319E+02
  -3.496  0.5899E+01  0.1325E+02
  -3.486  0.5663E+01  0.1331E+02
  -3.476  0.5418E+01  0.1337E+02
  -3.466  0.5185E+01  0.1342E+02
  -3.456  0.4991E+01  0.1347E+02
  -3.446  0.4862E+01  0.1352E+02
  -3.436  0.4819E+01  0.1357E+02
  -3.426  0.4849E+01  0.1362E+02
  -3.416  0.5049E+01  0.1367E+02
  -3.406  0.5582E+01  0.1372E+02
  -3.396  0.7907E+01  0.1379E+02
  -3.386  0.4831E+01  0.1384E+02
  -3.376  0.4078E+01  0.1389E+02
  -3.366  0.3455E+01  0.1393E+02
  -3.356  0.2955E+01  0.1396E+02
  -3.346  0.2485E+01  0.1398E+02
  -3.336  0.0000E+00  0.1400E+02
  -3.326  0.0000E+00  0.1400E+02
  -3.316  0.2706E+01  0.1401E+02
  -3.306  0.2901E+01  0.1404E+02
  -3.296  0.3145E+01  0.1407E+02
  -3.286  0.3372E+01  0.1410E+02
  -3.276  0.3662E+01  0.1413E+02
  -3.266  0.4025E+01  0.1417E+02
  -3.256  0.4538E+01  0.1422E+02
  -3.246  0.5303E+01  0.1426E+02
  -3.236  0.7360E+01  0.1432E+02
  -3.226  0.6062E+01  0.1440E+02
  -3.216  0.5453E+01  0.1446E+02
  -3.206  0.5213E+01  0.1451E+02
  -3.196  0.5186E+01  0.1456E+02
  -3.186  0.9316E+01  0.1464E+02
  -3.176  0.1007E+02  0.1474E+02
  -3.166  0.1355E+02  0.1486E+02
  -3.156  0.9667E+01  0.1497E+02
  -3.146  0.8862E+01  0.1506E+02
  -3.136  0.8571E+01  0.1515E+02
  -3.126  0.8565E+01  0.1523E+02
  -3.116  0.8888E+01  0.1532E+02
  -3.106  0.9641E+01  0.1541E+02
  -3.096  0.1113E+02  0.1551E+02
  -3.086  0.1691E+02  0.1564E+02
  -3.076  0.1155E+01  0.1581E+02
  -3.066  0.1112E+01  0.1582E+02
  -3.056  0.2859E+01  0.1584E+02
  -3.046  0.3816E+01  0.1587E+02
  -3.036  0.4827E+01  0.1591E+02
  -3.026  0.6185E+01  0.1597E+02
  -3.016  0.8055E+01  0.1604E+02
  -3.006  0.1152E+02  0.1613E+02
  -2.996  0.2356E+02  0.1629E+02
  -2.986  0.1910E+02  0.1655E+02
  -2.976  0.1441E+02  0.1672E+02
  -2.966  0.1239E+02  0.1685E+02
  -2.956  0.1129E+02  0.1697E+02
  -2.946  0.1142E+02  0.1708E+02
  -2.936  0.7355E+01  0.1718E+02
  -2.926  0.6929E+01  0.1726E+02
  -2.916  0.6914E+01  0.1732E+02
  -2.906  0.7021E+01  0.1739E+02
  -2.896  0.7216E+01  0.1747E+02
  -2.886  0.8834E+01  0.1755E+02
  -2.876  0.9390E+01  0.1764E+02
  -2.866  0.1046E+02  0.1774E+02
  -2.856  0.1311E+02  0.1785E+02
  -2.846  0.1397E+01  0.1806E+02
  -2.836  0.1440E+01  0.1808E+02
  -2.826  0.1475E+01  0.1809E+02
  -2.816  0.1512E+01  0.1811E+02
  -2.806  0.1556E+01  0.1812E+02
  -2.796  0.1588E+01  0.1814E+02
  -2.786  0.1627E+01  0.1815E+02
  -2.776  0.1663E+01  0.1817E+02
  -2.766  0.1700E+01  0.1819E+02
  -2.756  0.1739E+01  0.1820E+02
  -2.746  0.1775E+01  0.1822E+02
  -2.736  0.1814E+01  0.1824E+02
  -2.726  0.1854E+01  0.1826E+02
  -2.716  0.1891E+01  0.1828E+02
  -2.706  0.1937E+01  0.1830E+02
  -2.696  0.1975E+01  0.1831E+02
  -2.686  0.2023E+01  0.1833E+02
  -2.676  0.2060E+01  0.1836E+02
  -2.666  0.2110E+01  0.1838E+02
  -2.656  0.2153E+01  0.1840E+02
  -2.646  0.2202E+01  0.1842E+02
  -2.636  0.2251E+01  0.1844E+02
  -2.626  0.2306E+01  0.1846E+02
  -2.616  0.2359E+01  0.1849E+02
  -2.606  0.2420E+01  0.1851E+02
  -2.596  0.2486E+01  0.1854E+02
  -2.586  0.2551E+01  0.1856E+02
  -2.576  0.2629E+01  0.1859E+02
  -2.566  0.2709E+01  0.1861E+02
  -2.556  0.2805E+01  0.1864E+02
  -2.546  0.2907E+01  0.1867E+02
  -2.536  0.3036E+01  0.1870E+02
  -2.526  0.3191E+01  0.1873E+02
  -2.516  0.3393E+01  0.1876E+02
  -2.506  0.3671E+01  0.1880E+02
  -2.496  0.4138E+01  0.1884E+02
  -2.486  0.5514E+01  0.1888E+02
  -2.476  0.4415E+01  0.1894E+02
  -2.466  0.3619E+01  0.1898E+02
  -2.456  0.3095E+01  0.1901E+02
  -2.446  0.2774E+01  0.1904E+02
  -2.436  0.2519E+01  0.1907E+02
  -2.426  0.2315E+01  0.1909E+02
  -2.416  0.2131E+01  0.1912E+02
  -2.406  0.1967E+01  0.1914E+02
  -2.396  0.1843E+01  0.1916E+02
  -2.386  0.1713E+01  0.1917E+02
  -2.376  0.1602E+01  0.1919E+02
  -2.366  0.1056E+01  0.1920E+02
  -2.356  0.1031E+01  0.1921E+02
  -2.346  0.9959E+00  0.1922E+02
  -2.336  0.9761E+00  0.1923E+02
  -2.326  0.9480E+00  0.1924E+02
  -2.316  0.9287E+00  0.1925E+02
  -2.306  0.9101E+00  0.1926E+02
  -2.296  0.8873E+00  0.1927E+02
  -2.286  0.8734E+00  0.1928E+02
  -2.276  0.8558E+00  0.1929E+02
  -2.266  0.8399E+00  0.1930E+02
  -2.256  0.8282E+00  0.1930E+02
  -2.246  0.8115E+00  0.1931E+02
  -2.236  0.8008E+00  0.1932E+02
  -2.226  0.7909E+00  0.1933E+02
  -2.216  0.7774E+00  0.1934E+02
  -2.206  0.7680E+00  0.1934E+02
  -2.196  0.7600E+00  0.1935E+02
  -2.186  0.7499E+00  0.1936E+02
  -2.176  0.7407E+00  0.1937E+02
  -2.166  0.7343E+00  0.1937E+02
  -2.156  0.7269E+00  0.1938E+02
  -2.146  0.7182E+00  0.1939E+02
  -2.136  0.7133E+00  0.1939E+02
  -2.126  0.7079E+00  0.1940E+02
  -2.116  0.7000E+00  0.1941E+02
  -2.106  0.6964E+00  0.1942E+02
  -2.096  0.6926E+00  0.1942E+02
  -2.086  0.6882E+00  0.1943E+02
  -2.076  0.6836E+00  0.1944E+02
  -2.066  0.6812E+00  0.1944E+02
  -2.056  0.6786E+00  0.1945E+02
  -2.046  0.6751E+00  0.1946E+02
  -2.036  0.6740E+00  0.1946E+02
  -2.026  0.6730E+00  0.1947E+02
  -2.016  0.9556E+00  0.1948E+02
  -2.006  0.9528E+00  0.1949E+02
  -1.996  0.9564E+00  0.1950E+02
  -1.986  0.9645E+00  0.1951E+02
  -1.976  0.9758E+00  0.1952E+02
  -1.966  0.9866E+00  0.1953E+02
  -1.956  0.9979E+00  0.1954E+02
  -1.946  0.1015E+01  0.1955E+02
  -1.936  0.1025E+01  0.1956E+02
  -1.926  0.1041E+01  0.1957E+02
  -1.916  0.1056E+01  0.1958E+02
  -1.906  0.1074E+01  0.1959E+02
  -1.896  0.1092E+01  0.1960E+02
  -1.886  0.1112E+01  0.1961E+02
  -1.876  0.1137E+01  0.1962E+02
  -1.866  0.1159E+01  0.1963E+02
  -1.856  0.1187E+01  0.1965E+02
  -1.846  0.1220E+01  0.1966E+02
  -1.836  0.1251E+01  0.1967E+02
  -1.826  0.1293E+01  0.1968E+02
  -1.816  0.1334E+01  0.1970E+02
  -1.806  0.1383E+01  0.1971E+02
  -1.796  0.1446E+01  0.1972E+02
  -1.786  0.1506E+01  0.1974E+02
  -1.776  0.1596E+01  0.1975E+02
  -1.766  0.1685E+01  0.1977E+02
  -1.756  0.1807E+01  0.1979E+02
  -1.746  0.1981E+01  0.1981E+02
  -1.736  0.2173E+01  0.1983E+02
  -1.726  0.2463E+01  0.1985E+02
  -1.716  0.5421E+01  0.1990E+02
  -1.706  0.7283E+01  0.1996E+02
  -1.696  0.1612E+02  0.2006E+02
  -1.686  0.6922E+00  0.2015E+02
  -1.676  0.7311E+00  0.2015E+02
  -1.666  0.7662E+00  0.2016E+02
  -1.656  0.8051E+00  0.2017E+02
  -1.646  0.8675E+00  0.2018E+02
  -1.636  0.9233E+00  0.2018E+02
  -1.626  0.9899E+00  0.2019E+02
  -1.616  0.1097E+01  0.2020E+02
  -1.606  0.1191E+01  0.2022E+02
  -1.596  0.1345E+01  0.2023E+02
  -1.586  0.1521E+01  0.2024E+02
  -1.576  0.1731E+01  0.2026E+02
  -1.566  0.2042E+01  0.2028E+02
  -1.556  0.2456E+01  0.2030E+02
  -1.546  0.2959E+01  0.2033E+02
  -1.536  0.3726E+01  0.2036E+02
  -1.526  0.4710E+01  0.2040E+02
  -1.516  0.6048E+01  0.2046E+02
  -1.506  0.7691E+01  0.2052E+02
  -1.496  0.9710E+01  0.2061E+02
  -1.486  0.1562E+02  0.2075E+02
  -1.476  0.2029E+02  0.2093E+02
  -1.466  0.5813E+02  0.2120E+02
  -1.456  0.7876E+01  0.2146E+02
  -1.446  0.5716E+01  0.2153E+02
  -1.436  0.4584E+01  0.2158E+02
  -1.426  0.3860E+01  0.2162E+02
  -1.416  0.3349E+01  0.2165E+02
  -1.406  0.2992E+01  0.2169E+02
  -1.396  0.2659E+01  0.2171E+02
  -1.386  0.2468E+01  0.2174E+02
  -1.376  0.2252E+01  0.2176E+02
  -1.366  0.2128E+01  0.2179E+02
  -1.356  0.1986E+01  0.2181E+02
  -1.346  0.1895E+01  0.2183E+02
  -1.336  0.1818E+01  0.2184E+02
  -1.326  0.1738E+01  0.2186E+02
  -1.316  0.1682E+01  0.2188E+02
  -1.306  0.1629E+01  0.2190E+02
  -1.296  0.1583E+01  0.2191E+02
  -1.286  0.1547E+01  0.2193E+02
  -1.276  0.1513E+01  0.2194E+02
  -1.266  0.1479E+01  0.2196E+02
  -1.256  0.1461E+01  0.2197E+02
  -1.246  0.1438E+01  0.2199E+02
  -1.236  0.1420E+01  0.2200E+02
  -1.226  0.1401E+01  0.2201E+02
  -1.216  0.1392E+01  0.2203E+02
  -1.206  0.1380E+01  0.2204E+02
  -1.196  0.1369E+01  0.2206E+02
  -1.186  0.1359E+01  0.2207E+02
  -1.176  0.1355E+01  0.2208E+02
  -1.166  0.1350E+01  0.2210E+02
  -1.156  0.1347E+01  0.2211E+02
  -1.146  0.1341E+01  0.2212E+02
  -1.136  0.1340E+01  0.2214E+02
  -1.126  0.1342E+01  0.2215E+02
  -1.116  0.1342E+01  0.2216E+02
  -1.106  0.1341E+01  0.2218E+02
  -1.096  0.1342E+01  0.2219E+02
  -1.086  0.1347E+01  0.2220E+02
  -1.076  0.1351E+01  0.2222E+02
  -1.066  0.1354E+01  0.2223E+02
  -1.056  0.1356E+01  0.2225E+02
  -1.046  0.1364E+01  0.2226E+02
  -1.036  0.1370E+01  0.2227E+02
  -1.026  0.1378E+01  0.2229E+02
  -1.016  0.1384E+01  0.2230E+02
  -1.006  0.1392E+01  0.2231E+02
  -0.996  0.1403E+01  0.2233E+02
  -0.986  0.1412E+01  0.2234E+02
  -0.976  0.1420E+01  0.2236E+02
  -0.966  0.1434E+01  0.2237E+02
  -0.956  0.1444E+01  0.2238E+02
  -0.946  0.1455E+01  0.2240E+02
  -0.936  0.1466E+01  0.2241E+02
  -0.926  0.1485E+01  0.2243E+02
  -0.916  0.1499E+01  0.2244E+02
  -0.906  0.1509E+01  0.2246E+02
  -0.896  0.1529E+01  0.2247E+02
  -0.886  0.1549E+01  0.2249E+02
  -0.876  0.1564E+01  0.2250E+02
  -0.866  0.1582E+01  0.2252E+02
  -0.856  0.1607E+01  0.2254E+02
  -0.846  0.1627E+01  0.2255E+02
  -0.836  0.1648E+01  0.2257E+02
  -0.826  0.1677E+01  0.2259E+02
  -0.816  0.1703E+01  0.2260E+02
  -0.806  0.1727E+01  0.2262E+02
  -0.796  0.1760E+01  0.2264E+02
  -0.786  0.1794E+01  0.2265E+02
  -0.776  0.1824E+01  0.2267E+02
  -0.766  0.1869E+01  0.2269E+02
  -0.756  0.1909E+01  0.2271E+02
  -0.746  0.1944E+01  0.2273E+02
  -0.736  0.2009E+01  0.2275E+02
  -0.726  0.2055E+01  0.2277E+02
  -0.716  0.2128E+01  0.2279E+02
  -0.706  0.2195E+01  0.2281E+02
  -0.696  0.2286E+01  0.2283E+02
  -0.686  0.2377E+01  0.2286E+02
  -0.676  0.2522E+01  0.2288E+02
  -0.666  0.2666E+01  0.2291E+02
  -0.656  0.2894E+01  0.2294E+02
  -0.646  0.3438E+01  0.2297E+02
  -0.636  0.3677E+01  0.2301E+02
  -0.626  0.3028E+01  0.2304E+02
  -0.616  0.2754E+01  0.2307E+02
  -0.606  0.2571E+01  0.2310E+02
  -0.596  0.2445E+01  0.2312E+02
  -0.586  0.2337E+01  0.2314E+02
  -0.576  0.2252E+01  0.2317E+02
  -0.566  0.2183E+01  0.2319E+02
  -0.556  0.2119E+01  0.2321E+02
  -0.546  0.2063E+01  0.2323E+02
  -0.536  0.2013E+01  0.2325E+02
  -0.526  0.1965E+01  0.2327E+02
  -0.516  0.1925E+01  0.2329E+02
  -0.506  0.1887E+01  0.2331E+02
  -0.496  0.1849E+01  0.2333E+02
  -0.486  0.1819E+01  0.2335E+02
  -0.476  0.1785E+01  0.2337E+02
  -0.466  0.1758E+01  0.2338E+02
  -0.456  0.1729E+01  0.2340E+02
  -0.446  0.1701E+01  0.2342E+02
  -0.436  0.1679E+01  0.2343E+02
  -0.426  0.1652E+01  0.2345E+02
  -0.416  0.1632E+01  0.2347E+02
  -0.406  0.1609E+01  0.2348E+02
  -0.396  0.1588E+01  0.2350E+02
  -0.386  0.1568E+01  0.2352E+02
  -0.376  0.1548E+01  0.2353E+02
  -0.366  0.1529E+01  0.2355E+02
  -0.356  0.1509E+01  0.2356E+02
  -0.346  0.1497E+01  0.2358E+02
  -0.336  0.1473E+01  0.2359E+02
  -0.326  0.1463E+01  0.2361E+02
  -0.316  0.1441E+01  0.2362E+02
  -0.306  0.1430E+01  0.2364E+02
  -0.296  0.1414E+01  0.2365E+02
  -0.286  0.1399E+01  0.2366E+02
  -0.276  0.1382E+01  0.2368E+02
  -0.266  0.1375E+01  0.2369E+02
  -0.256  0.1351E+01  0.2371E+02
  -0.246  0.1349E+01  0.2372E+02
  -0.236  0.1328E+01  0.2373E+02
  -0.226  0.1318E+01  0.2375E+02
  -0.216  0.1317E+01  0.2376E+02
  -0.206  0.1288E+01  0.2377E+02
  -0.196  0.1287E+01  0.2378E+02
  -0.186  0.1284E+01  0.2380E+02
  -0.176  0.1255E+01  0.2381E+02
  -0.166  0.1253E+01  0.2382E+02
  -0.156  0.1250E+01  0.2383E+02
  -0.146  0.1223E+01  0.2385E+02
  -0.136  0.1218E+01  0.2386E+02
  -0.126  0.1212E+01  0.2387E+02
  -0.116  0.1206E+01  0.2388E+02
  -0.106  0.1197E+01  0.2390E+02
  -0.096  0.1178E+01  0.2391E+02
  -0.086  0.1169E+01  0.2392E+02
  -0.076  0.1162E+01  0.2393E+02
  -0.066  0.1168E+01  0.2394E+02
  -0.056  0.1151E+01  0.2395E+02
  -0.046  0.1141E+01  0.2397E+02
  -0.036  0.1131E+01  0.2398E+02
  -0.026  0.1109E+01  0.2399E+02
  -0.016  0.9293E+00  0.2400E+02
  -0.006  0.0000E+00  0.2400E+02
   0.004  0.0000E+00  0.2400E+02
   0.014  0.0000E+00  0.2400E+02
   0.024  0.0000E+00  0.2400E+02
   0.034  0.0000E+00  0.2400E+02
   0.044  0.0000E+00  0.2400E+02
   0.054  0.0000E+00  0.2400E+02
   0.064  0.0000E+00  0.2400E+02
   0.074  0.0000E+00  0.2400E+02
   0.084  0.0000E+00  0.2400E+02
   0.094  0.0000E+00  0.2400E+02
   0.104  0.0000E+00  0.2400E+02
   0.114  0.0000E+00  0.2400E+02
   0.124  0.0000E+00  0.2400E+02
   0.134  0.0000E+00  0.2400E+02
   0.144  0.0000E+00  0.2400E+02
   0.154  0.0000E+00  0.2400E+02
   0.164  0.0000E+00  0.2400E+02
   0.174  0.0000E+00  0.2400E+02
   0.184  0.0000E+00  0.2400E+02
   0.194  0.0000E+00  0.2400E+02
   0.204  0.0000E+00  0.2400E+02
   0.214  0.0000E+00  0.2400E+02
   0.224  0.0000E+00  0.2400E+02
   0.234  0.0000E+00  0.2400E+02
   0.244  0.0000E+00  0.2400E+02
   0.254  0.0000E+00  0.2400E+02
   0.264  0.0000E+00  0.2400E+02
   0.274  0.0000E+00  0.2400E+02
   0.284  0.0000E+00  0.2400E+02
   0.294  0.0000E+00  0.2400E+02
   0.304  0.0000E+00  0.2400E+02
   0.314  0.0000E+00  0.2400E+02
   0.324  0.0000E+00  0.2400E+02
   0.334  0.0000E+00  0.2400E+02
   0.344  0.0000E+00  0.2400E+02
   0.354  0.0000E+00  0.2400E+02
   0.364  0.0000E+00  0.2400E+02
   0.374  0.0000E+00  0.2400E+02
   0.384  0.0000E+00  0.2400E+02
   0.394  0.0000E+00  0.2400E+02
   0.404  0.0000E+00  0.2400E+02
   0.414  0.0000E+00  0.2400E+02
   0.424  0.0000E+00  0.2400E+02
   0.434  0.0000E+00  0.2400E+02
   0.444  0.0000E+00  0.2400E+02
   0.454  0.0000E+00  0.2400E+02
   0.464  0.0000E+00  0.2400E+02
   0.474  0.0000E+00  0.2400E+02
   0.484  0.0000E+00  0.2400E+02
   0.494  0.0000E+00  0.2400E+02
   0.504  0.0000E+00  0.2400E+02
   0.514  0.0000E+00  0.2400E+02
   0.524  0.0000E+00  0.2400E+02
   0.534  0.0000E+00  0.2400E+02
   0.544  0.0000E+00  0.2400E+02
   0.554  0.0000E+00  0.2400E+02
   0.564  0.0000E+00  0.2400E+02
   0.574  0.0000E+00  0.2400E+02
   0.584  0.0000E+00  0.2400E+02
   0.594  0.0000E+00  0.2400E+02
   0.604  0.0000E+00  0.2400E+02
   0.614  0.0000E+00  0.2400E+02
   0.624  0.0000E+00  0.2400E+02
   0.634  0.0000E+00  0.2400E+02
   0.644  0.0000E+00  0.2400E+02
   0.654  0.0000E+00  0.2400E+02
   0.664  0.0000E+00  0.2400E+02
   0.674  0.0000E+00  0.2400E+02
   0.684  0.0000E+00  0.2400E+02
   0.694  0.0000E+00  0.2400E+02
   0.704  0.0000E+00  0.2400E+02
   0.714  0.0000E+00  0.2400E+02
   0.724  0.0000E+00  0.2400E+02
   0.734  0.0000E+00  0.2400E+02
   0.744  0.0000E+00  0.2400E+02
   0.754  0.0000E+00  0.2400E+02
   0.764  0.0000E+00  0.2400E+02
   0.774  0.0000E+00  0.2400E+02
   0.784  0.0000E+00  0.2400E+02
   0.794  0.0000E+00  0.2400E+02
   0.804  0.0000E+00  0.2400E+02
   0.814  0.0000E+00  0.2400E+02
   0.824  0.0000E+00  0.2400E+02
   0.834  0.0000E+00  0.2400E+02
   0.844  0.0000E+00  0.2400E+02
   0.854  0.0000E+00  0.2400E+02
   0.864  0.0000E+00  0.2400E+02
   0.874  0.0000E+00  0.2400E+02
   0.884  0.0000E+00  0.2400E+02
   0.894  0.0000E+00  0.2400E+02
   0.904  0.0000E+00  0.2400E+02
   0.914  0.0000E+00  0.2400E+02
   0.924  0.0000E+00  0.2400E+02
   0.934  0.0000E+00  0.2400E+02
   0.944  0.0000E+00  0.2400E+02
   0.954  0.0000E+00  0.2400E+02
   0.964  0.0000E+00  0.2400E+02
   0.974  0.0000E+00  0.2400E+02
   0.984  0.0000E+00  0.2400E+02
   0.994  0.0000E+00  0.2400E+02
   1.004  0.0000E+00  0.2400E+02
   1.014  0.0000E+00  0.2400E+02
   1.024  0.0000E+00  0.2400E+02
   1.034  0.0000E+00  0.2400E+02
   1.044  0.0000E+00  0.2400E+02
   1.054  0.0000E+00  0.2400E+02
   1.064  0.0000E+00  0.2400E+02
   1.074  0.0000E+00  0.2400E+02
   1.084  0.0000E+00  0.2400E+02
   1.094  0.0000E+00  0.2400E+02
   1.104  0.0000E+00  0.2400E+02
   1.114  0.0000E+00  0.2400E+02
   1.124  0.0000E+00  0.2400E+02
   1.134  0.0000E+00  0.2400E+02
   1.144  0.0000E+00  0.2400E+02
   1.154  0.0000E+00  0.2400E+02
   1.164  0.0000E+00  0.2400E+02
   1.174  0.0000E+00  0.2400E+02
   1.184  0.0000E+00  0.2400E+02
   1.194  0.0000E+00  0.2400E+02
   1.204  0.0000E+00  0.2400E+02
   1.214  0.0000E+00  0.2400E+02
   1.224  0.0000E+00  0.2400E+02
   1.234  0.0000E+00  0.2400E+02
   1.244  0.0000E+00  0.2400E+02
   1.254  0.0000E+00  0.2400E+02
   1.264  0.0000E+00  0.2400E+02
   1.274  0.0000E+00  0.2400E+02
   1.284  0.0000E+00  0.2400E+02
   1.294  0.0000E+00  0.2400E+02
   1.304  0.0000E+00  0.2400E+02
   1.314  0.0000E+00  0.2400E+02
   1.324  0.0000E+00  0.2400E+02
   1.334  0.0000E+00  0.2400E+02
   1.344  0.0000E+00  0.2400E+02
   1.354  0.0000E+00  0.2400E+02
   1.364  0.0000E+00  0.2400E+02
   1.374  0.0000E+00  0.2400E+02
   1.384  0.0000E+00  0.2400E+02
   1.394  0.0000E+00  0.2400E+02
   1.404  0.0000E+00  0.2400E+02
   1.414  0.0000E+00  0.2400E+02
   1.424  0.0000E+00  0.2400E+02
   1.434  0.0000E+00  0.2400E+02
   1.444  0.0000E+00  0.2400E+02
   1.454  0.0000E+00  0.2400E+02
   1.464  0.0000E+00  0.2400E+02
   1.474  0.0000E+00  0.2400E+02
   1.484  0.0000E+00  0.2400E+02
   1.494  0.0000E+00  0.2400E+02
   1.504  0.0000E+00  0.2400E+02
   1.514  0.0000E+00  0.2400E+02
   1.524  0.0000E+00  0.2400E+02
   1.534  0.0000E+00  0.2400E+02
   1.544  0.0000E+00  0.2400E+02
   1.554  0.0000E+00  0.2400E+02
   1.564  0.0000E+00  0.2400E+02
   1.574  0.0000E+00  0.2400E+02
   1.584  0.0000E+00  0.2400E+02
   1.594  0.0000E+00  0.2400E+02
   1.604  0.0000E+00  0.2400E+02
   1.614  0.0000E+00  0.2400E+02
   1.624  0.0000E+00  0.2400E+02
   1.634  0.0000E+00  0.2400E+02
   1.644  0.0000E+00  0.2400E+02
   1.654  0.0000E+00  0.2400E+02
   1.664  0.0000E+00  0.2400E+02
   1.674  0.0000E+00  0.2400E+02
   1.684  0.0000E+00  0.2400E+02
   1.694  0.0000E+00  0.2400E+02
   1.704  0.0000E+00  0.2400E+02
   1.714  0.0000E+00  0.2400E+02
   1.724  0.0000E+00  0.2400E+02
   1.734  0.0000E+00  0.2400E+02
   1.744  0.0000E+00  0.2400E+02
   1.754  0.0000E+00  0.2400E+02
   1.764  0.0000E+00  0.2400E+02
   1.774  0.0000E+00  0.2400E+02
   1.784  0.0000E+00  0.2400E+02
   1.794  0.0000E+00  0.2400E+02
   1.804  0.0000E+00  0.2400E+02
   1.814  0.0000E+00  0.2400E+02
   1.824  0.0000E+00  0.2400E+02
   1.834  0.0000E+00  0.2400E+02
   1.844  0.0000E+00  0.2400E+02
   1.854  0.0000E+00  0.2400E+02
   1.864  0.0000E+00  0.2400E+02
   1.874  0.0000E+00  0.2400E+02
   1.884  0.0000E+00  0.2400E+02
   1.894  0.0000E+00  0.2400E+02
   1.904  0.0000E+00  0.2400E+02
   1.914  0.0000E+00  0.2400E+02
   1.924  0.0000E+00  0.2400E+02
   1.934  0.0000E+00  0.2400E+02
   1.944  0.0000E+00  0.2400E+02
   1.954  0.0000E+00  0.2400E+02
   1.964  0.0000E+00  0.2400E+02
   1.974  0.0000E+00  0.2400E+02
   1.984  0.0000E+00  0.2400E+02
   1.994  0.0000E+00  0.2400E+02
   2.004  0.0000E+00  0.2400E+02
   2.014  0.0000E+00  0.2400E+02
   2.024  0.0000E+00  0.2400E+02
   2.034  0.0000E+00  0.2400E+02
   2.044  0.0000E+00  0.2400E+02
   2.054  0.0000E+00  0.2400E+02
   2.064  0.0000E+00  0.2400E+02
   2.074  0.0000E+00  0.2400E+02
   2.084  0.0000E+00  0.2400E+02
   2.094  0.0000E+00  0.2400E+02
   2.104  0.0000E+00  0.2400E+02
   2.114  0.0000E+00  0.2400E+02
   2.124  0.0000E+00  0.2400E+02
   2.134  0.0000E+00  0.2400E+02
   2.144  0.0000E+00  0.2400E+02
   2.154  0.0000E+00  0.2400E+02
   2.164  0.0000E+00  0.2400E+02
   2.174  0.0000E+00  0.2400E+02
   2.184  0.0000E+00  0.2400E+02
   2.194  0.0000E+00  0.2400E+02
   2.204  0.0000E+00  0.2400E+02
   2.214  0.0000E+00  0.2400E+02
   2.224  0.0000E+00  0.2400E+02
   2.234  0.0000E+00  0.2400E+02
   2.244  0.0000E+00  0.2400E+02
   2.254  0.0000E+00  0.2400E+02
   2.264  0.0000E+00  0.2400E+02
   2.274  0.0000E+00  0.2400E+02
   2.284  0.0000E+00  0.2400E+02
   2.294  0.0000E+00  0.2400E+02
   2.304  0.0000E+00  0.2400E+02
   2.314  0.0000E+00  0.2400E+02
   2.324  0.0000E+00  0.2400E+02
   2.334  0.0000E+00  0.2400E+02
   2.344  0.0000E+00  0.2400E+02
   2.354  0.0000E+00  0.2400E+02
   2.364  0.0000E+00  0.2400E+02
   2.374  0.0000E+00  0.2400E+02
   2.384  0.0000E+00  0.2400E+02
   2.394  0.0000E+00  0.2400E+02
   2.404  0.0000E+00  0.2400E+02
   2.414  0.0000E+00  0.2400E+02
   2.424  0.0000E+00  0.2400E+02
   2.434  0.0000E+00  0.2400E+02
   2.444  0.0000E+00  0.2400E+02
   2.454  0.0000E+00  0.2400E+02
   2.464  0.0000E+00  0.2400E+02
   2.474  0.0000E+00  0.2400E+02
   2.484  0.0000E+00  0.2400E+02
   2.494  0.0000E+00  0.2400E+02
   2.504  0.0000E+00  0.2400E+02
   2.514  0.0000E+00  0.2400E+02
   2.524  0.0000E+00  0.2400E+02
   2.534  0.0000E+00  0.2400E+02
   2.544  0.0000E+00  0.2400E+02
   2.554  0.0000E+00  0.2400E+02
   2.564  0.0000E+00  0.2400E+02
   2.574  0.0000E+00  0.2400E+02
   2.584  0.0000E+00  0.2400E+02
   2.594  0.0000E+00  0.2400E+02
   2.604  0.0000E+00  0.2400E+02
   2.614  0.0000E+00  0.2400E+02
   2.624  0.0000E+00  0.2400E+02
   2.634  0.0000E+00  0.2400E+02
   2.644  0.0000E+00  0.2400E+02
   2.654  0.0000E+00  0.2400E+02
   2.664  0.0000E+00  0.2400E+02
   2.674  0.0000E+00  0.2400E+02
   2.684  0.0000E+00  0.2400E+02
   2.694  0.0000E+00  0.2400E+02
   2.704  0.0000E+00  0.2400E+02
   2.714  0.0000E+00  0.2400E+02
   2.724  0.0000E+00  0.2400E+02
   2.734  0.0000E+00  0.2400E+02
   2.744  0.0000E+00  0.2400E+02
   2.754  0.0000E+00  0.2400E+02
   2.764  0.0000E+00  0.2400E+02
   2.774  0.0000E+00  0.2400E+02
   2.784  0.0000E+00  0.2400E+02
   2.794  0.0000E+00  0.2400E+02
   2.804  0.0000E+00  0.2400E+02
   2.814  0.0000E+00  0.2400E+02
   2.824  0.0000E+00  0.2400E+02
   2.834  0.0000E+00  0.2400E+02
   2.844  0.0000E+00  0.2400E+02
   2.854  0.0000E+00  0.2400E+02
   2.864  0.0000E+00  0.2400E+02
   2.874  0.0000E+00  0.2400E+02
   2.884  0.0000E+00  0.2400E+02
   2.894  0.0000E+00  0.2400E+02
   2.904  0.0000E+00  0.2400E+02
   2.914  0.0000E+00  0.2400E+02
   2.924  0.0000E+00  0.2400E+02
   2.934  0.0000E+00  0.2400E+02
   2.944  0.0000E+00  0.2400E+02
   2.954  0.0000E+00  0.2400E+02
   2.964  0.0000E+00  0.2400E+02
   2.974  0.0000E+00  0.2400E+02
   2.984  0.0000E+00  0.2400E+02
   2.994  0.0000E+00  0.2400E+02
   3.004  0.0000E+00  0.2400E+02
   3.014  0.0000E+00  0.2400E+02
   3.024  0.0000E+00  0.2400E+02
   3.034  0.0000E+00  0.2400E+02
   3.044  0.2710E+01  0.2402E+02
   3.054  0.2684E+01  0.2405E+02
   3.064  0.2581E+01  0.2408E+02
   3.074  0.2515E+01  0.2410E+02
   3.084  0.2469E+01  0.2413E+02
   3.094  0.2467E+01  0.2415E+02
   3.104  0.2455E+01  0.2418E+02
   3.114  0.2439E+01  0.2420E+02
   3.124  0.2460E+01  0.2422E+02
   3.134  0.2450E+01  0.2425E+02
   3.144  0.2477E+01  0.2427E+02
   3.154  0.2479E+01  0.2430E+02
   3.164  0.2509E+01  0.2432E+02
   3.174  0.2529E+01  0.2435E+02
   3.184  0.2554E+01  0.2437E+02
   3.194  0.2605E+01  0.2440E+02
   3.204  0.2619E+01  0.2443E+02
   3.214  0.2672E+01  0.2445E+02
   3.224  0.2708E+01  0.2448E+02
   3.234  0.2762E+01  0.2451E+02
   3.244  0.2838E+01  0.2453E+02
   3.254  0.2883E+01  0.2456E+02
   3.264  0.2965E+01  0.2459E+02
   3.274  0.3071E+01  0.2462E+02
   3.284  0.3151E+01  0.2465E+02
   3.294  0.3279E+01  0.2469E+02
   3.304  0.3405E+01  0.2472E+02
   3.314  0.3568E+01  0.2475E+02
   3.324  0.3789E+01  0.2479E+02
   3.334  0.4056E+01  0.2483E+02
   3.344  0.4412E+01  0.2487E+02
   3.354  0.4985E+01  0.2492E+02
   3.364  0.6190E+01  0.2497E+02
   3.374  0.6025E+01  0.2504E+02
   3.384  0.5066E+01  0.2510E+02
   3.394  0.4651E+01  0.2515E+02
   3.404  0.4434E+01  0.2519E+02
   3.414  0.4316E+01  0.2524E+02
   3.424  0.4306E+01  0.2528E+02
   3.434  0.4432E+01  0.2532E+02
   3.444  0.4822E+01  0.2537E+02
   3.454  0.1017E+02  0.2545E+02
   3.464  0.1404E+01  0.2557E+02
   3.474  0.1349E+01  0.2558E+02
   3.484  0.1305E+01  0.2559E+02
   3.494  0.1264E+01  0.2561E+02
   3.504  0.1220E+01  0.2562E+02
   3.514  0.1189E+01  0.2563E+02
   3.524  0.1151E+01  0.2564E+02
   3.534  0.1124E+01  0.2565E+02
   3.544  0.1092E+01  0.2566E+02
   3.554  0.1066E+01  0.2568E+02
   3.564  0.1037E+01  0.2569E+02
   3.574  0.1015E+01  0.2570E+02
   3.584  0.9890E+00  0.2571E+02
   3.594  0.9687E+00  0.2572E+02
   3.604  0.9442E+00  0.2573E+02
   3.614  0.9267E+00  0.2573E+02
   3.624  0.9035E+00  0.2574E+02
   3.634  0.8876E+00  0.2575E+02
   3.644  0.8663E+00  0.2576E+02
   3.654  0.8518E+00  0.2577E+02
   3.664  0.8351E+00  0.2578E+02
   3.674  0.8179E+00  0.2579E+02
   3.684  0.8034E+00  0.2580E+02
   3.694  0.7872E+00  0.2580E+02
   3.704  0.7739E+00  0.2581E+02
   3.714  0.7565E+00  0.2582E+02
   3.724  0.7456E+00  0.2583E+02
   3.734  0.7331E+00  0.2583E+02
   3.744  0.7187E+00  0.2584E+02
   3.754  0.7071E+00  0.2585E+02
   3.764  0.6951E+00  0.2585E+02
   3.774  0.6835E+00  0.2586E+02
   3.784  0.6698E+00  0.2587E+02
   3.794  0.6615E+00  0.2588E+02
   3.804  0.6501E+00  0.2588E+02
   3.814  0.6379E+00  0.2589E+02
   3.824  0.6293E+00  0.2589E+02
   3.834  0.6184E+00  0.2590E+02
   3.844  0.6081E+00  0.2591E+02
   3.854  0.5989E+00  0.2591E+02
   3.864  0.5903E+00  0.2592E+02
   3.874  0.5792E+00  0.2592E+02
   3.884  0.5751E+00  0.2593E+02
   3.894  0.5625E+00  0.2594E+02
   3.904  0.5529E+00  0.2594E+02
   3.914  0.5475E+00  0.2595E+02
   3.924  0.5357E+00  0.2595E+02
   3.934  0.5337E+00  0.2596E+02
   3.944  0.5194E+00  0.2596E+02
   3.954  0.5201E+00  0.2597E+02
   3.964  0.5029E+00  0.2597E+02
   3.974  0.5019E+00  0.2598E+02
   3.984  0.4907E+00  0.2598E+02
   3.994  0.4841E+00  0.2599E+02
   4.004  0.4800E+00  0.2599E+02
   4.014  0.4401E+00  0.2600E+02
   4.024  0.0000E+00  0.2600E+02
   4.034  0.0000E+00  0.2600E+02
   4.044  0.0000E+00  0.2600E+02
   4.054  0.0000E+00  0.2600E+02
   4.064  0.0000E+00  0.2600E+02
   4.074  0.0000E+00  0.2600E+02
   4.084  0.0000E+00  0.2600E+02
   4.094  0.0000E+00  0.2600E+02
   4.104  0.0000E+00  0.2600E+02
   4.114  0.0000E+00  0.2600E+02
   4.124  0.0000E+00  0.2600E+02
   4.134  0.0000E+00  0.2600E+02
   4.144  0.0000E+00  0.2600E+02
   4.154  0.0000E+00  0.2600E+02
   4.164  0.0000E+00  0.2600E+02
   4.174  0.0000E+00  0.2600E+02
   4.184  0.0000E+00  0.2600E+02
   4.194  0.0000E+00  0.2600E+02
   4.204  0.0000E+00  0.2600E+02
   4.214  0.0000E+00  0.2600E+02
   4.224  0.0000E+00  0.2600E+02
   4.234  0.0000E+00  0.2600E+02
   4.244  0.0000E+00  0.2600E+02
   4.254  0.0000E+00  0.2600E+02
   4.264  0.0000E+00  0.2600E+02
   4.274  0.0000E+00  0.2600E+02
   4.284  0.0000E+00  0.2600E+02
   4.294  0.0000E+00  0.2600E+02
   4.304  0.0000E+00  0.2600E+02
   4.314  0.0000E+00  0.2600E+02
   4.324  0.0000E+00  0.2600E+02
   4.334  0.0000E+00  0.2600E+02
   4.344  0.0000E+00  0.2600E+02
   4.354  0.0000E+00  0.2600E+02
   4.364  0.0000E+00  0.2600E+02
   4.374  0.0000E+00  0.2600E+02
   4.384  0.0000E+00  0.2600E+02
   4.394  0.0000E+00  0.2600E+02
   4.404  0.0000E+00  0.2600E+02
   4.414  0.0000E+00  0.2600E+02
   4.424  0.0000E+00  0.2600E+02
   4.434  0.0000E+00  0.2600E+02
   4.444  0.0000E+00  0.2600E+02
   4.454  0.0000E+00  0.2600E+02
   4.464  0.0000E+00  0.2600E+02
   4.474  0.0000E+00  0.2600E+02
   4.484  0.0000E+00  0.2600E+02
   4.494  0.0000E+00  0.2600E+02
   4.504  0.0000E+00  0.2600E+02
   4.514  0.0000E+00  0.2600E+02
   4.524  0.0000E+00  0.2600E+02
   4.534  0.0000E+00  0.2600E+02
   4.544  0.0000E+00  0.2600E+02
   4.554  0.0000E+00  0.2600E+02
   4.564  0.0000E+00  0.2600E+02
   4.574  0.0000E+00  0.2600E+02
   4.584  0.0000E+00  0.2600E+02
   4.594  0.0000E+00  0.2600E+02
   4.604  0.0000E+00  0.2600E+02
   4.614  0.0000E+00  0.2600E+02
   4.624  0.0000E+00  0.2600E+02
   4.634  0.0000E+00  0.2600E+02
   4.644  0.0000E+00  0.2600E+02
   4.654  0.0000E+00  0.2600E+02
   4.664  0.0000E+00  0.2600E+02
   4.674  0.0000E+00  0.2600E+02
   4.684  0.0000E+00  0.2600E+02
   4.694  0.0000E+00  0.2600E+02
   4.704  0.0000E+00  0.2600E+02
   4.714  0.0000E+00  0.2600E+02
   4.724  0.0000E+00  0.2600E+02
   4.734  0.0000E+00  0.2600E+02
   4.744  0.0000E+00  0.2600E+02
   4.754  0.0000E+00  0.2600E+02
   4.764  0.0000E+00  0.2600E+02
   4.774  0.0000E+00  0.2600E+02
   4.784  0.0000E+00  0.2600E+02
   4.794  0.0000E+00  0.2600E+02
   4.804  0.0000E+00  0.2600E+02
   4.814  0.0000E+00  0.2600E+02
   4.824  0.0000E+00  0.2600E+02
   4.834  0.0000E+00  0.2600E+02
   4.844  0.0000E+00  0.2600E+02
   4.854  0.0000E+00  0.2600E+02
   4.864  0.0000E+00  0.2600E+02
   4.874  0.0000E+00  0.2600E+02
   4.884  0.0000E+00  0.2600E+02
   4.894  0.0000E+00  0.2600E+02
   4.904  0.0000E+00  0.2600E+02
   4.914  0.0000E+00  0.2600E+02
   4.924  0.0000E+00  0.2600E+02
   4.934  0.0000E+00  0.2600E+02
   4.944  0.0000E+00  0.2600E+02
   4.954  0.0000E+00  0.2600E+02
   4.964  0.0000E+00  0.2600E+02
   4.974  0.0000E+00  0.2600E+02
   4.984  0.0000E+00  0.2600E+02
   4.994  0.0000E+00  0.2600E+02
   5.004  0.0000E+00  0.2600E+02
   5.014  0.0000E+00  0.2600E+02
   5.024  0.0000E+00  0.2600E+02
   5.034  0.0000E+00  0.2600E+02
   5.044  0.0000E+00  0.2600E+02
   5.054  0.0000E+00  0.2600E+02
   5.064  0.0000E+00  0.2600E+02
   5.074  0.0000E+00  0.2600E+02
   5.084  0.0000E+00  0.2600E+02
   5.094  0.0000E+00  0.2600E+02
   5.104  0.0000E+00  0.2600E+02
   5.114  0.0000E+00  0.2600E+02
   5.124  0.0000E+00  0.2600E+02
   5.134  0.0000E+00  0.2600E+02
   5.144  0.0000E+00  0.2600E+02
   5.154  0.0000E+00  0.2600E+02
   5.164  0.0000E+00  0.2600E+02
   5.174  0.0000E+00  0.2600E+02
   5.184  0.0000E+00  0.2600E+02
   5.194  0.0000E+00  0.2600E+02
   5.204  0.0000E+00  0.2600E+02
   5.214  0.0000E+00  0.2600E+02
   5.224  0.0000E+00  0.2600E+02
   5.234  0.0000E+00  0.2600E+02
   5.244  0.0000E+00  0.2600E+02
   5.254  0.0000E+00  0.2600E+02
   5.264  0.0000E+00  0.2600E+02
   5.274  0.0000E+00  0.2600E+02
   5.284  0.0000E+00  0.2600E+02
   5.294  0.2844E+01  0.2600E+02
   5.304  0.2889E+01  0.2603E+02
   5.314  0.3151E+01  0.2606E+02
   5.324  0.3456E+01  0.2609E+02
   5.334  0.4062E+01  0.2613E+02
   5.344  0.5402E+01  0.2618E+02
   5.354  0.3585E+01  0.2622E+02
   5.364  0.3029E+01  0.2625E+02
   5.374  0.2754E+01  0.2628E+02
   5.384  0.2524E+01  0.2631E+02
   5.394  0.2337E+01  0.2633E+02
   5.404  0.2226E+01  0.2636E+02
   5.414  0.2132E+01  0.2638E+02
   5.424  0.2037E+01  0.2640E+02
   5.434  0.1961E+01  0.2642E+02
   5.444  0.1875E+01  0.2644E+02
   5.454  0.1784E+01  0.2646E+02
   5.464  0.1742E+01  0.2647E+02
   5.474  0.1725E+01  0.2649E+02
   5.484  0.1712E+01  0.2651E+02
   5.494  0.1693E+01  0.2653E+02
   5.504  0.1670E+01  0.2654E+02
   5.514  0.1651E+01  0.2656E+02
   5.524  0.1640E+01  0.2658E+02
   5.534  0.1633E+01  0.2659E+02
   5.544  0.1617E+01  0.2661E+02
   5.554  0.1609E+01  0.2662E+02
   5.564  0.1602E+01  0.2664E+02
   5.574  0.1591E+01  0.2666E+02
   5.584  0.1586E+01  0.2667E+02
   5.594  0.1579E+01  0.2669E+02
   5.604  0.1574E+01  0.2670E+02
   5.614  0.1574E+01  0.2672E+02
   5.624  0.1562E+01  0.2674E+02
   5.634  0.1564E+01  0.2675E+02
   5.644  0.1554E+01  0.2677E+02
   5.654  0.1555E+01  0.2678E+02
   5.664  0.1557E+01  0.2680E+02
   5.674  0.1549E+01  0.2681E+02
   5.684  0.1551E+01  0.2683E+02
   5.694  0.1546E+01  0.2684E+02
   5.704  0.1547E+01  0.2686E+02
   5.714  0.1548E+01  0.2688E+02
   5.724  0.1548E+01  0.2689E+02
   5.734  0.1547E+01  0.2691E+02
   5.744  0.1551E+01  0.2692E+02
   5.754  0.1554E+01  0.2694E+02
   5.764  0.1551E+01  0.2695E+02
   5.774  0.1848E+01  0.2697E+02
   5.784  0.1850E+01  0.2699E+02
   5.794  0.1857E+01  0.2701E+02
   5.804  0.1873E+01  0.2703E+02
   5.814  0.1888E+01  0.2704E+02
   5.824  0.1908E+01  0.2706E+02
   5.834  0.1925E+01  0.2708E+02
   5.844  0.1944E+01  0.2710E+02
   5.854  0.1972E+01  0.2712E+02
   5.864  0.1996E+01  0.2714E+02
   5.874  0.2028E+01  0.2716E+02
   5.884  0.2063E+01  0.2718E+02
   5.894  0.2105E+01  0.2720E+02
   5.904  0.2157E+01  0.2722E+02
   5.914  0.2213E+01  0.2725E+02
   5.924  0.2289E+01  0.2727E+02
   5.934  0.2378E+01  0.2729E+02
   5.944  0.2506E+01  0.2732E+02
   5.954  0.2684E+01  0.2734E+02
   5.964  0.2928E+01  0.2737E+02
   5.974  0.3371E+01  0.2740E+02
   5.984  0.4115E+01  0.2744E+02
   5.994  0.5109E+01  0.2748E+02
   6.004  0.5311E+01  0.2754E+02
   6.014  0.4976E+01  0.2759E+02
   6.024  0.4662E+01  0.2764E+02
   6.034  0.4400E+01  0.2768E+02
   6.044  0.4176E+01  0.2772E+02
   6.054  0.3982E+01  0.2776E+02
   6.064  0.3878E+01  0.2780E+02
   6.074  0.3832E+01  0.2784E+02
   6.084  0.3675E+01  0.2788E+02
   6.094  0.3640E+01  0.2792E+02
   6.104  0.3612E+01  0.2795E+02
   6.114  0.3589E+01  0.2799E+02
   6.124  0.3534E+01  0.2802E+02
   6.134  0.3531E+01  0.2806E+02
   6.144  0.3524E+01  0.2809E+02
   6.154  0.3543E+01  0.2813E+02
   6.164  0.3529E+01  0.2817E+02
   6.174  0.3549E+01  0.2820E+02
   6.184  0.3576E+01  0.2824E+02
   6.194  0.3611E+01  0.2827E+02
   6.204  0.3651E+01  0.2831E+02
   6.214  0.3691E+01  0.2835E+02
   6.224  0.3740E+01  0.2838E+02
   6.234  0.3829E+01  0.2842E+02
   6.244  0.3901E+01  0.2846E+02
   6.254  0.4040E+01  0.2850E+02
   6.264  0.4199E+01  0.2854E+02
   6.274  0.4476E+01  0.2858E+02
   6.284  0.5090E+01  0.2863E+02
   6.294  0.4627E+01  0.2869E+02
   6.304  0.4401E+01  0.2873E+02
   6.314  0.4407E+01  0.2878E+02
   6.324  0.4576E+01  0.2882E+02
   6.334  0.6112E+01  0.2887E+02
   6.344  0.4571E+01  0.2892E+02
   6.354  0.4280E+01  0.2897E+02
   6.364  0.4142E+01  0.2901E+02
   6.374  0.4001E+01  0.2905E+02
   6.384  0.3938E+01  0.2909E+02
   6.394  0.3911E+01  0.2913E+02
   6.404  0.3859E+01  0.2917E+02
   6.414  0.3839E+01  0.2920E+02
   6.424  0.3850E+01  0.2924E+02
   6.434  0.3883E+01  0.2928E+02
   6.444  0.3946E+01  0.2932E+02
   6.454  0.4021E+01  0.2936E+02
   6.464  0.4091E+01  0.2940E+02
   6.474  0.4338E+01  0.2944E+02
   6.484  0.4698E+01  0.2949E+02
   6.494  0.4998E+01  0.2954E+02
   6.504  0.3328E+01  0.2959E+02
   6.514  0.3418E+01  0.2963E+02
   6.524  0.3720E+01  0.2966E+02
   6.534  0.4338E+01  0.2970E+02
   6.544  0.1040E+02  0.2985E+02
   6.554  0.6882E+01  0.2993E+02
   6.564  0.5695E+01  0.2999E+02
   6.574  0.4979E+01  0.3005E+02
   6.584  0.4482E+01  0.3009E+02
   6.594  0.4094E+01  0.3014E+02
   6.604  0.3867E+01  0.3017E+02
   6.614  0.5788E+01  0.3023E+02
   6.624  0.3553E+01  0.3027E+02
   6.634  0.3068E+01  0.3031E+02
   6.644  0.2837E+01  0.3034E+02
   6.654  0.2810E+01  0.3036E+02
   6.664  0.2790E+01  0.3039E+02
   6.674  0.2777E+01  0.3042E+02
   6.684  0.2764E+01  0.3045E+02
   6.694  0.2772E+01  0.3047E+02
   6.704  0.2791E+01  0.3050E+02
   6.714  0.2796E+01  0.3053E+02
   6.724  0.2816E+01  0.3056E+02
   6.734  0.2857E+01  0.3059E+02
   6.744  0.2883E+01  0.3062E+02
   6.754  0.2920E+01  0.3064E+02
   6.764  0.2962E+01  0.3067E+02
   6.774  0.3032E+01  0.3070E+02
   6.784  0.3109E+01  0.3073E+02
   6.794  0.3165E+01  0.3077E+02
   6.804  0.3270E+01  0.3080E+02
   6.814  0.3412E+01  0.3083E+02
   6.824  0.3543E+01  0.3087E+02
   6.834  0.3746E+01  0.3090E+02
   6.844  0.4045E+01  0.3094E+02
   6.854  0.2039E+01  0.3097E+02
   6.864  0.2085E+01  0.3099E+02
   6.874  0.2164E+01  0.3101E+02
   6.884  0.2225E+01  0.3104E+02
   6.894  0.2332E+01  0.3106E+02
   6.904  0.2468E+01  0.3108E+02
   6.914  0.2624E+01  0.3111E+02
   6.924  0.2904E+01  0.3113E+02
   6.934  0.3170E+01  0.3117E+02
   6.944  0.3272E+01  0.3120E+02
   6.954  0.3260E+01  0.3123E+02
   6.964  0.3289E+01  0.3126E+02
   6.974  0.3267E+01  0.3130E+02
   6.984  0.3266E+01  0.3133E+02
   6.994  0.3259E+01  0.3136E+02
   7.004  0.3276E+01  0.3139E+02
   7.014  0.3273E+01  0.3143E+02
   7.024  0.3295E+01  0.3146E+02
   7.034  0.3313E+01  0.3149E+02
   7.044  0.3330E+01  0.3153E+02
   7.054  0.3673E+01  0.3156E+02
   7.064  0.3736E+01  0.3160E+02
   7.074  0.3783E+01  0.3164E+02
   7.084  0.3834E+01  0.3167E+02
   7.094  0.3882E+01  0.3171E+02
   7.104  0.3939E+01  0.3175E+02
   7.114  0.4008E+01  0.3179E+02
   7.124  0.4076E+01  0.3183E+02
   7.134  0.4156E+01  0.3187E+02
   7.144  0.4270E+01  0.3192E+02
   7.154  0.4373E+01  0.3196E+02
   7.164  0.4548E+01  0.3200E+02
   7.174  0.4766E+01  0.3205E+02
   7.184  0.5073E+01  0.3210E+02
   7.194  0.6675E+01  0.3215E+02
   7.204  0.5229E+01  0.3221E+02
   7.214  0.4965E+01  0.3226E+02
   7.224  0.4879E+01  0.3231E+02
   7.234  0.4897E+01  0.3236E+02
   7.244  0.4984E+01  0.3241E+02
   7.254  0.5112E+01  0.3246E+02
   7.264  0.5439E+01  0.3251E+02
   7.274  0.6069E+01  0.3257E+02
   7.284  0.9266E+01  0.3264E+02
   7.294  0.7202E+01  0.3273E+02
   7.304  0.4495E+01  0.3278E+02
   7.314  0.4210E+01  0.3283E+02
   7.324  0.3975E+01  0.3287E+02
   7.334  0.3780E+01  0.3291E+02
   7.344  0.3625E+01  0.3294E+02
   7.354  0.3509E+01  0.3298E+02
   7.364  0.3376E+01  0.3301E+02
   7.374  0.3273E+01  0.3305E+02
   7.384  0.1342E+01  0.3307E+02
   7.394  0.1339E+01  0.3309E+02
   7.404  0.1336E+01  0.3310E+02
   7.414  0.1332E+01  0.3311E+02
   7.424  0.1327E+01  0.3313E+02
   7.434  0.1330E+01  0.3314E+02
   7.444  0.1329E+01  0.3315E+02
   7.454  0.1327E+01  0.3317E+02
   7.464  0.1327E+01  0.3318E+02
   7.474  0.1335E+01  0.3319E+02
   7.484  0.1336E+01  0.3321E+02
   7.494  0.2460E+01  0.3323E+02
   7.504  0.2585E+01  0.3325E+02
   7.514  0.2770E+01  0.3328E+02
   7.524  0.2942E+01  0.3331E+02
   7.534  0.3216E+01  0.3334E+02
   7.544  0.3615E+01  0.3337E+02
   7.554  0.4779E+01  0.3341E+02
   7.564  0.4105E+01  0.3346E+02
   7.574  0.3705E+01  0.3350E+02
   7.584  0.3596E+01  0.3354E+02
   7.594  0.2657E+01  0.3357E+02
   7.604  0.2650E+01  0.3359E+02
   7.614  0.2674E+01  0.3362E+02
   7.624  0.2735E+01  0.3365E+02
   7.634  0.2770E+01  0.3368E+02
   7.644  0.2843E+01  0.3370E+02
   7.654  0.2946E+01  0.3373E+02
   7.664  0.2992E+01  0.3376E+02
   7.674  0.3178E+01  0.3379E+02
   7.684  0.3304E+01  0.3383E+02
   7.694  0.3528E+01  0.3386E+02
   7.704  0.3783E+01  0.3390E+02
   7.714  0.4133E+01  0.3394E+02
   7.724  0.4808E+01  0.3398E+02
   7.734  0.6437E+01  0.3404E+02
   7.744  0.6825E+01  0.3412E+02
   7.754  0.2559E+01  0.3417E+02
   7.764  0.2306E+01  0.3420E+02
   7.774  0.2116E+01  0.3422E+02
   7.784  0.2017E+01  0.3424E+02
   7.794  0.1895E+01  0.3426E+02
   7.804  0.1836E+01  0.3428E+02
   7.814  0.1757E+01  0.3430E+02
   7.824  0.1711E+01  0.3431E+02
   7.834  0.1659E+01  0.3433E+02
   7.844  0.1614E+01  0.3435E+02
   7.854  0.1582E+01  0.3436E+02
   7.864  0.1537E+01  0.3438E+02
   7.874  0.1507E+01  0.3439E+02
   7.884  0.1481E+01  0.3441E+02
   7.894  0.1452E+01  0.3442E+02
   7.904  0.1427E+01  0.3444E+02
   7.914  0.1406E+01  0.3445E+02
   7.924  0.1383E+01  0.3447E+02
   7.934  0.1361E+01  0.3448E+02
   7.944  0.1343E+01  0.3449E+02
   7.954  0.1326E+01  0.3451E+02
   7.964  0.1307E+01  0.3452E+02
   7.974  0.1294E+01  0.3453E+02
   7.984  0.1279E+01  0.3455E+02
   7.994  0.1264E+01  0.3456E+02
   8.004  0.1250E+01  0.3457E+02
   8.014  0.1237E+01  0.3458E+02
   8.024  0.1224E+01  0.3460E+02
   8.034  0.1212E+01  0.3461E+02
   8.044  0.1202E+01  0.3462E+02
   8.054  0.1193E+01  0.3463E+02
   8.064  0.1182E+01  0.3464E+02
   8.074  0.1170E+01  0.3466E+02
   8.084  0.1162E+01  0.3467E+02
   8.094  0.1154E+01  0.3468E+02
   8.104  0.1142E+01  0.3469E+02
   8.114  0.1134E+01  0.3470E+02
   8.124  0.1131E+01  0.3471E+02
   8.134  0.1119E+01  0.3472E+02
   8.144  0.1113E+01  0.3474E+02
   8.154  0.1106E+01  0.3475E+02
   8.164  0.1093E+01  0.3476E+02
   8.174  0.1098E+01  0.3477E+02
   8.184  0.1080E+01  0.3478E+02
   8.194  0.1088E+01  0.3479E+02
   8.204  0.1077E+01  0.3480E+02
   8.214  0.1081E+01  0.3481E+02
   8.224  0.6730E+00  0.3482E+02
   8.234  0.6719E+00  0.3483E+02
   8.244  0.6717E+00  0.3484E+02
   8.254  0.6723E+00  0.3484E+02
   8.264  0.6734E+00  0.3485E+02
   8.274  0.6748E+00  0.3486E+02
   8.284  0.6751E+00  0.3486E+02
   8.294  0.6763E+00  0.3487E+02
   8.304  0.6778E+00  0.3488E+02
   8.314  0.6795E+00  0.3488E+02
   8.324  0.6788E+00  0.3489E+02
   8.334  0.6783E+00  0.3490E+02
   8.344  0.6790E+00  0.3490E+02
   8.354  0.6800E+00  0.3491E+02
   8.364  0.6813E+00  0.3492E+02
   8.374  0.6828E+00  0.3492E+02
   8.384  0.6836E+00  0.3493E+02
   8.394  0.6850E+00  0.3494E+02
   8.404  0.6866E+00  0.3494E+02
   8.414  0.6855E+00  0.3495E+02
   8.424  0.6861E+00  0.3496E+02
   8.434  0.6866E+00  0.3496E+02
   8.444  0.6875E+00  0.3497E+02
   8.454  0.6887E+00  0.3498E+02
   8.464  0.6901E+00  0.3498E+02
   8.474  0.6917E+00  0.3499E+02
   8.484  0.6934E+00  0.3500E+02
   8.494  0.6946E+00  0.3501E+02
   8.504  0.6938E+00  0.3501E+02
   8.514  0.6942E+00  0.3502E+02
   8.524  0.6952E+00  0.3503E+02
   8.534  0.6963E+00  0.3503E+02
   8.544  0.6974E+00  0.3504E+02
   8.554  0.6987E+00  0.3505E+02
   8.564  0.7003E+00  0.3505E+02
   8.574  0.7019E+00  0.3506E+02
   8.584  0.7037E+00  0.3507E+02
   8.594  0.7043E+00  0.3508E+02
   8.604  0.7040E+00  0.3508E+02
   8.614  0.7125E+00  0.3509E+02
   8.624  0.8530E+00  0.3510E+02
   8.634  0.8481E+00  0.3511E+02
   8.644  0.8434E+00  0.3511E+02
   8.654  0.8520E+00  0.3512E+02
   8.664  0.8509E+00  0.3513E+02
   8.674  0.8590E+00  0.3514E+02
   8.684  0.8568E+00  0.3515E+02
   8.694  0.8604E+00  0.3516E+02
   8.704  0.8607E+00  0.3517E+02
   8.714  0.8629E+00  0.3517E+02
   8.724  0.8673E+00  0.3518E+02
   8.734  0.8687E+00  0.3519E+02
   8.744  0.8714E+00  0.3520E+02
   8.754  0.8756E+00  0.3521E+02
   8.764  0.8790E+00  0.3522E+02
   8.774  0.8810E+00  0.3523E+02
   8.784  0.8850E+00  0.3524E+02
   8.794  0.8877E+00  0.3524E+02
   8.804  0.8887E+00  0.3525E+02
   8.814  0.8910E+00  0.3526E+02
   8.824  0.8943E+00  0.3527E+02
   8.834  0.8980E+00  0.3528E+02
   8.844  0.9006E+00  0.3529E+02
   8.854  0.9038E+00  0.3530E+02
   8.864  0.9076E+00  0.3531E+02
   8.874  0.9117E+00  0.3532E+02
   8.884  0.9151E+00  0.3533E+02
   8.894  0.9184E+00  0.3533E+02
   8.904  0.9198E+00  0.3534E+02
   8.914  0.9227E+00  0.3535E+02
   8.924  0.9262E+00  0.3536E+02
   8.934  0.9289E+00  0.3537E+02
   8.944  0.9325E+00  0.3538E+02
   8.954  0.9364E+00  0.3539E+02
   8.964  0.9407E+00  0.3540E+02
   8.974  0.9447E+00  0.3541E+02
   8.984  0.9486E+00  0.3542E+02
   8.994  0.9528E+00  0.3543E+02
   9.004  0.9551E+00  0.3544E+02
   9.014  0.9577E+00  0.3545E+02
   9.024  0.9611E+00  0.3546E+02
   9.034  0.9648E+00  0.3547E+02
   9.044  0.9688E+00  0.3548E+02
   9.054  0.9731E+00  0.3549E+02
   9.064  0.9775E+00  0.3550E+02
   9.074  0.9818E+00  0.3551E+02
   9.084  0.9867E+00  0.3552E+02
   9.094  0.9915E+00  0.3553E+02
   9.104  0.9963E+00  0.3554E+02
   9.114  0.9980E+00  0.3555E+02
   9.124  0.1001E+01  0.3556E+02
   9.134  0.1005E+01  0.3557E+02
   9.144  0.1010E+01  0.3558E+02
   9.154  0.1015E+01  0.3559E+02
   9.164  0.1020E+01  0.3560E+02
   9.174  0.1025E+01  0.3561E+02
   9.184  0.1030E+01  0.3562E+02
   9.194  0.1035E+01  0.3563E+02
   9.204  0.1041E+01  0.3564E+02
   9.214  0.1046E+01  0.3565E+02
   9.224  0.1047E+01  0.3566E+02
   9.234  0.1052E+01  0.3567E+02
   9.244  0.1057E+01  0.3568E+02
   9.254  0.1062E+01  0.3569E+02
   9.264  0.1068E+01  0.3570E+02
   9.274  0.1074E+01  0.3571E+02
   9.284  0.1080E+01  0.3572E+02
   9.294  0.1086E+01  0.3573E+02
   9.304  0.1092E+01  0.3574E+02
   9.314  0.1098E+01  0.3575E+02
   9.324  0.1102E+01  0.3577E+02
   9.334  0.1106E+01  0.3578E+02
   9.344  0.1112E+01  0.3579E+02
   9.354  0.1119E+01  0.3580E+02
   9.364  0.1125E+01  0.3581E+02
   9.374  0.1132E+01  0.3582E+02
   9.384  0.1138E+01  0.3583E+02
   9.394  0.1146E+01  0.3584E+02
   9.404  0.1153E+01  0.3586E+02
   9.414  0.1159E+01  0.3587E+02
   9.424  0.1165E+01  0.3588E+02
   9.434  0.1172E+01  0.3589E+02
   9.444  0.1177E+01  0.3590E+02
   9.454  0.1185E+01  0.3591E+02
   9.464  0.1193E+01  0.3593E+02
   9.474  0.1201E+01  0.3594E+02
   9.484  0.1208E+01  0.3595E+02
   9.494  0.1216E+01  0.3596E+02
   9.504  0.1224E+01  0.3597E+02
   9.514  0.1233E+01  0.3599E+02
   9.524  0.1242E+01  0.3600E+02
   9.534  0.1250E+01  0.3601E+02
   9.544  0.1259E+01  0.3602E+02
   9.554  0.1267E+01  0.3604E+02
   9.564  0.1275E+01  0.3605E+02
   9.574  0.1286E+01  0.3606E+02
   9.584  0.1297E+01  0.3607E+02
   9.594  0.1307E+01  0.3609E+02
   9.604  0.1317E+01  0.3610E+02
   9.614  0.1327E+01  0.3611E+02
   9.624  0.1337E+01  0.3613E+02
   9.634  0.1349E+01  0.3614E+02
   9.644  0.1362E+01  0.3615E+02
   9.654  0.1375E+01  0.3617E+02
   9.664  0.1387E+01  0.3618E+02
   9.674  0.1399E+01  0.3620E+02
   9.684  0.1413E+01  0.3621E+02
   9.694  0.1426E+01  0.3622E+02
   9.704  0.1445E+01  0.3624E+02
   9.714  0.1463E+01  0.3625E+02
   9.724  0.1480E+01  0.3627E+02
   9.734  0.1497E+01  0.3628E+02
   9.744  0.1515E+01  0.3630E+02
   9.754  0.1547E+01  0.3631E+02
   9.764  0.1578E+01  0.3633E+02
   9.774  0.1609E+01  0.3634E+02
   9.784  0.1688E+01  0.3636E+02
   9.794  0.1870E+01  0.3638E+02
   9.804  0.1680E+01  0.3640E+02
   9.814  0.1636E+01  0.3641E+02
   9.824  0.1632E+01  0.3643E+02
   9.834  0.1615E+01  0.3644E+02
   9.844  0.1619E+01  0.3646E+02
   9.854  0.1623E+01  0.3648E+02
   9.864  0.1619E+01  0.3649E+02
   9.874  0.1628E+01  0.3651E+02
   9.884  0.1635E+01  0.3653E+02
   9.894  0.1639E+01  0.3654E+02
   9.904  0.1640E+01  0.3656E+02
   9.914  0.1654E+01  0.3657E+02
   9.924  0.1663E+01  0.3659E+02
   9.934  0.1670E+01  0.3661E+02
   9.944  0.1674E+01  0.3662E+02
   9.954  0.1685E+01  0.3664E+02
   9.964  0.1696E+01  0.3666E+02
   9.974  0.1706E+01  0.3668E+02
   9.984  0.1714E+01  0.3669E+02
   9.994  0.1722E+01  0.3671E+02
  10.004  0.1733E+01  0.3673E+02
  10.014  0.1743E+01  0.3674E+02
  10.024  0.1754E+01  0.3676E+02
  10.034  0.1764E+01  0.3678E+02
  10.044  0.1772E+01  0.3680E+02
  10.054  0.1783E+01  0.3681E+02
  10.064  0.1793E+01  0.3683E+02
  10.074  0.1804E+01  0.3685E+02
  10.084  0.1815E+01  0.3687E+02
  10.094  0.1825E+01  0.3689E+02
  10.104  0.1836E+01  0.3691E+02
  10.114  0.1848E+01  0.3692E+02
  10.124  0.1861E+01  0.3694E+02
  10.134  0.1874E+01  0.3696E+02
  10.144  0.1888E+01  0.3698E+02
  10.154  0.1902E+01  0.3700E+02
  10.164  0.1916E+01  0.3702E+02
  10.174  0.1933E+01  0.3704E+02
  10.184  0.1951E+01  0.3706E+02
  10.194  0.1968E+01  0.3708E+02
  10.204  0.1992E+01  0.3710E+02
  10.214  0.2015E+01  0.3712E+02
  10.224  0.2044E+01  0.3714E+02
  10.234  0.2077E+01  0.3716E+02
  10.244  0.2110E+01  0.3718E+02
  10.254  0.2168E+01  0.3720E+02
  10.264  0.2227E+01  0.3722E+02
  10.274  0.2323E+01  0.3724E+02
  10.284  0.2505E+01  0.3727E+02
  10.294  0.3237E+01  0.3730E+02
  10.304  0.2483E+01  0.3732E+02
  10.314  0.2321E+01  0.3735E+02
  10.324  0.2215E+01  0.3737E+02
  10.334  0.2164E+01  0.3739E+02
  10.344  0.2106E+01  0.3741E+02
  10.354  0.2071E+01  0.3743E+02
  10.364  0.2030E+01  0.3745E+02
  10.374  0.2006E+01  0.3747E+02
  10.384  0.1969E+01  0.3749E+02
  10.394  0.1953E+01  0.3751E+02
  10.404  0.1935E+01  0.3753E+02
  10.414  0.1908E+01  0.3755E+02
  10.424  0.1898E+01  0.3757E+02
  10.434  0.1886E+01  0.3759E+02
  10.444  0.1872E+01  0.3761E+02
  10.454  0.1858E+01  0.3763E+02
  10.464  0.1857E+01  0.3765E+02
  10.474  0.1847E+01  0.3766E+02
  10.484  0.1836E+01  0.3768E+02
  10.494  0.1824E+01  0.3770E+02
  10.504  0.1820E+01  0.3772E+02
  10.514  0.1815E+01  0.3774E+02
  10.524  0.1811E+01  0.3776E+02
  10.534  0.1806E+01  0.3777E+02
  10.544  0.1802E+01  0.3779E+02
  10.554  0.1804E+01  0.3781E+02
  10.564  0.1810E+01  0.3783E+02
  10.574  0.1808E+01  0.3785E+02
  10.584  0.1805E+01  0.3786E+02
  10.594  0.1803E+01  0.3788E+02
  10.604  0.1804E+01  0.3790E+02
  10.614  0.1808E+01  0.3792E+02
  10.624  0.1816E+01  0.3794E+02
  10.634  0.1823E+01  0.3795E+02
  10.644  0.1839E+01  0.3797E+02
  10.654  0.1843E+01  0.3799E+02
  10.664  0.1847E+01  0.3801E+02
  10.674  0.1859E+01  0.3803E+02
  10.684  0.1871E+01  0.3805E+02
  10.694  0.1886E+01  0.3807E+02
  10.704  0.1915E+01  0.3808E+02
  10.714  0.1941E+01  0.3810E+02
  10.724  0.1965E+01  0.3812E+02
  10.734  0.1984E+01  0.3814E+02
  10.744  0.2031E+01  0.3816E+02
  10.754  0.2097E+01  0.3818E+02
  10.764  0.2147E+01  0.3821E+02
  10.774  0.2240E+01  0.3823E+02
  10.784  0.2404E+01  0.3825E+02
  10.794  0.2623E+01  0.3827E+02
  10.804  0.2966E+01  0.3830E+02
  10.814  0.7629E+01  0.3834E+02
  10.824  0.4518E+01  0.3840E+02
  10.834  0.1158E+01  0.3843E+02
  10.844  0.1151E+01  0.3844E+02
  10.854  0.1142E+01  0.3846E+02
  10.864  0.1140E+01  0.3847E+02
  10.874  0.1137E+01  0.3848E+02
  10.884  0.1134E+01  0.3849E+02
  10.894  0.1129E+01  0.3850E+02
  10.904  0.1116E+01  0.3851E+02
  10.914  0.1117E+01  0.3852E+02
  10.924  0.1119E+01  0.3853E+02
  10.934  0.1119E+01  0.3855E+02
  10.944  0.1117E+01  0.3856E+02
  10.954  0.1111E+01  0.3857E+02
  10.964  0.1098E+01  0.3858E+02
  10.974  0.1102E+01  0.3859E+02
  10.984  0.1106E+01  0.3860E+02
  10.994  0.1109E+01  0.3861E+02
  11.004  0.1331E+01  0.3863E+02
  11.014  0.1339E+01  0.3864E+02
  11.024  0.1338E+01  0.3865E+02
  11.034  0.1333E+01  0.3867E+02
  11.044  0.1334E+01  0.3868E+02
  11.054  0.1337E+01  0.3869E+02
  11.064  0.1346E+01  0.3871E+02
  11.074  0.1349E+01  0.3872E+02
  11.084  0.1359E+01  0.3873E+02
  11.094  0.1363E+01  0.3875E+02
  11.104  0.1369E+01  0.3876E+02
  11.114  0.1381E+01  0.3877E+02
  11.124  0.1371E+01  0.3879E+02
  11.134  0.1378E+01  0.3880E+02
  11.144  0.1388E+01  0.3882E+02
  11.154  0.1396E+01  0.3883E+02
  11.164  0.1405E+01  0.3884E+02
  11.174  0.1414E+01  0.3886E+02
  11.184  0.1423E+01  0.3887E+02
  11.194  0.1432E+01  0.3889E+02
  11.204  0.1440E+01  0.3890E+02
  11.214  0.1449E+01  0.3891E+02
  11.224  0.1453E+01  0.3893E+02
  11.234  0.1458E+01  0.3894E+02
  11.244  0.1471E+01  0.3896E+02
  11.254  0.1477E+01  0.3897E+02
  11.264  0.1483E+01  0.3899E+02
  11.274  0.1494E+01  0.3900E+02
  11.284  0.1502E+01  0.3902E+02
  11.294  0.1505E+01  0.3903E+02
  11.304  0.1513E+01  0.3905E+02
  11.314  0.1518E+01  0.3906E+02
  11.324  0.1524E+01  0.3908E+02
  11.334  0.1525E+01  0.3909E+02
  11.344  0.1529E+01  0.3911E+02
  11.354  0.1533E+01  0.3912E+02
  11.364  0.1538E+01  0.3914E+02
  11.374  0.1542E+01  0.3915E+02
  11.384  0.1546E+01  0.3917E+02
  11.394  0.1549E+01  0.3919E+02
  11.404  0.1553E+01  0.3920E+02
  11.414  0.1559E+01  0.3922E+02
  11.424  0.1563E+01  0.3923E+02
  11.434  0.1569E+01  0.3925E+02
  11.444  0.1577E+01  0.3926E+02
  11.454  0.1587E+01  0.3928E+02
  11.464  0.1599E+01  0.3930E+02
  11.474  0.1619E+01  0.3931E+02
  11.484  0.1652E+01  0.3933E+02
  11.494  0.1715E+01  0.3934E+02
  11.504  0.1795E+01  0.3936E+02
  11.514  0.1647E+01  0.3938E+02
  11.524  0.1566E+01  0.3940E+02
  11.534  0.1527E+01  0.3941E+02
  11.544  0.1466E+01  0.3943E+02
  11.554  0.1432E+01  0.3944E+02
  11.564  0.1428E+01  0.3946E+02
  11.574  0.1391E+01  0.3947E+02
  11.584  0.1379E+01  0.3948E+02
  11.594  0.1360E+01  0.3950E+02
  11.604  0.1343E+01  0.3951E+02
  11.614  0.1327E+01  0.3952E+02
  11.624  0.1320E+01  0.3954E+02
  11.634  0.1303E+01  0.3955E+02
  11.644  0.1296E+01  0.3956E+02
  11.654  0.1280E+01  0.3958E+02
  11.664  0.1279E+01  0.3959E+02
  11.674  0.1274E+01  0.3960E+02
  11.684  0.1265E+01  0.3961E+02
  11.694  0.1262E+01  0.3963E+02
  11.704  0.1254E+01  0.3964E+02
  11.714  0.1256E+01  0.3965E+02
  11.724  0.1257E+01  0.3966E+02
  11.734  0.1249E+01  0.3968E+02
  11.744  0.1255E+01  0.3969E+02
  11.754  0.1263E+01  0.3970E+02
  11.764  0.1843E+01  0.3972E+02
  11.774  0.1736E+01  0.3973E+02
  11.784  0.1807E+01  0.3975E+02
  11.794  0.1833E+01  0.3977E+02
  11.804  0.1831E+01  0.3979E+02
  11.814  0.1843E+01  0.3981E+02
  11.824  0.1915E+01  0.3982E+02
  11.834  0.1926E+01  0.3984E+02
  11.844  0.1970E+01  0.3986E+02
  11.854  0.2059E+01  0.3988E+02
  11.864  0.3509E+01  0.3992E+02
  11.874  0.3716E+01  0.3995E+02
  11.884  0.4003E+01  0.3999E+02
  11.894  0.4342E+01  0.4003E+02
  11.904  0.5643E+01  0.4008E+02
  11.914  0.9820E+01  0.4018E+02
  11.924  0.6679E+01  0.4025E+02
  11.934  0.5273E+01  0.4032E+02
  11.944  0.4971E+01  0.4037E+02
  11.954  0.4103E+01  0.4041E+02
  11.964  0.3451E+01  0.4045E+02
  11.974  0.3377E+01  0.4048E+02
  11.984  0.3362E+01  0.4052E+02
  11.994  0.3581E+01  0.4055E+02
  12.004  0.3902E+01  0.4059E+02
  12.014  0.4632E+01  0.4063E+02
  12.024  0.4261E+01  0.4068E+02
  12.034  0.3916E+01  0.4072E+02
  12.044  0.3905E+01  0.4076E+02
  12.054  0.3853E+01  0.4080E+02
  12.064  0.3390E+01  0.4084E+02
  12.074  0.3153E+01  0.4087E+02
  12.084  0.2971E+01  0.4090E+02
  12.094  0.2857E+01  0.4093E+02
  12.104  0.2728E+01  0.4096E+02
  12.114  0.2655E+01  0.4098E+02
  12.124  0.2545E+01  0.4101E+02
  12.134  0.2491E+01  0.4103E+02
  12.144  0.2402E+01  0.4106E+02
  12.154  0.2340E+01  0.4108E+02
  12.164  0.2288E+01  0.4111E+02
  12.174  0.2234E+01  0.4113E+02
  12.184  0.2194E+01  0.4115E+02
  12.194  0.2133E+01  0.4117E+02
  12.204  0.2097E+01  0.4119E+02
  12.214  0.2037E+01  0.4121E+02
  12.224  0.2004E+01  0.4123E+02
  12.234  0.1957E+01  0.4125E+02
  12.244  0.1917E+01  0.4127E+02
  12.254  0.1883E+01  0.4129E+02
  12.264  0.1851E+01  0.4131E+02
  12.274  0.1819E+01  0.4133E+02
  12.284  0.1821E+01  0.4135E+02
  12.294  0.1738E+01  0.4137E+02
  12.304  0.1708E+01  0.4138E+02
  12.314  0.1678E+01  0.4140E+02
  12.324  0.1645E+01  0.4142E+02
  12.334  0.1619E+01  0.4143E+02
  12.344  0.1598E+01  0.4145E+02
  12.354  0.1586E+01  0.4146E+02
  12.364  0.1587E+01  0.4148E+02
  12.374  0.1546E+01  0.4150E+02
  12.384  0.1533E+01  0.4151E+02
  12.394  0.1521E+01  0.4153E+02
  12.404  0.1522E+01  0.4154E+02
  12.414  0.1513E+01  0.4156E+02
  12.424  0.1504E+01  0.4157E+02
  12.434  0.1505E+01  0.4159E+02
  12.444  0.2282E+01  0.4161E+02
  12.454  0.2359E+01  0.4163E+02
  12.464  0.2392E+01  0.4165E+02
  12.474  0.2468E+01  0.4168E+02
  12.484  0.2547E+01  0.4170E+02
  12.494  0.2684E+01  0.4173E+02
  12.504  0.2845E+01  0.4176E+02
  12.514  0.2598E+01  0.4178E+02
  12.524  0.2487E+01  0.4181E+02
  12.534  0.2465E+01  0.4183E+02
  12.544  0.2443E+01  0.4186E+02
  12.554  0.2524E+01  0.4188E+02
  12.564  0.2563E+01  0.4191E+02
  12.574  0.2762E+01  0.4194E+02
  12.584  0.2268E+01  0.4196E+02
  12.594  0.2130E+01  0.4198E+02
  12.604  0.1921E+01  0.4200E+02
  12.614  0.1462E+01  0.4202E+02
  12.624  0.1395E+01  0.4204E+02
  12.634  0.1370E+01  0.4205E+02
  12.644  0.1352E+01  0.4206E+02
  12.654  0.1314E+01  0.4208E+02
  12.664  0.1294E+01  0.4209E+02
  12.674  0.1292E+01  0.4210E+02
  12.684  0.1519E+01  0.4212E+02
  12.694  0.1570E+01  0.4213E+02
  12.704  0.1653E+01  0.4215E+02
  12.714  0.1758E+01  0.4216E+02
  12.724  0.1883E+01  0.4218E+02
  12.734  0.2032E+01  0.4220E+02
  12.744  0.2247E+01  0.4222E+02
  12.754  0.2566E+01  0.4225E+02
  12.764  0.2925E+01  0.4228E+02
  12.774  0.3446E+01  0.4231E+02
  12.784  0.4701E+01  0.4235E+02
  12.794  0.9806E+01  0.4244E+02
  12.804  0.1211E+02  0.4254E+02
  12.814  0.9356E+01  0.4266E+02
  12.824  0.6856E+01  0.4274E+02
  12.834  0.5627E+01  0.4280E+02
  12.844  0.4761E+01  0.4286E+02
  12.854  0.4217E+01  0.4290E+02
  12.864  0.3853E+01  0.4294E+02
  12.874  0.3575E+01  0.4298E+02
  12.884  0.3368E+01  0.4301E+02
  12.894  0.3294E+01  0.4305E+02
  12.904  0.3183E+01  0.4308E+02
  12.914  0.3075E+01  0.4311E+02
  12.924  0.3007E+01  0.4314E+02
  12.934  0.3010E+01  0.4317E+02
  12.944  0.3079E+01  0.4320E+02
  12.954  0.3002E+01  0.4323E+02
  12.964  0.2828E+01  0.4326E+02
  12.974  0.2806E+01  0.4329E+02
  12.984  0.2721E+01  0.4332E+02
  12.994  0.2662E+01  0.4335E+02
  13.004  0.2621E+01  0.4337E+02
  13.014  0.2583E+01  0.4340E+02
  13.024  0.2529E+01  0.4342E+02
  13.034  0.2528E+01  0.4345E+02
  13.044  0.2484E+01  0.4347E+02
  13.054  0.2466E+01  0.4350E+02
  13.064  0.2479E+01  0.4352E+02
  13.074  0.2575E+01  0.4355E+02
  13.084  0.2652E+01  0.4357E+02
  13.094  0.3425E+01  0.4360E+02
  13.104  0.1344E+01  0.4363E+02
  13.114  0.1179E+01  0.4364E+02
  13.124  0.1102E+01  0.4365E+02
  13.134  0.1062E+01  0.4366E+02
  13.144  0.1029E+01  0.4367E+02
  13.154  0.9738E+00  0.4368E+02
  13.164  0.9244E+00  0.4369E+02
  13.174  0.8555E+00  0.4370E+02
  13.184  0.8300E+00  0.4371E+02
  13.194  0.1101E+01  0.4372E+02
  13.204  0.1178E+01  0.4373E+02
  13.214  0.1140E+01  0.4374E+02
  13.224  0.1165E+01  0.4375E+02
  13.234  0.1183E+01  0.4376E+02
  13.244  0.3176E+01  0.4379E+02
  13.254  0.3561E+01  0.4382E+02
  13.264  0.4220E+01  0.4386E+02
  13.274  0.5455E+01  0.4392E+02
  13.284  0.4589E+01  0.4397E+02
  13.294  0.4751E+01  0.4401E+02
  13.304  0.4731E+01  0.4406E+02
  13.314  0.3962E+01  0.4411E+02
  13.324  0.3633E+01  0.4415E+02
  13.334  0.3552E+01  0.4418E+02
  13.344  0.3194E+01  0.4422E+02
  13.354  0.2001E+01  0.4424E+02
  13.364  0.2023E+01  0.4426E+02
  13.374  0.2035E+01  0.4428E+02
  13.384  0.2040E+01  0.4430E+02
  13.394  0.2045E+01  0.4432E+02
  13.404  0.2124E+01  0.4434E+02
  13.414  0.2157E+01  0.4436E+02
  13.424  0.2238E+01  0.4438E+02
  13.434  0.2330E+01  0.4441E+02
  13.444  0.2551E+01  0.4443E+02
  13.454  0.2607E+01  0.4446E+02
  13.464  0.2418E+01  0.4448E+02
  13.474  0.2379E+01  0.4451E+02
  13.484  0.2400E+01  0.4453E+02
  13.494  0.2398E+01  0.4456E+02
  13.504  0.2619E+01  0.4458E+02
  13.514  0.2416E+01  0.4461E+02
  13.524  0.2417E+01  0.4463E+02
  13.534  0.2422E+01  0.4465E+02
  13.544  0.2413E+01  0.4468E+02
  13.554  0.2505E+01  0.4470E+02
  13.564  0.2772E+01  0.4473E+02
  13.574  0.2711E+01  0.4476E+02
  13.584  0.2402E+01  0.4478E+02
  13.594  0.1941E+01  0.4481E+02
  13.604  0.1880E+01  0.4482E+02
  13.614  0.1836E+01  0.4484E+02
  13.624  0.1802E+01  0.4486E+02
  13.634  0.1780E+01  0.4488E+02
  13.644  0.1762E+01  0.4490E+02
  13.654  0.2078E+01  0.4492E+02
  13.664  0.2058E+01  0.4494E+02
  13.674  0.2065E+01  0.4496E+02
  13.684  0.2073E+01  0.4498E+02
  13.694  0.2086E+01  0.4500E+02
  13.704  0.2109E+01  0.4502E+02
  13.714  0.2135E+01  0.4504E+02
  13.724  0.2263E+01  0.4506E+02
  13.734  0.2343E+01  0.4508E+02
  13.744  0.2470E+01  0.4511E+02
  13.754  0.2612E+01  0.4513E+02
  13.764  0.3004E+01  0.4516E+02
  13.774  0.3494E+01  0.4520E+02
  13.784  0.1711E+01  0.4522E+02
  13.794  0.1748E+01  0.4524E+02
  13.804  0.1768E+01  0.4526E+02
  13.814  0.1795E+01  0.4527E+02
  13.824  0.1848E+01  0.4529E+02
  13.834  0.1874E+01  0.4531E+02
  13.844  0.1925E+01  0.4533E+02
  13.854  0.1995E+01  0.4535E+02
  13.864  0.2067E+01  0.4537E+02
  13.874  0.2189E+01  0.4539E+02
  13.884  0.2395E+01  0.4541E+02
  13.894  0.2568E+01  0.4544E+02
  13.904  0.2775E+01  0.4547E+02
  13.914  0.2436E+01  0.4549E+02
  13.924  0.2156E+01  0.4552E+02
  13.934  0.1894E+01  0.4554E+02
  13.944  0.1802E+01  0.4555E+02
  13.954  0.1706E+01  0.4557E+02
  13.964  0.1680E+01  0.4559E+02
  13.974  0.1656E+01  0.4561E+02
  13.984  0.1653E+01  0.4562E+02
  13.994  0.1659E+01  0.4564E+02
  14.004  0.1685E+01  0.4565E+02
  14.014  0.1756E+01  0.4567E+02
  14.024  0.2022E+01  0.4569E+02
  14.034  0.1756E+01  0.4571E+02
  14.044  0.1406E+01  0.4573E+02
  14.054  0.1378E+01  0.4574E+02
  14.064  0.1301E+01  0.4575E+02
  14.074  0.1306E+01  0.4577E+02
  14.084  0.1273E+01  0.4578E+02
  14.094  0.1259E+01  0.4579E+02
  14.104  0.1247E+01  0.4581E+02
  14.114  0.1222E+01  0.4582E+02
  14.124  0.1342E+01  0.4583E+02
  14.134  0.1448E+01  0.4584E+02
  14.144  0.2421E+01  0.4586E+02
  14.154  0.2506E+01  0.4589E+02
  14.164  0.2651E+01  0.4591E+02
  14.174  0.2769E+01  0.4594E+02
  14.184  0.2976E+01  0.4597E+02
  14.194  0.3354E+01  0.4600E+02
  14.204  0.3420E+01  0.4604E+02
  14.214  0.3236E+01  0.4607E+02
  14.224  0.3201E+01  0.4610E+02
  14.234  0.3360E+01  0.4614E+02
  14.244  0.3554E+01  0.4617E+02
  14.254  0.3941E+01  0.4621E+02
  14.264  0.5000E+01  0.4625E+02
  14.274  0.3963E+01  0.4630E+02
  14.284  0.3862E+01  0.4634E+02
  14.294  0.3732E+01  0.4638E+02
  14.304  0.3102E+01  0.4641E+02
  14.314  0.2777E+01  0.4644E+02
  14.324  0.2551E+01  0.4647E+02
  14.334  0.2414E+01  0.4650E+02
  14.344  0.2268E+01  0.4652E+02
  14.354  0.2146E+01  0.4654E+02
  14.364  0.2089E+01  0.4656E+02
  14.374  0.2005E+01  0.4658E+02
  14.384  0.1924E+01  0.4660E+02
  14.394  0.1913E+01  0.4662E+02
  14.404  0.2189E+01  0.4664E+02
  14.414  0.2078E+01  0.4666E+02
  14.424  0.2050E+01  0.4668E+02
  14.434  0.2108E+01  0.4670E+02
  14.444  0.2123E+01  0.4673E+02
  14.454  0.2115E+01  0.4675E+02
  14.464  0.2118E+01  0.4677E+02
  14.474  0.2114E+01  0.4679E+02
  14.484  0.2102E+01  0.4681E+02
  14.494  0.2163E+01  0.4683E+02
  14.504  0.2187E+01  0.4685E+02
  14.514  0.2113E+01  0.4687E+02
  14.524  0.2259E+01  0.4690E+02
  14.534  0.2107E+01  0.4692E+02
  14.544  0.2443E+01  0.4694E+02
  14.554  0.1907E+01  0.4696E+02
  14.564  0.1934E+01  0.4698E+02
  14.574  0.1957E+01  0.4700E+02
  14.584  0.1975E+01  0.4702E+02
  14.594  0.2008E+01  0.4704E+02
  14.604  0.2043E+01  0.4706E+02
  14.614  0.2078E+01  0.4708E+02
  14.624  0.2105E+01  0.4710E+02
  14.634  0.2132E+01  0.4712E+02
  14.644  0.2181E+01  0.4715E+02
  14.654  0.2235E+01  0.4717E+02
  14.664  0.2298E+01  0.4719E+02
  14.674  0.2357E+01  0.4721E+02
  14.684  0.2450E+01  0.4724E+02
  14.694  0.2546E+01  0.4726E+02
  14.704  0.2746E+01  0.4729E+02
  14.714  0.2931E+01  0.4732E+02
  14.724  0.2743E+01  0.4735E+02
  14.734  0.2640E+01  0.4737E+02
  14.744  0.2685E+01  0.4740E+02
  14.754  0.2710E+01  0.4743E+02
  14.764  0.3860E+01  0.4746E+02
  14.774  0.3656E+01  0.4750E+02
  14.784  0.3481E+01  0.4754E+02
  14.794  0.3449E+01  0.4757E+02
  14.804  0.3498E+01  0.4761E+02
  14.814  0.3578E+01  0.4764E+02
  14.824  0.3707E+01  0.4768E+02
  14.834  0.3818E+01  0.4772E+02
  14.844  0.3892E+01  0.4775E+02
  14.854  0.3997E+01  0.4779E+02
  14.864  0.3978E+01  0.4783E+02
  14.874  0.4148E+01  0.4788E+02
  14.884  0.6142E+01  0.4792E+02
  14.894  0.5328E+01  0.4799E+02
  14.904  0.4449E+01  0.4804E+02
  14.914  0.4370E+01  0.4808E+02
  14.924  0.4046E+01  0.4813E+02
  14.934  0.3164E+01  0.4817E+02
  14.944  0.2633E+01  0.4819E+02
  14.954  0.1947E+01  0.4822E+02
  14.964  0.1932E+01  0.4824E+02
  14.974  0.1896E+01  0.4826E+02
  14.984  0.1905E+01  0.4828E+02
  14.994  0.1914E+01  0.4830E+02
  15.004  0.1921E+01  0.4831E+02
  15.014  0.1915E+01  0.4833E+02
  15.024  0.1951E+01  0.4835E+02
  15.034  0.1987E+01  0.4837E+02
  15.044  0.2037E+01  0.4839E+02
  15.054  0.2116E+01  0.4841E+02
  15.064  0.2272E+01  0.4844E+02
  15.074  0.3270E+01  0.4847E+02
  15.084  0.2871E+01  0.4850E+02
  15.094  0.2858E+01  0.4852E+02
  15.104  0.2644E+01  0.4855E+02
  15.114  0.2665E+01  0.4858E+02
  15.124  0.2570E+01  0.4860E+02
  15.134  0.2565E+01  0.4863E+02
  15.144  0.2929E+01  0.4866E+02
  15.154  0.2927E+01  0.4869E+02
  15.164  0.2873E+01  0.4872E+02
  15.174  0.2905E+01  0.4874E+02
  15.184  0.2857E+01  0.4877E+02
  15.194  0.2850E+01  0.4880E+02
  15.204  0.2873E+01  0.4883E+02
  15.214  0.2866E+01  0.4886E+02
  15.224  0.2888E+01  0.4889E+02
  15.234  0.2873E+01  0.4892E+02
  15.244  0.2870E+01  0.4895E+02
  15.254  0.2918E+01  0.4897E+02
  15.264  0.2961E+01  0.4900E+02
  15.274  0.2978E+01  0.4903E+02
  15.284  0.3037E+01  0.4906E+02
  15.294  0.3099E+01  0.4909E+02
  15.304  0.3583E+01  0.4913E+02
  15.314  0.3125E+01  0.4916E+02
  15.324  0.2994E+01  0.4919E+02
  15.334  0.2939E+01  0.4922E+02
  15.344  0.2900E+01  0.4925E+02
  15.354  0.2852E+01  0.4928E+02
  15.364  0.2830E+01  0.4931E+02
  15.374  0.2828E+01  0.4934E+02
  15.384  0.2827E+01  0.4936E+02
  15.394  0.2813E+01  0.4939E+02
  15.404  0.2835E+01  0.4942E+02
  15.414  0.2877E+01  0.4945E+02
  15.424  0.2986E+01  0.4948E+02
  15.434  0.3345E+01  0.4951E+02
  15.444  0.2835E+01  0.4954E+02
  15.454  0.2683E+01  0.4957E+02
  15.464  0.2552E+01  0.4959E+02
  15.474  0.2474E+01  0.4962E+02
  15.484  0.2391E+01  0.4964E+02
  15.494  0.2345E+01  0.4967E+02
  15.504  0.2328E+01  0.4969E+02
  15.514  0.2279E+01  0.4971E+02
  15.524  0.2350E+01  0.4974E+02
  15.534  0.2218E+01  0.4976E+02
  15.544  0.2133E+01  0.4978E+02
  15.554  0.2077E+01  0.4980E+02
  15.564  0.2062E+01  0.4982E+02
  15.574  0.2003E+01  0.4984E+02
  15.584  0.1902E+01  0.4986E+02
  15.594  0.1841E+01  0.4988E+02
  15.604  0.1832E+01  0.4990E+02
  15.614  0.1811E+01  0.4992E+02
  15.624  0.1795E+01  0.4994E+02
  15.634  0.1779E+01  0.4995E+02
  15.644  0.1769E+01  0.4997E+02
  15.654  0.1757E+01  0.4999E+02
  15.664  0.1744E+01  0.5001E+02
  15.674  0.1730E+01  0.5003E+02
  15.684  0.1715E+01  0.5004E+02
  15.694  0.1731E+01  0.5006E+02
  15.704  0.1702E+01  0.5008E+02
  15.714  0.1675E+01  0.5009E+02
  15.724  0.1669E+01  0.5011E+02
  15.734  0.1691E+01  0.5013E+02
  15.744  0.1669E+01  0.5014E+02
  15.754  0.1626E+01  0.5016E+02
  15.764  0.1636E+01  0.5018E+02
  15.774  0.1398E+01  0.5019E+02
  15.784  0.1402E+01  0.5021E+02
  15.794  0.1409E+01  0.5022E+02
  15.804  0.1415E+01  0.5023E+02
  15.814  0.1428E+01  0.5025E+02
  15.824  0.1429E+01  0.5026E+02
  15.834  0.1432E+01  0.5028E+02
  15.844  0.1440E+01  0.5029E+02
  15.854  0.1449E+01  0.5031E+02
  15.864  0.1460E+01  0.5032E+02
  15.874  0.1496E+01  0.5033E+02
  15.884  0.1505E+01  0.5035E+02
  15.894  0.1520E+01  0.5036E+02
  15.904  0.1534E+01  0.5038E+02
  15.914  0.1555E+01  0.5040E+02
  15.924  0.1577E+01  0.5041E+02
  15.934  0.1659E+01  0.5043E+02
  15.944  0.2535E+01  0.5045E+02
  15.954  0.2984E+01  0.5047E+02
  15.964  0.3163E+01  0.5051E+02
  15.974  0.3518E+01  0.5054E+02
  15.984  0.4825E+01  0.5058E+02
  15.994  0.3591E+01  0.5062E+02
  16.004  0.4363E+01  0.5066E+02
  16.014  0.3138E+01  0.5069E+02
  16.024  0.2786E+01  0.5072E+02
  16.034  0.2508E+01  0.5075E+02
  16.044  0.2379E+01  0.5077E+02
  16.054  0.2223E+01  0.5080E+02
  16.064  0.2133E+01  0.5082E+02
  16.074  0.2016E+01  0.5084E+02
  16.084  0.1969E+01  0.5086E+02
  16.094  0.1830E+01  0.5088E+02
  16.104  0.1724E+01  0.5089E+02
  16.114  0.1681E+01  0.5091E+02
  16.124  0.1734E+01  0.5093E+02
  16.134  0.1721E+01  0.5095E+02
  16.144  0.1650E+01  0.5096E+02
  16.154  0.1637E+01  0.5098E+02
  16.164  0.1615E+01  0.5100E+02
  16.174  0.1599E+01  0.5101E+02
  16.184  0.1551E+01  0.5103E+02
  16.194  0.1280E+01  0.5104E+02
  16.204  0.1136E+01  0.5105E+02
  16.214  0.1156E+01  0.5107E+02
  16.224  0.1167E+01  0.5108E+02
  16.234  0.1196E+01  0.5109E+02
  16.244  0.1251E+01  0.5110E+02
  16.254  0.2325E+01  0.5112E+02
  16.264  0.2684E+01  0.5115E+02
  16.274  0.2954E+01  0.5118E+02
  16.284  0.3415E+01  0.5121E+02
  16.294  0.4819E+01  0.5125E+02
  16.304  0.3743E+01  0.5130E+02
  16.314  0.2784E+01  0.5134E+02
  16.324  0.5707E+00  0.5135E+02
  16.334  0.5158E+00  0.5136E+02
  16.344  0.4731E+00  0.5136E+02
  16.354  0.4428E+00  0.5136E+02
  16.364  0.4203E+00  0.5137E+02
  16.374  0.4004E+00  0.5137E+02
  16.384  0.3843E+00  0.5138E+02
  16.394  0.3719E+00  0.5138E+02
  16.404  0.3611E+00  0.5138E+02
  16.414  0.3518E+00  0.5139E+02
  16.424  0.3443E+00  0.5139E+02
  16.434  0.3383E+00  0.5139E+02
  16.444  0.3326E+00  0.5140E+02
  16.454  0.3275E+00  0.5140E+02
  16.464  0.3234E+00  0.5140E+02
  16.474  0.3196E+00  0.5141E+02
  16.484  0.3169E+00  0.5141E+02
  16.494  0.3150E+00  0.5141E+02
  16.504  0.3133E+00  0.5142E+02
  16.514  0.3120E+00  0.5142E+02
  16.524  0.3114E+00  0.5142E+02
  16.534  0.3129E+00  0.5143E+02
  16.544  0.3147E+00  0.5143E+02
  16.554  0.1108E+01  0.5143E+02
  16.564  0.1194E+01  0.5145E+02
  16.574  0.1292E+01  0.5146E+02
  16.584  0.1358E+01  0.5147E+02
  16.594  0.1458E+01  0.5149E+02
  16.604  0.1920E+01  0.5150E+02
  16.614  0.1890E+01  0.5152E+02
  16.624  0.1452E+01  0.5154E+02
  16.634  0.1351E+01  0.5155E+02
  16.644  0.1317E+01  0.5157E+02
  16.654  0.1241E+01  0.5158E+02
  16.664  0.1233E+01  0.5159E+02
  16.674  0.1165E+01  0.5160E+02
  16.684  0.1125E+01  0.5162E+02
  16.694  0.1092E+01  0.5163E+02
  16.704  0.1114E+01  0.5164E+02
  16.714  0.1035E+01  0.5165E+02
  16.724  0.1019E+01  0.5166E+02
  16.734  0.9885E+00  0.5167E+02
  16.744  0.9703E+00  0.5168E+02
  16.754  0.9602E+00  0.5169E+02
  16.764  0.9483E+00  0.5170E+02
  16.774  0.9257E+00  0.5171E+02
  16.784  0.9101E+00  0.5172E+02
  16.794  0.9493E+00  0.5173E+02
  16.804  0.8865E+00  0.5173E+02
  16.814  0.8819E+00  0.5174E+02
  16.824  0.8731E+00  0.5175E+02
  16.834  0.8625E+00  0.5176E+02
  16.844  0.8600E+00  0.5177E+02
  16.854  0.8462E+00  0.5178E+02
  16.864  0.8292E+00  0.5179E+02
  16.874  0.8845E+00  0.5179E+02
  16.884  0.8109E+00  0.5180E+02
  16.894  0.8352E+00  0.5181E+02
  16.904  0.8121E+00  0.5182E+02
  16.914  0.8010E+00  0.5183E+02
  16.924  0.7830E+00  0.5184E+02
  16.934  0.7994E+00  0.5184E+02
  16.944  0.7779E+00  0.5185E+02
  16.954  0.7385E+00  0.5186E+02
  16.964  0.6597E+00  0.5187E+02
  16.974  0.6601E+00  0.5187E+02
  16.984  0.6687E+00  0.5188E+02
  16.994  0.6798E+00  0.5189E+02
  17.004  0.6781E+00  0.5189E+02
  17.014  0.6877E+00  0.5190E+02
  17.024  0.6898E+00  0.5191E+02
  17.034  0.6913E+00  0.5191E+02
  17.044  0.7200E+00  0.5192E+02
  17.054  0.6954E+00  0.5193E+02
  17.064  0.7140E+00  0.5193E+02
  17.074  0.7377E+00  0.5194E+02
  17.084  0.7603E+00  0.5195E+02
  17.094  0.7433E+00  0.5196E+02
  17.104  0.7357E+00  0.5196E+02
  17.114  0.7993E+00  0.5197E+02
  17.124  0.7883E+00  0.5198E+02
  17.134  0.7703E+00  0.5199E+02
  17.144  0.8260E+00  0.5199E+02
