 &plot nbnd=  36, nks=   361 /
            0.000000  0.000000  0.000000
  -45.381  -23.861  -23.090  -23.090  -20.668  -12.985   -3.154   -2.463   -2.463   -1.137
    1.403    1.403    3.778    5.831    5.831    5.924    6.812    6.812    7.947    8.804
   11.158   14.019   14.721   14.721   15.317   17.253   17.960   17.960   19.773   20.607
   21.658   21.658   23.075   23.838   23.838   24.380
            0.004167  0.002406  0.000000
  -45.381  -23.861  -23.090  -23.090  -20.668  -12.985   -3.154   -2.464   -2.463   -1.137
    1.402    1.403    3.778    5.831    5.831    5.925    6.812    6.813    7.948    8.805
   11.158   14.019   14.718   14.721   15.317   17.254   17.959   17.960   19.773   20.608
   21.657   21.658   23.069   23.836   23.842   24.377
            0.008333  0.004811  0.000000
  -45.381  -23.861  -23.091  -23.090  -20.668  -12.985   -3.153   -2.464   -2.463   -1.137
    1.399    1.402    3.778    5.829    5.832    5.926    6.811    6.813    7.950    8.809
   11.160   14.020   14.712   14.723   15.316   17.258   17.958   17.963   19.772   20.612
   21.653   21.658   23.051   23.830   23.852   24.366
            0.012500  0.007217  0.000000
  -45.381  -23.861  -23.091  -23.090  -20.668  -12.984   -3.153   -2.465   -2.463   -1.136
    1.393    1.401    3.779    5.827    5.833    5.929    6.809    6.814    7.952    8.814
   11.163   14.022   14.700   14.726   15.314   17.265   17.956   17.966   19.772   20.618
   21.647   21.658   23.023   23.821   23.866   24.349
            0.016667  0.009623  0.000000
  -45.381  -23.861  -23.092  -23.091  -20.668  -12.983   -3.151   -2.466   -2.463   -1.135
    1.386    1.400    3.779    5.825    5.834    5.933    6.807    6.816    7.957    8.822
   11.167   14.025   14.685   14.730   15.311   17.274   17.953   17.972   19.770   20.626
   21.638   21.658   22.986   23.809   23.880   24.326
            0.020833  0.012028  0.000000
  -45.381  -23.860  -23.094  -23.091  -20.667  -12.982   -3.150   -2.468   -2.463   -1.135
    1.377    1.398    3.780    5.821    5.836    5.938    6.804    6.818    7.962    8.831
   11.173   14.028   14.666   14.736   15.307   17.286   17.950   17.978   19.769   20.636
   21.627   21.658   22.943   23.793   23.889   24.302
            0.025000  0.014434  0.000000
  -45.381  -23.860  -23.095  -23.091  -20.667  -12.981   -3.148   -2.470   -2.463   -1.133
    1.365    1.396    3.781    5.817    5.838    5.944    6.801    6.821    7.968    8.843
   11.180   14.032   14.643   14.742   15.302   17.300   17.946   17.987   19.766   20.648
   21.613   21.658   22.895   23.776   23.887   24.284
            0.029167  0.016839  0.000000
  -45.381  -23.859  -23.097  -23.091  -20.666  -12.979   -3.146   -2.472   -2.463   -1.132
    1.352    1.394    3.782    5.813    5.841    5.951    6.797    6.824    7.976    8.857
   11.187   14.036   14.617   14.750   15.295   17.315   17.941   17.997   19.764   20.663
   21.598   21.658   22.843   23.755   23.869   24.275
            0.033333  0.019245  0.000000
  -45.380  -23.859  -23.099  -23.092  -20.666  -12.977   -3.144   -2.474   -2.463   -1.130
    1.336    1.391    3.783    5.808    5.844    5.958    6.793    6.827    7.984    8.872
   11.197   14.041   14.588   14.759   15.287   17.333   17.935   18.009   19.760   20.679
   21.581   21.658   22.788   23.734   23.834   24.277
            0.037500  0.021651  0.000000
  -45.380  -23.858  -23.102  -23.092  -20.665  -12.975   -3.141   -2.477   -2.463   -1.129
    1.319    1.388    3.785    5.803    5.847    5.966    6.788    6.831    7.994    8.889
   11.207   14.046   14.557   14.769   15.278   17.352   17.929   18.023   19.756   20.697
   21.561   21.658   22.731   23.711   23.785   24.288
            0.041667  0.024056  0.000000
  -45.380  -23.857  -23.104  -23.092  -20.665  -12.972   -3.139   -2.480   -2.463   -1.127
    1.299    1.385    3.786    5.797    5.851    5.974    6.784    6.835    8.005    8.909
   11.219   14.052   14.523   14.781   15.267   17.371   17.922   18.039   19.751   20.716
   21.541   21.657   22.673   23.686   23.725   24.302
            0.045833  0.026462  0.000000
  -45.380  -23.857  -23.107  -23.093  -20.664  -12.970   -3.135   -2.484   -2.463   -1.125
    1.278    1.381    3.788    5.791    5.855    5.983    6.779    6.840    8.017    8.929
   11.232   14.058   14.487   14.793   15.255   17.392   17.914   18.057   19.745   20.737
   21.519   21.657   22.616   23.659   23.661   24.314
            0.050000  0.028868  0.000000
  -45.380  -23.856  -23.110  -23.093  -20.663  -12.967   -3.132   -2.487   -2.463   -1.122
    1.255    1.376    3.789    5.785    5.859    5.992    6.775    6.845    8.030    8.951
   11.246   14.064   14.450   14.807   15.242   17.413   17.906   18.077   19.737   20.759
   21.495   21.656   22.558   23.589   23.636   24.321
            0.054167  0.031273  0.000000
  -45.379  -23.855  -23.114  -23.094  -20.662  -12.964   -3.128   -2.491   -2.463   -1.120
    1.231    1.372    3.791    5.779    5.864    6.001    6.771    6.851    8.044    8.975
   11.261   14.070   14.412   14.822   15.227   17.434   17.897   18.099   19.728   20.783
   21.470   21.655   22.502   23.517   23.610   24.321
            0.058333  0.033679  0.000000
  -45.379  -23.854  -23.118  -23.094  -20.661  -12.960   -3.124   -2.496   -2.463   -1.117
    1.204    1.367    3.793    5.772    5.870    6.011    6.767    6.857    8.059    9.000
   11.277   14.075   14.373   14.838   15.211   17.455   17.887   18.124   19.718   20.807
   21.444   21.653   22.447   23.444   23.584   24.312
            0.062500  0.036084  0.000000
  -45.379  -23.853  -23.122  -23.095  -20.660  -12.957   -3.120   -2.500   -2.463   -1.115
    1.176    1.362    3.795    5.766    5.876    6.020    6.764    6.863    8.074    9.026
   11.295   14.079   14.334   14.856   15.194   17.475   17.877   18.152   19.705   20.832
   21.416   21.651   22.395   23.370   23.559   24.295
            0.066667  0.038490  0.000000
  -45.378  -23.851  -23.126  -23.096  -20.659  -12.953   -3.115   -2.505   -2.463   -1.112
    1.147    1.356    3.797    5.759    5.882    6.029    6.761    6.870    8.091    9.054
   11.314   14.082   14.296   14.874   15.177   17.494   17.865   18.182   19.690   20.858
   21.387   21.649   22.345   23.296   23.533   24.269
            0.070833  0.040896  0.000000
  -45.378  -23.850  -23.130  -23.096  -20.658  -12.949   -3.110   -2.510   -2.463   -1.109
    1.116    1.351    3.799    5.752    5.889    6.039    6.759    6.877    8.109    9.082
   11.334   14.082   14.259   14.894   15.159   17.511   17.854   18.214   19.674   20.884
   21.356   21.645   22.300   23.222   23.509   24.234
            0.075000  0.043301  0.000000
  -45.378  -23.849  -23.135  -23.097  -20.656  -12.944   -3.105   -2.516   -2.463   -1.105
    1.083    1.344    3.801    5.744    5.896    6.048    6.758    6.885    8.128    9.111
   11.356   14.077   14.226   14.915   15.141   17.528   17.841   18.249   19.654   20.910
   21.323   21.642   22.258   23.150   23.485   24.191
            0.079167  0.045707  0.000000
  -45.377  -23.847  -23.140  -23.098  -20.655  -12.940   -3.100   -2.521   -2.463   -1.102
    1.050    1.338    3.802    5.737    5.903    6.056    6.758    6.892    8.148    9.141
   11.378   14.065   14.199   14.937   15.124   17.542   17.828   18.287   19.632   20.937
   21.288   21.638   22.222   23.078   23.461   24.142
            0.083333  0.048113  0.000000
  -45.377  -23.846  -23.145  -23.099  -20.654  -12.935   -3.094   -2.527   -2.463   -1.099
    1.014    1.331    3.804    5.730    5.911    6.065    6.759    6.900    8.168    9.172
   11.402   14.043   14.181   14.961   15.107   17.555   17.815   18.327   19.607   20.964
   21.251   21.633   22.190   23.008   23.439   24.086
            0.087500  0.050518  0.000000
  -45.377  -23.844  -23.150  -23.100  -20.652  -12.930   -3.089   -2.533   -2.463   -1.095
    0.978    1.324    3.806    5.723    5.920    6.073    6.761    6.909    8.189    9.204
   11.427   14.012   14.170   14.985   15.091   17.566   17.801   18.369   19.579   20.991
   21.211   21.627   22.163   22.940   23.418   24.026
            0.091667  0.052924  0.000000
  -45.376  -23.843  -23.156  -23.100  -20.651  -12.925   -3.083   -2.539   -2.463   -1.092
    0.941    1.317    3.808    5.715    5.929    6.080    6.765    6.918    8.212    9.236
   11.453   13.976   14.163   15.011   15.076   17.576   17.786   18.413   19.548   21.017
   21.170   21.621   22.142   22.874   23.397   23.962
            0.095833  0.055329  0.000000
  -45.376  -23.841  -23.162  -23.101  -20.649  -12.919   -3.076   -2.545   -2.463   -1.088
    0.902    1.309    3.809    5.708    5.938    6.087    6.769    6.927    8.235    9.269
   11.480   13.937   14.158   15.037   15.063   17.583   17.771   18.458   19.514   21.040
   21.130   21.613   22.124   22.811   23.378   23.896
            0.100000  0.057735  0.000000
  -45.375  -23.840  -23.168  -23.102  -20.648  -12.913   -3.070   -2.552   -2.463   -1.084
    0.862    1.301    3.811    5.701    5.948    6.094    6.776    6.936    8.258    9.302
   11.508   13.896   14.152   15.052   15.065   17.589   17.755   18.505   19.477   21.044
   21.108   21.605   22.110   22.751   23.360   23.827
            0.104167  0.060141  0.000000
  -45.375  -23.838  -23.174  -23.103  -20.646  -12.907   -3.063   -2.559   -2.463   -1.080
    0.822    1.293    3.812    5.694    5.958    6.099    6.783    6.945    8.283    9.335
   11.537   13.855   14.145   15.043   15.094   17.594   17.739   18.553   19.438   21.009
   21.121   21.596   22.099   22.695   23.343   23.758
            0.108333  0.062546  0.000000
  -45.374  -23.836  -23.180  -23.104  -20.645  -12.901   -3.057   -2.565   -2.463   -1.076
    0.780    1.285    3.814    5.687    5.969    6.105    6.792    6.955    8.308    9.368
   11.566   13.813   14.137   15.037   15.125   17.596   17.722   18.601   19.395   20.961
   21.148   21.586   22.088   22.644   23.327   23.688
            0.112500  0.064952  0.000000
  -45.374  -23.834  -23.187  -23.105  -20.643  -12.895   -3.050   -2.572   -2.464   -1.072
    0.738    1.276    3.815    5.681    5.980    6.109    6.802    6.965    8.334    9.402
   11.597   13.772   14.126   15.034   15.156   17.597   17.705   18.648   19.351   20.908
   21.176   21.575   22.076   22.600   23.313   23.618
            0.116667  0.067358  0.000000
  -45.373  -23.832  -23.194  -23.107  -20.642  -12.888   -3.043   -2.579   -2.464   -1.068
    0.695    1.267    3.815    5.674    5.992    6.114    6.813    6.975    8.361    9.436
   11.628   13.731   14.114   15.033   15.189   17.596   17.687   18.695   19.305   20.854
   21.206   21.563   22.061   22.562   23.300   23.550
            0.120833  0.069763  0.000000
  -45.373  -23.830  -23.201  -23.108  -20.640  -12.881   -3.035   -2.587   -2.464   -1.064
    0.651    1.258    3.816    5.668    6.004    6.117    6.826    6.986    8.388    9.470
   11.660   13.691   14.098   15.036   15.222   17.594   17.669   18.740   19.259   20.799
   21.236   21.550   22.042   22.532   23.289   23.484
            0.125000  0.072169  0.000000
  -45.372  -23.828  -23.208  -23.109  -20.638  -12.874   -3.028   -2.594   -2.464   -1.060
    0.606    1.249    3.816    5.663    6.017    6.121    6.840    6.997    8.416    9.504
   11.692   13.651   14.081   15.042   15.257   17.590   17.650   18.780   19.214   20.744
   21.266   21.537   22.018   22.509   23.278   23.421
            0.129167  0.074574  0.000000
  -45.372  -23.826  -23.215  -23.110  -20.637  -12.867   -3.021   -2.601   -2.464   -1.056
    0.561    1.239    3.816    5.657    6.030    6.124    6.855    7.007    8.444    9.538
   11.725   13.613   14.061   15.051   15.293   17.584   17.631   18.813   19.175   20.689
   21.295   21.522   21.988   22.492   23.269   23.363
            0.133333  0.076980  0.000000
  -45.371  -23.824  -23.222  -23.111  -20.635  -12.860   -3.013   -2.609   -2.464   -1.052
    0.516    1.230    3.816    5.652    6.044    6.127    6.871    7.018    8.473    9.572
   11.757   13.576   14.038   15.063   15.330   17.577   17.612   18.832   19.146   20.634
   21.323   21.506   21.954   22.480   23.261   23.311
            0.137500  0.079386  0.000000
  -45.371  -23.822  -23.230  -23.112  -20.633  -12.852   -3.005   -2.616   -2.464   -1.048
    0.469    1.220    3.816    5.648    6.058    6.129    6.889    7.029    8.503    9.606
   11.790   13.541   14.015   15.078   15.368   17.568   17.592   18.830   19.135   20.580
   21.348   21.490   21.918   22.469   23.255   23.267
            0.141667  0.081791  0.000000
  -45.370  -23.820  -23.238  -23.114  -20.631  -12.844   -2.998   -2.623   -2.464   -1.044
    0.423    1.210    3.815    5.644    6.073    6.132    6.907    7.041    8.533    9.639
   11.822   13.507   13.989   15.096   15.408   17.557   17.571   18.806   19.143   20.528
   21.370   21.472   21.880   22.457   23.232   23.249
            0.145833  0.084197  0.000000
  -45.369  -23.817  -23.246  -23.115  -20.630  -12.836   -2.990   -2.631   -2.465   -1.040
    0.376    1.200    3.814    5.640    6.088    6.134    6.926    7.052    8.563    9.673
   11.854   13.476   13.962   15.116   15.448   17.545   17.551   18.763   19.165   20.477
   21.386   21.454   21.843   22.444   23.207   23.245
            0.150000  0.086603  0.000000
  -45.369  -23.815  -23.253  -23.116  -20.628  -12.828   -2.982   -2.638   -2.465   -1.036
    0.328    1.189    3.812    5.637    6.103    6.137    6.946    7.064    8.594    9.706
   11.885   13.446   13.934   15.138   15.490   17.530   17.531   18.710   19.194   20.429
   21.395   21.435   21.808   22.428   23.193   23.242
            0.154167  0.089008  0.000000
  -45.368  -23.813  -23.261  -23.118  -20.626  -12.819   -2.975   -2.646   -2.465   -1.032
    0.280    1.179    3.810    5.634    6.119    6.140    6.967    7.075    8.625    9.739
   11.914   13.419   13.906   15.162   15.532   17.508   17.515   18.650   19.225   20.385
   21.397   21.416   21.775   22.410   23.189   23.239
            0.158333  0.091414  0.000000
  -45.367  -23.810  -23.270  -23.119  -20.624  -12.811   -2.967   -2.653   -2.465   -1.029
    0.233    1.168    3.808    5.632    6.136    6.142    6.988    7.087    8.657    9.772
   11.942   13.394   13.877   15.188   15.576   17.486   17.497   18.585   19.255   20.344
   21.389   21.395   21.744   22.392   23.193   23.238
            0.162500  0.093819  0.000000
  -45.367  -23.808  -23.278  -23.121  -20.623  -12.802   -2.960   -2.660   -2.466   -1.025
    0.184    1.157    3.806    5.631    6.146    6.153    7.010    7.099    8.689    9.804
   11.968   13.371   13.849   15.216   15.620   17.464   17.478   18.518   19.282   20.308
   21.372   21.374   21.714   22.377   23.204   23.237
            0.166667  0.096225  0.000000
  -45.366  -23.806  -23.286  -23.122  -20.621  -12.793   -2.952   -2.667   -2.466   -1.021
    0.136    1.146    3.803    5.630    6.149    6.171    7.033    7.111    8.721    9.836
   11.992   13.352   13.821   15.246   15.666   17.441   17.456   18.449   19.303   20.277
   21.349   21.353   21.681   22.367   23.220   23.238
            0.170833  0.098631  0.000000
  -45.365  -23.803  -23.295  -23.123  -20.619  -12.784   -2.945   -2.674   -2.466   -1.018
    0.088    1.135    3.800    5.630    6.153    6.189    7.057    7.123    8.754    9.868
   12.014   13.334   13.794   15.277   15.713   17.418   17.432   18.380   19.318   20.253
   21.319   21.331   21.645   22.364   23.239   23.239
            0.175000  0.101036  0.000000
  -45.365  -23.801  -23.303  -23.125  -20.618  -12.775   -2.938   -2.681   -2.467   -1.015
    0.040    1.124    3.796    5.630    6.157    6.207    7.080    7.135    8.786    9.899
   12.032   13.320   13.769   15.309   15.761   17.395   17.405   18.310   19.325   20.236
   21.286   21.308   21.603   22.367   23.240   23.258
            0.179167  0.103442  0.000000
  -45.364  -23.798  -23.311  -23.126  -20.616  -12.765   -2.931   -2.687   -2.467   -1.012
   -0.008    1.113    3.792    5.631    6.161    6.226    7.105    7.147    8.819    9.930
   12.048   13.307   13.747   15.342   15.809   17.372   17.376   18.240   19.324   20.225
   21.250   21.285   21.555   22.376   23.242   23.277
            0.183333  0.105848  0.000000
  -45.363  -23.796  -23.320  -23.128  -20.614  -12.755   -2.925   -2.693   -2.467   -1.009
   -0.056    1.102    3.788    5.632    6.166    6.246    7.130    7.159    8.852    9.961
   12.060   13.296   13.728   15.377   15.859   17.345   17.348   18.170   19.314   20.221
   21.213   21.262   21.503   22.391   23.245   23.293
            0.187500  0.108253  0.000000
  -45.363  -23.793  -23.329  -23.129  -20.612  -12.746   -2.919   -2.699   -2.468   -1.007
   -0.104    1.090    3.783    5.634    6.171    6.265    7.155    7.171    8.885    9.991
   12.069   13.285   13.714   15.412   15.910   17.310   17.324   18.101   19.296   20.223
   21.174   21.238   21.449   22.408   23.247   23.305
            0.191667  0.110659  0.000000
  -45.362  -23.791  -23.337  -23.131  -20.611  -12.736   -2.913   -2.704   -2.468   -1.005
   -0.151    1.079    3.778    5.637    6.177    6.286    7.181    7.184    8.919   10.021
   12.074   13.274   13.705   15.448   15.961   17.272   17.299   18.034   19.270   20.229
   21.134   21.214   21.394   22.427   23.249   23.312
            0.195833  0.113064  0.000000
  -45.361  -23.788  -23.346  -23.132  -20.609  -12.726   -2.908   -2.709   -2.469   -1.003
   -0.198    1.067    3.773    5.640    6.184    6.306    7.196    7.207    8.952   10.051
   12.076   13.262   13.703   15.485   16.014   17.231   17.275   17.968   19.237   20.238
   21.092   21.190   21.342   22.445   23.249   23.317
            0.200000  0.115470  0.000000
  -45.360  -23.786  -23.354  -23.134  -20.608  -12.716   -2.904   -2.713   -2.469   -1.002
   -0.244    1.056    3.767    5.644    6.191    6.328    7.208    7.234    8.985   10.080
   12.075   13.248   13.707   15.522   16.067   17.187   17.250   17.904   19.199   20.247
   21.046   21.166   21.296   22.460   23.240   23.319
            0.204167  0.117876  0.000000
  -45.360  -23.784  -23.363  -23.136  -20.606  -12.705   -2.900   -2.716   -2.470   -1.002
   -0.290    1.044    3.761    5.648    6.199    6.349    7.220    7.260    9.018   10.109
   12.071   13.231   13.720   15.560   16.121   17.139   17.225   17.842   19.156   20.255
   20.993   21.141   21.261   22.472   23.196   23.291
            0.208333  0.120281  0.000000
  -45.359  -23.781  -23.372  -23.137  -20.605  -12.695   -2.897   -2.719   -2.470   -1.002
   -0.335    1.033    3.755    5.653    6.207    6.371    7.233    7.288    9.051   10.137
   12.064   13.212   13.739   15.598   16.176   17.088   17.200   17.782   19.109   20.262
   20.934   21.117   21.237   22.480   23.126   23.286
            0.212500  0.122687  0.000000
  -45.358  -23.779  -23.380  -23.139  -20.603  -12.684   -2.895   -2.720   -2.471   -1.003
   -0.378    1.021    3.748    5.658    6.216    6.394    7.245    7.315    9.084   10.165
   12.055   13.191   13.765   15.636   16.232   17.033   17.174   17.725   19.058   20.265
   20.868   21.092   21.225   22.482   23.050   23.288
            0.216667  0.125093  0.000000
  -45.357  -23.776  -23.389  -23.140  -20.602  -12.674   -2.894   -2.721   -2.471   -1.006
   -0.421    1.009    3.741    5.664    6.226    6.416    7.257    7.343    9.117   10.192
   12.044   13.167   13.798   15.674   16.288   16.976   17.149   17.669   19.005   20.264
   20.798   21.067   21.225   22.478   22.972   23.292
            0.220833  0.127498  0.000000
  -45.357  -23.774  -23.397  -23.142  -20.600  -12.663   -2.894   -2.721   -2.472   -1.010
   -0.462    0.998    3.734    5.670    6.236    6.440    7.269    7.371    9.150   10.219
   12.032   13.142   13.835   15.711   16.345   16.916   17.124   17.616   18.950   20.258
   20.724   21.043   21.234   22.470   22.894   23.297
            0.225000  0.129904  0.000000
  -45.356  -23.772  -23.406  -23.144  -20.599  -12.652   -2.895   -2.720   -2.472   -1.015
   -0.501    0.986    3.727    5.677    6.247    6.463    7.282    7.400    9.182   10.245
   12.018   13.116   13.878   15.749   16.402   16.854   17.100   17.565   18.893   20.249
   20.648   21.018   21.251   22.457   22.816   23.302
            0.229167  0.132309  0.000000
  -45.355  -23.770  -23.414  -23.145  -20.597  -12.641   -2.896   -2.718   -2.473   -1.022
   -0.538    0.975    3.720    5.684    6.258    6.487    7.294    7.429    9.214   10.271
   12.003   13.089   13.924   15.785   16.458   16.790   17.076   17.516   18.834   20.236
   20.572   20.994   21.275   22.440   22.738   23.301
            0.233333  0.134715  0.000000
  -45.354  -23.768  -23.423  -23.147  -20.596  -12.630   -2.899   -2.715   -2.474   -1.032
   -0.572    0.963    3.712    5.691    6.270    6.511    7.306    7.458    9.246   10.297
   11.987   13.061   13.974   15.819   16.515   16.726   17.053   17.468   18.774   20.220
   20.494   20.969   21.305   22.420   22.661   23.289
            0.237500  0.137121  0.000000
  -45.353  -23.765  -23.431  -23.149  -20.595  -12.619   -2.902   -2.712   -2.474   -1.045
   -0.603    0.952    3.704    5.700    6.283    6.536    7.319    7.487    9.277   10.321
   11.971   13.033   14.026   15.852   16.569   16.662   17.032   17.421   18.713   20.200
   20.417   20.945   21.339   22.397   22.584   23.275
            0.241667  0.139526  0.000000
  -45.353  -23.763  -23.439  -23.150  -20.593  -12.608   -2.906   -2.708   -2.475   -1.060
   -0.631    0.940    3.696    5.708    6.297    6.560    7.331    7.517    9.308   10.346
   11.955   13.005   14.081   15.881   16.599   16.621   17.014   17.376   18.651   20.178
   20.341   20.921   21.376   22.373   22.508   23.259
            0.245833  0.141932  0.000000
  -45.352  -23.762  -23.447  -23.152  -20.592  -12.597   -2.911   -2.704   -2.476   -1.078
   -0.656    0.929    3.688    5.717    6.311    6.585    7.343    7.547    9.339   10.369
   11.938   12.977   14.137   15.905   16.540   16.668   17.002   17.332   18.588   20.152
   20.267   20.896   21.416   22.348   22.432   23.242
            0.250000  0.144338  0.000000
  -45.351  -23.760  -23.455  -23.153  -20.591  -12.586   -2.916   -2.699   -2.477   -1.100
   -0.677    0.917    3.680    5.726    6.325    6.611    7.355    7.578    9.369   10.392
   11.923   12.950   14.196   15.922   16.487   16.705   17.000   17.289   18.525   20.117
   20.201   20.873   21.456   22.323   22.358   23.226
            0.254167  0.146743  0.000000
  -45.350  -23.758  -23.462  -23.155  -20.590  -12.574   -2.921   -2.694   -2.477   -1.125
   -0.694    0.906    3.672    5.735    6.340    6.636    7.368    7.608    9.398   10.415
   11.907   12.923   14.255   15.929   16.442   16.729   17.012   17.247   18.461   20.067
   20.151   20.849   21.497   22.284   22.298   23.210
            0.258333  0.149149  0.000000
  -45.349  -23.757  -23.470  -23.157  -20.589  -12.563   -2.927   -2.689   -2.478   -1.153
   -0.708    0.895    3.664    5.745    6.356    6.662    7.380    7.639    9.427   10.437
   11.892   12.897   14.314   15.922   16.410   16.737   17.040   17.205   18.398   20.002
   20.117   20.826   21.536   22.211   22.274   23.195
            0.262500  0.151554  0.000000
  -45.349  -23.755  -23.477  -23.158  -20.588  -12.552   -2.932   -2.684   -2.479   -1.184
   -0.719    0.883    3.656    5.755    6.372    6.688    7.393    7.671    9.455   10.458
   11.878   12.871   14.374   15.900   16.393   16.731   17.082   17.165   18.335   19.931
   20.089   20.802   21.574   22.139   22.251   23.182
            0.266667  0.153960  0.000000
  -45.348  -23.754  -23.484  -23.160  -20.587  -12.540   -2.939   -2.678   -2.480   -1.216
   -0.728    0.872    3.647    5.766    6.388    6.714    7.405    7.702    9.482   10.479
   11.865   12.846   14.434   15.864   16.389   16.716   17.125   17.134   18.272   19.857
   20.064   20.780   21.608   22.068   22.231   23.171
            0.270833  0.156366  0.000000
  -45.347  -23.753  -23.491  -23.162  -20.586  -12.529   -2.945   -2.673   -2.481   -1.250
   -0.734    0.861    3.639    5.777    6.405    6.740    7.417    7.734    9.508   10.499
   11.852   12.821   14.493   15.815   16.396   16.695   17.087   17.193   18.211   19.784
   20.041   20.757   21.639   21.998   22.213   23.162
            0.275000  0.158771  0.000000
  -45.346  -23.752  -23.498  -23.163  -20.585  -12.517   -2.951   -2.667   -2.482   -1.286
   -0.739    0.850    3.631    5.787    6.422    6.766    7.430    7.767    9.534   10.519
   11.841   12.798   14.551   15.757   16.410   16.670   17.050   17.255   18.150   19.711
   20.019   20.735   21.664   21.929   22.199   23.155
            0.279167  0.161177  0.000000
  -45.346  -23.751  -23.504  -23.165  -20.584  -12.506   -2.958   -2.662   -2.483   -1.323
   -0.742    0.839    3.623    5.799    6.440    6.792    7.443    7.799    9.559   10.538
   11.831   12.775   14.606   15.695   16.428   16.643   17.015   17.319   18.091   19.638
   19.998   20.713   21.684   21.862   22.190   23.151
            0.283333  0.163583  0.000000
  -45.345  -23.751  -23.510  -23.167  -20.583  -12.494   -2.964   -2.656   -2.483   -1.360
   -0.744    0.829    3.614    5.810    6.458    6.818    7.456    7.832    9.583   10.556
   11.823   12.754   14.660   15.629   16.448   16.615   16.982   17.386   18.033   19.566
   19.978   20.691   21.697   21.795   22.184   23.151
            0.287500  0.165988  0.000000
  -45.344  -23.751  -23.516  -23.168  -20.582  -12.483   -2.971   -2.651   -2.484   -1.398
   -0.744    0.818    3.606    5.822    6.476    6.844    7.468    7.866    9.606   10.574
   11.815   12.733   14.709   15.563   16.467   16.585   16.952   17.454   17.978   19.496
   19.958   20.670   21.703   21.731   22.182   23.153
            0.291667  0.168394  0.000000
  -45.343  -23.751  -23.522  -23.170  -20.581  -12.471   -2.978   -2.645   -2.485   -1.436
   -0.744    0.808    3.598    5.834    6.494    6.871    7.482    7.900    9.628   10.592
   11.809   12.714   14.754   15.498   16.483   16.554   16.927   17.523   17.926   19.426
   19.940   20.649   21.667   21.703   22.184   23.160
            0.295833  0.170799  0.000000
  -45.342  -23.751  -23.527  -23.171  -20.580  -12.460   -2.984   -2.640   -2.486   -1.474
   -0.744    0.797    3.590    5.846    6.512    6.896    7.495    7.934    9.649   10.608
   11.804   12.695   14.792   15.436   16.494   16.523   16.907   17.593   17.877   19.358
   19.923   20.628   21.605   21.697   22.188   23.169
            0.300000  0.173205  0.000000
  -45.342  -23.751  -23.532  -23.173  -20.580  -12.449   -2.991   -2.635   -2.487   -1.512
   -0.743    0.787    3.583    5.858    6.531    6.922    7.508    7.968    9.669   10.625
   11.801   12.678   14.819   15.380   16.491   16.497   16.894   17.664   17.831   19.290
   19.906   20.608   21.545   21.687   22.193   23.182
            0.304167  0.175611  0.000000
  -45.341  -23.752  -23.536  -23.174  -20.579  -12.437   -2.998   -2.630   -2.488   -1.550
   -0.741    0.777    3.575    5.871    6.549    6.948    7.522    8.003    9.688   10.641
   11.799   12.661   14.834   15.334   16.458   16.493   16.889   17.735   17.790   19.224
   19.891   20.589   21.487   21.672   22.199   23.197
            0.308333  0.178016  0.000000
  -45.340  -23.753  -23.540  -23.176  -20.578  -12.426   -3.004   -2.625   -2.489   -1.587
   -0.739    0.767    3.568    5.884    6.568    6.973    7.536    8.038    9.705   10.657
   11.798   12.646   14.832   15.301   16.425   16.479   16.893   17.754   17.806   19.159
   19.876   20.569   21.430   21.655   22.205   23.214
            0.312500  0.180422  0.000000
  -45.339  -23.755  -23.544  -23.177  -20.578  -12.415   -3.011   -2.621   -2.490   -1.625
   -0.736    0.757    3.560    5.897    6.586    6.998    7.550    8.074    9.722   10.672
   11.799   12.632   14.811   15.282   16.392   16.458   16.903   17.723   17.878   19.096
   19.862   20.550   21.375   21.636   22.209   23.233
            0.316667  0.182828  0.000000
  -45.339  -23.756  -23.547  -23.179  -20.577  -12.404   -3.018   -2.616   -2.491   -1.662
   -0.734    0.748    3.553    5.910    6.605    7.022    7.565    8.110    9.738   10.687
   11.801   12.620   14.774   15.275   16.358   16.429   16.920   17.698   17.951   19.035
   19.849   20.532   21.321   21.616   22.212   23.252
            0.320833  0.185233  0.000000
  -45.338  -23.758  -23.550  -23.180  -20.576  -12.393   -3.024   -2.612   -2.492   -1.698
   -0.731    0.738    3.546    5.923    6.623    7.046    7.579    8.147    9.753   10.702
   11.804   12.608   14.723   15.277   16.324   16.394   16.941   17.678   18.023   18.975
   19.836   20.514   21.270   21.594   22.214   23.270
            0.325000  0.187639  0.000000
  -45.337  -23.760  -23.553  -23.182  -20.576  -12.382   -3.031   -2.608   -2.493   -1.734
   -0.728    0.729    3.539    5.937    6.640    7.070    7.595    8.184    9.766   10.717
   11.808   12.598   14.663   15.284   16.290   16.354   16.967   17.664   18.095   18.917
   19.825   20.496   21.221   21.572   22.215   23.287
            0.329167  0.190044  0.000000
  -45.337  -23.763  -23.555  -23.183  -20.575  -12.371   -3.037   -2.604   -2.494   -1.769
   -0.725    0.719    3.533    5.950    6.658    7.093    7.610    8.221    9.779   10.731
   11.813   12.589   14.597   15.291   16.256   16.311   16.995   17.656   18.167   18.861
   19.814   20.479   21.174   21.549   22.214   23.300
            0.333333  0.192450  0.000000
  -45.336  -23.766  -23.557  -23.185  -20.575  -12.360   -3.044   -2.601   -2.495   -1.804
   -0.722    0.710    3.526    5.964    6.675    7.115    7.626    8.259    9.791   10.745
   11.819   12.581   14.527   15.298   16.221   16.264   17.026   17.653   18.238   18.807
   19.804   20.463   21.130   21.526   22.212   23.309
            0.337500  0.194856  0.000000
  -45.335  -23.768  -23.559  -23.186  -20.575  -12.350   -3.050   -2.597   -2.496   -1.838
   -0.718    0.702    3.520    5.978    6.691    7.137    7.643    8.298    9.802   10.759
   11.826   12.575   14.455   15.301   16.186   16.214   17.060   17.656   18.309   18.756
   19.794   20.447   21.088   21.502   22.209   23.312
            0.341667  0.197261  0.000000
  -45.335  -23.772  -23.560  -23.188  -20.574  -12.339   -3.057   -2.594   -2.497   -1.871
   -0.715    0.693    3.514    5.992    6.708    7.158    7.659    8.336    9.812   10.773
   11.834   12.569   14.381   15.302   16.152   16.161   17.095   17.662   18.380   18.708
   19.785   20.431   21.048   21.479   22.205   23.309
            0.345833  0.199667  0.000000
  -45.334  -23.775  -23.561  -23.189  -20.574  -12.329   -3.063   -2.591   -2.498   -1.904
   -0.711    0.684    3.508    6.006    6.723    7.178    7.677    8.376    9.821   10.787
   11.842   12.565   14.307   15.299   16.107   16.117   17.133   17.672   18.449   18.663
   19.777   20.416   21.012   21.455   22.200   23.300
            0.350000  0.202073  0.000000
  -45.333  -23.778  -23.562  -23.190  -20.573  -12.318   -3.069   -2.588   -2.499   -1.935
   -0.708    0.676    3.503    6.021    6.738    7.197    7.695    8.415    9.830   10.801
   11.851   12.562   14.233   15.293   16.050   16.082   17.172   17.686   18.518   18.622
   19.770   20.401   20.978   21.432   22.195   23.285
            0.354167  0.204478  0.000000
  -45.333  -23.782  -23.563  -23.192  -20.573  -12.308   -3.075   -2.586   -2.500   -1.966
   -0.704    0.668    3.498    6.035    6.753    7.216    7.713    8.455    9.838   10.814
   11.860   12.560   14.158   15.283   15.992   16.048   17.211   17.702   18.585   18.585
   19.762   20.387   20.948   21.409   22.189   23.265
            0.358333  0.206884  0.000000
  -45.332  -23.786  -23.563  -23.193  -20.573  -12.298   -3.081   -2.584   -2.501   -1.996
   -0.701    0.660    3.492    6.049    6.766    7.234    7.731    8.496    9.846   10.827
   11.870   12.559   14.084   15.269   15.933   16.013   17.251   17.720   18.552   18.651
   19.756   20.373   20.921   21.386   22.183   23.240
            0.362500  0.209289  0.000000
  -45.331  -23.789  -23.563  -23.194  -20.573  -12.289   -3.087   -2.582   -2.502   -2.026
   -0.697    0.652    3.487    6.064    6.779    7.251    7.750    8.537    9.853   10.840
   11.880   12.560   14.011   15.253   15.873   15.979   17.289   17.740   18.525   18.714
   19.750   20.360   20.898   21.363   22.176   23.213
            0.366667  0.211695  0.000000
  -45.331  -23.793  -23.563  -23.195  -20.572  -12.279   -3.093   -2.580   -2.503   -2.054
   -0.694    0.645    3.483    6.079    6.792    7.267    7.770    8.578    9.860   10.853
   11.890   12.561   13.938   15.234   15.813   15.945   17.325   17.762   18.504   18.776
   19.744   20.347   20.879   21.340   22.170   23.183
            0.370833  0.214101  0.000000
  -45.330  -23.797  -23.563  -23.197  -20.572  -12.270   -3.099   -2.579   -2.504   -2.081
   -0.690    0.638    3.478    6.093    6.803    7.282    7.790    8.620    9.866   10.866
   11.901   12.562   13.866   15.212   15.752   15.911   17.357   17.787   18.489   18.835
   19.739   20.335   20.864   21.318   22.163   23.152
            0.375000  0.216506  0.000000
  -45.330  -23.801  -23.563  -23.198  -20.572  -12.261   -3.105   -2.578   -2.505   -2.108
   -0.687    0.630    3.474    6.108    6.814    7.297    7.810    8.662    9.873   10.878
   11.911   12.565   13.796   15.188   15.691   15.877   17.384   17.815   18.481   18.892
   19.734   20.323   20.854   21.296   22.156   23.120
            0.379167  0.218912  0.000000
  -45.329  -23.805  -23.562  -23.199  -20.572  -12.252   -3.111   -2.577   -2.506   -2.133
   -0.683    0.624    3.470    6.123    6.824    7.311    7.830    8.705    9.879   10.890
   11.921   12.568   13.728   15.162   15.631   15.844   17.404   17.846   18.479   18.946
   19.730   20.311   20.848   21.274   22.148   23.088
            0.383333  0.221318  0.000000
  -45.329  -23.809  -23.562  -23.200  -20.572  -12.243   -3.116   -2.576   -2.507   -2.157
   -0.680    0.617    3.466    6.138    6.832    7.324    7.850    8.748    9.885   10.902
   11.931   12.571   13.661   15.135   15.571   15.811   17.416   17.881   18.485   18.996
   19.726   20.299   20.848   21.252   22.141   23.057
            0.387500  0.223723  0.000000
  -45.328  -23.813  -23.561  -23.201  -20.571  -12.234   -3.122   -2.576   -2.508   -2.180
   -0.677    0.610    3.462    6.153    6.841    7.336    7.871    8.791    9.891   10.914
   11.941   12.575   13.596   15.105   15.512   15.779   17.421   17.920   18.497   19.043
   19.722   20.288   20.853   21.231   22.133   23.026
            0.391667  0.226129  0.000000
  -45.328  -23.817  -23.561  -23.202  -20.571  -12.226   -3.127   -2.576   -2.508   -2.203
   -0.673    0.604    3.459    6.168    6.848    7.347    7.891    8.834    9.897   10.925
   11.950   12.578   13.535   15.074   15.454   15.747   17.420   17.962   18.515   19.086
   19.719   20.277   20.863   21.210   22.125   22.996
            0.395833  0.228534  0.000000
  -45.327  -23.821  -23.560  -23.203  -20.571  -12.218   -3.132   -2.577   -2.509   -2.224
   -0.670    0.598    3.455    6.182    6.854    7.358    7.911    8.878    9.903   10.936
   11.958   12.581   13.476   15.042   15.398   15.715   17.412   18.007   18.538   19.126
   19.716   20.266   20.879   21.189   22.117   22.968
            0.400000  0.230940  0.000000
  -45.327  -23.824  -23.559  -23.204  -20.571  -12.210   -3.138   -2.578   -2.510   -2.243
   -0.667    0.592    3.452    6.197    6.859    7.368    7.932    8.922    9.909   10.947
   11.965   12.582   13.421   15.007   15.343   15.685   17.398   18.053   18.567   19.161
   19.713   20.255   20.901   21.168   22.108   22.941
            0.404167  0.233346  0.000000
  -45.326  -23.828  -23.558  -23.205  -20.571  -12.202   -3.143   -2.579   -2.511   -2.262
   -0.664    0.587    3.449    6.212    6.864    7.378    7.952    8.965    9.915   10.957
   11.971   12.583   13.370   14.972   15.291   15.655   17.381   18.100   18.599   19.193
   19.710   20.245   20.928   21.148   22.099   22.916
            0.408333  0.235751  0.000000
  -45.326  -23.832  -23.557  -23.206  -20.571  -12.195   -3.148   -2.580   -2.512   -2.280
   -0.661    0.581    3.446    6.227    6.868    7.386    7.972    9.009    9.921   10.967
   11.976   12.582   13.324   14.934   15.241   15.625   17.361   18.147   18.635   19.220
   19.708   20.234   20.960   21.128   22.090   22.892
            0.412500  0.238157  0.000000
  -45.325  -23.835  -23.557  -23.207  -20.571  -12.188   -3.153   -2.582   -2.512   -2.296
   -0.658    0.576    3.444    6.241    6.871    7.395    7.991    9.053    9.927   10.978
   11.979   12.578   13.283   14.894   15.195   15.597   17.339   18.194   18.674   19.244
   19.706   20.225   20.997   21.109   22.080   22.871
            0.416667  0.240563  0.000000
  -45.325  -23.838  -23.556  -23.208  -20.571  -12.181   -3.158   -2.585   -2.513   -2.311
   -0.656    0.571    3.441    6.256    6.873    7.403    8.010    9.096    9.933   10.988
   11.981   12.572   13.248   14.853   15.151   15.569   17.315   18.240   18.715   19.265
   19.705   20.215   21.039   21.091   22.070   22.852
            0.420833  0.242968  0.000000
  -45.324  -23.842  -23.555  -23.208  -20.571  -12.175   -3.162   -2.587   -2.514   -2.325
   -0.653    0.566    3.439    6.270    6.874    7.410    8.029    9.139    9.939   10.998
   11.980   12.564   13.220   14.810   15.111   15.543   17.290   18.286   18.758   19.282
   19.704   20.206   21.073   21.084   22.059   22.836
            0.425000  0.245374  0.000000
  -45.324  -23.845  -23.554  -23.209  -20.571  -12.169   -3.167   -2.590   -2.514   -2.338
   -0.651    0.562    3.437    6.284    6.875    7.416    8.047    9.182    9.946   11.007
   11.976   12.553   13.199   14.766   15.074   15.517   17.264   18.330   18.801   19.296
   19.703   20.197   21.055   21.134   22.047   22.822
            0.429167  0.247779  0.000000
  -45.324  -23.848  -23.553  -23.210  -20.571  -12.163   -3.171   -2.594   -2.515   -2.349
   -0.648    0.558    3.435    6.298    6.874    7.423    8.065    9.224    9.952   11.017
   11.970   12.541   13.184   14.720   15.040   15.492   17.239   18.372   18.845   19.308
   19.703   20.188   21.039   21.186   22.035   22.810
            0.433333  0.250185  0.000000
  -45.323  -23.851  -23.552  -23.210  -20.571  -12.157   -3.175   -2.597   -2.516   -2.360
   -0.646    0.554    3.433    6.312    6.874    7.428    8.082    9.265    9.958   11.027
   11.960   12.526   13.175   14.674   15.009   15.469   17.213   18.413   18.889   19.317
   19.703   20.180   21.023   21.241   22.023   22.800
            0.437500  0.252591  0.000000
  -45.323  -23.853  -23.552  -23.211  -20.571  -12.152   -3.179   -2.601   -2.516   -2.369
   -0.644    0.550    3.432    6.325    6.872    7.434    8.098    9.305    9.964   11.037
   11.947   12.512   13.172   14.627   14.981   15.446   17.188   18.452   18.931   19.325
   19.703   20.173   21.008   21.298   22.010   22.792
            0.441667  0.254996  0.000000
  -45.323  -23.856  -23.551  -23.212  -20.571  -12.147   -3.183   -2.605   -2.517   -2.378
   -0.642    0.546    3.430    6.338    6.871    7.439    8.113    9.345    9.970   11.048
   11.931   12.497   13.173   14.580   14.956   15.425   17.164   18.490   18.973   19.331
   19.704   20.166   20.994   21.356   21.996   22.787
            0.445833  0.257402  0.000000
  -45.322  -23.858  -23.550  -23.212  -20.571  -12.142   -3.186   -2.609   -2.517   -2.385
   -0.640    0.543    3.429    6.350    6.868    7.443    8.128    9.383    9.976   11.058
   11.911   12.483   13.179   14.534   14.933   15.405   17.141   18.526   19.012   19.335
   19.706   20.159   20.982   21.415   21.982   22.784
            0.450000  0.259808  0.000000
  -45.322  -23.860  -23.549  -23.213  -20.571  -12.138   -3.190   -2.613   -2.518   -2.392
   -0.638    0.540    3.427    6.363    6.866    7.447    8.141    9.420    9.981   11.069
   11.888   12.470   13.188   14.488   14.912   15.386   17.119   18.560   19.049   19.338
   19.709   20.153   20.970   21.474   21.968   22.782
            0.454167  0.262213  0.000000
  -45.322  -23.862  -23.549  -23.213  -20.571  -12.134   -3.193   -2.617   -2.518   -2.398
   -0.637    0.537    3.426    6.374    6.863    7.451    8.154    9.455    9.986   11.081
   11.863   12.459   13.200   14.444   14.893   15.368   17.099   18.592   19.083   19.340
   19.712   20.147   20.960   21.532   21.954   22.783
            0.458333  0.264619  0.000000
  -45.322  -23.864  -23.548  -23.214  -20.571  -12.130   -3.196   -2.621   -2.519   -2.403
   -0.635    0.535    3.425    6.385    6.859    7.455    8.166    9.488    9.991   11.092
   11.835   12.450   13.215   14.401   14.876   15.352   17.079   18.622   19.114   19.342
   19.716   20.142   20.951   21.589   21.941   22.785
            0.462500  0.267024  0.000000
  -45.322  -23.866  -23.548  -23.214  -20.571  -12.127   -3.199   -2.625   -2.519   -2.407
   -0.634    0.532    3.424    6.395    6.856    7.458    8.177    9.519    9.996   11.104
   11.806   12.442   13.230   14.359   14.860   15.338   17.061   18.649   19.142   19.342
   19.720   20.137   20.943   21.645   21.927   22.788
            0.466667  0.269430  0.000000
  -45.321  -23.868  -23.547  -23.214  -20.571  -12.124   -3.201   -2.628   -2.519   -2.411
   -0.633    0.530    3.423    6.405    6.853    7.460    8.187    9.548   10.000   11.117
   11.776   12.436   13.246   14.321   14.847   15.324   17.045   18.675   19.166   19.343
   19.725   20.133   20.936   21.698   21.914   22.792
            0.470833  0.271836  0.000000
  -45.321  -23.869  -23.547  -23.215  -20.571  -12.121   -3.203   -2.631   -2.520   -2.414
   -0.632    0.528    3.423    6.414    6.849    7.463    8.195    9.574   10.004   11.129
   11.747   12.430   13.263   14.285   14.835   15.313   17.031   18.698   19.187   19.343
   19.730   20.129   20.930   21.747   21.902   22.796
            0.475000  0.274241  0.000000
  -45.321  -23.870  -23.546  -23.215  -20.571  -12.119   -3.205   -2.634   -2.520   -2.417
   -0.631    0.527    3.422    6.421    6.846    7.465    8.203    9.597   10.007   11.141
   11.718   12.426   13.279   14.252   14.825   15.302   17.018   18.718   19.205   19.343
   19.735   20.126   20.926   21.792   21.891   22.801
            0.479167  0.276647  0.000000
  -45.321  -23.871  -23.546  -23.215  -20.571  -12.117   -3.207   -2.637   -2.520   -2.419
   -0.630    0.525    3.421    6.428    6.843    7.466    8.209    9.618   10.010   11.153
   11.691   12.423   13.294   14.223   14.817   15.294   17.007   18.736   19.219   19.342
   19.740   20.124   20.922   21.833   21.882   22.806
            0.483333  0.279053  0.000000
  -45.321  -23.872  -23.546  -23.216  -20.571  -12.115   -3.208   -2.639   -2.520   -2.420
   -0.629    0.524    3.421    6.434    6.841    7.468    8.215    9.634   10.012   11.164
   11.667   12.421   13.308   14.198   14.810   15.286   16.998   18.751   19.230   19.342
   19.745   20.121   20.919   21.867   21.873   22.811
            0.487500  0.281458  0.000000
  -45.321  -23.873  -23.546  -23.216  -20.571  -12.114   -3.209   -2.640   -2.520   -2.422
   -0.629    0.523    3.421    6.438    6.839    7.469    8.219    9.648   10.014   11.174
   11.647   12.420   13.320   14.178   14.805   15.281   16.991   18.762   19.238   19.342
   19.749   20.120   20.917   21.867   21.895   22.815
            0.491667  0.283864  0.000000
  -45.321  -23.873  -23.545  -23.216  -20.571  -12.113   -3.210   -2.641   -2.521   -2.423
   -0.628    0.523    3.421    6.442    6.837    7.470    8.222    9.657   10.016   11.182
   11.632   12.418   13.328   14.163   14.801   15.277   16.986   18.771   19.244   19.341
   19.752   20.118   20.916   21.862   21.915   22.818
            0.495833  0.286270  0.000000
  -45.321  -23.873  -23.545  -23.216  -20.571  -12.112   -3.210   -2.642   -2.521   -2.423
   -0.628    0.522    3.420    6.444    6.837    7.470    8.224    9.663   10.016   11.186
   11.622   12.418   13.334   14.154   14.799   15.274   16.983   18.776   19.247   19.341
   19.754   20.118   20.915   21.859   21.927   22.820
            0.500000  0.288675  0.000000
  -45.321  -23.873  -23.545  -23.216  -20.571  -12.112   -3.210   -2.642   -2.521   -2.423
   -0.628    0.522    3.420    6.444    6.836    7.470    8.224    9.665   10.017   11.188
   11.619   12.418   13.335   14.151   14.798   15.274   16.982   18.778   19.248   19.341
   19.754   20.117   20.915   21.858   21.932   22.821
            0.501389  0.286270  0.000000
  -45.321  -23.873  -23.545  -23.216  -20.571  -12.112   -3.210   -2.643   -2.521   -2.423
   -0.628    0.522    3.421    6.444    6.836    7.470    8.224    9.666   10.017   11.188
   11.619   12.418   13.335   14.150   14.798   15.273   16.982   18.778   19.247   19.338
   19.757   20.117   20.915   21.849   21.942   22.819
            0.502778  0.283864  0.000000
  -45.321  -23.873  -23.545  -23.216  -20.571  -12.112   -3.210   -2.643   -2.521   -2.423
   -0.628    0.521    3.421    6.444    6.836    7.470    8.223    9.667   10.018   11.189
   11.619   12.418   13.335   14.150   14.798   15.273   16.982   18.778   19.244   19.328
   19.765   20.115   20.916   21.830   21.965   22.813
            0.504167  0.281458  0.000000
  -45.321  -23.873  -23.545  -23.216  -20.571  -12.112   -3.210   -2.643   -2.521   -2.422
   -0.628    0.519    3.422    6.445    6.836    7.469    8.221    9.669   10.020   11.190
   11.620   12.418   13.335   14.150   14.798   15.272   16.982   18.779   19.239   19.313
   19.778   20.113   20.918   21.809   21.994   22.802
            0.505556  0.279053  0.000000
  -45.321  -23.873  -23.545  -23.216  -20.571  -12.112   -3.209   -2.644   -2.521   -2.421
   -0.628    0.517    3.423    6.445    6.836    7.468    8.219    9.673   10.022   11.191
   11.620   12.418   13.335   14.149   14.799   15.271   16.982   18.779   19.232   19.294
   19.794   20.109   20.921   21.788   22.025   22.788
            0.506944  0.276647  0.000000
  -45.321  -23.873  -23.545  -23.217  -20.571  -12.112   -3.209   -2.645   -2.521   -2.420
   -0.628    0.514    3.425    6.446    6.836    7.467    8.216    9.677   10.025   11.193
   11.620   12.419   13.335   14.148   14.799   15.269   16.981   18.780   19.220   19.274
   19.812   20.106   20.924   21.769   22.058   22.771
            0.508333  0.274241  0.000000
  -45.321  -23.873  -23.545  -23.217  -20.571  -12.112   -3.208   -2.646   -2.521   -2.418
   -0.628    0.510    3.427    6.447    6.836    7.465    8.212    9.683   10.028   11.195
   11.621   12.419   13.335   14.146   14.800   15.268   16.981   18.781   19.203   19.256
   19.831   20.102   20.927   21.751   22.092   22.750
            0.509722  0.271836  0.000000
  -45.321  -23.873  -23.545  -23.218  -20.571  -12.111   -3.208   -2.647   -2.522   -2.416
   -0.628    0.506    3.429    6.447    6.836    7.464    8.208    9.689   10.032   11.198
   11.621   12.420   13.335   14.145   14.800   15.265   16.980   18.782   19.179   19.240
   19.849   20.099   20.931   21.735   22.127   22.727
            0.511111  0.269430  0.000000
  -45.321  -23.873  -23.545  -23.218  -20.570  -12.111   -3.207   -2.649   -2.522   -2.414
   -0.628    0.501    3.432    6.448    6.836    7.462    8.203    9.696   10.037   11.200
   11.622   12.421   13.335   14.143   14.801   15.263   16.979   18.783   19.151   19.226
   19.865   20.097   20.936   21.721   22.162   22.701
            0.512500  0.267024  0.000000
  -45.321  -23.872  -23.545  -23.219  -20.570  -12.111   -3.206   -2.651   -2.522   -2.411
   -0.628    0.496    3.435    6.450    6.836    7.459    8.198    9.704   10.043   11.204
   11.623   12.422   13.335   14.142   14.802   15.260   16.978   18.783   19.119   19.213
   19.877   20.097   20.941   21.709   22.198   22.673
            0.513889  0.264619  0.000000
  -45.321  -23.872  -23.545  -23.219  -20.570  -12.110   -3.205   -2.652   -2.523   -2.409
   -0.628    0.490    3.438    6.451    6.836    7.457    8.192    9.712   10.049   11.207
   11.624   12.422   13.334   14.140   14.803   15.257   16.977   18.784   19.086   19.200
   19.886   20.101   20.946   21.700   22.235   22.644
            0.515278  0.262213  0.000000
  -45.321  -23.872  -23.545  -23.220  -20.570  -12.110   -3.204   -2.654   -2.523   -2.406
   -0.628    0.483    3.442    6.452    6.836    7.454    8.186    9.722   10.056   11.211
   11.625   12.423   13.334   14.137   14.803   15.254   16.975   18.784   19.051   19.186
   19.889   20.108   20.952   21.692   22.272   22.613
            0.516667  0.259808  0.000000
  -45.321  -23.871  -23.545  -23.221  -20.570  -12.110   -3.202   -2.657   -2.523   -2.403
   -0.629    0.476    3.446    6.454    6.836    7.451    8.179    9.732   10.063   11.216
   11.626   12.425   13.334   14.135   14.804   15.251   16.973   18.784   19.016   19.173
   19.887   20.118   20.959   21.686   22.308   22.583
            0.518056  0.257402  0.000000
  -45.321  -23.871  -23.545  -23.222  -20.570  -12.109   -3.201   -2.659   -2.524   -2.399
   -0.629    0.468    3.450    6.455    6.836    7.448    8.172    9.743   10.072   11.221
   11.627   12.426   13.333   14.132   14.806   15.247   16.971   18.783   18.981   19.159
   19.881   20.131   20.966   21.681   22.344   22.553
            0.519444  0.254996  0.000000
  -45.321  -23.871  -23.545  -23.223  -20.570  -12.109   -3.200   -2.661   -2.524   -2.396
   -0.629    0.459    3.455    6.457    6.836    7.445    8.164    9.754   10.081   11.226
   11.628   12.427   13.333   14.130   14.807   15.243   16.968   18.780   18.945   19.144
   19.871   20.146   20.974   21.678   22.377   22.525
            0.520833  0.252591  0.000000
  -45.320  -23.870  -23.544  -23.224  -20.570  -12.108   -3.198   -2.664   -2.524   -2.393
   -0.629    0.450    3.460    6.458    6.836    7.441    8.156    9.766   10.090   11.232
   11.629   12.428   13.333   14.127   14.808   15.239   16.966   18.776   18.911   19.129
   19.857   20.162   20.983   21.677   22.404   22.503
            0.522222  0.250185  0.000000
  -45.320  -23.870  -23.544  -23.225  -20.569  -12.108   -3.196   -2.666   -2.524   -2.389
   -0.629    0.440    3.465    6.460    6.836    7.438    8.148    9.778   10.101   11.238
   11.631   12.429   13.332   14.124   14.809   15.235   16.962   18.768   18.879   19.115
   19.841   20.178   20.994   21.676   22.412   22.501
            0.523611  0.247779  0.000000
  -45.320  -23.869  -23.544  -23.226  -20.569  -12.107   -3.195   -2.669   -2.524   -2.385
   -0.629    0.430    3.471    6.462    6.836    7.434    8.139    9.791   10.112   11.244
   11.632   12.431   13.332   14.121   14.811   15.230   16.958   18.756   18.851   19.100
   19.824   20.194   21.005   21.675   22.397   22.523
            0.525000  0.245374  0.000000
  -45.320  -23.869  -23.544  -23.227  -20.569  -12.106   -3.193   -2.672   -2.525   -2.381
   -0.629    0.419    3.476    6.464    6.835    7.430    8.130    9.804   10.124   11.251
   11.634   12.432   13.331   14.118   14.812   15.226   16.954   18.736   18.828   19.086
   19.804   20.210   21.018   21.675   22.373   22.554
            0.526389  0.242968  0.000000
  -45.320  -23.868  -23.544  -23.228  -20.569  -12.106   -3.191   -2.675   -2.525   -2.377
   -0.629    0.408    3.483    6.466    6.835    7.426    8.120    9.818   10.137   11.258
   11.635   12.434   13.330   14.115   14.814   15.221   16.949   18.710   18.810   19.073
   19.784   20.225   21.033   21.674   22.346   22.588
            0.527778  0.240563  0.000000
  -45.320  -23.868  -23.544  -23.230  -20.569  -12.105   -3.189   -2.678   -2.525   -2.373
   -0.629    0.396    3.489    6.469    6.835    7.421    8.110    9.832   10.150   11.266
   11.637   12.435   13.329   14.112   14.816   15.217   16.944   18.680   18.796   19.061
   19.762   20.239   21.049   21.673   22.320   22.623
            0.529167  0.238157  0.000000
  -45.320  -23.867  -23.544  -23.231  -20.568  -12.104   -3.187   -2.681   -2.525   -2.368
   -0.630    0.384    3.496    6.471    6.834    7.417    8.101    9.846   10.165   11.274
   11.639   12.437   13.329   14.109   14.817   15.212   16.938   18.646   18.782   19.050
   19.740   20.252   21.066   21.671   22.295   22.658
            0.530556  0.235751  0.000000
  -45.320  -23.866  -23.543  -23.232  -20.568  -12.103   -3.184   -2.684   -2.525   -2.364
   -0.630    0.371    3.503    6.473    6.834    7.412    8.090    9.860   10.180   11.283
   11.641   12.438   13.328   14.106   14.819   15.207   16.931   18.612   18.767   19.039
   19.717   20.263   21.085   21.667   22.272   22.693
            0.531944  0.233346  0.000000
  -45.320  -23.866  -23.543  -23.234  -20.568  -12.103   -3.182   -2.687   -2.525   -2.360
   -0.630    0.357    3.510    6.475    6.834    7.408    8.080    9.874   10.196   11.292
   11.643   12.440   13.327   14.102   14.821   15.202   16.923   18.576   18.751   19.030
   19.694   20.274   21.106   21.662   22.251   22.727
            0.533333  0.230940  0.000000
  -45.320  -23.865  -23.543  -23.235  -20.568  -12.102   -3.180   -2.691   -2.525   -2.355
   -0.630    0.343    3.517    6.478    6.833    7.403    8.070    9.889   10.212   11.301
   11.645   12.442   13.325   14.099   14.823   15.198   16.915   18.540   18.734   19.022
   19.671   20.284   21.128   21.654   22.232   22.760
            0.534722  0.228534  0.000000
  -45.320  -23.864  -23.543  -23.237  -20.568  -12.101   -3.177   -2.694   -2.525   -2.350
   -0.630    0.329    3.525    6.480    6.832    7.398    8.059    9.903   10.230   11.311
   11.647   12.443   13.324   14.096   14.825   15.193   16.906   18.505   18.714   19.015
   19.649   20.292   21.151   21.644   22.216   22.792
            0.536111  0.226129  0.000000
  -45.320  -23.864  -23.543  -23.239  -20.567  -12.100   -3.175   -2.697   -2.525   -2.346
   -0.631    0.314    3.533    6.483    6.832    7.394    8.048    9.918   10.248   11.321
   11.650   12.445   13.323   14.094   14.827   15.188   16.896   18.469   18.693   19.008
   19.627   20.300   21.175   21.631   22.202   22.822
            0.537500  0.223723  0.000000
  -45.320  -23.863  -23.542  -23.240  -20.567  -12.099   -3.172   -2.700   -2.524   -2.341
   -0.631    0.299    3.541    6.485    6.831    7.389    8.037    9.932   10.267   11.332
   11.652   12.447   13.322   14.091   14.829   15.183   16.885   18.434   18.671   19.001
   19.605   20.307   21.200   21.616   22.191   22.850
            0.538889  0.221318  0.000000
  -45.320  -23.862  -23.542  -23.242  -20.567  -12.098   -3.169   -2.704   -2.524   -2.336
   -0.631    0.283    3.550    6.487    6.830    7.384    8.026    9.946   10.287   11.343
   11.654   12.448   13.320   14.088   14.831   15.179   16.873   18.399   18.647   18.994
   19.585   20.313   21.226   21.599   22.183   22.874
            0.540278  0.218912  0.000000
  -45.320  -23.861  -23.542  -23.244  -20.567  -12.097   -3.167   -2.707   -2.524   -2.331
   -0.631    0.267    3.558    6.490    6.829    7.379    8.015    9.961   10.308   11.355
   11.657   12.450   13.319   14.086   14.833   15.174   16.861   18.365   18.622   18.985
   19.566   20.319   21.251   21.581   22.176   22.893
            0.541667  0.216506  0.000000
  -45.320  -23.860  -23.542  -23.246  -20.566  -12.096   -3.164   -2.710   -2.524   -2.326
   -0.631    0.251    3.567    6.492    6.828    7.375    8.004    9.975   10.329   11.367
   11.660   12.451   13.317   14.083   14.835   15.170   16.847   18.331   18.595   18.976
   19.549   20.324   21.277   21.561   22.171   22.905
            0.543056  0.214101  0.000000
  -45.320  -23.860  -23.542  -23.248  -20.566  -12.095   -3.161   -2.714   -2.524   -2.321
   -0.632    0.234    3.576    6.495    6.826    7.370    7.993    9.989   10.351   11.380
   11.663   12.453   13.315   14.081   14.837   15.166   16.832   18.297   18.568   18.965
   19.534   20.329   21.301   21.541   22.168   22.910
            0.544444  0.211695  0.000000
  -45.320  -23.859  -23.541  -23.250  -20.566  -12.094   -3.158   -2.717   -2.523   -2.316
   -0.632    0.217    3.585    6.497    6.825    7.366    7.982   10.003   10.374   11.393
   11.665   12.454   13.314   14.079   14.839   15.162   16.816   18.264   18.539   18.953
   19.521   20.334   21.322   21.523   22.166   22.907
            0.545833  0.209289  0.000000
  -45.320  -23.858  -23.541  -23.252  -20.565  -12.093   -3.155   -2.720   -2.523   -2.311
   -0.632    0.200    3.595    6.500    6.823    7.361    7.971   10.017   10.397   11.407
   11.668   12.455   13.312   14.078   14.841   15.158   16.800   18.232   18.510   18.938
   19.510   20.338   21.338   21.510   22.165   22.900
            0.547222  0.206884  0.000000
  -45.319  -23.857  -23.541  -23.254  -20.565  -12.091   -3.152   -2.724   -2.523   -2.305
   -0.633    0.182    3.604    6.502    6.822    7.357    7.960   10.031   10.421   11.421
   11.671   12.456   13.310   14.076   14.843   15.154   16.782   18.200   18.481   18.921
   19.502   20.342   21.344   21.505   22.164   22.890
            0.548611  0.204478  0.000000
  -45.319  -23.856  -23.541  -23.256  -20.565  -12.090   -3.149   -2.727   -2.522   -2.300
   -0.633    0.164    3.614    6.504    6.820    7.353    7.948   10.044   10.445   11.435
   11.675   12.458   13.308   14.075   14.845   15.150   16.763   18.168   18.450   18.902
   19.496   20.345   21.337   21.512   22.164   22.878
            0.550000  0.202073  0.000000
  -45.319  -23.855  -23.540  -23.259  -20.564  -12.089   -3.146   -2.730   -2.522   -2.295
   -0.633    0.145    3.624    6.507    6.818    7.349    7.937   10.058   10.470   11.450
   11.678   12.458   13.306   14.074   14.847   15.147   16.743   18.138   18.419   18.880
   19.492   20.349   21.321   21.529   22.164   22.865
            0.551389  0.199667  0.000000
  -45.319  -23.854  -23.540  -23.261  -20.564  -12.088   -3.142   -2.734   -2.522   -2.289
   -0.634    0.126    3.634    6.509    6.816    7.345    7.926   10.071   10.496   11.466
   11.681   12.459   13.305   14.074   14.848   15.144   16.722   18.108   18.388   18.857
   19.491   20.353   21.297   21.551   22.164   22.852
            0.552778  0.197261  0.000000
  -45.319  -23.853  -23.540  -23.263  -20.564  -12.087   -3.139   -2.737   -2.521   -2.284
   -0.634    0.107    3.644    6.511    6.813    7.342    7.915   10.084   10.522   11.481
   11.685   12.460   13.303   14.073   14.850   15.141   16.701   18.078   18.356   18.832
   19.492   20.356   21.270   21.577   22.163   22.838
            0.554167  0.194856  0.000000
  -45.319  -23.852  -23.540  -23.265  -20.563  -12.085   -3.136   -2.740   -2.521   -2.279
   -0.634    0.088    3.655    6.513    6.811    7.338    7.904   10.097   10.549   11.498
   11.688   12.461   13.301   14.073   14.852   15.138   16.678   18.049   18.324   18.805
   19.495   20.360   21.240   21.604   22.163   22.824
            0.555556  0.192450  0.000000
  -45.319  -23.851  -23.539  -23.268  -20.563  -12.084   -3.133   -2.743   -2.520   -2.273
   -0.635    0.068    3.665    6.515    6.808    7.335    7.893   10.110   10.576   11.515
   11.692   12.461   13.300   14.074   14.853   15.135   16.654   18.021   18.291   18.776
   19.500   20.363   21.209   21.632   22.163   22.810
            0.556944  0.190044  0.000000
  -45.319  -23.850  -23.539  -23.270  -20.563  -12.083   -3.129   -2.746   -2.520   -2.268
   -0.635    0.049    3.676    6.517    6.805    7.332    7.882   10.122   10.603   11.532
   11.696   12.461   13.298   14.074   14.854   15.133   16.629   17.993   18.259   18.746
   19.506   20.367   21.177   21.660   22.163   22.797
            0.558333  0.187639  0.000000
  -45.319  -23.849  -23.539  -23.273  -20.562  -12.081   -3.126   -2.749   -2.519   -2.262
   -0.636    0.029    3.687    6.519    6.801    7.330    7.871   10.135   10.631   11.550
   11.700   12.462   13.297   14.075   14.856   15.131   16.603   17.966   18.225   18.714
   19.514   20.370   21.145   21.687   22.163   22.784
            0.559722  0.185233  0.000000
  -45.319  -23.847  -23.538  -23.275  -20.562  -12.080   -3.123   -2.752   -2.519   -2.256
   -0.636    0.008    3.698    6.521    6.798    7.327    7.860   10.147   10.659   11.568
   11.704   12.462   13.296   14.076   14.857   15.130   16.577   17.939   18.192   18.682
   19.522   20.374   21.112   21.713   22.163   22.772
            0.561111  0.182828  0.000000
  -45.319  -23.846  -23.538  -23.278  -20.562  -12.079   -3.119   -2.755   -2.518   -2.251
   -0.637   -0.012    3.709    6.522    6.794    7.325    7.849   10.159   10.687   11.586
   11.708   12.461   13.295   14.078   14.857   15.128   16.549   17.912   18.158   18.649
   19.532   20.377   21.079   21.738   22.164   22.760
            0.562500  0.180422  0.000000
  -45.319  -23.845  -23.538  -23.280  -20.561  -12.077   -3.116   -2.758   -2.518   -2.245
   -0.637   -0.032    3.720    6.524    6.791    7.323    7.839   10.171   10.715   11.605
   11.713   12.461   13.295   14.080   14.858   15.127   16.521   17.886   18.124   18.615
   19.543   20.381   21.046   21.760   22.167   22.748
            0.563889  0.178016  0.000000
  -45.319  -23.844  -23.538  -23.283  -20.561  -12.076   -3.113   -2.760   -2.517   -2.239
   -0.638   -0.053    3.731    6.525    6.787    7.322    7.828   10.183   10.744   11.625
   11.717   12.461   13.294   14.082   14.858   15.127   16.492   17.861   18.089   18.580
   19.554   20.384   21.013   21.780   22.170   22.737
            0.565278  0.175611  0.000000
  -45.318  -23.843  -23.537  -23.286  -20.561  -12.074   -3.110   -2.763   -2.517   -2.233
   -0.638   -0.074    3.742    6.527    6.782    7.321    7.817   10.195   10.773   11.644
   11.722   12.460   13.294   14.084   14.858   15.127   16.463   17.835   18.055   18.545
   19.565   20.388   20.980   21.797   22.176   22.727
            0.566667  0.173205  0.000000
  -45.318  -23.841  -23.537  -23.288  -20.560  -12.073   -3.106   -2.765   -2.516   -2.227
   -0.639   -0.095    3.754    6.528    6.778    7.320    7.807   10.206   10.802   11.663
   11.728   12.460   13.295   14.087   14.858   15.127   16.432   17.810   18.020   18.510
   19.578   20.392   20.948   21.810   22.185   22.718
            0.568056  0.170799  0.000000
  -45.318  -23.840  -23.537  -23.291  -20.560  -12.071   -3.103   -2.768   -2.516   -2.222
   -0.640   -0.116    3.765    6.529    6.773    7.319    7.797   10.217   10.832   11.683
   11.734   12.459   13.295   14.090   14.858   15.127   16.401   17.786   17.985   18.474
   19.590   20.395   20.916   21.820   22.196   22.709
            0.569444  0.168394  0.000000
  -45.318  -23.839  -23.536  -23.294  -20.560  -12.070   -3.100   -2.770   -2.515   -2.216
   -0.640   -0.137    3.777    6.530    6.769    7.319    7.786   10.229   10.861   11.701
   11.741   12.458   13.296   14.094   14.857   15.128   16.370   17.761   17.949   18.438
   19.603   20.399   20.885   21.825   22.210   22.701
            0.570833  0.165988  0.000000
  -45.318  -23.838  -23.536  -23.297  -20.559  -12.068   -3.097   -2.772   -2.514   -2.210
   -0.641   -0.159    3.788    6.531    6.764    7.319    7.776   10.239   10.890   11.717
   11.752   12.458   13.298   14.097   14.855   15.130   16.338   17.737   17.913   18.402
   19.616   20.402   20.854   21.827   22.226   22.693
            0.572222  0.163583  0.000000
  -45.318  -23.836  -23.536  -23.299  -20.559  -12.067   -3.094   -2.774   -2.514   -2.204
   -0.642   -0.180    3.800    6.532    6.759    7.319    7.766   10.250   10.920   11.729
   11.766   12.457   13.299   14.101   14.854   15.131   16.306   17.713   17.877   18.366
   19.629   20.405   20.824   21.825   22.245   22.687
            0.573611  0.161177  0.000000
  -45.318  -23.835  -23.535  -23.302  -20.559  -12.065   -3.091   -2.776   -2.513   -2.197
   -0.643   -0.201    3.812    6.532    6.753    7.320    7.756   10.261   10.950   11.738
   11.783   12.457   13.302   14.105   14.852   15.133   16.274   17.689   17.841   18.330
   19.642   20.407   20.796   21.820   22.266   22.681
            0.575000  0.158771  0.000000
  -45.318  -23.834  -23.535  -23.305  -20.558  -12.064   -3.088   -2.778   -2.512   -2.191
   -0.644   -0.223    3.824    6.533    6.748    7.321    7.746   10.271   10.979   11.745
   11.803   12.457   13.304   14.109   14.850   15.136   16.241   17.666   17.805   18.294
   19.655   20.409   20.768   21.812   22.288   22.676
            0.576389  0.156366  0.000000
  -45.318  -23.832  -23.535  -23.308  -20.558  -12.062   -3.085   -2.780   -2.511   -2.185
   -0.645   -0.244    3.835    6.533    6.743    7.322    7.737   10.281   11.009   11.752
   11.823   12.457   13.307   14.114   14.847   15.139   16.208   17.642   17.768   18.258
   19.668   20.410   20.742   21.802   22.311   22.671
            0.577778  0.153960  0.000000
  -45.318  -23.831  -23.534  -23.311  -20.557  -12.060   -3.082   -2.781   -2.511   -2.179
   -0.646   -0.266    3.847    6.533    6.737    7.323    7.727   10.291   11.038   11.758
   11.844   12.457   13.311   14.118   14.844   15.142   16.175   17.619   17.731   18.222
   19.680   20.410   20.718   21.790   22.335   22.668
            0.579167  0.151554  0.000000
  -45.318  -23.830  -23.534  -23.314  -20.557  -12.059   -3.080   -2.783   -2.510   -2.173
   -0.648   -0.287    3.859    6.533    6.731    7.324    7.718   10.300   11.068   11.764
   11.865   12.459   13.315   14.123   14.841   15.145   16.142   17.595   17.693   18.186
   19.692   20.409   20.696   21.777   22.358   22.666
            0.580556  0.149149  0.000000
  -45.317  -23.828  -23.534  -23.317  -20.557  -12.057   -3.077   -2.784   -2.509   -2.166
   -0.649   -0.308    3.871    6.533    6.726    7.326    7.708   10.310   11.097   11.770
   11.886   12.460   13.319   14.128   14.837   15.149   16.109   17.572   17.656   18.151
   19.704   20.406   20.677   21.762   22.381   22.665
            0.581944  0.146743  0.000000
  -45.317  -23.827  -23.533  -23.320  -20.556  -12.056   -3.075   -2.785   -2.509   -2.160
   -0.651   -0.329    3.883    6.533    6.720    7.328    7.699   10.319   11.127   11.776
   11.906   12.463   13.324   14.133   14.833   15.153   16.076   17.549   17.618   18.115
   19.715   20.400   20.661   21.746   22.403   22.666
            0.583333  0.144338  0.000000
  -45.317  -23.825  -23.533  -23.323  -20.556  -12.054   -3.072   -2.786   -2.508   -2.154
   -0.653   -0.350    3.895    6.533    6.714    7.330    7.690   10.327   11.156   11.782
   11.926   12.467   13.330   14.138   14.828   15.158   16.043   17.525   17.580   18.080
   19.726   20.392   20.648   21.730   22.424   22.668
            0.584722  0.141932  0.000000
  -45.317  -23.824  -23.533  -23.326  -20.556  -12.052   -3.070   -2.787   -2.507   -2.147
   -0.655   -0.371    3.907    6.532    6.708    7.333    7.681   10.336   11.186   11.788
   11.944   12.472   13.336   14.143   14.823   15.163   16.011   17.502   17.541   18.045
   19.737   20.382   20.639   21.712   22.442   22.673
            0.586111  0.139526  0.000000
  -45.317  -23.823  -23.532  -23.329  -20.555  -12.051   -3.068   -2.787   -2.506   -2.141
   -0.658   -0.391    3.919    6.531    6.702    7.335    7.673   10.344   11.215   11.794
   11.962   12.478   13.342   14.148   14.818   15.168   15.979   17.479   17.503   18.010
   19.746   20.369   20.633   21.695   22.458   22.680
            0.587500  0.137121  0.000000
  -45.317  -23.821  -23.532  -23.332  -20.555  -12.049   -3.066   -2.788   -2.505   -2.134
   -0.661   -0.411    3.931    6.531    6.696    7.338    7.664   10.353   11.244   11.800
   11.979   12.486   13.349   14.153   14.812   15.173   15.947   17.454   17.465   17.975
   19.755   20.354   20.631   21.677   22.472   22.689
            0.588889  0.134715  0.000000
  -45.317  -23.820  -23.532  -23.335  -20.555  -12.047   -3.064   -2.788   -2.504   -2.127
   -0.664   -0.430    3.943    6.529    6.691    7.340    7.656   10.360   11.273   11.806
   11.995   12.495   13.356   14.158   14.806   15.179   15.916   17.422   17.435   17.941
   19.763   20.337   20.631   21.658   22.483   22.700
            0.590278  0.132309  0.000000
  -45.317  -23.818  -23.531  -23.338  -20.554  -12.046   -3.062   -2.788   -2.504   -2.121
   -0.668   -0.449    3.955    6.528    6.685    7.343    7.648   10.368   11.301   11.812
   12.009   12.507   13.364   14.163   14.800   15.185   15.885   17.383   17.411   17.906
   19.771   20.320   20.633   21.639   22.491   22.714
            0.591667  0.129904  0.000000
  -45.317  -23.817  -23.531  -23.340  -20.554  -12.044   -3.061   -2.788   -2.503   -2.114
   -0.673   -0.467    3.967    6.527    6.679    7.346    7.640   10.375   11.330   11.819
   12.021   12.520   13.372   14.167   14.793   15.191   15.855   17.344   17.388   17.872
   19.777   20.302   20.638   21.621   22.498   22.729
            0.593056  0.127498  0.000000
  -45.317  -23.815  -23.531  -23.343  -20.554  -12.043   -3.059   -2.788   -2.502   -2.107
   -0.678   -0.485    3.979    6.525    6.674    7.348    7.632   10.382   11.358   11.825
   12.032   12.535   13.381   14.172   14.785   15.197   15.825   17.304   17.365   17.838
   19.782   20.284   20.643   21.602   22.502   22.746
            0.594444  0.125093  0.000000
  -45.316  -23.814  -23.530  -23.346  -20.553  -12.041   -3.058   -2.787   -2.501   -2.100
   -0.685   -0.501    3.991    6.524    6.668    7.351    7.625   10.389   11.386   11.832
   12.042   12.553   13.390   14.176   14.778   15.203   15.797   17.264   17.342   17.804
   19.786   20.266   20.650   21.584   22.505   22.763
            0.595833  0.122687  0.000000
  -45.316  -23.813  -23.530  -23.349  -20.553  -12.039   -3.057   -2.787   -2.500   -2.093
   -0.693   -0.516    4.003    6.522    6.663    7.354    7.618   10.396   11.414   11.839
   12.049   12.572   13.399   14.180   14.770   15.210   15.769   17.224   17.319   17.770
   19.788   20.248   20.658   21.565   22.506   22.780
            0.597222  0.120281  0.000000
  -45.316  -23.811  -23.530  -23.352  -20.553  -12.038   -3.056   -2.786   -2.499   -2.086
   -0.702   -0.530    4.014    6.520    6.657    7.356    7.611   10.402   11.442   11.845
   12.056   12.594   13.409   14.183   14.762   15.216   15.743   17.183   17.296   17.737
   19.789   20.232   20.667   21.547   22.507   22.797
            0.598611  0.117876  0.000000
  -45.316  -23.810  -23.530  -23.355  -20.552  -12.036   -3.055   -2.785   -2.498   -2.079
   -0.712   -0.542    4.026    6.518    6.652    7.359    7.605   10.408   11.469   11.852
   12.061   12.617   13.419   14.186   14.754   15.222   15.717   17.143   17.273   17.703
   19.788   20.217   20.677   21.529   22.507   22.813
            0.600000  0.115470  0.000000
  -45.316  -23.808  -23.529  -23.358  -20.552  -12.034   -3.054   -2.784   -2.497   -2.072
   -0.724   -0.553    4.038    6.516    6.647    7.361    7.599   10.413   11.496   11.859
   12.065   12.642   13.429   14.188   14.745   15.229   15.693   17.102   17.251   17.670
   19.786   20.203   20.687   21.511   22.507   22.829
            0.601389  0.113064  0.000000
  -45.316  -23.807  -23.529  -23.361  -20.552  -12.033   -3.054   -2.783   -2.496   -2.065
   -0.737   -0.562    4.049    6.513    6.643    7.363    7.593   10.419   11.523   11.867
   12.068   12.669   13.440   14.190   14.737   15.235   15.670   17.061   17.228   17.636
   19.782   20.190   20.697   21.494   22.506   22.844
            0.602778  0.110659  0.000000
  -45.316  -23.805  -23.529  -23.364  -20.551  -12.031   -3.053   -2.782   -2.496   -2.057
   -0.752   -0.570    4.061    6.511    6.638    7.365    7.588   10.424   11.550   11.874
   12.070   12.696   13.451   14.191   14.728   15.242   15.649   17.020   17.206   17.603
   19.776   20.179   20.707   21.478   22.506   22.857
            0.604167  0.108253  0.000000
  -45.316  -23.804  -23.528  -23.367  -20.551  -12.029   -3.053   -2.781   -2.495   -2.050
   -0.768   -0.576    4.072    6.508    6.633    7.366    7.583   10.428   11.576   11.881
   12.071   12.725   13.462   14.191   14.720   15.248   15.629   16.978   17.184   17.569
   19.769   20.170   20.718   21.462   22.504   22.870
            0.605556  0.105848  0.000000
  -45.316  -23.802  -23.528  -23.370  -20.551  -12.028   -3.053   -2.779   -2.494   -2.043
   -0.784   -0.582    4.084    6.505    6.629    7.367    7.579   10.433   11.601   11.889
   12.072   12.756   13.473   14.190   14.711   15.254   15.611   16.937   17.162   17.536
   19.759   20.162   20.728   21.447   22.503   22.880
            0.606944  0.103442  0.000000
  -45.316  -23.801  -23.528  -23.373  -20.550  -12.026   -3.053   -2.777   -2.493   -2.035
   -0.802   -0.587    4.095    6.503    6.625    7.368    7.575   10.437   11.627   11.897
   12.073   12.786   13.484   14.188   14.703   15.259   15.594   16.896   17.140   17.503
   19.748   20.156   20.738   21.433   22.502   22.889
            0.608333  0.101036  0.000000
  -45.316  -23.800  -23.527  -23.376  -20.550  -12.025   -3.053   -2.776   -2.492   -2.028
   -0.819   -0.591    4.106    6.500    6.621    7.368    7.572   10.441   11.651   11.905
   12.073   12.818   13.496   14.185   14.696   15.264   15.579   16.855   17.118   17.469
   19.736   20.152   20.748   21.420   22.501   22.897
            0.609722  0.098631  0.000000
  -45.315  -23.798  -23.527  -23.378  -20.550  -12.023   -3.053   -2.774   -2.491   -2.020
   -0.838   -0.594    4.117    6.497    6.617    7.368    7.570   10.445   11.675   11.913
   12.074   12.850   13.508   14.181   14.689   15.269   15.566   16.813   17.096   17.436
   19.722   20.149   20.757   21.407   22.499   22.903
            0.611111  0.096225  0.000000
  -45.315  -23.797  -23.527  -23.381  -20.550  -12.022   -3.053   -2.772   -2.490   -2.012
   -0.857   -0.597    4.128    6.494    6.614    7.368    7.568   10.448   11.697   11.922
   12.075   12.883   13.519   14.175   14.682   15.273   15.556   16.772   17.075   17.402
   19.707   20.147   20.766   21.396   22.498   22.907
            0.612500  0.093819  0.000000
  -45.315  -23.795  -23.526  -23.384  -20.549  -12.020   -3.053   -2.770   -2.489   -2.004
   -0.876   -0.600    4.138    6.491    6.610    7.367    7.566   10.451   11.719   11.931
   12.076   12.916   13.531   14.168   14.676   15.276   15.547   16.731   17.054   17.369
   19.691   20.147   20.774   21.387   22.497   22.909
            0.613889  0.091414  0.000000
  -45.315  -23.794  -23.526  -23.387  -20.549  -12.018   -3.054   -2.768   -2.488   -1.997
   -0.895   -0.602    4.149    6.488    6.607    7.365    7.565   10.454   11.739   11.941
   12.077   12.950   13.542   14.160   14.671   15.279   15.540   16.689   17.033   17.336
   19.674   20.147   20.780   21.378   22.496   22.909
            0.615278  0.089008  0.000000
  -45.315  -23.793  -23.526  -23.389  -20.549  -12.017   -3.054   -2.766   -2.487   -1.989
   -0.914   -0.604    4.159    6.485    6.604    7.363    7.565   10.456   11.758   11.952
   12.079   12.983   13.553   14.151   14.667   15.281   15.536   16.648   17.013   17.302
   19.657   20.148   20.786   21.372   22.495   22.908
            0.616667  0.086603  0.000000
  -45.315  -23.791  -23.526  -23.392  -20.549  -12.016   -3.055   -2.764   -2.486   -1.981
   -0.934   -0.606    4.169    6.482    6.601    7.361    7.565   10.459   11.775   11.964
   12.082   13.017   13.564   14.141   14.663   15.283   15.533   16.607   16.992   17.269
   19.639   20.150   20.791   21.367   22.493   22.904
            0.618056  0.084197  0.000000
  -45.315  -23.790  -23.525  -23.395  -20.548  -12.014   -3.056   -2.762   -2.485   -1.972
   -0.953   -0.607    4.179    6.479    6.598    7.358    7.565   10.461   11.790   11.978
   12.085   13.050   13.575   14.130   14.661   15.284   15.533   16.566   16.972   17.235
   19.621   20.153   20.794   21.363   22.492   22.899
            0.619444  0.081791  0.000000
  -45.315  -23.789  -23.525  -23.397  -20.548  -12.013   -3.056   -2.759   -2.484   -1.964
   -0.973   -0.608    4.189    6.476    6.595    7.355    7.566   10.462   11.803   11.993
   12.089   13.083   13.585   14.118   14.659   15.285   15.534   16.525   16.952   17.201
   19.602   20.156   20.796   21.362   22.492   22.893
            0.620833  0.079386  0.000000
  -45.315  -23.787  -23.525  -23.400  -20.548  -12.011   -3.057   -2.757   -2.483   -1.956
   -0.992   -0.610    4.199    6.473    6.593    7.351    7.568   10.464   11.814   12.009
   12.093   13.115   13.595   14.105   14.658   15.286   15.537   16.485   16.933   17.168
   19.583   20.160   20.796   21.362   22.491   22.884
            0.622222  0.076980  0.000000
  -45.315  -23.786  -23.524  -23.402  -20.548  -12.010   -3.058   -2.755   -2.482   -1.948
   -1.011   -0.611    4.208    6.470    6.590    7.347    7.570   10.465   11.823   12.027
   12.099   13.147   13.604   14.092   14.658   15.287   15.541   16.444   16.913   17.134
   19.565   20.165   20.796   21.364   22.490   22.875
            0.623611  0.074574  0.000000
  -45.315  -23.785  -23.524  -23.405  -20.547  -12.008   -3.058   -2.753   -2.481   -1.939
   -1.031   -0.612    4.217    6.467    6.588    7.343    7.572   10.466   11.830   12.046
   12.105   13.178   13.612   14.080   14.659   15.288   15.546   16.404   16.894   17.101
   19.546   20.169   20.793   21.368   22.489   22.864
            0.625000  0.072169  0.000000
  -45.314  -23.784  -23.524  -23.407  -20.547  -12.007   -3.059   -2.751   -2.480   -1.931
   -1.050   -0.613    4.226    6.465    6.586    7.339    7.574   10.467   11.835   12.066
   12.112   13.208   13.619   14.067   14.661   15.289   15.553   16.364   16.875   17.068
   19.527   20.174   20.789   21.374   22.489   22.851
            0.626389  0.069763  0.000000
  -45.314  -23.783  -23.524  -23.409  -20.547  -12.006   -3.060   -2.749   -2.479   -1.922
   -1.069   -0.613    4.235    6.462    6.583    7.335    7.577   10.467   11.839   12.088
   12.119   13.236   13.625   14.055   14.663   15.291   15.560   16.324   16.857   17.034
   19.508   20.180   20.784   21.381   22.488   22.838
            0.627778  0.067358  0.000000
  -45.314  -23.781  -23.524  -23.411  -20.547  -12.004   -3.061   -2.746   -2.478   -1.913
   -1.087   -0.614    4.244    6.460    6.581    7.330    7.579   10.468   11.841   12.110
   12.128   13.262   13.631   14.044   14.666   15.292   15.568   16.284   16.839   17.001
   19.490   20.186   20.778   21.390   22.487   22.823
            0.629167  0.064952  0.000000
  -45.314  -23.780  -23.523  -23.414  -20.547  -12.003   -3.062   -2.744   -2.477   -1.905
   -1.106   -0.615    4.252    6.458    6.579    7.325    7.582   10.468   11.843   12.132
   12.136   13.287   13.636   14.035   14.669   15.295   15.577   16.245   16.821   16.969
   19.472   20.192   20.771   21.401   22.487   22.807
            0.630556  0.062546  0.000000
  -45.314  -23.779  -23.523  -23.416  -20.546  -12.002   -3.063   -2.742   -2.476   -1.896
   -1.124   -0.615    4.260    6.456    6.577    7.321    7.585   10.468   11.844   12.145
   12.155   13.308   13.641   14.027   14.673   15.298   15.586   16.207   16.803   16.936
   19.454   20.198   20.762   21.412   22.486   22.791
            0.631944  0.060141  0.000000
  -45.314  -23.778  -23.523  -23.418  -20.546  -12.001   -3.064   -2.740   -2.475   -1.887
   -1.143   -0.616    4.268    6.454    6.576    7.316    7.588   10.468   11.844   12.155
   12.179   13.325   13.646   14.021   14.677   15.302   15.596   16.168   16.785   16.904
   19.436   20.205   20.753   21.425   22.485   22.774
            0.633333  0.057735  0.000000
  -45.314  -23.777  -23.523  -23.420  -20.546  -12.000   -3.065   -2.738   -2.474   -1.878
   -1.160   -0.616    4.276    6.452    6.574    7.311    7.591   10.468   11.844   12.165
   12.202   13.338   13.651   14.016   14.682   15.306   15.606   16.131   16.767   16.873
   19.419   20.212   20.743   21.439   22.484   22.756
            0.634722  0.055329  0.000000
  -45.314  -23.776  -23.523  -23.422  -20.546  -11.998   -3.065   -2.736   -2.474   -1.869
   -1.178   -0.617    4.283    6.451    6.572    7.306    7.594   10.467   11.844   12.176
   12.226   13.346   13.659   14.014   14.688   15.311   15.616   16.093   16.749   16.842
   19.402   20.219   20.732   21.454   22.483   22.738
            0.636111  0.052924  0.000000
  -45.314  -23.775  -23.522  -23.424  -20.546  -11.997   -3.066   -2.735   -2.473   -1.860
   -1.196   -0.617    4.290    6.449    6.571    7.301    7.597   10.467   11.843   12.187
   12.250   13.349   13.668   14.013   14.693   15.317   15.626   16.057   16.730   16.813
   19.385   20.226   20.721   21.469   22.482   22.719
            0.637500  0.050518  0.000000
  -45.314  -23.774  -23.522  -23.425  -20.546  -11.996   -3.067   -2.733   -2.472   -1.851
   -1.213   -0.618    4.297    6.448    6.569    7.297    7.600   10.466   11.842   12.198
   12.274   13.346   13.680   14.014   14.700   15.324   15.636   16.021   16.711   16.785
   19.369   20.234   20.709   21.485   22.480   22.700
            0.638889  0.048113  0.000000
  -45.314  -23.773  -23.522  -23.427  -20.545  -11.995   -3.068   -2.731   -2.471   -1.842
   -1.229   -0.618    4.303    6.447    6.568    7.292    7.603   10.465   11.841   12.210
   12.299   13.337   13.694   14.016   14.706   15.331   15.646   15.986   16.690   16.760
   19.353   20.242   20.697   21.502   22.478   22.682
            0.640278  0.045707  0.000000
  -45.314  -23.772  -23.522  -23.429  -20.545  -11.994   -3.069   -2.729   -2.470   -1.833
   -1.246   -0.618    4.309    6.446    6.566    7.287    7.606   10.464   11.840   12.222
   12.323   13.324   13.709   14.019   14.713   15.339   15.655   15.952   16.667   16.737
   19.338   20.250   20.684   21.519   22.475   22.664
            0.641667  0.043301  0.000000
  -45.314  -23.772  -23.522  -23.430  -20.545  -11.993   -3.070   -2.728   -2.470   -1.824
   -1.262   -0.619    4.315    6.445    6.565    7.283    7.609   10.463   11.838   12.234
   12.347   13.307   13.726   14.023   14.720   15.348   15.664   15.920   16.643   16.717
   19.324   20.258   20.672   21.537   22.471   22.646
            0.643056  0.040896  0.000000
  -45.314  -23.771  -23.522  -23.432  -20.545  -11.992   -3.070   -2.726   -2.469   -1.815
   -1.278   -0.619    4.321    6.445    6.563    7.279    7.612   10.462   11.837   12.247
   12.371   13.286   13.744   14.028   14.728   15.357   15.672   15.889   16.618   16.699
   19.310   20.266   20.659   21.554   22.466   22.630
            0.644444  0.038490  0.000000
  -45.314  -23.770  -23.521  -23.433  -20.545  -11.992   -3.071   -2.725   -2.468   -1.806
   -1.293   -0.619    4.326    6.444    6.562    7.274    7.615   10.461   11.836   12.259
   12.396   13.262   13.762   14.033   14.736   15.366   15.679   15.860   16.591   16.684
   19.296   20.275   20.646   21.572   22.460   22.615
            0.645833  0.036084  0.000000
  -45.314  -23.770  -23.521  -23.435  -20.545  -11.991   -3.072   -2.724   -2.468   -1.797
   -1.308   -0.619    4.331    6.444    6.561    7.270    7.617   10.460   11.834   12.272
   12.420   13.236   13.781   14.038   14.744   15.376   15.684   15.833   16.565   16.669
   19.283   20.284   20.633   21.590   22.452   22.601
            0.647222  0.033679  0.000000
  -45.313  -23.769  -23.521  -23.436  -20.545  -11.990   -3.073   -2.722   -2.467   -1.789
   -1.322   -0.619    4.335    6.444    6.560    7.267    7.620   10.459   11.833   12.285
   12.444   13.208   13.799   14.044   14.752   15.386   15.686   15.811   16.539   16.656
   19.271   20.293   20.619   21.608   22.442   22.590
            0.648611  0.031273  0.000000
  -45.313  -23.768  -23.521  -23.437  -20.545  -11.989   -3.073   -2.721   -2.467   -1.780
   -1.336   -0.620    4.340    6.444    6.559    7.263    7.622   10.458   11.832   12.299
   12.468   13.179   13.817   14.049   14.761   15.397   15.683   15.793   16.514   16.644
   19.260   20.302   20.606   21.625   22.431   22.580
            0.650000  0.028868  0.000000
  -45.313  -23.768  -23.521  -23.438  -20.544  -11.989   -3.074   -2.720   -2.466   -1.771
   -1.350   -0.620    4.344    6.444    6.558    7.260    7.624   10.457   11.831   12.312
   12.492   13.148   13.833   14.054   14.770   15.407   15.677   15.781   16.490   16.633
   19.249   20.311   20.593   21.643   22.418   22.573
            0.651389  0.026462  0.000000
  -45.313  -23.767  -23.521  -23.439  -20.544  -11.988   -3.074   -2.719   -2.465   -1.763
   -1.363   -0.620    4.347    6.444    6.557    7.256    7.626   10.456   11.830   12.325
   12.516   13.116   13.849   14.060   14.778   15.416   15.667   15.773   16.467   16.623
   19.239   20.321   20.580   21.659   22.405   22.566
            0.652778  0.024056  0.000000
  -45.313  -23.767  -23.521  -23.440  -20.544  -11.987   -3.075   -2.718   -2.465   -1.755
   -1.375   -0.620    4.351    6.444    6.556    7.253    7.628   10.455   11.829   12.339
   12.540   13.084   13.864   14.065   14.787   15.425   15.655   15.770   16.445   16.613
   19.230   20.331   20.567   21.676   22.390   22.562
            0.654167  0.021651  0.000000
  -45.313  -23.766  -23.521  -23.441  -20.544  -11.987   -3.075   -2.717   -2.465   -1.748
   -1.386   -0.620    4.354    6.445    6.555    7.251    7.630   10.454   11.828   12.352
   12.564   13.051   13.878   14.069   14.795   15.432   15.644   15.767   16.425   16.605
   19.221   20.340   20.555   21.691   22.376   22.558
            0.655556  0.019245  0.000000
  -45.313  -23.766  -23.521  -23.441  -20.544  -11.986   -3.076   -2.717   -2.464   -1.741
   -1.396   -0.620    4.356    6.445    6.554    7.248    7.631   10.453   11.827   12.365
   12.587   13.018   13.890   14.074   14.803   15.436   15.635   15.764   16.407   16.597
   19.213   20.350   20.542   21.706   22.361   22.556
            0.656944  0.016839  0.000000
  -45.313  -23.766  -23.521  -23.442  -20.544  -11.986   -3.076   -2.716   -2.464   -1.734
   -1.406   -0.620    4.359    6.446    6.553    7.246    7.633   10.452   11.826   12.378
   12.611   12.984   13.901   14.078   14.811   15.439   15.630   15.761   16.391   16.590
   19.206   20.360   20.530   21.720   22.347   22.554
            0.658333  0.014434  0.000000
  -45.313  -23.765  -23.521  -23.443  -20.544  -11.986   -3.077   -2.715   -2.464   -1.728
   -1.415   -0.620    4.361    6.446    6.553    7.244    7.634   10.451   11.826   12.390
   12.634   12.951   13.911   14.082   14.818   15.439   15.629   15.757   16.377   16.583
   19.200   20.370   20.517   21.732   22.334   22.552
            0.659722  0.012028  0.000000
  -45.313  -23.765  -23.520  -23.443  -20.544  -11.985   -3.077   -2.715   -2.463   -1.723
   -1.422   -0.621    4.363    6.447    6.552    7.242    7.635   10.451   11.825   12.402
   12.657   12.918   13.919   14.085   14.824   15.437   15.633   15.750   16.366   16.578
   19.195   20.380   20.506   21.743   22.322   22.551
            0.661111  0.009623  0.000000
  -45.313  -23.765  -23.520  -23.444  -20.544  -11.985   -3.077   -2.715   -2.463   -1.718
   -1.429   -0.621    4.364    6.447    6.552    7.241    7.636   10.450   11.825   12.413
   12.679   12.886   13.925   14.088   14.829   15.433   15.640   15.742   16.357   16.573
   19.191   20.390   20.494   21.752   22.312   22.550
            0.662500  0.007217  0.000000
  -45.313  -23.765  -23.520  -23.444  -20.544  -11.985   -3.077   -2.714   -2.463   -1.714
   -1.434   -0.621    4.365    6.447    6.551    7.240    7.636   10.450   11.824   12.422
   12.701   12.856   13.930   14.091   14.833   15.429   15.650   15.733   16.350   16.570
   19.187   20.400   20.484   21.760   22.304   22.550
            0.663889  0.004811  0.000000
  -45.313  -23.765  -23.520  -23.444  -20.544  -11.985   -3.078   -2.714   -2.463   -1.712
   -1.437   -0.621    4.366    6.448    6.551    7.239    7.637   10.449   11.824   12.430
   12.722   12.828   13.934   14.093   14.836   15.426   15.662   15.721   16.345   16.567
   19.185   20.409   20.474   21.765   22.298   22.550
            0.665278  0.002406  0.000000
  -45.313  -23.765  -23.520  -23.444  -20.544  -11.985   -3.078   -2.714   -2.463   -1.710
   -1.439   -0.621    4.366    6.448    6.551    7.238    7.637   10.449   11.824   12.435
   12.740   12.805   13.936   14.094   14.838   15.424   15.676   15.708   16.342   16.566
   19.184   20.415   20.467   21.768   22.294   22.550
            0.666667 -0.000000  0.000000
  -45.313  -23.765  -23.520  -23.444  -20.544  -11.984   -3.078   -2.714   -2.463   -1.710
   -1.440   -0.621    4.366    6.448    6.551    7.238    7.637   10.449   11.824   12.437
   12.749   12.795   13.936   14.094   14.839   15.423   15.686   15.698   16.341   16.565
   19.183   20.418   20.464   21.770   22.293   22.549
            0.661111 -0.000000  0.000000
  -45.313  -23.765  -23.520  -23.444  -20.544  -11.985   -3.078   -2.714   -2.463   -1.712
   -1.437   -0.621    4.366    6.448    6.551    7.239    7.637   10.449   11.824   12.428
   12.731   12.822   13.934   14.092   14.836   15.427   15.658   15.725   16.344   16.567
   19.185   20.409   20.474   21.765   22.298   22.550
            0.655556 -0.000000  0.000000
  -45.313  -23.765  -23.520  -23.444  -20.544  -11.985   -3.077   -2.714   -2.463   -1.718
   -1.429   -0.621    4.364    6.446    6.552    7.241    7.636   10.450   11.825   12.396
   12.720   12.861   13.927   14.086   14.830   15.438   15.621   15.760   16.352   16.574
   19.191   20.390   20.494   21.754   22.312   22.550
            0.650000 -0.000000  0.000000
  -45.313  -23.765  -23.521  -23.443  -20.544  -11.986   -3.077   -2.715   -2.464   -1.726
   -1.416   -0.621    4.361    6.444    6.553    7.244    7.634   10.452   11.826   12.346
   12.727   12.901   13.916   14.076   14.821   15.454   15.583   15.794   16.364   16.585
   19.201   20.370   20.518   21.736   22.334   22.551
            0.644444 -0.000000  0.000000
  -45.313  -23.766  -23.521  -23.442  -20.544  -11.987   -3.076   -2.716   -2.464   -1.737
   -1.400   -0.620    4.357    6.441    6.556    7.248    7.632   10.454   11.827   12.283
   12.747   12.940   13.903   14.060   14.810   15.471   15.550   15.829   16.379   16.601
   19.215   20.349   20.543   21.715   22.362   22.552
            0.638889 -0.000000  0.000000
  -45.313  -23.766  -23.521  -23.440  -20.544  -11.988   -3.075   -2.718   -2.465   -1.750
   -1.380   -0.620    4.352    6.437    6.559    7.253    7.630   10.457   11.829   12.213
   12.773   12.978   13.886   14.041   14.797   15.467   15.543   15.862   16.396   16.620
   19.233   20.328   20.569   21.692   22.394   22.554
            0.633333 -0.000000  0.000000
  -45.313  -23.767  -23.521  -23.438  -20.544  -11.989   -3.074   -2.719   -2.466   -1.763
   -1.359   -0.620    4.346    6.431    6.563    7.259    7.627   10.460   11.830   12.139
   12.803   13.013   13.867   14.019   14.785   15.438   15.568   15.893   16.417   16.643
   19.255   20.306   20.597   21.669   22.427   22.557
            0.627778 -0.000000  0.000000
  -45.314  -23.768  -23.521  -23.436  -20.545  -11.991   -3.072   -2.721   -2.467   -1.776
   -1.335   -0.620    4.339    6.425    6.567    7.266    7.624   10.464   11.833   12.061
   12.836   13.046   13.845   13.995   14.771   15.403   15.603   15.923   16.440   16.668
   19.280   20.284   20.626   21.647   22.461   22.564
            0.622222 -0.000000  0.000000
  -45.314  -23.769  -23.522  -23.434  -20.545  -11.993   -3.070   -2.723   -2.468   -1.789
   -1.310   -0.619    4.331    6.417    6.572    7.272    7.621   10.468   11.835   11.983
   12.869   13.076   13.820   13.971   14.757   15.369   15.643   15.950   16.466   16.696
   19.308   20.261   20.657   21.628   22.489   22.578
            0.616667 -0.000000  0.000000
  -45.314  -23.769  -23.522  -23.432  -20.545  -11.995   -3.068   -2.724   -2.469   -1.802
   -1.284   -0.619    4.322    6.408    6.577    7.279    7.619   10.473   11.838   11.903
   12.903   13.104   13.792   13.948   14.742   15.337   15.685   15.975   16.495   16.725
   19.339   20.238   20.690   21.611   22.508   22.602
            0.611111 -0.000000  0.000000
  -45.314  -23.770  -23.522  -23.429  -20.545  -11.998   -3.066   -2.726   -2.471   -1.815
   -1.258   -0.619    4.312    6.399    6.583    7.286    7.617   10.478   11.821   11.843
   12.934   13.129   13.761   13.927   14.727   15.309   15.729   15.998   16.528   16.755
   19.372   20.213   20.725   21.598   22.519   22.637
            0.605556 -0.000000  0.000000
  -45.314  -23.771  -23.523  -23.426  -20.545  -12.001   -3.064   -2.728   -2.472   -1.827
   -1.230   -0.618    4.302    6.388    6.589    7.291    7.616   10.483   11.741   11.846
   12.962   13.153   13.728   13.910   14.711   15.283   15.774   16.019   16.564   16.786
   19.406   20.187   20.763   21.588   22.525   22.676
            0.600000 -0.000000  0.000000
  -45.314  -23.772  -23.523  -23.423  -20.546  -12.004   -3.062   -2.730   -2.474   -1.838
   -1.202   -0.617    4.291    6.377    6.596    7.296    7.616   10.489   11.660   11.850
   12.983   13.178   13.693   13.897   14.695   15.261   15.819   16.039   16.602   16.819
   19.441   20.161   20.804   21.583   22.529   22.719
            0.594444 -0.000000  0.000000
  -45.314  -23.773  -23.524  -23.419  -20.546  -12.007   -3.059   -2.732   -2.476   -1.848
   -1.173   -0.617    4.280    6.364    6.603    7.299    7.618   10.494   11.578   11.854
   12.996   13.205   13.658   13.887   14.679   15.241   15.863   16.060   16.643   16.852
   19.476   20.133   20.848   21.581   22.533   22.764
            0.588889 -0.000000  0.000000
  -45.315  -23.774  -23.524  -23.416  -20.546  -12.011   -3.056   -2.734   -2.477   -1.858
   -1.144   -0.616    4.267    6.352    6.610    7.300    7.621   10.498   11.497   11.859
   13.000   13.236   13.623   13.880   14.665   15.224   15.905   16.082   16.687   16.887
   19.509   20.105   20.896   21.584   22.537   22.809
            0.583333 -0.000000  0.000000
  -45.315  -23.775  -23.525  -23.412  -20.547  -12.015   -3.053   -2.736   -2.479   -1.866
   -1.115   -0.615    4.255    6.338    6.617    7.300    7.626   10.503   11.416   11.865
   12.993   13.270   13.588   13.877   14.652   15.209   15.944   16.106   16.731   16.923
   19.540   20.078   20.948   21.591   22.542   22.854
            0.577778 -0.000000  0.000000
  -45.315  -23.775  -23.526  -23.408  -20.547  -12.020   -3.050   -2.737   -2.481   -1.874
   -1.086   -0.614    4.242    6.324    6.625    7.297    7.633   10.506   11.335   11.871
   12.976   13.308   13.553   13.876   14.641   15.196   15.979   16.134   16.778   16.960
   19.566   20.052   21.004   21.601   22.549   22.900
            0.572222 -0.000000  0.000000
  -45.315  -23.776  -23.527  -23.404  -20.547  -12.025   -3.047   -2.738   -2.483   -1.881
   -1.056   -0.612    4.228    6.309    6.633    7.292    7.641   10.508   11.255   11.878
   12.952   13.348   13.519   13.876   14.634   15.184   16.009   16.168   16.825   17.000
   19.587   20.029   21.063   21.615   22.557   22.945
            0.566667 -0.000000  0.000000
  -45.316  -23.776  -23.527  -23.400  -20.548  -12.030   -3.044   -2.739   -2.485   -1.888
   -1.027   -0.610    4.214    6.294    6.640    7.285    7.651   10.508   11.176   11.885
   12.922   13.389   13.485   13.879   14.630   15.173   16.034   16.206   16.873   17.041
   19.601   20.010   21.126   21.631   22.567   22.989
            0.561111 -0.000000  0.000000
  -45.316  -23.777  -23.528  -23.395  -20.548  -12.035   -3.041   -2.740   -2.488   -1.893
   -0.997   -0.608    4.200    6.279    6.648    7.277    7.662   10.507   11.097   11.893
   12.888   13.430   13.453   13.883   14.630   15.163   16.056   16.247   16.922   17.083
   19.606   19.998   21.191   21.651   22.580   23.033
            0.555556 -0.000000  0.000000
  -45.316  -23.777  -23.529  -23.391  -20.548  -12.041   -3.038   -2.740   -2.490   -1.898
   -0.968   -0.605    4.186    6.263    6.656    7.266    7.674   10.502   11.021   11.901
   12.850   13.418   13.473   13.889   14.633   15.154   16.075   16.292   16.971   17.129
   19.600   19.994   21.257   21.673   22.597   23.074
            0.550000 -0.000000  0.000000
  -45.317  -23.777  -23.530  -23.387  -20.549  -12.047   -3.035   -2.740   -2.492   -1.901
   -0.940   -0.601    4.171    6.247    6.664    7.255    7.686   10.494   10.947   11.910
   12.810   13.385   13.512   13.898   14.640   15.147   16.092   16.338   17.021   17.176
   19.584   19.998   21.325   21.697   22.616   23.113
            0.544444 -0.000000  0.000000
  -45.317  -23.778  -23.531  -23.382  -20.549  -12.053   -3.032   -2.739   -2.495   -1.904
   -0.912   -0.597    4.157    6.230    6.672    7.242    7.699   10.481   10.877   11.919
   12.768   13.351   13.549   13.910   14.648   15.141   16.109   16.385   17.071   17.225
   19.559   20.007   21.392   21.724   22.640   23.148
            0.538889 -0.000000  0.000000
  -45.318  -23.778  -23.532  -23.377  -20.550  -12.060   -3.029   -2.738   -2.497   -1.905
   -0.885   -0.591    4.142    6.214    6.680    7.228    7.712   10.461   10.812   11.929
   12.725   13.318   13.582   13.927   14.659   15.138   16.126   16.433   17.121   17.276
   19.528   20.022   21.457   21.752   22.668   23.178
            0.533333 -0.000000  0.000000
  -45.318  -23.777  -23.533  -23.372  -20.550  -12.067   -3.026   -2.736   -2.500   -1.906
   -0.860   -0.583    4.127    6.197    6.687    7.214    7.725   10.433   10.754   11.938
   12.683   13.285   13.611   13.950   14.669   15.137   16.143   16.480   17.172   17.329
   19.492   20.040   21.519   21.782   22.699   23.201
            0.527778 -0.000000  0.000000
  -45.318  -23.777  -23.534  -23.368  -20.550  -12.074   -3.023   -2.734   -2.502   -1.906
   -0.836   -0.574    4.112    6.180    6.695    7.199    7.738   10.393   10.706   11.946
   12.642   13.251   13.634   13.980   14.678   15.141   16.160   16.528   17.224   17.383
   19.452   20.060   21.576   21.814   22.733   23.216
            0.522222 -0.000000  0.000000
  -45.319  -23.777  -23.535  -23.363  -20.551  -12.082   -3.020   -2.731   -2.505   -1.905
   -0.815   -0.563    4.097    6.163    6.702    7.184    7.749   10.343   10.666   11.954
   12.602   13.218   13.654   14.016   14.684   15.149   16.178   16.575   17.276   17.439
   19.410   20.082   21.627   21.848   22.766   23.226
            0.516667 -0.000000  0.000000
  -45.319  -23.776  -23.537  -23.358  -20.551  -12.090   -3.017   -2.728   -2.508   -1.903
   -0.796   -0.549    4.082    6.145    6.709    7.168    7.761   10.284   10.634   11.960
   12.565   13.184   13.669   14.058   14.687   15.163   16.197   16.622   17.330   17.496
   19.367   20.103   21.672   21.884   22.794   23.237
            0.511111 -0.000000  0.000000
  -45.320  -23.775  -23.538  -23.353  -20.552  -12.098   -3.014   -2.724   -2.510   -1.900
   -0.780   -0.532    4.067    6.128    6.715    7.152    7.771   10.218   10.608   11.963
   12.530   13.151   13.683   14.105   14.686   15.182   16.217   16.668   17.384   17.554
   19.323   20.125   21.710   21.920   22.809   23.257
            0.505556 -0.000000  0.000000
  -45.320  -23.774  -23.539  -23.348  -20.552  -12.107   -3.012   -2.720   -2.513   -1.896
   -0.766   -0.513    4.053    6.110    6.721    7.137    7.781   10.147   10.585   11.964
   12.500   13.119   13.696   14.156   14.680   15.207   16.238   16.713   17.439   17.613
   19.280   20.147   21.743   21.957   22.805   23.294
            0.500000 -0.000000  0.000000
  -45.321  -23.773  -23.540  -23.343  -20.553  -12.116   -3.009   -2.716   -2.516   -1.891
   -0.755   -0.491    4.038    6.093    6.727    7.121    7.789   10.072   10.563   11.960
   12.474   13.086   13.708   14.210   14.669   15.238   16.260   16.758   17.495   17.672
   19.236   20.168   21.770   21.993   22.782   23.349
            0.494444 -0.000000  0.000000
  -45.321  -23.772  -23.541  -23.338  -20.553  -12.125   -3.006   -2.711   -2.519   -1.885
   -0.747   -0.466    4.024    6.075    6.731    7.106    7.797    9.996   10.542   11.952
   12.453   13.055   13.721   14.267   14.655   15.273   16.283   16.801   17.553   17.732
   19.194   20.189   21.791   22.028   22.742   23.419
            0.488889 -0.000000  0.000000
  -45.322  -23.771  -23.542  -23.333  -20.554  -12.134   -3.004   -2.706   -2.522   -1.878
   -0.740   -0.440    4.010    6.057    6.735    7.092    7.803    9.919   10.522   11.939
   12.438   13.024   13.736   14.326   14.636   15.312   16.307   16.844   17.611   17.792
   19.153   20.208   21.809   22.062   22.690   23.497
            0.483333 -0.000000  0.000000
  -45.322  -23.770  -23.543  -23.328  -20.555  -12.144   -3.001   -2.700   -2.526   -1.869
   -0.735   -0.412    3.996    6.040    6.738    7.078    7.808    9.840   10.500   11.920
   12.429   12.994   13.753   14.387   14.615   15.355   16.333   16.885   17.669   17.853
   19.113   20.227   21.822   22.094   22.629   23.578
            0.477778 -0.000000  0.000000
  -45.323  -23.768  -23.544  -23.323  -20.555  -12.154   -2.998   -2.694   -2.529   -1.860
   -0.732   -0.383    3.982    6.022    6.739    7.065    7.811    9.762   10.479   11.896
   12.424   12.965   13.773   14.450   14.591   15.401   16.360   16.924   17.729   17.913
   19.076   20.244   21.830   22.124   22.564   23.653
            0.472222 -0.000000  0.000000
  -45.324  -23.767  -23.545  -23.318  -20.556  -12.164   -2.996   -2.688   -2.532   -1.849
   -0.729   -0.352    3.969    6.004    6.740    7.053    7.813    9.683   10.456   11.868
   12.424   12.937   13.795   14.514   14.565   15.448   16.389   16.962   17.789   17.973
   19.041   20.260   21.833   22.152   22.497   23.718
            0.466667 -0.000000  0.000000
  -45.324  -23.765  -23.546  -23.313  -20.556  -12.174   -2.993   -2.682   -2.536   -1.837
   -0.728   -0.321    3.956    5.987    6.739    7.043    7.814    9.604   10.433   11.837
   12.426   12.910   13.820   14.536   14.580   15.498   16.419   16.997   17.851   18.034
   19.008   20.275   21.830   22.176   22.433   23.770
            0.461111 -0.000000  0.000000
  -45.325  -23.763  -23.547  -23.308  -20.557  -12.185   -2.990   -2.676   -2.540   -1.825
   -0.727   -0.289    3.943    5.970    6.736    7.033    7.813    9.525   10.409   11.802
   12.432   12.885   13.848   14.506   14.647   15.549   16.450   17.031   17.912   18.093
   18.979   20.287   21.820   22.194   22.377   23.810
            0.455556 -0.000000  0.000000
  -45.326  -23.761  -23.548  -23.303  -20.558  -12.196   -2.988   -2.670   -2.543   -1.810
   -0.727   -0.257    3.931    5.952    6.732    7.025    7.811    9.446   10.384   11.766
   12.439   12.861   13.878   14.476   14.715   15.601   16.482   17.062   17.975   18.153
   18.953   20.298   21.800   22.200   22.339   23.837
            0.450000 -0.000000  0.000000
  -45.326  -23.759  -23.549  -23.298  -20.558  -12.207   -2.985   -2.663   -2.547   -1.795
   -0.727   -0.224    3.919    5.935    6.726    7.019    7.807    9.368   10.359   11.727
   12.447   12.838   13.911   14.444   14.784   15.654   16.516   17.091   18.038   18.211
   18.930   20.307   21.770   22.188   22.328   23.851
            0.444444 -0.000000  0.000000
  -45.327  -23.757  -23.549  -23.293  -20.559  -12.218   -2.982   -2.657   -2.550   -1.779
   -0.728   -0.191    3.908    5.918    6.719    7.013    7.802    9.290   10.333   11.687
   12.456   12.817   13.947   14.412   14.854   15.707   16.550   17.117   18.101   18.270
   18.912   20.314   21.728   22.167   22.336   23.852
            0.438889 -0.000000  0.000000
  -45.328  -23.755  -23.549  -23.288  -20.560  -12.230   -2.979   -2.651   -2.554   -1.761
   -0.729   -0.158    3.897    5.901    6.710    7.009    7.795    9.213   10.306   11.646
   12.465   12.798   13.984   14.380   14.925   15.761   16.585   17.140   18.164   18.327
   18.897   20.318   21.676   22.146   22.352   23.841
            0.433333 -0.000000  0.000000
  -45.328  -23.753  -23.549  -23.283  -20.560  -12.242   -2.975   -2.646   -2.558   -1.742
   -0.731   -0.124    3.886    5.885    6.700    7.006    7.787    9.137   10.279   11.604
   12.474   12.781   14.022   14.350   14.997   15.814   16.620   17.162   18.228   18.383
   18.886   20.321   21.617   22.131   22.373   23.820
            0.427778 -0.000000  0.000000
  -45.329  -23.752  -23.549  -23.278  -20.561  -12.254   -2.972   -2.640   -2.561   -1.722
   -0.732   -0.091    3.876    5.868    6.689    7.004    7.777    9.061   10.251   11.562
   12.482   12.765   14.057   14.323   15.069   15.868   16.656   17.181   18.292   18.438
   18.879   20.321   21.555   22.119   22.395   23.791
            0.422222 -0.000000  0.000000
  -45.330  -23.750  -23.549  -23.273  -20.562  -12.266   -2.969   -2.636   -2.564   -1.700
   -0.734   -0.057    3.867    5.852    6.677    7.002    7.766    8.987   10.223   11.520
   12.490   12.752   14.086   14.305   15.143   15.920   16.692   17.199   18.355   18.492
   18.876   20.320   21.491   22.111   22.418   23.757
            0.416667 -0.000000  0.000000
  -45.331  -23.748  -23.549  -23.269  -20.562  -12.278   -2.965   -2.632   -2.567   -1.677
   -0.736   -0.024    3.858    5.836    6.664    7.001    7.753    8.913   10.194   11.477
   12.497   12.742   14.100   14.304   15.217   15.971   16.726   17.216   18.416   18.544
   18.877   20.318   21.428   22.103   22.442   23.717
            0.411111 -0.000000  0.000000
  -45.331  -23.746  -23.548  -23.264  -20.563  -12.290   -2.961   -2.628   -2.569   -1.654
   -0.738    0.010    3.849    5.821    6.651    6.999    7.739    8.841   10.165   11.434
   12.503   12.734   14.094   14.325   15.293   16.021   16.759   17.233   18.475   18.594
   18.883   20.316   21.368   22.097   22.467   23.673
            0.405556 -0.000000  0.000000
  -45.332  -23.744  -23.547  -23.259  -20.564  -12.303   -2.957   -2.627   -2.570   -1.629
   -0.741    0.043    3.841    5.805    6.637    6.999    7.723    8.769   10.135   11.391
   12.508   12.728   14.072   14.362   15.369   16.070   16.790   17.252   18.528   18.643
   18.895   20.313   21.311   22.090   22.493   23.626
            0.400000 -0.000000  0.000000
  -45.333  -23.743  -23.545  -23.255  -20.565  -12.316   -2.953   -2.626   -2.570   -1.602
   -0.743    0.077    3.833    5.790    6.622    6.998    7.706    8.699   10.105   11.347
   12.512   12.725   14.041   14.411   15.445   16.115   16.818   17.273   18.570   18.693
   18.916   20.312   21.258   22.082   22.521   23.575
            0.394444 -0.000000  0.000000
  -45.334  -23.742  -23.544  -23.250  -20.566  -12.329   -2.949   -2.627   -2.568   -1.575
   -0.745    0.110    3.826    5.775    6.608    6.996    7.687    8.630   10.074   11.304
   12.515   12.725   14.005   14.464   15.523   16.158   16.843   17.299   18.596   18.746
   18.948   20.313   21.210   22.074   22.549   23.522
            0.388889 -0.000000  0.000000
  -45.335  -23.741  -23.542  -23.245  -20.567  -12.342   -2.944   -2.629   -2.566   -1.547
   -0.747    0.143    3.820    5.761    6.593    6.995    7.668    8.563   10.043   11.262
   12.518   12.727   13.966   14.522   15.601   16.198   16.865   17.329   18.604   18.804
   18.989   20.318   21.166   22.064   22.579   23.467
            0.383333 -0.000000  0.000000
  -45.336  -23.740  -23.539  -23.241  -20.568  -12.355   -2.940   -2.632   -2.564   -1.518
   -0.749    0.176    3.813    5.747    6.578    6.993    7.646    8.497   10.012   11.219
   12.520   12.732   13.926   14.582   15.679   16.232   16.884   17.364   18.595   18.865
   19.040   20.327   21.126   22.052   22.610   23.411
            0.377778 -0.000000  0.000000
  -45.336  -23.739  -23.536  -23.236  -20.569  -12.368   -2.935   -2.637   -2.560   -1.487
   -0.751    0.208    3.808    5.733    6.563    6.990    7.624    8.433    9.980   11.176
   12.522   12.739   13.884   14.644   15.759   16.262   16.902   17.403   18.573   18.927
   19.097   20.340   21.091   22.039   22.643   23.354
            0.372222 -0.000000  0.000000
  -45.337  -23.738  -23.533  -23.232  -20.570  -12.381   -2.930   -2.642   -2.557   -1.456
   -0.753    0.241    3.803    5.719    6.548    6.986    7.600    8.370    9.947   11.134
   12.524   12.748   13.841   14.707   15.839   16.286   16.920   17.447   18.540   18.992
   19.160   20.359   21.058   22.024   22.676   23.296
            0.366667 -0.000000  0.000000
  -45.338  -23.738  -23.529  -23.228  -20.571  -12.395   -2.925   -2.647   -2.553   -1.425
   -0.755    0.273    3.798    5.706    6.533    6.982    7.576    8.310    9.915   11.092
   12.526   12.758   13.797   14.771   15.919   16.303   16.939   17.495   18.498   19.057
   19.227   20.383   21.029   22.008   22.711   23.238
            0.361111 -0.000000  0.000000
  -45.339  -23.738  -23.525  -23.224  -20.572  -12.408   -2.920   -2.653   -2.549   -1.392
   -0.756    0.305    3.794    5.694    6.518    6.976    7.550    8.251    9.881   11.050
   12.529   12.770   13.753   14.836   16.000   16.313   16.960   17.546   18.449   19.122
   19.297   20.413   21.002   21.990   22.746   23.181
            0.355556 -0.000000  0.000000
  -45.340  -23.738  -23.521  -23.219  -20.573  -12.422   -2.914   -2.659   -2.545   -1.359
   -0.756    0.337    3.791    5.682    6.503    6.970    7.524    8.194    9.848   11.008
   12.533   12.783   13.709   14.900   16.082   16.317   16.984   17.598   18.395   19.188
   19.370   20.447   20.978   21.971   22.781   23.125
            0.350000 -0.000000  0.000000
  -45.341  -23.739  -23.516  -23.215  -20.574  -12.435   -2.909   -2.665   -2.541   -1.326
   -0.757    0.368    3.788    5.670    6.489    6.962    7.497    8.139    9.814   10.967
   12.537   12.798   13.664   14.965   16.163   16.315   17.011   17.649   18.338   19.254
   19.446   20.485   20.956   21.950   22.817   23.071
            0.344444 -0.000000  0.000000
  -45.342  -23.740  -23.511  -23.211  -20.575  -12.449   -2.903   -2.672   -2.537   -1.292
   -0.756    0.400    3.785    5.659    6.474    6.952    7.470    8.085    9.779   10.926
   12.543   12.813   13.619   15.028   16.245   16.308   17.041   17.697   18.283   19.321
   19.524   20.526   20.937   21.928   22.854   23.018
            0.338889 -0.000000  0.000000
  -45.343  -23.740  -23.505  -23.207  -20.576  -12.462   -2.898   -2.679   -2.533   -1.258
   -0.754    0.430    3.783    5.648    6.460    6.942    7.442    8.034    9.744   10.885
   12.549   12.829   13.575   15.091   16.293   16.330   17.074   17.738   18.233   19.387
   19.604   20.569   20.920   21.905   22.890   22.968
            0.333333 -0.000000  0.000000
  -45.343  -23.742  -23.499  -23.203  -20.577  -12.476   -2.892   -2.686   -2.529   -1.225
   -0.751    0.461    3.782    5.638    6.446    6.929    7.414    7.985    9.709   10.844
   12.557   12.846   13.530   15.152   16.279   16.411   17.108   17.762   18.198   19.453
   19.686   20.612   20.908   21.880   22.917   22.929
            0.327778 -0.000000  0.000000
  -45.344  -23.743  -23.493  -23.199  -20.579  -12.489   -2.886   -2.693   -2.525   -1.193
   -0.747    0.491    3.781    5.628    6.432    6.914    7.387    7.937    9.673   10.804
   12.566   12.862   13.487   15.211   16.263   16.493   17.144   17.762   18.188   19.519
   19.769   20.651   20.902   21.856   22.874   22.962
            0.322222 -0.000000  0.000000
  -45.345  -23.744  -23.486  -23.196  -20.580  -12.503   -2.880   -2.701   -2.522   -1.161
   -0.740    0.521    3.780    5.619    6.419    6.898    7.360    7.892    9.637   10.764
   12.577   12.879   13.444   15.268   16.246   16.575   17.181   17.732   18.207   19.585
   19.854   20.682   20.907   21.831   22.833   22.996
            0.316667 -0.000000  0.000000
  -45.346  -23.746  -23.480  -23.192  -20.581  -12.516   -2.874   -2.708   -2.518   -1.131
   -0.731    0.550    3.780    5.610    6.406    6.879    7.333    7.848    9.600   10.724
   12.588   12.894   13.403   15.320   16.230   16.657   17.219   17.681   18.249   19.649
   19.940   20.699   20.927   21.806   22.794   23.030
            0.311111 -0.000000  0.000000
  -45.347  -23.748  -23.472  -23.188  -20.583  -12.530   -2.868   -2.715   -2.515   -1.104
   -0.719    0.580    3.780    5.602    6.393    6.858    7.308    7.806    9.563   10.684
   12.601   12.908   13.365   15.368   16.216   16.738   17.256   17.616   18.306   19.713
   20.026   20.703   20.962   21.783   22.760   23.062
            0.305556 -0.000000  0.000000
  -45.348  -23.750  -23.465  -23.184  -20.584  -12.543   -2.863   -2.723   -2.512   -1.079
   -0.704    0.608    3.780    5.595    6.381    6.835    7.283    7.765    9.525   10.645
   12.615   12.919   13.332   15.410   16.207   16.818   17.292   17.546   18.373   19.774
   20.114   20.696   21.008   21.761   22.729   23.093
            0.300000 -0.000000  0.000000
  -45.349  -23.752  -23.457  -23.181  -20.586  -12.557   -2.857   -2.730   -2.509   -1.057
   -0.685    0.637    3.781    5.588    6.369    6.810    7.260    7.726    9.487   10.605
   12.631   12.924   13.304   15.445   16.202   16.895   17.321   17.480   18.445   19.833
   20.202   20.683   21.060   21.742   22.701   23.121
            0.294444 -0.000000  0.000000
  -45.350  -23.754  -23.449  -23.177  -20.587  -12.570   -2.852   -2.736   -2.506   -1.038
   -0.661    0.664    3.782    5.582    6.357    6.784    7.237    7.688    9.449   10.566
   12.647   12.924   13.284   15.471   16.205   16.969   17.321   17.443   18.521   19.890
   20.289   20.666   21.115   21.727   22.678   23.148
            0.288889 -0.000000  0.000000
  -45.351  -23.757  -23.441  -23.174  -20.589  -12.583   -2.848   -2.742   -2.503   -1.023
   -0.634    0.692    3.783    5.576    6.345    6.755    7.216    7.652    9.411   10.527
   12.664   12.915   13.273   15.489   16.216   17.035   17.274   17.458   18.601   19.942
   20.376   20.649   21.170   21.717   22.658   23.173
            0.283333 -0.000000  0.000000
  -45.352  -23.759  -23.433  -23.171  -20.590  -12.597   -2.844   -2.748   -2.500   -1.011
   -0.603    0.719    3.785    5.571    6.334    6.725    7.196    7.617    9.372   10.488
   12.681   12.898   13.273   15.497   16.234   17.078   17.227   17.497   18.683   19.989
   20.461   20.632   21.225   21.713   22.643   23.194
            0.277778 -0.000000  0.000000
  -45.353  -23.762  -23.424  -23.168  -20.592  -12.610   -2.841   -2.752   -2.498   -1.003
   -0.568    0.745    3.787    5.567    6.323    6.694    7.176    7.583    9.333   10.450
   12.697   12.875   13.281   15.496   16.260   17.057   17.234   17.544   18.767   20.029
   20.538   20.625   21.277   21.718   22.632   23.213
            0.272222 -0.000000  0.000000
  -45.354  -23.764  -23.415  -23.164  -20.594  -12.623   -2.841   -2.754   -2.495   -0.996
   -0.530    0.771    3.789    5.563    6.313    6.662    7.158    7.550    9.294   10.411
   12.708   12.852   13.297   15.487   16.293   16.993   17.278   17.596   18.853   20.060
   20.573   20.660   21.326   21.732   22.626   23.230
            0.266667 -0.000000  0.000000
  -45.355  -23.767  -23.407  -23.161  -20.595  -12.636   -2.841   -2.755   -2.493   -0.992
   -0.489    0.797    3.791    5.560    6.302    6.630    7.139    7.518    9.254   10.372
   12.709   12.836   13.319   15.472   16.329   16.918   17.327   17.655   18.940   20.080
   20.573   20.733   21.372   21.755   22.624   23.243
            0.261111 -0.000000  0.000000
  -45.355  -23.770  -23.398  -23.158  -20.597  -12.648   -2.844   -2.754   -2.491   -0.989
   -0.447    0.822    3.793    5.558    6.293    6.596    7.122    7.487    9.215   10.334
   12.692   12.836   13.345   15.452   16.367   16.844   17.373   17.719   19.028   20.087
   20.573   20.810   21.413   21.788   22.626   23.253
            0.255556 -0.000000  0.000000
  -45.356  -23.773  -23.389  -23.155  -20.599  -12.661   -2.849   -2.751   -2.488   -0.988
   -0.402    0.847    3.795    5.556    6.283    6.563    7.105    7.457    9.175   10.295
   12.659   12.850   13.374   15.428   16.403   16.775   17.414   17.788   19.117   20.081
   20.578   20.886   21.453   21.829   22.635   23.259
            0.250000 -0.000000  0.000000
  -45.357  -23.775  -23.379  -23.152  -20.600  -12.674   -2.855   -2.746   -2.486   -0.988
   -0.356    0.871    3.798    5.555    6.274    6.530    7.088    7.428    9.135   10.257
   12.618   12.872   13.405   15.401   16.429   16.720   17.450   17.861   19.208   20.062
   20.589   20.958   21.492   21.877   22.648   23.263
            0.244444 -0.000000  0.000000
  -45.358  -23.778  -23.370  -23.149  -20.602  -12.686   -2.861   -2.741   -2.485   -0.989
   -0.308    0.895    3.800    5.555    6.265    6.496    7.071    7.400    9.095   10.219
   12.573   12.899   13.439   15.373   16.431   16.690   17.481   17.937   19.298   20.033
   20.604   21.025   21.531   21.929   22.667   23.263
            0.238889 -0.000000  0.000000
  -45.359  -23.781  -23.361  -23.147  -20.604  -12.698   -2.869   -2.735   -2.483   -0.990
   -0.259    0.918    3.802    5.555    6.257    6.463    7.055    7.373    9.055   10.180
   12.525   12.928   13.474   15.342   16.401   16.696   17.509   18.015   19.389   19.995
   20.623   21.086   21.572   21.984   22.692   23.260
            0.233333 -0.000000  0.000000
  -45.360  -23.784  -23.351  -23.144  -20.606  -12.710   -2.877   -2.728   -2.481   -0.992
   -0.210    0.940    3.805    5.556    6.249    6.431    7.038    7.346    9.015   10.141
   12.476   12.960   13.511   15.311   16.347   16.727   17.534   18.095   19.480   19.951
   20.645   21.141   21.615   22.041   22.723   23.251
            0.227778 -0.000000  0.000000
  -45.361  -23.787  -23.342  -23.141  -20.608  -12.722   -2.886   -2.720   -2.479   -0.995
   -0.159    0.963    3.807    5.557    6.241    6.399    7.022    7.320    8.975   10.103
   12.426   12.993   13.548   15.280   16.283   16.770   17.556   18.175   19.569   19.902
   20.667   21.188   21.660   22.098   22.760   23.236
            0.222222 -0.000000  0.000000
  -45.362  -23.790  -23.333  -23.139  -20.610  -12.734   -2.895   -2.713   -2.478   -0.998
   -0.108    0.984    3.809    5.559    6.233    6.368    7.005    7.295    8.936   10.064
   12.375   13.028   13.586   15.248   16.214   16.819   17.575   18.256   19.653   19.855
   20.691   21.228   21.707   22.154   22.802   23.214
            0.216667 -0.000000  0.000000
  -45.362  -23.793  -23.323  -23.136  -20.612  -12.745   -2.905   -2.705   -2.476   -1.001
   -0.057    1.005    3.811    5.562    6.226    6.337    6.989    7.271    8.896   10.025
   12.324   13.064   13.625   15.217   16.144   16.871   17.593   18.337   19.711   19.831
   20.716   21.260   21.754   22.206   22.851   23.189
            0.211111 -0.000000  0.000000
  -45.363  -23.796  -23.314  -23.134  -20.614  -12.756   -2.914   -2.697   -2.475   -1.005
   -0.005    1.026    3.813    5.566    6.219    6.308    6.973    7.247    8.857    9.986
   12.274   13.102   13.664   15.186   16.075   16.923   17.608   18.417   19.692   19.879
   20.742   21.284   21.802   22.255   22.904   23.165
            0.205556 -0.000000  0.000000
  -45.364  -23.799  -23.304  -23.132  -20.616  -12.767   -2.924   -2.688   -2.474   -1.009
    0.047    1.046    3.815    5.570    6.213    6.279    6.956    7.225    8.818    9.947
   12.223   13.141   13.704   15.156   16.006   16.976   17.622   18.496   19.639   19.961
   20.769   21.302   21.847   22.299   22.962   23.145
            0.200000 -0.000000  0.000000
  -45.365  -23.802  -23.295  -23.129  -20.618  -12.778   -2.933   -2.680   -2.473   -1.013
    0.100    1.065    3.817    5.574    6.206    6.251    6.940    7.203    8.779    9.908
   12.172   13.182   13.743   15.127   15.938   17.029   17.633   18.575   19.577   20.047
   20.799   21.313   21.890   22.338   23.022   23.128
            0.194444 -0.000000  0.000000
  -45.366  -23.804  -23.286  -23.127  -20.620  -12.789   -2.943   -2.671   -2.472   -1.018
    0.153    1.084    3.818    5.580    6.200    6.224    6.924    7.181    8.741    9.868
   12.122   13.223   13.782   15.100   15.872   17.081   17.644   18.652   19.512   20.134
   20.831   21.318   21.928   22.373   23.077   23.127
            0.188889 -0.000000  0.000000
  -45.367  -23.807  -23.276  -23.125  -20.622  -12.799   -2.952   -2.663   -2.471   -1.022
    0.205    1.102    3.819    5.585    6.193    6.199    6.908    7.160    8.703    9.829
   12.073   13.266   13.820   15.074   15.807   17.132   17.652   18.728   19.446   20.219
   20.867   21.318   21.960   22.404   23.089   23.174
            0.183333 -0.000000  0.000000
  -45.367  -23.810  -23.267  -23.123  -20.624  -12.810   -2.962   -2.654   -2.470   -1.027
    0.258    1.120    3.820    5.592    6.173    6.189    6.893    7.140    8.665    9.789
   12.024   13.309   13.858   15.049   15.744   17.182   17.660   18.801   19.379   20.302
   20.907   21.313   21.985   22.432   23.088   23.243
            0.177778 -0.000000  0.000000
  -45.368  -23.813  -23.258  -23.121  -20.626  -12.820   -2.972   -2.645   -2.469   -1.031
    0.311    1.138    3.821    5.598    6.149    6.182    6.877    7.121    8.628    9.749
   11.976   13.354   13.894   15.027   15.683   17.231   17.666   18.871   19.313   20.381
   20.950   21.305   22.003   22.457   23.092   23.316
            0.172222 -0.000000  0.000000
  -45.369  -23.815  -23.249  -23.119  -20.628  -12.829   -2.981   -2.636   -2.468   -1.036
    0.363    1.154    3.821    5.606    6.126    6.177    6.863    7.102    8.591    9.709
   11.928   13.400   13.929   15.007   15.624   17.279   17.670   18.936   19.250   20.457
   20.999   21.294   22.014   22.478   23.104   23.389
            0.166667 -0.000000  0.000000
  -45.370  -23.818  -23.240  -23.117  -20.630  -12.839   -2.991   -2.628   -2.468   -1.041
    0.415    1.170    3.821    5.613    6.105    6.171    6.848    7.084    8.555    9.669
   11.882   13.446   13.962   14.989   15.567   17.324   17.674   18.990   19.194   20.529
   21.052   21.281   22.019   22.495   23.127   23.462
            0.161111 -0.000000  0.000000
  -45.370  -23.821  -23.232  -23.115  -20.632  -12.848   -3.000   -2.619   -2.467   -1.045
    0.467    1.186    3.821    5.621    6.084    6.165    6.835    7.067    8.520    9.629
   11.837   13.494   13.994   14.974   15.512   17.368   17.676   19.013   19.167   20.597
   21.110   21.265   22.019   22.508   23.159   23.533
            0.155556 -0.000000  0.000000
  -45.371  -23.823  -23.223  -23.114  -20.634  -12.857   -3.009   -2.610   -2.467   -1.050
    0.519    1.201    3.821    5.629    6.064    6.159    6.822    7.050    8.485    9.589
   11.792   13.542   14.022   14.962   15.459   17.410   17.678   18.984   19.190   20.660
   21.172   21.248   22.017   22.517   23.202   23.601
            0.150000 -0.000000  0.000000
  -45.372  -23.826  -23.215  -23.112  -20.636  -12.866   -3.018   -2.602   -2.466   -1.055
    0.569    1.215    3.820    5.638    6.046    6.152    6.810    7.033    8.451    9.549
   11.749   13.591   14.048   14.954   15.409   17.450   17.679   18.929   19.236   20.719
   21.230   21.236   22.013   22.524   23.254   23.667
            0.144444 -0.000000  0.000000
  -45.372  -23.828  -23.207  -23.110  -20.638  -12.874   -3.027   -2.593   -2.466   -1.060
    0.620    1.229    3.819    5.647    6.028    6.146    6.798    7.018    8.418    9.509
   11.707   13.641   14.071   14.948   15.361   17.487   17.679   18.866   19.288   20.774
   21.213   21.301   22.009   22.530   23.314   23.730
            0.138889 -0.000000  0.000000
  -45.373  -23.830  -23.199  -23.109  -20.640  -12.882   -3.036   -2.585   -2.465   -1.065
    0.669    1.243    3.818    5.656    6.011    6.139    6.788    7.002    8.386    9.469
   11.667   13.691   14.091   14.946   15.315   17.520   17.680   18.802   19.338   20.825
   21.195   21.364   22.007   22.538   23.379   23.789
            0.133333 -0.000000  0.000000
  -45.374  -23.833  -23.191  -23.107  -20.642  -12.890   -3.044   -2.577   -2.465   -1.069
    0.718    1.256    3.817    5.665    5.995    6.131    6.779    6.988    8.354    9.429
   11.627   13.741   14.107   14.946   15.273   17.549   17.682   18.737   19.387   20.873
   21.179   21.425   22.009   22.548   23.448   23.844
            0.127778 -0.000000  0.000000
  -45.374  -23.835  -23.183  -23.106  -20.644  -12.898   -3.052   -2.569   -2.465   -1.074
    0.766    1.268    3.816    5.674    5.980    6.123    6.771    6.974    8.324    9.389
   11.589   13.792   14.120   14.949   15.234   17.571   17.687   18.673   19.433   20.914
   21.166   21.479   22.016   22.564   23.520   23.895
            0.122222 -0.000000  0.000000
  -45.375  -23.837  -23.176  -23.104  -20.646  -12.905   -3.060   -2.561   -2.464   -1.078
    0.813    1.280    3.814    5.684    5.966    6.115    6.765    6.960    8.294    9.350
   11.553   13.843   14.130   14.954   15.198   17.585   17.697   18.610   19.475   20.948
   21.159   21.526   22.030   22.586   23.594   23.941
            0.116667 -0.000000  0.000000
  -45.375  -23.839  -23.169  -23.103  -20.648  -12.912   -3.068   -2.553   -2.464   -1.083
    0.859    1.291    3.812    5.693    5.953    6.106    6.760    6.947    8.265    9.311
   11.518   13.893   14.137   14.959   15.168   17.590   17.713   18.549   19.514   20.968
   21.163   21.563   22.052   22.615   23.667   23.982
            0.111111 -0.000000  0.000000
  -45.376  -23.841  -23.162  -23.102  -20.649  -12.919   -3.076   -2.546   -2.464   -1.087
    0.904    1.301    3.810    5.703    5.941    6.097    6.756    6.935    8.237    9.273
   11.485   13.943   14.142   14.961   15.145   17.588   17.733   18.490   19.550   20.974
   21.179   21.592   22.081   22.654   23.740   24.018
            0.105556 -0.000000  0.000000
  -45.376  -23.843  -23.155  -23.101  -20.651  -12.925   -3.083   -2.538   -2.464   -1.092
    0.948    1.311    3.808    5.712    5.929    6.087    6.753    6.923    8.211    9.235
   11.453   13.990   14.147   14.958   15.132   17.580   17.754   18.433   19.582   20.967
   21.206   21.612   22.116   22.702   23.810   24.050
            0.100000 -0.000000  0.000000
  -45.377  -23.845  -23.149  -23.100  -20.653  -12.931   -3.090   -2.531   -2.464   -1.096
    0.990    1.321    3.806    5.721    5.919    6.077    6.752    6.912    8.185    9.198
   11.423   14.033   14.155   14.949   15.128   17.569   17.775   18.379   19.611   20.951
   21.239   21.626   22.157   22.759   23.875   24.078
            0.094444 -0.000000  0.000000
  -45.377  -23.847  -23.143  -23.099  -20.654  -12.937   -3.096   -2.525   -2.464   -1.100
    1.031    1.330    3.804    5.731    5.909    6.066    6.752    6.901    8.161    9.161
   11.394   14.066   14.170   14.934   15.133   17.555   17.796   18.328   19.636   20.931
   21.275   21.635   22.201   22.825   23.931   24.103
            0.088889 -0.000000  0.000000
  -45.378  -23.848  -23.137  -23.098  -20.656  -12.942   -3.103   -2.518   -2.463   -1.104
    1.070    1.338    3.802    5.740    5.899    6.055    6.753    6.891    8.137    9.126
   11.367   14.083   14.199   14.916   15.145   17.538   17.816   18.281   19.659   20.907
   21.311   21.642   22.249   22.898   23.977   24.125
            0.083333 -0.000000  0.000000
  -45.378  -23.850  -23.132  -23.097  -20.657  -12.947   -3.109   -2.512   -2.463   -1.108
    1.108    1.346    3.799    5.748    5.891    6.044    6.755    6.882    8.115    9.092
   11.342   14.088   14.239   14.896   15.161   17.519   17.834   18.237   19.678   20.881
   21.347   21.647   22.300   22.977   24.008   24.143
            0.077778 -0.000000  0.000000
  -45.378  -23.851  -23.126  -23.096  -20.659  -12.952   -3.114   -2.506   -2.463   -1.111
    1.143    1.354    3.797    5.757    5.883    6.033    6.758    6.873    8.094    9.058
   11.318   14.086   14.284   14.875   15.178   17.498   17.851   18.196   19.695   20.855
   21.382   21.650   22.353   23.061   24.026   24.158
            0.072222 -0.000000  0.000000
  -45.379  -23.853  -23.121  -23.095  -20.660  -12.957   -3.120   -2.500   -2.463   -1.115
    1.177    1.361    3.795    5.765    5.876    6.021    6.761    6.865    8.075    9.027
   11.296   14.081   14.330   14.855   15.197   17.476   17.867   18.159   19.710   20.828
   21.415   21.652   22.409   23.148   24.034   24.169
            0.066667 -0.000000  0.000000
  -45.379  -23.854  -23.117  -23.094  -20.661  -12.961   -3.125   -2.495   -2.463   -1.118
    1.209    1.367    3.793    5.773    5.869    6.010    6.766    6.857    8.056    8.996
   11.275   14.075   14.377   14.835   15.215   17.452   17.882   18.126   19.723   20.801
   21.447   21.654   22.468   23.238   24.034   24.177
            0.061111 -0.000000  0.000000
  -45.379  -23.855  -23.113  -23.094  -20.662  -12.965   -3.129   -2.490   -2.463   -1.121
    1.239    1.373    3.791    5.781    5.863    5.999    6.771    6.850    8.039    8.968
   11.256   14.068   14.422   14.817   15.232   17.428   17.895   18.096   19.733   20.774
   21.477   21.656   22.529   23.327   24.028   24.184
            0.055556 -0.000000  0.000000
  -45.380  -23.856  -23.109  -23.093  -20.663  -12.968   -3.133   -2.486   -2.463   -1.123
    1.266    1.378    3.789    5.788    5.857    5.988    6.776    6.843    8.024    8.941
   11.239   14.061   14.467   14.801   15.248   17.404   17.906   18.070   19.742   20.748
   21.505   21.657   22.592   23.415   24.019   24.190
            0.050000 -0.000000  0.000000
  -45.380  -23.857  -23.105  -23.093  -20.664  -12.971   -3.137   -2.481   -2.463   -1.126
    1.292    1.383    3.787    5.795    5.852    5.978    6.782    6.838    8.009    8.916
   11.224   14.054   14.509   14.786   15.263   17.380   17.917   18.047   19.749   20.724
   21.532   21.657   22.657   23.499   24.006   24.199
            0.044444 -0.000000  0.000000
  -45.380  -23.858  -23.102  -23.092  -20.665  -12.974   -3.141   -2.478   -2.463   -1.128
    1.314    1.387    3.785    5.802    5.848    5.968    6.787    6.832    7.997    8.894
   11.210   14.048   14.548   14.772   15.276   17.356   17.926   18.028   19.755   20.701
   21.556   21.658   22.721   23.578   23.990   24.210
            0.038889 -0.000000  0.000000
  -45.380  -23.859  -23.099  -23.092  -20.666  -12.977   -3.144   -2.474   -2.463   -1.130
    1.335    1.391    3.783    5.808    5.844    5.959    6.792    6.828    7.985    8.873
   11.197   14.041   14.585   14.760   15.287   17.334   17.934   18.011   19.760   20.680
   21.579   21.658   22.785   23.648   23.971   24.226
            0.033333 -0.000000  0.000000
  -45.381  -23.859  -23.097  -23.091  -20.667  -12.979   -3.147   -2.472   -2.463   -1.132
    1.353    1.394    3.782    5.813    5.840    5.950    6.797    6.824    7.975    8.856
   11.187   14.036   14.619   14.750   15.296   17.314   17.941   17.997   19.764   20.662
   21.599   21.658   22.848   23.707   23.949   24.249
            0.027778 -0.000000  0.000000
  -45.381  -23.860  -23.095  -23.091  -20.667  -12.981   -3.149   -2.469   -2.463   -1.134
    1.368    1.397    3.781    5.818    5.838    5.943    6.801    6.820    7.967    8.840
   11.178   14.031   14.648   14.741   15.303   17.296   17.947   17.985   19.767   20.645
   21.616   21.658   22.907   23.754   23.925   24.278
            0.022222 -0.000000  0.000000
  -45.381  -23.860  -23.093  -23.091  -20.668  -12.982   -3.151   -2.467   -2.463   -1.135
    1.381    1.399    3.780    5.823    5.835    5.936    6.805    6.817    7.960    8.827
   11.171   14.027   14.674   14.734   15.309   17.281   17.951   17.976   19.769   20.632
   21.631   21.658   22.961   23.789   23.900   24.309
            0.016667 -0.000000  0.000000
  -45.381  -23.861  -23.092  -23.090  -20.668  -12.984   -3.152   -2.465   -2.463   -1.136
    1.390    1.401    3.779    5.826    5.833    5.931    6.808    6.815    7.954    8.817
   11.165   14.023   14.694   14.728   15.313   17.269   17.955   17.969   19.771   20.621
   21.643   21.658   23.007   23.812   23.877   24.338
            0.011111 -0.000000  0.000000
  -45.381  -23.861  -23.091  -23.090  -20.668  -12.984   -3.153   -2.464   -2.463   -1.137
    1.397    1.402    3.778    5.829    5.832    5.927    6.810    6.814    7.950    8.810
   11.161   14.021   14.709   14.724   15.315   17.260   17.958   17.964   19.772   20.613
   21.651   21.658   23.043   23.827   23.856   24.361
            0.005556 -0.000000  0.000000
  -45.381  -23.861  -23.090  -23.090  -20.668  -12.985   -3.154   -2.464   -2.463   -1.137
    1.402    1.403    3.778    5.831    5.831    5.925    6.812    6.813    7.948    8.806
   11.158   14.019   14.718   14.722   15.317   17.255   17.959   17.961   19.773   20.609
   21.656   21.658   23.067   23.835   23.843   24.376
            0.000000  0.000000  0.000000
  -45.381  -23.861  -23.090  -23.090  -20.668  -12.985   -3.154   -2.463   -2.463   -1.137
    1.403    1.403    3.778    5.831    5.831    5.924    6.812    6.812    7.947    8.804
   11.158   14.019   14.721   14.721   15.317   17.253   17.960   17.960   19.773   20.607
   21.658   21.658   23.075   23.838   23.838   24.380
