
     Program BANDS v.7.2 starts on 10Sep2026 at 15:37:20 

     This program is part of the open-source Quantum ESPRESSO suite
     for quantum simulation of materials; please cite
         "P. Giannozzi et al., J. Phys.:Condens. Matter 21 395502 (2009);
         "P. Giannozzi et al., J. Phys.:Condens. Matter 29 465901 (2017);
         "P. Giannozzi et al., J. Chem. Phys. 152 154105 (2020);
          URL http://www.quantum-espresso.org", 
     in publications or presentations arising from this work. More details at
     http://www.quantum-espresso.org/quote

     Parallel version (MPI), running on    32 processors

     MPI processes distributed on     1 nodes
     R & G space division:  proc/nbgrp/npool/nimage =      32
     227206 MiB available memory on the printing compute node when the environment starts


     Reading xml data from directory:

     ./tmp/ZrFBr.save/
     file Zr.pbe-spn-kjpaw_psl.1.0.0.UPF: wavefunction(s)  4S 4P renormalized
     file F.pbe-n-kjpaw_psl.1.0.0.UPF: wavefunction(s)  2S 2P renormalized
     file Br.pbe-n-kjpaw_psl.1.0.0.UPF: wavefunction(s)  4S 4P renormalized

     IMPORTANT: XC functional enforced from input :
     Exchange-correlation= PBE
                           (   1   4   3   4   0   0   0)
     Any further DFT definition will be discarded
     Please, verify this is what you really want


     Parallelization info
     --------------------
     sticks:   dense  smooth     PW     G-vecs:    dense   smooth      PW
     Min          22      22      6                 1442     1442     224
     Max          23      23      7                 1450     1450     239
     Sum         721     721    211                46261    46261    7331

     Using Slab Decomposition


     Check: negative core charge=   -0.000002

     negative rho (up, down):  2.941E-05 0.000E+00
     Reading collected, re-writing distributed wavefunctions
     high-symmetry point:  0.0000 0.0000 0.0000   x coordinate   0.0000
     high-symmetry point:  0.5000 0.2887 0.0000   x coordinate   0.5774
     high-symmetry point:  0.6667-0.0000 0.0000   x coordinate   0.9107
     high-symmetry point:  0.0000 0.0000 0.0000   x coordinate   1.5774

     Plottable bands (eV) written to file bands.dat.gnu
     Bands written to file bands.dat

 **************************************************************************

                    xk=(   0.00000,   0.00000,   0.00000  )

     point group C_3v (3m)  
     there are  3 classes
     the character table:

       E     2C3   3s_v 
A_1    1.00  1.00  1.00
A_2    1.00  1.00 -1.00
E      2.00 -1.00  0.00

     the symmetry operations in each class and the name of the first element:

     E        1
                                                                 
     2C3      2    3
                                                                 
     3s_v     4    5    6
                                                                 

     Band symmetry, C_3v (3m)   point group:

     e(  1 -  1) =    -45.38107  eV     1   --> A_1  L_1       
     e(  2 -  2) =    -23.86121  eV     1   --> A_1  L_1       
     e(  3 -  4) =    -23.09015  eV     2   --> E    L_3       
     e(  5 -  5) =    -20.66839  eV     1   --> A_1  L_1       
     e(  6 -  6) =    -12.98517  eV     1   --> A_1  L_1       
     e(  7 -  7) =     -3.15399  eV     1   --> A_1  L_1       
     e(  8 -  9) =     -2.46341  eV     2   --> E    L_3       
     e( 10 - 10) =     -1.13721  eV     1   --> A_1  L_1       
     e( 11 - 12) =      1.40302  eV     2   --> E    L_3       
     e( 13 - 13) =      3.77785  eV     1   --> A_1  L_1       
     e( 14 - 15) =      5.83111  eV     2   --> E    L_3       
     e( 16 - 16) =      5.92390  eV     1   --> A_1  L_1       
     e( 17 - 18) =      6.81228  eV     2   --> E    L_3       
     e( 19 - 19) =      7.94721  eV     1   --> A_1  L_1       
     e( 20 - 20) =      8.80415  eV     1   --> A_1  L_1       
     e( 21 - 21) =     11.15755  eV     1   --> A_1  L_1       
     e( 22 - 22) =     14.01896  eV     1   --> A_1  L_1       
     e( 23 - 24) =     14.72076  eV     2   --> E    L_3       
     e( 25 - 25) =     15.31727  eV     1   --> A_1  L_1       
     e( 26 - 26) =     17.25288  eV     1   --> A_1  L_1       
     e( 27 - 28) =     17.95954  eV     2   --> E    L_3       
     e( 29 - 29) =     19.77307  eV     1   --> A_1  L_1       
     e( 30 - 30) =     20.60706  eV     1   --> A_1  L_1       
     e( 31 - 32) =     21.65813  eV     2   --> E    L_3       
     e( 33 - 33) =     23.07472  eV     1   --> A_1  L_1       
     e( 34 - 35) =     23.83787  eV     2   --> E    L_3       
     e( 36 - 36) =     24.38032  eV     1   --> A_1  L_1       

 **************************************************************************

 **************************************************************************

                    xk=(   0.00417,   0.00241,   0.00000  )

     point group C_s (m)    
     there are  2 classes
     the character table:

       E     s    
A'     1.00  1.00
A''    1.00 -1.00

     the symmetry operations in each class and the name of the first element:

     E        1
                                                                 
     s        2
                                                                 

     Band symmetry, C_s (m)     point group:

     e(  1 -  1) =    -45.38106  eV     1   --> A'             
     e(  2 -  2) =    -23.86117  eV     1   --> A'             
     e(  3 -  3) =    -23.09031  eV     1   --> A'             
     e(  4 -  4) =    -23.09018  eV     1   --> A''            
     e(  5 -  5) =    -20.66836  eV     1   --> A'             
     e(  6 -  6) =    -12.98505  eV     1   --> A'             
     e(  7 -  7) =     -3.15382  eV     1   --> A'             
     e(  8 -  8) =     -2.46363  eV     1   --> A'             
     e(  9 -  9) =     -2.46343  eV     1   --> A''            
     e( 10 - 10) =     -1.13709  eV     1   --> A'             
     e( 11 - 11) =      1.40196  eV     1   --> A'             
     e( 12 - 12) =      1.40283  eV     1   --> A''            
     e( 13 - 13) =      3.77795  eV     1   --> A'             
     e( 14 - 14) =      5.83066  eV     1   --> A'             
     e( 15 - 15) =      5.83128  eV     1   --> A''            
     e( 16 - 16) =      5.92453  eV     1   --> A'             
     e( 17 - 17) =      6.81193  eV     1   --> A'             
     e( 18 - 18) =      6.81251  eV     1   --> A''            
     e( 19 - 19) =      7.94780  eV     1   --> A'             
     e( 20 - 20) =      8.80525  eV     1   --> A'             
     e( 21 - 21) =     11.15816  eV     1   --> A'             
     e( 22 - 22) =     14.01932  eV     1   --> A'             
     e( 23 - 23) =     14.71847  eV     1   --> A'             
     e( 24 - 24) =     14.72136  eV     1   --> A''            
     e( 25 - 25) =     15.31690  eV     1   --> A'             
     e( 26 - 26) =     17.25424  eV     1   --> A'             
     e( 27 - 27) =     17.95916  eV     1   --> A''            
     e( 28 - 28) =     17.96028  eV     1   --> A'             
     e( 29 - 29) =     19.77290  eV     1   --> A'             
     e( 30 - 30) =     20.60824  eV     1   --> A'             
     e( 31 - 31) =     21.65684  eV     1   --> A'             
     e( 32 - 32) =     21.65814  eV     1   --> A''            
     e( 33 - 33) =     23.06866  eV     1   --> A'             
     e( 34 - 34) =     23.83598  eV     1   --> A''            
     e( 35 - 35) =     23.84151  eV     1   --> A'             
     e( 36 - 36) =     24.37681  eV     1   --> A'             

 **************************************************************************

 **************************************************************************

                    xk=(   0.00833,   0.00481,   0.00000  )

     Band symmetry, C_s (m)     point group:

     e(  1 -  1) =    -45.38103  eV     1   --> A'             
     e(  2 -  2) =    -23.86104  eV     1   --> A'             
     e(  3 -  3) =    -23.09074  eV     1   --> A'             
     e(  4 -  4) =    -23.09025  eV     1   --> A''            
     e(  5 -  5) =    -20.66823  eV     1   --> A'             
     e(  6 -  6) =    -12.98467  eV     1   --> A'             
     e(  7 -  7) =     -3.15334  eV     1   --> A'             
     e(  8 -  8) =     -2.46413  eV     1   --> A'             
     e(  9 -  9) =     -2.46343  eV     1   --> A''            
     e( 10 - 10) =     -1.13677  eV     1   --> A'             
     e( 11 - 11) =      1.39878  eV     1   --> A'             
     e( 12 - 12) =      1.40227  eV     1   --> A''            
     e( 13 - 13) =      3.77822  eV     1   --> A'             
     e( 14 - 14) =      5.82938  eV     1   --> A'             
     e( 15 - 15) =      5.83186  eV     1   --> A''            
     e( 16 - 16) =      5.92638  eV     1   --> A'             
     e( 17 - 17) =      6.81091  eV     1   --> A'             
     e( 18 - 18) =      6.81322  eV     1   --> A''            
     e( 19 - 19) =      7.94956  eV     1   --> A'             
     e( 20 - 20) =      8.80853  eV     1   --> A'             
     e( 21 - 21) =     11.15999  eV     1   --> A'             
     e( 22 - 22) =     14.02041  eV     1   --> A'             
     e( 23 - 23) =     14.71167  eV     1   --> A'             
     e( 24 - 24) =     14.72317  eV     1   --> A''            
     e( 25 - 25) =     15.31578  eV     1   --> A'             
     e( 26 - 26) =     17.25829  eV     1   --> A'             
     e( 27 - 27) =     17.95802  eV     1   --> A''            
     e( 28 - 28) =     17.96252  eV     1   --> A'             
     e( 29 - 29) =     19.77239  eV     1   --> A'             
     e( 30 - 30) =     20.61176  eV     1   --> A'             
     e( 31 - 31) =     21.65298  eV     1   --> A'             
     e( 32 - 32) =     21.65818  eV     1   --> A''            
     e( 33 - 33) =     23.05097  eV     1   --> A'             
     e( 34 - 34) =     23.83036  eV     1   --> A''            
     e( 35 - 35) =     23.85157  eV     1   --> A'             
     e( 36 - 36) =     24.36620  eV     1   --> A'             

 **************************************************************************

 **************************************************************************

                    xk=(   0.01250,   0.00722,   0.00000  )

     Band symmetry, C_s (m)     point group:

     e(  1 -  1) =    -45.38098  eV     1   --> A'             
     e(  2 -  2) =    -23.86085  eV     1   --> A'             
     e(  3 -  3) =    -23.09145  eV     1   --> A'             
     e(  4 -  4) =    -23.09036  eV     1   --> A''            
     e(  5 -  5) =    -20.66804  eV     1   --> A'             
     e(  6 -  6) =    -12.98403  eV     1   --> A'             
     e(  7 -  7) =     -3.15256  eV     1   --> A'             
     e(  8 -  8) =     -2.46498  eV     1   --> A'             
     e(  9 -  9) =     -2.46342  eV     1   --> A''            
     e( 10 - 10) =     -1.13624  eV     1   --> A'             
     e( 11 - 11) =      1.39349  eV     1   --> A'             
     e( 12 - 12) =      1.40134  eV     1   --> A''            
     e( 13 - 13) =      3.77865  eV     1   --> A'             
     e( 14 - 14) =      5.82732  eV     1   --> A'             
     e( 15 - 15) =      5.83283  eV     1   --> A''            
     e( 16 - 16) =      5.92939  eV     1   --> A'             
     e( 17 - 17) =      6.80921  eV     1   --> A'             
     e( 18 - 18) =      6.81440  eV     1   --> A''            
     e( 19 - 19) =      7.95249  eV     1   --> A'             
     e( 20 - 20) =      8.81397  eV     1   --> A'             
     e( 21 - 21) =     11.16304  eV     1   --> A'             
     e( 22 - 22) =     14.02221  eV     1   --> A'             
     e( 23 - 23) =     14.70048  eV     1   --> A'             
     e( 24 - 24) =     14.72617  eV     1   --> A''            
     e( 25 - 25) =     15.31382  eV     1   --> A'             
     e( 26 - 26) =     17.26496  eV     1   --> A'             
     e( 27 - 27) =     17.95613  eV     1   --> A''            
     e( 28 - 28) =     17.96628  eV     1   --> A'             
     e( 29 - 29) =     19.77151  eV     1   --> A'             
     e( 30 - 30) =     20.61760  eV     1   --> A'             
     e( 31 - 31) =     21.64661  eV     1   --> A'             
     e( 32 - 32) =     21.65823  eV     1   --> A''            
     e( 33 - 33) =     23.02299  eV     1   --> A'             
     e( 34 - 34) =     23.82120  eV     1   --> A''            
     e( 35 - 35) =     23.86563  eV     1   --> A'             
     e( 36 - 36) =     24.34877  eV     1   --> A'             

 **************************************************************************

 **************************************************************************

                    xk=(   0.01667,   0.00962,   0.00000  )

     Band symmetry, C_s (m)     point group:

     e(  1 -  1) =    -45.38090  eV     1   --> A'             
     e(  2 -  2) =    -23.86057  eV     1   --> A'             
     e(  3 -  3) =    -23.09244  eV     1   --> A'             
     e(  4 -  4) =    -23.09051  eV     1   --> A''            
     e(  5 -  5) =    -20.66776  eV     1   --> A'             
     e(  6 -  6) =    -12.98314  eV     1   --> A'             
     e(  7 -  7) =     -3.15147  eV     1   --> A'             
     e(  8 -  8) =     -2.46616  eV     1   --> A'             
     e(  9 -  9) =     -2.46342  eV     1   --> A''            
     e( 10 - 10) =     -1.13550  eV     1   --> A'             
     e( 11 - 11) =      1.38611  eV     1   --> A'             
     e( 12 - 12) =      1.40003  eV     1   --> A''            
     e( 13 - 13) =      3.77925  eV     1   --> A'             
     e( 14 - 14) =      5.82454  eV     1   --> A'             
     e( 15 - 15) =      5.83420  eV     1   --> A''            
     e( 16 - 16) =      5.93346  eV     1   --> A'             
     e( 17 - 17) =      6.80688  eV     1   --> A'             
     e( 18 - 18) =      6.81604  eV     1   --> A''            
     e( 19 - 19) =      7.95658  eV     1   --> A'             
     e( 20 - 20) =      8.82154  eV     1   --> A'             
     e( 21 - 21) =     11.16731  eV     1   --> A'             
     e( 22 - 22) =     14.02471  eV     1   --> A'             
     e( 23 - 23) =     14.68512  eV     1   --> A'             
     e( 24 - 24) =     14.73039  eV     1   --> A''            
     e( 25 - 25) =     15.31093  eV     1   --> A'             
     e( 26 - 26) =     17.27416  eV     1   --> A'             
     e( 27 - 27) =     17.95348  eV     1   --> A''            
     e( 28 - 28) =     17.97156  eV     1   --> A'             
     e( 29 - 29) =     19.77025  eV     1   --> A'             
     e( 30 - 30) =     20.62569  eV     1   --> A'             
     e( 31 - 31) =     21.63780  eV     1   --> A'             
     e( 32 - 32) =     21.65829  eV     1   --> A''            
     e( 33 - 33) =     22.98647  eV     1   --> A'             
     e( 34 - 34) =     23.80877  eV     1   --> A''            
     e( 35 - 35) =     23.87980  eV     1   --> A'             
     e( 36 - 36) =     24.32618  eV     1   --> A'             

 **************************************************************************

 **************************************************************************

                    xk=(   0.02083,   0.01203,   0.00000  )

     Band symmetry, C_s (m)     point group:

     e(  1 -  1) =    -45.38081  eV     1   --> A'             
     e(  2 -  2) =    -23.86022  eV     1   --> A'             
     e(  3 -  3) =    -23.09370  eV     1   --> A'             
     e(  4 -  4) =    -23.09070  eV     1   --> A''            
     e(  5 -  5) =    -20.66740  eV     1   --> A'             
     e(  6 -  6) =    -12.98200  eV     1   --> A'             
     e(  7 -  7) =     -3.15007  eV     1   --> A'             
     e(  8 -  8) =     -2.46767  eV     1   --> A'             
     e(  9 -  9) =     -2.46340  eV     1   --> A''            
     e( 10 - 10) =     -1.13455  eV     1   --> A'             
     e( 11 - 11) =      1.37666  eV     1   --> A'             
     e( 12 - 12) =      1.39836  eV     1   --> A''            
     e( 13 - 13) =      3.78002  eV     1   --> A'             
     e( 14 - 14) =      5.82116  eV     1   --> A'             
     e( 15 - 15) =      5.83597  eV     1   --> A''            
     e( 16 - 16) =      5.93848  eV     1   --> A'             
     e( 17 - 17) =      6.80398  eV     1   --> A'             
     e( 18 - 18) =      6.81814  eV     1   --> A''            
     e( 19 - 19) =      7.96182  eV     1   --> A'             
     e( 20 - 20) =      8.83120  eV     1   --> A'             
     e( 21 - 21) =     11.17280  eV     1   --> A'             
     e( 22 - 22) =     14.02787  eV     1   --> A'             
     e( 23 - 23) =     14.66588  eV     1   --> A'             
     e( 24 - 24) =     14.73580  eV     1   --> A''            
     e( 25 - 25) =     15.30696  eV     1   --> A'             
     e( 26 - 26) =     17.28574  eV     1   --> A'             
     e( 27 - 27) =     17.95008  eV     1   --> A''            
     e( 28 - 28) =     17.97843  eV     1   --> A'             
     e( 29 - 29) =     19.76855  eV     1   --> A'             
     e( 30 - 30) =     20.63597  eV     1   --> A'             
     e( 31 - 31) =     21.62665  eV     1   --> A'             
     e( 32 - 32) =     21.65834  eV     1   --> A''            
     e( 33 - 33) =     22.94320  eV     1   --> A'             
     e( 34 - 34) =     23.79343  eV     1   --> A''            
     e( 35 - 35) =     23.88888  eV     1   --> A'             
     e( 36 - 36) =     24.30249  eV     1   --> A'             

 **************************************************************************

 **************************************************************************

                    xk=(   0.02500,   0.01443,   0.00000  )

     Band symmetry, C_s (m)     point group:

     e(  1 -  1) =    -45.38069  eV     1   --> A'             
     e(  2 -  2) =    -23.85979  eV     1   --> A'             
     e(  3 -  3) =    -23.09525  eV     1   --> A'             
     e(  4 -  4) =    -23.09094  eV     1   --> A''            
     e(  5 -  5) =    -20.66697  eV     1   --> A'             
     e(  6 -  6) =    -12.98060  eV     1   --> A'             
     e(  7 -  7) =     -3.14836  eV     1   --> A'             
     e(  8 -  8) =     -2.46950  eV     1   --> A'             
     e(  9 -  9) =     -2.46338  eV     1   --> A''            
     e( 10 - 10) =     -1.13340  eV     1   --> A'             
     e( 11 - 11) =      1.36516  eV     1   --> A'             
     e( 12 - 12) =      1.39632  eV     1   --> A''            
     e( 13 - 13) =      3.78095  eV     1   --> A'             
     e( 14 - 14) =      5.81724  eV     1   --> A'             
     e( 15 - 15) =      5.83813  eV     1   --> A''            
     e( 16 - 16) =      5.94435  eV     1   --> A'             
     e( 17 - 17) =      6.80059  eV     1   --> A'             
     e( 18 - 18) =      6.82070  eV     1   --> A''            
     e( 19 - 19) =      7.96821  eV     1   --> A'             
     e( 20 - 20) =      8.84289  eV     1   --> A'             
     e( 21 - 21) =     11.17952  eV     1   --> A'             
     e( 22 - 22) =     14.03166  eV     1   --> A'             
     e( 23 - 23) =     14.64305  eV     1   --> A'             
     e( 24 - 24) =     14.74242  eV     1   --> A''            
     e( 25 - 25) =     15.30179  eV     1   --> A'             
     e( 26 - 26) =     17.29951  eV     1   --> A'             
     e( 27 - 27) =     17.94594  eV     1   --> A''            
     e( 28 - 28) =     17.98692  eV     1   --> A'             
     e( 29 - 29) =     19.76635  eV     1   --> A'             
     e( 30 - 30) =     20.64834  eV     1   --> A'             
     e( 31 - 31) =     21.61330  eV     1   --> A'             
     e( 32 - 32) =     21.65836  eV     1   --> A''            
     e( 33 - 33) =     22.89479  eV     1   --> A'             
     e( 34 - 34) =     23.77554  eV     1   --> A''            
     e( 35 - 35) =     23.88687  eV     1   --> A'             
     e( 36 - 36) =     24.28364  eV     1   --> A'             

 **************************************************************************

 **************************************************************************

                    xk=(   0.02917,   0.01684,   0.00000  )

     Band symmetry, C_s (m)     point group:

     e(  1 -  1) =    -45.38056  eV     1   --> A'             
     e(  2 -  2) =    -23.85929  eV     1   --> A'             
     e(  3 -  3) =    -23.09708  eV     1   --> A'             
     e(  4 -  4) =    -23.09122  eV     1   --> A''            
     e(  5 -  5) =    -20.66646  eV     1   --> A'             
     e(  6 -  6) =    -12.97895  eV     1   --> A'             
     e(  7 -  7) =     -3.14635  eV     1   --> A'             
     e(  8 -  8) =     -2.47169  eV     1   --> A'             
     e(  9 -  9) =     -2.46336  eV     1   --> A''            
     e( 10 - 10) =     -1.13204  eV     1   --> A'             
     e( 11 - 11) =      1.35164  eV     1   --> A'             
     e( 12 - 12) =      1.39391  eV     1   --> A''            
     e( 13 - 13) =      3.78202  eV     1   --> A'             
     e( 14 - 14) =      5.81284  eV     1   --> A'             
     e( 15 - 15) =      5.84068  eV     1   --> A''            
     e( 16 - 16) =      5.95096  eV     1   --> A'             
     e( 17 - 17) =      6.79676  eV     1   --> A'             
     e( 18 - 18) =      6.82371  eV     1   --> A''            
     e( 19 - 19) =      7.97573  eV     1   --> A'             
     e( 20 - 20) =      8.85655  eV     1   --> A'             
     e( 21 - 21) =     11.18746  eV     1   --> A'             
     e( 22 - 22) =     14.03603  eV     1   --> A'             
     e( 23 - 23) =     14.61699  eV     1   --> A'             
     e( 24 - 24) =     14.75024  eV     1   --> A''            
     e( 25 - 25) =     15.29531  eV     1   --> A'             
     e( 26 - 26) =     17.31524  eV     1   --> A'             
     e( 27 - 27) =     17.94107  eV     1   --> A''            
     e( 28 - 28) =     17.99710  eV     1   --> A'             
     e( 29 - 29) =     19.76358  eV     1   --> A'             
     e( 30 - 30) =     20.66269  eV     1   --> A'             
     e( 31 - 31) =     21.59789  eV     1   --> A'             
     e( 32 - 32) =     21.65830  eV     1   --> A''            
     e( 33 - 33) =     22.84257  eV     1   --> A'             
     e( 34 - 34) =     23.75550  eV     1   --> A''            
     e( 35 - 35) =     23.86887  eV     1   --> A'             
     e( 36 - 36) =     24.27488  eV     1   --> A'             

 **************************************************************************

 **************************************************************************

                    xk=(   0.03333,   0.01925,   0.00000  )

     Band symmetry, C_s (m)     point group:

     e(  1 -  1) =    -45.38040  eV     1   --> A'             
     e(  2 -  2) =    -23.85870  eV     1   --> A'             
     e(  3 -  3) =    -23.09920  eV     1   --> A'             
     e(  4 -  4) =    -23.09154  eV     1   --> A''            
     e(  5 -  5) =    -20.66588  eV     1   --> A'             
     e(  6 -  6) =    -12.97705  eV     1   --> A'             
     e(  7 -  7) =     -3.14404  eV     1   --> A'             
     e(  8 -  8) =     -2.47420  eV     1   --> A'             
     e(  9 -  9) =     -2.46332  eV     1   --> A''            
     e( 10 - 10) =     -1.13049  eV     1   --> A'             
     e( 11 - 11) =      1.33615  eV     1   --> A'             
     e( 12 - 12) =      1.39114  eV     1   --> A''            
     e( 13 - 13) =      3.78324  eV     1   --> A'             
     e( 14 - 14) =      5.80802  eV     1   --> A'             
     e( 15 - 15) =      5.84362  eV     1   --> A''            
     e( 16 - 16) =      5.95822  eV     1   --> A'             
     e( 17 - 17) =      6.79260  eV     1   --> A'             
     e( 18 - 18) =      6.82718  eV     1   --> A''            
     e( 19 - 19) =      7.98436  eV     1   --> A'             
     e( 20 - 20) =      8.87209  eV     1   --> A'             
     e( 21 - 21) =     11.19663  eV     1   --> A'             
     e( 22 - 22) =     14.04092  eV     1   --> A'             
     e( 23 - 23) =     14.58805  eV     1   --> A'             
     e( 24 - 24) =     14.75925  eV     1   --> A''            
     e( 25 - 25) =     15.28742  eV     1   --> A'             
     e( 26 - 26) =     17.33268  eV     1   --> A'             
     e( 27 - 27) =     17.93546  eV     1   --> A''            
     e( 28 - 28) =     18.00906  eV     1   --> A'             
     e( 29 - 29) =     19.76013  eV     1   --> A'             
     e( 30 - 30) =     20.67891  eV     1   --> A'             
     e( 31 - 31) =     21.58057  eV     1   --> A'             
     e( 32 - 32) =     21.65816  eV     1   --> A''            
     e( 33 - 33) =     22.78767  eV     1   --> A'             
     e( 34 - 34) =     23.73370  eV     1   --> A''            
     e( 35 - 35) =     23.83380  eV     1   --> A'             
     e( 36 - 36) =     24.27738  eV     1   --> A'             

 **************************************************************************

 **************************************************************************

                    xk=(   0.03750,   0.02165,   0.00000  )

     Band symmetry, C_s (m)     point group:

     e(  1 -  1) =    -45.38023  eV     1   --> A'             
     e(  2 -  2) =    -23.85805  eV     1   --> A'             
     e(  3 -  3) =    -23.10160  eV     1   --> A'             
     e(  4 -  4) =    -23.09191  eV     1   --> A''            
     e(  5 -  5) =    -20.66523  eV     1   --> A'             
     e(  6 -  6) =    -12.97490  eV     1   --> A'             
     e(  7 -  7) =     -3.14143  eV     1   --> A'             
     e(  8 -  8) =     -2.47706  eV     1   --> A'             
     e(  9 -  9) =     -2.46331  eV     1   --> A''            
     e( 10 - 10) =     -1.12875  eV     1   --> A'             
     e( 11 - 11) =      1.31872  eV     1   --> A'             
     e( 12 - 12) =      1.38801  eV     1   --> A''            
     e( 13 - 13) =      3.78459  eV     1   --> A'             
     e( 14 - 14) =      5.80282  eV     1   --> A'             
     e( 15 - 15) =      5.84696  eV     1   --> A''            
     e( 16 - 16) =      5.96604  eV     1   --> A'             
     e( 17 - 17) =      6.78821  eV     1   --> A'             
     e( 18 - 18) =      6.83107  eV     1   --> A''            
     e( 19 - 19) =      7.99409  eV     1   --> A'             
     e( 20 - 20) =      8.88945  eV     1   --> A'             
     e( 21 - 21) =     11.20703  eV     1   --> A'             
     e( 22 - 22) =     14.04624  eV     1   --> A'             
     e( 23 - 23) =     14.55656  eV     1   --> A'             
     e( 24 - 24) =     14.76947  eV     1   --> A''            
     e( 25 - 25) =     15.27809  eV     1   --> A'             
     e( 26 - 26) =     17.35151  eV     1   --> A'             
     e( 27 - 27) =     17.92912  eV     1   --> A''            
     e( 28 - 28) =     18.02288  eV     1   --> A'             
     e( 29 - 29) =     19.75590  eV     1   --> A'             
     e( 30 - 30) =     20.69685  eV     1   --> A'             
     e( 31 - 31) =     21.56150  eV     1   --> A'             
     e( 32 - 32) =     21.65788  eV     1   --> A''            
     e( 33 - 33) =     22.73101  eV     1   --> A'             
     e( 34 - 34) =     23.71050  eV     1   --> A''            
     e( 35 - 35) =     23.78452  eV     1   --> A'             
     e( 36 - 36) =     24.28793  eV     1   --> A'             

 **************************************************************************

 **************************************************************************

                    xk=(   0.04167,   0.02406,   0.00000  )

     Band symmetry, C_s (m)     point group:

     e(  1 -  1) =    -45.38004  eV     1   --> A'             
     e(  2 -  2) =    -23.85731  eV     1   --> A'             
     e(  3 -  3) =    -23.10426  eV     1   --> A'             
     e(  4 -  4) =    -23.09232  eV     1   --> A''            
     e(  5 -  5) =    -20.66450  eV     1   --> A'             
     e(  6 -  6) =    -12.97250  eV     1   --> A'             
     e(  7 -  7) =     -3.13852  eV     1   --> A'             
     e(  8 -  8) =     -2.48022  eV     1   --> A'             
     e(  9 -  9) =     -2.46330  eV     1   --> A''            
     e( 10 - 10) =     -1.12682  eV     1   --> A'             
     e( 11 - 11) =      1.29940  eV     1   --> A'             
     e( 12 - 12) =      1.38452  eV     1   --> A''            
     e( 13 - 13) =      3.78605  eV     1   --> A'             
     e( 14 - 14) =      5.79730  eV     1   --> A'             
     e( 15 - 15) =      5.85070  eV     1   --> A''            
     e( 16 - 16) =      5.97434  eV     1   --> A'             
     e( 17 - 17) =      6.78370  eV     1   --> A'             
     e( 18 - 18) =      6.83540  eV     1   --> A''            
     e( 19 - 19) =      8.00490  eV     1   --> A'             
     e( 20 - 20) =      8.90852  eV     1   --> A'             
     e( 21 - 21) =     11.21866  eV     1   --> A'             
     e( 22 - 22) =     14.05191  eV     1   --> A'             
     e( 23 - 23) =     14.52289  eV     1   --> A'             
     e( 24 - 24) =     14.78088  eV     1   --> A''            
     e( 25 - 25) =     15.26730  eV     1   --> A'             
     e( 26 - 26) =     17.37142  eV     1   --> A'             
     e( 27 - 27) =     17.92208  eV     1   --> A''            
     e( 28 - 28) =     18.03869  eV     1   --> A'             
     e( 29 - 29) =     19.75075  eV     1   --> A'             
     e( 30 - 30) =     20.71636  eV     1   --> A'             
     e( 31 - 31) =     21.54082  eV     1   --> A'             
     e( 32 - 32) =     21.65743  eV     1   --> A''            
     e( 33 - 33) =     22.67339  eV     1   --> A'             
     e( 34 - 34) =     23.68624  eV     1   --> A''            
     e( 35 - 35) =     23.72518  eV     1   --> A'             
     e( 36 - 36) =     24.30153  eV     1   --> A'             

 **************************************************************************

 **************************************************************************

                    xk=(   0.04583,   0.02646,   0.00000  )

     Band symmetry, C_s (m)     point group:

     e(  1 -  1) =    -45.37983  eV     1   --> A'             
     e(  2 -  2) =    -23.85651  eV     1   --> A'             
     e(  3 -  3) =    -23.10719  eV     1   --> A'             
     e(  4 -  4) =    -23.09278  eV     1   --> A''            
     e(  5 -  5) =    -20.66370  eV     1   --> A'             
     e(  6 -  6) =    -12.96985  eV     1   --> A'             
     e(  7 -  7) =     -3.13533  eV     1   --> A'             
     e(  8 -  8) =     -2.48366  eV     1   --> A'             
     e(  9 -  9) =     -2.46327  eV     1   --> A''            
     e( 10 - 10) =     -1.12471  eV     1   --> A'             
     e( 11 - 11) =      1.27824  eV     1   --> A'             
     e( 12 - 12) =      1.38068  eV     1   --> A''            
     e( 13 - 13) =      3.78763  eV     1   --> A'             
     e( 14 - 14) =      5.79147  eV     1   --> A'             
     e( 15 - 15) =      5.85486  eV     1   --> A''            
     e( 16 - 16) =      5.98304  eV     1   --> A'             
     e( 17 - 17) =      6.77920  eV     1   --> A'             
     e( 18 - 18) =      6.84016  eV     1   --> A''            
     e( 19 - 19) =      8.01677  eV     1   --> A'             
     e( 20 - 20) =      8.92922  eV     1   --> A'             
     e( 21 - 21) =     11.23152  eV     1   --> A'             
     e( 22 - 22) =     14.05780  eV     1   --> A'             
     e( 23 - 23) =     14.48737  eV     1   --> A'             
     e( 24 - 24) =     14.79350  eV     1   --> A''            
     e( 25 - 25) =     15.25509  eV     1   --> A'             
     e( 26 - 26) =     17.39206  eV     1   --> A'             
     e( 27 - 27) =     17.91433  eV     1   --> A''            
     e( 28 - 28) =     18.05660  eV     1   --> A'             
     e( 29 - 29) =     19.74452  eV     1   --> A'             
     e( 30 - 30) =     20.73729  eV     1   --> A'             
     e( 31 - 31) =     21.51865  eV     1   --> A'             
     e( 32 - 32) =     21.65677  eV     1   --> A''            
     e( 33 - 33) =     22.61553  eV     1   --> A'             
     e( 34 - 34) =     23.65933  eV     1   --> A'             
     e( 35 - 35) =     23.66122  eV     1   --> A''            
     e( 36 - 36) =     24.31360  eV     1   --> A'             

 **************************************************************************

 **************************************************************************

                    xk=(   0.05000,   0.02887,   0.00000  )

     Band symmetry, C_s (m)     point group:

     e(  1 -  1) =    -45.37960  eV     1   --> A'             
     e(  2 -  2) =    -23.85563  eV     1   --> A'             
     e(  3 -  3) =    -23.11038  eV     1   --> A'             
     e(  4 -  4) =    -23.09327  eV     1   --> A''            
     e(  5 -  5) =    -20.66284  eV     1   --> A'             
     e(  6 -  6) =    -12.96695  eV     1   --> A'             
     e(  7 -  7) =     -3.13185  eV     1   --> A'             
     e(  8 -  8) =     -2.48739  eV     1   --> A'             
     e(  9 -  9) =     -2.46325  eV     1   --> A''            
     e( 10 - 10) =     -1.12243  eV     1   --> A'             
     e( 11 - 11) =      1.25529  eV     1   --> A'             
     e( 12 - 12) =      1.37649  eV     1   --> A''            
     e( 13 - 13) =      3.78930  eV     1   --> A'             
     e( 14 - 14) =      5.78537  eV     1   --> A'             
     e( 15 - 15) =      5.85943  eV     1   --> A''            
     e( 16 - 16) =      5.99205  eV     1   --> A'             
     e( 17 - 17) =      6.77481  eV     1   --> A'             
     e( 18 - 18) =      6.84533  eV     1   --> A''            
     e( 19 - 19) =      8.02969  eV     1   --> A'             
     e( 20 - 20) =      8.95146  eV     1   --> A'             
     e( 21 - 21) =     11.24562  eV     1   --> A'             
     e( 22 - 22) =     14.06374  eV     1   --> A'             
     e( 23 - 23) =     14.45035  eV     1   --> A'             
     e( 24 - 24) =     14.80730  eV     1   --> A''            
     e( 25 - 25) =     15.24154  eV     1   --> A'             
     e( 26 - 26) =     17.41305  eV     1   --> A'             
     e( 27 - 27) =     17.90589  eV     1   --> A''            
     e( 28 - 28) =     18.07673  eV     1   --> A'             
     e( 29 - 29) =     19.73703  eV     1   --> A'             
     e( 30 - 30) =     20.75948  eV     1   --> A'             
     e( 31 - 31) =     21.49509  eV     1   --> A'             
     e( 32 - 32) =     21.65585  eV     1   --> A''            
     e( 33 - 33) =     22.55808  eV     1   --> A'             
     e( 34 - 34) =     23.58946  eV     1   --> A'             
     e( 35 - 35) =     23.63572  eV     1   --> A''            
     e( 36 - 36) =     24.32072  eV     1   --> A'             

 **************************************************************************

 **************************************************************************

                    xk=(   0.05417,   0.03127,   0.00000  )

     Band symmetry, C_s (m)     point group:

     e(  1 -  1) =    -45.37934  eV     1   --> A'             
     e(  2 -  2) =    -23.85467  eV     1   --> A'             
     e(  3 -  3) =    -23.11384  eV     1   --> A'             
     e(  4 -  4) =    -23.09380  eV     1   --> A''            
     e(  5 -  5) =    -20.66190  eV     1   --> A'             
     e(  6 -  6) =    -12.96380  eV     1   --> A'             
     e(  7 -  7) =     -3.12808  eV     1   --> A'             
     e(  8 -  8) =     -2.49143  eV     1   --> A'             
     e(  9 -  9) =     -2.46322  eV     1   --> A''            
     e( 10 - 10) =     -1.11997  eV     1   --> A'             
     e( 11 - 11) =      1.23062  eV     1   --> A'             
     e( 12 - 12) =      1.37196  eV     1   --> A''            
     e( 13 - 13) =      3.79107  eV     1   --> A'             
     e( 14 - 14) =      5.77902  eV     1   --> A'             
     e( 15 - 15) =      5.86442  eV     1   --> A''            
     e( 16 - 16) =      6.00128  eV     1   --> A'             
     e( 17 - 17) =      6.77067  eV     1   --> A'             
     e( 18 - 18) =      6.85092  eV     1   --> A''            
     e( 19 - 19) =      8.04363  eV     1   --> A'             
     e( 20 - 20) =      8.97512  eV     1   --> A'             
     e( 21 - 21) =     11.26094  eV     1   --> A'             
     e( 22 - 22) =     14.06952  eV     1   --> A'             
     e( 23 - 23) =     14.41219  eV     1   --> A'             
     e( 24 - 24) =     14.82230  eV     1   --> A''            
     e( 25 - 25) =     15.22677  eV     1   --> A'             
     e( 26 - 26) =     17.43405  eV     1   --> A'             
     e( 27 - 27) =     17.89677  eV     1   --> A''            
     e( 28 - 28) =     18.09920  eV     1   --> A'             
     e( 29 - 29) =     19.72810  eV     1   --> A'             
     e( 30 - 30) =     20.78277  eV     1   --> A'             
     e( 31 - 31) =     21.47019  eV     1   --> A'             
     e( 32 - 32) =     21.65462  eV     1   --> A''            
     e( 33 - 33) =     22.50171  eV     1   --> A'             
     e( 34 - 34) =     23.51722  eV     1   --> A'             
     e( 35 - 35) =     23.60998  eV     1   --> A''            
     e( 36 - 36) =     24.32069  eV     1   --> A'             

 **************************************************************************

 **************************************************************************

                    xk=(   0.05833,   0.03368,   0.00000  )

     Band symmetry, C_s (m)     point group:

     e(  1 -  1) =    -45.37907  eV     1   --> A'             
     e(  2 -  2) =    -23.85364  eV     1   --> A'             
     e(  3 -  3) =    -23.11755  eV     1   --> A'             
     e(  4 -  4) =    -23.09438  eV     1   --> A''            
     e(  5 -  5) =    -20.66090  eV     1   --> A'             
     e(  6 -  6) =    -12.96041  eV     1   --> A'             
     e(  7 -  7) =     -3.12404  eV     1   --> A'             
     e(  8 -  8) =     -2.49574  eV     1   --> A'             
     e(  9 -  9) =     -2.46321  eV     1   --> A''            
     e( 10 - 10) =     -1.11735  eV     1   --> A'             
     e( 11 - 11) =      1.20427  eV     1   --> A'             
     e( 12 - 12) =      1.36710  eV     1   --> A''            
     e( 13 - 13) =      3.79290  eV     1   --> A'             
     e( 14 - 14) =      5.77245  eV     1   --> A'             
     e( 15 - 15) =      5.86983  eV     1   --> A''            
     e( 16 - 16) =      6.01065  eV     1   --> A'             
     e( 17 - 17) =      6.76690  eV     1   --> A'             
     e( 18 - 18) =      6.85689  eV     1   --> A''            
     e( 19 - 19) =      8.05857  eV     1   --> A'             
     e( 20 - 20) =      9.00011  eV     1   --> A'             
     e( 21 - 21) =     11.27749  eV     1   --> A'             
     e( 22 - 22) =     14.07485  eV     1   --> A'             
     e( 23 - 23) =     14.37332  eV     1   --> A'             
     e( 24 - 24) =     14.83849  eV     1   --> A''            
     e( 25 - 25) =     15.21094  eV     1   --> A'             
     e( 26 - 26) =     17.45468  eV     1   --> A'             
     e( 27 - 27) =     17.88698  eV     1   --> A''            
     e( 28 - 28) =     18.12411  eV     1   --> A'             
     e( 29 - 29) =     19.71750  eV     1   --> A'             
     e( 30 - 30) =     20.80699  eV     1   --> A'             
     e( 31 - 31) =     21.44394  eV     1   --> A'             
     e( 32 - 32) =     21.65302  eV     1   --> A''            
     e( 33 - 33) =     22.44704  eV     1   --> A'             
     e( 34 - 34) =     23.44372  eV     1   --> A'             
     e( 35 - 35) =     23.58422  eV     1   --> A''            
     e( 36 - 36) =     24.31226  eV     1   --> A'             

 **************************************************************************

 **************************************************************************

                    xk=(   0.06250,   0.03608,   0.00000  )

     Band symmetry, C_s (m)     point group:

     e(  1 -  1) =    -45.37878  eV     1   --> A'             
     e(  2 -  2) =    -23.85254  eV     1   --> A'             
     e(  3 -  3) =    -23.12152  eV     1   --> A'             
     e(  4 -  4) =    -23.09500  eV     1   --> A''            
     e(  5 -  5) =    -20.65985  eV     1   --> A'             
     e(  6 -  6) =    -12.95678  eV     1   --> A'             
     e(  7 -  7) =     -3.11974  eV     1   --> A'             
     e(  8 -  8) =     -2.50032  eV     1   --> A'             
     e(  9 -  9) =     -2.46321  eV     1   --> A''            
     e( 10 - 10) =     -1.11459  eV     1   --> A'             
     e( 11 - 11) =      1.17631  eV     1   --> A'             
     e( 12 - 12) =      1.36190  eV     1   --> A''            
     e( 13 - 13) =      3.79477  eV     1   --> A'             
     e( 14 - 14) =      5.76568  eV     1   --> A'             
     e( 15 - 15) =      5.87565  eV     1   --> A''            
     e( 16 - 16) =      6.02007  eV     1   --> A'             
     e( 17 - 17) =      6.76363  eV     1   --> A'             
     e( 18 - 18) =      6.86324  eV     1   --> A''            
     e( 19 - 19) =      8.07450  eV     1   --> A'             
     e( 20 - 20) =      9.02633  eV     1   --> A'             
     e( 21 - 21) =     11.29525  eV     1   --> A'             
     e( 22 - 22) =     14.07926  eV     1   --> A'             
     e( 23 - 23) =     14.33425  eV     1   --> A'             
     e( 24 - 24) =     14.85587  eV     1   --> A''            
     e( 25 - 25) =     15.19424  eV     1   --> A'             
     e( 26 - 26) =     17.47462  eV     1   --> A'             
     e( 27 - 27) =     17.87653  eV     1   --> A''            
     e( 28 - 28) =     18.15156  eV     1   --> A'             
     e( 29 - 29) =     19.70503  eV     1   --> A'             
     e( 30 - 30) =     20.83200  eV     1   --> A'             
     e( 31 - 31) =     21.41627  eV     1   --> A'             
     e( 32 - 32) =     21.65100  eV     1   --> A''            
     e( 33 - 33) =     22.39474  eV     1   --> A'             
     e( 34 - 34) =     23.36973  eV     1   --> A'             
     e( 35 - 35) =     23.55864  eV     1   --> A''            
     e( 36 - 36) =     24.29492  eV     1   --> A'             

 **************************************************************************

 **************************************************************************

                    xk=(   0.06667,   0.03849,   0.00000  )

     Band symmetry, C_s (m)     point group:

     e(  1 -  1) =    -45.37848  eV     1   --> A'             
     e(  2 -  2) =    -23.85137  eV     1   --> A'             
     e(  3 -  3) =    -23.12574  eV     1   --> A'             
     e(  4 -  4) =    -23.09567  eV     1   --> A''            
     e(  5 -  5) =    -20.65873  eV     1   --> A'             
     e(  6 -  6) =    -12.95290  eV     1   --> A'             
     e(  7 -  7) =     -3.11516  eV     1   --> A'             
     e(  8 -  8) =     -2.50517  eV     1   --> A'             
     e(  9 -  9) =     -2.46321  eV     1   --> A''            
     e( 10 - 10) =     -1.11167  eV     1   --> A'             
     e( 11 - 11) =      1.14679  eV     1   --> A'             
     e( 12 - 12) =      1.35637  eV     1   --> A''            
     e( 13 - 13) =      3.79667  eV     1   --> A'             
     e( 14 - 14) =      5.75873  eV     1   --> A'             
     e( 15 - 15) =      5.88189  eV     1   --> A''            
     e( 16 - 16) =      6.02945  eV     1   --> A'             
     e( 17 - 17) =      6.76100  eV     1   --> A'             
     e( 18 - 18) =      6.86997  eV     1   --> A''            
     e( 19 - 19) =      8.09139  eV     1   --> A'             
     e( 20 - 20) =      9.05368  eV     1   --> A'             
     e( 21 - 21) =     11.31424  eV     1   --> A'             
     e( 22 - 22) =     14.08206  eV     1   --> A'             
     e( 23 - 23) =     14.29575  eV     1   --> A'             
     e( 24 - 24) =     14.87443  eV     1   --> A''            
     e( 25 - 25) =     15.17691  eV     1   --> A'             
     e( 26 - 26) =     17.49357  eV     1   --> A'             
     e( 27 - 27) =     17.86544  eV     1   --> A''            
     e( 28 - 28) =     18.18159  eV     1   --> A'             
     e( 29 - 29) =     19.69047  eV     1   --> A'             
     e( 30 - 30) =     20.85764  eV     1   --> A'             
     e( 31 - 31) =     21.38705  eV     1   --> A'             
     e( 32 - 32) =     21.64850  eV     1   --> A''            
     e( 33 - 33) =     22.34545  eV     1   --> A'             
     e( 34 - 34) =     23.29581  eV     1   --> A'             
     e( 35 - 35) =     23.53342  eV     1   --> A''            
     e( 36 - 36) =     24.26866  eV     1   --> A'             

 **************************************************************************

 **************************************************************************

                    xk=(   0.07083,   0.04090,   0.00000  )

     Band symmetry, C_s (m)     point group:

     e(  1 -  1) =    -45.37815  eV     1   --> A'             
     e(  2 -  2) =    -23.85013  eV     1   --> A'             
     e(  3 -  3) =    -23.13020  eV     1   --> A'             
     e(  4 -  4) =    -23.09637  eV     1   --> A''            
     e(  5 -  5) =    -20.65755  eV     1   --> A'             
     e(  6 -  6) =    -12.94878  eV     1   --> A'             
     e(  7 -  7) =     -3.11033  eV     1   --> A'             
     e(  8 -  8) =     -2.51026  eV     1   --> A'             
     e(  9 -  9) =     -2.46320  eV     1   --> A''            
     e( 10 - 10) =     -1.10862  eV     1   --> A'             
     e( 11 - 11) =      1.11579  eV     1   --> A'             
     e( 12 - 12) =      1.35053  eV     1   --> A''            
     e( 13 - 13) =      3.79860  eV     1   --> A'             
     e( 14 - 14) =      5.75165  eV     1   --> A'             
     e( 15 - 15) =      5.88858  eV     1   --> A''            
     e( 16 - 16) =      6.03871  eV     1   --> A'             
     e( 17 - 17) =      6.75911  eV     1   --> A'             
     e( 18 - 18) =      6.87707  eV     1   --> A''            
     e( 19 - 19) =      8.10922  eV     1   --> A'             
     e( 20 - 20) =      9.08205  eV     1   --> A'             
     e( 21 - 21) =     11.33443  eV     1   --> A'             
     e( 22 - 22) =     14.08205  eV     1   --> A'             
     e( 23 - 23) =     14.25900  eV     1   --> A'             
     e( 24 - 24) =     14.89419  eV     1   --> A''            
     e( 25 - 25) =     15.15919  eV     1   --> A'             
     e( 26 - 26) =     17.51128  eV     1   --> A'             
     e( 27 - 27) =     17.85372  eV     1   --> A''            
     e( 28 - 28) =     18.21421  eV     1   --> A'             
     e( 29 - 29) =     19.67359  eV     1   --> A'             
     e( 30 - 30) =     20.88379  eV     1   --> A'             
     e( 31 - 31) =     21.35610  eV     1   --> A'             
     e( 32 - 32) =     21.64548  eV     1   --> A''            
     e( 33 - 33) =     22.29981  eV     1   --> A'             
     e( 34 - 34) =     23.22237  eV     1   --> A'             
     e( 35 - 35) =     23.50871  eV     1   --> A''            
     e( 36 - 36) =     24.23386  eV     1   --> A'             

 **************************************************************************

 **************************************************************************

                    xk=(   0.07500,   0.04330,   0.00000  )

     Band symmetry, C_s (m)     point group:

     e(  1 -  1) =    -45.37780  eV     1   --> A'             
     e(  2 -  2) =    -23.84882  eV     1   --> A'             
     e(  3 -  3) =    -23.13489  eV     1   --> A'             
     e(  4 -  4) =    -23.09710  eV     1   --> A''            
     e(  5 -  5) =    -20.65632  eV     1   --> A'             
     e(  6 -  6) =    -12.94442  eV     1   --> A'             
     e(  7 -  7) =     -3.10524  eV     1   --> A'             
     e(  8 -  8) =     -2.51559  eV     1   --> A'             
     e(  9 -  9) =     -2.46320  eV     1   --> A''            
     e( 10 - 10) =     -1.10543  eV     1   --> A'             
     e( 11 - 11) =      1.08336  eV     1   --> A'             
     e( 12 - 12) =      1.34438  eV     1   --> A''            
     e( 13 - 13) =      3.80053  eV     1   --> A'             
     e( 14 - 14) =      5.74447  eV     1   --> A'             
     e( 15 - 15) =      5.89571  eV     1   --> A''            
     e( 16 - 16) =      6.04774  eV     1   --> A'             
     e( 17 - 17) =      6.75809  eV     1   --> A'             
     e( 18 - 18) =      6.88452  eV     1   --> A''            
     e( 19 - 19) =      8.12796  eV     1   --> A'             
     e( 20 - 20) =      9.11136  eV     1   --> A'             
     e( 21 - 21) =     11.35581  eV     1   --> A'             
     e( 22 - 22) =     14.07725  eV     1   --> A'             
     e( 23 - 23) =     14.22597  eV     1   --> A'             
     e( 24 - 24) =     14.91512  eV     1   --> A''            
     e( 25 - 25) =     15.14139  eV     1   --> A'             
     e( 26 - 26) =     17.52754  eV     1   --> A'             
     e( 27 - 27) =     17.84139  eV     1   --> A''            
     e( 28 - 28) =     18.24936  eV     1   --> A'             
     e( 29 - 29) =     19.65419  eV     1   --> A'             
     e( 30 - 30) =     20.91035  eV     1   --> A'             
     e( 31 - 31) =     21.32320  eV     1   --> A'             
     e( 32 - 32) =     21.64187  eV     1   --> A''            
     e( 33 - 33) =     22.25839  eV     1   --> A'             
     e( 34 - 34) =     23.14978  eV     1   --> A'             
     e( 35 - 35) =     23.48464  eV     1   --> A''            
     e( 36 - 36) =     24.19122  eV     1   --> A'             

 **************************************************************************

 **************************************************************************

                    xk=(   0.07917,   0.04571,   0.00000  )

     Band symmetry, C_s (m)     point group:

     e(  1 -  1) =    -45.37743  eV     1   --> A'             
     e(  2 -  2) =    -23.84744  eV     1   --> A'             
     e(  3 -  3) =    -23.13983  eV     1   --> A'             
     e(  4 -  4) =    -23.09788  eV     1   --> A''            
     e(  5 -  5) =    -20.65503  eV     1   --> A'             
     e(  6 -  6) =    -12.93983  eV     1   --> A'             
     e(  7 -  7) =     -3.09992  eV     1   --> A'             
     e(  8 -  8) =     -2.52115  eV     1   --> A'             
     e(  9 -  9) =     -2.46320  eV     1   --> A''            
     e( 10 - 10) =     -1.10212  eV     1   --> A'             
     e( 11 - 11) =      1.04957  eV     1   --> A'             
     e( 12 - 12) =      1.33792  eV     1   --> A''            
     e( 13 - 13) =      3.80243  eV     1   --> A'             
     e( 14 - 14) =      5.73721  eV     1   --> A'             
     e( 15 - 15) =      5.90329  eV     1   --> A''            
     e( 16 - 16) =      6.05648  eV     1   --> A'             
     e( 17 - 17) =      6.75805  eV     1   --> A'             
     e( 18 - 18) =      6.89230  eV     1   --> A''            
     e( 19 - 19) =      8.14760  eV     1   --> A'             
     e( 20 - 20) =      9.14149  eV     1   --> A'             
     e( 21 - 21) =     11.37836  eV     1   --> A'             
     e( 22 - 22) =     14.06487  eV     1   --> A'             
     e( 23 - 23) =     14.19939  eV     1   --> A'             
     e( 24 - 24) =     14.93723  eV     1   --> A''            
     e( 25 - 25) =     15.12382  eV     1   --> A'             
     e( 26 - 26) =     17.54221  eV     1   --> A'             
     e( 27 - 27) =     17.82845  eV     1   --> A''            
     e( 28 - 28) =     18.28696  eV     1   --> A'             
     e( 29 - 29) =     19.63209  eV     1   --> A'             
     e( 30 - 30) =     20.93719  eV     1   --> A'             
     e( 31 - 31) =     21.28814  eV     1   --> A'             
     e( 32 - 32) =     21.63762  eV     1   --> A''            
     e( 33 - 33) =     22.22168  eV     1   --> A'             
     e( 34 - 34) =     23.07835  eV     1   --> A'             
     e( 35 - 35) =     23.46135  eV     1   --> A''            
     e( 36 - 36) =     24.14169  eV     1   --> A'             

 **************************************************************************

 **************************************************************************

                    xk=(   0.08333,   0.04811,   0.00000  )

     Band symmetry, C_s (m)     point group:

     e(  1 -  1) =    -45.37705  eV     1   --> A'             
     e(  2 -  2) =    -23.84600  eV     1   --> A'             
     e(  3 -  3) =    -23.14499  eV     1   --> A'             
     e(  4 -  4) =    -23.09870  eV     1   --> A''            
     e(  5 -  5) =    -20.65370  eV     1   --> A'             
     e(  6 -  6) =    -12.93500  eV     1   --> A'             
     e(  7 -  7) =     -3.09436  eV     1   --> A'             
     e(  8 -  8) =     -2.52693  eV     1   --> A'             
     e(  9 -  9) =     -2.46322  eV     1   --> A''            
     e( 10 - 10) =     -1.09870  eV     1   --> A'             
     e( 11 - 11) =      1.01449  eV     1   --> A'             
     e( 12 - 12) =      1.33116  eV     1   --> A''            
     e( 13 - 13) =      3.80430  eV     1   --> A'             
     e( 14 - 14) =      5.72991  eV     1   --> A'             
     e( 15 - 15) =      5.91131  eV     1   --> A''            
     e( 16 - 16) =      6.06486  eV     1   --> A'             
     e( 17 - 17) =      6.75909  eV     1   --> A'             
     e( 18 - 18) =      6.90040  eV     1   --> A''            
     e( 19 - 19) =      8.16812  eV     1   --> A'             
     e( 20 - 20) =      9.17237  eV     1   --> A'             
     e( 21 - 21) =     11.40207  eV     1   --> A'             
     e( 22 - 22) =     14.04293  eV     1   --> A'             
     e( 23 - 23) =     14.18114  eV     1   --> A'             
     e( 24 - 24) =     14.96052  eV     1   --> A''            
     e( 25 - 25) =     15.10681  eV     1   --> A'             
     e( 26 - 26) =     17.55518  eV     1   --> A'             
     e( 27 - 27) =     17.81492  eV     1   --> A''            
     e( 28 - 28) =     18.32686  eV     1   --> A'             
     e( 29 - 29) =     19.60713  eV     1   --> A'             
     e( 30 - 30) =     20.96419  eV     1   --> A'             
     e( 31 - 31) =     21.25081  eV     1   --> A'             
     e( 32 - 32) =     21.63268  eV     1   --> A''            
     e( 33 - 33) =     22.18997  eV     1   --> A'             
     e( 34 - 34) =     23.00839  eV     1   --> A'             
     e( 35 - 35) =     23.43894  eV     1   --> A''            
     e( 36 - 36) =     24.08634  eV     1   --> A'             

 **************************************************************************

 **************************************************************************

                    xk=(   0.08750,   0.05052,   0.00000  )

     Band symmetry, C_s (m)     point group:

     e(  1 -  1) =    -45.37665  eV     1   --> A'             
     e(  2 -  2) =    -23.84449  eV     1   --> A'             
     e(  3 -  3) =    -23.15037  eV     1   --> A'             
     e(  4 -  4) =    -23.09955  eV     1   --> A''            
     e(  5 -  5) =    -20.65232  eV     1   --> A'             
     e(  6 -  6) =    -12.92993  eV     1   --> A'             
     e(  7 -  7) =     -3.08857  eV     1   --> A'             
     e(  8 -  8) =     -2.53291  eV     1   --> A'             
     e(  9 -  9) =     -2.46324  eV     1   --> A''            
     e( 10 - 10) =     -1.09518  eV     1   --> A'             
     e( 11 - 11) =      0.97818  eV     1   --> A'             
     e( 12 - 12) =      1.32411  eV     1   --> A''            
     e( 13 - 13) =      3.80610  eV     1   --> A'             
     e( 14 - 14) =      5.72260  eV     1   --> A'             
     e( 15 - 15) =      5.91978  eV     1   --> A''            
     e( 16 - 16) =      6.07279  eV     1   --> A'             
     e( 17 - 17) =      6.76129  eV     1   --> A'             
     e( 18 - 18) =      6.90882  eV     1   --> A''            
     e( 19 - 19) =      8.18948  eV     1   --> A'             
     e( 20 - 20) =      9.20390  eV     1   --> A'             
     e( 21 - 21) =     11.42690  eV     1   --> A'             
     e( 22 - 22) =     14.01246  eV     1   --> A'             
     e( 23 - 23) =     14.17008  eV     1   --> A'             
     e( 24 - 24) =     14.98498  eV     1   --> A''            
     e( 25 - 25) =     15.09073  eV     1   --> A'             
     e( 26 - 26) =     17.56639  eV     1   --> A'             
     e( 27 - 27) =     17.80082  eV     1   --> A''            
     e( 28 - 28) =     18.36886  eV     1   --> A'             
     e( 29 - 29) =     19.57921  eV     1   --> A'             
     e( 30 - 30) =     20.99113  eV     1   --> A'             
     e( 31 - 31) =     21.21126  eV     1   --> A'             
     e( 32 - 32) =     21.62699  eV     1   --> A''            
     e( 33 - 33) =     22.16337  eV     1   --> A'             
     e( 34 - 34) =     22.94024  eV     1   --> A'             
     e( 35 - 35) =     23.41751  eV     1   --> A''            
     e( 36 - 36) =     24.02623  eV     1   --> A'             

 **************************************************************************

 **************************************************************************

                    xk=(   0.09167,   0.05292,   0.00000  )

     Band symmetry, C_s (m)     point group:

     e(  1 -  1) =    -45.37623  eV     1   --> A'             
     e(  2 -  2) =    -23.84292  eV     1   --> A'             
     e(  3 -  3) =    -23.15597  eV     1   --> A'             
     e(  4 -  4) =    -23.10044  eV     1   --> A''            
     e(  5 -  5) =    -20.65089  eV     1   --> A'             
     e(  6 -  6) =    -12.92463  eV     1   --> A'             
     e(  7 -  7) =     -3.08257  eV     1   --> A'             
     e(  8 -  8) =     -2.53909  eV     1   --> A'             
     e(  9 -  9) =     -2.46326  eV     1   --> A''            
     e( 10 - 10) =     -1.09155  eV     1   --> A'             
     e( 11 - 11) =      0.94070  eV     1   --> A'             
     e( 12 - 12) =      1.31678  eV     1   --> A''            
     e( 13 - 13) =      3.80783  eV     1   --> A'             
     e( 14 - 14) =      5.71532  eV     1   --> A'             
     e( 15 - 15) =      5.92871  eV     1   --> A''            
     e( 16 - 16) =      6.08024  eV     1   --> A'             
     e( 17 - 17) =      6.76472  eV     1   --> A'             
     e( 18 - 18) =      6.91754  eV     1   --> A''            
     e( 19 - 19) =      8.21167  eV     1   --> A'             
     e( 20 - 20) =      9.23599  eV     1   --> A'             
     e( 21 - 21) =     11.45282  eV     1   --> A'             
     e( 22 - 22) =     13.97640  eV     1   --> A'             
     e( 23 - 23) =     14.16315  eV     1   --> A'             
     e( 24 - 24) =     15.01061  eV     1   --> A''            
     e( 25 - 25) =     15.07594  eV     1   --> A'             
     e( 26 - 26) =     17.57583  eV     1   --> A'             
     e( 27 - 27) =     17.78616  eV     1   --> A''            
     e( 28 - 28) =     18.41274  eV     1   --> A'             
     e( 29 - 29) =     19.54826  eV     1   --> A'             
     e( 30 - 30) =     21.01739  eV     1   --> A'             
     e( 31 - 31) =     21.17009  eV     1   --> A'             
     e( 32 - 32) =     21.62051  eV     1   --> A''            
     e( 33 - 33) =     22.14166  eV     1   --> A'             
     e( 34 - 34) =     22.87430  eV     1   --> A'             
     e( 35 - 35) =     23.39714  eV     1   --> A''            
     e( 36 - 36) =     23.96240  eV     1   --> A'             

 **************************************************************************

 **************************************************************************

                    xk=(   0.09583,   0.05533,   0.00000  )

     Band symmetry, C_s (m)     point group:

     e(  1 -  1) =    -45.37580  eV     1   --> A'             
     e(  2 -  2) =    -23.84128  eV     1   --> A'             
     e(  3 -  3) =    -23.16179  eV     1   --> A'             
     e(  4 -  4) =    -23.10137  eV     1   --> A''            
     e(  5 -  5) =    -20.64942  eV     1   --> A'             
     e(  6 -  6) =    -12.91911  eV     1   --> A'             
     e(  7 -  7) =     -3.07635  eV     1   --> A'             
     e(  8 -  8) =     -2.54545  eV     1   --> A'             
     e(  9 -  9) =     -2.46330  eV     1   --> A''            
     e( 10 - 10) =     -1.08784  eV     1   --> A'             
     e( 11 - 11) =      0.90211  eV     1   --> A'             
     e( 12 - 12) =      1.30917  eV     1   --> A''            
     e( 13 - 13) =      3.80945  eV     1   --> A'             
     e( 14 - 14) =      5.70811  eV     1   --> A'             
     e( 15 - 15) =      5.93809  eV     1   --> A''            
     e( 16 - 16) =      6.08717  eV     1   --> A'             
     e( 17 - 17) =      6.76946  eV     1   --> A'             
     e( 18 - 18) =      6.92656  eV     1   --> A''            
     e( 19 - 19) =      8.23466  eV     1   --> A'             
     e( 20 - 20) =      9.26857  eV     1   --> A'             
     e( 21 - 21) =     11.47979  eV     1   --> A'             
     e( 22 - 22) =     13.93722  eV     1   --> A'             
     e( 23 - 23) =     14.15772  eV     1   --> A'             
     e( 24 - 24) =     15.03741  eV     1   --> A''            
     e( 25 - 25) =     15.06281  eV     1   --> A'             
     e( 26 - 26) =     17.58349  eV     1   --> A'             
     e( 27 - 27) =     17.77095  eV     1   --> A''            
     e( 28 - 28) =     18.45820  eV     1   --> A'             
     e( 29 - 29) =     19.51428  eV     1   --> A'             
     e( 30 - 30) =     21.04024  eV     1   --> A'             
     e( 31 - 31) =     21.13012  eV     1   --> A'             
     e( 32 - 32) =     21.61320  eV     1   --> A''            
     e( 33 - 33) =     22.12432  eV     1   --> A'             
     e( 34 - 34) =     22.81106  eV     1   --> A'             
     e( 35 - 35) =     23.37790  eV     1   --> A''            
     e( 36 - 36) =     23.89578  eV     1   --> A'             

 **************************************************************************

 **************************************************************************

                    xk=(   0.10000,   0.05774,   0.00000  )

     Band symmetry, C_s (m)     point group:

     e(  1 -  1) =    -45.37535  eV     1   --> A'             
     e(  2 -  2) =    -23.83959  eV     1   --> A'             
     e(  3 -  3) =    -23.16781  eV     1   --> A'             
     e(  4 -  4) =    -23.10234  eV     1   --> A''            
     e(  5 -  5) =    -20.64792  eV     1   --> A'             
     e(  6 -  6) =    -12.91336  eV     1   --> A'             
     e(  7 -  7) =     -3.06996  eV     1   --> A'             
     e(  8 -  8) =     -2.55198  eV     1   --> A'             
     e(  9 -  9) =     -2.46336  eV     1   --> A''            
     e( 10 - 10) =     -1.08406  eV     1   --> A'             
     e( 11 - 11) =      0.86249  eV     1   --> A'             
     e( 12 - 12) =      1.30129  eV     1   --> A''            
     e( 13 - 13) =      3.81095  eV     1   --> A'             
     e( 14 - 14) =      5.70099  eV     1   --> A'             
     e( 15 - 15) =      5.94794  eV     1   --> A''            
     e( 16 - 16) =      6.09354  eV     1   --> A'             
     e( 17 - 17) =      6.77551  eV     1   --> A'             
     e( 18 - 18) =      6.93583  eV     1   --> A''            
     e( 19 - 19) =      8.25842  eV     1   --> A'             
     e( 20 - 20) =      9.30155  eV     1   --> A'             
     e( 21 - 21) =     11.50776  eV     1   --> A'             
     e( 22 - 22) =     13.89645  eV     1   --> A'             
     e( 23 - 23) =     14.15214  eV     1   --> A'             
     e( 24 - 24) =     15.05170  eV     1   --> A'             
     e( 25 - 25) =     15.06537  eV     1   --> A''            
     e( 26 - 26) =     17.58938  eV     1   --> A'             
     e( 27 - 27) =     17.75521  eV     1   --> A''            
     e( 28 - 28) =     18.50492  eV     1   --> A'             
     e( 29 - 29) =     19.47735  eV     1   --> A'             
     e( 30 - 30) =     21.04361  eV     1   --> A'             
     e( 31 - 31) =     21.10762  eV     1   --> A'             
     e( 32 - 32) =     21.60502  eV     1   --> A''            
     e( 33 - 33) =     22.11048  eV     1   --> A'             
     e( 34 - 34) =     22.75113  eV     1   --> A'             
     e( 35 - 35) =     23.35985  eV     1   --> A''            
     e( 36 - 36) =     23.82723  eV     1   --> A'             

 **************************************************************************

 **************************************************************************

                    xk=(   0.10417,   0.06014,   0.00000  )

     Band symmetry, C_s (m)     point group:

     e(  1 -  1) =    -45.37488  eV     1   --> A'             
     e(  2 -  2) =    -23.83783  eV     1   --> A'             
     e(  3 -  3) =    -23.17401  eV     1   --> A'             
     e(  4 -  4) =    -23.10333  eV     1   --> A''            
     e(  5 -  5) =    -20.64638  eV     1   --> A'             
     e(  6 -  6) =    -12.90738  eV     1   --> A'             
     e(  7 -  7) =     -3.06336  eV     1   --> A'             
     e(  8 -  8) =     -2.55864  eV     1   --> A'             
     e(  9 -  9) =     -2.46340  eV     1   --> A''            
     e( 10 - 10) =     -1.08021  eV     1   --> A'             
     e( 11 - 11) =      0.82190  eV     1   --> A'             
     e( 12 - 12) =      1.29316  eV     1   --> A''            
     e( 13 - 13) =      3.81231  eV     1   --> A'             
     e( 14 - 14) =      5.69403  eV     1   --> A'             
     e( 15 - 15) =      5.95827  eV     1   --> A''            
     e( 16 - 16) =      6.09935  eV     1   --> A'             
     e( 17 - 17) =      6.78293  eV     1   --> A'             
     e( 18 - 18) =      6.94537  eV     1   --> A''            
     e( 19 - 19) =      8.28293  eV     1   --> A'             
     e( 20 - 20) =      9.33485  eV     1   --> A'             
     e( 21 - 21) =     11.53667  eV     1   --> A'             
     e( 22 - 22) =     13.85497  eV     1   --> A'             
     e( 23 - 23) =     14.14544  eV     1   --> A'             
     e( 24 - 24) =     15.04294  eV     1   --> A'             
     e( 25 - 25) =     15.09449  eV     1   --> A''            
     e( 26 - 26) =     17.59355  eV     1   --> A'             
     e( 27 - 27) =     17.73896  eV     1   --> A''            
     e( 28 - 28) =     18.55253  eV     1   --> A'             
     e( 29 - 29) =     19.43761  eV     1   --> A'             
     e( 30 - 30) =     21.00890  eV     1   --> A'             
     e( 31 - 31) =     21.12148  eV     1   --> A'             
     e( 32 - 32) =     21.59594  eV     1   --> A''            
     e( 33 - 33) =     22.09891  eV     1   --> A'             
     e( 34 - 34) =     22.69529  eV     1   --> A'             
     e( 35 - 35) =     23.34304  eV     1   --> A''            
     e( 36 - 36) =     23.75754  eV     1   --> A'             

 **************************************************************************

 **************************************************************************

                    xk=(   0.10833,   0.06255,   0.00000  )

     Band symmetry, C_s (m)     point group:

     e(  1 -  1) =    -45.37439  eV     1   --> A'             
     e(  2 -  2) =    -23.83601  eV     1   --> A'             
     e(  3 -  3) =    -23.18042  eV     1   --> A'             
     e(  4 -  4) =    -23.10436  eV     1   --> A''            
     e(  5 -  5) =    -20.64480  eV     1   --> A'             
     e(  6 -  6) =    -12.90118  eV     1   --> A'             
     e(  7 -  7) =     -3.05658  eV     1   --> A'             
     e(  8 -  8) =     -2.56546  eV     1   --> A'             
     e(  9 -  9) =     -2.46344  eV     1   --> A''            
     e( 10 - 10) =     -1.07629  eV     1   --> A'             
     e( 11 - 11) =      0.78039  eV     1   --> A'             
     e( 12 - 12) =      1.28478  eV     1   --> A''            
     e( 13 - 13) =      3.81351  eV     1   --> A'             
     e( 14 - 14) =      5.68725  eV     1   --> A'             
     e( 15 - 15) =      5.96907  eV     1   --> A''            
     e( 16 - 16) =      6.10462  eV     1   --> A'             
     e( 17 - 17) =      6.79170  eV     1   --> A'             
     e( 18 - 18) =      6.95517  eV     1   --> A''            
     e( 19 - 19) =      8.30817  eV     1   --> A'             
     e( 20 - 20) =      9.36842  eV     1   --> A'             
     e( 21 - 21) =     11.56644  eV     1   --> A'             
     e( 22 - 22) =     13.81333  eV     1   --> A'             
     e( 23 - 23) =     14.13699  eV     1   --> A'             
     e( 24 - 24) =     15.03682  eV     1   --> A'             
     e( 25 - 25) =     15.12476  eV     1   --> A''            
     e( 26 - 26) =     17.59603  eV     1   --> A'             
     e( 27 - 27) =     17.72220  eV     1   --> A''            
     e( 28 - 28) =     18.60057  eV     1   --> A'             
     e( 29 - 29) =     19.39533  eV     1   --> A'             
     e( 30 - 30) =     20.96060  eV     1   --> A'             
     e( 31 - 31) =     21.14755  eV     1   --> A'             
     e( 32 - 32) =     21.58595  eV     1   --> A''            
     e( 33 - 33) =     22.08805  eV     1   --> A'             
     e( 34 - 34) =     22.64446  eV     1   --> A'             
     e( 35 - 35) =     23.32749  eV     1   --> A''            
     e( 36 - 36) =     23.68751  eV     1   --> A'             

 **************************************************************************

 **************************************************************************

                    xk=(   0.11250,   0.06495,   0.00000  )

     Band symmetry, C_s (m)     point group:

     e(  1 -  1) =    -45.37389  eV     1   --> A'             
     e(  2 -  2) =    -23.83414  eV     1   --> A'             
     e(  3 -  3) =    -23.18701  eV     1   --> A'             
     e(  4 -  4) =    -23.10542  eV     1   --> A''            
     e(  5 -  5) =    -20.64319  eV     1   --> A'             
     e(  6 -  6) =    -12.89477  eV     1   --> A'             
     e(  7 -  7) =     -3.04965  eV     1   --> A'             
     e(  8 -  8) =     -2.57241  eV     1   --> A'             
     e(  9 -  9) =     -2.46351  eV     1   --> A''            
     e( 10 - 10) =     -1.07232  eV     1   --> A'             
     e( 11 - 11) =      0.73802  eV     1   --> A'             
     e( 12 - 12) =      1.27616  eV     1   --> A''            
     e( 13 - 13) =      3.81453  eV     1   --> A'             
     e( 14 - 14) =      5.68068  eV     1   --> A'             
     e( 15 - 15) =      5.98034  eV     1   --> A''            
     e( 16 - 16) =      6.10935  eV     1   --> A'             
     e( 17 - 17) =      6.80182  eV     1   --> A'             
     e( 18 - 18) =      6.96519  eV     1   --> A''            
     e( 19 - 19) =      8.33410  eV     1   --> A'             
     e( 20 - 20) =      9.40218  eV     1   --> A'             
     e( 21 - 21) =     11.59700  eV     1   --> A'             
     e( 22 - 22) =     13.77189  eV     1   --> A'             
     e( 23 - 23) =     14.12643  eV     1   --> A'             
     e( 24 - 24) =     15.03357  eV     1   --> A'             
     e( 25 - 25) =     15.15618  eV     1   --> A''            
     e( 26 - 26) =     17.59683  eV     1   --> A'             
     e( 27 - 27) =     17.70494  eV     1   --> A''            
     e( 28 - 28) =     18.64844  eV     1   --> A'             
     e( 29 - 29) =     19.35094  eV     1   --> A'             
     e( 30 - 30) =     20.90843  eV     1   --> A'             
     e( 31 - 31) =     21.17638  eV     1   --> A'             
     e( 32 - 32) =     21.57501  eV     1   --> A''            
     e( 33 - 33) =     22.07611  eV     1   --> A'             
     e( 34 - 34) =     22.59969  eV     1   --> A'             
     e( 35 - 35) =     23.31324  eV     1   --> A''            
     e( 36 - 36) =     23.61793  eV     1   --> A'             

 **************************************************************************

 **************************************************************************

                    xk=(   0.11667,   0.06736,   0.00000  )

     Band symmetry, C_s (m)     point group:

     e(  1 -  1) =    -45.37337  eV     1   --> A'             
     e(  2 -  2) =    -23.83221  eV     1   --> A'             
     e(  3 -  3) =    -23.19377  eV     1   --> A'             
     e(  4 -  4) =    -23.10651  eV     1   --> A''            
     e(  5 -  5) =    -20.64156  eV     1   --> A'             
     e(  6 -  6) =    -12.88813  eV     1   --> A'             
     e(  7 -  7) =     -3.04256  eV     1   --> A'             
     e(  8 -  8) =     -2.57948  eV     1   --> A'             
     e(  9 -  9) =     -2.46359  eV     1   --> A''            
     e( 10 - 10) =     -1.06832  eV     1   --> A'             
     e( 11 - 11) =      0.69487  eV     1   --> A'             
     e( 12 - 12) =      1.26730  eV     1   --> A''            
     e( 13 - 13) =      3.81534  eV     1   --> A'             
     e( 14 - 14) =      5.67437  eV     1   --> A'             
     e( 15 - 15) =      5.99209  eV     1   --> A''            
     e( 16 - 16) =      6.11359  eV     1   --> A'             
     e( 17 - 17) =      6.81326  eV     1   --> A'             
     e( 18 - 18) =      6.97544  eV     1   --> A''            
     e( 19 - 19) =      8.36070  eV     1   --> A'             
     e( 20 - 20) =      9.43606  eV     1   --> A'             
     e( 21 - 21) =     11.62823  eV     1   --> A'             
     e( 22 - 22) =     13.73094  eV     1   --> A'             
     e( 23 - 23) =     14.11354  eV     1   --> A'             
     e( 24 - 24) =     15.03334  eV     1   --> A'             
     e( 25 - 25) =     15.18874  eV     1   --> A''            
     e( 26 - 26) =     17.59600  eV     1   --> A'             
     e( 27 - 27) =     17.68721  eV     1   --> A''            
     e( 28 - 28) =     18.69533  eV     1   --> A'             
     e( 29 - 29) =     19.30511  eV     1   --> A'             
     e( 30 - 30) =     20.85444  eV     1   --> A'             
     e( 31 - 31) =     21.20622  eV     1   --> A'             
     e( 32 - 32) =     21.56313  eV     1   --> A''            
     e( 33 - 33) =     22.06126  eV     1   --> A'             
     e( 34 - 34) =     22.56195  eV     1   --> A'             
     e( 35 - 35) =     23.30028  eV     1   --> A''            
     e( 36 - 36) =     23.54965  eV     1   --> A'             

 **************************************************************************

 **************************************************************************

                    xk=(   0.12083,   0.06976,   0.00000  )

     Band symmetry, C_s (m)     point group:

     e(  1 -  1) =    -45.37283  eV     1   --> A'             
     e(  2 -  2) =    -23.83023  eV     1   --> A'             
     e(  3 -  3) =    -23.20071  eV     1   --> A'             
     e(  4 -  4) =    -23.10764  eV     1   --> A''            
     e(  5 -  5) =    -20.63990  eV     1   --> A'             
     e(  6 -  6) =    -12.88129  eV     1   --> A'             
     e(  7 -  7) =     -3.03534  eV     1   --> A'             
     e(  8 -  8) =     -2.58665  eV     1   --> A'             
     e(  9 -  9) =     -2.46369  eV     1   --> A''            
     e( 10 - 10) =     -1.06428  eV     1   --> A'             
     e( 11 - 11) =      0.65098  eV     1   --> A'             
     e( 12 - 12) =      1.25822  eV     1   --> A''            
     e( 13 - 13) =      3.81593  eV     1   --> A'             
     e( 14 - 14) =      5.66834  eV     1   --> A'             
     e( 15 - 15) =      6.00431  eV     1   --> A''            
     e( 16 - 16) =      6.11739  eV     1   --> A'             
     e( 17 - 17) =      6.82597  eV     1   --> A'             
     e( 18 - 18) =      6.98589  eV     1   --> A''            
     e( 19 - 19) =      8.38794  eV     1   --> A'             
     e( 20 - 20) =      9.47003  eV     1   --> A'             
     e( 21 - 21) =     11.66004  eV     1   --> A'             
     e( 22 - 22) =     13.69071  eV     1   --> A'             
     e( 23 - 23) =     14.09824  eV     1   --> A'             
     e( 24 - 24) =     15.03622  eV     1   --> A'             
     e( 25 - 25) =     15.22244  eV     1   --> A''            
     e( 26 - 26) =     17.59355  eV     1   --> A'             
     e( 27 - 27) =     17.66901  eV     1   --> A''            
     e( 28 - 28) =     18.74000  eV     1   --> A'             
     e( 29 - 29) =     19.25894  eV     1   --> A'             
     e( 30 - 30) =     20.79947  eV     1   --> A'             
     e( 31 - 31) =     21.23637  eV     1   --> A'             
     e( 32 - 32) =     21.55030  eV     1   --> A''            
     e( 33 - 33) =     22.04200  eV     1   --> A'             
     e( 34 - 34) =     22.53180  eV     1   --> A'             
     e( 35 - 35) =     23.28863  eV     1   --> A''            
     e( 36 - 36) =     23.48365  eV     1   --> A'             

 **************************************************************************

 **************************************************************************

                    xk=(   0.12500,   0.07217,   0.00000  )

     Band symmetry, C_s (m)     point group:

     e(  1 -  1) =    -45.37229  eV     1   --> A'             
     e(  2 -  2) =    -23.82820  eV     1   --> A'             
     e(  3 -  3) =    -23.20781  eV     1   --> A'             
     e(  4 -  4) =    -23.10881  eV     1   --> A''            
     e(  5 -  5) =    -20.63822  eV     1   --> A'             
     e(  6 -  6) =    -12.87423  eV     1   --> A'             
     e(  7 -  7) =     -3.02799  eV     1   --> A'             
     e(  8 -  8) =     -2.59390  eV     1   --> A'             
     e(  9 -  9) =     -2.46380  eV     1   --> A''            
     e( 10 - 10) =     -1.06023  eV     1   --> A'             
     e( 11 - 11) =      0.60642  eV     1   --> A'             
     e( 12 - 12) =      1.24893  eV     1   --> A''            
     e( 13 - 13) =      3.81627  eV     1   --> A'             
     e( 14 - 14) =      5.66264  eV     1   --> A'             
     e( 15 - 15) =      6.01702  eV     1   --> A''            
     e( 16 - 16) =      6.12080  eV     1   --> A'             
     e( 17 - 17) =      6.83992  eV     1   --> A'             
     e( 18 - 18) =      6.99653  eV     1   --> A''            
     e( 19 - 19) =      8.41579  eV     1   --> A'             
     e( 20 - 20) =      9.50401  eV     1   --> A'             
     e( 21 - 21) =     11.69228  eV     1   --> A'             
     e( 22 - 22) =     13.65140  eV     1   --> A'             
     e( 23 - 23) =     14.08055  eV     1   --> A'             
     e( 24 - 24) =     15.04223  eV     1   --> A'             
     e( 25 - 25) =     15.25727  eV     1   --> A''            
     e( 26 - 26) =     17.58950  eV     1   --> A'             
     e( 27 - 27) =     17.65036  eV     1   --> A''            
     e( 28 - 28) =     18.78043  eV     1   --> A'             
     e( 29 - 29) =     19.21435  eV     1   --> A'             
     e( 30 - 30) =     20.74410  eV     1   --> A'             
     e( 31 - 31) =     21.26631  eV     1   --> A'             
     e( 32 - 32) =     21.53652  eV     1   --> A''            
     e( 33 - 33) =     22.01753  eV     1   --> A'             
     e( 34 - 34) =     22.50899  eV     1   --> A'             
     e( 35 - 35) =     23.27828  eV     1   --> A''            
     e( 36 - 36) =     23.42104  eV     1   --> A'             

 **************************************************************************

 **************************************************************************

                    xk=(   0.12917,   0.07457,   0.00000  )

     Band symmetry, C_s (m)     point group:

     e(  1 -  1) =    -45.37172  eV     1   --> A'             
     e(  2 -  2) =    -23.82612  eV     1   --> A'             
     e(  3 -  3) =    -23.21507  eV     1   --> A'             
     e(  4 -  4) =    -23.11000  eV     1   --> A''            
     e(  5 -  5) =    -20.63653  eV     1   --> A'             
     e(  6 -  6) =    -12.86697  eV     1   --> A'             
     e(  7 -  7) =     -3.02054  eV     1   --> A'             
     e(  8 -  8) =     -2.60123  eV     1   --> A'             
     e(  9 -  9) =     -2.46392  eV     1   --> A''            
     e( 10 - 10) =     -1.05616  eV     1   --> A'             
     e( 11 - 11) =      0.56124  eV     1   --> A'             
     e( 12 - 12) =      1.23943  eV     1   --> A''            
     e( 13 - 13) =      3.81635  eV     1   --> A'             
     e( 14 - 14) =      5.65729  eV     1   --> A'             
     e( 15 - 15) =      6.03021  eV     1   --> A''            
     e( 16 - 16) =      6.12389  eV     1   --> A'             
     e( 17 - 17) =      6.85503  eV     1   --> A'             
     e( 18 - 18) =      7.00735  eV     1   --> A''            
     e( 19 - 19) =      8.44423  eV     1   --> A'             
     e( 20 - 20) =      9.53796  eV     1   --> A'             
     e( 21 - 21) =     11.72481  eV     1   --> A'             
     e( 22 - 22) =     13.61321  eV     1   --> A'             
     e( 23 - 23) =     14.06058  eV     1   --> A'             
     e( 24 - 24) =     15.05131  eV     1   --> A'             
     e( 25 - 25) =     15.29323  eV     1   --> A''            
     e( 26 - 26) =     17.58385  eV     1   --> A'             
     e( 27 - 27) =     17.63127  eV     1   --> A''            
     e( 28 - 28) =     18.81302  eV     1   --> A'             
     e( 29 - 29) =     19.17476  eV     1   --> A'             
     e( 30 - 30) =     20.68880  eV     1   --> A'             
     e( 31 - 31) =     21.29546  eV     1   --> A'             
     e( 32 - 32) =     21.52182  eV     1   --> A''            
     e( 33 - 33) =     21.98798  eV     1   --> A'             
     e( 34 - 34) =     22.49231  eV     1   --> A'             
     e( 35 - 35) =     23.26919  eV     1   --> A''            
     e( 36 - 36) =     23.36311  eV     1   --> A'             

 **************************************************************************

 **************************************************************************

                    xk=(   0.13333,   0.07698,   0.00000  )

     Band symmetry, C_s (m)     point group:

     e(  1 -  1) =    -45.37115  eV     1   --> A'             
     e(  2 -  2) =    -23.82399  eV     1   --> A'             
     e(  3 -  3) =    -23.22248  eV     1   --> A'             
     e(  4 -  4) =    -23.11122  eV     1   --> A''            
     e(  5 -  5) =    -20.63482  eV     1   --> A'             
     e(  6 -  6) =    -12.85951  eV     1   --> A'             
     e(  7 -  7) =     -3.01301  eV     1   --> A'             
     e(  8 -  8) =     -2.60861  eV     1   --> A'             
     e(  9 -  9) =     -2.46406  eV     1   --> A''            
     e( 10 - 10) =     -1.05210  eV     1   --> A'             
     e( 11 - 11) =      0.51550  eV     1   --> A'             
     e( 12 - 12) =      1.22974  eV     1   --> A''            
     e( 13 - 13) =      3.81616  eV     1   --> A'             
     e( 14 - 14) =      5.65235  eV     1   --> A'             
     e( 15 - 15) =      6.04388  eV     1   --> A''            
     e( 16 - 16) =      6.12672  eV     1   --> A'             
     e( 17 - 17) =      6.87125  eV     1   --> A'             
     e( 18 - 18) =      7.01835  eV     1   --> A''            
     e( 19 - 19) =      8.47321  eV     1   --> A'             
     e( 20 - 20) =      9.57184  eV     1   --> A'             
     e( 21 - 21) =     11.75743  eV     1   --> A'             
     e( 22 - 22) =     13.57633  eV     1   --> A'             
     e( 23 - 23) =     14.03850  eV     1   --> A'             
     e( 24 - 24) =     15.06335  eV     1   --> A'             
     e( 25 - 25) =     15.33030  eV     1   --> A''            
     e( 26 - 26) =     17.57658  eV     1   --> A'             
     e( 27 - 27) =     17.61174  eV     1   --> A''            
     e( 28 - 28) =     18.83191  eV     1   --> A'             
     e( 29 - 29) =     19.14592  eV     1   --> A'             
     e( 30 - 30) =     20.63402  eV     1   --> A'             
     e( 31 - 31) =     21.32308  eV     1   --> A'             
     e( 32 - 32) =     21.50621  eV     1   --> A''            
     e( 33 - 33) =     21.95429  eV     1   --> A'             
     e( 34 - 34) =     22.47971  eV     1   --> A'             
     e( 35 - 35) =     23.26136  eV     1   --> A''            
     e( 36 - 36) =     23.31131  eV     1   --> A'             

 **************************************************************************

 **************************************************************************

                    xk=(   0.13750,   0.07939,   0.00000  )

     Band symmetry, C_s (m)     point group:

     e(  1 -  1) =    -45.37056  eV     1   --> A'             
     e(  2 -  2) =    -23.82182  eV     1   --> A'             
     e(  3 -  3) =    -23.23003  eV     1   --> A'             
     e(  4 -  4) =    -23.11247  eV     1   --> A''            
     e(  5 -  5) =    -20.63310  eV     1   --> A'             
     e(  6 -  6) =    -12.85184  eV     1   --> A'             
     e(  7 -  7) =     -3.00540  eV     1   --> A'             
     e(  8 -  8) =     -2.61603  eV     1   --> A'             
     e(  9 -  9) =     -2.46422  eV     1   --> A''            
     e( 10 - 10) =     -1.04806  eV     1   --> A'             
     e( 11 - 11) =      0.46926  eV     1   --> A'             
     e( 12 - 12) =      1.21986  eV     1   --> A''            
     e( 13 - 13) =      3.81566  eV     1   --> A'             
     e( 14 - 14) =      5.64782  eV     1   --> A'             
     e( 15 - 15) =      6.05804  eV     1   --> A''            
     e( 16 - 16) =      6.12938  eV     1   --> A'             
     e( 17 - 17) =      6.88852  eV     1   --> A'             
     e( 18 - 18) =      7.02949  eV     1   --> A''            
     e( 19 - 19) =      8.50272  eV     1   --> A'             
     e( 20 - 20) =      9.60560  eV     1   --> A'             
     e( 21 - 21) =     11.78996  eV     1   --> A'             
     e( 22 - 22) =     13.54096  eV     1   --> A'             
     e( 23 - 23) =     14.01454  eV     1   --> A'             
     e( 24 - 24) =     15.07820  eV     1   --> A'             
     e( 25 - 25) =     15.36849  eV     1   --> A''            
     e( 26 - 26) =     17.56770  eV     1   --> A'             
     e( 27 - 27) =     17.59180  eV     1   --> A''            
     e( 28 - 28) =     18.83016  eV     1   --> A'             
     e( 29 - 29) =     19.13456  eV     1   --> A'             
     e( 30 - 30) =     20.58021  eV     1   --> A'             
     e( 31 - 31) =     21.34821  eV     1   --> A'             
     e( 32 - 32) =     21.48972  eV     1   --> A''            
     e( 33 - 33) =     21.91791  eV     1   --> A'             
     e( 34 - 34) =     22.46879  eV     1   --> A'             
     e( 35 - 35) =     23.25473  eV     1   --> A''            
     e( 36 - 36) =     23.26720  eV     1   --> A'             

 **************************************************************************

 **************************************************************************

                    xk=(   0.14167,   0.08179,   0.00000  )

     Band symmetry, C_s (m)     point group:

     e(  1 -  1) =    -45.36995  eV     1   --> A'             
     e(  2 -  2) =    -23.81962  eV     1   --> A'             
     e(  3 -  3) =    -23.23771  eV     1   --> A'             
     e(  4 -  4) =    -23.11375  eV     1   --> A''            
     e(  5 -  5) =    -20.63137  eV     1   --> A'             
     e(  6 -  6) =    -12.84399  eV     1   --> A'             
     e(  7 -  7) =     -2.99776  eV     1   --> A'             
     e(  8 -  8) =     -2.62348  eV     1   --> A'             
     e(  9 -  9) =     -2.46440  eV     1   --> A''            
     e( 10 - 10) =     -1.04404  eV     1   --> A'             
     e( 11 - 11) =      0.42258  eV     1   --> A'             
     e( 12 - 12) =      1.20980  eV     1   --> A''            
     e( 13 - 13) =      3.81486  eV     1   --> A'             
     e( 14 - 14) =      5.64374  eV     1   --> A'             
     e( 15 - 15) =      6.07268  eV     1   --> A''            
     e( 16 - 16) =      6.13192  eV     1   --> A'             
     e( 17 - 17) =      6.90675  eV     1   --> A'             
     e( 18 - 18) =      7.04078  eV     1   --> A''            
     e( 19 - 19) =      8.53271  eV     1   --> A'             
     e( 20 - 20) =      9.63922  eV     1   --> A'             
     e( 21 - 21) =     11.82216  eV     1   --> A'             
     e( 22 - 22) =     13.50730  eV     1   --> A'             
     e( 23 - 23) =     13.98898  eV     1   --> A'             
     e( 24 - 24) =     15.09570  eV     1   --> A'             
     e( 25 - 25) =     15.40778  eV     1   --> A''            
     e( 26 - 26) =     17.55715  eV     1   --> A'             
     e( 27 - 27) =     17.57145  eV     1   --> A''            
     e( 28 - 28) =     18.80563  eV     1   --> A'             
     e( 29 - 29) =     19.14257  eV     1   --> A'             
     e( 30 - 30) =     20.52783  eV     1   --> A'             
     e( 31 - 31) =     21.36965  eV     1   --> A'             
     e( 32 - 32) =     21.47238  eV     1   --> A''            
     e( 33 - 33) =     21.88045  eV     1   --> A'             
     e( 34 - 34) =     22.45732  eV     1   --> A'             
     e( 35 - 35) =     23.23219  eV     1   --> A'             
     e( 36 - 36) =     23.24926  eV     1   --> A''            

 **************************************************************************

 **************************************************************************

                    xk=(   0.14583,   0.08420,   0.00000  )

     Band symmetry, C_s (m)     point group:

     e(  1 -  1) =    -45.36934  eV     1   --> A'             
     e(  2 -  2) =    -23.81737  eV     1   --> A'             
     e(  3 -  3) =    -23.24552  eV     1   --> A'             
     e(  4 -  4) =    -23.11505  eV     1   --> A''            
     e(  5 -  5) =    -20.62963  eV     1   --> A'             
     e(  6 -  6) =    -12.83593  eV     1   --> A'             
     e(  7 -  7) =     -2.99008  eV     1   --> A'             
     e(  8 -  8) =     -2.63092  eV     1   --> A'             
     e(  9 -  9) =     -2.46460  eV     1   --> A''            
     e( 10 - 10) =     -1.04007  eV     1   --> A'             
     e( 11 - 11) =      0.37551  eV     1   --> A'             
     e( 12 - 12) =      1.19958  eV     1   --> A''            
     e( 13 - 13) =      3.81374  eV     1   --> A'             
     e( 14 - 14) =      5.64014  eV     1   --> A'             
     e( 15 - 15) =      6.08780  eV     1   --> A''            
     e( 16 - 16) =      6.13443  eV     1   --> A'             
     e( 17 - 17) =      6.92590  eV     1   --> A'             
     e( 18 - 18) =      7.05219  eV     1   --> A''            
     e( 19 - 19) =      8.56316  eV     1   --> A'             
     e( 20 - 20) =      9.67265  eV     1   --> A'             
     e( 21 - 21) =     11.85377  eV     1   --> A'             
     e( 22 - 22) =     13.47554  eV     1   --> A'             
     e( 23 - 23) =     13.96211  eV     1   --> A'             
     e( 24 - 24) =     15.11566  eV     1   --> A'             
     e( 25 - 25) =     15.44816  eV     1   --> A''            
     e( 26 - 26) =     17.54491  eV     1   --> A'             
     e( 27 - 27) =     17.55070  eV     1   --> A''            
     e( 28 - 28) =     18.76333  eV     1   --> A'             
     e( 29 - 29) =     19.16463  eV     1   --> A'             
     e( 30 - 30) =     20.47739  eV     1   --> A'             
     e( 31 - 31) =     21.38591  eV     1   --> A'             
     e( 32 - 32) =     21.45422  eV     1   --> A''            
     e( 33 - 33) =     21.84346  eV     1   --> A'             
     e( 34 - 34) =     22.44378  eV     1   --> A'             
     e( 35 - 35) =     23.20733  eV     1   --> A'             
     e( 36 - 36) =     23.24491  eV     1   --> A''            

 **************************************************************************

 **************************************************************************

                    xk=(   0.15000,   0.08660,   0.00000  )

     Band symmetry, C_s (m)     point group:

     e(  1 -  1) =    -45.36871  eV     1   --> A'             
     e(  2 -  2) =    -23.81509  eV     1   --> A'             
     e(  3 -  3) =    -23.25345  eV     1   --> A'             
     e(  4 -  4) =    -23.11639  eV     1   --> A''            
     e(  5 -  5) =    -20.62790  eV     1   --> A'             
     e(  6 -  6) =    -12.82769  eV     1   --> A'             
     e(  7 -  7) =     -2.98239  eV     1   --> A'             
     e(  8 -  8) =     -2.63834  eV     1   --> A'             
     e(  9 -  9) =     -2.46483  eV     1   --> A''            
     e( 10 - 10) =     -1.03615  eV     1   --> A'             
     e( 11 - 11) =      0.32810  eV     1   --> A'             
     e( 12 - 12) =      1.18920  eV     1   --> A''            
     e( 13 - 13) =      3.81228  eV     1   --> A'             
     e( 14 - 14) =      5.63703  eV     1   --> A'             
     e( 15 - 15) =      6.10341  eV     1   --> A''            
     e( 16 - 16) =      6.13698  eV     1   --> A'             
     e( 17 - 17) =      6.94589  eV     1   --> A'             
     e( 18 - 18) =      7.06373  eV     1   --> A''            
     e( 19 - 19) =      8.59404  eV     1   --> A'             
     e( 20 - 20) =      9.70586  eV     1   --> A'             
     e( 21 - 21) =     11.88452  eV     1   --> A'             
     e( 22 - 22) =     13.44588  eV     1   --> A'             
     e( 23 - 23) =     13.93427  eV     1   --> A'             
     e( 24 - 24) =     15.13789  eV     1   --> A'             
     e( 25 - 25) =     15.48964  eV     1   --> A''            
     e( 26 - 26) =     17.52957  eV     1   --> A''            
     e( 27 - 27) =     17.53091  eV     1   --> A'             
     e( 28 - 28) =     18.70982  eV     1   --> A'             
     e( 29 - 29) =     19.19377  eV     1   --> A'             
     e( 30 - 30) =     20.42947  eV     1   --> A'             
     e( 31 - 31) =     21.39539  eV     1   --> A'             
     e( 32 - 32) =     21.43529  eV     1   --> A''            
     e( 33 - 33) =     21.80817  eV     1   --> A'             
     e( 34 - 34) =     22.42773  eV     1   --> A'             
     e( 35 - 35) =     23.19294  eV     1   --> A'             
     e( 36 - 36) =     23.24162  eV     1   --> A''            

 **************************************************************************

 **************************************************************************

                    xk=(   0.15417,   0.08901,   0.00000  )

     Band symmetry, C_s (m)     point group:

     e(  1 -  1) =    -45.36807  eV     1   --> A'             
     e(  2 -  2) =    -23.81277  eV     1   --> A'             
     e(  3 -  3) =    -23.26148  eV     1   --> A'             
     e(  4 -  4) =    -23.11775  eV     1   --> A''            
     e(  5 -  5) =    -20.62616  eV     1   --> A'             
     e(  6 -  6) =    -12.81927  eV     1   --> A'             
     e(  7 -  7) =     -2.97473  eV     1   --> A'             
     e(  8 -  8) =     -2.64570  eV     1   --> A'             
     e(  9 -  9) =     -2.46507  eV     1   --> A''            
     e( 10 - 10) =     -1.03229  eV     1   --> A'             
     e( 11 - 11) =      0.28041  eV     1   --> A'             
     e( 12 - 12) =      1.17867  eV     1   --> A''            
     e( 13 - 13) =      3.81047  eV     1   --> A'             
     e( 14 - 14) =      5.63445  eV     1   --> A'             
     e( 15 - 15) =      6.11950  eV     1   --> A''            
     e( 16 - 16) =      6.13963  eV     1   --> A'             
     e( 17 - 17) =      6.96667  eV     1   --> A'             
     e( 18 - 18) =      7.07537  eV     1   --> A''            
     e( 19 - 19) =      8.62530  eV     1   --> A'             
     e( 20 - 20) =      9.73883  eV     1   --> A'             
     e( 21 - 21) =     11.91409  eV     1   --> A'             
     e( 22 - 22) =     13.41851  eV     1   --> A'             
     e( 23 - 23) =     13.90580  eV     1   --> A'             
     e( 24 - 24) =     15.16219  eV     1   --> A'             
     e( 25 - 25) =     15.53219  eV     1   --> A''            
     e( 26 - 26) =     17.50805  eV     1   --> A''            
     e( 27 - 27) =     17.51510  eV     1   --> A'             
     e( 28 - 28) =     18.64957  eV     1   --> A'             
     e( 29 - 29) =     19.22499  eV     1   --> A'             
     e( 30 - 30) =     20.38472  eV     1   --> A'             
     e( 31 - 31) =     21.39665  eV     1   --> A'             
     e( 32 - 32) =     21.41565  eV     1   --> A''            
     e( 33 - 33) =     21.77523  eV     1   --> A'             
     e( 34 - 34) =     22.41001  eV     1   --> A'             
     e( 35 - 35) =     23.18851  eV     1   --> A'             
     e( 36 - 36) =     23.23932  eV     1   --> A''            

 **************************************************************************

 **************************************************************************

                    xk=(   0.15833,   0.09141,   0.00000  )

     Band symmetry, C_s (m)     point group:

     e(  1 -  1) =    -45.36742  eV     1   --> A'             
     e(  2 -  2) =    -23.81042  eV     1   --> A'             
     e(  3 -  3) =    -23.26961  eV     1   --> A'             
     e(  4 -  4) =    -23.11913  eV     1   --> A''            
     e(  5 -  5) =    -20.62441  eV     1   --> A'             
     e(  6 -  6) =    -12.81066  eV     1   --> A'             
     e(  7 -  7) =     -2.96711  eV     1   --> A'             
     e(  8 -  8) =     -2.65298  eV     1   --> A'             
     e(  9 -  9) =     -2.46532  eV     1   --> A''            
     e( 10 - 10) =     -1.02853  eV     1   --> A'             
     e( 11 - 11) =      0.23251  eV     1   --> A'             
     e( 12 - 12) =      1.16801  eV     1   --> A''            
     e( 13 - 13) =      3.80832  eV     1   --> A'             
     e( 14 - 14) =      5.63242  eV     1   --> A'             
     e( 15 - 15) =      6.13608  eV     1   --> A''            
     e( 16 - 16) =      6.14245  eV     1   --> A'             
     e( 17 - 17) =      6.98818  eV     1   --> A'             
     e( 18 - 18) =      7.08712  eV     1   --> A''            
     e( 19 - 19) =      8.65693  eV     1   --> A'             
     e( 20 - 20) =      9.77154  eV     1   --> A'             
     e( 21 - 21) =     11.94216  eV     1   --> A'             
     e( 22 - 22) =     13.39360  eV     1   --> A'             
     e( 23 - 23) =     13.87708  eV     1   --> A'             
     e( 24 - 24) =     15.18839  eV     1   --> A'             
     e( 25 - 25) =     15.57580  eV     1   --> A''            
     e( 26 - 26) =     17.48618  eV     1   --> A''            
     e( 27 - 27) =     17.49739  eV     1   --> A'             
     e( 28 - 28) =     18.58516  eV     1   --> A'             
     e( 29 - 29) =     19.25509  eV     1   --> A'             
     e( 30 - 30) =     20.34388  eV     1   --> A'             
     e( 31 - 31) =     21.38892  eV     1   --> A'             
     e( 32 - 32) =     21.39532  eV     1   --> A''            
     e( 33 - 33) =     21.74423  eV     1   --> A'             
     e( 34 - 34) =     22.39245  eV     1   --> A'             
     e( 35 - 35) =     23.19279  eV     1   --> A'             
     e( 36 - 36) =     23.23795  eV     1   --> A''            

 **************************************************************************

 **************************************************************************

                    xk=(   0.16250,   0.09382,   0.00000  )

     Band symmetry, C_s (m)     point group:

     e(  1 -  1) =    -45.36675  eV     1   --> A'             
     e(  2 -  2) =    -23.80805  eV     1   --> A'             
     e(  3 -  3) =    -23.27783  eV     1   --> A'             
     e(  4 -  4) =    -23.12053  eV     1   --> A''            
     e(  5 -  5) =    -20.62268  eV     1   --> A'             
     e(  6 -  6) =    -12.80188  eV     1   --> A'             
     e(  7 -  7) =     -2.95957  eV     1   --> A'             
     e(  8 -  8) =     -2.66017  eV     1   --> A'             
     e(  9 -  9) =     -2.46559  eV     1   --> A''            
     e( 10 - 10) =     -1.02488  eV     1   --> A'             
     e( 11 - 11) =      0.18444  eV     1   --> A'             
     e( 12 - 12) =      1.15722  eV     1   --> A''            
     e( 13 - 13) =      3.80580  eV     1   --> A'             
     e( 14 - 14) =      5.63093  eV     1   --> A'             
     e( 15 - 15) =      6.14550  eV     1   --> A'             
     e( 16 - 16) =      6.15314  eV     1   --> A''            
     e( 17 - 17) =      7.01035  eV     1   --> A'             
     e( 18 - 18) =      7.09896  eV     1   --> A''            
     e( 19 - 19) =      8.68888  eV     1   --> A'             
     e( 20 - 20) =      9.80396  eV     1   --> A'             
     e( 21 - 21) =     11.96836  eV     1   --> A'             
     e( 22 - 22) =     13.37127  eV     1   --> A'             
     e( 23 - 23) =     13.84854  eV     1   --> A'             
     e( 24 - 24) =     15.21632  eV     1   --> A'             
     e( 25 - 25) =     15.62047  eV     1   --> A''            
     e( 26 - 26) =     17.46394  eV     1   --> A''            
     e( 27 - 27) =     17.47768  eV     1   --> A'             
     e( 28 - 28) =     18.51812  eV     1   --> A'             
     e( 29 - 29) =     19.28179  eV     1   --> A'             
     e( 30 - 30) =     20.30777  eV     1   --> A'             
     e( 31 - 31) =     21.37247  eV     1   --> A'             
     e( 32 - 32) =     21.37437  eV     1   --> A''            
     e( 33 - 33) =     21.71364  eV     1   --> A'             
     e( 34 - 34) =     22.37745  eV     1   --> A'             
     e( 35 - 35) =     23.20397  eV     1   --> A'             
     e( 36 - 36) =     23.23745  eV     1   --> A''            

 **************************************************************************

 **************************************************************************

                    xk=(   0.16667,   0.09623,   0.00000  )

     Band symmetry, C_s (m)     point group:

     e(  1 -  1) =    -45.36608  eV     1   --> A'             
     e(  2 -  2) =    -23.80565  eV     1   --> A'             
     e(  3 -  3) =    -23.28614  eV     1   --> A'             
     e(  4 -  4) =    -23.12196  eV     1   --> A''            
     e(  5 -  5) =    -20.62095  eV     1   --> A'             
     e(  6 -  6) =    -12.79292  eV     1   --> A'             
     e(  7 -  7) =     -2.95216  eV     1   --> A'             
     e(  8 -  8) =     -2.66721  eV     1   --> A'             
     e(  9 -  9) =     -2.46589  eV     1   --> A''            
     e( 10 - 10) =     -1.02136  eV     1   --> A'             
     e( 11 - 11) =      0.13627  eV     1   --> A'             
     e( 12 - 12) =      1.14630  eV     1   --> A''            
     e( 13 - 13) =      3.80293  eV     1   --> A'             
     e( 14 - 14) =      5.63001  eV     1   --> A'             
     e( 15 - 15) =      6.14884  eV     1   --> A'             
     e( 16 - 16) =      6.17067  eV     1   --> A''            
     e( 17 - 17) =      7.03316  eV     1   --> A'             
     e( 18 - 18) =      7.11088  eV     1   --> A''            
     e( 19 - 19) =      8.72112  eV     1   --> A'             
     e( 20 - 20) =      9.83607  eV     1   --> A'             
     e( 21 - 21) =     11.99236  eV     1   --> A'             
     e( 22 - 22) =     13.35158  eV     1   --> A'             
     e( 23 - 23) =     13.82064  eV     1   --> A'             
     e( 24 - 24) =     15.24581  eV     1   --> A'             
     e( 25 - 25) =     15.66619  eV     1   --> A''            
     e( 26 - 26) =     17.44136  eV     1   --> A''            
     e( 27 - 27) =     17.45585  eV     1   --> A'             
     e( 28 - 28) =     18.44941  eV     1   --> A'             
     e( 29 - 29) =     19.30332  eV     1   --> A'             
     e( 30 - 30) =     20.27722  eV     1   --> A'             
     e( 31 - 31) =     21.34858  eV     1   --> A'             
     e( 32 - 32) =     21.35283  eV     1   --> A''            
     e( 33 - 33) =     21.68112  eV     1   --> A'             
     e( 34 - 34) =     22.36732  eV     1   --> A'             
     e( 35 - 35) =     23.22003  eV     1   --> A'             
     e( 36 - 36) =     23.23772  eV     1   --> A''            

 **************************************************************************

 **************************************************************************

                    xk=(   0.17083,   0.09863,   0.00000  )

     Band symmetry, C_s (m)     point group:

     e(  1 -  1) =    -45.36539  eV     1   --> A'             
     e(  2 -  2) =    -23.80322  eV     1   --> A'             
     e(  3 -  3) =    -23.29451  eV     1   --> A'             
     e(  4 -  4) =    -23.12340  eV     1   --> A''            
     e(  5 -  5) =    -20.61923  eV     1   --> A'             
     e(  6 -  6) =    -12.78380  eV     1   --> A'             
     e(  7 -  7) =     -2.94490  eV     1   --> A'             
     e(  8 -  8) =     -2.67405  eV     1   --> A'             
     e(  9 -  9) =     -2.46621  eV     1   --> A''            
     e( 10 - 10) =     -1.01799  eV     1   --> A'             
     e( 11 - 11) =      0.08807  eV     1   --> A'             
     e( 12 - 12) =      1.13528  eV     1   --> A''            
     e( 13 - 13) =      3.79969  eV     1   --> A'             
     e( 14 - 14) =      5.62968  eV     1   --> A'             
     e( 15 - 15) =      6.15252  eV     1   --> A'             
     e( 16 - 16) =      6.18868  eV     1   --> A''            
     e( 17 - 17) =      7.05655  eV     1   --> A'             
     e( 18 - 18) =      7.12286  eV     1   --> A''            
     e( 19 - 19) =      8.75362  eV     1   --> A'             
     e( 20 - 20) =      9.86786  eV     1   --> A'             
     e( 21 - 21) =     12.01382  eV     1   --> A'             
     e( 22 - 22) =     13.33448  eV     1   --> A'             
     e( 23 - 23) =     13.79393  eV     1   --> A'             
     e( 24 - 24) =     15.27673  eV     1   --> A'             
     e( 25 - 25) =     15.71293  eV     1   --> A''            
     e( 26 - 26) =     17.41845  eV     1   --> A''            
     e( 27 - 27) =     17.43178  eV     1   --> A'             
     e( 28 - 28) =     18.37973  eV     1   --> A'             
     e( 29 - 29) =     19.31822  eV     1   --> A'             
     e( 30 - 30) =     20.25299  eV     1   --> A'             
     e( 31 - 31) =     21.31905  eV     1   --> A'             
     e( 32 - 32) =     21.33078  eV     1   --> A''            
     e( 33 - 33) =     21.64451  eV     1   --> A'             
     e( 34 - 34) =     22.36361  eV     1   --> A'             
     e( 35 - 35) =     23.23871  eV     1   --> A''            
     e( 36 - 36) =     23.23888  eV     1   --> A'             

 **************************************************************************

 **************************************************************************

                    xk=(   0.17500,   0.10104,   0.00000  )

     Band symmetry, C_s (m)     point group:

     e(  1 -  1) =    -45.36469  eV     1   --> A'             
     e(  2 -  2) =    -23.80079  eV     1   --> A'             
     e(  3 -  3) =    -23.30296  eV     1   --> A'             
     e(  4 -  4) =    -23.12487  eV     1   --> A''            
     e(  5 -  5) =    -20.61753  eV     1   --> A'             
     e(  6 -  6) =    -12.77452  eV     1   --> A'             
     e(  7 -  7) =     -2.93786  eV     1   --> A'             
     e(  8 -  8) =     -2.68070  eV     1   --> A'             
     e(  9 -  9) =     -2.46655  eV     1   --> A''            
     e( 10 - 10) =     -1.01482  eV     1   --> A'             
     e( 11 - 11) =      0.03988  eV     1   --> A'             
     e( 12 - 12) =      1.12416  eV     1   --> A''            
     e( 13 - 13) =      3.79608  eV     1   --> A'             
     e( 14 - 14) =      5.62992  eV     1   --> A'             
     e( 15 - 15) =      6.15657  eV     1   --> A'             
     e( 16 - 16) =      6.20716  eV     1   --> A''            
     e( 17 - 17) =      7.08047  eV     1   --> A'             
     e( 18 - 18) =      7.13491  eV     1   --> A''            
     e( 19 - 19) =      8.78633  eV     1   --> A'             
     e( 20 - 20) =      9.89930  eV     1   --> A'             
     e( 21 - 21) =     12.03242  eV     1   --> A'             
     e( 22 - 22) =     13.31977  eV     1   --> A'             
     e( 23 - 23) =     13.76905  eV     1   --> A'             
     e( 24 - 24) =     15.30892  eV     1   --> A'             
     e( 25 - 25) =     15.76069  eV     1   --> A''            
     e( 26 - 26) =     17.39522  eV     1   --> A''            
     e( 27 - 27) =     17.40531  eV     1   --> A'             
     e( 28 - 28) =     18.30963  eV     1   --> A'             
     e( 29 - 29) =     19.32537  eV     1   --> A'             
     e( 30 - 30) =     20.23561  eV     1   --> A'             
     e( 31 - 31) =     21.28564  eV     1   --> A'             
     e( 32 - 32) =     21.30825  eV     1   --> A''            
     e( 33 - 33) =     21.60252  eV     1   --> A'             
     e( 34 - 34) =     22.36679  eV     1   --> A'             
     e( 35 - 35) =     23.24030  eV     1   --> A''            
     e( 36 - 36) =     23.25849  eV     1   --> A'             

 **************************************************************************

 **************************************************************************

                    xk=(   0.17917,   0.10344,   0.00000  )

     Band symmetry, C_s (m)     point group:

     e(  1 -  1) =    -45.36399  eV     1   --> A'             
     e(  2 -  2) =    -23.79834  eV     1   --> A'             
     e(  3 -  3) =    -23.31146  eV     1   --> A'             
     e(  4 -  4) =    -23.12635  eV     1   --> A''            
     e(  5 -  5) =    -20.61583  eV     1   --> A'             
     e(  6 -  6) =    -12.76507  eV     1   --> A'             
     e(  7 -  7) =     -2.93108  eV     1   --> A'             
     e(  8 -  8) =     -2.68707  eV     1   --> A'             
     e(  9 -  9) =     -2.46690  eV     1   --> A''            
     e( 10 - 10) =     -1.01186  eV     1   --> A'             
     e( 11 - 11) =     -0.00821  eV     1   --> A'             
     e( 12 - 12) =      1.11295  eV     1   --> A''            
     e( 13 - 13) =      3.79211  eV     1   --> A'             
     e( 14 - 14) =      5.63074  eV     1   --> A'             
     e( 15 - 15) =      6.16106  eV     1   --> A'             
     e( 16 - 16) =      6.22611  eV     1   --> A''            
     e( 17 - 17) =      7.10490  eV     1   --> A'             
     e( 18 - 18) =      7.14700  eV     1   --> A''            
     e( 19 - 19) =      8.81923  eV     1   --> A'             
     e( 20 - 20) =      9.93039  eV     1   --> A'             
     e( 21 - 21) =     12.04791  eV     1   --> A'             
     e( 22 - 22) =     13.30709  eV     1   --> A'             
     e( 23 - 23) =     13.74677  eV     1   --> A'             
     e( 24 - 24) =     15.34226  eV     1   --> A'             
     e( 25 - 25) =     15.80944  eV     1   --> A''            
     e( 26 - 26) =     17.37167  eV     1   --> A''            
     e( 27 - 27) =     17.37627  eV     1   --> A'             
     e( 28 - 28) =     18.23959  eV     1   --> A'             
     e( 29 - 29) =     19.32406  eV     1   --> A'             
     e( 30 - 30) =     20.22520  eV     1   --> A'             
     e( 31 - 31) =     21.24981  eV     1   --> A'             
     e( 32 - 32) =     21.28530  eV     1   --> A''            
     e( 33 - 33) =     21.55507  eV     1   --> A'             
     e( 34 - 34) =     22.37626  eV     1   --> A'             
     e( 35 - 35) =     23.24239  eV     1   --> A''            
     e( 36 - 36) =     23.27698  eV     1   --> A'             

 **************************************************************************

 **************************************************************************

                    xk=(   0.18333,   0.10585,   0.00000  )

     Band symmetry, C_s (m)     point group:

     e(  1 -  1) =    -45.36327  eV     1   --> A'             
     e(  2 -  2) =    -23.79588  eV     1   --> A'             
     e(  3 -  3) =    -23.32000  eV     1   --> A'             
     e(  4 -  4) =    -23.12785  eV     1   --> A''            
     e(  5 -  5) =    -20.61416  eV     1   --> A'             
     e(  6 -  6) =    -12.75548  eV     1   --> A'             
     e(  7 -  7) =     -2.92462  eV     1   --> A'             
     e(  8 -  8) =     -2.69312  eV     1   --> A'             
     e(  9 -  9) =     -2.46728  eV     1   --> A''            
     e( 10 - 10) =     -1.00917  eV     1   --> A'             
     e( 11 - 11) =     -0.05612  eV     1   --> A'             
     e( 12 - 12) =      1.10166  eV     1   --> A''            
     e( 13 - 13) =      3.78779  eV     1   --> A'             
     e( 14 - 14) =      5.63216  eV     1   --> A'             
     e( 15 - 15) =      6.16601  eV     1   --> A'             
     e( 16 - 16) =      6.24552  eV     1   --> A''            
     e( 17 - 17) =      7.12980  eV     1   --> A'             
     e( 18 - 18) =      7.15915  eV     1   --> A''            
     e( 19 - 19) =      8.85228  eV     1   --> A'             
     e( 20 - 20) =      9.96112  eV     1   --> A'             
     e( 21 - 21) =     12.06010  eV     1   --> A'             
     e( 22 - 22) =     13.29584  eV     1   --> A'             
     e( 23 - 23) =     13.72798  eV     1   --> A'             
     e( 24 - 24) =     15.37662  eV     1   --> A'             
     e( 25 - 25) =     15.85917  eV     1   --> A''            
     e( 26 - 26) =     17.34450  eV     1   --> A'             
     e( 27 - 27) =     17.34782  eV     1   --> A''            
     e( 28 - 28) =     18.17003  eV     1   --> A'             
     e( 29 - 29) =     19.31412  eV     1   --> A'             
     e( 30 - 30) =     20.22136  eV     1   --> A'             
     e( 31 - 31) =     21.21251  eV     1   --> A'             
     e( 32 - 32) =     21.26197  eV     1   --> A''            
     e( 33 - 33) =     21.50316  eV     1   --> A'             
     e( 34 - 34) =     22.39062  eV     1   --> A'             
     e( 35 - 35) =     23.24483  eV     1   --> A''            
     e( 36 - 36) =     23.29273  eV     1   --> A'             

 **************************************************************************

 **************************************************************************

                    xk=(   0.18750,   0.10825,   0.00000  )

     Band symmetry, C_s (m)     point group:

     e(  1 -  1) =    -45.36255  eV     1   --> A'             
     e(  2 -  2) =    -23.79341  eV     1   --> A'             
     e(  3 -  3) =    -23.32859  eV     1   --> A'             
     e(  4 -  4) =    -23.12937  eV     1   --> A''            
     e(  5 -  5) =    -20.61250  eV     1   --> A'             
     e(  6 -  6) =    -12.74573  eV     1   --> A'             
     e(  7 -  7) =     -2.91855  eV     1   --> A'             
     e(  8 -  8) =     -2.69877  eV     1   --> A'             
     e(  9 -  9) =     -2.46768  eV     1   --> A''            
     e( 10 - 10) =     -1.00678  eV     1   --> A'             
     e( 11 - 11) =     -0.10379  eV     1   --> A'             
     e( 12 - 12) =      1.09029  eV     1   --> A''            
     e( 13 - 13) =      3.78311  eV     1   --> A'             
     e( 14 - 14) =      5.63415  eV     1   --> A'             
     e( 15 - 15) =      6.17147  eV     1   --> A'             
     e( 16 - 16) =      6.26538  eV     1   --> A''            
     e( 17 - 17) =      7.15514  eV     1   --> A'             
     e( 18 - 18) =      7.17133  eV     1   --> A''            
     e( 19 - 19) =      8.88543  eV     1   --> A'             
     e( 20 - 20) =      9.99146  eV     1   --> A'             
     e( 21 - 21) =     12.06888  eV     1   --> A'             
     e( 22 - 22) =     13.28523  eV     1   --> A'             
     e( 23 - 23) =     13.71368  eV     1   --> A'             
     e( 24 - 24) =     15.41189  eV     1   --> A'             
     e( 25 - 25) =     15.90985  eV     1   --> A''            
     e( 26 - 26) =     17.30981  eV     1   --> A'             
     e( 27 - 27) =     17.32370  eV     1   --> A''            
     e( 28 - 28) =     18.10133  eV     1   --> A'             
     e( 29 - 29) =     19.29584  eV     1   --> A'             
     e( 30 - 30) =     20.22313  eV     1   --> A'             
     e( 31 - 31) =     21.17414  eV     1   --> A'             
     e( 32 - 32) =     21.23833  eV     1   --> A''            
     e( 33 - 33) =     21.44855  eV     1   --> A'             
     e( 34 - 34) =     22.40809  eV     1   --> A'             
     e( 35 - 35) =     23.24736  eV     1   --> A''            
     e( 36 - 36) =     23.30464  eV     1   --> A'             

 **************************************************************************

 **************************************************************************

                    xk=(   0.19167,   0.11066,   0.00000  )

     Band symmetry, C_s (m)     point group:

     e(  1 -  1) =    -45.36182  eV     1   --> A'             
     e(  2 -  2) =    -23.79094  eV     1   --> A'             
     e(  3 -  3) =    -23.33720  eV     1   --> A'             
     e(  4 -  4) =    -23.13091  eV     1   --> A''            
     e(  5 -  5) =    -20.61086  eV     1   --> A'             
     e(  6 -  6) =    -12.73584  eV     1   --> A'             
     e(  7 -  7) =     -2.91296  eV     1   --> A'             
     e(  8 -  8) =     -2.70397  eV     1   --> A'             
     e(  9 -  9) =     -2.46811  eV     1   --> A''            
     e( 10 - 10) =     -1.00477  eV     1   --> A'             
     e( 11 - 11) =     -0.15112  eV     1   --> A'             
     e( 12 - 12) =      1.07886  eV     1   --> A''            
     e( 13 - 13) =      3.77809  eV     1   --> A'             
     e( 14 - 14) =      5.63672  eV     1   --> A'             
     e( 15 - 15) =      6.17745  eV     1   --> A'             
     e( 16 - 16) =      6.28567  eV     1   --> A''            
     e( 17 - 17) =      7.18090  eV     1   --> A'             
     e( 18 - 18) =      7.18353  eV     1   --> A''            
     e( 19 - 19) =      8.91865  eV     1   --> A'             
     e( 20 - 20) =     10.02141  eV     1   --> A'             
     e( 21 - 21) =     12.07424  eV     1   --> A'             
     e( 22 - 22) =     13.27432  eV     1   --> A'             
     e( 23 - 23) =     13.70489  eV     1   --> A'             
     e( 24 - 24) =     15.44794  eV     1   --> A'             
     e( 25 - 25) =     15.96146  eV     1   --> A''            
     e( 26 - 26) =     17.27202  eV     1   --> A'             
     e( 27 - 27) =     17.29931  eV     1   --> A''            
     e( 28 - 28) =     18.03386  eV     1   --> A'             
     e( 29 - 29) =     19.26994  eV     1   --> A'             
     e( 30 - 30) =     20.22911  eV     1   --> A'             
     e( 31 - 31) =     21.13440  eV     1   --> A'             
     e( 32 - 32) =     21.21440  eV     1   --> A''            
     e( 33 - 33) =     21.39369  eV     1   --> A'             
     e( 34 - 34) =     22.42676  eV     1   --> A'             
     e( 35 - 35) =     23.24946  eV     1   --> A''            
     e( 36 - 36) =     23.31243  eV     1   --> A'             

 **************************************************************************

 **************************************************************************

                    xk=(   0.19583,   0.11306,   0.00000  )

     Band symmetry, C_s (m)     point group:

     e(  1 -  1) =    -45.36108  eV     1   --> A'             
     e(  2 -  2) =    -23.78848  eV     1   --> A'             
     e(  3 -  3) =    -23.34583  eV     1   --> A'             
     e(  4 -  4) =    -23.13245  eV     1   --> A''            
     e(  5 -  5) =    -20.60924  eV     1   --> A'             
     e(  6 -  6) =    -12.72582  eV     1   --> A'             
     e(  7 -  7) =     -2.90791  eV     1   --> A'             
     e(  8 -  8) =     -2.70862  eV     1   --> A'             
     e(  9 -  9) =     -2.46855  eV     1   --> A''            
     e( 10 - 10) =     -1.00320  eV     1   --> A'             
     e( 11 - 11) =     -0.19799  eV     1   --> A'             
     e( 12 - 12) =      1.06738  eV     1   --> A''            
     e( 13 - 13) =      3.77275  eV     1   --> A'             
     e( 14 - 14) =      5.63986  eV     1   --> A'             
     e( 15 - 15) =      6.18400  eV     1   --> A'             
     e( 16 - 16) =      6.30642  eV     1   --> A''            
     e( 17 - 17) =      7.19577  eV     1   --> A''            
     e( 18 - 18) =      7.20706  eV     1   --> A'             
     e( 19 - 19) =      8.95191  eV     1   --> A'             
     e( 20 - 20) =     10.05095  eV     1   --> A'             
     e( 21 - 21) =     12.07626  eV     1   --> A'             
     e( 22 - 22) =     13.26217  eV     1   --> A'             
     e( 23 - 23) =     13.70256  eV     1   --> A'             
     e( 24 - 24) =     15.48465  eV     1   --> A'             
     e( 25 - 25) =     16.01396  eV     1   --> A''            
     e( 26 - 26) =     17.23099  eV     1   --> A'             
     e( 27 - 27) =     17.27468  eV     1   --> A''            
     e( 28 - 28) =     17.96795  eV     1   --> A'             
     e( 29 - 29) =     19.23734  eV     1   --> A'             
     e( 30 - 30) =     20.23764  eV     1   --> A'             
     e( 31 - 31) =     21.09219  eV     1   --> A'             
     e( 32 - 32) =     21.19025  eV     1   --> A''            
     e( 33 - 33) =     21.34172  eV     1   --> A'             
     e( 34 - 34) =     22.44477  eV     1   --> A'             
     e( 35 - 35) =     23.24947  eV     1   --> A''            
     e( 36 - 36) =     23.31677  eV     1   --> A'             

 **************************************************************************

 **************************************************************************

                    xk=(   0.20000,   0.11547,   0.00000  )

     Band symmetry, C_s (m)     point group:

     e(  1 -  1) =    -45.36033  eV     1   --> A'             
     e(  2 -  2) =    -23.78603  eV     1   --> A'             
     e(  3 -  3) =    -23.35447  eV     1   --> A'             
     e(  4 -  4) =    -23.13402  eV     1   --> A''            
     e(  5 -  5) =    -20.60765  eV     1   --> A'             
     e(  6 -  6) =    -12.71566  eV     1   --> A'             
     e(  7 -  7) =     -2.90351  eV     1   --> A'             
     e(  8 -  8) =     -2.71264  eV     1   --> A'             
     e(  9 -  9) =     -2.46902  eV     1   --> A''            
     e( 10 - 10) =     -1.00217  eV     1   --> A'             
     e( 11 - 11) =     -0.24431  eV     1   --> A'             
     e( 12 - 12) =      1.05586  eV     1   --> A''            
     e( 13 - 13) =      3.76707  eV     1   --> A'             
     e( 14 - 14) =      5.64356  eV     1   --> A'             
     e( 15 - 15) =      6.19112  eV     1   --> A'             
     e( 16 - 16) =      6.32759  eV     1   --> A''            
     e( 17 - 17) =      7.20803  eV     1   --> A''            
     e( 18 - 18) =      7.23360  eV     1   --> A'             
     e( 19 - 19) =      8.98516  eV     1   --> A'             
     e( 20 - 20) =     10.08008  eV     1   --> A'             
     e( 21 - 21) =     12.07511  eV     1   --> A'             
     e( 22 - 22) =     13.24802  eV     1   --> A'             
     e( 23 - 23) =     13.70735  eV     1   --> A'             
     e( 24 - 24) =     15.52192  eV     1   --> A'             
     e( 25 - 25) =     16.06732  eV     1   --> A''            
     e( 26 - 26) =     17.18660  eV     1   --> A'             
     e( 27 - 27) =     17.24984  eV     1   --> A''            
     e( 28 - 28) =     17.90388  eV     1   --> A'             
     e( 29 - 29) =     19.19903  eV     1   --> A'             
     e( 30 - 30) =     20.24697  eV     1   --> A'             
     e( 31 - 31) =     21.04567  eV     1   --> A'             
     e( 32 - 32) =     21.16591  eV     1   --> A''            
     e( 33 - 33) =     21.29627  eV     1   --> A'             
     e( 34 - 34) =     22.46045  eV     1   --> A'             
     e( 35 - 35) =     23.23978  eV     1   --> A''            
     e( 36 - 36) =     23.31892  eV     1   --> A'             

 **************************************************************************

 **************************************************************************

                    xk=(   0.20417,   0.11788,   0.00000  )

     Band symmetry, C_s (m)     point group:

     e(  1 -  1) =    -45.35958  eV     1   --> A'             
     e(  2 -  2) =    -23.78359  eV     1   --> A'             
     e(  3 -  3) =    -23.36312  eV     1   --> A'             
     e(  4 -  4) =    -23.13560  eV     1   --> A''            
     e(  5 -  5) =    -20.60608  eV     1   --> A'             
     e(  6 -  6) =    -12.70538  eV     1   --> A'             
     e(  7 -  7) =     -2.89985  eV     1   --> A'             
     e(  8 -  8) =     -2.71597  eV     1   --> A'             
     e(  9 -  9) =     -2.46953  eV     1   --> A''            
     e( 10 - 10) =     -1.00176  eV     1   --> A'             
     e( 11 - 11) =     -0.28993  eV     1   --> A'             
     e( 12 - 12) =      1.04430  eV     1   --> A''            
     e( 13 - 13) =      3.76109  eV     1   --> A'             
     e( 14 - 14) =      5.64780  eV     1   --> A'             
     e( 15 - 15) =      6.19884  eV     1   --> A'             
     e( 16 - 16) =      6.34918  eV     1   --> A''            
     e( 17 - 17) =      7.22028  eV     1   --> A''            
     e( 18 - 18) =      7.26049  eV     1   --> A'             
     e( 19 - 19) =      9.01837  eV     1   --> A'             
     e( 20 - 20) =     10.10878  eV     1   --> A'             
     e( 21 - 21) =     12.07102  eV     1   --> A'             
     e( 22 - 22) =     13.23141  eV     1   --> A'             
     e( 23 - 23) =     13.71954  eV     1   --> A'             
     e( 24 - 24) =     15.55960  eV     1   --> A'             
     e( 25 - 25) =     16.12150  eV     1   --> A''            
     e( 26 - 26) =     17.13881  eV     1   --> A'             
     e( 27 - 27) =     17.22483  eV     1   --> A''            
     e( 28 - 28) =     17.84186  eV     1   --> A'             
     e( 29 - 29) =     19.15593  eV     1   --> A'             
     e( 30 - 30) =     20.25547  eV     1   --> A'             
     e( 31 - 31) =     20.99301  eV     1   --> A'             
     e( 32 - 32) =     21.14142  eV     1   --> A''            
     e( 33 - 33) =     21.26073  eV     1   --> A'             
     e( 34 - 34) =     22.47243  eV     1   --> A'             
     e( 35 - 35) =     23.19625  eV     1   --> A''            
     e( 36 - 36) =     23.29068  eV     1   --> A''            

 **************************************************************************

 **************************************************************************

                    xk=(   0.20833,   0.12028,   0.00000  )

     Band symmetry, C_s (m)     point group:

     e(  1 -  1) =    -45.35882  eV     1   --> A'             
     e(  2 -  2) =    -23.78118  eV     1   --> A'             
     e(  3 -  3) =    -23.37174  eV     1   --> A'             
     e(  4 -  4) =    -23.13719  eV     1   --> A''            
     e(  5 -  5) =    -20.60454  eV     1   --> A'             
     e(  6 -  6) =    -12.69497  eV     1   --> A'             
     e(  7 -  7) =     -2.89700  eV     1   --> A'             
     e(  8 -  8) =     -2.71850  eV     1   --> A'             
     e(  9 -  9) =     -2.47005  eV     1   --> A''            
     e( 10 - 10) =     -1.00213  eV     1   --> A'             
     e( 11 - 11) =     -0.33469  eV     1   --> A'             
     e( 12 - 12) =      1.03271  eV     1   --> A''            
     e( 13 - 13) =      3.75482  eV     1   --> A'             
     e( 14 - 14) =      5.65257  eV     1   --> A'             
     e( 15 - 15) =      6.20717  eV     1   --> A'             
     e( 16 - 16) =      6.37118  eV     1   --> A''            
     e( 17 - 17) =      7.23255  eV     1   --> A''            
     e( 18 - 18) =      7.28774  eV     1   --> A'             
     e( 19 - 19) =      9.05149  eV     1   --> A'             
     e( 20 - 20) =     10.13704  eV     1   --> A'             
     e( 21 - 21) =     12.06430  eV     1   --> A'             
     e( 22 - 22) =     13.21224  eV     1   --> A'             
     e( 23 - 23) =     13.73897  eV     1   --> A'             
     e( 24 - 24) =     15.59756  eV     1   --> A'             
     e( 25 - 25) =     16.17642  eV     1   --> A''            
     e( 26 - 26) =     17.08766  eV     1   --> A'             
     e( 27 - 27) =     17.19969  eV     1   --> A''            
     e( 28 - 28) =     17.78206  eV     1   --> A'             
     e( 29 - 29) =     19.10885  eV     1   --> A'             
     e( 30 - 30) =     20.26172  eV     1   --> A'             
     e( 31 - 31) =     20.93351  eV     1   --> A'             
     e( 32 - 32) =     21.11684  eV     1   --> A''            
     e( 33 - 33) =     21.23704  eV     1   --> A'             
     e( 34 - 34) =     22.47970  eV     1   --> A'             
     e( 35 - 35) =     23.12615  eV     1   --> A''            
     e( 36 - 36) =     23.28618  eV     1   --> A''            

 **************************************************************************

 **************************************************************************

                    xk=(   0.21250,   0.12269,   0.00000  )

     Band symmetry, C_s (m)     point group:

     e(  1 -  1) =    -45.35806  eV     1   --> A'             
     e(  2 -  2) =    -23.77879  eV     1   --> A'             
     e(  3 -  3) =    -23.38034  eV     1   --> A'             
     e(  4 -  4) =    -23.13878  eV     1   --> A''            
     e(  5 -  5) =    -20.60303  eV     1   --> A'             
     e(  6 -  6) =    -12.68445  eV     1   --> A'             
     e(  7 -  7) =     -2.89502  eV     1   --> A'             
     e(  8 -  8) =     -2.72017  eV     1   --> A'             
     e(  9 -  9) =     -2.47060  eV     1   --> A''            
     e( 10 - 10) =     -1.00342  eV     1   --> A'             
     e( 11 - 11) =     -0.37840  eV     1   --> A'             
     e( 12 - 12) =      1.02110  eV     1   --> A''            
     e( 13 - 13) =      3.74828  eV     1   --> A'             
     e( 14 - 14) =      5.65787  eV     1   --> A'             
     e( 15 - 15) =      6.21614  eV     1   --> A'             
     e( 16 - 16) =      6.39358  eV     1   --> A''            
     e( 17 - 17) =      7.24483  eV     1   --> A''            
     e( 18 - 18) =      7.31532  eV     1   --> A'             
     e( 19 - 19) =      9.08449  eV     1   --> A'             
     e( 20 - 20) =     10.16484  eV     1   --> A'             
     e( 21 - 21) =     12.05526  eV     1   --> A'             
     e( 22 - 22) =     13.19070  eV     1   --> A'             
     e( 23 - 23) =     13.76518  eV     1   --> A'             
     e( 24 - 24) =     15.63564  eV     1   --> A'             
     e( 25 - 25) =     16.23203  eV     1   --> A''            
     e( 26 - 26) =     17.03329  eV     1   --> A'             
     e( 27 - 27) =     17.17448  eV     1   --> A''            
     e( 28 - 28) =     17.72451  eV     1   --> A'             
     e( 29 - 29) =     19.05849  eV     1   --> A'             
     e( 30 - 30) =     20.26467  eV     1   --> A'             
     e( 31 - 31) =     20.86787  eV     1   --> A'             
     e( 32 - 32) =     21.09218  eV     1   --> A''            
     e( 33 - 33) =     21.22538  eV     1   --> A'             
     e( 34 - 34) =     22.48168  eV     1   --> A'             
     e( 35 - 35) =     23.04986  eV     1   --> A''            
     e( 36 - 36) =     23.28829  eV     1   --> A''            

 **************************************************************************

 **************************************************************************

                    xk=(   0.21667,   0.12509,   0.00000  )

     Band symmetry, C_s (m)     point group:

     e(  1 -  1) =    -45.35729  eV     1   --> A'             
     e(  2 -  2) =    -23.77643  eV     1   --> A'             
     e(  3 -  3) =    -23.38890  eV     1   --> A'             
     e(  4 -  4) =    -23.14039  eV     1   --> A''            
     e(  5 -  5) =    -20.60155  eV     1   --> A'             
     e(  6 -  6) =    -12.67382  eV     1   --> A'             
     e(  7 -  7) =     -2.89398  eV     1   --> A'             
     e(  8 -  8) =     -2.72096  eV     1   --> A'             
     e(  9 -  9) =     -2.47117  eV     1   --> A''            
     e( 10 - 10) =     -1.00583  eV     1   --> A'             
     e( 11 - 11) =     -0.42083  eV     1   --> A'             
     e( 12 - 12) =      1.00949  eV     1   --> A''            
     e( 13 - 13) =      3.74148  eV     1   --> A'             
     e( 14 - 14) =      5.66366  eV     1   --> A'             
     e( 15 - 15) =      6.22574  eV     1   --> A'             
     e( 16 - 16) =      6.41637  eV     1   --> A''            
     e( 17 - 17) =      7.25711  eV     1   --> A''            
     e( 18 - 18) =      7.34323  eV     1   --> A'             
     e( 19 - 19) =      9.11732  eV     1   --> A'             
     e( 20 - 20) =     10.19218  eV     1   --> A'             
     e( 21 - 21) =     12.04424  eV     1   --> A'             
     e( 22 - 22) =     13.16715  eV     1   --> A'             
     e( 23 - 23) =     13.79751  eV     1   --> A'             
     e( 24 - 24) =     15.67365  eV     1   --> A'             
     e( 25 - 25) =     16.28820  eV     1   --> A''            
     e( 26 - 26) =     16.97594  eV     1   --> A'             
     e( 27 - 27) =     17.14930  eV     1   --> A''            
     e( 28 - 28) =     17.66921  eV     1   --> A'             
     e( 29 - 29) =     19.00540  eV     1   --> A'             
     e( 30 - 30) =     20.26368  eV     1   --> A'             
     e( 31 - 31) =     20.79756  eV     1   --> A'             
     e( 32 - 32) =     21.06750  eV     1   --> A''            
     e( 33 - 33) =     21.22476  eV     1   --> A'             
     e( 34 - 34) =     22.47827  eV     1   --> A'             
     e( 35 - 35) =     22.97207  eV     1   --> A''            
     e( 36 - 36) =     23.29231  eV     1   --> A''            

 **************************************************************************

 **************************************************************************

                    xk=(   0.22083,   0.12750,   0.00000  )

     Band symmetry, C_s (m)     point group:

     e(  1 -  1) =    -45.35652  eV     1   --> A'             
     e(  2 -  2) =    -23.77412  eV     1   --> A'             
     e(  3 -  3) =    -23.39743  eV     1   --> A'             
     e(  4 -  4) =    -23.14201  eV     1   --> A''            
     e(  5 -  5) =    -20.60011  eV     1   --> A'             
     e(  6 -  6) =    -12.66309  eV     1   --> A'             
     e(  7 -  7) =     -2.89389  eV     1   --> A'             
     e(  8 -  8) =     -2.72086  eV     1   --> A'             
     e(  9 -  9) =     -2.47177  eV     1   --> A''            
     e( 10 - 10) =     -1.00961  eV     1   --> A'             
     e( 11 - 11) =     -0.46173  eV     1   --> A'             
     e( 12 - 12) =      0.99787  eV     1   --> A''            
     e( 13 - 13) =      3.73444  eV     1   --> A'             
     e( 14 - 14) =      5.66993  eV     1   --> A'             
     e( 15 - 15) =      6.23596  eV     1   --> A'             
     e( 16 - 16) =      6.43952  eV     1   --> A''            
     e( 17 - 17) =      7.26938  eV     1   --> A''            
     e( 18 - 18) =      7.37145  eV     1   --> A'             
     e( 19 - 19) =      9.14993  eV     1   --> A'             
     e( 20 - 20) =     10.21904  eV     1   --> A'             
     e( 21 - 21) =     12.03158  eV     1   --> A'             
     e( 22 - 22) =     13.14200  eV     1   --> A'             
     e( 23 - 23) =     13.83522  eV     1   --> A'             
     e( 24 - 24) =     15.71137  eV     1   --> A'             
     e( 25 - 25) =     16.34481  eV     1   --> A''            
     e( 26 - 26) =     16.91598  eV     1   --> A'             
     e( 27 - 27) =     17.12428  eV     1   --> A''            
     e( 28 - 28) =     17.61606  eV     1   --> A'             
     e( 29 - 29) =     18.95004  eV     1   --> A'             
     e( 30 - 30) =     20.25848  eV     1   --> A'             
     e( 31 - 31) =     20.72401  eV     1   --> A'             
     e( 32 - 32) =     21.04281  eV     1   --> A''            
     e( 33 - 33) =     21.23382  eV     1   --> A'             
     e( 34 - 34) =     22.46973  eV     1   --> A'             
     e( 35 - 35) =     22.89393  eV     1   --> A''            
     e( 36 - 36) =     23.29713  eV     1   --> A''            

 **************************************************************************

 **************************************************************************

                    xk=(   0.22500,   0.12990,   0.00000  )

     Band symmetry, C_s (m)     point group:

     e(  1 -  1) =    -45.35574  eV     1   --> A'             
     e(  2 -  2) =    -23.77186  eV     1   --> A'             
     e(  3 -  3) =    -23.40589  eV     1   --> A'             
     e(  4 -  4) =    -23.14364  eV     1   --> A''            
     e(  5 -  5) =    -20.59869  eV     1   --> A'             
     e(  6 -  6) =    -12.65226  eV     1   --> A'             
     e(  7 -  7) =     -2.89473  eV     1   --> A'             
     e(  8 -  8) =     -2.71987  eV     1   --> A'             
     e(  9 -  9) =     -2.47240  eV     1   --> A''            
     e( 10 - 10) =     -1.01503  eV     1   --> A'             
     e( 11 - 11) =     -0.50079  eV     1   --> A'             
     e( 12 - 12) =      0.98626  eV     1   --> A''            
     e( 13 - 13) =      3.72719  eV     1   --> A'             
     e( 14 - 14) =      5.67668  eV     1   --> A'             
     e( 15 - 15) =      6.24683  eV     1   --> A'             
     e( 16 - 16) =      6.46303  eV     1   --> A''            
     e( 17 - 17) =      7.28166  eV     1   --> A''            
     e( 18 - 18) =      7.39999  eV     1   --> A'             
     e( 19 - 19) =      9.18230  eV     1   --> A'             
     e( 20 - 20) =     10.24541  eV     1   --> A'             
     e( 21 - 21) =     12.01762  eV     1   --> A'             
     e( 22 - 22) =     13.11566  eV     1   --> A'             
     e( 23 - 23) =     13.87758  eV     1   --> A'             
     e( 24 - 24) =     15.74850  eV     1   --> A'             
     e( 25 - 25) =     16.40163  eV     1   --> A''            
     e( 26 - 26) =     16.85390  eV     1   --> A'             
     e( 27 - 27) =     17.09960  eV     1   --> A''            
     e( 28 - 28) =     17.56490  eV     1   --> A'             
     e( 29 - 29) =     18.89279  eV     1   --> A'             
     e( 30 - 30) =     20.24917  eV     1   --> A'             
     e( 31 - 31) =     20.64837  eV     1   --> A'             
     e( 32 - 32) =     21.01817  eV     1   --> A''            
     e( 33 - 33) =     21.25115  eV     1   --> A'             
     e( 34 - 34) =     22.45662  eV     1   --> A'             
     e( 35 - 35) =     22.81587  eV     1   --> A''            
     e( 36 - 36) =     23.30235  eV     1   --> A''            

 **************************************************************************

 **************************************************************************

                    xk=(   0.22917,   0.13231,   0.00000  )

     Band symmetry, C_s (m)     point group:

     e(  1 -  1) =    -45.35496  eV     1   --> A'             
     e(  2 -  2) =    -23.76965  eV     1   --> A'             
     e(  3 -  3) =    -23.41428  eV     1   --> A'             
     e(  4 -  4) =    -23.14527  eV     1   --> A''            
     e(  5 -  5) =    -20.59731  eV     1   --> A'             
     e(  6 -  6) =    -12.64134  eV     1   --> A'             
     e(  7 -  7) =     -2.89645  eV     1   --> A'             
     e(  8 -  8) =     -2.71804  eV     1   --> A'             
     e(  9 -  9) =     -2.47304  eV     1   --> A''            
     e( 10 - 10) =     -1.02242  eV     1   --> A'             
     e( 11 - 11) =     -0.53764  eV     1   --> A'             
     e( 12 - 12) =      0.97467  eV     1   --> A''            
     e( 13 - 13) =      3.71973  eV     1   --> A'             
     e( 14 - 14) =      5.68387  eV     1   --> A'             
     e( 15 - 15) =      6.25833  eV     1   --> A'             
     e( 16 - 16) =      6.48688  eV     1   --> A''            
     e( 17 - 17) =      7.29394  eV     1   --> A''            
     e( 18 - 18) =      7.42884  eV     1   --> A'             
     e( 19 - 19) =      9.21437  eV     1   --> A'             
     e( 20 - 20) =     10.27127  eV     1   --> A'             
     e( 21 - 21) =     12.00266  eV     1   --> A'             
     e( 22 - 22) =     13.08852  eV     1   --> A'             
     e( 23 - 23) =     13.92390  eV     1   --> A'             
     e( 24 - 24) =     15.78467  eV     1   --> A'             
     e( 25 - 25) =     16.45837  eV     1   --> A''            
     e( 26 - 26) =     16.79030  eV     1   --> A'             
     e( 27 - 27) =     17.07557  eV     1   --> A''            
     e( 28 - 28) =     17.51554  eV     1   --> A'             
     e( 29 - 29) =     18.83397  eV     1   --> A'             
     e( 30 - 30) =     20.23610  eV     1   --> A'             
     e( 31 - 31) =     20.57153  eV     1   --> A'             
     e( 32 - 32) =     20.99359  eV     1   --> A''            
     e( 33 - 33) =     21.27535  eV     1   --> A'             
     e( 34 - 34) =     22.43964  eV     1   --> A'             
     e( 35 - 35) =     22.73810  eV     1   --> A''            
     e( 36 - 36) =     23.30143  eV     1   -->   ?

 **************************************************************************

 **************************************************************************

                    xk=(   0.23333,   0.13472,   0.00000  )

     Band symmetry, C_s (m)     point group:

     e(  1 -  1) =    -45.35418  eV     1   --> A'             
     e(  2 -  2) =    -23.76750  eV     1   --> A'             
     e(  3 -  3) =    -23.42258  eV     1   --> A'             
     e(  4 -  4) =    -23.14690  eV     1   --> A''            
     e(  5 -  5) =    -20.59596  eV     1   --> A'             
     e(  6 -  6) =    -12.63034  eV     1   --> A'             
     e(  7 -  7) =     -2.89899  eV     1   --> A'             
     e(  8 -  8) =     -2.71545  eV     1   --> A'             
     e(  9 -  9) =     -2.47372  eV     1   --> A''            
     e( 10 - 10) =     -1.03213  eV     1   --> A'             
     e( 11 - 11) =     -0.57192  eV     1   --> A'             
     e( 12 - 12) =      0.96310  eV     1   --> A''            
     e( 13 - 13) =      3.71210  eV     1   --> A'             
     e( 14 - 14) =      5.69149  eV     1   --> A'             
     e( 15 - 15) =      6.27046  eV     1   --> A'             
     e( 16 - 16) =      6.51107  eV     1   --> A''            
     e( 17 - 17) =      7.30622  eV     1   --> A''            
     e( 18 - 18) =      7.45800  eV     1   --> A'             
     e( 19 - 19) =      9.24609  eV     1   --> A'             
     e( 20 - 20) =     10.29661  eV     1   --> A'             
     e( 21 - 21) =     11.98701  eV     1   --> A'             
     e( 22 - 22) =     13.06088  eV     1   --> A'             
     e( 23 - 23) =     13.97358  eV     1   --> A'             
     e( 24 - 24) =     15.81935  eV     1   --> A'             
     e( 25 - 25) =     16.51451  eV     1   --> A''            
     e( 26 - 26) =     16.72597  eV     1   --> A'             
     e( 27 - 27) =     17.05267  eV     1   --> A''            
     e( 28 - 28) =     17.46778  eV     1   --> A'             
     e( 29 - 29) =     18.77385  eV     1   --> A'             
     e( 30 - 30) =     20.21967  eV     1   --> A'             
     e( 31 - 31) =     20.49418  eV     1   --> A'             
     e( 32 - 32) =     20.96911  eV     1   --> A''            
     e( 33 - 33) =     21.30512  eV     1   --> A'             
     e( 34 - 34) =     22.41956  eV     1   --> A'             
     e( 35 - 35) =     22.66075  eV     1   --> A''            
     e( 36 - 36) =     23.28904  eV     1   --> A'             

 **************************************************************************

 **************************************************************************

                    xk=(   0.23750,   0.13712,   0.00000  )

     Band symmetry, C_s (m)     point group:

     e(  1 -  1) =    -45.35339  eV     1   --> A'             
     e(  2 -  2) =    -23.76543  eV     1   --> A'             
     e(  3 -  3) =    -23.43079  eV     1   --> A'             
     e(  4 -  4) =    -23.14854  eV     1   --> A''            
     e(  5 -  5) =    -20.59465  eV     1   --> A'             
     e(  6 -  6) =    -12.61926  eV     1   --> A'             
     e(  7 -  7) =     -2.90226  eV     1   --> A'             
     e(  8 -  8) =     -2.71220  eV     1   --> A'             
     e(  9 -  9) =     -2.47441  eV     1   --> A''            
     e( 10 - 10) =     -1.04452  eV     1   --> A'             
     e( 11 - 11) =     -0.60324  eV     1   --> A'             
     e( 12 - 12) =      0.95156  eV     1   --> A''            
     e( 13 - 13) =      3.70432  eV     1   --> A'             
     e( 14 - 14) =      5.69952  eV     1   --> A'             
     e( 15 - 15) =      6.28321  eV     1   --> A'             
     e( 16 - 16) =      6.53555  eV     1   --> A''            
     e( 17 - 17) =      7.31851  eV     1   --> A''            
     e( 18 - 18) =      7.48746  eV     1   --> A'             
     e( 19 - 19) =      9.27743  eV     1   --> A'             
     e( 20 - 20) =     10.32142  eV     1   --> A'             
     e( 21 - 21) =     11.97093  eV     1   --> A'             
     e( 22 - 22) =     13.03300  eV     1   --> A'             
     e( 23 - 23) =     14.02607  eV     1   --> A'             
     e( 24 - 24) =     15.85180  eV     1   --> A'             
     e( 25 - 25) =     16.56926  eV     1   --> A''            
     e( 26 - 26) =     16.66188  eV     1   --> A'             
     e( 27 - 27) =     17.03168  eV     1   --> A''            
     e( 28 - 28) =     17.42141  eV     1   --> A'             
     e( 29 - 29) =     18.71265  eV     1   --> A'             
     e( 30 - 30) =     20.20025  eV     1   --> A'             
     e( 31 - 31) =     20.41699  eV     1   --> A'             
     e( 32 - 32) =     20.94475  eV     1   --> A''            
     e( 33 - 33) =     21.33920  eV     1   --> A'             
     e( 34 - 34) =     22.39715  eV     1   --> A'             
     e( 35 - 35) =     22.58394  eV     1   --> A''            
     e( 36 - 36) =     23.27460  eV     1   --> A'             

 **************************************************************************

 **************************************************************************

                    xk=(   0.24167,   0.13953,   0.00000  )

     Band symmetry, C_s (m)     point group:

     e(  1 -  1) =    -45.35260  eV     1   --> A'             
     e(  2 -  2) =    -23.76344  eV     1   --> A'             
     e(  3 -  3) =    -23.43889  eV     1   --> A'             
     e(  4 -  4) =    -23.15019  eV     1   --> A''            
     e(  5 -  5) =    -20.59338  eV     1   --> A'             
     e(  6 -  6) =    -12.60810  eV     1   --> A'             
     e(  7 -  7) =     -2.90617  eV     1   --> A'             
     e(  8 -  8) =     -2.70838  eV     1   --> A'             
     e(  9 -  9) =     -2.47513  eV     1   --> A''            
     e( 10 - 10) =     -1.05989  eV     1   --> A'             
     e( 11 - 11) =     -0.63127  eV     1   --> A'             
     e( 12 - 12) =      0.94006  eV     1   --> A''            
     e( 13 - 13) =      3.69640  eV     1   --> A'             
     e( 14 - 14) =      5.70795  eV     1   --> A'             
     e( 15 - 15) =      6.29657  eV     1   --> A'             
     e( 16 - 16) =      6.56032  eV     1   --> A''            
     e( 17 - 17) =      7.33080  eV     1   --> A''            
     e( 18 - 18) =      7.51723  eV     1   --> A'             
     e( 19 - 19) =      9.30833  eV     1   --> A'             
     e( 20 - 20) =     10.34568  eV     1   --> A'             
     e( 21 - 21) =     11.95468  eV     1   --> A'             
     e( 22 - 22) =     13.00511  eV     1   --> A'             
     e( 23 - 23) =     14.08085  eV     1   --> A'             
     e( 24 - 24) =     15.88094  eV     1   --> A'             
     e( 25 - 25) =     16.59936  eV     1   --> A'             
     e( 26 - 26) =     16.62119  eV     1   --> A''            
     e( 27 - 27) =     17.01402  eV     1   --> A''            
     e( 28 - 28) =     17.37627  eV     1   --> A'             
     e( 29 - 29) =     18.65061  eV     1   --> A'             
     e( 30 - 30) =     20.17787  eV     1   --> A'             
     e( 31 - 31) =     20.34082  eV     1   --> A'             
     e( 32 - 32) =     20.92053  eV     1   --> A''            
     e( 33 - 33) =     21.37644  eV     1   --> A'             
     e( 34 - 34) =     22.37313  eV     1   --> A'             
     e( 35 - 35) =     22.50775  eV     1   --> A''            
     e( 36 - 36) =     23.25883  eV     1   --> A'             

 **************************************************************************

 **************************************************************************

                    xk=(   0.24583,   0.14193,   0.00000  )

     Band symmetry, C_s (m)     point group:

     e(  1 -  1) =    -45.35182  eV     1   --> A'             
     e(  2 -  2) =    -23.76155  eV     1   --> A'             
     e(  3 -  3) =    -23.44686  eV     1   --> A'             
     e(  4 -  4) =    -23.15183  eV     1   --> A''            
     e(  5 -  5) =    -20.59214  eV     1   --> A'             
     e(  6 -  6) =    -12.59689  eV     1   --> A'             
     e(  7 -  7) =     -2.91063  eV     1   --> A'             
     e(  8 -  8) =     -2.70409  eV     1   --> A'             
     e(  9 -  9) =     -2.47587  eV     1   --> A''            
     e( 10 - 10) =     -1.07847  eV     1   --> A'             
     e( 11 - 11) =     -0.65578  eV     1   --> A'             
     e( 12 - 12) =      0.92860  eV     1   --> A''            
     e( 13 - 13) =      3.68836  eV     1   --> A'             
     e( 14 - 14) =      5.71675  eV     1   --> A'             
     e( 15 - 15) =      6.31050  eV     1   --> A'             
     e( 16 - 16) =      6.58536  eV     1   --> A''            
     e( 17 - 17) =      7.34310  eV     1   --> A''            
     e( 18 - 18) =      7.54731  eV     1   --> A'             
     e( 19 - 19) =      9.33876  eV     1   --> A'             
     e( 20 - 20) =     10.36937  eV     1   --> A'             
     e( 21 - 21) =     11.93847  eV     1   --> A'             
     e( 22 - 22) =     12.97738  eV     1   --> A'             
     e( 23 - 23) =     14.13748  eV     1   --> A'             
     e( 24 - 24) =     15.90518  eV     1   --> A'             
     e( 25 - 25) =     16.54019  eV     1   --> A'             
     e( 26 - 26) =     16.66786  eV     1   --> A''            
     e( 27 - 27) =     17.00210  eV     1   --> A''            
     e( 28 - 28) =     17.33219  eV     1   --> A'             
     e( 29 - 29) =     18.58792  eV     1   --> A'             
     e( 30 - 30) =     20.15156  eV     1   --> A'             
     e( 31 - 31) =     20.26740  eV     1   --> A'             
     e( 32 - 32) =     20.89649  eV     1   --> A''            
     e( 33 - 33) =     21.41577  eV     1   --> A'             
     e( 34 - 34) =     22.34816  eV     1   --> A'             
     e( 35 - 35) =     22.43226  eV     1   --> A''            
     e( 36 - 36) =     23.24245  eV     1   --> A'             

 **************************************************************************

 **************************************************************************

                    xk=(   0.25000,   0.14434,   0.00000  )

     Band symmetry, C_s (m)     point group:

     e(  1 -  1) =    -45.35102  eV     1   --> A'             
     e(  2 -  2) =    -23.75976  eV     1   --> A'             
     e(  3 -  3) =    -23.45468  eV     1   --> A'             
     e(  4 -  4) =    -23.15348  eV     1   --> A''            
     e(  5 -  5) =    -20.59093  eV     1   --> A'             
     e(  6 -  6) =    -12.58562  eV     1   --> A'             
     e(  7 -  7) =     -2.91555  eV     1   --> A'             
     e(  8 -  8) =     -2.69940  eV     1   --> A'             
     e(  9 -  9) =     -2.47663  eV     1   --> A''            
     e( 10 - 10) =     -1.10030  eV     1   --> A'             
     e( 11 - 11) =     -0.67668  eV     1   --> A'             
     e( 12 - 12) =      0.91720  eV     1   --> A''            
     e( 13 - 13) =      3.68024  eV     1   --> A'             
     e( 14 - 14) =      5.72591  eV     1   --> A'             
     e( 15 - 15) =      6.32501  eV     1   --> A'             
     e( 16 - 16) =      6.61065  eV     1   --> A''            
     e( 17 - 17) =      7.35541  eV     1   --> A''            
     e( 18 - 18) =      7.57770  eV     1   --> A'             
     e( 19 - 19) =      9.36865  eV     1   --> A'             
     e( 20 - 20) =     10.39249  eV     1   --> A'             
     e( 21 - 21) =     11.92253  eV     1   --> A'             
     e( 22 - 22) =     12.94996  eV     1   --> A'             
     e( 23 - 23) =     14.19554  eV     1   --> A'             
     e( 24 - 24) =     15.92222  eV     1   --> A'             
     e( 25 - 25) =     16.48684  eV     1   --> A'             
     e( 26 - 26) =     16.70535  eV     1   --> A''            
     e( 27 - 27) =     16.99980  eV     1   --> A''            
     e( 28 - 28) =     17.28907  eV     1   --> A'             
     e( 29 - 29) =     18.52481  eV     1   --> A'             
     e( 30 - 30) =     20.11737  eV     1   --> A'             
     e( 31 - 31) =     20.20132  eV     1   --> A'             
     e( 32 - 32) =     20.87265  eV     1   --> A''            
     e( 33 - 33) =     21.45615  eV     1   --> A'             
     e( 34 - 34) =     22.32289  eV     1   --> A'             
     e( 35 - 35) =     22.35754  eV     1   --> A''            
     e( 36 - 36) =     23.22607  eV     1   --> A'             

 **************************************************************************

 **************************************************************************

                    xk=(   0.25417,   0.14674,   0.00000  )

     Band symmetry, C_s (m)     point group:

     e(  1 -  1) =    -45.35024  eV     1   --> A'             
     e(  2 -  2) =    -23.75809  eV     1   --> A'             
     e(  3 -  3) =    -23.46237  eV     1   --> A'             
     e(  4 -  4) =    -23.15512  eV     1   --> A''            
     e(  5 -  5) =    -20.58978  eV     1   --> A'             
     e(  6 -  6) =    -12.57430  eV     1   --> A'             
     e(  7 -  7) =     -2.92088  eV     1   --> A'             
     e(  8 -  8) =     -2.69443  eV     1   --> A'             
     e(  9 -  9) =     -2.47741  eV     1   --> A''            
     e( 10 - 10) =     -1.12529  eV     1   --> A'             
     e( 11 - 11) =     -0.69404  eV     1   --> A'             
     e( 12 - 12) =      0.90586  eV     1   --> A''            
     e( 13 - 13) =      3.67204  eV     1   --> A'             
     e( 14 - 14) =      5.73540  eV     1   --> A'             
     e( 15 - 15) =      6.34004  eV     1   --> A'             
     e( 16 - 16) =      6.63614  eV     1   --> A''            
     e( 17 - 17) =      7.36775  eV     1   --> A''            
     e( 18 - 18) =      7.60839  eV     1   --> A'             
     e( 19 - 19) =      9.39796  eV     1   --> A'             
     e( 20 - 20) =     10.41503  eV     1   --> A'             
     e( 21 - 21) =     11.90702  eV     1   --> A'             
     e( 22 - 22) =     12.92298  eV     1   --> A'             
     e( 23 - 23) =     14.25460  eV     1   --> A'             
     e( 24 - 24) =     15.92904  eV     1   --> A'             
     e( 25 - 25) =     16.44249  eV     1   --> A'             
     e( 26 - 26) =     16.72905  eV     1   --> A''            
     e( 27 - 27) =     17.01176  eV     1   --> A''            
     e( 28 - 28) =     17.24683  eV     1   --> A'             
     e( 29 - 29) =     18.46146  eV     1   --> A'             
     e( 30 - 30) =     20.06723  eV     1   --> A'             
     e( 31 - 31) =     20.15120  eV     1   --> A'             
     e( 32 - 32) =     20.84901  eV     1   --> A''            
     e( 33 - 33) =     21.49660  eV     1   --> A'             
     e( 34 - 34) =     22.28365  eV     1   --> A''            
     e( 35 - 35) =     22.29790  eV     1   --> A'             
     e( 36 - 36) =     23.21025  eV     1   --> A'             

 **************************************************************************

 **************************************************************************

                    xk=(   0.25833,   0.14915,   0.00000  )

     Band symmetry, C_s (m)     point group:

     e(  1 -  1) =    -45.34945  eV     1   --> A'             
     e(  2 -  2) =    -23.75654  eV     1   --> A'             
     e(  3 -  3) =    -23.46986  eV     1   --> A'             
     e(  4 -  4) =    -23.15677  eV     1   --> A''            
     e(  5 -  5) =    -20.58865  eV     1   --> A'             
     e(  6 -  6) =    -12.56293  eV     1   --> A'             
     e(  7 -  7) =     -2.92651  eV     1   --> A'             
     e(  8 -  8) =     -2.68922  eV     1   --> A'             
     e(  9 -  9) =     -2.47822  eV     1   --> A''            
     e( 10 - 10) =     -1.15319  eV     1   --> A'             
     e( 11 - 11) =     -0.70810  eV     1   --> A'             
     e( 12 - 12) =      0.89459  eV     1   --> A''            
     e( 13 - 13) =      3.66379  eV     1   --> A'             
     e( 14 - 14) =      5.74523  eV     1   --> A'             
     e( 15 - 15) =      6.35560  eV     1   --> A'             
     e( 16 - 16) =      6.66184  eV     1   --> A''            
     e( 17 - 17) =      7.38012  eV     1   --> A''            
     e( 18 - 18) =      7.63940  eV     1   --> A'             
     e( 19 - 19) =      9.42664  eV     1   --> A'             
     e( 20 - 20) =     10.43698  eV     1   --> A'             
     e( 21 - 21) =     11.89212  eV     1   --> A'             
     e( 22 - 22) =     12.89655  eV     1   --> A'             
     e( 23 - 23) =     14.31428  eV     1   --> A'             
     e( 24 - 24) =     15.92241  eV     1   --> A'             
     e( 25 - 25) =     16.41044  eV     1   --> A'             
     e( 26 - 26) =     16.73675  eV     1   --> A''            
     e( 27 - 27) =     17.04012  eV     1   --> A''            
     e( 28 - 28) =     17.20545  eV     1   --> A'             
     e( 29 - 29) =     18.39813  eV     1   --> A'             
     e( 30 - 30) =     20.00197  eV     1   --> A'             
     e( 31 - 31) =     20.11662  eV     1   --> A'             
     e( 32 - 32) =     20.82561  eV     1   --> A''            
     e( 33 - 33) =     21.53613  eV     1   --> A'             
     e( 34 - 34) =     22.21067  eV     1   --> A''            
     e( 35 - 35) =     22.27382  eV     1   --> A'             
     e( 36 - 36) =     23.19546  eV     1   --> A'             

 **************************************************************************

 **************************************************************************

                    xk=(   0.26250,   0.15155,   0.00000  )

     Band symmetry, C_s (m)     point group:

     e(  1 -  1) =    -45.34866  eV     1   --> A'             
     e(  2 -  2) =    -23.75515  eV     1   --> A'             
     e(  3 -  3) =    -23.47717  eV     1   --> A'             
     e(  4 -  4) =    -23.15841  eV     1   --> A''            
     e(  5 -  5) =    -20.58757  eV     1   --> A'             
     e(  6 -  6) =    -12.55153  eV     1   --> A'             
     e(  7 -  7) =     -2.93240  eV     1   --> A'             
     e(  8 -  8) =     -2.68385  eV     1   --> A'             
     e(  9 -  9) =     -2.47904  eV     1   --> A''            
     e( 10 - 10) =     -1.18362  eV     1   --> A'             
     e( 11 - 11) =     -0.71921  eV     1   --> A'             
     e( 12 - 12) =      0.88340  eV     1   --> A''            
     e( 13 - 13) =      3.65552  eV     1   --> A'             
     e( 14 - 14) =      5.75536  eV     1   --> A'             
     e( 15 - 15) =      6.37163  eV     1   --> A'             
     e( 16 - 16) =      6.68770  eV     1   --> A''            
     e( 17 - 17) =      7.39252  eV     1   --> A''            
     e( 18 - 18) =      7.67074  eV     1   --> A'             
     e( 19 - 19) =      9.45465  eV     1   --> A'             
     e( 20 - 20) =     10.45833  eV     1   --> A'             
     e( 21 - 21) =     11.87798  eV     1   --> A'             
     e( 22 - 22) =     12.87075  eV     1   --> A'             
     e( 23 - 23) =     14.37416  eV     1   --> A'             
     e( 24 - 24) =     15.90037  eV     1   --> A'             
     e( 25 - 25) =     16.39274  eV     1   --> A'             
     e( 26 - 26) =     16.73085  eV     1   --> A''            
     e( 27 - 27) =     17.08247  eV     1   --> A''            
     e( 28 - 28) =     17.16496  eV     1   --> A'             
     e( 29 - 29) =     18.33503  eV     1   --> A'             
     e( 30 - 30) =     19.93051  eV     1   --> A'             
     e( 31 - 31) =     20.08902  eV     1   --> A'             
     e( 32 - 32) =     20.80247  eV     1   --> A''            
     e( 33 - 33) =     21.57373  eV     1   --> A'             
     e( 34 - 34) =     22.13867  eV     1   --> A''            
     e( 35 - 35) =     22.25128  eV     1   --> A'             
     e( 36 - 36) =     23.18216  eV     1   --> A'             

 **************************************************************************

 **************************************************************************

                    xk=(   0.26667,   0.15396,   0.00000  )

     Band symmetry, C_s (m)     point group:

     e(  1 -  1) =    -45.34787  eV     1   --> A'             
     e(  2 -  2) =    -23.75391  eV     1   --> A'             
     e(  3 -  3) =    -23.48428  eV     1   --> A'             
     e(  4 -  4) =    -23.16005  eV     1   --> A''            
     e(  5 -  5) =    -20.58652  eV     1   --> A'             
     e(  6 -  6) =    -12.54011  eV     1   --> A'             
     e(  7 -  7) =     -2.93851  eV     1   --> A'             
     e(  8 -  8) =     -2.67837  eV     1   --> A'             
     e(  9 -  9) =     -2.47989  eV     1   --> A''            
     e( 10 - 10) =     -1.21618  eV     1   --> A'             
     e( 11 - 11) =     -0.72775  eV     1   --> A'             
     e( 12 - 12) =      0.87228  eV     1   --> A''            
     e( 13 - 13) =      3.64723  eV     1   --> A'             
     e( 14 - 14) =      5.76579  eV     1   --> A'             
     e( 15 - 15) =      6.38810  eV     1   --> A'             
     e( 16 - 16) =      6.71370  eV     1   --> A''            
     e( 17 - 17) =      7.40498  eV     1   --> A''            
     e( 18 - 18) =      7.70239  eV     1   --> A'             
     e( 19 - 19) =      9.48193  eV     1   --> A'             
     e( 20 - 20) =     10.47908  eV     1   --> A'             
     e( 21 - 21) =     11.86473  eV     1   --> A'             
     e( 22 - 22) =     12.84567  eV     1   --> A'             
     e( 23 - 23) =     14.43382  eV     1   --> A'             
     e( 24 - 24) =     15.86351  eV     1   --> A'             
     e( 25 - 25) =     16.38880  eV     1   --> A'             
     e( 26 - 26) =     16.71569  eV     1   --> A''            
     e( 27 - 27) =     17.12544  eV     1   --> A'             
     e( 28 - 28) =     17.13445  eV     1   --> A''            
     e( 29 - 29) =     18.27243  eV     1   --> A'             
     e( 30 - 30) =     19.85727  eV     1   --> A'             
     e( 31 - 31) =     20.06426  eV     1   --> A'             
     e( 32 - 32) =     20.77960  eV     1   --> A''            
     e( 33 - 33) =     21.60835  eV     1   --> A'             
     e( 34 - 34) =     22.06770  eV     1   --> A''            
     e( 35 - 35) =     22.23093  eV     1   --> A'             
     e( 36 - 36) =     23.17074  eV     1   --> A'             

 **************************************************************************

 **************************************************************************

                    xk=(   0.27083,   0.15637,   0.00000  )

     Band symmetry, C_s (m)     point group:

     e(  1 -  1) =    -45.34709  eV     1   --> A'             
     e(  2 -  2) =    -23.75284  eV     1   --> A'             
     e(  3 -  3) =    -23.49116  eV     1   --> A'             
     e(  4 -  4) =    -23.16168  eV     1   --> A''            
     e(  5 -  5) =    -20.58552  eV     1   --> A'             
     e(  6 -  6) =    -12.52867  eV     1   --> A'             
     e(  7 -  7) =     -2.94479  eV     1   --> A'             
     e(  8 -  8) =     -2.67283  eV     1   --> A'             
     e(  9 -  9) =     -2.48076  eV     1   --> A''            
     e( 10 - 10) =     -1.25045  eV     1   --> A'             
     e( 11 - 11) =     -0.73412  eV     1   --> A'             
     e( 12 - 12) =      0.86125  eV     1   --> A''            
     e( 13 - 13) =      3.63896  eV     1   --> A'             
     e( 14 - 14) =      5.77650  eV     1   --> A'             
     e( 15 - 15) =      6.40499  eV     1   --> A'             
     e( 16 - 16) =      6.73979  eV     1   --> A''            
     e( 17 - 17) =      7.41749  eV     1   --> A''            
     e( 18 - 18) =      7.73438  eV     1   --> A'             
     e( 19 - 19) =      9.50844  eV     1   --> A'             
     e( 20 - 20) =     10.49924  eV     1   --> A'             
     e( 21 - 21) =     11.85248  eV     1   --> A'             
     e( 22 - 22) =     12.82138  eV     1   --> A'             
     e( 23 - 23) =     14.49279  eV     1   --> A'             
     e( 24 - 24) =     15.81468  eV     1   --> A'             
     e( 25 - 25) =     16.39576  eV     1   --> A'             
     e( 26 - 26) =     16.69477  eV     1   --> A''            
     e( 27 - 27) =     17.08706  eV     1   --> A'             
     e( 28 - 28) =     17.19253  eV     1   --> A''            
     e( 29 - 29) =     18.21062  eV     1   --> A'             
     e( 30 - 30) =     19.78378  eV     1   --> A'             
     e( 31 - 31) =     20.04106  eV     1   --> A'             
     e( 32 - 32) =     20.75702  eV     1   --> A''            
     e( 33 - 33) =     21.63892  eV     1   --> A'             
     e( 34 - 34) =     21.99783  eV     1   --> A''            
     e( 35 - 35) =     22.21345  eV     1   --> A'             
     e( 36 - 36) =     23.16157  eV     1   --> A'             

 **************************************************************************

 **************************************************************************

                    xk=(   0.27500,   0.15877,   0.00000  )

     Band symmetry, C_s (m)     point group:

     e(  1 -  1) =    -45.34631  eV     1   --> A'             
     e(  2 -  2) =    -23.75195  eV     1   --> A'             
     e(  3 -  3) =    -23.49780  eV     1   --> A'             
     e(  4 -  4) =    -23.16330  eV     1   --> A''            
     e(  5 -  5) =    -20.58455  eV     1   --> A'             
     e(  6 -  6) =    -12.51721  eV     1   --> A'             
     e(  7 -  7) =     -2.95120  eV     1   --> A'             
     e(  8 -  8) =     -2.66728  eV     1   --> A'             
     e(  9 -  9) =     -2.48163  eV     1   --> A''            
     e( 10 - 10) =     -1.28605  eV     1   --> A'             
     e( 11 - 11) =     -0.73868  eV     1   --> A'             
     e( 12 - 12) =      0.85032  eV     1   --> A''            
     e( 13 - 13) =      3.63071  eV     1   --> A'             
     e( 14 - 14) =      5.78748  eV     1   --> A'             
     e( 15 - 15) =      6.42224  eV     1   --> A'             
     e( 16 - 16) =      6.76596  eV     1   --> A''            
     e( 17 - 17) =      7.43008  eV     1   --> A''            
     e( 18 - 18) =      7.76671  eV     1   --> A'             
     e( 19 - 19) =      9.53412  eV     1   --> A'             
     e( 20 - 20) =     10.51881  eV     1   --> A'             
     e( 21 - 21) =     11.84133  eV     1   --> A'             
     e( 22 - 22) =     12.79793  eV     1   --> A'             
     e( 23 - 23) =     14.55054  eV     1   --> A'             
     e( 24 - 24) =     15.75742  eV     1   --> A'             
     e( 25 - 25) =     16.41003  eV     1   --> A'             
     e( 26 - 26) =     16.67023  eV     1   --> A''            
     e( 27 - 27) =     17.05006  eV     1   --> A'             
     e( 28 - 28) =     17.25454  eV     1   --> A''            
     e( 29 - 29) =     18.14992  eV     1   --> A'             
     e( 30 - 30) =     19.71064  eV     1   --> A'             
     e( 31 - 31) =     20.01899  eV     1   --> A'             
     e( 32 - 32) =     20.73474  eV     1   --> A''            
     e( 33 - 33) =     21.66439  eV     1   --> A'             
     e( 34 - 34) =     21.92913  eV     1   --> A''            
     e( 35 - 35) =     22.19948  eV     1   --> A'             
     e( 36 - 36) =     23.15499  eV     1   --> A'             

 **************************************************************************

 **************************************************************************

                    xk=(   0.27917,   0.16118,   0.00000  )

     Band symmetry, C_s (m)     point group:

     e(  1 -  1) =    -45.34553  eV     1   --> A'             
     e(  2 -  2) =    -23.75127  eV     1   --> A'             
     e(  3 -  3) =    -23.50418  eV     1   --> A'             
     e(  4 -  4) =    -23.16492  eV     1   --> A''            
     e(  5 -  5) =    -20.58362  eV     1   --> A'             
     e(  6 -  6) =    -12.50575  eV     1   --> A'             
     e(  7 -  7) =     -2.95772  eV     1   --> A'             
     e(  8 -  8) =     -2.66173  eV     1   --> A'             
     e(  9 -  9) =     -2.48253  eV     1   --> A''            
     e( 10 - 10) =     -1.32264  eV     1   --> A'             
     e( 11 - 11) =     -0.74175  eV     1   --> A'             
     e( 12 - 12) =      0.83949  eV     1   --> A''            
     e( 13 - 13) =      3.62251  eV     1   --> A'             
     e( 14 - 14) =      5.79873  eV     1   --> A'             
     e( 15 - 15) =      6.43982  eV     1   --> A'             
     e( 16 - 16) =      6.79216  eV     1   --> A''            
     e( 17 - 17) =      7.44276  eV     1   --> A''            
     e( 18 - 18) =      7.79938  eV     1   --> A'             
     e( 19 - 19) =      9.55894  eV     1   --> A'             
     e( 20 - 20) =     10.53780  eV     1   --> A'             
     e( 21 - 21) =     11.83137  eV     1   --> A'             
     e( 22 - 22) =     12.77538  eV     1   --> A'             
     e( 23 - 23) =     14.60644  eV     1   --> A'             
     e( 24 - 24) =     15.69483  eV     1   --> A'             
     e( 25 - 25) =     16.42835  eV     1   --> A'             
     e( 26 - 26) =     16.64332  eV     1   --> A''            
     e( 27 - 27) =     17.01485  eV     1   --> A'             
     e( 28 - 28) =     17.31921  eV     1   --> A''            
     e( 29 - 29) =     18.09068  eV     1   --> A'             
     e( 30 - 30) =     19.63815  eV     1   --> A'             
     e( 31 - 31) =     19.99790  eV     1   --> A'             
     e( 32 - 32) =     20.71278  eV     1   --> A''            
     e( 33 - 33) =     21.68387  eV     1   --> A'             
     e( 34 - 34) =     21.86166  eV     1   --> A''            
     e( 35 - 35) =     22.18952  eV     1   --> A'             
     e( 36 - 36) =     23.15130  eV     1   --> A'             

 **************************************************************************

 **************************************************************************

                    xk=(   0.28333,   0.16358,   0.00000  )

     Band symmetry, C_s (m)     point group:

     e(  1 -  1) =    -45.34475  eV     1   --> A'             
     e(  2 -  2) =    -23.75081  eV     1   --> A'             
     e(  3 -  3) =    -23.51028  eV     1   --> A'             
     e(  4 -  4) =    -23.16653  eV     1   --> A''            
     e(  5 -  5) =    -20.58273  eV     1   --> A'             
     e(  6 -  6) =    -12.49429  eV     1   --> A'             
     e(  7 -  7) =     -2.96430  eV     1   --> A'             
     e(  8 -  8) =     -2.65623  eV     1   --> A'             
     e(  9 -  9) =     -2.48344  eV     1   --> A''            
     e( 10 - 10) =     -1.35993  eV     1   --> A'             
     e( 11 - 11) =     -0.74360  eV     1   --> A'             
     e( 12 - 12) =      0.82877  eV     1   --> A''            
     e( 13 - 13) =      3.61437  eV     1   --> A'             
     e( 14 - 14) =      5.81022  eV     1   --> A'             
     e( 15 - 15) =      6.45768  eV     1   --> A'             
     e( 16 - 16) =      6.81836  eV     1   --> A''            
     e( 17 - 17) =      7.45556  eV     1   --> A''            
     e( 18 - 18) =      7.83240  eV     1   --> A'             
     e( 19 - 19) =      9.58285  eV     1   --> A'             
     e( 20 - 20) =     10.55624  eV     1   --> A'             
     e( 21 - 21) =     11.82266  eV     1   --> A'             
     e( 22 - 22) =     12.75378  eV     1   --> A'             
     e( 23 - 23) =     14.65971  eV     1   --> A'             
     e( 24 - 24) =     15.62939  eV     1   --> A'             
     e( 25 - 25) =     16.44807  eV     1   --> A'             
     e( 26 - 26) =     16.61475  eV     1   --> A''            
     e( 27 - 27) =     16.98199  eV     1   --> A'             
     e( 28 - 28) =     17.38578  eV     1   --> A''            
     e( 29 - 29) =     18.03329  eV     1   --> A'             
     e( 30 - 30) =     19.56649  eV     1   --> A'             
     e( 31 - 31) =     19.97774  eV     1   --> A'             
     e( 32 - 32) =     20.69116  eV     1   --> A''            
     e( 33 - 33) =     21.69678  eV     1   --> A'             
     e( 34 - 34) =     21.79550  eV     1   --> A''            
     e( 35 - 35) =     22.18379  eV     1   --> A'             
     e( 36 - 36) =     23.15074  eV     1   --> A'             

 **************************************************************************

 **************************************************************************

                    xk=(   0.28750,   0.16599,   0.00000  )

     Band symmetry, C_s (m)     point group:

     e(  1 -  1) =    -45.34398  eV     1   --> A'             
     e(  2 -  2) =    -23.75057  eV     1   --> A'             
     e(  3 -  3) =    -23.51608  eV     1   --> A'             
     e(  4 -  4) =    -23.16813  eV     1   --> A''            
     e(  5 -  5) =    -20.58188  eV     1   --> A'             
     e(  6 -  6) =    -12.48285  eV     1   --> A'             
     e(  7 -  7) =     -2.97094  eV     1   --> A'             
     e(  8 -  8) =     -2.65080  eV     1   --> A'             
     e(  9 -  9) =     -2.48437  eV     1   --> A''            
     e( 10 - 10) =     -1.39767  eV     1   --> A'             
     e( 11 - 11) =     -0.74444  eV     1   --> A'             
     e( 12 - 12) =      0.81816  eV     1   --> A''            
     e( 13 - 13) =      3.60631  eV     1   --> A'             
     e( 14 - 14) =      5.82195  eV     1   --> A'             
     e( 15 - 15) =      6.47577  eV     1   --> A'             
     e( 16 - 16) =      6.84450  eV     1   --> A''            
     e( 17 - 17) =      7.46848  eV     1   --> A''            
     e( 18 - 18) =      7.86579  eV     1   --> A'             
     e( 19 - 19) =      9.60582  eV     1   --> A'             
     e( 20 - 20) =     10.57414  eV     1   --> A'             
     e( 21 - 21) =     11.81525  eV     1   --> A'             
     e( 22 - 22) =     12.73318  eV     1   --> A'             
     e( 23 - 23) =     14.70933  eV     1   --> A'             
     e( 24 - 24) =     15.56314  eV     1   --> A'             
     e( 25 - 25) =     16.46693  eV     1   --> A'             
     e( 26 - 26) =     16.58497  eV     1   --> A''            
     e( 27 - 27) =     16.95229  eV     1   --> A'             
     e( 28 - 28) =     17.45378  eV     1   --> A''            
     e( 29 - 29) =     17.97818  eV     1   --> A'             
     e( 30 - 30) =     19.49577  eV     1   --> A'             
     e( 31 - 31) =     19.95850  eV     1   --> A'             
     e( 32 - 32) =     20.66989  eV     1   --> A''            
     e( 33 - 33) =     21.70297  eV     1   --> A'             
     e( 34 - 34) =     21.73069  eV     1   --> A''            
     e( 35 - 35) =     22.18207  eV     1   --> A'             
     e( 36 - 36) =     23.15348  eV     1   --> A'             

 **************************************************************************

 **************************************************************************

                    xk=(   0.29167,   0.16839,   0.00000  )

     Band symmetry, C_s (m)     point group:

     e(  1 -  1) =    -45.34322  eV     1   --> A'             
     e(  2 -  2) =    -23.75057  eV     1   --> A'             
     e(  3 -  3) =    -23.52156  eV     1   --> A'             
     e(  4 -  4) =    -23.16972  eV     1   --> A''            
     e(  5 -  5) =    -20.58107  eV     1   --> A'             
     e(  6 -  6) =    -12.47143  eV     1   --> A'             
     e(  7 -  7) =     -2.97761  eV     1   --> A'             
     e(  8 -  8) =     -2.64547  eV     1   --> A'             
     e(  9 -  9) =     -2.48530  eV     1   --> A''            
     e( 10 - 10) =     -1.43569  eV     1   --> A'             
     e( 11 - 11) =     -0.74446  eV     1   --> A'             
     e( 12 - 12) =      0.80767  eV     1   --> A''            
     e( 13 - 13) =      3.59834  eV     1   --> A'             
     e( 14 - 14) =      5.83390  eV     1   --> A'             
     e( 15 - 15) =      6.49405  eV     1   --> A'             
     e( 16 - 16) =      6.87056  eV     1   --> A''            
     e( 17 - 17) =      7.48155  eV     1   --> A''            
     e( 18 - 18) =      7.89954  eV     1   --> A'             
     e( 19 - 19) =      9.62780  eV     1   --> A'             
     e( 20 - 20) =     10.59153  eV     1   --> A'             
     e( 21 - 21) =     11.80918  eV     1   --> A'             
     e( 22 - 22) =     12.71362  eV     1   --> A'             
     e( 23 - 23) =     14.75392  eV     1   --> A'             
     e( 24 - 24) =     15.49801  eV     1   --> A'             
     e( 25 - 25) =     16.48282  eV     1   --> A'             
     e( 26 - 26) =     16.55426  eV     1   --> A''            
     e( 27 - 27) =     16.92684  eV     1   --> A'             
     e( 28 - 28) =     17.52288  eV     1   --> A''            
     e( 29 - 29) =     17.92582  eV     1   --> A'             
     e( 30 - 30) =     19.42610  eV     1   --> A'             
     e( 31 - 31) =     19.94016  eV     1   --> A'             
     e( 32 - 32) =     20.64898  eV     1   --> A''            
     e( 33 - 33) =     21.66732  eV     1   --> A''            
     e( 34 - 34) =     21.70280  eV     1   --> A'             
     e( 35 - 35) =     22.18373  eV     1   --> A'             
     e( 36 - 36) =     23.15959  eV     1   --> A'             

 **************************************************************************

 **************************************************************************

                    xk=(   0.29583,   0.17080,   0.00000  )

     Band symmetry, C_s (m)     point group:

     e(  1 -  1) =    -45.34246  eV     1   --> A'             
     e(  2 -  2) =    -23.75084  eV     1   --> A'             
     e(  3 -  3) =    -23.52673  eV     1   --> A'             
     e(  4 -  4) =    -23.17130  eV     1   --> A''            
     e(  5 -  5) =    -20.58030  eV     1   --> A'             
     e(  6 -  6) =    -12.46003  eV     1   --> A'             
     e(  7 -  7) =     -2.98432  eV     1   --> A'             
     e(  8 -  8) =     -2.64026  eV     1   --> A'             
     e(  9 -  9) =     -2.48625  eV     1   --> A''            
     e( 10 - 10) =     -1.47379  eV     1   --> A'             
     e( 11 - 11) =     -0.74381  eV     1   --> A'             
     e( 12 - 12) =      0.79730  eV     1   --> A''            
     e( 13 - 13) =      3.59048  eV     1   --> A'             
     e( 14 - 14) =      5.84607  eV     1   --> A'             
     e( 15 - 15) =      6.51244  eV     1   --> A'             
     e( 16 - 16) =      6.89648  eV     1   --> A''            
     e( 17 - 17) =      7.49480  eV     1   --> A''            
     e( 18 - 18) =      7.93366  eV     1   --> A'             
     e( 19 - 19) =      9.64876  eV     1   --> A'             
     e( 20 - 20) =     10.60844  eV     1   --> A'             
     e( 21 - 21) =     11.80446  eV     1   --> A'             
     e( 22 - 22) =     12.69512  eV     1   --> A'             
     e( 23 - 23) =     14.79153  eV     1   --> A'             
     e( 24 - 24) =     15.43617  eV     1   --> A'             
     e( 25 - 25) =     16.49365  eV     1   --> A'             
     e( 26 - 26) =     16.52280  eV     1   --> A''            
     e( 27 - 27) =     16.90700  eV     1   --> A'             
     e( 28 - 28) =     17.59286  eV     1   --> A''            
     e( 29 - 29) =     17.87672  eV     1   --> A'             
     e( 30 - 30) =     19.35755  eV     1   --> A'             
     e( 31 - 31) =     19.92272  eV     1   --> A'             
     e( 32 - 32) =     20.62845  eV     1   --> A''            
     e( 33 - 33) =     21.60546  eV     1   --> A''            
     e( 34 - 34) =     21.69702  eV     1   --> A'             
     e( 35 - 35) =     22.18782  eV     1   --> A'             
     e( 36 - 36) =     23.16900  eV     1   --> A'             

 **************************************************************************

 **************************************************************************

                    xk=(   0.30000,   0.17321,   0.00000  )

     Band symmetry, C_s (m)     point group:

     e(  1 -  1) =    -45.34170  eV     1   --> A'             
     e(  2 -  2) =    -23.75137  eV     1   --> A'             
     e(  3 -  3) =    -23.53156  eV     1   --> A'             
     e(  4 -  4) =    -23.17286  eV     1   --> A''            
     e(  5 -  5) =    -20.57956  eV     1   --> A'             
     e(  6 -  6) =    -12.44868  eV     1   --> A'             
     e(  7 -  7) =     -2.99103  eV     1   --> A'             
     e(  8 -  8) =     -2.63517  eV     1   --> A'             
     e(  9 -  9) =     -2.48721  eV     1   --> A''            
     e( 10 - 10) =     -1.51186  eV     1   --> A'             
     e( 11 - 11) =     -0.74259  eV     1   --> A'             
     e( 12 - 12) =      0.78707  eV     1   --> A''            
     e( 13 - 13) =      3.58274  eV     1   --> A'             
     e( 14 - 14) =      5.85845  eV     1   --> A'             
     e( 15 - 15) =      6.53092  eV     1   --> A'             
     e( 16 - 16) =      6.92222  eV     1   --> A''            
     e( 17 - 17) =      7.50824  eV     1   --> A''            
     e( 18 - 18) =      7.96818  eV     1   --> A'             
     e( 19 - 19) =      9.66869  eV     1   --> A'             
     e( 20 - 20) =     10.62492  eV     1   --> A'             
     e( 21 - 21) =     11.80110  eV     1   --> A'             
     e( 22 - 22) =     12.67772  eV     1   --> A'             
     e( 23 - 23) =     14.81947  eV     1   --> A'             
     e( 24 - 24) =     15.38038  eV     1   --> A'             
     e( 25 - 25) =     16.49074  eV     1   --> A''            
     e( 26 - 26) =     16.49747  eV     1   --> A'             
     e( 27 - 27) =     16.89417  eV     1   --> A'             
     e( 28 - 28) =     17.66355  eV     1   --> A''            
     e( 29 - 29) =     17.83139  eV     1   --> A'             
     e( 30 - 30) =     19.29020  eV     1   --> A'             
     e( 31 - 31) =     19.90617  eV     1   --> A'             
     e( 32 - 32) =     20.60831  eV     1   --> A''            
     e( 33 - 33) =     21.54517  eV     1   --> A''            
     e( 34 - 34) =     21.68657  eV     1   --> A'             
     e( 35 - 35) =     22.19326  eV     1   --> A'             
     e( 36 - 36) =     23.18150  eV     1   --> A'             

 **************************************************************************

 **************************************************************************

                    xk=(   0.30417,   0.17561,   0.00000  )

     Band symmetry, C_s (m)     point group:

     e(  1 -  1) =    -45.34096  eV     1   --> A'             
     e(  2 -  2) =    -23.75219  eV     1   --> A'             
     e(  3 -  3) =    -23.53603  eV     1   --> A'             
     e(  4 -  4) =    -23.17441  eV     1   --> A''            
     e(  5 -  5) =    -20.57886  eV     1   --> A'             
     e(  6 -  6) =    -12.43737  eV     1   --> A'             
     e(  7 -  7) =     -2.99774  eV     1   --> A'             
     e(  8 -  8) =     -2.63023  eV     1   --> A'             
     e(  9 -  9) =     -2.48818  eV     1   --> A''            
     e( 10 - 10) =     -1.54976  eV     1   --> A'             
     e( 11 - 11) =     -0.74092  eV     1   --> A'             
     e( 12 - 12) =      0.77697  eV     1   --> A''            
     e( 13 - 13) =      3.57513  eV     1   --> A'             
     e( 14 - 14) =      5.87102  eV     1   --> A'             
     e( 15 - 15) =      6.54941  eV     1   --> A'             
     e( 16 - 16) =      6.94772  eV     1   --> A''            
     e( 17 - 17) =      7.52191  eV     1   --> A''            
     e( 18 - 18) =      8.00309  eV     1   --> A'             
     e( 19 - 19) =      9.68757  eV     1   --> A'             
     e( 20 - 20) =     10.64098  eV     1   --> A'             
     e( 21 - 21) =     11.79908  eV     1   --> A'             
     e( 22 - 22) =     12.66146  eV     1   --> A'             
     e( 23 - 23) =     14.83418  eV     1   --> A'             
     e( 24 - 24) =     15.33406  eV     1   --> A'             
     e( 25 - 25) =     16.45816  eV     1   --> A''            
     e( 26 - 26) =     16.49287  eV     1   --> A'             
     e( 27 - 27) =     16.88934  eV     1   --> A'             
     e( 28 - 28) =     17.73478  eV     1   --> A''            
     e( 29 - 29) =     17.79036  eV     1   --> A'             
     e( 30 - 30) =     19.22415  eV     1   --> A'             
     e( 31 - 31) =     19.89050  eV     1   --> A'             
     e( 32 - 32) =     20.58858  eV     1   --> A''            
     e( 33 - 33) =     21.48654  eV     1   --> A''            
     e( 34 - 34) =     21.67242  eV     1   --> A'             
     e( 35 - 35) =     22.19910  eV     1   --> A'             
     e( 36 - 36) =     23.19670  eV     1   --> A'             

 **************************************************************************

 **************************************************************************

                    xk=(   0.30833,   0.17802,   0.00000  )

     Band symmetry, C_s (m)     point group:

     e(  1 -  1) =    -45.34021  eV     1   --> A'             
     e(  2 -  2) =    -23.75327  eV     1   --> A'             
     e(  3 -  3) =    -23.54014  eV     1   --> A'             
     e(  4 -  4) =    -23.17594  eV     1   --> A''            
     e(  5 -  5) =    -20.57820  eV     1   --> A'             
     e(  6 -  6) =    -12.42611  eV     1   --> A'             
     e(  7 -  7) =     -3.00442  eV     1   --> A'             
     e(  8 -  8) =     -2.62544  eV     1   --> A'             
     e(  9 -  9) =     -2.48915  eV     1   --> A''            
     e( 10 - 10) =     -1.58741  eV     1   --> A'             
     e( 11 - 11) =     -0.73887  eV     1   --> A'             
     e( 12 - 12) =      0.76701  eV     1   --> A''            
     e( 13 - 13) =      3.56768  eV     1   --> A'             
     e( 14 - 14) =      5.88380  eV     1   --> A'             
     e( 15 - 15) =      6.56789  eV     1   --> A'             
     e( 16 - 16) =      6.97293  eV     1   --> A''            
     e( 17 - 17) =      7.53583  eV     1   --> A''            
     e( 18 - 18) =      8.03840  eV     1   --> A'             
     e( 19 - 19) =      9.70539  eV     1   --> A'             
     e( 20 - 20) =     10.65669  eV     1   --> A'             
     e( 21 - 21) =     11.79839  eV     1   --> A'             
     e( 22 - 22) =     12.64637  eV     1   --> A'             
     e( 23 - 23) =     14.83209  eV     1   --> A'             
     e( 24 - 24) =     15.30061  eV     1   --> A'             
     e( 25 - 25) =     16.42515  eV     1   --> A''            
     e( 26 - 26) =     16.47942  eV     1   --> A'             
     e( 27 - 27) =     16.89263  eV     1   --> A'             
     e( 28 - 28) =     17.75413  eV     1   --> A'             
     e( 29 - 29) =     17.80644  eV     1   --> A''            
     e( 30 - 30) =     19.15948  eV     1   --> A'             
     e( 31 - 31) =     19.87569  eV     1   --> A'             
     e( 32 - 32) =     20.56926  eV     1   --> A''            
     e( 33 - 33) =     21.42964  eV     1   --> A''            
     e( 34 - 34) =     21.65545  eV     1   --> A'             
     e( 35 - 35) =     22.20455  eV     1   --> A'             
     e( 36 - 36) =     23.21401  eV     1   --> A'             

 **************************************************************************

 **************************************************************************

                    xk=(   0.31250,   0.18042,   0.00000  )

     Band symmetry, C_s (m)     point group:

     e(  1 -  1) =    -45.33948  eV     1   --> A'             
     e(  2 -  2) =    -23.75464  eV     1   --> A'             
     e(  3 -  3) =    -23.54389  eV     1   --> A'             
     e(  4 -  4) =    -23.17747  eV     1   --> A''            
     e(  5 -  5) =    -20.57757  eV     1   --> A'             
     e(  6 -  6) =    -12.41492  eV     1   --> A'             
     e(  7 -  7) =     -3.01108  eV     1   --> A'             
     e(  8 -  8) =     -2.62083  eV     1   --> A'             
     e(  9 -  9) =     -2.49014  eV     1   --> A''            
     e( 10 - 10) =     -1.62472  eV     1   --> A'             
     e( 11 - 11) =     -0.73650  eV     1   --> A'             
     e( 12 - 12) =      0.75719  eV     1   --> A''            
     e( 13 - 13) =      3.56037  eV     1   --> A'             
     e( 14 - 14) =      5.89676  eV     1   --> A'             
     e( 15 - 15) =      6.58627  eV     1   --> A'             
     e( 16 - 16) =      6.99779  eV     1   --> A''            
     e( 17 - 17) =      7.55002  eV     1   --> A''            
     e( 18 - 18) =      8.07412  eV     1   --> A'             
     e( 19 - 19) =      9.72215  eV     1   --> A'             
     e( 20 - 20) =     10.67207  eV     1   --> A'             
     e( 21 - 21) =     11.79898  eV     1   --> A'             
     e( 22 - 22) =     12.63245  eV     1   --> A'             
     e( 23 - 23) =     14.81138  eV     1   --> A'             
     e( 24 - 24) =     15.28159  eV     1   --> A'             
     e( 25 - 25) =     16.39177  eV     1   --> A''            
     e( 26 - 26) =     16.45768  eV     1   --> A'             
     e( 27 - 27) =     16.90325  eV     1   --> A'             
     e( 28 - 28) =     17.72314  eV     1   --> A'             
     e( 29 - 29) =     17.87840  eV     1   --> A''            
     e( 30 - 30) =     19.09629  eV     1   --> A'             
     e( 31 - 31) =     19.86173  eV     1   --> A'             
     e( 32 - 32) =     20.55036  eV     1   --> A''            
     e( 33 - 33) =     21.37456  eV     1   --> A''            
     e( 34 - 34) =     21.63639  eV     1   --> A'             
     e( 35 - 35) =     22.20907  eV     1   --> A'             
     e( 36 - 36) =     23.23268  eV     1   --> A'             

 **************************************************************************

 **************************************************************************

                    xk=(   0.31667,   0.18283,   0.00000  )

     Band symmetry, C_s (m)     point group:

     e(  1 -  1) =    -45.33875  eV     1   --> A'             
     e(  2 -  2) =    -23.75628  eV     1   --> A'             
     e(  3 -  3) =    -23.54726  eV     1   --> A'             
     e(  4 -  4) =    -23.17897  eV     1   --> A''            
     e(  5 -  5) =    -20.57698  eV     1   --> A'             
     e(  6 -  6) =    -12.40379  eV     1   --> A'             
     e(  7 -  7) =     -3.01769  eV     1   --> A'             
     e(  8 -  8) =     -2.61639  eV     1   --> A'             
     e(  9 -  9) =     -2.49113  eV     1   --> A''            
     e( 10 - 10) =     -1.66162  eV     1   --> A'             
     e( 11 - 11) =     -0.73387  eV     1   --> A'             
     e( 12 - 12) =      0.74753  eV     1   --> A''            
     e( 13 - 13) =      3.55324  eV     1   --> A'             
     e( 14 - 14) =      5.90991  eV     1   --> A'             
     e( 15 - 15) =      6.60451  eV     1   --> A'             
     e( 16 - 16) =      7.02227  eV     1   --> A''            
     e( 17 - 17) =      7.56453  eV     1   --> A''            
     e( 18 - 18) =      8.11027  eV     1   --> A'             
     e( 19 - 19) =      9.73787  eV     1   --> A'             
     e( 20 - 20) =     10.68716  eV     1   --> A'             
     e( 21 - 21) =     11.80080  eV     1   --> A'             
     e( 22 - 22) =     12.61975  eV     1   --> A'             
     e( 23 - 23) =     14.77358  eV     1   --> A'             
     e( 24 - 24) =     15.27526  eV     1   --> A'             
     e( 25 - 25) =     16.35807  eV     1   --> A''            
     e( 26 - 26) =     16.42879  eV     1   --> A'             
     e( 27 - 27) =     16.91994  eV     1   --> A'             
     e( 28 - 28) =     17.69774  eV     1   --> A'             
     e( 29 - 29) =     17.95054  eV     1   --> A''            
     e( 30 - 30) =     19.03470  eV     1   --> A'             
     e( 31 - 31) =     19.84858  eV     1   --> A'             
     e( 32 - 32) =     20.53191  eV     1   --> A''            
     e( 33 - 33) =     21.32139  eV     1   --> A''            
     e( 34 - 34) =     21.61580  eV     1   --> A'             
     e( 35 - 35) =     22.21235  eV     1   --> A'             
     e( 36 - 36) =     23.25177  eV     1   --> A'             

 **************************************************************************

 **************************************************************************

                    xk=(   0.32083,   0.18523,   0.00000  )

     Band symmetry, C_s (m)     point group:

     e(  1 -  1) =    -45.33803  eV     1   --> A'             
     e(  2 -  2) =    -23.75821  eV     1   --> A'             
     e(  3 -  3) =    -23.55028  eV     1   --> A'             
     e(  4 -  4) =    -23.18045  eV     1   --> A''            
     e(  5 -  5) =    -20.57642  eV     1   --> A'             
     e(  6 -  6) =    -12.39275  eV     1   --> A'             
     e(  7 -  7) =     -3.02428  eV     1   --> A'             
     e(  8 -  8) =     -2.61214  eV     1   --> A'             
     e(  9 -  9) =     -2.49213  eV     1   --> A''            
     e( 10 - 10) =     -1.69804  eV     1   --> A'             
     e( 11 - 11) =     -0.73102  eV     1   --> A'             
     e( 12 - 12) =      0.73802  eV     1   --> A''            
     e( 13 - 13) =      3.54627  eV     1   --> A'             
     e( 14 - 14) =      5.92322  eV     1   --> A'             
     e( 15 - 15) =      6.62254  eV     1   --> A'             
     e( 16 - 16) =      7.04629  eV     1   --> A''            
     e( 17 - 17) =      7.57937  eV     1   --> A''            
     e( 18 - 18) =      8.14685  eV     1   --> A'             
     e( 19 - 19) =      9.75255  eV     1   --> A'             
     e( 20 - 20) =     10.70201  eV     1   --> A'             
     e( 21 - 21) =     11.80379  eV     1   --> A'             
     e( 22 - 22) =     12.60825  eV     1   --> A'             
     e( 23 - 23) =     14.72259  eV     1   --> A'             
     e( 24 - 24) =     15.27747  eV     1   --> A'             
     e( 25 - 25) =     16.32409  eV     1   --> A''            
     e( 26 - 26) =     16.39401  eV     1   --> A'             
     e( 27 - 27) =     16.94141  eV     1   --> A'             
     e( 28 - 28) =     17.67813  eV     1   --> A'             
     e( 29 - 29) =     18.02274  eV     1   --> A''            
     e( 30 - 30) =     18.97483  eV     1   --> A'             
     e( 31 - 31) =     19.83623  eV     1   --> A'             
     e( 32 - 32) =     20.51391  eV     1   --> A''            
     e( 33 - 33) =     21.27022  eV     1   --> A''            
     e( 34 - 34) =     21.59413  eV     1   --> A'             
     e( 35 - 35) =     22.21425  eV     1   --> A'             
     e( 36 - 36) =     23.27018  eV     1   --> A'             

 **************************************************************************

 **************************************************************************

                    xk=(   0.32500,   0.18764,   0.00000  )

     Band symmetry, C_s (m)     point group:

     e(  1 -  1) =    -45.33732  eV     1   --> A'             
     e(  2 -  2) =    -23.76040  eV     1   --> A'             
     e(  3 -  3) =    -23.55293  eV     1   --> A'             
     e(  4 -  4) =    -23.18192  eV     1   --> A''            
     e(  5 -  5) =    -20.57590  eV     1   --> A'             
     e(  6 -  6) =    -12.38179  eV     1   --> A'             
     e(  7 -  7) =     -3.03082  eV     1   --> A'             
     e(  8 -  8) =     -2.60807  eV     1   --> A'             
     e(  9 -  9) =     -2.49313  eV     1   --> A''            
     e( 10 - 10) =     -1.73393  eV     1   --> A'             
     e( 11 - 11) =     -0.72800  eV     1   --> A'             
     e( 12 - 12) =      0.72867  eV     1   --> A''            
     e( 13 - 13) =      3.53949  eV     1   --> A'             
     e( 14 - 14) =      5.93670  eV     1   --> A'             
     e( 15 - 15) =      6.64032  eV     1   --> A'             
     e( 16 - 16) =      7.06981  eV     1   --> A''            
     e( 17 - 17) =      7.59457  eV     1   --> A''            
     e( 18 - 18) =      8.18386  eV     1   --> A'             
     e( 19 - 19) =      9.76623  eV     1   --> A'             
     e( 20 - 20) =     10.71663  eV     1   --> A'             
     e( 21 - 21) =     11.80789  eV     1   --> A'             
     e( 22 - 22) =     12.59799  eV     1   --> A'             
     e( 23 - 23) =     14.66253  eV     1   --> A'             
     e( 24 - 24) =     15.28394  eV     1   --> A'             
     e( 25 - 25) =     16.28989  eV     1   --> A''            
     e( 26 - 26) =     16.35439  eV     1   --> A'             
     e( 27 - 27) =     16.96670  eV     1   --> A'             
     e( 28 - 28) =     17.66434  eV     1   --> A'             
     e( 29 - 29) =     18.09487  eV     1   --> A''            
     e( 30 - 30) =     18.91685  eV     1   --> A'             
     e( 31 - 31) =     19.82464  eV     1   --> A'             
     e( 32 - 32) =     20.49637  eV     1   --> A''            
     e( 33 - 33) =     21.22116  eV     1   --> A''            
     e( 34 - 34) =     21.57171  eV     1   --> A'             
     e( 35 - 35) =     22.21475  eV     1   --> A'             
     e( 36 - 36) =     23.28668  eV     1   --> A'             

 **************************************************************************

 **************************************************************************

                    xk=(   0.32917,   0.19004,   0.00000  )

     Band symmetry, C_s (m)     point group:

     e(  1 -  1) =    -45.33662  eV     1   --> A'             
     e(  2 -  2) =    -23.76285  eV     1   --> A'             
     e(  3 -  3) =    -23.55524  eV     1   --> A'             
     e(  4 -  4) =    -23.18336  eV     1   --> A''            
     e(  5 -  5) =    -20.57541  eV     1   --> A'             
     e(  6 -  6) =    -12.37094  eV     1   --> A'             
     e(  7 -  7) =     -3.03733  eV     1   --> A'             
     e(  8 -  8) =     -2.60423  eV     1   --> A'             
     e(  9 -  9) =     -2.49413  eV     1   --> A''            
     e( 10 - 10) =     -1.76923  eV     1   --> A'             
     e( 11 - 11) =     -0.72483  eV     1   --> A'             
     e( 12 - 12) =      0.71949  eV     1   --> A''            
     e( 13 - 13) =      3.53289  eV     1   --> A'             
     e( 14 - 14) =      5.95033  eV     1   --> A'             
     e( 15 - 15) =      6.65776  eV     1   --> A'             
     e( 16 - 16) =      7.09276  eV     1   --> A''            
     e( 17 - 17) =      7.61017  eV     1   --> A''            
     e( 18 - 18) =      8.22131  eV     1   --> A'             
     e( 19 - 19) =      9.77895  eV     1   --> A'             
     e( 20 - 20) =     10.73105  eV     1   --> A'             
     e( 21 - 21) =     11.81301  eV     1   --> A'             
     e( 22 - 22) =     12.58897  eV     1   --> A'             
     e( 23 - 23) =     14.59657  eV     1   --> A'             
     e( 24 - 24) =     15.29139  eV     1   --> A'             
     e( 25 - 25) =     16.25551  eV     1   --> A''            
     e( 26 - 26) =     16.31073  eV     1   --> A'             
     e( 27 - 27) =     16.99511  eV     1   --> A'             
     e( 28 - 28) =     17.65622  eV     1   --> A'             
     e( 29 - 29) =     18.16680  eV     1   --> A''            
     e( 30 - 30) =     18.86095  eV     1   --> A'             
     e( 31 - 31) =     19.81380  eV     1   --> A'             
     e( 32 - 32) =     20.47931  eV     1   --> A''            
     e( 33 - 33) =     21.17432  eV     1   --> A''            
     e( 34 - 34) =     21.54880  eV     1   --> A'             
     e( 35 - 35) =     22.21394  eV     1   --> A'             
     e( 36 - 36) =     23.29999  eV     1   --> A'             

 **************************************************************************

 **************************************************************************

                    xk=(   0.33333,   0.19245,   0.00000  )

     Band symmetry, C_s (m)     point group:

     e(  1 -  1) =    -45.33593  eV     1   --> A'             
     e(  2 -  2) =    -23.76554  eV     1   --> A'             
     e(  3 -  3) =    -23.55723  eV     1   --> A'             
     e(  4 -  4) =    -23.18479  eV     1   --> A''            
     e(  5 -  5) =    -20.57495  eV     1   --> A'             
     e(  6 -  6) =    -12.36019  eV     1   --> A'             
     e(  7 -  7) =     -3.04379  eV     1   --> A'             
     e(  8 -  8) =     -2.60060  eV     1   --> A'             
     e(  9 -  9) =     -2.49513  eV     1   --> A''            
     e( 10 - 10) =     -1.80390  eV     1   --> A'             
     e( 11 - 11) =     -0.72155  eV     1   --> A'             
     e( 12 - 12) =      0.71048  eV     1   --> A''            
     e( 13 - 13) =      3.52649  eV     1   --> A'             
     e( 14 - 14) =      5.96410  eV     1   --> A'             
     e( 15 - 15) =      6.67483  eV     1   --> A'             
     e( 16 - 16) =      7.11510  eV     1   --> A''            
     e( 17 - 17) =      7.62617  eV     1   --> A''            
     e( 18 - 18) =      8.25920  eV     1   --> A'             
     e( 19 - 19) =      9.79076  eV     1   --> A'             
     e( 20 - 20) =     10.74530  eV     1   --> A'             
     e( 21 - 21) =     11.81907  eV     1   --> A'             
     e( 22 - 22) =     12.58117  eV     1   --> A'             
     e( 23 - 23) =     14.52687  eV     1   --> A'             
     e( 24 - 24) =     15.29768  eV     1   --> A'             
     e( 25 - 25) =     16.22098  eV     1   --> A''            
     e( 26 - 26) =     16.26368  eV     1   --> A'             
     e( 27 - 27) =     17.02622  eV     1   --> A'             
     e( 28 - 28) =     17.65347  eV     1   --> A'             
     e( 29 - 29) =     18.23838  eV     1   --> A''            
     e( 30 - 30) =     18.80734  eV     1   --> A'             
     e( 31 - 31) =     19.80365  eV     1   --> A'             
     e( 32 - 32) =     20.46272  eV     1   --> A''            
     e( 33 - 33) =     21.12983  eV     1   --> A''            
     e( 34 - 34) =     21.52559  eV     1   --> A'             
     e( 35 - 35) =     22.21194  eV     1   --> A'             
     e( 36 - 36) =     23.30885  eV     1   --> A'             

 **************************************************************************

 **************************************************************************

                    xk=(   0.33750,   0.19486,   0.00000  )

     Band symmetry, C_s (m)     point group:

     e(  1 -  1) =    -45.33525  eV     1   --> A'             
     e(  2 -  2) =    -23.76845  eV     1   --> A'             
     e(  3 -  3) =    -23.55889  eV     1   --> A'             
     e(  4 -  4) =    -23.18619  eV     1   --> A''            
     e(  5 -  5) =    -20.57452  eV     1   --> A'             
     e(  6 -  6) =    -12.34956  eV     1   --> A'             
     e(  7 -  7) =     -3.05018  eV     1   --> A'             
     e(  8 -  8) =     -2.59718  eV     1   --> A'             
     e(  9 -  9) =     -2.49613  eV     1   --> A''            
     e( 10 - 10) =     -1.83790  eV     1   --> A'             
     e( 11 - 11) =     -0.71818  eV     1   --> A'             
     e( 12 - 12) =      0.70163  eV     1   --> A''            
     e( 13 - 13) =      3.52029  eV     1   --> A'             
     e( 14 - 14) =      5.97802  eV     1   --> A'             
     e( 15 - 15) =      6.69147  eV     1   --> A'             
     e( 16 - 16) =      7.13678  eV     1   --> A''            
     e( 17 - 17) =      7.64261  eV     1   --> A''            
     e( 18 - 18) =      8.29755  eV     1   --> A'             
     e( 19 - 19) =      9.80170  eV     1   --> A'             
     e( 20 - 20) =     10.75938  eV     1   --> A'             
     e( 21 - 21) =     11.82598  eV     1   --> A'             
     e( 22 - 22) =     12.57461  eV     1   --> A'             
     e( 23 - 23) =     14.45484  eV     1   --> A'             
     e( 24 - 24) =     15.30150  eV     1   --> A'             
     e( 25 - 25) =     16.18634  eV     1   --> A''            
     e( 26 - 26) =     16.21371  eV     1   --> A'             
     e( 27 - 27) =     17.05974  eV     1   --> A'             
     e( 28 - 28) =     17.65562  eV     1   --> A'             
     e( 29 - 29) =     18.30946  eV     1   --> A''            
     e( 30 - 30) =     18.75629  eV     1   --> A'             
     e( 31 - 31) =     19.79419  eV     1   --> A'             
     e( 32 - 32) =     20.44663  eV     1   --> A''            
     e( 33 - 33) =     21.08783  eV     1   --> A''            
     e( 34 - 34) =     21.50223  eV     1   --> A'             
     e( 35 - 35) =     22.20889  eV     1   --> A'             
     e( 36 - 36) =     23.31221  eV     1   --> A'             

 **************************************************************************

 **************************************************************************

                    xk=(   0.34167,   0.19726,   0.00000  )

     Band symmetry, C_s (m)     point group:

     e(  1 -  1) =    -45.33457  eV     1   --> A'             
     e(  2 -  2) =    -23.77156  eV     1   --> A'             
     e(  3 -  3) =    -23.56025  eV     1   --> A'             
     e(  4 -  4) =    -23.18756  eV     1   --> A''            
     e(  5 -  5) =    -20.57412  eV     1   --> A'             
     e(  6 -  6) =    -12.33905  eV     1   --> A'             
     e(  7 -  7) =     -3.05652  eV     1   --> A'             
     e(  8 -  8) =     -2.59399  eV     1   --> A'             
     e(  9 -  9) =     -2.49712  eV     1   --> A''            
     e( 10 - 10) =     -1.87118  eV     1   --> A'             
     e( 11 - 11) =     -0.71473  eV     1   --> A'             
     e( 12 - 12) =      0.69297  eV     1   --> A''            
     e( 13 - 13) =      3.51429  eV     1   --> A'             
     e( 14 - 14) =      5.99207  eV     1   --> A'             
     e( 15 - 15) =      6.70763  eV     1   --> A'             
     e( 16 - 16) =      7.15775  eV     1   --> A''            
     e( 17 - 17) =      7.65949  eV     1   --> A''            
     e( 18 - 18) =      8.33635  eV     1   --> A'             
     e( 19 - 19) =      9.81185  eV     1   --> A'             
     e( 20 - 20) =     10.77331  eV     1   --> A'             
     e( 21 - 21) =     11.83366  eV     1   --> A'             
     e( 22 - 22) =     12.56926  eV     1   --> A'             
     e( 23 - 23) =     14.38140  eV     1   --> A'             
     e( 24 - 24) =     15.30212  eV     1   --> A'             
     e( 25 - 25) =     16.15165  eV     1   --> A''            
     e( 26 - 26) =     16.16124  eV     1   --> A'             
     e( 27 - 27) =     17.09539  eV     1   --> A'             
     e( 28 - 28) =     17.66211  eV     1   --> A'             
     e( 29 - 29) =     18.37986  eV     1   --> A''            
     e( 30 - 30) =     18.70812  eV     1   --> A'             
     e( 31 - 31) =     19.78537  eV     1   --> A'             
     e( 32 - 32) =     20.43102  eV     1   --> A''            
     e( 33 - 33) =     21.04848  eV     1   --> A''            
     e( 34 - 34) =     21.47881  eV     1   --> A'             
     e( 35 - 35) =     22.20495  eV     1   --> A'             
     e( 36 - 36) =     23.30939  eV     1   --> A'             

 **************************************************************************

 **************************************************************************

                    xk=(   0.34583,   0.19967,   0.00000  )

     Band symmetry, C_s (m)     point group:

     e(  1 -  1) =    -45.33391  eV     1   --> A'             
     e(  2 -  2) =    -23.77486  eV     1   --> A'             
     e(  3 -  3) =    -23.56132  eV     1   --> A'             
     e(  4 -  4) =    -23.18892  eV     1   --> A''            
     e(  5 -  5) =    -20.57375  eV     1   --> A'             
     e(  6 -  6) =    -12.32867  eV     1   --> A'             
     e(  7 -  7) =     -3.06280  eV     1   --> A'             
     e(  8 -  8) =     -2.59104  eV     1   --> A'             
     e(  9 -  9) =     -2.49811  eV     1   --> A''            
     e( 10 - 10) =     -1.90371  eV     1   --> A'             
     e( 11 - 11) =     -0.71124  eV     1   --> A'             
     e( 12 - 12) =      0.68449  eV     1   --> A''            
     e( 13 - 13) =      3.50850  eV     1   --> A'             
     e( 14 - 14) =      6.00625  eV     1   --> A'             
     e( 15 - 15) =      6.72325  eV     1   --> A'             
     e( 16 - 16) =      7.17798  eV     1   --> A''            
     e( 17 - 17) =      7.67682  eV     1   --> A''            
     e( 18 - 18) =      8.37560  eV     1   --> A'             
     e( 19 - 19) =      9.82126  eV     1   --> A'             
     e( 20 - 20) =     10.78707  eV     1   --> A'             
     e( 21 - 21) =     11.84201  eV     1   --> A'             
     e( 22 - 22) =     12.56510  eV     1   --> A'             
     e( 23 - 23) =     14.30720  eV     1   --> A'             
     e( 24 - 24) =     15.29922  eV     1   --> A'             
     e( 25 - 25) =     16.10664  eV     1   --> A'             
     e( 26 - 26) =     16.11693  eV     1   --> A''            
     e( 27 - 27) =     17.13284  eV     1   --> A'             
     e( 28 - 28) =     17.67234  eV     1   --> A'             
     e( 29 - 29) =     18.44939  eV     1   --> A''            
     e( 30 - 30) =     18.66319  eV     1   --> A'             
     e( 31 - 31) =     19.77717  eV     1   --> A'             
     e( 32 - 32) =     20.41591  eV     1   --> A''            
     e( 33 - 33) =     21.01193  eV     1   --> A''            
     e( 34 - 34) =     21.45542  eV     1   --> A'             
     e( 35 - 35) =     22.20026  eV     1   --> A'             
     e( 36 - 36) =     23.30025  eV     1   --> A'             

 **************************************************************************

 **************************************************************************

                    xk=(   0.35000,   0.20207,   0.00000  )

     Band symmetry, C_s (m)     point group:

     e(  1 -  1) =    -45.33327  eV     1   --> A'             
     e(  2 -  2) =    -23.77832  eV     1   --> A'             
     e(  3 -  3) =    -23.56215  eV     1   --> A'             
     e(  4 -  4) =    -23.19025  eV     1   --> A''            
     e(  5 -  5) =    -20.57341  eV     1   --> A'             
     e(  6 -  6) =    -12.31844  eV     1   --> A'             
     e(  7 -  7) =     -3.06902  eV     1   --> A'             
     e(  8 -  8) =     -2.58834  eV     1   --> A'             
     e(  9 -  9) =     -2.49911  eV     1   --> A''            
     e( 10 - 10) =     -1.93546  eV     1   --> A'             
     e( 11 - 11) =     -0.70771  eV     1   --> A'             
     e( 12 - 12) =      0.67619  eV     1   --> A''            
     e( 13 - 13) =      3.50291  eV     1   --> A'             
     e( 14 - 14) =      6.02053  eV     1   --> A'             
     e( 15 - 15) =      6.73827  eV     1   --> A'             
     e( 16 - 16) =      7.19743  eV     1   --> A''            
     e( 17 - 17) =      7.69458  eV     1   --> A''            
     e( 18 - 18) =      8.41530  eV     1   --> A'             
     e( 19 - 19) =      9.83002  eV     1   --> A'             
     e( 20 - 20) =     10.80068  eV     1   --> A'             
     e( 21 - 21) =     11.85094  eV     1   --> A'             
     e( 22 - 22) =     12.56211  eV     1   --> A'             
     e( 23 - 23) =     14.23270  eV     1   --> A'             
     e( 24 - 24) =     15.29271  eV     1   --> A'             
     e( 25 - 25) =     16.05024  eV     1   --> A'             
     e( 26 - 26) =     16.08223  eV     1   --> A''            
     e( 27 - 27) =     17.17164  eV     1   --> A'             
     e( 28 - 28) =     17.68570  eV     1   --> A'             
     e( 29 - 29) =     18.51785  eV     1   --> A''            
     e( 30 - 30) =     18.62193  eV     1   --> A'             
     e( 31 - 31) =     19.76954  eV     1   --> A'             
     e( 32 - 32) =     20.40128  eV     1   --> A''            
     e( 33 - 33) =     20.97839  eV     1   --> A''            
     e( 34 - 34) =     21.43212  eV     1   --> A'             
     e( 35 - 35) =     22.19496  eV     1   --> A'             
     e( 36 - 36) =     23.28516  eV     1   --> A'             

 **************************************************************************

 **************************************************************************

                    xk=(   0.35417,   0.20448,   0.00000  )

     Band symmetry, C_s (m)     point group:

     e(  1 -  1) =    -45.33263  eV     1   --> A'             
     e(  2 -  2) =    -23.78191  eV     1   --> A'             
     e(  3 -  3) =    -23.56274  eV     1   --> A'             
     e(  4 -  4) =    -23.19156  eV     1   --> A''            
     e(  5 -  5) =    -20.57310  eV     1   --> A'             
     e(  6 -  6) =    -12.30836  eV     1   --> A'             
     e(  7 -  7) =     -3.07519  eV     1   --> A'             
     e(  8 -  8) =     -2.58587  eV     1   --> A'             
     e(  9 -  9) =     -2.50009  eV     1   --> A''            
     e( 10 - 10) =     -1.96638  eV     1   --> A'             
     e( 11 - 11) =     -0.70417  eV     1   --> A'             
     e( 12 - 12) =      0.66808  eV     1   --> A''            
     e( 13 - 13) =      3.49754  eV     1   --> A'             
     e( 14 - 14) =      6.03492  eV     1   --> A'             
     e( 15 - 15) =      6.75266  eV     1   --> A'             
     e( 16 - 16) =      7.21607  eV     1   --> A''            
     e( 17 - 17) =      7.71279  eV     1   --> A''            
     e( 18 - 18) =      8.45544  eV     1   --> A'             
     e( 19 - 19) =      9.83819  eV     1   --> A'             
     e( 20 - 20) =     10.81411  eV     1   --> A'             
     e( 21 - 21) =     11.86034  eV     1   --> A'             
     e( 22 - 22) =     12.56022  eV     1   --> A'             
     e( 23 - 23) =     14.15826  eV     1   --> A'             
     e( 24 - 24) =     15.28268  eV     1   --> A'             
     e( 25 - 25) =     15.99237  eV     1   --> A'             
     e( 26 - 26) =     16.04760  eV     1   --> A''            
     e( 27 - 27) =     17.21119  eV     1   --> A'             
     e( 28 - 28) =     17.70168  eV     1   --> A'             
     e( 29 - 29) =     18.58484  eV     1   --> A'             
     e( 30 - 30) =     18.58500  eV     1   --> A''            
     e( 31 - 31) =     19.76246  eV     1   --> A'             
     e( 32 - 32) =     20.38714  eV     1   --> A''            
     e( 33 - 33) =     20.94808  eV     1   --> A''            
     e( 34 - 34) =     21.40895  eV     1   --> A'             
     e( 35 - 35) =     22.18916  eV     1   --> A'             
     e( 36 - 36) =     23.26489  eV     1   --> A'             

 **************************************************************************

 **************************************************************************

                    xk=(   0.35833,   0.20688,   0.00000  )

     Band symmetry, C_s (m)     point group:

     e(  1 -  1) =    -45.33201  eV     1   --> A'             
     e(  2 -  2) =    -23.78562  eV     1   --> A'             
     e(  3 -  3) =    -23.56311  eV     1   --> A'             
     e(  4 -  4) =    -23.19285  eV     1   --> A''            
     e(  5 -  5) =    -20.57281  eV     1   --> A'             
     e(  6 -  6) =    -12.29844  eV     1   --> A'             
     e(  7 -  7) =     -3.08128  eV     1   --> A'             
     e(  8 -  8) =     -2.58367  eV     1   --> A'             
     e(  9 -  9) =     -2.50108  eV     1   --> A''            
     e( 10 - 10) =     -1.99645  eV     1   --> A'             
     e( 11 - 11) =     -0.70062  eV     1   --> A'             
     e( 12 - 12) =      0.66016  eV     1   --> A''            
     e( 13 - 13) =      3.49237  eV     1   --> A'             
     e( 14 - 14) =      6.04941  eV     1   --> A'             
     e( 15 - 15) =      6.76637  eV     1   --> A'             
     e( 16 - 16) =      7.23389  eV     1   --> A''            
     e( 17 - 17) =      7.73141  eV     1   --> A''            
     e( 18 - 18) =      8.49602  eV     1   --> A'             
     e( 19 - 19) =      9.84585  eV     1   --> A'             
     e( 20 - 20) =     10.82736  eV     1   --> A'             
     e( 21 - 21) =     11.87013  eV     1   --> A'             
     e( 22 - 22) =     12.55940  eV     1   --> A'             
     e( 23 - 23) =     14.08417  eV     1   --> A'             
     e( 24 - 24) =     15.26935  eV     1   --> A'             
     e( 25 - 25) =     15.93334  eV     1   --> A'             
     e( 26 - 26) =     16.01307  eV     1   --> A''            
     e( 27 - 27) =     17.25065  eV     1   --> A'             
     e( 28 - 28) =     17.71988  eV     1   --> A'             
     e( 29 - 29) =     18.55246  eV     1   --> A'             
     e( 30 - 30) =     18.65061  eV     1   --> A''            
     e( 31 - 31) =     19.75591  eV     1   --> A'             
     e( 32 - 32) =     20.37345  eV     1   --> A''            
     e( 33 - 33) =     20.92121  eV     1   --> A''            
     e( 34 - 34) =     21.38593  eV     1   --> A'             
     e( 35 - 35) =     22.18297  eV     1   --> A'             
     e( 36 - 36) =     23.24045  eV     1   --> A'             

 **************************************************************************

 **************************************************************************

                    xk=(   0.36250,   0.20929,   0.00000  )

     Band symmetry, C_s (m)     point group:

     e(  1 -  1) =    -45.33140  eV     1   --> A'             
     e(  2 -  2) =    -23.78942  eV     1   --> A'             
     e(  3 -  3) =    -23.56328  eV     1   --> A'             
     e(  4 -  4) =    -23.19410  eV     1   --> A''            
     e(  5 -  5) =    -20.57255  eV     1   --> A'             
     e(  6 -  6) =    -12.28869  eV     1   --> A'             
     e(  7 -  7) =     -3.08730  eV     1   --> A'             
     e(  8 -  8) =     -2.58172  eV     1   --> A'             
     e(  9 -  9) =     -2.50205  eV     1   --> A''            
     e( 10 - 10) =     -2.02564  eV     1   --> A'             
     e( 11 - 11) =     -0.69707  eV     1   --> A'             
     e( 12 - 12) =      0.65243  eV     1   --> A''            
     e( 13 - 13) =      3.48742  eV     1   --> A'             
     e( 14 - 14) =      6.06400  eV     1   --> A'             
     e( 15 - 15) =      6.77936  eV     1   --> A'             
     e( 16 - 16) =      7.25089  eV     1   --> A''            
     e( 17 - 17) =      7.75044  eV     1   --> A''            
     e( 18 - 18) =      8.53703  eV     1   --> A'             
     e( 19 - 19) =      9.85307  eV     1   --> A'             
     e( 20 - 20) =     10.84040  eV     1   --> A'             
     e( 21 - 21) =     11.88020  eV     1   --> A'             
     e( 22 - 22) =     12.55957  eV     1   --> A'             
     e( 23 - 23) =     14.01069  eV     1   --> A'             
     e( 24 - 24) =     15.25295  eV     1   --> A'             
     e( 25 - 25) =     15.87344  eV     1   --> A'             
     e( 26 - 26) =     15.97871  eV     1   --> A''            
     e( 27 - 27) =     17.28898  eV     1   --> A'             
     e( 28 - 28) =     17.74012  eV     1   --> A'             
     e( 29 - 29) =     18.52535  eV     1   --> A'             
     e( 30 - 30) =     18.71440  eV     1   --> A''            
     e( 31 - 31) =     19.74984  eV     1   --> A'             
     e( 32 - 32) =     20.36020  eV     1   --> A''            
     e( 33 - 33) =     20.89807  eV     1   --> A''            
     e( 34 - 34) =     21.36310  eV     1   --> A'             
     e( 35 - 35) =     22.17646  eV     1   --> A'             
     e( 36 - 36) =     23.21286  eV     1   --> A'             

 **************************************************************************

 **************************************************************************

                    xk=(   0.36667,   0.21170,   0.00000  )

     Band symmetry, C_s (m)     point group:

     e(  1 -  1) =    -45.33081  eV     1   --> A'             
     e(  2 -  2) =    -23.79327  eV     1   --> A'             
     e(  3 -  3) =    -23.56328  eV     1   --> A'             
     e(  4 -  4) =    -23.19532  eV     1   --> A''            
     e(  5 -  5) =    -20.57230  eV     1   --> A'             
     e(  6 -  6) =    -12.27912  eV     1   --> A'             
     e(  7 -  7) =     -3.09323  eV     1   --> A'             
     e(  8 -  8) =     -2.58004  eV     1   --> A'             
     e(  9 -  9) =     -2.50300  eV     1   --> A''            
     e( 10 - 10) =     -2.05390  eV     1   --> A'             
     e( 11 - 11) =     -0.69355  eV     1   --> A'             
     e( 12 - 12) =      0.64490  eV     1   --> A''            
     e( 13 - 13) =      3.48268  eV     1   --> A'             
     e( 14 - 14) =      6.07866  eV     1   --> A'             
     e( 15 - 15) =      6.79161  eV     1   --> A'             
     e( 16 - 16) =      7.26705  eV     1   --> A''            
     e( 17 - 17) =      7.76983  eV     1   --> A''            
     e( 18 - 18) =      8.57846  eV     1   --> A'             
     e( 19 - 19) =      9.85993  eV     1   --> A'             
     e( 20 - 20) =     10.85323  eV     1   --> A'             
     e( 21 - 21) =     11.89046  eV     1   --> A'             
     e( 22 - 22) =     12.56063  eV     1   --> A'             
     e( 23 - 23) =     13.93805  eV     1   --> A'             
     e( 24 - 24) =     15.23379  eV     1   --> A'             
     e( 25 - 25) =     15.81297  eV     1   --> A'             
     e( 26 - 26) =     15.94454  eV     1   --> A''            
     e( 27 - 27) =     17.32490  eV     1   --> A'             
     e( 28 - 28) =     17.76245  eV     1   --> A'             
     e( 29 - 29) =     18.50408  eV     1   --> A'             
     e( 30 - 30) =     18.77610  eV     1   --> A''            
     e( 31 - 31) =     19.74423  eV     1   --> A'             
     e( 32 - 32) =     20.34737  eV     1   --> A''            
     e( 33 - 33) =     20.87891  eV     1   --> A''            
     e( 34 - 34) =     21.34047  eV     1   --> A'             
     e( 35 - 35) =     22.16970  eV     1   --> A'             
     e( 36 - 36) =     23.18309  eV     1   --> A'             

 **************************************************************************

 **************************************************************************

                    xk=(   0.37083,   0.21410,   0.00000  )

     Band symmetry, C_s (m)     point group:

     e(  1 -  1) =    -45.33022  eV     1   --> A'             
     e(  2 -  2) =    -23.79718  eV     1   --> A'             
     e(  3 -  3) =    -23.56312  eV     1   --> A'             
     e(  4 -  4) =    -23.19651  eV     1   --> A''            
     e(  5 -  5) =    -20.57208  eV     1   --> A'             
     e(  6 -  6) =    -12.26973  eV     1   --> A'             
     e(  7 -  7) =     -3.09909  eV     1   --> A'             
     e(  8 -  8) =     -2.57863  eV     1   --> A'             
     e(  9 -  9) =     -2.50394  eV     1   --> A''            
     e( 10 - 10) =     -2.08122  eV     1   --> A'             
     e( 11 - 11) =     -0.69005  eV     1   --> A'             
     e( 12 - 12) =      0.63758  eV     1   --> A''            
     e( 13 - 13) =      3.47815  eV     1   --> A'             
     e( 14 - 14) =      6.09339  eV     1   --> A'             
     e( 15 - 15) =      6.80307  eV     1   --> A'             
     e( 16 - 16) =      7.28239  eV     1   --> A''            
     e( 17 - 17) =      7.78955  eV     1   --> A''            
     e( 18 - 18) =      8.62028  eV     1   --> A'             
     e( 19 - 19) =      9.86649  eV     1   --> A'             
     e( 20 - 20) =     10.86583  eV     1   --> A'             
     e( 21 - 21) =     11.90079  eV     1   --> A'             
     e( 22 - 22) =     12.56249  eV     1   --> A'             
     e( 23 - 23) =     13.86650  eV     1   --> A'             
     e( 24 - 24) =     15.21213  eV     1   --> A'             
     e( 25 - 25) =     15.75221  eV     1   --> A'             
     e( 26 - 26) =     15.91063  eV     1   --> A''            
     e( 27 - 27) =     17.35694  eV     1   --> A'             
     e( 28 - 28) =     17.78722  eV     1   --> A'             
     e( 29 - 29) =     18.48914  eV     1   --> A'             
     e( 30 - 30) =     18.83542  eV     1   --> A''            
     e( 31 - 31) =     19.73905  eV     1   --> A'             
     e( 32 - 32) =     20.33490  eV     1   --> A''            
     e( 33 - 33) =     20.86403  eV     1   --> A''            
     e( 34 - 34) =     21.31805  eV     1   --> A'             
     e( 35 - 35) =     22.16273  eV     1   --> A'             
     e( 36 - 36) =     23.15194  eV     1   --> A'             

 **************************************************************************

 **************************************************************************

                    xk=(   0.37500,   0.21651,   0.00000  )

     Band symmetry, C_s (m)     point group:

     e(  1 -  1) =    -45.32965  eV     1   --> A'             
     e(  2 -  2) =    -23.80111  eV     1   --> A'             
     e(  3 -  3) =    -23.56282  eV     1   --> A'             
     e(  4 -  4) =    -23.19768  eV     1   --> A''            
     e(  5 -  5) =    -20.57188  eV     1   --> A'             
     e(  6 -  6) =    -12.26054  eV     1   --> A'             
     e(  7 -  7) =     -3.10486  eV     1   --> A'             
     e(  8 -  8) =     -2.57751  eV     1   --> A'             
     e(  9 -  9) =     -2.50487  eV     1   --> A''            
     e( 10 - 10) =     -2.10756  eV     1   --> A'             
     e( 11 - 11) =     -0.68659  eV     1   --> A'             
     e( 12 - 12) =      0.63046  eV     1   --> A''            
     e( 13 - 13) =      3.47383  eV     1   --> A'             
     e( 14 - 14) =      6.10819  eV     1   --> A'             
     e( 15 - 15) =      6.81372  eV     1   --> A'             
     e( 16 - 16) =      7.29692  eV     1   --> A''            
     e( 17 - 17) =      7.80954  eV     1   --> A''            
     e( 18 - 18) =      8.66248  eV     1   --> A'             
     e( 19 - 19) =      9.87283  eV     1   --> A'             
     e( 20 - 20) =     10.87818  eV     1   --> A'             
     e( 21 - 21) =     11.91109  eV     1   --> A'             
     e( 22 - 22) =     12.56501  eV     1   --> A'             
     e( 23 - 23) =     13.79628  eV     1   --> A'             
     e( 24 - 24) =     15.18823  eV     1   --> A'             
     e( 25 - 25) =     15.69144  eV     1   --> A'             
     e( 26 - 26) =     15.87702  eV     1   --> A''            
     e( 27 - 27) =     17.38362  eV     1   --> A'             
     e( 28 - 28) =     17.81497  eV     1   --> A'             
     e( 29 - 29) =     18.48089  eV     1   --> A'             
     e( 30 - 30) =     18.89205  eV     1   --> A''            
     e( 31 - 31) =     19.73428  eV     1   --> A'             
     e( 32 - 32) =     20.32276  eV     1   --> A''            
     e( 33 - 33) =     20.85373  eV     1   --> A''            
     e( 34 - 34) =     21.29586  eV     1   --> A'             
     e( 35 - 35) =     22.15557  eV     1   --> A'             
     e( 36 - 36) =     23.12012  eV     1   --> A'             

 **************************************************************************

 **************************************************************************

                    xk=(   0.37917,   0.21891,   0.00000  )

     Band symmetry, C_s (m)     point group:

     e(  1 -  1) =    -45.32909  eV     1   --> A'             
     e(  2 -  2) =    -23.80504  eV     1   --> A'             
     e(  3 -  3) =    -23.56241  eV     1   --> A'             
     e(  4 -  4) =    -23.19881  eV     1   --> A''            
     e(  5 -  5) =    -20.57171  eV     1   --> A'             
     e(  6 -  6) =    -12.25155  eV     1   --> A'             
     e(  7 -  7) =     -3.11055  eV     1   --> A'             
     e(  8 -  8) =     -2.57670  eV     1   --> A'             
     e(  9 -  9) =     -2.50578  eV     1   --> A''            
     e( 10 - 10) =     -2.13289  eV     1   --> A'             
     e( 11 - 11) =     -0.68317  eV     1   --> A'             
     e( 12 - 12) =      0.62355  eV     1   --> A''            
     e( 13 - 13) =      3.46972  eV     1   --> A'             
     e( 14 - 14) =      6.12301  eV     1   --> A'             
     e( 15 - 15) =      6.82352  eV     1   --> A'             
     e( 16 - 16) =      7.31065  eV     1   --> A''            
     e( 17 - 17) =      7.82976  eV     1   --> A''            
     e( 18 - 18) =      8.70502  eV     1   --> A'             
     e( 19 - 19) =      9.87900  eV     1   --> A'             
     e( 20 - 20) =     10.89027  eV     1   --> A'             
     e( 21 - 21) =     11.92124  eV     1   --> A'             
     e( 22 - 22) =     12.56802  eV     1   --> A'             
     e( 23 - 23) =     13.72766  eV     1   --> A'             
     e( 24 - 24) =     15.16233  eV     1   --> A'             
     e( 25 - 25) =     15.63095  eV     1   --> A'             
     e( 26 - 26) =     15.84377  eV     1   --> A''            
     e( 27 - 27) =     17.40368  eV     1   --> A'             
     e( 28 - 28) =     17.84622  eV     1   --> A'             
     e( 29 - 29) =     18.47949  eV     1   --> A'             
     e( 30 - 30) =     18.94571  eV     1   --> A''            
     e( 31 - 31) =     19.72988  eV     1   --> A'             
     e( 32 - 32) =     20.31092  eV     1   --> A''            
     e( 33 - 33) =     20.84829  eV     1   --> A''            
     e( 34 - 34) =     21.27390  eV     1   --> A'             
     e( 35 - 35) =     22.14823  eV     1   --> A'             
     e( 36 - 36) =     23.08818  eV     1   --> A'             

 **************************************************************************

 **************************************************************************

                    xk=(   0.38333,   0.22132,   0.00000  )

     Band symmetry, C_s (m)     point group:

     e(  1 -  1) =    -45.32855  eV     1   --> A'             
     e(  2 -  2) =    -23.80898  eV     1   --> A'             
     e(  3 -  3) =    -23.56190  eV     1   --> A'             
     e(  4 -  4) =    -23.19991  eV     1   --> A''            
     e(  5 -  5) =    -20.57155  eV     1   --> A'             
     e(  6 -  6) =    -12.24278  eV     1   --> A'             
     e(  7 -  7) =     -3.11617  eV     1   --> A'             
     e(  8 -  8) =     -2.57620  eV     1   --> A'             
     e(  9 -  9) =     -2.50668  eV     1   --> A''            
     e( 10 - 10) =     -2.15719  eV     1   --> A'             
     e( 11 - 11) =     -0.67981  eV     1   --> A'             
     e( 12 - 12) =      0.61684  eV     1   --> A''            
     e( 13 - 13) =      3.46580  eV     1   --> A'             
     e( 14 - 14) =      6.13787  eV     1   --> A'             
     e( 15 - 15) =      6.83245  eV     1   --> A'             
     e( 16 - 16) =      7.32360  eV     1   --> A''            
     e( 17 - 17) =      7.85011  eV     1   --> A''            
     e( 18 - 18) =      8.74787  eV     1   --> A'             
     e( 19 - 19) =      9.88505  eV     1   --> A'             
     e( 20 - 20) =     10.90208  eV     1   --> A'             
     e( 21 - 21) =     11.93112  eV     1   --> A'             
     e( 22 - 22) =     12.57133  eV     1   --> A'             
     e( 23 - 23) =     13.66094  eV     1   --> A'             
     e( 24 - 24) =     15.13461  eV     1   --> A'             
     e( 25 - 25) =     15.57101  eV     1   --> A'             
     e( 26 - 26) =     15.81092  eV     1   --> A''            
     e( 27 - 27) =     17.41634  eV     1   --> A'             
     e( 28 - 28) =     17.88128  eV     1   --> A'             
     e( 29 - 29) =     18.48488  eV     1   --> A'             
     e( 30 - 30) =     18.99611  eV     1   --> A''            
     e( 31 - 31) =     19.72585  eV     1   --> A'             
     e( 32 - 32) =     20.29933  eV     1   --> A''            
     e( 33 - 33) =     20.84795  eV     1   --> A''            
     e( 34 - 34) =     21.25219  eV     1   --> A'             
     e( 35 - 35) =     22.14071  eV     1   --> A'             
     e( 36 - 36) =     23.05659  eV     1   --> A'             

 **************************************************************************

 **************************************************************************

                    xk=(   0.38750,   0.22372,   0.00000  )

     Band symmetry, C_s (m)     point group:

     e(  1 -  1) =    -45.32803  eV     1   --> A'             
     e(  2 -  2) =    -23.81289  eV     1   --> A'             
     e(  3 -  3) =    -23.56131  eV     1   --> A'             
     e(  4 -  4) =    -23.20099  eV     1   --> A''            
     e(  5 -  5) =    -20.57141  eV     1   --> A'             
     e(  6 -  6) =    -12.23423  eV     1   --> A'             
     e(  7 -  7) =     -3.12171  eV     1   --> A'             
     e(  8 -  8) =     -2.57603  eV     1   --> A'             
     e(  9 -  9) =     -2.50756  eV     1   --> A''            
     e( 10 - 10) =     -2.18042  eV     1   --> A'             
     e( 11 - 11) =     -0.67651  eV     1   --> A'             
     e( 12 - 12) =      0.61035  eV     1   --> A''            
     e( 13 - 13) =      3.46209  eV     1   --> A'             
     e( 14 - 14) =      6.15273  eV     1   --> A'             
     e( 15 - 15) =      6.84052  eV     1   --> A'             
     e( 16 - 16) =      7.33579  eV     1   --> A''            
     e( 17 - 17) =      7.87055  eV     1   --> A''            
     e( 18 - 18) =      8.79100  eV     1   --> A'             
     e( 19 - 19) =      9.89103  eV     1   --> A'             
     e( 20 - 20) =     10.91362  eV     1   --> A'             
     e( 21 - 21) =     11.94060  eV     1   --> A'             
     e( 22 - 22) =     12.57472  eV     1   --> A'             
     e( 23 - 23) =     13.59646  eV     1   --> A'             
     e( 24 - 24) =     15.10520  eV     1   --> A'             
     e( 25 - 25) =     15.51193  eV     1   --> A'             
     e( 26 - 26) =     15.77853  eV     1   --> A''            
     e( 27 - 27) =     17.42149  eV     1   --> A'             
     e( 28 - 28) =     17.92007  eV     1   --> A'             
     e( 29 - 29) =     18.49679  eV     1   --> A'             
     e( 30 - 30) =     19.04301  eV     1   --> A''            
     e( 31 - 31) =     19.72215  eV     1   --> A'             
     e( 32 - 32) =     20.28797  eV     1   --> A''            
     e( 33 - 33) =     20.85295  eV     1   --> A''            
     e( 34 - 34) =     21.23075  eV     1   --> A'             
     e( 35 - 35) =     22.13298  eV     1   --> A'             
     e( 36 - 36) =     23.02575  eV     1   --> A'             

 **************************************************************************

 **************************************************************************

                    xk=(   0.39167,   0.22613,   0.00000  )

     Band symmetry, C_s (m)     point group:

     e(  1 -  1) =    -45.32752  eV     1   --> A'             
     e(  2 -  2) =    -23.81676  eV     1   --> A'             
     e(  3 -  3) =    -23.56064  eV     1   --> A'             
     e(  4 -  4) =    -23.20203  eV     1   --> A''            
     e(  5 -  5) =    -20.57128  eV     1   --> A'             
     e(  6 -  6) =    -12.22590  eV     1   --> A'             
     e(  7 -  7) =     -3.12716  eV     1   --> A'             
     e(  8 -  8) =     -2.57619  eV     1   --> A'             
     e(  9 -  9) =     -2.50842  eV     1   --> A''            
     e( 10 - 10) =     -2.20256  eV     1   --> A'             
     e( 11 - 11) =     -0.67328  eV     1   --> A'             
     e( 12 - 12) =      0.60408  eV     1   --> A''            
     e( 13 - 13) =      3.45857  eV     1   --> A'             
     e( 14 - 14) =      6.16760  eV     1   --> A'             
     e( 15 - 15) =      6.84770  eV     1   --> A'             
     e( 16 - 16) =      7.34725  eV     1   --> A''            
     e( 17 - 17) =      7.89102  eV     1   --> A''            
     e( 18 - 18) =      8.83436  eV     1   --> A'             
     e( 19 - 19) =      9.89698  eV     1   --> A'             
     e( 20 - 20) =     10.92489  eV     1   --> A'             
     e( 21 - 21) =     11.94952  eV     1   --> A'             
     e( 22 - 22) =     12.57790  eV     1   --> A'             
     e( 23 - 23) =     13.53463  eV     1   --> A'             
     e( 24 - 24) =     15.07419  eV     1   --> A'             
     e( 25 - 25) =     15.45404  eV     1   --> A'             
     e( 26 - 26) =     15.74665  eV     1   --> A''            
     e( 27 - 27) =     17.41961  eV     1   --> A'             
     e( 28 - 28) =     17.96209  eV     1   --> A'             
     e( 29 - 29) =     18.51477  eV     1   --> A'             
     e( 30 - 30) =     19.08621  eV     1   --> A''            
     e( 31 - 31) =     19.71878  eV     1   --> A'             
     e( 32 - 32) =     20.27682  eV     1   --> A''            
     e( 33 - 33) =     20.86342  eV     1   --> A''            
     e( 34 - 34) =     21.20960  eV     1   --> A'             
     e( 35 - 35) =     22.12503  eV     1   --> A'             
     e( 36 - 36) =     22.99597  eV     1   --> A'             

 **************************************************************************

 **************************************************************************

                    xk=(   0.39583,   0.22853,   0.00000  )

     Band symmetry, C_s (m)     point group:

     e(  1 -  1) =    -45.32703  eV     1   --> A'             
     e(  2 -  2) =    -23.82057  eV     1   --> A'             
     e(  3 -  3) =    -23.55991  eV     1   --> A'             
     e(  4 -  4) =    -23.20303  eV     1   --> A''            
     e(  5 -  5) =    -20.57117  eV     1   --> A'             
     e(  6 -  6) =    -12.21782  eV     1   --> A'             
     e(  7 -  7) =     -3.13249  eV     1   --> A'             
     e(  8 -  8) =     -2.57667  eV     1   --> A'             
     e(  9 -  9) =     -2.50926  eV     1   --> A''            
     e( 10 - 10) =     -2.22357  eV     1   --> A'             
     e( 11 - 11) =     -0.67013  eV     1   --> A'             
     e( 12 - 12) =      0.59802  eV     1   --> A''            
     e( 13 - 13) =      3.45525  eV     1   --> A'             
     e( 14 - 14) =      6.18246  eV     1   --> A'             
     e( 15 - 15) =      6.85402  eV     1   --> A'             
     e( 16 - 16) =      7.35803  eV     1   --> A''            
     e( 17 - 17) =      7.91146  eV     1   --> A''            
     e( 18 - 18) =      8.87790  eV     1   --> A'             
     e( 19 - 19) =      9.90293  eV     1   --> A'             
     e( 20 - 20) =     10.93589  eV     1   --> A'             
     e( 21 - 21) =     11.95772  eV     1   --> A'             
     e( 22 - 22) =     12.58056  eV     1   --> A'             
     e( 23 - 23) =     13.47589  eV     1   --> A'             
     e( 24 - 24) =     15.04160  eV     1   --> A'             
     e( 25 - 25) =     15.39768  eV     1   --> A'             
     e( 26 - 26) =     15.71535  eV     1   --> A''            
     e( 27 - 27) =     17.41159  eV     1   --> A'             
     e( 28 - 28) =     18.00661  eV     1   --> A'             
     e( 29 - 29) =     18.53823  eV     1   --> A'             
     e( 30 - 30) =     19.12556  eV     1   --> A''            
     e( 31 - 31) =     19.71571  eV     1   --> A'             
     e( 32 - 32) =     20.26588  eV     1   --> A''            
     e( 33 - 33) =     20.87945  eV     1   --> A''            
     e( 34 - 34) =     21.18876  eV     1   --> A'             
     e( 35 - 35) =     22.11680  eV     1   --> A'             
     e( 36 - 36) =     22.96753  eV     1   --> A'             

 **************************************************************************

 **************************************************************************

                    xk=(   0.40000,   0.23094,   0.00000  )

     Band symmetry, C_s (m)     point group:

     e(  1 -  1) =    -45.32655  eV     1   --> A'             
     e(  2 -  2) =    -23.82430  eV     1   --> A'             
     e(  3 -  3) =    -23.55913  eV     1   --> A'             
     e(  4 -  4) =    -23.20400  eV     1   --> A''            
     e(  5 -  5) =    -20.57108  eV     1   --> A'             
     e(  6 -  6) =    -12.20998  eV     1   --> A'             
     e(  7 -  7) =     -3.13771  eV     1   --> A'             
     e(  8 -  8) =     -2.57753  eV     1   --> A'             
     e(  9 -  9) =     -2.51007  eV     1   --> A''            
     e( 10 - 10) =     -2.24345  eV     1   --> A'             
     e( 11 - 11) =     -0.66706  eV     1   --> A'             
     e( 12 - 12) =      0.59218  eV     1   --> A''            
     e( 13 - 13) =      3.45212  eV     1   --> A'             
     e( 14 - 14) =      6.19727  eV     1   --> A'             
     e( 15 - 15) =      6.85946  eV     1   --> A'             
     e( 16 - 16) =      7.36814  eV     1   --> A''            
     e( 17 - 17) =      7.93176  eV     1   --> A''            
     e( 18 - 18) =      8.92156  eV     1   --> A'             
     e( 19 - 19) =      9.90891  eV     1   --> A'             
     e( 20 - 20) =     10.94664  eV     1   --> A'             
     e( 21 - 21) =     11.96502  eV     1   --> A'             
     e( 22 - 22) =     12.58234  eV     1   --> A'             
     e( 23 - 23) =     13.42076  eV     1   --> A'             
     e( 24 - 24) =     15.00739  eV     1   --> A'             
     e( 25 - 25) =     15.34320  eV     1   --> A'             
     e( 26 - 26) =     15.68467  eV     1   --> A''            
     e( 27 - 27) =     17.39849  eV     1   --> A'             
     e( 28 - 28) =     18.05280  eV     1   --> A'             
     e( 29 - 29) =     18.56653  eV     1   --> A'             
     e( 30 - 30) =     19.16099  eV     1   --> A''            
     e( 31 - 31) =     19.71295  eV     1   --> A'             
     e( 32 - 32) =     20.25515  eV     1   --> A''            
     e( 33 - 33) =     20.90100  eV     1   --> A''            
     e( 34 - 34) =     21.16827  eV     1   --> A'             
     e( 35 - 35) =     22.10824  eV     1   --> A'             
     e( 36 - 36) =     22.94067  eV     1   --> A'             

 **************************************************************************

 **************************************************************************

                    xk=(   0.40417,   0.23335,   0.00000  )

     Band symmetry, C_s (m)     point group:

     e(  1 -  1) =    -45.32609  eV     1   --> A'             
     e(  2 -  2) =    -23.82797  eV     1   --> A'             
     e(  3 -  3) =    -23.55833  eV     1   --> A'             
     e(  4 -  4) =    -23.20494  eV     1   --> A''            
     e(  5 -  5) =    -20.57100  eV     1   --> A'             
     e(  6 -  6) =    -12.20239  eV     1   --> A'             
     e(  7 -  7) =     -3.14285  eV     1   --> A'             
     e(  8 -  8) =     -2.57875  eV     1   --> A'             
     e(  9 -  9) =     -2.51087  eV     1   --> A''            
     e( 10 - 10) =     -2.26216  eV     1   --> A'             
     e( 11 - 11) =     -0.66407  eV     1   --> A'             
     e( 12 - 12) =      0.58657  eV     1   --> A''            
     e( 13 - 13) =      3.44916  eV     1   --> A'             
     e( 14 - 14) =      6.21203  eV     1   --> A'             
     e( 15 - 15) =      6.86402  eV     1   --> A'             
     e( 16 - 16) =      7.37761  eV     1   --> A''            
     e( 17 - 17) =      7.95187  eV     1   --> A''            
     e( 18 - 18) =      8.96527  eV     1   --> A'             
     e( 19 - 19) =      9.91492  eV     1   --> A'             
     e( 20 - 20) =     10.95715  eV     1   --> A'             
     e( 21 - 21) =     11.97120  eV     1   --> A'             
     e( 22 - 22) =     12.58281  eV     1   --> A'             
     e( 23 - 23) =     13.36984  eV     1   --> A'             
     e( 24 - 24) =     14.97150  eV     1   --> A'             
     e( 25 - 25) =     15.29098  eV     1   --> A'             
     e( 26 - 26) =     15.65468  eV     1   --> A''            
     e( 27 - 27) =     17.38135  eV     1   --> A'             
     e( 28 - 28) =     18.09989  eV     1   --> A'             
     e( 29 - 29) =     18.59901  eV     1   --> A'             
     e( 30 - 30) =     19.19251  eV     1   --> A''            
     e( 31 - 31) =     19.71049  eV     1   --> A'             
     e( 32 - 32) =     20.24466  eV     1   --> A''            
     e( 33 - 33) =     20.92797  eV     1   --> A''            
     e( 34 - 34) =     21.14816  eV     1   --> A'             
     e( 35 - 35) =     22.09931  eV     1   --> A'             
     e( 36 - 36) =     22.91558  eV     1   --> A'             

 **************************************************************************

 **************************************************************************

                    xk=(   0.40833,   0.23575,   0.00000  )

     Band symmetry, C_s (m)     point group:

     e(  1 -  1) =    -45.32565  eV     1   --> A'             
     e(  2 -  2) =    -23.83154  eV     1   --> A'             
     e(  3 -  3) =    -23.55749  eV     1   --> A'             
     e(  4 -  4) =    -23.20583  eV     1   --> A''            
     e(  5 -  5) =    -20.57093  eV     1   --> A'             
     e(  6 -  6) =    -12.19507  eV     1   --> A'             
     e(  7 -  7) =     -3.14786  eV     1   --> A'             
     e(  8 -  8) =     -2.58034  eV     1   --> A'             
     e(  9 -  9) =     -2.51164  eV     1   --> A''            
     e( 10 - 10) =     -2.27968  eV     1   --> A'             
     e( 11 - 11) =     -0.66118  eV     1   --> A'             
     e( 12 - 12) =      0.58117  eV     1   --> A''            
     e( 13 - 13) =      3.44639  eV     1   --> A'             
     e( 14 - 14) =      6.22671  eV     1   --> A'             
     e( 15 - 15) =      6.86774  eV     1   --> A'             
     e( 16 - 16) =      7.38649  eV     1   --> A''            
     e( 17 - 17) =      7.97174  eV     1   --> A''            
     e( 18 - 18) =      9.00896  eV     1   --> A'             
     e( 19 - 19) =      9.92098  eV     1   --> A'             
     e( 20 - 20) =     10.96746  eV     1   --> A'             
     e( 21 - 21) =     11.97603  eV     1   --> A'             
     e( 22 - 22) =     12.58157  eV     1   --> A'             
     e( 23 - 23) =     13.32373  eV     1   --> A'             
     e( 24 - 24) =     14.93385  eV     1   --> A'             
     e( 25 - 25) =     15.24139  eV     1   --> A'             
     e( 26 - 26) =     15.62543  eV     1   --> A''            
     e( 27 - 27) =     17.36113  eV     1   --> A'             
     e( 28 - 28) =     18.14721  eV     1   --> A'             
     e( 29 - 29) =     18.63501  eV     1   --> A'             
     e( 30 - 30) =     19.22017  eV     1   --> A''            
     e( 31 - 31) =     19.70832  eV     1   --> A'             
     e( 32 - 32) =     20.23444  eV     1   --> A''            
     e( 33 - 33) =     20.96014  eV     1   --> A''            
     e( 34 - 34) =     21.12849  eV     1   --> A'             
     e( 35 - 35) =     22.08995  eV     1   --> A'             
     e( 36 - 36) =     22.89243  eV     1   --> A'             

 **************************************************************************

 **************************************************************************

                    xk=(   0.41250,   0.23816,   0.00000  )

     Band symmetry, C_s (m)     point group:

     e(  1 -  1) =    -45.32523  eV     1   --> A'             
     e(  2 -  2) =    -23.83501  eV     1   --> A'             
     e(  3 -  3) =    -23.55665  eV     1   --> A'             
     e(  4 -  4) =    -23.20670  eV     1   --> A''            
     e(  5 -  5) =    -20.57088  eV     1   --> A'             
     e(  6 -  6) =    -12.18801  eV     1   --> A'             
     e(  7 -  7) =     -3.15276  eV     1   --> A'             
     e(  8 -  8) =     -2.58230  eV     1   --> A'             
     e(  9 -  9) =     -2.51239  eV     1   --> A''            
     e( 10 - 10) =     -2.29602  eV     1   --> A'             
     e( 11 - 11) =     -0.65838  eV     1   --> A'             
     e( 12 - 12) =      0.57601  eV     1   --> A''            
     e( 13 - 13) =      3.44378  eV     1   --> A'             
     e( 14 - 14) =      6.24129  eV     1   --> A'             
     e( 15 - 15) =      6.87062  eV     1   --> A'             
     e( 16 - 16) =      7.39477  eV     1   --> A''            
     e( 17 - 17) =      7.99125  eV     1   --> A''            
     e( 18 - 18) =      9.05253  eV     1   --> A'             
     e( 19 - 19) =      9.92709  eV     1   --> A'             
     e( 20 - 20) =     10.97760  eV     1   --> A'             
     e( 21 - 21) =     11.97924  eV     1   --> A'             
     e( 22 - 22) =     12.57821  eV     1   --> A'             
     e( 23 - 23) =     13.28308  eV     1   --> A'             
     e( 24 - 24) =     14.89439  eV     1   --> A'             
     e( 25 - 25) =     15.19472  eV     1   --> A'             
     e( 26 - 26) =     15.59697  eV     1   --> A''            
     e( 27 - 27) =     17.33867  eV     1   --> A'             
     e( 28 - 28) =     18.19420  eV     1   --> A'             
     e( 29 - 29) =     18.67386  eV     1   --> A'             
     e( 30 - 30) =     19.24415  eV     1   --> A''            
     e( 31 - 31) =     19.70646  eV     1   --> A'             
     e( 32 - 32) =     20.22450  eV     1   --> A''            
     e( 33 - 33) =     20.99720  eV     1   --> A''            
     e( 34 - 34) =     21.10931  eV     1   --> A'             
     e( 35 - 35) =     22.08010  eV     1   --> A'             
     e( 36 - 36) =     22.87136  eV     1   --> A'             

 **************************************************************************

 **************************************************************************

                    xk=(   0.41667,   0.24056,   0.00000  )

     Band symmetry, C_s (m)     point group:

     e(  1 -  1) =    -45.32482  eV     1   --> A'             
     e(  2 -  2) =    -23.83836  eV     1   --> A'             
     e(  3 -  3) =    -23.55579  eV     1   --> A'             
     e(  4 -  4) =    -23.20753  eV     1   --> A''            
     e(  5 -  5) =    -20.57083  eV     1   --> A'             
     e(  6 -  6) =    -12.18123  eV     1   --> A'             
     e(  7 -  7) =     -3.15750  eV     1   --> A'             
     e(  8 -  8) =     -2.58462  eV     1   --> A'             
     e(  9 -  9) =     -2.51312  eV     1   --> A''            
     e( 10 - 10) =     -2.31116  eV     1   --> A'             
     e( 11 - 11) =     -0.65569  eV     1   --> A'             
     e( 12 - 12) =      0.57107  eV     1   --> A''            
     e( 13 - 13) =      3.44135  eV     1   --> A'             
     e( 14 - 14) =      6.25574  eV     1   --> A'             
     e( 15 - 15) =      6.87270  eV     1   --> A'             
     e( 16 - 16) =      7.40251  eV     1   --> A''            
     e( 17 - 17) =      8.01038  eV     1   --> A''            
     e( 18 - 18) =      9.09591  eV     1   --> A'             
     e( 19 - 19) =      9.93325  eV     1   --> A'             
     e( 20 - 20) =     10.98760  eV     1   --> A'             
     e( 21 - 21) =     11.98055  eV     1   --> A'             
     e( 22 - 22) =     12.57244  eV     1   --> A'             
     e( 23 - 23) =     13.24843  eV     1   --> A'             
     e( 24 - 24) =     14.85312  eV     1   --> A'             
     e( 25 - 25) =     15.15122  eV     1   --> A'             
     e( 26 - 26) =     15.56937  eV     1   --> A''            
     e( 27 - 27) =     17.31466  eV     1   --> A'             
     e( 28 - 28) =     18.24045  eV     1   --> A'             
     e( 29 - 29) =     18.71492  eV     1   --> A'             
     e( 30 - 30) =     19.26466  eV     1   --> A''            
     e( 31 - 31) =     19.70493  eV     1   --> A'             
     e( 32 - 32) =     20.21490  eV     1   --> A''            
     e( 33 - 33) =     21.03878  eV     1   --> A''            
     e( 34 - 34) =     21.09067  eV     1   --> A'             
     e( 35 - 35) =     22.06973  eV     1   --> A'             
     e( 36 - 36) =     22.85247  eV     1   --> A'             

 **************************************************************************

 **************************************************************************

                    xk=(   0.42083,   0.24297,   0.00000  )

     Band symmetry, C_s (m)     point group:

     e(  1 -  1) =    -45.32443  eV     1   --> A'             
     e(  2 -  2) =    -23.84161  eV     1   --> A'             
     e(  3 -  3) =    -23.55494  eV     1   --> A'             
     e(  4 -  4) =    -23.20833  eV     1   --> A''            
     e(  5 -  5) =    -20.57079  eV     1   --> A'             
     e(  6 -  6) =    -12.17473  eV     1   --> A'             
     e(  7 -  7) =     -3.16213  eV     1   --> A'             
     e(  8 -  8) =     -2.58730  eV     1   --> A'             
     e(  9 -  9) =     -2.51381  eV     1   --> A''            
     e( 10 - 10) =     -2.32510  eV     1   --> A'             
     e( 11 - 11) =     -0.65310  eV     1   --> A'             
     e( 12 - 12) =      0.56636  eV     1   --> A''            
     e( 13 - 13) =      3.43907  eV     1   --> A'             
     e( 14 - 14) =      6.27003  eV     1   --> A'             
     e( 15 - 15) =      6.87400  eV     1   --> A'             
     e( 16 - 16) =      7.40973  eV     1   --> A''            
     e( 17 - 17) =      8.02903  eV     1   --> A''            
     e( 18 - 18) =      9.13897  eV     1   --> A'             
     e( 19 - 19) =      9.93942  eV     1   --> A'             
     e( 20 - 20) =     10.99751  eV     1   --> A'             
     e( 21 - 21) =     11.97962  eV     1   --> A'             
     e( 22 - 22) =     12.56414  eV     1   --> A'             
     e( 23 - 23) =     13.22022  eV     1   --> A'             
     e( 24 - 24) =     14.81015  eV     1   --> A'             
     e( 25 - 25) =     15.11098  eV     1   --> A'             
     e( 26 - 26) =     15.54268  eV     1   --> A''            
     e( 27 - 27) =     17.28968  eV     1   --> A'             
     e( 28 - 28) =     18.28566  eV     1   --> A'             
     e( 29 - 29) =     18.75755  eV     1   --> A'             
     e( 30 - 30) =     19.28194  eV     1   --> A''            
     e( 31 - 31) =     19.70375  eV     1   --> A'             
     e( 32 - 32) =     20.20565  eV     1   --> A''            
     e( 33 - 33) =     21.07264  eV     1   --> A'             
     e( 34 - 34) =     21.08444  eV     1   --> A''            
     e( 35 - 35) =     22.05880  eV     1   --> A'             
     e( 36 - 36) =     22.83585  eV     1   --> A'             

 **************************************************************************

 **************************************************************************

                    xk=(   0.42500,   0.24537,   0.00000  )

     Band symmetry, C_s (m)     point group:

     e(  1 -  1) =    -45.32406  eV     1   --> A'             
     e(  2 -  2) =    -23.84472  eV     1   --> A'             
     e(  3 -  3) =    -23.55408  eV     1   --> A'             
     e(  4 -  4) =    -23.20908  eV     1   --> A''            
     e(  5 -  5) =    -20.57076  eV     1   --> A'             
     e(  6 -  6) =    -12.16853  eV     1   --> A'             
     e(  7 -  7) =     -3.16660  eV     1   --> A'             
     e(  8 -  8) =     -2.59029  eV     1   --> A'             
     e(  9 -  9) =     -2.51447  eV     1   --> A''            
     e( 10 - 10) =     -2.33787  eV     1   --> A'             
     e( 11 - 11) =     -0.65063  eV     1   --> A'             
     e( 12 - 12) =      0.56189  eV     1   --> A''            
     e( 13 - 13) =      3.43696  eV     1   --> A'             
     e( 14 - 14) =      6.28414  eV     1   --> A'             
     e( 15 - 15) =      6.87458  eV     1   --> A'             
     e( 16 - 16) =      7.41645  eV     1   --> A''            
     e( 17 - 17) =      8.04715  eV     1   --> A''            
     e( 18 - 18) =      9.18159  eV     1   --> A'             
     e( 19 - 19) =      9.94561  eV     1   --> A'             
     e( 20 - 20) =     11.00740  eV     1   --> A'             
     e( 21 - 21) =     11.97615  eV     1   --> A'             
     e( 22 - 22) =     12.55341  eV     1   --> A'             
     e( 23 - 23) =     13.19863  eV     1   --> A'             
     e( 24 - 24) =     14.76570  eV     1   --> A'             
     e( 25 - 25) =     15.07402  eV     1   --> A'             
     e( 26 - 26) =     15.51696  eV     1   --> A''            
     e( 27 - 27) =     17.26421  eV     1   --> A'             
     e( 28 - 28) =     18.32958  eV     1   --> A'             
     e( 29 - 29) =     18.80113  eV     1   --> A'             
     e( 30 - 30) =     19.29630  eV     1   --> A''            
     e( 31 - 31) =     19.70294  eV     1   --> A'             
     e( 32 - 32) =     20.19679  eV     1   --> A''            
     e( 33 - 33) =     21.05531  eV     1   --> A'             
     e( 34 - 34) =     21.13369  eV     1   --> A''            
     e( 35 - 35) =     22.04730  eV     1   --> A'             
     e( 36 - 36) =     22.82154  eV     1   --> A'             

 **************************************************************************

 **************************************************************************

                    xk=(   0.42917,   0.24778,   0.00000  )

     Band symmetry, C_s (m)     point group:

     e(  1 -  1) =    -45.32371  eV     1   --> A'             
     e(  2 -  2) =    -23.84770  eV     1   --> A'             
     e(  3 -  3) =    -23.55326  eV     1   --> A'             
     e(  4 -  4) =    -23.20980  eV     1   --> A''            
     e(  5 -  5) =    -20.57074  eV     1   --> A'             
     e(  6 -  6) =    -12.16261  eV     1   --> A'             
     e(  7 -  7) =     -3.17092  eV     1   --> A'             
     e(  8 -  8) =     -2.59361  eV     1   --> A'             
     e(  9 -  9) =     -2.51511  eV     1   --> A''            
     e( 10 - 10) =     -2.34949  eV     1   --> A'             
     e( 11 - 11) =     -0.64826  eV     1   --> A'             
     e( 12 - 12) =      0.55764  eV     1   --> A''            
     e( 13 - 13) =      3.43499  eV     1   --> A'             
     e( 14 - 14) =      6.29801  eV     1   --> A'             
     e( 15 - 15) =      6.87446  eV     1   --> A'             
     e( 16 - 16) =      7.42269  eV     1   --> A''            
     e( 17 - 17) =      8.06468  eV     1   --> A''            
     e( 18 - 18) =      9.22365  eV     1   --> A'             
     e( 19 - 19) =      9.95177  eV     1   --> A'             
     e( 20 - 20) =     11.01730  eV     1   --> A'             
     e( 21 - 21) =     11.96979  eV     1   --> A'             
     e( 22 - 22) =     12.54064  eV     1   --> A'             
     e( 23 - 23) =     13.18359  eV     1   --> A'             
     e( 24 - 24) =     14.72008  eV     1   --> A'             
     e( 25 - 25) =     15.04020  eV     1   --> A'             
     e( 26 - 26) =     15.49226  eV     1   --> A''            
     e( 27 - 27) =     17.23863  eV     1   --> A'             
     e( 28 - 28) =     18.37206  eV     1   --> A'             
     e( 29 - 29) =     18.84503  eV     1   --> A'             
     e( 30 - 30) =     19.30805  eV     1   --> A''            
     e( 31 - 31) =     19.70256  eV     1   --> A'             
     e( 32 - 32) =     20.18835  eV     1   --> A''            
     e( 33 - 33) =     21.03874  eV     1   --> A'             
     e( 34 - 34) =     21.18599  eV     1   --> A''            
     e( 35 - 35) =     22.03524  eV     1   --> A'             
     e( 36 - 36) =     22.80955  eV     1   --> A'             

 **************************************************************************

 **************************************************************************

                    xk=(   0.43333,   0.25019,   0.00000  )

     Band symmetry, C_s (m)     point group:

     e(  1 -  1) =    -45.32338  eV     1   --> A'             
     e(  2 -  2) =    -23.85054  eV     1   --> A'             
     e(  3 -  3) =    -23.55245  eV     1   --> A'             
     e(  4 -  4) =    -23.21048  eV     1   --> A''            
     e(  5 -  5) =    -20.57073  eV     1   --> A'             
     e(  6 -  6) =    -12.15701  eV     1   --> A'             
     e(  7 -  7) =     -3.17507  eV     1   --> A'             
     e(  8 -  8) =     -2.59718  eV     1   --> A'             
     e(  9 -  9) =     -2.51572  eV     1   --> A''            
     e( 10 - 10) =     -2.36000  eV     1   --> A'             
     e( 11 - 11) =     -0.64602  eV     1   --> A'             
     e( 12 - 12) =      0.55363  eV     1   --> A''            
     e( 13 - 13) =      3.43318  eV     1   --> A'             
     e( 14 - 14) =      6.31163  eV     1   --> A'             
     e( 15 - 15) =      6.87371  eV     1   --> A'             
     e( 16 - 16) =      7.42846  eV     1   --> A''            
     e( 17 - 17) =      8.08154  eV     1   --> A''            
     e( 18 - 18) =      9.26500  eV     1   --> A'             
     e( 19 - 19) =      9.95789  eV     1   --> A'             
     e( 20 - 20) =     11.02729  eV     1   --> A'             
     e( 21 - 21) =     11.96027  eV     1   --> A'             
     e( 22 - 22) =     12.52645  eV     1   --> A'             
     e( 23 - 23) =     13.17474  eV     1   --> A'             
     e( 24 - 24) =     14.67366  eV     1   --> A'             
     e( 25 - 25) =     15.00936  eV     1   --> A'             
     e( 26 - 26) =     15.46864  eV     1   --> A''            
     e( 27 - 27) =     17.21330  eV     1   --> A'             
     e( 28 - 28) =     18.41300  eV     1   --> A'             
     e( 29 - 29) =     18.88866  eV     1   --> A'             
     e( 30 - 30) =     19.31750  eV     1   --> A''            
     e( 31 - 31) =     19.70264  eV     1   --> A'             
     e( 32 - 32) =     20.18033  eV     1   --> A''            
     e( 33 - 33) =     21.02301  eV     1   --> A'             
     e( 34 - 34) =     21.24080  eV     1   --> A''            
     e( 35 - 35) =     22.02264  eV     1   --> A'             
     e( 36 - 36) =     22.79987  eV     1   --> A'             

 **************************************************************************

 **************************************************************************

                    xk=(   0.43750,   0.25259,   0.00000  )

     Band symmetry, C_s (m)     point group:

     e(  1 -  1) =    -45.32307  eV     1   --> A'             
     e(  2 -  2) =    -23.85323  eV     1   --> A'             
     e(  3 -  3) =    -23.55166  eV     1   --> A'             
     e(  4 -  4) =    -23.21112  eV     1   --> A''            
     e(  5 -  5) =    -20.57072  eV     1   --> A'             
     e(  6 -  6) =    -12.15171  eV     1   --> A'             
     e(  7 -  7) =     -3.17904  eV     1   --> A'             
     e(  8 -  8) =     -2.60096  eV     1   --> A'             
     e(  9 -  9) =     -2.51629  eV     1   --> A''            
     e( 10 - 10) =     -2.36943  eV     1   --> A'             
     e( 11 - 11) =     -0.64389  eV     1   --> A'             
     e( 12 - 12) =      0.54986  eV     1   --> A''            
     e( 13 - 13) =      3.43150  eV     1   --> A'             
     e( 14 - 14) =      6.32494  eV     1   --> A'             
     e( 15 - 15) =      6.87237  eV     1   --> A'             
     e( 16 - 16) =      7.43381  eV     1   --> A''            
     e( 17 - 17) =      8.09770  eV     1   --> A''            
     e( 18 - 18) =      9.30548  eV     1   --> A'             
     e( 19 - 19) =      9.96392  eV     1   --> A'             
     e( 20 - 20) =     11.03742  eV     1   --> A'             
     e( 21 - 21) =     11.94738  eV     1   --> A'             
     e( 22 - 22) =     12.51161  eV     1   --> A'             
     e( 23 - 23) =     13.17151  eV     1   --> A'             
     e( 24 - 24) =     14.62685  eV     1   --> A'             
     e( 25 - 25) =     14.98127  eV     1   --> A'             
     e( 26 - 26) =     15.44615  eV     1   --> A''            
     e( 27 - 27) =     17.18848  eV     1   --> A'             
     e( 28 - 28) =     18.45229  eV     1   --> A'             
     e( 29 - 29) =     18.93142  eV     1   --> A'             
     e( 30 - 30) =     19.32495  eV     1   --> A''            
     e( 31 - 31) =     19.70325  eV     1   --> A'             
     e( 32 - 32) =     20.17277  eV     1   --> A''            
     e( 33 - 33) =     21.00822  eV     1   --> A'             
     e( 34 - 34) =     21.29756  eV     1   --> A''            
     e( 35 - 35) =     22.00956  eV     1   --> A'             
     e( 36 - 36) =     22.79242  eV     1   --> A'             

 **************************************************************************

 **************************************************************************

                    xk=(   0.44167,   0.25500,   0.00000  )

     Band symmetry, C_s (m)     point group:

     e(  1 -  1) =    -45.32277  eV     1   --> A'             
     e(  2 -  2) =    -23.85578  eV     1   --> A'             
     e(  3 -  3) =    -23.55090  eV     1   --> A'             
     e(  4 -  4) =    -23.21172  eV     1   --> A''            
     e(  5 -  5) =    -20.57072  eV     1   --> A'             
     e(  6 -  6) =    -12.14672  eV     1   --> A'             
     e(  7 -  7) =     -3.18282  eV     1   --> A'             
     e(  8 -  8) =     -2.60489  eV     1   --> A'             
     e(  9 -  9) =     -2.51683  eV     1   --> A''            
     e( 10 - 10) =     -2.37786  eV     1   --> A'             
     e( 11 - 11) =     -0.64189  eV     1   --> A'             
     e( 12 - 12) =      0.54633  eV     1   --> A''            
     e( 13 - 13) =      3.42997  eV     1   --> A'             
     e( 14 - 14) =      6.33790  eV     1   --> A'             
     e( 15 - 15) =      6.87052  eV     1   --> A'             
     e( 16 - 16) =      7.43874  eV     1   --> A''            
     e( 17 - 17) =      8.11309  eV     1   --> A''            
     e( 18 - 18) =      9.34491  eV     1   --> A'             
     e( 19 - 19) =      9.96982  eV     1   --> A'             
     e( 20 - 20) =     11.04776  eV     1   --> A'             
     e( 21 - 21) =     11.93103  eV     1   --> A'             
     e( 22 - 22) =     12.49688  eV     1   --> A'             
     e( 23 - 23) =     13.17320  eV     1   --> A'             
     e( 24 - 24) =     14.58005  eV     1   --> A'             
     e( 25 - 25) =     14.95574  eV     1   --> A'             
     e( 26 - 26) =     15.42484  eV     1   --> A''            
     e( 27 - 27) =     17.16440  eV     1   --> A'             
     e( 28 - 28) =     18.48987  eV     1   --> A'             
     e( 29 - 29) =     18.97277  eV     1   --> A'             
     e( 30 - 30) =     19.33069  eV     1   --> A''            
     e( 31 - 31) =     19.70443  eV     1   --> A'             
     e( 32 - 32) =     20.16566  eV     1   --> A''            
     e( 33 - 33) =     20.99444  eV     1   --> A'             
     e( 34 - 34) =     21.35567  eV     1   --> A''            
     e( 35 - 35) =     21.99608  eV     1   --> A'             
     e( 36 - 36) =     22.78713  eV     1   --> A'             

 **************************************************************************

 **************************************************************************

                    xk=(   0.44583,   0.25740,   0.00000  )

     Band symmetry, C_s (m)     point group:

     e(  1 -  1) =    -45.32249  eV     1   --> A'             
     e(  2 -  2) =    -23.85816  eV     1   --> A'             
     e(  3 -  3) =    -23.55018  eV     1   --> A'             
     e(  4 -  4) =    -23.21228  eV     1   --> A''            
     e(  5 -  5) =    -20.57071  eV     1   --> A'             
     e(  6 -  6) =    -12.14205  eV     1   --> A'             
     e(  7 -  7) =     -3.18638  eV     1   --> A'             
     e(  8 -  8) =     -2.60891  eV     1   --> A'             
     e(  9 -  9) =     -2.51734  eV     1   --> A''            
     e( 10 - 10) =     -2.38533  eV     1   --> A'             
     e( 11 - 11) =     -0.64002  eV     1   --> A'             
     e( 12 - 12) =      0.54303  eV     1   --> A''            
     e( 13 - 13) =      3.42856  eV     1   --> A'             
     e( 14 - 14) =      6.35045  eV     1   --> A'             
     e( 15 - 15) =      6.86821  eV     1   --> A'             
     e( 16 - 16) =      7.44327  eV     1   --> A''            
     e( 17 - 17) =      8.12766  eV     1   --> A''            
     e( 18 - 18) =      9.38311  eV     1   --> A'             
     e( 19 - 19) =      9.97555  eV     1   --> A'             
     e( 20 - 20) =     11.05838  eV     1   --> A'             
     e( 21 - 21) =     11.91130  eV     1   --> A'             
     e( 22 - 22) =     12.48294  eV     1   --> A'             
     e( 23 - 23) =     13.17908  eV     1   --> A'             
     e( 24 - 24) =     14.53365  eV     1   --> A'             
     e( 25 - 25) =     14.93256  eV     1   --> A'             
     e( 26 - 26) =     15.40477  eV     1   --> A''            
     e( 27 - 27) =     17.14128  eV     1   --> A'             
     e( 28 - 28) =     18.52567  eV     1   --> A'             
     e( 29 - 29) =     19.01218  eV     1   --> A'             
     e( 30 - 30) =     19.33500  eV     1   --> A''            
     e( 31 - 31) =     19.70623  eV     1   --> A'             
     e( 32 - 32) =     20.15904  eV     1   --> A''            
     e( 33 - 33) =     20.98173  eV     1   --> A'             
     e( 34 - 34) =     21.41455  eV     1   --> A''            
     e( 35 - 35) =     21.98231  eV     1   --> A'             
     e( 36 - 36) =     22.78387  eV     1   --> A'             

 **************************************************************************

 **************************************************************************

                    xk=(   0.45000,   0.25981,   0.00000  )

     Band symmetry, C_s (m)     point group:

     e(  1 -  1) =    -45.32224  eV     1   --> A'             
     e(  2 -  2) =    -23.86038  eV     1   --> A'             
     e(  3 -  3) =    -23.54950  eV     1   --> A'             
     e(  4 -  4) =    -23.21280  eV     1   --> A''            
     e(  5 -  5) =    -20.57072  eV     1   --> A'             
     e(  6 -  6) =    -12.13771  eV     1   --> A'             
     e(  7 -  7) =     -3.18975  eV     1   --> A'             
     e(  8 -  8) =     -2.61295  eV     1   --> A'             
     e(  9 -  9) =     -2.51781  eV     1   --> A''            
     e( 10 - 10) =     -2.39191  eV     1   --> A'             
     e( 11 - 11) =     -0.63827  eV     1   --> A'             
     e( 12 - 12) =      0.53997  eV     1   --> A''            
     e( 13 - 13) =      3.42728  eV     1   --> A'             
     e( 14 - 14) =      6.36253  eV     1   --> A'             
     e( 15 - 15) =      6.86552  eV     1   --> A'             
     e( 16 - 16) =      7.44741  eV     1   --> A''            
     e( 17 - 17) =      8.14135  eV     1   --> A''            
     e( 18 - 18) =      9.41987  eV     1   --> A'             
     e( 19 - 19) =      9.98107  eV     1   --> A'             
     e( 20 - 20) =     11.06931  eV     1   --> A'             
     e( 21 - 21) =     11.88846  eV     1   --> A'             
     e( 22 - 22) =     12.47028  eV     1   --> A'             
     e( 23 - 23) =     13.18839  eV     1   --> A'             
     e( 24 - 24) =     14.48802  eV     1   --> A'             
     e( 25 - 25) =     14.91157  eV     1   --> A'             
     e( 26 - 26) =     15.38597  eV     1   --> A''            
     e( 27 - 27) =     17.11928  eV     1   --> A'             
     e( 28 - 28) =     18.55961  eV     1   --> A'             
     e( 29 - 29) =     19.04919  eV     1   --> A'             
     e( 30 - 30) =     19.33812  eV     1   --> A''            
     e( 31 - 31) =     19.70870  eV     1   --> A'             
     e( 32 - 32) =     20.15289  eV     1   --> A''            
     e( 33 - 33) =     20.97016  eV     1   --> A'             
     e( 34 - 34) =     21.47356  eV     1   --> A''            
     e( 35 - 35) =     21.96838  eV     1   --> A'             
     e( 36 - 36) =     22.78248  eV     1   --> A'             

 **************************************************************************

 **************************************************************************

                    xk=(   0.45417,   0.26221,   0.00000  )

     Band symmetry, C_s (m)     point group:

     e(  1 -  1) =    -45.32201  eV     1   --> A'             
     e(  2 -  2) =    -23.86245  eV     1   --> A'             
     e(  3 -  3) =    -23.54886  eV     1   --> A'             
     e(  4 -  4) =    -23.21329  eV     1   --> A''            
     e(  5 -  5) =    -20.57072  eV     1   --> A'             
     e(  6 -  6) =    -12.13370  eV     1   --> A'             
     e(  7 -  7) =     -3.19291  eV     1   --> A'             
     e(  8 -  8) =     -2.61696  eV     1   --> A'             
     e(  9 -  9) =     -2.51826  eV     1   --> A''            
     e( 10 - 10) =     -2.39769  eV     1   --> A'             
     e( 11 - 11) =     -0.63666  eV     1   --> A'             
     e( 12 - 12) =      0.53716  eV     1   --> A''            
     e( 13 - 13) =      3.42612  eV     1   --> A'             
     e( 14 - 14) =      6.37408  eV     1   --> A'             
     e( 15 - 15) =      6.86253  eV     1   --> A'             
     e( 16 - 16) =      7.45117  eV     1   --> A''            
     e( 17 - 17) =      8.15412  eV     1   --> A''            
     e( 18 - 18) =      9.45497  eV     1   --> A'             
     e( 19 - 19) =      9.98632  eV     1   --> A'             
     e( 20 - 20) =     11.08059  eV     1   --> A'             
     e( 21 - 21) =     11.86291  eV     1   --> A'             
     e( 22 - 22) =     12.45917  eV     1   --> A'             
     e( 23 - 23) =     13.20043  eV     1   --> A'             
     e( 24 - 24) =     14.44354  eV     1   --> A'             
     e( 25 - 25) =     14.89263  eV     1   --> A'             
     e( 26 - 26) =     15.36849  eV     1   --> A''            
     e( 27 - 27) =     17.09856  eV     1   --> A'             
     e( 28 - 28) =     18.59160  eV     1   --> A'             
     e( 29 - 29) =     19.08339  eV     1   --> A'             
     e( 30 - 30) =     19.34027  eV     1   --> A''            
     e( 31 - 31) =     19.71184  eV     1   --> A'             
     e( 32 - 32) =     20.14722  eV     1   --> A''            
     e( 33 - 33) =     20.95977  eV     1   --> A'             
     e( 34 - 34) =     21.53207  eV     1   --> A''            
     e( 35 - 35) =     21.95444  eV     1   --> A'             
     e( 36 - 36) =     22.78278  eV     1   --> A'             

 **************************************************************************

 **************************************************************************

                    xk=(   0.45833,   0.26462,   0.00000  )

     Band symmetry, C_s (m)     point group:

     e(  1 -  1) =    -45.32179  eV     1   --> A'             
     e(  2 -  2) =    -23.86434  eV     1   --> A'             
     e(  3 -  3) =    -23.54827  eV     1   --> A'             
     e(  4 -  4) =    -23.21373  eV     1   --> A''            
     e(  5 -  5) =    -20.57073  eV     1   --> A'             
     e(  6 -  6) =    -12.13002  eV     1   --> A'             
     e(  7 -  7) =     -3.19583  eV     1   --> A'             
     e(  8 -  8) =     -2.62084  eV     1   --> A'             
     e(  9 -  9) =     -2.51867  eV     1   --> A''            
     e( 10 - 10) =     -2.40272  eV     1   --> A'             
     e( 11 - 11) =     -0.63518  eV     1   --> A'             
     e( 12 - 12) =      0.53458  eV     1   --> A''            
     e( 13 - 13) =      3.42507  eV     1   --> A'             
     e( 14 - 14) =      6.38504  eV     1   --> A'             
     e( 15 - 15) =      6.85933  eV     1   --> A'             
     e( 16 - 16) =      7.45456  eV     1   --> A''            
     e( 17 - 17) =      8.16594  eV     1   --> A''            
     e( 18 - 18) =      9.48819  eV     1   --> A'             
     e( 19 - 19) =      9.99128  eV     1   --> A'             
     e( 20 - 20) =     11.09224  eV     1   --> A'             
     e( 21 - 21) =     11.83523  eV     1   --> A'             
     e( 22 - 22) =     12.44972  eV     1   --> A'             
     e( 23 - 23) =     13.21454  eV     1   --> A'             
     e( 24 - 24) =     14.40056  eV     1   --> A'             
     e( 25 - 25) =     14.87562  eV     1   --> A'             
     e( 26 - 26) =     15.35238  eV     1   --> A''            
     e( 27 - 27) =     17.07924  eV     1   --> A'             
     e( 28 - 28) =     18.62156  eV     1   --> A'             
     e( 29 - 29) =     19.11447  eV     1   --> A'             
     e( 30 - 30) =     19.34166  eV     1   --> A''            
     e( 31 - 31) =     19.71565  eV     1   --> A'             
     e( 32 - 32) =     20.14205  eV     1   --> A''            
     e( 33 - 33) =     20.95060  eV     1   --> A'             
     e( 34 - 34) =     21.58941  eV     1   --> A''            
     e( 35 - 35) =     21.94067  eV     1   --> A'             
     e( 36 - 36) =     22.78455  eV     1   --> A'             

 **************************************************************************

 **************************************************************************

                    xk=(   0.46250,   0.26702,   0.00000  )

     Band symmetry, C_s (m)     point group:

     e(  1 -  1) =    -45.32160  eV     1   --> A'             
     e(  2 -  2) =    -23.86606  eV     1   --> A'             
     e(  3 -  3) =    -23.54772  eV     1   --> A'             
     e(  4 -  4) =    -23.21413  eV     1   --> A''            
     e(  5 -  5) =    -20.57074  eV     1   --> A'             
     e(  6 -  6) =    -12.12668  eV     1   --> A'             
     e(  7 -  7) =     -3.19851  eV     1   --> A'             
     e(  8 -  8) =     -2.62456  eV     1   --> A'             
     e(  9 -  9) =     -2.51903  eV     1   --> A''            
     e( 10 - 10) =     -2.40706  eV     1   --> A'             
     e( 11 - 11) =     -0.63383  eV     1   --> A'             
     e( 12 - 12) =      0.53225  eV     1   --> A''            
     e( 13 - 13) =      3.42414  eV     1   --> A'             
     e( 14 - 14) =      6.39532  eV     1   --> A'             
     e( 15 - 15) =      6.85601  eV     1   --> A'             
     e( 16 - 16) =      7.45760  eV     1   --> A''            
     e( 17 - 17) =      8.17675  eV     1   --> A''            
     e( 18 - 18) =      9.51928  eV     1   --> A'             
     e( 19 - 19) =      9.99589  eV     1   --> A'             
     e( 20 - 20) =     11.10423  eV     1   --> A'             
     e( 21 - 21) =     11.80612  eV     1   --> A'             
     e( 22 - 22) =     12.44188  eV     1   --> A'             
     e( 23 - 23) =     13.23007  eV     1   --> A'             
     e( 24 - 24) =     14.35948  eV     1   --> A'             
     e( 25 - 25) =     14.86046  eV     1   --> A'             
     e( 26 - 26) =     15.33768  eV     1   --> A''            
     e( 27 - 27) =     17.06144  eV     1   --> A'             
     e( 28 - 28) =     18.64935  eV     1   --> A'             
     e( 29 - 29) =     19.14219  eV     1   --> A'             
     e( 30 - 30) =     19.34245  eV     1   --> A''            
     e( 31 - 31) =     19.72004  eV     1   --> A'             
     e( 32 - 32) =     20.13737  eV     1   --> A''            
     e( 33 - 33) =     20.94264  eV     1   --> A'             
     e( 34 - 34) =     21.64489  eV     1   --> A''            
     e( 35 - 35) =     21.92727  eV     1   --> A'             
     e( 36 - 36) =     22.78756  eV     1   --> A'             

 **************************************************************************

 **************************************************************************

                    xk=(   0.46667,   0.26943,   0.00000  )

     Band symmetry, C_s (m)     point group:

     e(  1 -  1) =    -45.32142  eV     1   --> A'             
     e(  2 -  2) =    -23.86761  eV     1   --> A'             
     e(  3 -  3) =    -23.54722  eV     1   --> A'             
     e(  4 -  4) =    -23.21449  eV     1   --> A''            
     e(  5 -  5) =    -20.57074  eV     1   --> A'             
     e(  6 -  6) =    -12.12368  eV     1   --> A'             
     e(  7 -  7) =     -3.20092  eV     1   --> A'             
     e(  8 -  8) =     -2.62803  eV     1   --> A'             
     e(  9 -  9) =     -2.51936  eV     1   --> A''            
     e( 10 - 10) =     -2.41078  eV     1   --> A'             
     e( 11 - 11) =     -0.63262  eV     1   --> A'             
     e( 12 - 12) =      0.53016  eV     1   --> A''            
     e( 13 - 13) =      3.42332  eV     1   --> A'             
     e( 14 - 14) =      6.40486  eV     1   --> A'             
     e( 15 - 15) =      6.85267  eV     1   --> A'             
     e( 16 - 16) =      7.46031  eV     1   --> A''            
     e( 17 - 17) =      8.18653  eV     1   --> A''            
     e( 18 - 18) =      9.54801  eV     1   --> A'             
     e( 19 - 19) =     10.00011  eV     1   --> A'             
     e( 20 - 20) =     11.11651  eV     1   --> A'             
     e( 21 - 21) =     11.77633  eV     1   --> A'             
     e( 22 - 22) =     12.43551  eV     1   --> A'             
     e( 23 - 23) =     13.24644  eV     1   --> A'             
     e( 24 - 24) =     14.32068  eV     1   --> A'             
     e( 25 - 25) =     14.84706  eV     1   --> A'             
     e( 26 - 26) =     15.32443  eV     1   --> A''            
     e( 27 - 27) =     17.04527  eV     1   --> A'             
     e( 28 - 28) =     18.67485  eV     1   --> A'             
     e( 29 - 29) =     19.16643  eV     1   --> A'             
     e( 30 - 30) =     19.34279  eV     1   --> A''            
     e( 31 - 31) =     19.72491  eV     1   --> A'             
     e( 32 - 32) =     20.13318  eV     1   --> A''            
     e( 33 - 33) =     20.93587  eV     1   --> A'             
     e( 34 - 34) =     21.69774  eV     1   --> A''            
     e( 35 - 35) =     21.91444  eV     1   --> A'             
     e( 36 - 36) =     22.79152  eV     1   --> A'             

 **************************************************************************

 **************************************************************************

                    xk=(   0.47083,   0.27184,   0.00000  )

     Band symmetry, C_s (m)     point group:

     e(  1 -  1) =    -45.32126  eV     1   --> A'             
     e(  2 -  2) =    -23.86898  eV     1   --> A'             
     e(  3 -  3) =    -23.54678  eV     1   --> A'             
     e(  4 -  4) =    -23.21480  eV     1   --> A''            
     e(  5 -  5) =    -20.57075  eV     1   --> A'             
     e(  6 -  6) =    -12.12102  eV     1   --> A'             
     e(  7 -  7) =     -3.20308  eV     1   --> A'             
     e(  8 -  8) =     -2.63122  eV     1   --> A'             
     e(  9 -  9) =     -2.51965  eV     1   --> A''            
     e( 10 - 10) =     -2.41394  eV     1   --> A'             
     e( 11 - 11) =     -0.63155  eV     1   --> A'             
     e( 12 - 12) =      0.52831  eV     1   --> A''            
     e( 13 - 13) =      3.42261  eV     1   --> A'             
     e( 14 - 14) =      6.41356  eV     1   --> A'             
     e( 15 - 15) =      6.84940  eV     1   --> A'             
     e( 16 - 16) =      7.46267  eV     1   --> A''            
     e( 17 - 17) =      8.19524  eV     1   --> A''            
     e( 18 - 18) =      9.57412  eV     1   --> A'             
     e( 19 - 19) =     10.00391  eV     1   --> A'             
     e( 20 - 20) =     11.12893  eV     1   --> A'             
     e( 21 - 21) =     11.74667  eV     1   --> A'             
     e( 22 - 22) =     12.43045  eV     1   --> A'             
     e( 23 - 23) =     13.26304  eV     1   --> A'             
     e( 24 - 24) =     14.28461  eV     1   --> A'             
     e( 25 - 25) =     14.83537  eV     1   --> A'             
     e( 26 - 26) =     15.31265  eV     1   --> A''            
     e( 27 - 27) =     17.03079  eV     1   --> A'             
     e( 28 - 28) =     18.69790  eV     1   --> A'             
     e( 29 - 29) =     19.18718  eV     1   --> A'             
     e( 30 - 30) =     19.34281  eV     1   --> A''            
     e( 31 - 31) =     19.73006  eV     1   --> A'             
     e( 32 - 32) =     20.12948  eV     1   --> A''            
     e( 33 - 33) =     20.93024  eV     1   --> A'             
     e( 34 - 34) =     21.74719  eV     1   --> A''            
     e( 35 - 35) =     21.90240  eV     1   --> A'             
     e( 36 - 36) =     22.79616  eV     1   --> A'             

 **************************************************************************

 **************************************************************************

                    xk=(   0.47500,   0.27424,   0.00000  )

     Band symmetry, C_s (m)     point group:

     e(  1 -  1) =    -45.32113  eV     1   --> A'             
     e(  2 -  2) =    -23.87017  eV     1   --> A'             
     e(  3 -  3) =    -23.54639  eV     1   --> A'             
     e(  4 -  4) =    -23.21508  eV     1   --> A''            
     e(  5 -  5) =    -20.57076  eV     1   --> A'             
     e(  6 -  6) =    -12.11871  eV     1   --> A'             
     e(  7 -  7) =     -3.20497  eV     1   --> A'             
     e(  8 -  8) =     -2.63407  eV     1   --> A'             
     e(  9 -  9) =     -2.51990  eV     1   --> A''            
     e( 10 - 10) =     -2.41657  eV     1   --> A'             
     e( 11 - 11) =     -0.63062  eV     1   --> A'             
     e( 12 - 12) =      0.52672  eV     1   --> A''            
     e( 13 - 13) =      3.42200  eV     1   --> A'             
     e( 14 - 14) =      6.42134  eV     1   --> A'             
     e( 15 - 15) =      6.84629  eV     1   --> A'             
     e( 16 - 16) =      7.46471  eV     1   --> A''            
     e( 17 - 17) =      8.20285  eV     1   --> A''            
     e( 18 - 18) =      9.59736  eV     1   --> A'             
     e( 19 - 19) =     10.00725  eV     1   --> A'             
     e( 20 - 20) =     11.14128  eV     1   --> A'             
     e( 21 - 21) =     11.71801  eV     1   --> A'             
     e( 22 - 22) =     12.42650  eV     1   --> A'             
     e( 23 - 23) =     13.27926  eV     1   --> A'             
     e( 24 - 24) =     14.25174  eV     1   --> A'             
     e( 25 - 25) =     14.82533  eV     1   --> A'             
     e( 26 - 26) =     15.30238  eV     1   --> A''            
     e( 27 - 27) =     17.01810  eV     1   --> A'             
     e( 28 - 28) =     18.71835  eV     1   --> A'             
     e( 29 - 29) =     19.20452  eV     1   --> A'             
     e( 30 - 30) =     19.34262  eV     1   --> A''            
     e( 31 - 31) =     19.73530  eV     1   --> A'             
     e( 32 - 32) =     20.12628  eV     1   --> A''            
     e( 33 - 33) =     20.92568  eV     1   --> A'             
     e( 34 - 34) =     21.79243  eV     1   --> A''            
     e( 35 - 35) =     21.89138  eV     1   --> A'             
     e( 36 - 36) =     22.80114  eV     1   --> A'             

 **************************************************************************

 **************************************************************************

                    xk=(   0.47917,   0.27665,   0.00000  )

     Band symmetry, C_s (m)     point group:

     e(  1 -  1) =    -45.32102  eV     1   --> A'             
     e(  2 -  2) =    -23.87118  eV     1   --> A'             
     e(  3 -  3) =    -23.54606  eV     1   --> A'             
     e(  4 -  4) =    -23.21531  eV     1   --> A''            
     e(  5 -  5) =    -20.57077  eV     1   --> A'             
     e(  6 -  6) =    -12.11676  eV     1   --> A'             
     e(  7 -  7) =     -3.20660  eV     1   --> A'             
     e(  8 -  8) =     -2.63656  eV     1   --> A'             
     e(  9 -  9) =     -2.52012  eV     1   --> A''            
     e( 10 - 10) =     -2.41874  eV     1   --> A'             
     e( 11 - 11) =     -0.62983  eV     1   --> A'             
     e( 12 - 12) =      0.52536  eV     1   --> A''            
     e( 13 - 13) =      3.42148  eV     1   --> A'             
     e( 14 - 14) =      6.42810  eV     1   --> A'             
     e( 15 - 15) =      6.84345  eV     1   --> A'             
     e( 16 - 16) =      7.46642  eV     1   --> A''            
     e( 17 - 17) =      8.20932  eV     1   --> A''            
     e( 18 - 18) =      9.61751  eV     1   --> A'             
     e( 19 - 19) =     10.01011  eV     1   --> A'             
     e( 20 - 20) =     11.15322  eV     1   --> A'             
     e( 21 - 21) =     11.69124  eV     1   --> A'             
     e( 22 - 22) =     12.42346  eV     1   --> A'             
     e( 23 - 23) =     13.29450  eV     1   --> A'             
     e( 24 - 24) =     14.22256  eV     1   --> A'             
     e( 25 - 25) =     14.81690  eV     1   --> A'             
     e( 26 - 26) =     15.29364  eV     1   --> A''            
     e( 27 - 27) =     17.00726  eV     1   --> A'             
     e( 28 - 28) =     18.73603  eV     1   --> A'             
     e( 29 - 29) =     19.21861  eV     1   --> A'             
     e( 30 - 30) =     19.34232  eV     1   --> A''            
     e( 31 - 31) =     19.74034  eV     1   --> A'             
     e( 32 - 32) =     20.12357  eV     1   --> A''            
     e( 33 - 33) =     20.92209  eV     1   --> A'             
     e( 34 - 34) =     21.83263  eV     1   --> A''            
     e( 35 - 35) =     21.88159  eV     1   --> A'             
     e( 36 - 36) =     22.80615  eV     1   --> A'             

 **************************************************************************

 **************************************************************************

                    xk=(   0.48333,   0.27905,   0.00000  )

     Band symmetry, C_s (m)     point group:

     e(  1 -  1) =    -45.32092  eV     1   --> A'             
     e(  2 -  2) =    -23.87202  eV     1   --> A'             
     e(  3 -  3) =    -23.54579  eV     1   --> A'             
     e(  4 -  4) =    -23.21550  eV     1   --> A''            
     e(  5 -  5) =    -20.57078  eV     1   --> A'             
     e(  6 -  6) =    -12.11516  eV     1   --> A'             
     e(  7 -  7) =     -3.20793  eV     1   --> A'             
     e(  8 -  8) =     -2.63864  eV     1   --> A'             
     e(  9 -  9) =     -2.52030  eV     1   --> A''            
     e( 10 - 10) =     -2.42046  eV     1   --> A'             
     e( 11 - 11) =     -0.62918  eV     1   --> A'             
     e( 12 - 12) =      0.52425  eV     1   --> A''            
     e( 13 - 13) =      3.42106  eV     1   --> A'             
     e( 14 - 14) =      6.43377  eV     1   --> A'             
     e( 15 - 15) =      6.84097  eV     1   --> A'             
     e( 16 - 16) =      7.46782  eV     1   --> A''            
     e( 17 - 17) =      8.21465  eV     1   --> A''            
     e( 18 - 18) =      9.63433  eV     1   --> A'             
     e( 19 - 19) =     10.01247  eV     1   --> A'             
     e( 20 - 20) =     11.16431  eV     1   --> A'             
     e( 21 - 21) =     11.66731  eV     1   --> A'             
     e( 22 - 22) =     12.42120  eV     1   --> A'             
     e( 23 - 23) =     13.30812  eV     1   --> A'             
     e( 24 - 24) =     14.19764  eV     1   --> A'             
     e( 25 - 25) =     14.81004  eV     1   --> A'             
     e( 26 - 26) =     15.28646  eV     1   --> A''            
     e( 27 - 27) =     16.99831  eV     1   --> A'             
     e( 28 - 28) =     18.75079  eV     1   --> A'             
     e( 29 - 29) =     19.22967  eV     1   --> A'             
     e( 30 - 30) =     19.34197  eV     1   --> A''            
     e( 31 - 31) =     19.74493  eV     1   --> A'             
     e( 32 - 32) =     20.12135  eV     1   --> A''            
     e( 33 - 33) =     20.91936  eV     1   --> A'             
     e( 34 - 34) =     21.86695  eV     1   --> A''            
     e( 35 - 35) =     21.87324  eV     1   --> A'             
     e( 36 - 36) =     22.81085  eV     1   --> A'             

 **************************************************************************

 **************************************************************************

                    xk=(   0.48750,   0.28146,   0.00000  )

     Band symmetry, C_s (m)     point group:

     e(  1 -  1) =    -45.32085  eV     1   --> A'             
     e(  2 -  2) =    -23.87266  eV     1   --> A'             
     e(  3 -  3) =    -23.54558  eV     1   --> A'             
     e(  4 -  4) =    -23.21565  eV     1   --> A''            
     e(  5 -  5) =    -20.57078  eV     1   --> A'             
     e(  6 -  6) =    -12.11391  eV     1   --> A'             
     e(  7 -  7) =     -3.20898  eV     1   --> A'             
     e(  8 -  8) =     -2.64028  eV     1   --> A'             
     e(  9 -  9) =     -2.52044  eV     1   --> A''            
     e( 10 - 10) =     -2.42177  eV     1   --> A'             
     e( 11 - 11) =     -0.62868  eV     1   --> A'             
     e( 12 - 12) =      0.52339  eV     1   --> A''            
     e( 13 - 13) =      3.42074  eV     1   --> A'             
     e( 14 - 14) =      6.43827  eV     1   --> A'             
     e( 15 - 15) =      6.83895  eV     1   --> A'             
     e( 16 - 16) =      7.46890  eV     1   --> A''            
     e( 17 - 17) =      8.21882  eV     1   --> A''            
     e( 18 - 18) =      9.64764  eV     1   --> A'             
     e( 19 - 19) =     10.01431  eV     1   --> A'             
     e( 20 - 20) =     11.17398  eV     1   --> A'             
     e( 21 - 21) =     11.64723  eV     1   --> A'             
     e( 22 - 22) =     12.41957  eV     1   --> A'             
     e( 23 - 23) =     13.31952  eV     1   --> A'             
     e( 24 - 24) =     14.17751  eV     1   --> A'             
     e( 25 - 25) =     14.80474  eV     1   --> A'             
     e( 26 - 26) =     15.28085  eV     1   --> A''            
     e( 27 - 27) =     16.99131  eV     1   --> A'             
     e( 28 - 28) =     18.76245  eV     1   --> A'             
     e( 29 - 29) =     19.23795  eV     1   --> A'             
     e( 30 - 30) =     19.34164  eV     1   --> A''            
     e( 31 - 31) =     19.74882  eV     1   --> A'             
     e( 32 - 32) =     20.11963  eV     1   --> A''            
     e( 33 - 33) =     20.91739  eV     1   --> A'             
     e( 34 - 34) =     21.86653  eV     1   --> A'             
     e( 35 - 35) =     21.89461  eV     1   --> A''            
     e( 36 - 36) =     22.81492  eV     1   --> A'             

 **************************************************************************

 **************************************************************************

                    xk=(   0.49167,   0.28386,   0.00000  )

     Band symmetry, C_s (m)     point group:

     e(  1 -  1) =    -45.32080  eV     1   --> A'             
     e(  2 -  2) =    -23.87313  eV     1   --> A'             
     e(  3 -  3) =    -23.54543  eV     1   --> A'             
     e(  4 -  4) =    -23.21576  eV     1   --> A''            
     e(  5 -  5) =    -20.57079  eV     1   --> A'             
     e(  6 -  6) =    -12.11302  eV     1   --> A'             
     e(  7 -  7) =     -3.20972  eV     1   --> A'             
     e(  8 -  8) =     -2.64147  eV     1   --> A'             
     e(  9 -  9) =     -2.52054  eV     1   --> A''            
     e( 10 - 10) =     -2.42269  eV     1   --> A'             
     e( 11 - 11) =     -0.62832  eV     1   --> A'             
     e( 12 - 12) =      0.52277  eV     1   --> A''            
     e( 13 - 13) =      3.42051  eV     1   --> A'             
     e( 14 - 14) =      6.44153  eV     1   --> A'             
     e( 15 - 15) =      6.83744  eV     1   --> A'             
     e( 16 - 16) =      7.46967  eV     1   --> A''            
     e( 17 - 17) =      8.22181  eV     1   --> A''            
     e( 18 - 18) =      9.65727  eV     1   --> A'             
     e( 19 - 19) =     10.01563  eV     1   --> A'             
     e( 20 - 20) =     11.18157  eV     1   --> A'             
     e( 21 - 21) =     11.63195  eV     1   --> A'             
     e( 22 - 22) =     12.41848  eV     1   --> A'             
     e( 23 - 23) =     13.32813  eV     1   --> A'             
     e( 24 - 24) =     14.16268  eV     1   --> A'             
     e( 25 - 25) =     14.80096  eV     1   --> A'             
     e( 26 - 26) =     15.27684  eV     1   --> A''            
     e( 27 - 27) =     16.98629  eV     1   --> A'             
     e( 28 - 28) =     18.77089  eV     1   --> A'             
     e( 29 - 29) =     19.24367  eV     1   --> A'             
     e( 30 - 30) =     19.34138  eV     1   --> A''            
     e( 31 - 31) =     19.75177  eV     1   --> A'             
     e( 32 - 32) =     20.11840  eV     1   --> A''            
     e( 33 - 33) =     20.91607  eV     1   --> A'             
     e( 34 - 34) =     21.86161  eV     1   --> A'             
     e( 35 - 35) =     21.91493  eV     1   --> A''            
     e( 36 - 36) =     22.81806  eV     1   --> A'             

 **************************************************************************

 **************************************************************************

                    xk=(   0.49583,   0.28627,   0.00000  )

     Band symmetry, C_s (m)     point group:

     e(  1 -  1) =    -45.32077  eV     1   --> A'             
     e(  2 -  2) =    -23.87341  eV     1   --> A'             
     e(  3 -  3) =    -23.54534  eV     1   --> A'             
     e(  4 -  4) =    -23.21582  eV     1   --> A''            
     e(  5 -  5) =    -20.57079  eV     1   --> A'             
     e(  6 -  6) =    -12.11248  eV     1   --> A'             
     e(  7 -  7) =     -3.21017  eV     1   --> A'             
     e(  8 -  8) =     -2.64219  eV     1   --> A'             
     e(  9 -  9) =     -2.52060  eV     1   --> A''            
     e( 10 - 10) =     -2.42324  eV     1   --> A'             
     e( 11 - 11) =     -0.62811  eV     1   --> A'             
     e( 12 - 12) =      0.52240  eV     1   --> A''            
     e( 13 - 13) =      3.42037  eV     1   --> A'             
     e( 14 - 14) =      6.44351  eV     1   --> A'             
     e( 15 - 15) =      6.83652  eV     1   --> A'             
     e( 16 - 16) =      7.47013  eV     1   --> A''            
     e( 17 - 17) =      8.22360  eV     1   --> A''            
     e( 18 - 18) =      9.66310  eV     1   --> A'             
     e( 19 - 19) =     10.01643  eV     1   --> A'             
     e( 20 - 20) =     11.18645  eV     1   --> A'             
     e( 21 - 21) =     11.62237  eV     1   --> A'             
     e( 22 - 22) =     12.41786  eV     1   --> A'             
     e( 23 - 23) =     13.33351  eV     1   --> A'             
     e( 24 - 24) =     14.15359  eV     1   --> A'             
     e( 25 - 25) =     14.79870  eV     1   --> A'             
     e( 26 - 26) =     15.27443  eV     1   --> A''            
     e( 27 - 27) =     16.98326  eV     1   --> A'             
     e( 28 - 28) =     18.77600  eV     1   --> A'             
     e( 29 - 29) =     19.24702  eV     1   --> A'             
     e( 30 - 30) =     19.34120  eV     1   --> A''            
     e( 31 - 31) =     19.75361  eV     1   --> A'             
     e( 32 - 32) =     20.11766  eV     1   --> A''            
     e( 33 - 33) =     20.91531  eV     1   --> A'             
     e( 34 - 34) =     21.85861  eV     1   --> A'             
     e( 35 - 35) =     21.92736  eV     1   --> A''            
     e( 36 - 36) =     22.82005  eV     1   --> A'             

 **************************************************************************

 **************************************************************************

                    xk=(   0.50000,   0.28868,   0.00000  )

     Band symmetry, C_s (m)     point group:

     e(  1 -  1) =    -45.32076  eV     1   --> A'             
     e(  2 -  2) =    -23.87349  eV     1   --> A'             
     e(  3 -  3) =    -23.54531  eV     1   --> A'             
     e(  4 -  4) =    -23.21584  eV     1   --> A''            
     e(  5 -  5) =    -20.57079  eV     1   --> A'             
     e(  6 -  6) =    -12.11230  eV     1   --> A'             
     e(  7 -  7) =     -3.21031  eV     1   --> A'             
     e(  8 -  8) =     -2.64243  eV     1   --> A'             
     e(  9 -  9) =     -2.52061  eV     1   --> A''            
     e( 10 - 10) =     -2.42343  eV     1   --> A'             
     e( 11 - 11) =     -0.62803  eV     1   --> A'             
     e( 12 - 12) =      0.52228  eV     1   --> A''            
     e( 13 - 13) =      3.42033  eV     1   --> A'             
     e( 14 - 14) =      6.44418  eV     1   --> A'             
     e( 15 - 15) =      6.83621  eV     1   --> A'             
     e( 16 - 16) =      7.47028  eV     1   --> A''            
     e( 17 - 17) =      8.22421  eV     1   --> A''            
     e( 18 - 18) =      9.66506  eV     1   --> A'             
     e( 19 - 19) =     10.01669  eV     1   --> A'             
     e( 20 - 20) =     11.18814  eV     1   --> A'             
     e( 21 - 21) =     11.61911  eV     1   --> A'             
     e( 22 - 22) =     12.41765  eV     1   --> A'             
     e( 23 - 23) =     13.33533  eV     1   --> A'             
     e( 24 - 24) =     14.15053  eV     1   --> A'             
     e( 25 - 25) =     14.79795  eV     1   --> A'             
     e( 26 - 26) =     15.27362  eV     1   --> A''            
     e( 27 - 27) =     16.98225  eV     1   --> A'             
     e( 28 - 28) =     18.77771  eV     1   --> A'             
     e( 29 - 29) =     19.24812  eV     1   --> A'             
     e( 30 - 30) =     19.34115  eV     1   --> A''            
     e( 31 - 31) =     19.75423  eV     1   --> A'             
     e( 32 - 32) =     20.11742  eV     1   --> A''            
     e( 33 - 33) =     20.91507  eV     1   --> A'             
     e( 34 - 34) =     21.85760  eV     1   --> A'             
     e( 35 - 35) =     21.93154  eV     1   --> A''            
     e( 36 - 36) =     22.82073  eV     1   --> A'             

 **************************************************************************

 **************************************************************************

                    xk=(   0.50139,   0.28627,   0.00000  )

     point group C_1 (1)    
     there are  1 classes
     the character table:

       E    
A      1.00

     the symmetry operations in each class and the name of the first element:

     E        1
                                                                 

     Band symmetry, C_1 (1)     point group:

     e(  1 -  1) =    -45.32075  eV     1   --> A              
     e(  2 -  2) =    -23.87348  eV     1   --> A              
     e(  3 -  3) =    -23.54531  eV     1   --> A              
     e(  4 -  4) =    -23.21587  eV     1   --> A              
     e(  5 -  5) =    -20.57078  eV     1   --> A              
     e(  6 -  6) =    -12.11228  eV     1   --> A              
     e(  7 -  7) =     -3.21026  eV     1   --> A              
     e(  8 -  8) =     -2.64253  eV     1   --> A              
     e(  9 -  9) =     -2.52064  eV     1   --> A              
     e( 10 - 10) =     -2.42327  eV     1   --> A              
     e( 11 - 11) =     -0.62804  eV     1   --> A              
     e( 12 - 12) =      0.52195  eV     1   --> A              
     e( 13 - 13) =      3.42051  eV     1   --> A              
     e( 14 - 14) =      6.44425  eV     1   --> A              
     e( 15 - 15) =      6.83621  eV     1   --> A              
     e( 16 - 16) =      7.47015  eV     1   --> A              
     e( 17 - 17) =      8.22388  eV     1   --> A              
     e( 18 - 18) =      9.66555  eV     1   --> A              
     e( 19 - 19) =     10.01701  eV     1   --> A              
     e( 20 - 20) =     11.18833  eV     1   --> A              
     e( 21 - 21) =     11.61915  eV     1   --> A              
     e( 22 - 22) =     12.41770  eV     1   --> A              
     e( 23 - 23) =     13.33533  eV     1   --> A              
     e( 24 - 24) =     14.15042  eV     1   --> A              
     e( 25 - 25) =     14.79800  eV     1   --> A              
     e( 26 - 26) =     15.27345  eV     1   --> A              
     e( 27 - 27) =     16.98221  eV     1   --> A              
     e( 28 - 28) =     18.77781  eV     1   --> A              
     e( 29 - 29) =     19.24719  eV     1   --> A              
     e( 30 - 30) =     19.33777  eV     1   --> A              
     e( 31 - 31) =     19.75712  eV     1   --> A              
     e( 32 - 32) =     20.11687  eV     1   --> A              
     e( 33 - 33) =     20.91543  eV     1   --> A              
     e( 34 - 34) =     21.84866  eV     1   --> A              
     e( 35 - 35) =     21.94198  eV     1   --> A              
     e( 36 - 36) =     22.81867  eV     1   --> A              

 **************************************************************************

 **************************************************************************

                    xk=(   0.50278,   0.28386,   0.00000  )

     Band symmetry, C_1 (1)     point group:

     e(  1 -  1) =    -45.32075  eV     1   --> A              
     e(  2 -  2) =    -23.87343  eV     1   --> A              
     e(  3 -  3) =    -23.54529  eV     1   --> A              
     e(  4 -  4) =    -23.21598  eV     1   --> A              
     e(  5 -  5) =    -20.57077  eV     1   --> A              
     e(  6 -  6) =    -12.11222  eV     1   --> A              
     e(  7 -  7) =     -3.21009  eV     1   --> A              
     e(  8 -  8) =     -2.64285  eV     1   --> A              
     e(  9 -  9) =     -2.52072  eV     1   --> A              
     e( 10 - 10) =     -2.42278  eV     1   --> A              
     e( 11 - 11) =     -0.62805  eV     1   --> A              
     e( 12 - 12) =      0.52096  eV     1   --> A              
     e( 13 - 13) =      3.42104  eV     1   --> A              
     e( 14 - 14) =      6.44445  eV     1   --> A              
     e( 15 - 15) =      6.83621  eV     1   --> A              
     e( 16 - 16) =      7.46974  eV     1   --> A              
     e( 17 - 17) =      8.22287  eV     1   --> A              
     e( 18 - 18) =      9.66704  eV     1   --> A              
     e( 19 - 19) =     10.01797  eV     1   --> A              
     e( 20 - 20) =     11.18890  eV     1   --> A              
     e( 21 - 21) =     11.61929  eV     1   --> A              
     e( 22 - 22) =     12.41785  eV     1   --> A              
     e( 23 - 23) =     13.33530  eV     1   --> A              
     e( 24 - 24) =     14.15007  eV     1   --> A              
     e( 25 - 25) =     14.79814  eV     1   --> A              
     e( 26 - 26) =     15.27294  eV     1   --> A              
     e( 27 - 27) =     16.98208  eV     1   --> A              
     e( 28 - 28) =     18.77810  eV     1   --> A              
     e( 29 - 29) =     19.24435  eV     1   --> A              
     e( 30 - 30) =     19.32802  eV     1   --> A              
     e( 31 - 31) =     19.76542  eV     1   --> A              
     e( 32 - 32) =     20.11527  eV     1   --> A              
     e( 33 - 33) =     20.91650  eV     1   --> A              
     e( 34 - 34) =     21.82979  eV     1   --> A              
     e( 35 - 35) =     21.96533  eV     1   --> A              
     e( 36 - 36) =     22.81251  eV     1   --> A              

 **************************************************************************

 **************************************************************************

                    xk=(   0.50417,   0.28146,   0.00000  )

     Band symmetry, C_1 (1)     point group:

     e(  1 -  1) =    -45.32075  eV     1   --> A              
     e(  2 -  2) =    -23.87336  eV     1   --> A              
     e(  3 -  3) =    -23.54527  eV     1   --> A              
     e(  4 -  4) =    -23.21616  eV     1   --> A              
     e(  5 -  5) =    -20.57074  eV     1   --> A              
     e(  6 -  6) =    -12.11213  eV     1   --> A              
     e(  7 -  7) =     -3.20981  eV     1   --> A              
     e(  8 -  8) =     -2.64336  eV     1   --> A              
     e(  9 -  9) =     -2.52086  eV     1   --> A              
     e( 10 - 10) =     -2.42200  eV     1   --> A              
     e( 11 - 11) =     -0.62806  eV     1   --> A              
     e( 12 - 12) =      0.51932  eV     1   --> A              
     e( 13 - 13) =      3.42194  eV     1   --> A              
     e( 14 - 14) =      6.44479  eV     1   --> A              
     e( 15 - 15) =      6.83622  eV     1   --> A              
     e( 16 - 16) =      7.46906  eV     1   --> A              
     e( 17 - 17) =      8.22122  eV     1   --> A              
     e( 18 - 18) =      9.66950  eV     1   --> A              
     e( 19 - 19) =     10.01957  eV     1   --> A              
     e( 20 - 20) =     11.18986  eV     1   --> A              
     e( 21 - 21) =     11.61951  eV     1   --> A              
     e( 22 - 22) =     12.41810  eV     1   --> A              
     e( 23 - 23) =     13.33526  eV     1   --> A              
     e( 24 - 24) =     14.14950  eV     1   --> A              
     e( 25 - 25) =     14.79837  eV     1   --> A              
     e( 26 - 26) =     15.27208  eV     1   --> A              
     e( 27 - 27) =     16.98186  eV     1   --> A              
     e( 28 - 28) =     18.77857  eV     1   --> A              
     e( 29 - 29) =     19.23933  eV     1   --> A              
     e( 30 - 30) =     19.31301  eV     1   --> A              
     e( 31 - 31) =     19.77820  eV     1   --> A              
     e( 32 - 32) =     20.11274  eV     1   --> A              
     e( 33 - 33) =     20.91825  eV     1   --> A              
     e( 34 - 34) =     21.80871  eV     1   --> A              
     e( 35 - 35) =     21.99387  eV     1   --> A              
     e( 36 - 36) =     22.80236  eV     1   --> A              

 **************************************************************************

 **************************************************************************

                    xk=(   0.50556,   0.27905,   0.00000  )

     Band symmetry, C_1 (1)     point group:

     e(  1 -  1) =    -45.32074  eV     1   --> A              
     e(  2 -  2) =    -23.87326  eV     1   --> A              
     e(  3 -  3) =    -23.54524  eV     1   --> A              
     e(  4 -  4) =    -23.21640  eV     1   --> A              
     e(  5 -  5) =    -20.57070  eV     1   --> A              
     e(  6 -  6) =    -12.11200  eV     1   --> A              
     e(  7 -  7) =     -3.20943  eV     1   --> A              
     e(  8 -  8) =     -2.64409  eV     1   --> A              
     e(  9 -  9) =     -2.52105  eV     1   --> A              
     e( 10 - 10) =     -2.42091  eV     1   --> A              
     e( 11 - 11) =     -0.62809  eV     1   --> A              
     e( 12 - 12) =      0.51702  eV     1   --> A              
     e( 13 - 13) =      3.42320  eV     1   --> A              
     e( 14 - 14) =      6.44525  eV     1   --> A              
     e( 15 - 15) =      6.83622  eV     1   --> A              
     e( 16 - 16) =      7.46811  eV     1   --> A              
     e( 17 - 17) =      8.21891  eV     1   --> A              
     e( 18 - 18) =      9.67293  eV     1   --> A              
     e( 19 - 19) =     10.02182  eV     1   --> A              
     e( 20 - 20) =     11.19119  eV     1   --> A              
     e( 21 - 21) =     11.61982  eV     1   --> A              
     e( 22 - 22) =     12.41844  eV     1   --> A              
     e( 23 - 23) =     13.33521  eV     1   --> A              
     e( 24 - 24) =     14.14871  eV     1   --> A              
     e( 25 - 25) =     14.79869  eV     1   --> A              
     e( 26 - 26) =     15.27090  eV     1   --> A              
     e( 27 - 27) =     16.98153  eV     1   --> A              
     e( 28 - 28) =     18.77920  eV     1   --> A              
     e( 29 - 29) =     19.23158  eV     1   --> A              
     e( 30 - 30) =     19.29440  eV     1   --> A              
     e( 31 - 31) =     19.79423  eV     1   --> A              
     e( 32 - 32) =     20.10945  eV     1   --> A              
     e( 33 - 33) =     20.92063  eV     1   --> A              
     e( 34 - 34) =     21.78801  eV     1   --> A              
     e( 35 - 35) =     22.02499  eV     1   --> A              
     e( 36 - 36) =     22.78839  eV     1   --> A              

 **************************************************************************

 **************************************************************************

                    xk=(   0.50694,   0.27665,   0.00000  )

     Band symmetry, C_1 (1)     point group:

     e(  1 -  1) =    -45.32073  eV     1   --> A              
     e(  2 -  2) =    -23.87312  eV     1   --> A              
     e(  3 -  3) =    -23.54520  eV     1   --> A              
     e(  4 -  4) =    -23.21671  eV     1   --> A              
     e(  5 -  5) =    -20.57065  eV     1   --> A              
     e(  6 -  6) =    -12.11183  eV     1   --> A              
     e(  7 -  7) =     -3.20893  eV     1   --> A              
     e(  8 -  8) =     -2.64501  eV     1   --> A              
     e(  9 -  9) =     -2.52126  eV     1   --> A              
     e( 10 - 10) =     -2.41952  eV     1   --> A              
     e( 11 - 11) =     -0.62812  eV     1   --> A              
     e( 12 - 12) =      0.51407  eV     1   --> A              
     e( 13 - 13) =      3.42481  eV     1   --> A              
     e( 14 - 14) =      6.44586  eV     1   --> A              
     e( 15 - 15) =      6.83623  eV     1   --> A              
     e( 16 - 16) =      7.46691  eV     1   --> A              
     e( 17 - 17) =      8.21598  eV     1   --> A              
     e( 18 - 18) =      9.67731  eV     1   --> A              
     e( 19 - 19) =     10.02471  eV     1   --> A              
     e( 20 - 20) =     11.19292  eV     1   --> A              
     e( 21 - 21) =     11.62023  eV     1   --> A              
     e( 22 - 22) =     12.41888  eV     1   --> A              
     e( 23 - 23) =     13.33513  eV     1   --> A              
     e( 24 - 24) =     14.14769  eV     1   --> A              
     e( 25 - 25) =     14.79910  eV     1   --> A              
     e( 26 - 26) =     15.26938  eV     1   --> A              
     e( 27 - 27) =     16.98109  eV     1   --> A              
     e( 28 - 28) =     18.77997  eV     1   --> A              
     e( 29 - 29) =     19.21994  eV     1   --> A              
     e( 30 - 30) =     19.27443  eV     1   --> A              
     e( 31 - 31) =     19.81217  eV     1   --> A              
     e( 32 - 32) =     20.10572  eV     1   --> A              
     e( 33 - 33) =     20.92362  eV     1   --> A              
     e( 34 - 34) =     21.76860  eV     1   --> A              
     e( 35 - 35) =     22.05777  eV     1   --> A              
     e( 36 - 36) =     22.77086  eV     1   --> A              

 **************************************************************************

 **************************************************************************

                    xk=(   0.50833,   0.27424,   0.00000  )

     Band symmetry, C_1 (1)     point group:

     e(  1 -  1) =    -45.32071  eV     1   --> A              
     e(  2 -  2) =    -23.87296  eV     1   --> A              
     e(  3 -  3) =    -23.54516  eV     1   --> A              
     e(  4 -  4) =    -23.21709  eV     1   --> A              
     e(  5 -  5) =    -20.57059  eV     1   --> A              
     e(  6 -  6) =    -12.11162  eV     1   --> A              
     e(  7 -  7) =     -3.20832  eV     1   --> A              
     e(  8 -  8) =     -2.64612  eV     1   --> A              
     e(  9 -  9) =     -2.52150  eV     1   --> A              
     e( 10 - 10) =     -2.41785  eV     1   --> A              
     e( 11 - 11) =     -0.62816  eV     1   --> A              
     e( 12 - 12) =      0.51048  eV     1   --> A              
     e( 13 - 13) =      3.42677  eV     1   --> A              
     e( 14 - 14) =      6.44658  eV     1   --> A              
     e( 15 - 15) =      6.83623  eV     1   --> A              
     e( 16 - 16) =      7.46544  eV     1   --> A              
     e( 17 - 17) =      8.21242  eV     1   --> A              
     e( 18 - 18) =      9.68261  eV     1   --> A              
     e( 19 - 19) =     10.02825  eV     1   --> A              
     e( 20 - 20) =     11.19502  eV     1   --> A              
     e( 21 - 21) =     11.62073  eV     1   --> A              
     e( 22 - 22) =     12.41942  eV     1   --> A              
     e( 23 - 23) =     13.33503  eV     1   --> A              
     e( 24 - 24) =     14.14646  eV     1   --> A              
     e( 25 - 25) =     14.79960  eV     1   --> A              
     e( 26 - 26) =     15.26755  eV     1   --> A              
     e( 27 - 27) =     16.98053  eV     1   --> A              
     e( 28 - 28) =     18.78084  eV     1   --> A              
     e( 29 - 29) =     19.20272  eV     1   --> A              
     e( 30 - 30) =     19.25575  eV     1   --> A              
     e( 31 - 31) =     19.83074  eV     1   --> A              
     e( 32 - 32) =     20.10197  eV     1   --> A              
     e( 33 - 33) =     20.92714  eV     1   --> A              
     e( 34 - 34) =     21.75087  eV     1   --> A              
     e( 35 - 35) =     22.09175  eV     1   --> A              
     e( 36 - 36) =     22.75011  eV     1   --> A              

 **************************************************************************

 **************************************************************************

                    xk=(   0.50972,   0.27184,   0.00000  )

     Band symmetry, C_1 (1)     point group:

     e(  1 -  1) =    -45.32070  eV     1   --> A              
     e(  2 -  2) =    -23.87277  eV     1   --> A              
     e(  3 -  3) =    -23.54510  eV     1   --> A              
     e(  4 -  4) =    -23.21754  eV     1   --> A              
     e(  5 -  5) =    -20.57052  eV     1   --> A              
     e(  6 -  6) =    -12.11137  eV     1   --> A              
     e(  7 -  7) =     -3.20762  eV     1   --> A              
     e(  8 -  8) =     -2.64743  eV     1   --> A              
     e(  9 -  9) =     -2.52178  eV     1   --> A              
     e( 10 - 10) =     -2.41592  eV     1   --> A              
     e( 11 - 11) =     -0.62820  eV     1   --> A              
     e( 12 - 12) =      0.50624  eV     1   --> A              
     e( 13 - 13) =      3.42908  eV     1   --> A              
     e( 14 - 14) =      6.44744  eV     1   --> A              
     e( 15 - 15) =      6.83622  eV     1   --> A              
     e( 16 - 16) =      7.46371  eV     1   --> A              
     e( 17 - 17) =      8.20825  eV     1   --> A              
     e( 18 - 18) =      9.68880  eV     1   --> A              
     e( 19 - 19) =     10.03244  eV     1   --> A              
     e( 20 - 20) =     11.19751  eV     1   --> A              
     e( 21 - 21) =     11.62131  eV     1   --> A              
     e( 22 - 22) =     12.42004  eV     1   --> A              
     e( 23 - 23) =     13.33491  eV     1   --> A              
     e( 24 - 24) =     14.14501  eV     1   --> A              
     e( 25 - 25) =     14.80019  eV     1   --> A              
     e( 26 - 26) =     15.26541  eV     1   --> A              
     e( 27 - 27) =     16.97981  eV     1   --> A              
     e( 28 - 28) =     18.78176  eV     1   --> A              
     e( 29 - 29) =     19.17924  eV     1   --> A              
     e( 30 - 30) =     19.23982  eV     1   --> A              
     e( 31 - 31) =     19.84865  eV     1   --> A              
     e( 32 - 32) =     20.09879  eV     1   --> A              
     e( 33 - 33) =     20.93115  eV     1   --> A              
     e( 34 - 34) =     21.73504  eV     1   --> A              
     e( 35 - 35) =     22.12667  eV     1   --> A              
     e( 36 - 36) =     22.72654  eV     1   --> A              

 **************************************************************************

 **************************************************************************

                    xk=(   0.51111,   0.26943,   0.00000  )

     Band symmetry, C_1 (1)     point group:

     e(  1 -  1) =    -45.32068  eV     1   --> A              
     e(  2 -  2) =    -23.87255  eV     1   --> A              
     e(  3 -  3) =    -23.54504  eV     1   --> A              
     e(  4 -  4) =    -23.21806  eV     1   --> A              
     e(  5 -  5) =    -20.57044  eV     1   --> A              
     e(  6 -  6) =    -12.11109  eV     1   --> A              
     e(  7 -  7) =     -3.20680  eV     1   --> A              
     e(  8 -  8) =     -2.64892  eV     1   --> A              
     e(  9 -  9) =     -2.52208  eV     1   --> A              
     e( 10 - 10) =     -2.41373  eV     1   --> A              
     e( 11 - 11) =     -0.62826  eV     1   --> A              
     e( 12 - 12) =      0.50136  eV     1   --> A              
     e( 13 - 13) =      3.43174  eV     1   --> A              
     e( 14 - 14) =      6.44842  eV     1   --> A              
     e( 15 - 15) =      6.83622  eV     1   --> A              
     e( 16 - 16) =      7.46172  eV     1   --> A              
     e( 17 - 17) =      8.20350  eV     1   --> A              
     e( 18 - 18) =      9.69587  eV     1   --> A              
     e( 19 - 19) =     10.03729  eV     1   --> A              
     e( 20 - 20) =     11.20039  eV     1   --> A              
     e( 21 - 21) =     11.62198  eV     1   --> A              
     e( 22 - 22) =     12.42076  eV     1   --> A              
     e( 23 - 23) =     13.33476  eV     1   --> A              
     e( 24 - 24) =     14.14337  eV     1   --> A              
     e( 25 - 25) =     14.80087  eV     1   --> A              
     e( 26 - 26) =     15.26297  eV     1   --> A              
     e( 27 - 27) =     16.97893  eV     1   --> A              
     e( 28 - 28) =     18.78266  eV     1   --> A              
     e( 29 - 29) =     19.15083  eV     1   --> A              
     e( 30 - 30) =     19.22596  eV     1   --> A              
     e( 31 - 31) =     19.86462  eV     1   --> A              
     e( 32 - 32) =     20.09694  eV     1   --> A              
     e( 33 - 33) =     20.93564  eV     1   --> A              
     e( 34 - 34) =     21.72121  eV     1   --> A              
     e( 35 - 35) =     22.16230  eV     1   --> A              
     e( 36 - 36) =     22.70060  eV     1   --> A              

 **************************************************************************

 **************************************************************************

                    xk=(   0.51250,   0.26702,   0.00000  )

     Band symmetry, C_1 (1)     point group:

     e(  1 -  1) =    -45.32066  eV     1   --> A              
     e(  2 -  2) =    -23.87230  eV     1   --> A              
     e(  3 -  3) =    -23.54498  eV     1   --> A              
     e(  4 -  4) =    -23.21866  eV     1   --> A              
     e(  5 -  5) =    -20.57035  eV     1   --> A              
     e(  6 -  6) =    -12.11077  eV     1   --> A              
     e(  7 -  7) =     -3.20587  eV     1   --> A              
     e(  8 -  8) =     -2.65059  eV     1   --> A              
     e(  9 -  9) =     -2.52240  eV     1   --> A              
     e( 10 - 10) =     -2.41130  eV     1   --> A              
     e( 11 - 11) =     -0.62832  eV     1   --> A              
     e( 12 - 12) =      0.49585  eV     1   --> A              
     e( 13 - 13) =      3.43474  eV     1   --> A              
     e( 14 - 14) =      6.44952  eV     1   --> A              
     e( 15 - 15) =      6.83621  eV     1   --> A              
     e( 16 - 16) =      7.45949  eV     1   --> A              
     e( 17 - 17) =      8.19819  eV     1   --> A              
     e( 18 - 18) =      9.70375  eV     1   --> A              
     e( 19 - 19) =     10.04281  eV     1   --> A              
     e( 20 - 20) =     11.20366  eV     1   --> A              
     e( 21 - 21) =     11.62274  eV     1   --> A              
     e( 22 - 22) =     12.42157  eV     1   --> A              
     e( 23 - 23) =     13.33458  eV     1   --> A              
     e( 24 - 24) =     14.14153  eV     1   --> A              
     e( 25 - 25) =     14.80164  eV     1   --> A              
     e( 26 - 26) =     15.26025  eV     1   --> A              
     e( 27 - 27) =     16.97785  eV     1   --> A              
     e( 28 - 28) =     18.78347  eV     1   --> A              
     e( 29 - 29) =     19.11927  eV     1   --> A              
     e( 30 - 30) =     19.21289  eV     1   --> A              
     e( 31 - 31) =     19.87737  eV     1   --> A              
     e( 32 - 32) =     20.09730  eV     1   --> A              
     e( 33 - 33) =     20.94060  eV     1   --> A              
     e( 34 - 34) =     21.70941  eV     1   --> A              
     e( 35 - 35) =     22.19847  eV     1   --> A              
     e( 36 - 36) =     22.67276  eV     1   --> A              

 **************************************************************************

 **************************************************************************

                    xk=(   0.51389,   0.26462,   0.00000  )

     Band symmetry, C_1 (1)     point group:

     e(  1 -  1) =    -45.32064  eV     1   --> A              
     e(  2 -  2) =    -23.87201  eV     1   --> A              
     e(  3 -  3) =    -23.54490  eV     1   --> A              
     e(  4 -  4) =    -23.21930  eV     1   --> A              
     e(  5 -  5) =    -20.57025  eV     1   --> A              
     e(  6 -  6) =    -12.11042  eV     1   --> A              
     e(  7 -  7) =     -3.20483  eV     1   --> A              
     e(  8 -  8) =     -2.65242  eV     1   --> A              
     e(  9 -  9) =     -2.52268  eV     1   --> A              
     e( 10 - 10) =     -2.40865  eV     1   --> A              
     e( 11 - 11) =     -0.62838  eV     1   --> A              
     e( 12 - 12) =      0.48972  eV     1   --> A              
     e( 13 - 13) =      3.43809  eV     1   --> A              
     e( 14 - 14) =      6.45075  eV     1   --> A              
     e( 15 - 15) =      6.83619  eV     1   --> A              
     e( 16 - 16) =      7.45702  eV     1   --> A              
     e( 17 - 17) =      8.19236  eV     1   --> A              
     e( 18 - 18) =      9.71243  eV     1   --> A              
     e( 19 - 19) =     10.04900  eV     1   --> A              
     e( 20 - 20) =     11.20732  eV     1   --> A              
     e( 21 - 21) =     11.62360  eV     1   --> A              
     e( 22 - 22) =     12.42247  eV     1   --> A              
     e( 23 - 23) =     13.33437  eV     1   --> A              
     e( 24 - 24) =     14.13950  eV     1   --> A              
     e( 25 - 25) =     14.80250  eV     1   --> A              
     e( 26 - 26) =     15.25726  eV     1   --> A              
     e( 27 - 27) =     16.97655  eV     1   --> A              
     e( 28 - 28) =     18.78407  eV     1   --> A              
     e( 29 - 29) =     19.08580  eV     1   --> A              
     e( 30 - 30) =     19.19985  eV     1   --> A              
     e( 31 - 31) =     19.88577  eV     1   --> A              
     e( 32 - 32) =     20.10069  eV     1   --> A              
     e( 33 - 33) =     20.94604  eV     1   --> A              
     e( 34 - 34) =     21.69963  eV     1   --> A              
     e( 35 - 35) =     22.23500  eV     1   --> A              
     e( 36 - 36) =     22.64350  eV     1   --> A              

 **************************************************************************

 **************************************************************************

                    xk=(   0.51528,   0.26221,   0.00000  )

     Band symmetry, C_1 (1)     point group:

     e(  1 -  1) =    -45.32061  eV     1   --> A              
     e(  2 -  2) =    -23.87170  eV     1   --> A              
     e(  3 -  3) =    -23.54482  eV     1   --> A              
     e(  4 -  4) =    -23.22003  eV     1   --> A              
     e(  5 -  5) =    -20.57014  eV     1   --> A              
     e(  6 -  6) =    -12.11002  eV     1   --> A              
     e(  7 -  7) =     -3.20368  eV     1   --> A              
     e(  8 -  8) =     -2.65440  eV     1   --> A              
     e(  9 -  9) =     -2.52299  eV     1   --> A              
     e( 10 - 10) =     -2.40579  eV     1   --> A              
     e( 11 - 11) =     -0.62846  eV     1   --> A              
     e( 12 - 12) =      0.48297  eV     1   --> A              
     e( 13 - 13) =      3.44176  eV     1   --> A              
     e( 14 - 14) =      6.45208  eV     1   --> A              
     e( 15 - 15) =      6.83615  eV     1   --> A              
     e( 16 - 16) =      7.45432  eV     1   --> A              
     e( 17 - 17) =      8.18600  eV     1   --> A              
     e( 18 - 18) =      9.72185  eV     1   --> A              
     e( 19 - 19) =     10.05588  eV     1   --> A              
     e( 20 - 20) =     11.21137  eV     1   --> A              
     e( 21 - 21) =     11.62455  eV     1   --> A              
     e( 22 - 22) =     12.42344  eV     1   --> A              
     e( 23 - 23) =     13.33412  eV     1   --> A              
     e( 24 - 24) =     14.13730  eV     1   --> A              
     e( 25 - 25) =     14.80344  eV     1   --> A              
     e( 26 - 26) =     15.25403  eV     1   --> A              
     e( 27 - 27) =     16.97499  eV     1   --> A              
     e( 28 - 28) =     18.78431  eV     1   --> A              
     e( 29 - 29) =     19.05118  eV     1   --> A              
     e( 30 - 30) =     19.18649  eV     1   --> A              
     e( 31 - 31) =     19.88913  eV     1   --> A              
     e( 32 - 32) =     20.10758  eV     1   --> A              
     e( 33 - 33) =     20.95202  eV     1   --> A              
     e( 34 - 34) =     21.69179  eV     1   --> A              
     e( 35 - 35) =     22.27164  eV     1   --> A              
     e( 36 - 36) =     22.61331  eV     1   --> A              

 **************************************************************************

 **************************************************************************

                    xk=(   0.51667,   0.25981,   0.00000  )

     Band symmetry, C_1 (1)     point group:

     e(  1 -  1) =    -45.32059  eV     1   --> A              
     e(  2 -  2) =    -23.87136  eV     1   --> A              
     e(  3 -  3) =    -23.54473  eV     1   --> A              
     e(  4 -  4) =    -23.22082  eV     1   --> A              
     e(  5 -  5) =    -20.57001  eV     1   --> A              
     e(  6 -  6) =    -12.10959  eV     1   --> A              
     e(  7 -  7) =     -3.20244  eV     1   --> A              
     e(  8 -  8) =     -2.65654  eV     1   --> A              
     e(  9 -  9) =     -2.52328  eV     1   --> A              
     e( 10 - 10) =     -2.40273  eV     1   --> A              
     e( 11 - 11) =     -0.62854  eV     1   --> A              
     e( 12 - 12) =      0.47561  eV     1   --> A              
     e( 13 - 13) =      3.44577  eV     1   --> A              
     e( 14 - 14) =      6.45353  eV     1   --> A              
     e( 15 - 15) =      6.83611  eV     1   --> A              
     e( 16 - 16) =      7.45140  eV     1   --> A              
     e( 17 - 17) =      8.17916  eV     1   --> A              
     e( 18 - 18) =      9.73197  eV     1   --> A              
     e( 19 - 19) =     10.06345  eV     1   --> A              
     e( 20 - 20) =     11.21582  eV     1   --> A              
     e( 21 - 21) =     11.62558  eV     1   --> A              
     e( 22 - 22) =     12.42450  eV     1   --> A              
     e( 23 - 23) =     13.33383  eV     1   --> A              
     e( 24 - 24) =     14.13493  eV     1   --> A              
     e( 25 - 25) =     14.80447  eV     1   --> A              
     e( 26 - 26) =     15.25055  eV     1   --> A              
     e( 27 - 27) =     16.97316  eV     1   --> A              
     e( 28 - 28) =     18.78400  eV     1   --> A              
     e( 29 - 29) =     19.01593  eV     1   --> A              
     e( 30 - 30) =     19.17272  eV     1   --> A              
     e( 31 - 31) =     19.88736  eV     1   --> A              
     e( 32 - 32) =     20.11787  eV     1   --> A              
     e( 33 - 33) =     20.95863  eV     1   --> A              
     e( 34 - 34) =     21.68577  eV     1   --> A              
     e( 35 - 35) =     22.30810  eV     1   --> A              
     e( 36 - 36) =     22.58277  eV     1   --> A              

 **************************************************************************

 **************************************************************************

                    xk=(   0.51806,   0.25740,   0.00000  )

     Band symmetry, C_1 (1)     point group:

     e(  1 -  1) =    -45.32056  eV     1   --> A              
     e(  2 -  2) =    -23.87099  eV     1   --> A              
     e(  3 -  3) =    -23.54463  eV     1   --> A              
     e(  4 -  4) =    -23.22168  eV     1   --> A              
     e(  5 -  5) =    -20.56988  eV     1   --> A              
     e(  6 -  6) =    -12.10913  eV     1   --> A              
     e(  7 -  7) =     -3.20108  eV     1   --> A              
     e(  8 -  8) =     -2.65882  eV     1   --> A              
     e(  9 -  9) =     -2.52356  eV     1   --> A              
     e( 10 - 10) =     -2.39949  eV     1   --> A              
     e( 11 - 11) =     -0.62863  eV     1   --> A              
     e( 12 - 12) =      0.46764  eV     1   --> A              
     e( 13 - 13) =      3.45010  eV     1   --> A              
     e( 14 - 14) =      6.45509  eV     1   --> A              
     e( 15 - 15) =      6.83604  eV     1   --> A              
     e( 16 - 16) =      7.44826  eV     1   --> A              
     e( 17 - 17) =      8.17187  eV     1   --> A              
     e( 18 - 18) =      9.74274  eV     1   --> A              
     e( 19 - 19) =     10.07172  eV     1   --> A              
     e( 20 - 20) =     11.22067  eV     1   --> A              
     e( 21 - 21) =     11.62670  eV     1   --> A              
     e( 22 - 22) =     12.42564  eV     1   --> A              
     e( 23 - 23) =     13.33349  eV     1   --> A              
     e( 24 - 24) =     14.13242  eV     1   --> A              
     e( 25 - 25) =     14.80558  eV     1   --> A              
     e( 26 - 26) =     15.24686  eV     1   --> A              
     e( 27 - 27) =     16.97100  eV     1   --> A              
     e( 28 - 28) =     18.78283  eV     1   --> A              
     e( 29 - 29) =     18.98051  eV     1   --> A              
     e( 30 - 30) =     19.15855  eV     1   --> A              
     e( 31 - 31) =     19.88095  eV     1   --> A              
     e( 32 - 32) =     20.13093  eV     1   --> A              
     e( 33 - 33) =     20.96597  eV     1   --> A              
     e( 34 - 34) =     21.68139  eV     1   --> A              
     e( 35 - 35) =     22.34378  eV     1   --> A              
     e( 36 - 36) =     22.55269  eV     1   --> A              

 **************************************************************************

 **************************************************************************

                    xk=(   0.51944,   0.25500,   0.00000  )

     Band symmetry, C_1 (1)     point group:

     e(  1 -  1) =    -45.32053  eV     1   --> A              
     e(  2 -  2) =    -23.87060  eV     1   --> A              
     e(  3 -  3) =    -23.54452  eV     1   --> A              
     e(  4 -  4) =    -23.22260  eV     1   --> A              
     e(  5 -  5) =    -20.56974  eV     1   --> A              
     e(  6 -  6) =    -12.10863  eV     1   --> A              
     e(  7 -  7) =     -3.19963  eV     1   --> A              
     e(  8 -  8) =     -2.66123  eV     1   --> A              
     e(  9 -  9) =     -2.52381  eV     1   --> A              
     e( 10 - 10) =     -2.39609  eV     1   --> A              
     e( 11 - 11) =     -0.62873  eV     1   --> A              
     e( 12 - 12) =      0.45909  eV     1   --> A              
     e( 13 - 13) =      3.45475  eV     1   --> A              
     e( 14 - 14) =      6.45674  eV     1   --> A              
     e( 15 - 15) =      6.83596  eV     1   --> A              
     e( 16 - 16) =      7.44492  eV     1   --> A              
     e( 17 - 17) =      8.16415  eV     1   --> A              
     e( 18 - 18) =      9.75410  eV     1   --> A              
     e( 19 - 19) =     10.08070  eV     1   --> A              
     e( 20 - 20) =     11.22591  eV     1   --> A              
     e( 21 - 21) =     11.62792  eV     1   --> A              
     e( 22 - 22) =     12.42685  eV     1   --> A              
     e( 23 - 23) =     13.33311  eV     1   --> A              
     e( 24 - 24) =     14.12976  eV     1   --> A              
     e( 25 - 25) =     14.80678  eV     1   --> A              
     e( 26 - 26) =     15.24298  eV     1   --> A              
     e( 27 - 27) =     16.96849  eV     1   --> A              
     e( 28 - 28) =     18.78036  eV     1   --> A              
     e( 29 - 29) =     18.94543  eV     1   --> A              
     e( 30 - 30) =     19.14406  eV     1   --> A              
     e( 31 - 31) =     19.87065  eV     1   --> A              
     e( 32 - 32) =     20.14588  eV     1   --> A              
     e( 33 - 33) =     20.97417  eV     1   --> A              
     e( 34 - 34) =     21.67844  eV     1   --> A              
     e( 35 - 35) =     22.37730  eV     1   --> A              
     e( 36 - 36) =     22.52467  eV     1   --> A              

 **************************************************************************

 **************************************************************************

                    xk=(   0.52083,   0.25259,   0.00000  )

     Band symmetry, C_1 (1)     point group:

     e(  1 -  1) =    -45.32050  eV     1   --> A              
     e(  2 -  2) =    -23.87017  eV     1   --> A              
     e(  3 -  3) =    -23.54440  eV     1   --> A              
     e(  4 -  4) =    -23.22360  eV     1   --> A              
     e(  5 -  5) =    -20.56959  eV     1   --> A              
     e(  6 -  6) =    -12.10809  eV     1   --> A              
     e(  7 -  7) =     -3.19807  eV     1   --> A              
     e(  8 -  8) =     -2.66376  eV     1   --> A              
     e(  9 -  9) =     -2.52404  eV     1   --> A              
     e( 10 - 10) =     -2.39252  eV     1   --> A              
     e( 11 - 11) =     -0.62883  eV     1   --> A              
     e( 12 - 12) =      0.44995  eV     1   --> A              
     e( 13 - 13) =      3.45971  eV     1   --> A              
     e( 14 - 14) =      6.45850  eV     1   --> A              
     e( 15 - 15) =      6.83585  eV     1   --> A              
     e( 16 - 16) =      7.44138  eV     1   --> A              
     e( 17 - 17) =      8.15603  eV     1   --> A              
     e( 18 - 18) =      9.76600  eV     1   --> A              
     e( 19 - 19) =     10.09041  eV     1   --> A              
     e( 20 - 20) =     11.23156  eV     1   --> A              
     e( 21 - 21) =     11.62923  eV     1   --> A              
     e( 22 - 22) =     12.42812  eV     1   --> A              
     e( 23 - 23) =     13.33267  eV     1   --> A              
     e( 24 - 24) =     14.12699  eV     1   --> A              
     e( 25 - 25) =     14.80805  eV     1   --> A              
     e( 26 - 26) =     15.23891  eV     1   --> A              
     e( 27 - 27) =     16.96559  eV     1   --> A              
     e( 28 - 28) =     18.77588  eV     1   --> A              
     e( 29 - 29) =     18.91136  eV     1   --> A              
     e( 30 - 30) =     19.12942  eV     1   --> A              
     e( 31 - 31) =     19.85722  eV     1   --> A              
     e( 32 - 32) =     20.16189  eV     1   --> A              
     e( 33 - 33) =     20.98338  eV     1   --> A              
     e( 34 - 34) =     21.67665  eV     1   --> A              
     e( 35 - 35) =     22.40419  eV     1   --> A              
     e( 36 - 36) =     22.50337  eV     1   --> A              

 **************************************************************************

 **************************************************************************

                    xk=(   0.52222,   0.25019,   0.00000  )

     Band symmetry, C_1 (1)     point group:

     e(  1 -  1) =    -45.32046  eV     1   --> A              
     e(  2 -  2) =    -23.86971  eV     1   --> A              
     e(  3 -  3) =    -23.54428  eV     1   --> A              
     e(  4 -  4) =    -23.22466  eV     1   --> A              
     e(  5 -  5) =    -20.56942  eV     1   --> A              
     e(  6 -  6) =    -12.10751  eV     1   --> A              
     e(  7 -  7) =     -3.19641  eV     1   --> A              
     e(  8 -  8) =     -2.66640  eV     1   --> A              
     e(  9 -  9) =     -2.52425  eV     1   --> A              
     e( 10 - 10) =     -2.38882  eV     1   --> A              
     e( 11 - 11) =     -0.62894  eV     1   --> A              
     e( 12 - 12) =      0.44024  eV     1   --> A              
     e( 13 - 13) =      3.46498  eV     1   --> A              
     e( 14 - 14) =      6.46035  eV     1   --> A              
     e( 15 - 15) =      6.83572  eV     1   --> A              
     e( 16 - 16) =      7.43766  eV     1   --> A              
     e( 17 - 17) =      8.14754  eV     1   --> A              
     e( 18 - 18) =      9.77840  eV     1   --> A              
     e( 19 - 19) =     10.10085  eV     1   --> A              
     e( 20 - 20) =     11.23762  eV     1   --> A              
     e( 21 - 21) =     11.63062  eV     1   --> A              
     e( 22 - 22) =     12.42946  eV     1   --> A              
     e( 23 - 23) =     13.33217  eV     1   --> A              
     e( 24 - 24) =     14.12410  eV     1   --> A              
     e( 25 - 25) =     14.80941  eV     1   --> A              
     e( 26 - 26) =     15.23469  eV     1   --> A              
     e( 27 - 27) =     16.96225  eV     1   --> A              
     e( 28 - 28) =     18.76822  eV     1   --> A              
     e( 29 - 29) =     18.87940  eV     1   --> A              
     e( 30 - 30) =     19.11479  eV     1   --> A              
     e( 31 - 31) =     19.84134  eV     1   --> A              
     e( 32 - 32) =     20.17825  eV     1   --> A              
     e( 33 - 33) =     20.99372  eV     1   --> A              
     e( 34 - 34) =     21.67570  eV     1   --> A              
     e( 35 - 35) =     22.41215  eV     1   --> A              
     e( 36 - 36) =     22.50128  eV     1   --> A              

 **************************************************************************

 **************************************************************************

                    xk=(   0.52361,   0.24778,   0.00000  )

     Band symmetry, C_1 (1)     point group:

     e(  1 -  1) =    -45.32042  eV     1   --> A              
     e(  2 -  2) =    -23.86923  eV     1   --> A              
     e(  3 -  3) =    -23.54415  eV     1   --> A              
     e(  4 -  4) =    -23.22578  eV     1   --> A              
     e(  5 -  5) =    -20.56925  eV     1   --> A              
     e(  6 -  6) =    -12.10690  eV     1   --> A              
     e(  7 -  7) =     -3.19466  eV     1   --> A              
     e(  8 -  8) =     -2.66915  eV     1   --> A              
     e(  9 -  9) =     -2.52442  eV     1   --> A              
     e( 10 - 10) =     -2.38497  eV     1   --> A              
     e( 11 - 11) =     -0.62906  eV     1   --> A              
     e( 12 - 12) =      0.42997  eV     1   --> A              
     e( 13 - 13) =      3.47055  eV     1   --> A              
     e( 14 - 14) =      6.46228  eV     1   --> A              
     e( 15 - 15) =      6.83555  eV     1   --> A              
     e( 16 - 16) =      7.43377  eV     1   --> A              
     e( 17 - 17) =      8.13871  eV     1   --> A              
     e( 18 - 18) =      9.79123  eV     1   --> A              
     e( 19 - 19) =     10.11204  eV     1   --> A              
     e( 20 - 20) =     11.24409  eV     1   --> A              
     e( 21 - 21) =     11.63211  eV     1   --> A              
     e( 22 - 22) =     12.43086  eV     1   --> A              
     e( 23 - 23) =     13.33160  eV     1   --> A              
     e( 24 - 24) =     14.12113  eV     1   --> A              
     e( 25 - 25) =     14.81084  eV     1   --> A              
     e( 26 - 26) =     15.23033  eV     1   --> A              
     e( 27 - 27) =     16.95844  eV     1   --> A              
     e( 28 - 28) =     18.75560  eV     1   --> A              
     e( 29 - 29) =     18.85119  eV     1   --> A              
     e( 30 - 30) =     19.10039  eV     1   --> A              
     e( 31 - 31) =     19.82350  eV     1   --> A              
     e( 32 - 32) =     20.19444  eV     1   --> A              
     e( 33 - 33) =     21.00534  eV     1   --> A              
     e( 34 - 34) =     21.67527  eV     1   --> A              
     e( 35 - 35) =     22.39710  eV     1   --> A              
     e( 36 - 36) =     22.52266  eV     1   --> A              

 **************************************************************************

 **************************************************************************

                    xk=(   0.52500,   0.24537,   0.00000  )

     Band symmetry, C_1 (1)     point group:

     e(  1 -  1) =    -45.32038  eV     1   --> A              
     e(  2 -  2) =    -23.86872  eV     1   --> A              
     e(  3 -  3) =    -23.54402  eV     1   --> A              
     e(  4 -  4) =    -23.22697  eV     1   --> A              
     e(  5 -  5) =    -20.56907  eV     1   --> A              
     e(  6 -  6) =    -12.10626  eV     1   --> A              
     e(  7 -  7) =     -3.19281  eV     1   --> A              
     e(  8 -  8) =     -2.67199  eV     1   --> A              
     e(  9 -  9) =     -2.52457  eV     1   --> A              
     e( 10 - 10) =     -2.38100  eV     1   --> A              
     e( 11 - 11) =     -0.62919  eV     1   --> A              
     e( 12 - 12) =      0.41916  eV     1   --> A              
     e( 13 - 13) =      3.47641  eV     1   --> A              
     e( 14 - 14) =      6.46429  eV     1   --> A              
     e( 15 - 15) =      6.83534  eV     1   --> A              
     e( 16 - 16) =      7.42972  eV     1   --> A              
     e( 17 - 17) =      8.12956  eV     1   --> A              
     e( 18 - 18) =      9.80444  eV     1   --> A              
     e( 19 - 19) =     10.12400  eV     1   --> A              
     e( 20 - 20) =     11.25097  eV     1   --> A              
     e( 21 - 21) =     11.63368  eV     1   --> A              
     e( 22 - 22) =     12.43230  eV     1   --> A              
     e( 23 - 23) =     13.33097  eV     1   --> A              
     e( 24 - 24) =     14.11808  eV     1   --> A              
     e( 25 - 25) =     14.81234  eV     1   --> A              
     e( 26 - 26) =     15.22585  eV     1   --> A              
     e( 27 - 27) =     16.95411  eV     1   --> A              
     e( 28 - 28) =     18.73632  eV     1   --> A              
     e( 29 - 29) =     18.82829  eV     1   --> A              
     e( 30 - 30) =     19.08646  eV     1   --> A              
     e( 31 - 31) =     19.80412  eV     1   --> A              
     e( 32 - 32) =     20.21008  eV     1   --> A              
     e( 33 - 33) =     21.01834  eV     1   --> A              
     e( 34 - 34) =     21.67499  eV     1   --> A              
     e( 35 - 35) =     22.37279  eV     1   --> A              
     e( 36 - 36) =     22.55397  eV     1   --> A              

 **************************************************************************

 **************************************************************************

                    xk=(   0.52639,   0.24297,   0.00000  )

     Band symmetry, C_1 (1)     point group:

     e(  1 -  1) =    -45.32034  eV     1   --> A              
     e(  2 -  2) =    -23.86818  eV     1   --> A              
     e(  3 -  3) =    -23.54387  eV     1   --> A              
     e(  4 -  4) =    -23.22822  eV     1   --> A              
     e(  5 -  5) =    -20.56888  eV     1   --> A              
     e(  6 -  6) =    -12.10558  eV     1   --> A              
     e(  7 -  7) =     -3.19087  eV     1   --> A              
     e(  8 -  8) =     -2.67492  eV     1   --> A              
     e(  9 -  9) =     -2.52468  eV     1   --> A              
     e( 10 - 10) =     -2.37692  eV     1   --> A              
     e( 11 - 11) =     -0.62933  eV     1   --> A              
     e( 12 - 12) =      0.40780  eV     1   --> A              
     e( 13 - 13) =      3.48256  eV     1   --> A              
     e( 14 - 14) =      6.46638  eV     1   --> A              
     e( 15 - 15) =      6.83508  eV     1   --> A              
     e( 16 - 16) =      7.42554  eV     1   --> A              
     e( 17 - 17) =      8.12013  eV     1   --> A              
     e( 18 - 18) =      9.81797  eV     1   --> A              
     e( 19 - 19) =     10.13673  eV     1   --> A              
     e( 20 - 20) =     11.25827  eV     1   --> A              
     e( 21 - 21) =     11.63535  eV     1   --> A              
     e( 22 - 22) =     12.43380  eV     1   --> A              
     e( 23 - 23) =     13.33026  eV     1   --> A              
     e( 24 - 24) =     14.11498  eV     1   --> A              
     e( 25 - 25) =     14.81391  eV     1   --> A              
     e( 26 - 26) =     15.22127  eV     1   --> A              
     e( 27 - 27) =     16.94923  eV     1   --> A              
     e( 28 - 28) =     18.71038  eV     1   --> A              
     e( 29 - 29) =     18.81048  eV     1   --> A              
     e( 30 - 30) =     19.07322  eV     1   --> A              
     e( 31 - 31) =     19.78353  eV     1   --> A              
     e( 32 - 32) =     20.22491  eV     1   --> A              
     e( 33 - 33) =     21.03280  eV     1   --> A              
     e( 34 - 34) =     21.67444  eV     1   --> A              
     e( 35 - 35) =     22.34641  eV     1   --> A              
     e( 36 - 36) =     22.58817  eV     1   --> A              

 **************************************************************************

 **************************************************************************

                    xk=(   0.52778,   0.24056,   0.00000  )

     Band symmetry, C_1 (1)     point group:

     e(  1 -  1) =    -45.32030  eV     1   --> A              
     e(  2 -  2) =    -23.86761  eV     1   --> A              
     e(  3 -  3) =    -23.54372  eV     1   --> A              
     e(  4 -  4) =    -23.22954  eV     1   --> A              
     e(  5 -  5) =    -20.56868  eV     1   --> A              
     e(  6 -  6) =    -12.10487  eV     1   --> A              
     e(  7 -  7) =     -3.18883  eV     1   --> A              
     e(  8 -  8) =     -2.67792  eV     1   --> A              
     e(  9 -  9) =     -2.52477  eV     1   --> A              
     e( 10 - 10) =     -2.37272  eV     1   --> A              
     e( 11 - 11) =     -0.62948  eV     1   --> A              
     e( 12 - 12) =      0.39592  eV     1   --> A              
     e( 13 - 13) =      3.48900  eV     1   --> A              
     e( 14 - 14) =      6.46854  eV     1   --> A              
     e( 15 - 15) =      6.83479  eV     1   --> A              
     e( 16 - 16) =      7.42122  eV     1   --> A              
     e( 17 - 17) =      8.11044  eV     1   --> A              
     e( 18 - 18) =      9.83178  eV     1   --> A              
     e( 19 - 19) =     10.15024  eV     1   --> A              
     e( 20 - 20) =     11.26599  eV     1   --> A              
     e( 21 - 21) =     11.63711  eV     1   --> A              
     e( 22 - 22) =     12.43534  eV     1   --> A              
     e( 23 - 23) =     13.32947  eV     1   --> A              
     e( 24 - 24) =     14.11185  eV     1   --> A              
     e( 25 - 25) =     14.81555  eV     1   --> A              
     e( 26 - 26) =     15.21662  eV     1   --> A              
     e( 27 - 27) =     16.94374  eV     1   --> A              
     e( 28 - 28) =     18.67972  eV     1   --> A              
     e( 29 - 29) =     18.79565  eV     1   --> A              
     e( 30 - 30) =     19.06088  eV     1   --> A              
     e( 31 - 31) =     19.76200  eV     1   --> A              
     e( 32 - 32) =     20.23878  eV     1   --> A              
     e( 33 - 33) =     21.04880  eV     1   --> A              
     e( 34 - 34) =     21.67323  eV     1   --> A              
     e( 35 - 35) =     22.32025  eV     1   --> A              
     e( 36 - 36) =     22.62319  eV     1   --> A              

 **************************************************************************

 **************************************************************************

                    xk=(   0.52917,   0.23816,   0.00000  )

     Band symmetry, C_1 (1)     point group:

     e(  1 -  1) =    -45.32025  eV     1   --> A              
     e(  2 -  2) =    -23.86702  eV     1   --> A              
     e(  3 -  3) =    -23.54357  eV     1   --> A              
     e(  4 -  4) =    -23.23091  eV     1   --> A              
     e(  5 -  5) =    -20.56848  eV     1   --> A              
     e(  6 -  6) =    -12.10412  eV     1   --> A              
     e(  7 -  7) =     -3.18670  eV     1   --> A              
     e(  8 -  8) =     -2.68099  eV     1   --> A              
     e(  9 -  9) =     -2.52482  eV     1   --> A              
     e( 10 - 10) =     -2.36842  eV     1   --> A              
     e( 11 - 11) =     -0.62963  eV     1   --> A              
     e( 12 - 12) =      0.38352  eV     1   --> A              
     e( 13 - 13) =      3.49570  eV     1   --> A              
     e( 14 - 14) =      6.47076  eV     1   --> A              
     e( 15 - 15) =      6.83443  eV     1   --> A              
     e( 16 - 16) =      7.41680  eV     1   --> A              
     e( 17 - 17) =      8.10051  eV     1   --> A              
     e( 18 - 18) =      9.84580  eV     1   --> A              
     e( 19 - 19) =     10.16454  eV     1   --> A              
     e( 20 - 20) =     11.27414  eV     1   --> A              
     e( 21 - 21) =     11.63896  eV     1   --> A              
     e( 22 - 22) =     12.43690  eV     1   --> A              
     e( 23 - 23) =     13.32861  eV     1   --> A              
     e( 24 - 24) =     14.10870  eV     1   --> A              
     e( 25 - 25) =     14.81726  eV     1   --> A              
     e( 26 - 26) =     15.21191  eV     1   --> A              
     e( 27 - 27) =     16.93761  eV     1   --> A              
     e( 28 - 28) =     18.64636  eV     1   --> A              
     e( 29 - 29) =     18.78164  eV     1   --> A              
     e( 30 - 30) =     19.04961  eV     1   --> A              
     e( 31 - 31) =     19.73977  eV     1   --> A              
     e( 32 - 32) =     20.25159  eV     1   --> A              
     e( 33 - 33) =     21.06632  eV     1   --> A              
     e( 34 - 34) =     21.67095  eV     1   --> A              
     e( 35 - 35) =     22.29528  eV     1   --> A              
     e( 36 - 36) =     22.65822  eV     1   --> A              

 **************************************************************************

 **************************************************************************

                    xk=(   0.53056,   0.23575,   0.00000  )

     Band symmetry, C_1 (1)     point group:

     e(  1 -  1) =    -45.32021  eV     1   --> A              
     e(  2 -  2) =    -23.86639  eV     1   --> A              
     e(  3 -  3) =    -23.54340  eV     1   --> A              
     e(  4 -  4) =    -23.23234  eV     1   --> A              
     e(  5 -  5) =    -20.56826  eV     1   --> A              
     e(  6 -  6) =    -12.10334  eV     1   --> A              
     e(  7 -  7) =     -3.18449  eV     1   --> A              
     e(  8 -  8) =     -2.68411  eV     1   --> A              
     e(  9 -  9) =     -2.52483  eV     1   --> A              
     e( 10 - 10) =     -2.36402  eV     1   --> A              
     e( 11 - 11) =     -0.62980  eV     1   --> A              
     e( 12 - 12) =      0.37063  eV     1   --> A              
     e( 13 - 13) =      3.50268  eV     1   --> A              
     e( 14 - 14) =      6.47303  eV     1   --> A              
     e( 15 - 15) =      6.83402  eV     1   --> A              
     e( 16 - 16) =      7.41228  eV     1   --> A              
     e( 17 - 17) =      8.09037  eV     1   --> A              
     e( 18 - 18) =      9.86000  eV     1   --> A              
     e( 19 - 19) =     10.17963  eV     1   --> A              
     e( 20 - 20) =     11.28271  eV     1   --> A              
     e( 21 - 21) =     11.64090  eV     1   --> A              
     e( 22 - 22) =     12.43850  eV     1   --> A              
     e( 23 - 23) =     13.32766  eV     1   --> A              
     e( 24 - 24) =     14.10557  eV     1   --> A              
     e( 25 - 25) =     14.81903  eV     1   --> A              
     e( 26 - 26) =     15.20716  eV     1   --> A              
     e( 27 - 27) =     16.93080  eV     1   --> A              
     e( 28 - 28) =     18.61160  eV     1   --> A              
     e( 29 - 29) =     18.76705  eV     1   --> A              
     e( 30 - 30) =     19.03946  eV     1   --> A              
     e( 31 - 31) =     19.71709  eV     1   --> A              
     e( 32 - 32) =     20.26332  eV     1   --> A              
     e( 33 - 33) =     21.08537  eV     1   --> A              
     e( 34 - 34) =     21.66718  eV     1   --> A              
     e( 35 - 35) =     22.27206  eV     1   --> A              
     e( 36 - 36) =     22.69287  eV     1   --> A              

 **************************************************************************

 **************************************************************************

                    xk=(   0.53194,   0.23335,   0.00000  )

     Band symmetry, C_1 (1)     point group:

     e(  1 -  1) =    -45.32016  eV     1   --> A              
     e(  2 -  2) =    -23.86574  eV     1   --> A              
     e(  3 -  3) =    -23.54323  eV     1   --> A              
     e(  4 -  4) =    -23.23385  eV     1   --> A              
     e(  5 -  5) =    -20.56803  eV     1   --> A              
     e(  6 -  6) =    -12.10252  eV     1   --> A              
     e(  7 -  7) =     -3.18218  eV     1   --> A              
     e(  8 -  8) =     -2.68730  eV     1   --> A              
     e(  9 -  9) =     -2.52481  eV     1   --> A              
     e( 10 - 10) =     -2.35953  eV     1   --> A              
     e( 11 - 11) =     -0.62997  eV     1   --> A              
     e( 12 - 12) =      0.35724  eV     1   --> A              
     e( 13 - 13) =      3.50991  eV     1   --> A              
     e( 14 - 14) =      6.47536  eV     1   --> A              
     e( 15 - 15) =      6.83354  eV     1   --> A              
     e( 16 - 16) =      7.40767  eV     1   --> A              
     e( 17 - 17) =      8.08004  eV     1   --> A              
     e( 18 - 18) =      9.87432  eV     1   --> A              
     e( 19 - 19) =     10.19553  eV     1   --> A              
     e( 20 - 20) =     11.29172  eV     1   --> A              
     e( 21 - 21) =     11.64293  eV     1   --> A              
     e( 22 - 22) =     12.44011  eV     1   --> A              
     e( 23 - 23) =     13.32662  eV     1   --> A              
     e( 24 - 24) =     14.10245  eV     1   --> A              
     e( 25 - 25) =     14.82085  eV     1   --> A              
     e( 26 - 26) =     15.20239  eV     1   --> A              
     e( 27 - 27) =     16.92325  eV     1   --> A              
     e( 28 - 28) =     18.57617  eV     1   --> A              
     e( 29 - 29) =     18.75116  eV     1   --> A              
     e( 30 - 30) =     19.03041  eV     1   --> A              
     e( 31 - 31) =     19.69418  eV     1   --> A              
     e( 32 - 32) =     20.27397  eV     1   --> A              
     e( 33 - 33) =     21.10587  eV     1   --> A              
     e( 34 - 34) =     21.66157  eV     1   --> A              
     e( 35 - 35) =     22.25095  eV     1   --> A              
     e( 36 - 36) =     22.72686  eV     1   --> A              

 **************************************************************************

 **************************************************************************

                    xk=(   0.53333,   0.23094,   0.00000  )

     Band symmetry, C_1 (1)     point group:

     e(  1 -  1) =    -45.32010  eV     1   --> A              
     e(  2 -  2) =    -23.86507  eV     1   --> A              
     e(  3 -  3) =    -23.54305  eV     1   --> A              
     e(  4 -  4) =    -23.23540  eV     1   --> A              
     e(  5 -  5) =    -20.56780  eV     1   --> A              
     e(  6 -  6) =    -12.10167  eV     1   --> A              
     e(  7 -  7) =     -3.17979  eV     1   --> A              
     e(  8 -  8) =     -2.69052  eV     1   --> A              
     e(  9 -  9) =     -2.52476  eV     1   --> A              
     e( 10 - 10) =     -2.35495  eV     1   --> A              
     e( 11 - 11) =     -0.63015  eV     1   --> A              
     e( 12 - 12) =      0.34339  eV     1   --> A              
     e( 13 - 13) =      3.51739  eV     1   --> A              
     e( 14 - 14) =      6.47772  eV     1   --> A              
     e( 15 - 15) =      6.83299  eV     1   --> A              
     e( 16 - 16) =      7.40301  eV     1   --> A              
     e( 17 - 17) =      8.06955  eV     1   --> A              
     e( 18 - 18) =      9.88872  eV     1   --> A              
     e( 19 - 19) =     10.21223  eV     1   --> A              
     e( 20 - 20) =     11.30117  eV     1   --> A              
     e( 21 - 21) =     11.64506  eV     1   --> A              
     e( 22 - 22) =     12.44173  eV     1   --> A              
     e( 23 - 23) =     13.32550  eV     1   --> A              
     e( 24 - 24) =     14.09939  eV     1   --> A              
     e( 25 - 25) =     14.82272  eV     1   --> A              
     e( 26 - 26) =     15.19762  eV     1   --> A              
     e( 27 - 27) =     16.91494  eV     1   --> A              
     e( 28 - 28) =     18.54049  eV     1   --> A              
     e( 29 - 29) =     18.73362  eV     1   --> A              
     e( 30 - 30) =     19.02231  eV     1   --> A              
     e( 31 - 31) =     19.67128  eV     1   --> A              
     e( 32 - 32) =     20.28359  eV     1   --> A              
     e( 33 - 33) =     21.12773  eV     1   --> A              
     e( 34 - 34) =     21.65382  eV     1   --> A              
     e( 35 - 35) =     22.23224  eV     1   --> A              
     e( 36 - 36) =     22.75993  eV     1   --> A              

 **************************************************************************

 **************************************************************************

                    xk=(   0.53472,   0.22853,   0.00000  )

     Band symmetry, C_1 (1)     point group:

     e(  1 -  1) =    -45.32005  eV     1   --> A              
     e(  2 -  2) =    -23.86436  eV     1   --> A              
     e(  3 -  3) =    -23.54286  eV     1   --> A              
     e(  4 -  4) =    -23.23702  eV     1   --> A              
     e(  5 -  5) =    -20.56756  eV     1   --> A              
     e(  6 -  6) =    -12.10079  eV     1   --> A              
     e(  7 -  7) =     -3.17732  eV     1   --> A              
     e(  8 -  8) =     -2.69379  eV     1   --> A              
     e(  9 -  9) =     -2.52469  eV     1   --> A              
     e( 10 - 10) =     -2.35030  eV     1   --> A              
     e( 11 - 11) =     -0.63034  eV     1   --> A              
     e( 12 - 12) =      0.32907  eV     1   --> A              
     e( 13 - 13) =      3.52511  eV     1   --> A              
     e( 14 - 14) =      6.48012  eV     1   --> A              
     e( 15 - 15) =      6.83236  eV     1   --> A              
     e( 16 - 16) =      7.39830  eV     1   --> A              
     e( 17 - 17) =      8.05891  eV     1   --> A              
     e( 18 - 18) =      9.90316  eV     1   --> A              
     e( 19 - 19) =     10.22973  eV     1   --> A              
     e( 20 - 20) =     11.31106  eV     1   --> A              
     e( 21 - 21) =     11.64727  eV     1   --> A              
     e( 22 - 22) =     12.44336  eV     1   --> A              
     e( 23 - 23) =     13.32429  eV     1   --> A              
     e( 24 - 24) =     14.09640  eV     1   --> A              
     e( 25 - 25) =     14.82464  eV     1   --> A              
     e( 26 - 26) =     15.19287  eV     1   --> A              
     e( 27 - 27) =     16.90582  eV     1   --> A              
     e( 28 - 28) =     18.50481  eV     1   --> A              
     e( 29 - 29) =     18.71434  eV     1   --> A              
     e( 30 - 30) =     19.01492  eV     1   --> A              
     e( 31 - 31) =     19.64864  eV     1   --> A              
     e( 32 - 32) =     20.29226  eV     1   --> A              
     e( 33 - 33) =     21.15083  eV     1   --> A              
     e( 34 - 34) =     21.64372  eV     1   --> A              
     e( 35 - 35) =     22.21607  eV     1   --> A              
     e( 36 - 36) =     22.79175  eV     1   --> A              

 **************************************************************************

 **************************************************************************

                    xk=(   0.53611,   0.22613,   0.00000  )

     Band symmetry, C_1 (1)     point group:

     e(  1 -  1) =    -45.31999  eV     1   --> A              
     e(  2 -  2) =    -23.86363  eV     1   --> A              
     e(  3 -  3) =    -23.54267  eV     1   --> A              
     e(  4 -  4) =    -23.23870  eV     1   --> A              
     e(  5 -  5) =    -20.56731  eV     1   --> A              
     e(  6 -  6) =    -12.09988  eV     1   --> A              
     e(  7 -  7) =     -3.17478  eV     1   --> A              
     e(  8 -  8) =     -2.69708  eV     1   --> A              
     e(  9 -  9) =     -2.52459  eV     1   --> A              
     e( 10 - 10) =     -2.34557  eV     1   --> A              
     e( 11 - 11) =     -0.63054  eV     1   --> A              
     e( 12 - 12) =      0.31430  eV     1   --> A              
     e( 13 - 13) =      3.53307  eV     1   --> A              
     e( 14 - 14) =      6.48254  eV     1   --> A              
     e( 15 - 15) =      6.83164  eV     1   --> A              
     e( 16 - 16) =      7.39356  eV     1   --> A              
     e( 17 - 17) =      8.04814  eV     1   --> A              
     e( 18 - 18) =      9.91760  eV     1   --> A              
     e( 19 - 19) =     10.24802  eV     1   --> A              
     e( 20 - 20) =     11.32139  eV     1   --> A              
     e( 21 - 21) =     11.64958  eV     1   --> A              
     e( 22 - 22) =     12.44497  eV     1   --> A              
     e( 23 - 23) =     13.32299  eV     1   --> A              
     e( 24 - 24) =     14.09351  eV     1   --> A              
     e( 25 - 25) =     14.82659  eV     1   --> A              
     e( 26 - 26) =     15.18815  eV     1   --> A              
     e( 27 - 27) =     16.89585  eV     1   --> A              
     e( 28 - 28) =     18.46928  eV     1   --> A              
     e( 29 - 29) =     18.69337  eV     1   --> A              
     e( 30 - 30) =     19.00791  eV     1   --> A              
     e( 31 - 31) =     19.62651  eV     1   --> A              
     e( 32 - 32) =     20.30005  eV     1   --> A              
     e( 33 - 33) =     21.17500  eV     1   --> A              
     e( 34 - 34) =     21.63121  eV     1   --> A              
     e( 35 - 35) =     22.20249  eV     1   --> A              
     e( 36 - 36) =     22.82190  eV     1   --> A              

 **************************************************************************

 **************************************************************************

                    xk=(   0.53750,   0.22372,   0.00000  )

     Band symmetry, C_1 (1)     point group:

     e(  1 -  1) =    -45.31994  eV     1   --> A              
     e(  2 -  2) =    -23.86287  eV     1   --> A              
     e(  3 -  3) =    -23.54247  eV     1   --> A              
     e(  4 -  4) =    -23.24044  eV     1   --> A              
     e(  5 -  5) =    -20.56705  eV     1   --> A              
     e(  6 -  6) =    -12.09894  eV     1   --> A              
     e(  7 -  7) =     -3.17215  eV     1   --> A              
     e(  8 -  8) =     -2.70040  eV     1   --> A              
     e(  9 -  9) =     -2.52445  eV     1   --> A              
     e( 10 - 10) =     -2.34078  eV     1   --> A              
     e( 11 - 11) =     -0.63075  eV     1   --> A              
     e( 12 - 12) =      0.29910  eV     1   --> A              
     e( 13 - 13) =      3.54126  eV     1   --> A              
     e( 14 - 14) =      6.48499  eV     1   --> A              
     e( 15 - 15) =      6.83082  eV     1   --> A              
     e( 16 - 16) =      7.38881  eV     1   --> A              
     e( 17 - 17) =      8.03727  eV     1   --> A              
     e( 18 - 18) =      9.93203  eV     1   --> A              
     e( 19 - 19) =     10.26710  eV     1   --> A              
     e( 20 - 20) =     11.33217  eV     1   --> A              
     e( 21 - 21) =     11.65199  eV     1   --> A              
     e( 22 - 22) =     12.44657  eV     1   --> A              
     e( 23 - 23) =     13.32161  eV     1   --> A              
     e( 24 - 24) =     14.09072  eV     1   --> A              
     e( 25 - 25) =     14.82858  eV     1   --> A              
     e( 26 - 26) =     15.18349  eV     1   --> A              
     e( 27 - 27) =     16.88499  eV     1   --> A              
     e( 28 - 28) =     18.43402  eV     1   --> A              
     e( 29 - 29) =     18.67082  eV     1   --> A              
     e( 30 - 30) =     19.00092  eV     1   --> A              
     e( 31 - 31) =     19.60519  eV     1   --> A              
     e( 32 - 32) =     20.30705  eV     1   --> A              
     e( 33 - 33) =     21.20002  eV     1   --> A              
     e( 34 - 34) =     21.61633  eV     1   --> A              
     e( 35 - 35) =     22.19144  eV     1   --> A              
     e( 36 - 36) =     22.84970  eV     1   --> A              

 **************************************************************************

 **************************************************************************

                    xk=(   0.53889,   0.22132,   0.00000  )

     Band symmetry, C_1 (1)     point group:

     e(  1 -  1) =    -45.31988  eV     1   --> A              
     e(  2 -  2) =    -23.86209  eV     1   --> A              
     e(  3 -  3) =    -23.54226  eV     1   --> A              
     e(  4 -  4) =    -23.24223  eV     1   --> A              
     e(  5 -  5) =    -20.56679  eV     1   --> A              
     e(  6 -  6) =    -12.09796  eV     1   --> A              
     e(  7 -  7) =     -3.16945  eV     1   --> A              
     e(  8 -  8) =     -2.70374  eV     1   --> A              
     e(  9 -  9) =     -2.52429  eV     1   --> A              
     e( 10 - 10) =     -2.33591  eV     1   --> A              
     e( 11 - 11) =     -0.63098  eV     1   --> A              
     e( 12 - 12) =      0.28348  eV     1   --> A              
     e( 13 - 13) =      3.54967  eV     1   --> A              
     e( 14 - 14) =      6.48745  eV     1   --> A              
     e( 15 - 15) =      6.82990  eV     1   --> A              
     e( 16 - 16) =      7.38407  eV     1   --> A              
     e( 17 - 17) =      8.02631  eV     1   --> A              
     e( 18 - 18) =      9.94640  eV     1   --> A              
     e( 19 - 19) =     10.28694  eV     1   --> A              
     e( 20 - 20) =     11.34341  eV     1   --> A              
     e( 21 - 21) =     11.65448  eV     1   --> A              
     e( 22 - 22) =     12.44814  eV     1   --> A              
     e( 23 - 23) =     13.32014  eV     1   --> A              
     e( 24 - 24) =     14.08808  eV     1   --> A              
     e( 25 - 25) =     14.83060  eV     1   --> A              
     e( 26 - 26) =     15.17890  eV     1   --> A              
     e( 27 - 27) =     16.87322  eV     1   --> A              
     e( 28 - 28) =     18.39911  eV     1   --> A              
     e( 29 - 29) =     18.64683  eV     1   --> A              
     e( 30 - 30) =     18.99354  eV     1   --> A              
     e( 31 - 31) =     19.58496  eV     1   --> A              
     e( 32 - 32) =     20.31337  eV     1   --> A              
     e( 33 - 33) =     21.22563  eV     1   --> A              
     e( 34 - 34) =     21.59932  eV     1   --> A              
     e( 35 - 35) =     22.18275  eV     1   --> A              
     e( 36 - 36) =     22.87404  eV     1   --> A              

 **************************************************************************

 **************************************************************************

                    xk=(   0.54028,   0.21891,   0.00000  )

     Band symmetry, C_1 (1)     point group:

     e(  1 -  1) =    -45.31982  eV     1   --> A              
     e(  2 -  2) =    -23.86128  eV     1   --> A              
     e(  3 -  3) =    -23.54205  eV     1   --> A              
     e(  4 -  4) =    -23.24408  eV     1   --> A              
     e(  5 -  5) =    -20.56652  eV     1   --> A              
     e(  6 -  6) =    -12.09696  eV     1   --> A              
     e(  7 -  7) =     -3.16668  eV     1   --> A              
     e(  8 -  8) =     -2.70709  eV     1   --> A              
     e(  9 -  9) =     -2.52410  eV     1   --> A              
     e( 10 - 10) =     -2.33097  eV     1   --> A              
     e( 11 - 11) =     -0.63121  eV     1   --> A              
     e( 12 - 12) =      0.26746  eV     1   --> A              
     e( 13 - 13) =      3.55830  eV     1   --> A              
     e( 14 - 14) =      6.48991  eV     1   --> A              
     e( 15 - 15) =      6.82887  eV     1   --> A              
     e( 16 - 16) =      7.37936  eV     1   --> A              
     e( 17 - 17) =      8.01528  eV     1   --> A              
     e( 18 - 18) =      9.96070  eV     1   --> A              
     e( 19 - 19) =     10.30752  eV     1   --> A              
     e( 20 - 20) =     11.35511  eV     1   --> A              
     e( 21 - 21) =     11.65707  eV     1   --> A              
     e( 22 - 22) =     12.44967  eV     1   --> A              
     e( 23 - 23) =     13.31860  eV     1   --> A              
     e( 24 - 24) =     14.08559  eV     1   --> A              
     e( 25 - 25) =     14.83264  eV     1   --> A              
     e( 26 - 26) =     15.17440  eV     1   --> A              
     e( 27 - 27) =     16.86051  eV     1   --> A              
     e( 28 - 28) =     18.36461  eV     1   --> A              
     e( 29 - 29) =     18.62155  eV     1   --> A              
     e( 30 - 30) =     18.98538  eV     1   --> A              
     e( 31 - 31) =     19.56612  eV     1   --> A              
     e( 32 - 32) =     20.31910  eV     1   --> A              
     e( 33 - 33) =     21.25144  eV     1   --> A              
     e( 34 - 34) =     21.58060  eV     1   --> A              
     e( 35 - 35) =     22.17618  eV     1   --> A              
     e( 36 - 36) =     22.89324  eV     1   --> A              

 **************************************************************************

 **************************************************************************

                    xk=(   0.54167,   0.21651,   0.00000  )

     Band symmetry, C_1 (1)     point group:

     e(  1 -  1) =    -45.31975  eV     1   --> A              
     e(  2 -  2) =    -23.86044  eV     1   --> A              
     e(  3 -  3) =    -23.54183  eV     1   --> A              
     e(  4 -  4) =    -23.24598  eV     1   --> A              
     e(  5 -  5) =    -20.56624  eV     1   --> A              
     e(  6 -  6) =    -12.09592  eV     1   --> A              
     e(  7 -  7) =     -3.16385  eV     1   --> A              
     e(  8 -  8) =     -2.71044  eV     1   --> A              
     e(  9 -  9) =     -2.52388  eV     1   --> A              
     e( 10 - 10) =     -2.32598  eV     1   --> A              
     e( 11 - 11) =     -0.63146  eV     1   --> A              
     e( 12 - 12) =      0.25104  eV     1   --> A              
     e( 13 - 13) =      3.56714  eV     1   --> A              
     e( 14 - 14) =      6.49236  eV     1   --> A              
     e( 15 - 15) =      6.82772  eV     1   --> A              
     e( 16 - 16) =      7.37469  eV     1   --> A              
     e( 17 - 17) =      8.00419  eV     1   --> A              
     e( 18 - 18) =      9.97490  eV     1   --> A              
     e( 19 - 19) =     10.32884  eV     1   --> A              
     e( 20 - 20) =     11.36727  eV     1   --> A              
     e( 21 - 21) =     11.65976  eV     1   --> A              
     e( 22 - 22) =     12.45116  eV     1   --> A              
     e( 23 - 23) =     13.31699  eV     1   --> A              
     e( 24 - 24) =     14.08328  eV     1   --> A              
     e( 25 - 25) =     14.83468  eV     1   --> A              
     e( 26 - 26) =     15.17001  eV     1   --> A              
     e( 27 - 27) =     16.84682  eV     1   --> A              
     e( 28 - 28) =     18.33058  eV     1   --> A              
     e( 29 - 29) =     18.59515  eV     1   --> A              
     e( 30 - 30) =     18.97604  eV     1   --> A              
     e( 31 - 31) =     19.54896  eV     1   --> A              
     e( 32 - 32) =     20.32431  eV     1   --> A              
     e( 33 - 33) =     21.27690  eV     1   --> A              
     e( 34 - 34) =     21.56081  eV     1   --> A              
     e( 35 - 35) =     22.17142  eV     1   --> A              
     e( 36 - 36) =     22.90540  eV     1   --> A              

 **************************************************************************

 **************************************************************************

                    xk=(   0.54306,   0.21410,   0.00000  )

     Band symmetry, C_1 (1)     point group:

     e(  1 -  1) =    -45.31969  eV     1   --> A              
     e(  2 -  2) =    -23.85958  eV     1   --> A              
     e(  3 -  3) =    -23.54161  eV     1   --> A              
     e(  4 -  4) =    -23.24795  eV     1   --> A              
     e(  5 -  5) =    -20.56595  eV     1   --> A              
     e(  6 -  6) =    -12.09486  eV     1   --> A              
     e(  7 -  7) =     -3.16095  eV     1   --> A              
     e(  8 -  8) =     -2.71380  eV     1   --> A              
     e(  9 -  9) =     -2.52365  eV     1   --> A              
     e( 10 - 10) =     -2.32093  eV     1   --> A              
     e( 11 - 11) =     -0.63172  eV     1   --> A              
     e( 12 - 12) =      0.23425  eV     1   --> A              
     e( 13 - 13) =      3.57617  eV     1   --> A              
     e( 14 - 14) =      6.49481  eV     1   --> A              
     e( 15 - 15) =      6.82643  eV     1   --> A              
     e( 16 - 16) =      7.37010  eV     1   --> A              
     e( 17 - 17) =      7.99305  eV     1   --> A              
     e( 18 - 18) =      9.98900  eV     1   --> A              
     e( 19 - 19) =     10.35086  eV     1   --> A              
     e( 20 - 20) =     11.37989  eV     1   --> A              
     e( 21 - 21) =     11.66254  eV     1   --> A              
     e( 22 - 22) =     12.45259  eV     1   --> A              
     e( 23 - 23) =     13.31532  eV     1   --> A              
     e( 24 - 24) =     14.08116  eV     1   --> A              
     e( 25 - 25) =     14.83673  eV     1   --> A              
     e( 26 - 26) =     15.16573  eV     1   --> A              
     e( 27 - 27) =     16.83213  eV     1   --> A              
     e( 28 - 28) =     18.29705  eV     1   --> A              
     e( 29 - 29) =     18.56775  eV     1   --> A              
     e( 30 - 30) =     18.96518  eV     1   --> A              
     e( 31 - 31) =     19.53374  eV     1   --> A              
     e( 32 - 32) =     20.32910  eV     1   --> A              
     e( 33 - 33) =     21.30107  eV     1   --> A              
     e( 34 - 34) =     21.54102  eV     1   --> A              
     e( 35 - 35) =     22.16814  eV     1   --> A              
     e( 36 - 36) =     22.90965  eV     1   --> A              

 **************************************************************************

 **************************************************************************

                    xk=(   0.54444,   0.21170,   0.00000  )

     Band symmetry, C_1 (1)     point group:

     e(  1 -  1) =    -45.31962  eV     1   --> A              
     e(  2 -  2) =    -23.85870  eV     1   --> A              
     e(  3 -  3) =    -23.54138  eV     1   --> A              
     e(  4 -  4) =    -23.24996  eV     1   --> A              
     e(  5 -  5) =    -20.56566  eV     1   --> A              
     e(  6 -  6) =    -12.09376  eV     1   --> A              
     e(  7 -  7) =     -3.15800  eV     1   --> A              
     e(  8 -  8) =     -2.71715  eV     1   --> A              
     e(  9 -  9) =     -2.52338  eV     1   --> A              
     e( 10 - 10) =     -2.31582  eV     1   --> A              
     e( 11 - 11) =     -0.63199  eV     1   --> A              
     e( 12 - 12) =      0.21709  eV     1   --> A              
     e( 13 - 13) =      3.58540  eV     1   --> A              
     e( 14 - 14) =      6.49724  eV     1   --> A              
     e( 15 - 15) =      6.82501  eV     1   --> A              
     e( 16 - 16) =      7.36559  eV     1   --> A              
     e( 17 - 17) =      7.98188  eV     1   --> A              
     e( 18 - 18) =     10.00298  eV     1   --> A              
     e( 19 - 19) =     10.37356  eV     1   --> A              
     e( 20 - 20) =     11.39298  eV     1   --> A              
     e( 21 - 21) =     11.66541  eV     1   --> A              
     e( 22 - 22) =     12.45395  eV     1   --> A              
     e( 23 - 23) =     13.31359  eV     1   --> A              
     e( 24 - 24) =     14.07926  eV     1   --> A              
     e( 25 - 25) =     14.83876  eV     1   --> A              
     e( 26 - 26) =     15.16159  eV     1   --> A              
     e( 27 - 27) =     16.81643  eV     1   --> A              
     e( 28 - 28) =     18.26406  eV     1   --> A              
     e( 29 - 29) =     18.53948  eV     1   --> A              
     e( 30 - 30) =     18.95251  eV     1   --> A              
     e( 31 - 31) =     19.52069  eV     1   --> A              
     e( 32 - 32) =     20.33354  eV     1   --> A              
     e( 33 - 33) =     21.32233  eV     1   --> A              
     e( 34 - 34) =     21.52299  eV     1   --> A              
     e( 35 - 35) =     22.16603  eV     1   --> A              
     e( 36 - 36) =     22.90713  eV     1   --> A              

 **************************************************************************

 **************************************************************************

                    xk=(   0.54583,   0.20929,   0.00000  )

     Band symmetry, C_1 (1)     point group:

     e(  1 -  1) =    -45.31956  eV     1   --> A              
     e(  2 -  2) =    -23.85779  eV     1   --> A              
     e(  3 -  3) =    -23.54114  eV     1   --> A              
     e(  4 -  4) =    -23.25202  eV     1   --> A              
     e(  5 -  5) =    -20.56537  eV     1   --> A              
     e(  6 -  6) =    -12.09264  eV     1   --> A              
     e(  7 -  7) =     -3.15498  eV     1   --> A              
     e(  8 -  8) =     -2.72049  eV     1   --> A              
     e(  9 -  9) =     -2.52309  eV     1   --> A              
     e( 10 - 10) =     -2.31065  eV     1   --> A              
     e( 11 - 11) =     -0.63227  eV     1   --> A              
     e( 12 - 12) =      0.19959  eV     1   --> A              
     e( 13 - 13) =      3.59481  eV     1   --> A              
     e( 14 - 14) =      6.49965  eV     1   --> A              
     e( 15 - 15) =      6.82345  eV     1   --> A              
     e( 16 - 16) =      7.36120  eV     1   --> A              
     e( 17 - 17) =      7.97070  eV     1   --> A              
     e( 18 - 18) =     10.01683  eV     1   --> A              
     e( 19 - 19) =     10.39690  eV     1   --> A              
     e( 20 - 20) =     11.40655  eV     1   --> A              
     e( 21 - 21) =     11.66839  eV     1   --> A              
     e( 22 - 22) =     12.45523  eV     1   --> A              
     e( 23 - 23) =     13.31183  eV     1   --> A              
     e( 24 - 24) =     14.07759  eV     1   --> A              
     e( 25 - 25) =     14.84078  eV     1   --> A              
     e( 26 - 26) =     15.15761  eV     1   --> A              
     e( 27 - 27) =     16.79971  eV     1   --> A              
     e( 28 - 28) =     18.23162  eV     1   --> A              
     e( 29 - 29) =     18.51043  eV     1   --> A              
     e( 30 - 30) =     18.93780  eV     1   --> A              
     e( 31 - 31) =     19.50998  eV     1   --> A              
     e( 32 - 32) =     20.33770  eV     1   --> A              
     e( 33 - 33) =     21.33782  eV     1   --> A              
     e( 34 - 34) =     21.50973  eV     1   --> A              
     e( 35 - 35) =     22.16478  eV     1   --> A              
     e( 36 - 36) =     22.89993  eV     1   --> A              

 **************************************************************************

 **************************************************************************

                    xk=(   0.54722,   0.20688,   0.00000  )

     Band symmetry, C_1 (1)     point group:

     e(  1 -  1) =    -45.31949  eV     1   --> A              
     e(  2 -  2) =    -23.85685  eV     1   --> A              
     e(  3 -  3) =    -23.54090  eV     1   --> A              
     e(  4 -  4) =    -23.25414  eV     1   --> A              
     e(  5 -  5) =    -20.56506  eV     1   --> A              
     e(  6 -  6) =    -12.09149  eV     1   --> A              
     e(  7 -  7) =     -3.15192  eV     1   --> A              
     e(  8 -  8) =     -2.72381  eV     1   --> A              
     e(  9 -  9) =     -2.52277  eV     1   --> A              
     e( 10 - 10) =     -2.30543  eV     1   --> A              
     e( 11 - 11) =     -0.63257  eV     1   --> A              
     e( 12 - 12) =      0.18174  eV     1   --> A              
     e( 13 - 13) =      3.60440  eV     1   --> A              
     e( 14 - 14) =      6.50202  eV     1   --> A              
     e( 15 - 15) =      6.82172  eV     1   --> A              
     e( 16 - 16) =      7.35693  eV     1   --> A              
     e( 17 - 17) =      7.95951  eV     1   --> A              
     e( 18 - 18) =     10.03054  eV     1   --> A              
     e( 19 - 19) =     10.42085  eV     1   --> A              
     e( 20 - 20) =     11.42058  eV     1   --> A              
     e( 21 - 21) =     11.67146  eV     1   --> A              
     e( 22 - 22) =     12.45642  eV     1   --> A              
     e( 23 - 23) =     13.31005  eV     1   --> A              
     e( 24 - 24) =     14.07617  eV     1   --> A              
     e( 25 - 25) =     14.84276  eV     1   --> A              
     e( 26 - 26) =     15.15379  eV     1   --> A              
     e( 27 - 27) =     16.78195  eV     1   --> A              
     e( 28 - 28) =     18.19976  eV     1   --> A              
     e( 29 - 29) =     18.48070  eV     1   --> A              
     e( 30 - 30) =     18.92091  eV     1   --> A              
     e( 31 - 31) =     19.50170  eV     1   --> A              
     e( 32 - 32) =     20.34164  eV     1   --> A              
     e( 33 - 33) =     21.34361  eV     1   --> A              
     e( 34 - 34) =     21.50529  eV     1   --> A              
     e( 35 - 35) =     22.16411  eV     1   --> A              
     e( 36 - 36) =     22.88980  eV     1   --> A              

 **************************************************************************

 **************************************************************************

                    xk=(   0.54861,   0.20448,   0.00000  )

     Band symmetry, C_1 (1)     point group:

     e(  1 -  1) =    -45.31942  eV     1   --> A              
     e(  2 -  2) =    -23.85589  eV     1   --> A              
     e(  3 -  3) =    -23.54066  eV     1   --> A              
     e(  4 -  4) =    -23.25630  eV     1   --> A              
     e(  5 -  5) =    -20.56476  eV     1   --> A              
     e(  6 -  6) =    -12.09031  eV     1   --> A              
     e(  7 -  7) =     -3.14881  eV     1   --> A              
     e(  8 -  8) =     -2.72711  eV     1   --> A              
     e(  9 -  9) =     -2.52244  eV     1   --> A              
     e( 10 - 10) =     -2.30017  eV     1   --> A              
     e( 11 - 11) =     -0.63288  eV     1   --> A              
     e( 12 - 12) =      0.16358  eV     1   --> A              
     e( 13 - 13) =      3.61416  eV     1   --> A              
     e( 14 - 14) =      6.50435  eV     1   --> A              
     e( 15 - 15) =      6.81984  eV     1   --> A              
     e( 16 - 16) =      7.35280  eV     1   --> A              
     e( 17 - 17) =      7.94832  eV     1   --> A              
     e( 18 - 18) =     10.04412  eV     1   --> A              
     e( 19 - 19) =     10.44539  eV     1   --> A              
     e( 20 - 20) =     11.43509  eV     1   --> A              
     e( 21 - 21) =     11.67464  eV     1   --> A              
     e( 22 - 22) =     12.45751  eV     1   --> A              
     e( 23 - 23) =     13.30825  eV     1   --> A              
     e( 24 - 24) =     14.07502  eV     1   --> A              
     e( 25 - 25) =     14.84470  eV     1   --> A              
     e( 26 - 26) =     15.15016  eV     1   --> A              
     e( 27 - 27) =     16.76315  eV     1   --> A              
     e( 28 - 28) =     18.16847  eV     1   --> A              
     e( 29 - 29) =     18.45036  eV     1   --> A              
     e( 30 - 30) =     18.90180  eV     1   --> A              
     e( 31 - 31) =     19.49588  eV     1   --> A              
     e( 32 - 32) =     20.34540  eV     1   --> A              
     e( 33 - 33) =     21.33728  eV     1   --> A              
     e( 34 - 34) =     21.51216  eV     1   --> A              
     e( 35 - 35) =     22.16380  eV     1   --> A              
     e( 36 - 36) =     22.87791  eV     1   --> A              

 **************************************************************************

 **************************************************************************

                    xk=(   0.55000,   0.20207,   0.00000  )

     Band symmetry, C_1 (1)     point group:

     e(  1 -  1) =    -45.31934  eV     1   --> A              
     e(  2 -  2) =    -23.85491  eV     1   --> A              
     e(  3 -  3) =    -23.54041  eV     1   --> A              
     e(  4 -  4) =    -23.25851  eV     1   --> A              
     e(  5 -  5) =    -20.56444  eV     1   --> A              
     e(  6 -  6) =    -12.08910  eV     1   --> A              
     e(  7 -  7) =     -3.14566  eV     1   --> A              
     e(  8 -  8) =     -2.73038  eV     1   --> A              
     e(  9 -  9) =     -2.52208  eV     1   --> A              
     e( 10 - 10) =     -2.29484  eV     1   --> A              
     e( 11 - 11) =     -0.63321  eV     1   --> A              
     e( 12 - 12) =      0.14512  eV     1   --> A              
     e( 13 - 13) =      3.62409  eV     1   --> A              
     e( 14 - 14) =      6.50663  eV     1   --> A              
     e( 15 - 15) =      6.81778  eV     1   --> A              
     e( 16 - 16) =      7.34885  eV     1   --> A              
     e( 17 - 17) =      7.93714  eV     1   --> A              
     e( 18 - 18) =     10.05754  eV     1   --> A              
     e( 19 - 19) =     10.47048  eV     1   --> A              
     e( 20 - 20) =     11.45008  eV     1   --> A              
     e( 21 - 21) =     11.67791  eV     1   --> A              
     e( 22 - 22) =     12.45848  eV     1   --> A              
     e( 23 - 23) =     13.30647  eV     1   --> A              
     e( 24 - 24) =     14.07413  eV     1   --> A              
     e( 25 - 25) =     14.84657  eV     1   --> A              
     e( 26 - 26) =     15.14673  eV     1   --> A              
     e( 27 - 27) =     16.74331  eV     1   --> A              
     e( 28 - 28) =     18.13778  eV     1   --> A              
     e( 29 - 29) =     18.41948  eV     1   --> A              
     e( 30 - 30) =     18.88048  eV     1   --> A              
     e( 31 - 31) =     19.49247  eV     1   --> A              
     e( 32 - 32) =     20.34904  eV     1   --> A              
     e( 33 - 33) =     21.32061  eV     1   --> A              
     e( 34 - 34) =     21.52863  eV     1   --> A              
     e( 35 - 35) =     22.16367  eV     1   --> A              
     e( 36 - 36) =     22.86500  eV     1   --> A              

 **************************************************************************

 **************************************************************************

                    xk=(   0.55139,   0.19967,   0.00000  )

     Band symmetry, C_1 (1)     point group:

     e(  1 -  1) =    -45.31927  eV     1   --> A              
     e(  2 -  2) =    -23.85390  eV     1   --> A              
     e(  3 -  3) =    -23.54014  eV     1   --> A              
     e(  4 -  4) =    -23.26077  eV     1   --> A              
     e(  5 -  5) =    -20.56412  eV     1   --> A              
     e(  6 -  6) =    -12.08787  eV     1   --> A              
     e(  7 -  7) =     -3.14246  eV     1   --> A              
     e(  8 -  8) =     -2.73361  eV     1   --> A              
     e(  9 -  9) =     -2.52169  eV     1   --> A              
     e( 10 - 10) =     -2.28947  eV     1   --> A              
     e( 11 - 11) =     -0.63356  eV     1   --> A              
     e( 12 - 12) =      0.12636  eV     1   --> A              
     e( 13 - 13) =      3.63418  eV     1   --> A              
     e( 14 - 14) =      6.50887  eV     1   --> A              
     e( 15 - 15) =      6.81555  eV     1   --> A              
     e( 16 - 16) =      7.34508  eV     1   --> A              
     e( 17 - 17) =      7.92600  eV     1   --> A              
     e( 18 - 18) =     10.07082  eV     1   --> A              
     e( 19 - 19) =     10.49609  eV     1   --> A              
     e( 20 - 20) =     11.46553  eV     1   --> A              
     e( 21 - 21) =     11.68129  eV     1   --> A              
     e( 22 - 22) =     12.45934  eV     1   --> A              
     e( 23 - 23) =     13.30472  eV     1   --> A              
     e( 24 - 24) =     14.07353  eV     1   --> A              
     e( 25 - 25) =     14.84837  eV     1   --> A              
     e( 26 - 26) =     15.14352  eV     1   --> A              
     e( 27 - 27) =     16.72245  eV     1   --> A              
     e( 28 - 28) =     18.10767  eV     1   --> A              
     e( 29 - 29) =     18.38810  eV     1   --> A              
     e( 30 - 30) =     18.85707  eV     1   --> A              
     e( 31 - 31) =     19.49134  eV     1   --> A              
     e( 32 - 32) =     20.35260  eV     1   --> A              
     e( 33 - 33) =     21.29726  eV     1   --> A              
     e( 34 - 34) =     21.55109  eV     1   --> A              
     e( 35 - 35) =     22.16357  eV     1   --> A              
     e( 36 - 36) =     22.85151  eV     1   --> A              

 **************************************************************************

 **************************************************************************

                    xk=(   0.55278,   0.19726,   0.00000  )

     Band symmetry, C_1 (1)     point group:

     e(  1 -  1) =    -45.31919  eV     1   --> A              
     e(  2 -  2) =    -23.85288  eV     1   --> A              
     e(  3 -  3) =    -23.53989  eV     1   --> A              
     e(  4 -  4) =    -23.26308  eV     1   --> A              
     e(  5 -  5) =    -20.56380  eV     1   --> A              
     e(  6 -  6) =    -12.08662  eV     1   --> A              
     e(  7 -  7) =     -3.13923  eV     1   --> A              
     e(  8 -  8) =     -2.73681  eV     1   --> A              
     e(  9 -  9) =     -2.52129  eV     1   --> A              
     e( 10 - 10) =     -2.28406  eV     1   --> A              
     e( 11 - 11) =     -0.63392  eV     1   --> A              
     e( 12 - 12) =      0.10732  eV     1   --> A              
     e( 13 - 13) =      3.64442  eV     1   --> A              
     e( 14 - 14) =      6.51103  eV     1   --> A              
     e( 15 - 15) =      6.81312  eV     1   --> A              
     e( 16 - 16) =      7.34151  eV     1   --> A              
     e( 17 - 17) =      7.91488  eV     1   --> A              
     e( 18 - 18) =     10.08394  eV     1   --> A              
     e( 19 - 19) =     10.52218  eV     1   --> A              
     e( 20 - 20) =     11.48146  eV     1   --> A              
     e( 21 - 21) =     11.68478  eV     1   --> A              
     e( 22 - 22) =     12.46007  eV     1   --> A              
     e( 23 - 23) =     13.30302  eV     1   --> A              
     e( 24 - 24) =     14.07323  eV     1   --> A              
     e( 25 - 25) =     14.85008  eV     1   --> A              
     e( 26 - 26) =     15.14054  eV     1   --> A              
     e( 27 - 27) =     16.70056  eV     1   --> A              
     e( 28 - 28) =     18.07814  eV     1   --> A              
     e( 29 - 29) =     18.35629  eV     1   --> A              
     e( 30 - 30) =     18.83169  eV     1   --> A              
     e( 31 - 31) =     19.49234  eV     1   --> A              
     e( 32 - 32) =     20.35610  eV     1   --> A              
     e( 33 - 33) =     21.26997  eV     1   --> A              
     e( 34 - 34) =     21.57678  eV     1   --> A              
     e( 35 - 35) =     22.16342  eV     1   --> A              
     e( 36 - 36) =     22.83778  eV     1   --> A              

 **************************************************************************

 **************************************************************************

                    xk=(   0.55417,   0.19486,   0.00000  )

     Band symmetry, C_1 (1)     point group:

     e(  1 -  1) =    -45.31912  eV     1   --> A              
     e(  2 -  2) =    -23.85183  eV     1   --> A              
     e(  3 -  3) =    -23.53962  eV     1   --> A              
     e(  4 -  4) =    -23.26544  eV     1   --> A              
     e(  5 -  5) =    -20.56347  eV     1   --> A              
     e(  6 -  6) =    -12.08534  eV     1   --> A              
     e(  7 -  7) =     -3.13598  eV     1   --> A              
     e(  8 -  8) =     -2.73997  eV     1   --> A              
     e(  9 -  9) =     -2.52087  eV     1   --> A              
     e( 10 - 10) =     -2.27860  eV     1   --> A              
     e( 11 - 11) =     -0.63431  eV     1   --> A              
     e( 12 - 12) =      0.08802  eV     1   --> A              
     e( 13 - 13) =      3.65479  eV     1   --> A              
     e( 14 - 14) =      6.51313  eV     1   --> A              
     e( 15 - 15) =      6.81051  eV     1   --> A              
     e( 16 - 16) =      7.33816  eV     1   --> A              
     e( 17 - 17) =      7.90378  eV     1   --> A              
     e( 18 - 18) =     10.09691  eV     1   --> A              
     e( 19 - 19) =     10.54871  eV     1   --> A              
     e( 20 - 20) =     11.49786  eV     1   --> A              
     e( 21 - 21) =     11.68838  eV     1   --> A              
     e( 22 - 22) =     12.46066  eV     1   --> A              
     e( 23 - 23) =     13.30140  eV     1   --> A              
     e( 24 - 24) =     14.07323  eV     1   --> A              
     e( 25 - 25) =     14.85168  eV     1   --> A              
     e( 26 - 26) =     15.13781  eV     1   --> A              
     e( 27 - 27) =     16.67768  eV     1   --> A              
     e( 28 - 28) =     18.04918  eV     1   --> A              
     e( 29 - 29) =     18.32407  eV     1   --> A              
     e( 30 - 30) =     18.80453  eV     1   --> A              
     e( 31 - 31) =     19.49527  eV     1   --> A              
     e( 32 - 32) =     20.35957  eV     1   --> A              
     e( 33 - 33) =     21.24034  eV     1   --> A              
     e( 34 - 34) =     21.60406  eV     1   --> A              
     e( 35 - 35) =     22.16319  eV     1   --> A              
     e( 36 - 36) =     22.82402  eV     1   --> A              

 **************************************************************************

 **************************************************************************

                    xk=(   0.55556,   0.19245,   0.00000  )

     Band symmetry, C_1 (1)     point group:

     e(  1 -  1) =    -45.31904  eV     1   --> A              
     e(  2 -  2) =    -23.85076  eV     1   --> A              
     e(  3 -  3) =    -23.53935  eV     1   --> A              
     e(  4 -  4) =    -23.26783  eV     1   --> A              
     e(  5 -  5) =    -20.56314  eV     1   --> A              
     e(  6 -  6) =    -12.08403  eV     1   --> A              
     e(  7 -  7) =     -3.13271  eV     1   --> A              
     e(  8 -  8) =     -2.74307  eV     1   --> A              
     e(  9 -  9) =     -2.52042  eV     1   --> A              
     e( 10 - 10) =     -2.27309  eV     1   --> A              
     e( 11 - 11) =     -0.63471  eV     1   --> A              
     e( 12 - 12) =      0.06847  eV     1   --> A              
     e( 13 - 13) =      3.66532  eV     1   --> A              
     e( 14 - 14) =      6.51516  eV     1   --> A              
     e( 15 - 15) =      6.80771  eV     1   --> A              
     e( 16 - 16) =      7.33504  eV     1   --> A              
     e( 17 - 17) =      7.89275  eV     1   --> A              
     e( 18 - 18) =     10.10973  eV     1   --> A              
     e( 19 - 19) =     10.57566  eV     1   --> A              
     e( 20 - 20) =     11.51472  eV     1   --> A              
     e( 21 - 21) =     11.69209  eV     1   --> A              
     e( 22 - 22) =     12.46111  eV     1   --> A              
     e( 23 - 23) =     13.29988  eV     1   --> A              
     e( 24 - 24) =     14.07354  eV     1   --> A              
     e( 25 - 25) =     14.85316  eV     1   --> A              
     e( 26 - 26) =     15.13534  eV     1   --> A              
     e( 27 - 27) =     16.65382  eV     1   --> A              
     e( 28 - 28) =     18.02078  eV     1   --> A              
     e( 29 - 29) =     18.29148  eV     1   --> A              
     e( 30 - 30) =     18.77579  eV     1   --> A              
     e( 31 - 31) =     19.49994  eV     1   --> A              
     e( 32 - 32) =     20.36304  eV     1   --> A              
     e( 33 - 33) =     21.20926  eV     1   --> A              
     e( 34 - 34) =     21.63194  eV     1   --> A              
     e( 35 - 35) =     22.16292  eV     1   --> A              
     e( 36 - 36) =     22.81040  eV     1   --> A              

 **************************************************************************

 **************************************************************************

                    xk=(   0.55694,   0.19004,   0.00000  )

     Band symmetry, C_1 (1)     point group:

     e(  1 -  1) =    -45.31896  eV     1   --> A              
     e(  2 -  2) =    -23.84966  eV     1   --> A              
     e(  3 -  3) =    -23.53907  eV     1   --> A              
     e(  4 -  4) =    -23.27027  eV     1   --> A              
     e(  5 -  5) =    -20.56281  eV     1   --> A              
     e(  6 -  6) =    -12.08270  eV     1   --> A              
     e(  7 -  7) =     -3.12941  eV     1   --> A              
     e(  8 -  8) =     -2.74611  eV     1   --> A              
     e(  9 -  9) =     -2.51995  eV     1   --> A              
     e( 10 - 10) =     -2.26754  eV     1   --> A              
     e( 11 - 11) =     -0.63513  eV     1   --> A              
     e( 12 - 12) =      0.04869  eV     1   --> A              
     e( 13 - 13) =      3.67597  eV     1   --> A              
     e( 14 - 14) =      6.51711  eV     1   --> A              
     e( 15 - 15) =      6.80470  eV     1   --> A              
     e( 16 - 16) =      7.33216  eV     1   --> A              
     e( 17 - 17) =      7.88177  eV     1   --> A              
     e( 18 - 18) =     10.12238  eV     1   --> A              
     e( 19 - 19) =     10.60299  eV     1   --> A              
     e( 20 - 20) =     11.53203  eV     1   --> A              
     e( 21 - 21) =     11.69592  eV     1   --> A              
     e( 22 - 22) =     12.46142  eV     1   --> A              
     e( 23 - 23) =     13.29849  eV     1   --> A              
     e( 24 - 24) =     14.07416  eV     1   --> A              
     e( 25 - 25) =     14.85449  eV     1   --> A              
     e( 26 - 26) =     15.13315  eV     1   --> A              
     e( 27 - 27) =     16.62902  eV     1   --> A              
     e( 28 - 28) =     17.99290  eV     1   --> A              
     e( 29 - 29) =     18.25855  eV     1   --> A              
     e( 30 - 30) =     18.74564  eV     1   --> A              
     e( 31 - 31) =     19.50615  eV     1   --> A              
     e( 32 - 32) =     20.36652  eV     1   --> A              
     e( 33 - 33) =     21.17728  eV     1   --> A              
     e( 34 - 34) =     21.65976  eV     1   --> A              
     e( 35 - 35) =     22.16269  eV     1   --> A              
     e( 36 - 36) =     22.79706  eV     1   --> A              

 **************************************************************************

 **************************************************************************

                    xk=(   0.55833,   0.18764,   0.00000  )

     Band symmetry, C_1 (1)     point group:

     e(  1 -  1) =    -45.31888  eV     1   --> A              
     e(  2 -  2) =    -23.84855  eV     1   --> A              
     e(  3 -  3) =    -23.53879  eV     1   --> A              
     e(  4 -  4) =    -23.27274  eV     1   --> A              
     e(  5 -  5) =    -20.56247  eV     1   --> A              
     e(  6 -  6) =    -12.08135  eV     1   --> A              
     e(  7 -  7) =     -3.12610  eV     1   --> A              
     e(  8 -  8) =     -2.74910  eV     1   --> A              
     e(  9 -  9) =     -2.51947  eV     1   --> A              
     e( 10 - 10) =     -2.26194  eV     1   --> A              
     e( 11 - 11) =     -0.63558  eV     1   --> A              
     e( 12 - 12) =      0.02869  eV     1   --> A              
     e( 13 - 13) =      3.68675  eV     1   --> A              
     e( 14 - 14) =      6.51898  eV     1   --> A              
     e( 15 - 15) =      6.80150  eV     1   --> A              
     e( 16 - 16) =      7.32955  eV     1   --> A              
     e( 17 - 17) =      7.87085  eV     1   --> A              
     e( 18 - 18) =     10.13487  eV     1   --> A              
     e( 19 - 19) =     10.63067  eV     1   --> A              
     e( 20 - 20) =     11.54977  eV     1   --> A              
     e( 21 - 21) =     11.69989  eV     1   --> A              
     e( 22 - 22) =     12.46158  eV     1   --> A              
     e( 23 - 23) =     13.29725  eV     1   --> A              
     e( 24 - 24) =     14.07509  eV     1   --> A              
     e( 25 - 25) =     14.85566  eV     1   --> A              
     e( 26 - 26) =     15.13125  eV     1   --> A              
     e( 27 - 27) =     16.60330  eV     1   --> A              
     e( 28 - 28) =     17.96554  eV     1   --> A              
     e( 29 - 29) =     18.22529  eV     1   --> A              
     e( 30 - 30) =     18.71430  eV     1   --> A              
     e( 31 - 31) =     19.51368  eV     1   --> A              
     e( 32 - 32) =     20.37003  eV     1   --> A              
     e( 33 - 33) =     21.14474  eV     1   --> A              
     e( 34 - 34) =     21.68699  eV     1   --> A              
     e( 35 - 35) =     22.16265  eV     1   --> A              
     e( 36 - 36) =     22.78410  eV     1   --> A              

 **************************************************************************

 **************************************************************************

                    xk=(   0.55972,   0.18523,   0.00000  )

     Band symmetry, C_1 (1)     point group:

     e(  1 -  1) =    -45.31880  eV     1   --> A              
     e(  2 -  2) =    -23.84741  eV     1   --> A              
     e(  3 -  3) =    -23.53850  eV     1   --> A              
     e(  4 -  4) =    -23.27526  eV     1   --> A              
     e(  5 -  5) =    -20.56212  eV     1   --> A              
     e(  6 -  6) =    -12.07997  eV     1   --> A              
     e(  7 -  7) =     -3.12279  eV     1   --> A              
     e(  8 -  8) =     -2.75202  eV     1   --> A              
     e(  9 -  9) =     -2.51896  eV     1   --> A              
     e( 10 - 10) =     -2.25629  eV     1   --> A              
     e( 11 - 11) =     -0.63606  eV     1   --> A              
     e( 12 - 12) =      0.00848  eV     1   --> A              
     e( 13 - 13) =      3.69765  eV     1   --> A              
     e( 14 - 14) =      6.52075  eV     1   --> A              
     e( 15 - 15) =      6.79809  eV     1   --> A              
     e( 16 - 16) =      7.32721  eV     1   --> A              
     e( 17 - 17) =      7.86000  eV     1   --> A              
     e( 18 - 18) =     10.14719  eV     1   --> A              
     e( 19 - 19) =     10.65867  eV     1   --> A              
     e( 20 - 20) =     11.56794  eV     1   --> A              
     e( 21 - 21) =     11.70399  eV     1   --> A              
     e( 22 - 22) =     12.46158  eV     1   --> A              
     e( 23 - 23) =     13.29619  eV     1   --> A              
     e( 24 - 24) =     14.07634  eV     1   --> A              
     e( 25 - 25) =     14.85664  eV     1   --> A              
     e( 26 - 26) =     15.12966  eV     1   --> A              
     e( 27 - 27) =     16.57671  eV     1   --> A              
     e( 28 - 28) =     17.93866  eV     1   --> A              
     e( 29 - 29) =     18.19173  eV     1   --> A              
     e( 30 - 30) =     18.68192  eV     1   --> A              
     e( 31 - 31) =     19.52237  eV     1   --> A              
     e( 32 - 32) =     20.37357  eV     1   --> A              
     e( 33 - 33) =     21.11187  eV     1   --> A              
     e( 34 - 34) =     21.71313  eV     1   --> A              
     e( 35 - 35) =     22.16306  eV     1   --> A              
     e( 36 - 36) =     22.77160  eV     1   --> A              

 **************************************************************************

 **************************************************************************

                    xk=(   0.56111,   0.18283,   0.00000  )

     Band symmetry, C_1 (1)     point group:

     e(  1 -  1) =    -45.31871  eV     1   --> A              
     e(  2 -  2) =    -23.84626  eV     1   --> A              
     e(  3 -  3) =    -23.53821  eV     1   --> A              
     e(  4 -  4) =    -23.27781  eV     1   --> A              
     e(  5 -  5) =    -20.56178  eV     1   --> A              
     e(  6 -  6) =    -12.07858  eV     1   --> A              
     e(  7 -  7) =     -3.11947  eV     1   --> A              
     e(  8 -  8) =     -2.75486  eV     1   --> A              
     e(  9 -  9) =     -2.51844  eV     1   --> A              
     e( 10 - 10) =     -2.25061  eV     1   --> A              
     e( 11 - 11) =     -0.63656  eV     1   --> A              
     e( 12 - 12) =     -0.01191  eV     1   --> A              
     e( 13 - 13) =      3.70866  eV     1   --> A              
     e( 14 - 14) =      6.52242  eV     1   --> A              
     e( 15 - 15) =      6.79447  eV     1   --> A              
     e( 16 - 16) =      7.32514  eV     1   --> A              
     e( 17 - 17) =      7.84921  eV     1   --> A              
     e( 18 - 18) =     10.15935  eV     1   --> A              
     e( 19 - 19) =     10.68695  eV     1   --> A              
     e( 20 - 20) =     11.58650  eV     1   --> A              
     e( 21 - 21) =     11.70825  eV     1   --> A              
     e( 22 - 22) =     12.46145  eV     1   --> A              
     e( 23 - 23) =     13.29534  eV     1   --> A              
     e( 24 - 24) =     14.07791  eV     1   --> A              
     e( 25 - 25) =     14.85741  eV     1   --> A              
     e( 26 - 26) =     15.12840  eV     1   --> A              
     e( 27 - 27) =     16.54929  eV     1   --> A              
     e( 28 - 28) =     17.91224  eV     1   --> A              
     e( 29 - 29) =     18.15788  eV     1   --> A              
     e( 30 - 30) =     18.64867  eV     1   --> A              
     e( 31 - 31) =     19.53205  eV     1   --> A              
     e( 32 - 32) =     20.37715  eV     1   --> A              
     e( 33 - 33) =     21.07886  eV     1   --> A              
     e( 34 - 34) =     21.73772  eV     1   --> A              
     e( 35 - 35) =     22.16423  eV     1   --> A              
     e( 36 - 36) =     22.75962  eV     1   --> A              

 **************************************************************************

 **************************************************************************

                    xk=(   0.56250,   0.18042,   0.00000  )

     Band symmetry, C_1 (1)     point group:

     e(  1 -  1) =    -45.31863  eV     1   --> A              
     e(  2 -  2) =    -23.84508  eV     1   --> A              
     e(  3 -  3) =    -23.53791  eV     1   --> A              
     e(  4 -  4) =    -23.28040  eV     1   --> A              
     e(  5 -  5) =    -20.56143  eV     1   --> A              
     e(  6 -  6) =    -12.07716  eV     1   --> A              
     e(  7 -  7) =     -3.11617  eV     1   --> A              
     e(  8 -  8) =     -2.75763  eV     1   --> A              
     e(  9 -  9) =     -2.51788  eV     1   --> A              
     e( 10 - 10) =     -2.24487  eV     1   --> A              
     e( 11 - 11) =     -0.63710  eV     1   --> A              
     e( 12 - 12) =     -0.03249  eV     1   --> A              
     e( 13 - 13) =      3.71978  eV     1   --> A              
     e( 14 - 14) =      6.52400  eV     1   --> A              
     e( 15 - 15) =      6.79066  eV     1   --> A              
     e( 16 - 16) =      7.32336  eV     1   --> A              
     e( 17 - 17) =      7.83850  eV     1   --> A              
     e( 18 - 18) =     10.17133  eV     1   --> A              
     e( 19 - 19) =     10.71548  eV     1   --> A              
     e( 20 - 20) =     11.60541  eV     1   --> A              
     e( 21 - 21) =     11.71269  eV     1   --> A              
     e( 22 - 22) =     12.46118  eV     1   --> A              
     e( 23 - 23) =     13.29474  eV     1   --> A              
     e( 24 - 24) =     14.07978  eV     1   --> A              
     e( 25 - 25) =     14.85796  eV     1   --> A              
     e( 26 - 26) =     15.12747  eV     1   --> A              
     e( 27 - 27) =     16.52109  eV     1   --> A              
     e( 28 - 28) =     17.88624  eV     1   --> A              
     e( 29 - 29) =     18.12375  eV     1   --> A              
     e( 30 - 30) =     18.61470  eV     1   --> A              
     e( 31 - 31) =     19.54255  eV     1   --> A              
     e( 32 - 32) =     20.38075  eV     1   --> A              
     e( 33 - 33) =     21.04585  eV     1   --> A              
     e( 34 - 34) =     21.76023  eV     1   --> A              
     e( 35 - 35) =     22.16655  eV     1   --> A              
     e( 36 - 36) =     22.74822  eV     1   --> A              

 **************************************************************************

 **************************************************************************

                    xk=(   0.56389,   0.17802,   0.00000  )

     Band symmetry, C_1 (1)     point group:

     e(  1 -  1) =    -45.31854  eV     1   --> A              
     e(  2 -  2) =    -23.84388  eV     1   --> A              
     e(  3 -  3) =    -23.53761  eV     1   --> A              
     e(  4 -  4) =    -23.28303  eV     1   --> A              
     e(  5 -  5) =    -20.56108  eV     1   --> A              
     e(  6 -  6) =    -12.07573  eV     1   --> A              
     e(  7 -  7) =     -3.11287  eV     1   --> A              
     e(  8 -  8) =     -2.76031  eV     1   --> A              
     e(  9 -  9) =     -2.51732  eV     1   --> A              
     e( 10 - 10) =     -2.23910  eV     1   --> A              
     e( 11 - 11) =     -0.63767  eV     1   --> A              
     e( 12 - 12) =     -0.05322  eV     1   --> A              
     e( 13 - 13) =      3.73100  eV     1   --> A              
     e( 14 - 14) =      6.52547  eV     1   --> A              
     e( 15 - 15) =      6.78664  eV     1   --> A              
     e( 16 - 16) =      7.32187  eV     1   --> A              
     e( 17 - 17) =      7.82788  eV     1   --> A              
     e( 18 - 18) =     10.18314  eV     1   --> A              
     e( 19 - 19) =     10.74424  eV     1   --> A              
     e( 20 - 20) =     11.62462  eV     1   --> A              
     e( 21 - 21) =     11.71736  eV     1   --> A              
     e( 22 - 22) =     12.46079  eV     1   --> A              
     e( 23 - 23) =     13.29440  eV     1   --> A              
     e( 24 - 24) =     14.08195  eV     1   --> A              
     e( 25 - 25) =     14.85827  eV     1   --> A              
     e( 26 - 26) =     15.12689  eV     1   --> A              
     e( 27 - 27) =     16.49216  eV     1   --> A              
     e( 28 - 28) =     17.86062  eV     1   --> A              
     e( 29 - 29) =     18.08935  eV     1   --> A              
     e( 30 - 30) =     18.58014  eV     1   --> A              
     e( 31 - 31) =     19.55373  eV     1   --> A              
     e( 32 - 32) =     20.38438  eV     1   --> A              
     e( 33 - 33) =     21.01295  eV     1   --> A              
     e( 34 - 34) =     21.78014  eV     1   --> A              
     e( 35 - 35) =     22.17045  eV     1   --> A              
     e( 36 - 36) =     22.73743  eV     1   --> A              

 **************************************************************************

 **************************************************************************

                    xk=(   0.56528,   0.17561,   0.00000  )

     Band symmetry, C_1 (1)     point group:

     e(  1 -  1) =    -45.31845  eV     1   --> A              
     e(  2 -  2) =    -23.84267  eV     1   --> A              
     e(  3 -  3) =    -23.53730  eV     1   --> A              
     e(  4 -  4) =    -23.28568  eV     1   --> A              
     e(  5 -  5) =    -20.56073  eV     1   --> A              
     e(  6 -  6) =    -12.07427  eV     1   --> A              
     e(  7 -  7) =     -3.10960  eV     1   --> A              
     e(  8 -  8) =     -2.76291  eV     1   --> A              
     e(  9 -  9) =     -2.51674  eV     1   --> A              
     e( 10 - 10) =     -2.23328  eV     1   --> A              
     e( 11 - 11) =     -0.63827  eV     1   --> A              
     e( 12 - 12) =     -0.07409  eV     1   --> A              
     e( 13 - 13) =      3.74231  eV     1   --> A              
     e( 14 - 14) =      6.52682  eV     1   --> A              
     e( 15 - 15) =      6.78242  eV     1   --> A              
     e( 16 - 16) =      7.32068  eV     1   --> A              
     e( 17 - 17) =      7.81733  eV     1   --> A              
     e( 18 - 18) =     10.19477  eV     1   --> A              
     e( 19 - 19) =     10.77320  eV     1   --> A              
     e( 20 - 20) =     11.64403  eV     1   --> A              
     e( 21 - 21) =     11.72234  eV     1   --> A              
     e( 22 - 22) =     12.46028  eV     1   --> A              
     e( 23 - 23) =     13.29435  eV     1   --> A              
     e( 24 - 24) =     14.08443  eV     1   --> A              
     e( 25 - 25) =     14.85831  eV     1   --> A              
     e( 26 - 26) =     15.12667  eV     1   --> A              
     e( 27 - 27) =     16.46254  eV     1   --> A              
     e( 28 - 28) =     17.83537  eV     1   --> A              
     e( 29 - 29) =     18.05467  eV     1   --> A              
     e( 30 - 30) =     18.54511  eV     1   --> A              
     e( 31 - 31) =     19.56548  eV     1   --> A              
     e( 32 - 32) =     20.38801  eV     1   --> A              
     e( 33 - 33) =     20.98028  eV     1   --> A              
     e( 34 - 34) =     21.79694  eV     1   --> A              
     e( 35 - 35) =     22.17641  eV     1   --> A              
     e( 36 - 36) =     22.72728  eV     1   --> A              

 **************************************************************************

 **************************************************************************

                    xk=(   0.56667,   0.17321,   0.00000  )

     Band symmetry, C_1 (1)     point group:

     e(  1 -  1) =    -45.31836  eV     1   --> A              
     e(  2 -  2) =    -23.84144  eV     1   --> A              
     e(  3 -  3) =    -23.53699  eV     1   --> A              
     e(  4 -  4) =    -23.28837  eV     1   --> A              
     e(  5 -  5) =    -20.56037  eV     1   --> A              
     e(  6 -  6) =    -12.07280  eV     1   --> A              
     e(  7 -  7) =     -3.10635  eV     1   --> A              
     e(  8 -  8) =     -2.76540  eV     1   --> A              
     e(  9 -  9) =     -2.51613  eV     1   --> A              
     e( 10 - 10) =     -2.22741  eV     1   --> A              
     e( 11 - 11) =     -0.63892  eV     1   --> A              
     e( 12 - 12) =     -0.09510  eV     1   --> A              
     e( 13 - 13) =      3.75372  eV     1   --> A              
     e( 14 - 14) =      6.52806  eV     1   --> A              
     e( 15 - 15) =      6.77801  eV     1   --> A              
     e( 16 - 16) =      7.31980  eV     1   --> A              
     e( 17 - 17) =      7.80688  eV     1   --> A              
     e( 18 - 18) =     10.20622  eV     1   --> A              
     e( 19 - 19) =     10.80233  eV     1   --> A              
     e( 20 - 20) =     11.66347  eV     1   --> A              
     e( 21 - 21) =     11.72775  eV     1   --> A              
     e( 22 - 22) =     12.45970  eV     1   --> A              
     e( 23 - 23) =     13.29462  eV     1   --> A              
     e( 24 - 24) =     14.08719  eV     1   --> A              
     e( 25 - 25) =     14.85807  eV     1   --> A              
     e( 26 - 26) =     15.12683  eV     1   --> A              
     e( 27 - 27) =     16.43230  eV     1   --> A              
     e( 28 - 28) =     17.81043  eV     1   --> A              
     e( 29 - 29) =     18.01974  eV     1   --> A              
     e( 30 - 30) =     18.50970  eV     1   --> A              
     e( 31 - 31) =     19.57767  eV     1   --> A              
     e( 32 - 32) =     20.39163  eV     1   --> A              
     e( 33 - 33) =     20.94795  eV     1   --> A              
     e( 34 - 34) =     21.81019  eV     1   --> A              
     e( 35 - 35) =     22.18481  eV     1   --> A              
     e( 36 - 36) =     22.71779  eV     1   --> A              

 **************************************************************************

 **************************************************************************

                    xk=(   0.56806,   0.17080,   0.00000  )

     Band symmetry, C_1 (1)     point group:

     e(  1 -  1) =    -45.31827  eV     1   --> A              
     e(  2 -  2) =    -23.84019  eV     1   --> A              
     e(  3 -  3) =    -23.53668  eV     1   --> A              
     e(  4 -  4) =    -23.29109  eV     1   --> A              
     e(  5 -  5) =    -20.56001  eV     1   --> A              
     e(  6 -  6) =    -12.07130  eV     1   --> A              
     e(  7 -  7) =     -3.10313  eV     1   --> A              
     e(  8 -  8) =     -2.76780  eV     1   --> A              
     e(  9 -  9) =     -2.51551  eV     1   --> A              
     e( 10 - 10) =     -2.22150  eV     1   --> A              
     e( 11 - 11) =     -0.63961  eV     1   --> A              
     e( 12 - 12) =     -0.11621  eV     1   --> A              
     e( 13 - 13) =      3.76520  eV     1   --> A              
     e( 14 - 14) =      6.52919  eV     1   --> A              
     e( 15 - 15) =      6.77342  eV     1   --> A              
     e( 16 - 16) =      7.31921  eV     1   --> A              
     e( 17 - 17) =      7.79653  eV     1   --> A              
     e( 18 - 18) =     10.21748  eV     1   --> A              
     e( 19 - 19) =     10.83160  eV     1   --> A              
     e( 20 - 20) =     11.68261  eV     1   --> A              
     e( 21 - 21) =     11.73391  eV     1   --> A              
     e( 22 - 22) =     12.45906  eV     1   --> A              
     e( 23 - 23) =     13.29524  eV     1   --> A              
     e( 24 - 24) =     14.09023  eV     1   --> A              
     e( 25 - 25) =     14.85753  eV     1   --> A              
     e( 26 - 26) =     15.12736  eV     1   --> A              
     e( 27 - 27) =     16.40149  eV     1   --> A              
     e( 28 - 28) =     17.78579  eV     1   --> A              
     e( 29 - 29) =     17.98454  eV     1   --> A              
     e( 30 - 30) =     18.47401  eV     1   --> A              
     e( 31 - 31) =     19.59020  eV     1   --> A              
     e( 32 - 32) =     20.39517  eV     1   --> A              
     e( 33 - 33) =     20.91606  eV     1   --> A              
     e( 34 - 34) =     21.81959  eV     1   --> A              
     e( 35 - 35) =     22.19593  eV     1   --> A              
     e( 36 - 36) =     22.70897  eV     1   --> A              

 **************************************************************************

 **************************************************************************

                    xk=(   0.56944,   0.16839,   0.00000  )

     Band symmetry, C_1 (1)     point group:

     e(  1 -  1) =    -45.31818  eV     1   --> A              
     e(  2 -  2) =    -23.83892  eV     1   --> A              
     e(  3 -  3) =    -23.53637  eV     1   --> A              
     e(  4 -  4) =    -23.29383  eV     1   --> A              
     e(  5 -  5) =    -20.55965  eV     1   --> A              
     e(  6 -  6) =    -12.06980  eV     1   --> A              
     e(  7 -  7) =     -3.09996  eV     1   --> A              
     e(  8 -  8) =     -2.77009  eV     1   --> A              
     e(  9 -  9) =     -2.51488  eV     1   --> A              
     e( 10 - 10) =     -2.21555  eV     1   --> A              
     e( 11 - 11) =     -0.64036  eV     1   --> A              
     e( 12 - 12) =     -0.13742  eV     1   --> A              
     e( 13 - 13) =      3.77677  eV     1   --> A              
     e( 14 - 14) =      6.53018  eV     1   --> A              
     e( 15 - 15) =      6.76865  eV     1   --> A              
     e( 16 - 16) =      7.31891  eV     1   --> A              
     e( 17 - 17) =      7.78627  eV     1   --> A              
     e( 18 - 18) =     10.22854  eV     1   --> A              
     e( 19 - 19) =     10.86098  eV     1   --> A              
     e( 20 - 20) =     11.70078  eV     1   --> A              
     e( 21 - 21) =     11.74146  eV     1   --> A              
     e( 22 - 22) =     12.45840  eV     1   --> A              
     e( 23 - 23) =     13.29622  eV     1   --> A              
     e( 24 - 24) =     14.09354  eV     1   --> A              
     e( 25 - 25) =     14.85668  eV     1   --> A              
     e( 26 - 26) =     15.12827  eV     1   --> A              
     e( 27 - 27) =     16.37018  eV     1   --> A              
     e( 28 - 28) =     17.76140  eV     1   --> A              
     e( 29 - 29) =     17.94908  eV     1   --> A              
     e( 30 - 30) =     18.43812  eV     1   --> A              
     e( 31 - 31) =     19.60297  eV     1   --> A              
     e( 32 - 32) =     20.39861  eV     1   --> A              
     e( 33 - 33) =     20.88473  eV     1   --> A              
     e( 34 - 34) =     21.82506  eV     1   --> A              
     e( 35 - 35) =     22.20983  eV     1   --> A              
     e( 36 - 36) =     22.70084  eV     1   --> A              

 **************************************************************************

 **************************************************************************

                    xk=(   0.57083,   0.16599,   0.00000  )

     Band symmetry, C_1 (1)     point group:

     e(  1 -  1) =    -45.31809  eV     1   --> A              
     e(  2 -  2) =    -23.83764  eV     1   --> A              
     e(  3 -  3) =    -23.53606  eV     1   --> A              
     e(  4 -  4) =    -23.29662  eV     1   --> A              
     e(  5 -  5) =    -20.55929  eV     1   --> A              
     e(  6 -  6) =    -12.06827  eV     1   --> A              
     e(  7 -  7) =     -3.09684  eV     1   --> A              
     e(  8 -  8) =     -2.77227  eV     1   --> A              
     e(  9 -  9) =     -2.51424  eV     1   --> A              
     e( 10 - 10) =     -2.20955  eV     1   --> A              
     e( 11 - 11) =     -0.64117  eV     1   --> A              
     e( 12 - 12) =     -0.15871  eV     1   --> A              
     e( 13 - 13) =      3.78840  eV     1   --> A              
     e( 14 - 14) =      6.53105  eV     1   --> A              
     e( 15 - 15) =      6.76371  eV     1   --> A              
     e( 16 - 16) =      7.31889  eV     1   --> A              
     e( 17 - 17) =      7.77611  eV     1   --> A              
     e( 18 - 18) =     10.23941  eV     1   --> A              
     e( 19 - 19) =     10.89046  eV     1   --> A              
     e( 20 - 20) =     11.71669  eV     1   --> A              
     e( 21 - 21) =     11.75163  eV     1   --> A              
     e( 22 - 22) =     12.45777  eV     1   --> A              
     e( 23 - 23) =     13.29759  eV     1   --> A              
     e( 24 - 24) =     14.09711  eV     1   --> A              
     e( 25 - 25) =     14.85549  eV     1   --> A              
     e( 26 - 26) =     15.12957  eV     1   --> A              
     e( 27 - 27) =     16.33842  eV     1   --> A              
     e( 28 - 28) =     17.73723  eV     1   --> A              
     e( 29 - 29) =     17.91335  eV     1   --> A              
     e( 30 - 30) =     18.40210  eV     1   --> A              
     e( 31 - 31) =     19.61590  eV     1   --> A              
     e( 32 - 32) =     20.40185  eV     1   --> A              
     e( 33 - 33) =     20.85409  eV     1   --> A              
     e( 34 - 34) =     21.82671  eV     1   --> A              
     e( 35 - 35) =     22.22637  eV     1   --> A              
     e( 36 - 36) =     22.69341  eV     1   --> A              

 **************************************************************************

 **************************************************************************

                    xk=(   0.57222,   0.16358,   0.00000  )

     Band symmetry, C_1 (1)     point group:

     e(  1 -  1) =    -45.31800  eV     1   --> A              
     e(  2 -  2) =    -23.83634  eV     1   --> A              
     e(  3 -  3) =    -23.53574  eV     1   --> A              
     e(  4 -  4) =    -23.29942  eV     1   --> A              
     e(  5 -  5) =    -20.55893  eV     1   --> A              
     e(  6 -  6) =    -12.06674  eV     1   --> A              
     e(  7 -  7) =     -3.09377  eV     1   --> A              
     e(  8 -  8) =     -2.77434  eV     1   --> A              
     e(  9 -  9) =     -2.51358  eV     1   --> A              
     e( 10 - 10) =     -2.20352  eV     1   --> A              
     e( 11 - 11) =     -0.64204  eV     1   --> A              
     e( 12 - 12) =     -0.18006  eV     1   --> A              
     e( 13 - 13) =      3.80008  eV     1   --> A              
     e( 14 - 14) =      6.53179  eV     1   --> A              
     e( 15 - 15) =      6.75861  eV     1   --> A              
     e( 16 - 16) =      7.31916  eV     1   --> A              
     e( 17 - 17) =      7.76606  eV     1   --> A              
     e( 18 - 18) =     10.25007  eV     1   --> A              
     e( 19 - 19) =     10.92000  eV     1   --> A              
     e( 20 - 20) =     11.72902  eV     1   --> A              
     e( 21 - 21) =     11.76569  eV     1   --> A              
     e( 22 - 22) =     12.45723  eV     1   --> A              
     e( 23 - 23) =     13.29937  eV     1   --> A              
     e( 24 - 24) =     14.10091  eV     1   --> A              
     e( 25 - 25) =     14.85395  eV     1   --> A              
     e( 26 - 26) =     15.13125  eV     1   --> A              
     e( 27 - 27) =     16.30628  eV     1   --> A              
     e( 28 - 28) =     17.71326  eV     1   --> A              
     e( 29 - 29) =     17.87736  eV     1   --> A              
     e( 30 - 30) =     18.36601  eV     1   --> A              
     e( 31 - 31) =     19.62889  eV     1   --> A              
     e( 32 - 32) =     20.40480  eV     1   --> A              
     e( 33 - 33) =     20.82430  eV     1   --> A              
     e( 34 - 34) =     21.82484  eV     1   --> A              
     e( 35 - 35) =     22.24524  eV     1   --> A              
     e( 36 - 36) =     22.68672  eV     1   --> A              

 **************************************************************************

 **************************************************************************

                    xk=(   0.57361,   0.16118,   0.00000  )

     Band symmetry, C_1 (1)     point group:

     e(  1 -  1) =    -45.31790  eV     1   --> A              
     e(  2 -  2) =    -23.83503  eV     1   --> A              
     e(  3 -  3) =    -23.53542  eV     1   --> A              
     e(  4 -  4) =    -23.30225  eV     1   --> A              
     e(  5 -  5) =    -20.55857  eV     1   --> A              
     e(  6 -  6) =    -12.06519  eV     1   --> A              
     e(  7 -  7) =     -3.09077  eV     1   --> A              
     e(  8 -  8) =     -2.77628  eV     1   --> A              
     e(  9 -  9) =     -2.51290  eV     1   --> A              
     e( 10 - 10) =     -2.19743  eV     1   --> A              
     e( 11 - 11) =     -0.64299  eV     1   --> A              
     e( 12 - 12) =     -0.20144  eV     1   --> A              
     e( 13 - 13) =      3.81184  eV     1   --> A              
     e( 14 - 14) =      6.53239  eV     1   --> A              
     e( 15 - 15) =      6.75337  eV     1   --> A              
     e( 16 - 16) =      7.31971  eV     1   --> A              
     e( 17 - 17) =      7.75612  eV     1   --> A              
     e( 18 - 18) =     10.26053  eV     1   --> A              
     e( 19 - 19) =     10.94959  eV     1   --> A              
     e( 20 - 20) =     11.73813  eV     1   --> A              
     e( 21 - 21) =     11.78322  eV     1   --> A              
     e( 22 - 22) =     12.45683  eV     1   --> A              
     e( 23 - 23) =     13.30158  eV     1   --> A              
     e( 24 - 24) =     14.10494  eV     1   --> A              
     e( 25 - 25) =     14.85207  eV     1   --> A              
     e( 26 - 26) =     15.13332  eV     1   --> A              
     e( 27 - 27) =     16.27382  eV     1   --> A              
     e( 28 - 28) =     17.68944  eV     1   --> A              
     e( 29 - 29) =     17.84110  eV     1   --> A              
     e( 30 - 30) =     18.32991  eV     1   --> A              
     e( 31 - 31) =     19.64187  eV     1   --> A              
     e( 32 - 32) =     20.40732  eV     1   --> A              
     e( 33 - 33) =     20.79555  eV     1   --> A              
     e( 34 - 34) =     21.81983  eV     1   --> A              
     e( 35 - 35) =     22.26600  eV     1   --> A              
     e( 36 - 36) =     22.68079  eV     1   --> A              

 **************************************************************************

 **************************************************************************

                    xk=(   0.57500,   0.15877,   0.00000  )

     Band symmetry, C_1 (1)     point group:

     e(  1 -  1) =    -45.31781  eV     1   --> A              
     e(  2 -  2) =    -23.83370  eV     1   --> A              
     e(  3 -  3) =    -23.53510  eV     1   --> A              
     e(  4 -  4) =    -23.30511  eV     1   --> A              
     e(  5 -  5) =    -20.55821  eV     1   --> A              
     e(  6 -  6) =    -12.06362  eV     1   --> A              
     e(  7 -  7) =     -3.08784  eV     1   --> A              
     e(  8 -  8) =     -2.77810  eV     1   --> A              
     e(  9 -  9) =     -2.51221  eV     1   --> A              
     e( 10 - 10) =     -2.19130  eV     1   --> A              
     e( 11 - 11) =     -0.64402  eV     1   --> A              
     e( 12 - 12) =     -0.22284  eV     1   --> A              
     e( 13 - 13) =      3.82364  eV     1   --> A              
     e( 14 - 14) =      6.53286  eV     1   --> A              
     e( 15 - 15) =      6.74800  eV     1   --> A              
     e( 16 - 16) =      7.32052  eV     1   --> A              
     e( 17 - 17) =      7.74630  eV     1   --> A              
     e( 18 - 18) =     10.27077  eV     1   --> A              
     e( 19 - 19) =     10.97920  eV     1   --> A              
     e( 20 - 20) =     11.74544  eV     1   --> A              
     e( 21 - 21) =     11.80274  eV     1   --> A              
     e( 22 - 22) =     12.45666  eV     1   --> A              
     e( 23 - 23) =     13.30422  eV     1   --> A              
     e( 24 - 24) =     14.10918  eV     1   --> A              
     e( 25 - 25) =     14.84981  eV     1   --> A              
     e( 26 - 26) =     15.13577  eV     1   --> A              
     e( 27 - 27) =     16.24111  eV     1   --> A              
     e( 28 - 28) =     17.66577  eV     1   --> A              
     e( 29 - 29) =     17.80457  eV     1   --> A              
     e( 30 - 30) =     18.29384  eV     1   --> A              
     e( 31 - 31) =     19.65477  eV     1   --> A              
     e( 32 - 32) =     20.40924  eV     1   --> A              
     e( 33 - 33) =     20.76805  eV     1   --> A              
     e( 34 - 34) =     21.81213  eV     1   --> A              
     e( 35 - 35) =     22.28818  eV     1   --> A              
     e( 36 - 36) =     22.67567  eV     1   --> A              

 **************************************************************************

 **************************************************************************

                    xk=(   0.57639,   0.15637,   0.00000  )

     Band symmetry, C_1 (1)     point group:

     e(  1 -  1) =    -45.31772  eV     1   --> A              
     e(  2 -  2) =    -23.83236  eV     1   --> A              
     e(  3 -  3) =    -23.53478  eV     1   --> A              
     e(  4 -  4) =    -23.30798  eV     1   --> A              
     e(  5 -  5) =    -20.55785  eV     1   --> A              
     e(  6 -  6) =    -12.06204  eV     1   --> A              
     e(  7 -  7) =     -3.08498  eV     1   --> A              
     e(  8 -  8) =     -2.77977  eV     1   --> A              
     e(  9 -  9) =     -2.51150  eV     1   --> A              
     e( 10 - 10) =     -2.18512  eV     1   --> A              
     e( 11 - 11) =     -0.64516  eV     1   --> A              
     e( 12 - 12) =     -0.24423  eV     1   --> A              
     e( 13 - 13) =      3.83549  eV     1   --> A              
     e( 14 - 14) =      6.53319  eV     1   --> A              
     e( 15 - 15) =      6.74251  eV     1   --> A              
     e( 16 - 16) =      7.32160  eV     1   --> A              
     e( 17 - 17) =      7.73660  eV     1   --> A              
     e( 18 - 18) =     10.28080  eV     1   --> A              
     e( 19 - 19) =     11.00882  eV     1   --> A              
     e( 20 - 20) =     11.75191  eV     1   --> A              
     e( 21 - 21) =     11.82320  eV     1   --> A              
     e( 22 - 22) =     12.45681  eV     1   --> A              
     e( 23 - 23) =     13.30732  eV     1   --> A              
     e( 24 - 24) =     14.11360  eV     1   --> A              
     e( 25 - 25) =     14.84718  eV     1   --> A              
     e( 26 - 26) =     15.13859  eV     1   --> A              
     e( 27 - 27) =     16.20822  eV     1   --> A              
     e( 28 - 28) =     17.64221  eV     1   --> A              
     e( 29 - 29) =     17.76776  eV     1   --> A              
     e( 30 - 30) =     18.25784  eV     1   --> A              
     e( 31 - 31) =     19.66751  eV     1   --> A              
     e( 32 - 32) =     20.41034  eV     1   --> A              
     e( 33 - 33) =     20.74208  eV     1   --> A              
     e( 34 - 34) =     21.80215  eV     1   --> A              
     e( 35 - 35) =     22.31127  eV     1   --> A              
     e( 36 - 36) =     22.67144  eV     1   --> A              

 **************************************************************************

 **************************************************************************

                    xk=(   0.57778,   0.15396,   0.00000  )

     Band symmetry, C_1 (1)     point group:

     e(  1 -  1) =    -45.31762  eV     1   --> A              
     e(  2 -  2) =    -23.83101  eV     1   --> A              
     e(  3 -  3) =    -23.53445  eV     1   --> A              
     e(  4 -  4) =    -23.31088  eV     1   --> A              
     e(  5 -  5) =    -20.55749  eV     1   --> A              
     e(  6 -  6) =    -12.06046  eV     1   --> A              
     e(  7 -  7) =     -3.08222  eV     1   --> A              
     e(  8 -  8) =     -2.78132  eV     1   --> A              
     e(  9 -  9) =     -2.51078  eV     1   --> A              
     e( 10 - 10) =     -2.17890  eV     1   --> A              
     e( 11 - 11) =     -0.64641  eV     1   --> A              
     e( 12 - 12) =     -0.26559  eV     1   --> A              
     e( 13 - 13) =      3.84738  eV     1   --> A              
     e( 14 - 14) =      6.53337  eV     1   --> A              
     e( 15 - 15) =      6.73692  eV     1   --> A              
     e( 16 - 16) =      7.32290  eV     1   --> A              
     e( 17 - 17) =      7.72702  eV     1   --> A              
     e( 18 - 18) =     10.29060  eV     1   --> A              
     e( 19 - 19) =     11.03841  eV     1   --> A              
     e( 20 - 20) =     11.75800  eV     1   --> A              
     e( 21 - 21) =     11.84402  eV     1   --> A              
     e( 22 - 22) =     12.45738  eV     1   --> A              
     e( 23 - 23) =     13.31087  eV     1   --> A              
     e( 24 - 24) =     14.11819  eV     1   --> A              
     e( 25 - 25) =     14.84417  eV     1   --> A              
     e( 26 - 26) =     15.14178  eV     1   --> A              
     e( 27 - 27) =     16.17521  eV     1   --> A              
     e( 28 - 28) =     17.61875  eV     1   --> A              
     e( 29 - 29) =     17.73068  eV     1   --> A              
     e( 30 - 30) =     18.22194  eV     1   --> A              
     e( 31 - 31) =     19.68002  eV     1   --> A              
     e( 32 - 32) =     20.41031  eV     1   --> A              
     e( 33 - 33) =     20.71798  eV     1   --> A              
     e( 34 - 34) =     21.79027  eV     1   --> A              
     e( 35 - 35) =     22.33478  eV     1   --> A              
     e( 36 - 36) =     22.66819  eV     1   --> A              

 **************************************************************************

 **************************************************************************

                    xk=(   0.57917,   0.15155,   0.00000  )

     Band symmetry, C_1 (1)     point group:

     e(  1 -  1) =    -45.31753  eV     1   --> A              
     e(  2 -  2) =    -23.82964  eV     1   --> A              
     e(  3 -  3) =    -23.53412  eV     1   --> A              
     e(  4 -  4) =    -23.31379  eV     1   --> A              
     e(  5 -  5) =    -20.55713  eV     1   --> A              
     e(  6 -  6) =    -12.05886  eV     1   --> A              
     e(  7 -  7) =     -3.07955  eV     1   --> A              
     e(  8 -  8) =     -2.78271  eV     1   --> A              
     e(  9 -  9) =     -2.51004  eV     1   --> A              
     e( 10 - 10) =     -2.17263  eV     1   --> A              
     e( 11 - 11) =     -0.64780  eV     1   --> A              
     e( 12 - 12) =     -0.28688  eV     1   --> A              
     e( 13 - 13) =      3.85930  eV     1   --> A              
     e( 14 - 14) =      6.53342  eV     1   --> A              
     e( 15 - 15) =      6.73125  eV     1   --> A              
     e( 16 - 16) =      7.32445  eV     1   --> A              
     e( 17 - 17) =      7.71758  eV     1   --> A              
     e( 18 - 18) =     10.30017  eV     1   --> A              
     e( 19 - 19) =     11.06797  eV     1   --> A              
     e( 20 - 20) =     11.76394  eV     1   --> A              
     e( 21 - 21) =     11.86489  eV     1   --> A              
     e( 22 - 22) =     12.45851  eV     1   --> A              
     e( 23 - 23) =     13.31490  eV     1   --> A              
     e( 24 - 24) =     14.12293  eV     1   --> A              
     e( 25 - 25) =     14.84078  eV     1   --> A              
     e( 26 - 26) =     15.14533  eV     1   --> A              
     e( 27 - 27) =     16.14216  eV     1   --> A              
     e( 28 - 28) =     17.59535  eV     1   --> A              
     e( 29 - 29) =     17.69333  eV     1   --> A              
     e( 30 - 30) =     18.18618  eV     1   --> A              
     e( 31 - 31) =     19.69223  eV     1   --> A              
     e( 32 - 32) =     20.40883  eV     1   --> A              
     e( 33 - 33) =     20.69613  eV     1   --> A              
     e( 34 - 34) =     21.77683  eV     1   --> A              
     e( 35 - 35) =     22.35825  eV     1   --> A              
     e( 36 - 36) =     22.66606  eV     1   --> A              

 **************************************************************************

 **************************************************************************

                    xk=(   0.58056,   0.14915,   0.00000  )

     Band symmetry, C_1 (1)     point group:

     e(  1 -  1) =    -45.31743  eV     1   --> A              
     e(  2 -  2) =    -23.82826  eV     1   --> A              
     e(  3 -  3) =    -23.53379  eV     1   --> A              
     e(  4 -  4) =    -23.31672  eV     1   --> A              
     e(  5 -  5) =    -20.55678  eV     1   --> A              
     e(  6 -  6) =    -12.05725  eV     1   --> A              
     e(  7 -  7) =     -3.07698  eV     1   --> A              
     e(  8 -  8) =     -2.78396  eV     1   --> A              
     e(  9 -  9) =     -2.50929  eV     1   --> A              
     e( 10 - 10) =     -2.16631  eV     1   --> A              
     e( 11 - 11) =     -0.64934  eV     1   --> A              
     e( 12 - 12) =     -0.30808  eV     1   --> A              
     e( 13 - 13) =      3.87125  eV     1   --> A              
     e( 14 - 14) =      6.53331  eV     1   --> A              
     e( 15 - 15) =      6.72550  eV     1   --> A              
     e( 16 - 16) =      7.32620  eV     1   --> A              
     e( 17 - 17) =      7.70828  eV     1   --> A              
     e( 18 - 18) =     10.30951  eV     1   --> A              
     e( 19 - 19) =     11.09748  eV     1   --> A              
     e( 20 - 20) =     11.76981  eV     1   --> A              
     e( 21 - 21) =     11.88557  eV     1   --> A              
     e( 22 - 22) =     12.46033  eV     1   --> A              
     e( 23 - 23) =     13.31940  eV     1   --> A              
     e( 24 - 24) =     14.12778  eV     1   --> A              
     e( 25 - 25) =     14.83699  eV     1   --> A              
     e( 26 - 26) =     15.14921  eV     1   --> A              
     e( 27 - 27) =     16.10913  eV     1   --> A              
     e( 28 - 28) =     17.57201  eV     1   --> A              
     e( 29 - 29) =     17.65570  eV     1   --> A              
     e( 30 - 30) =     18.15057  eV     1   --> A              
     e( 31 - 31) =     19.70407  eV     1   --> A              
     e( 32 - 32) =     20.40551  eV     1   --> A              
     e( 33 - 33) =     20.67697  eV     1   --> A              
     e( 34 - 34) =     21.76212  eV     1   --> A              
     e( 35 - 35) =     22.38119  eV     1   --> A              
     e( 36 - 36) =     22.66523  eV     1   --> A              

 **************************************************************************

 **************************************************************************

                    xk=(   0.58194,   0.14674,   0.00000  )

     Band symmetry, C_1 (1)     point group:

     e(  1 -  1) =    -45.31734  eV     1   --> A              
     e(  2 -  2) =    -23.82688  eV     1   --> A              
     e(  3 -  3) =    -23.53346  eV     1   --> A              
     e(  4 -  4) =    -23.31966  eV     1   --> A              
     e(  5 -  5) =    -20.55642  eV     1   --> A              
     e(  6 -  6) =    -12.05564  eV     1   --> A              
     e(  7 -  7) =     -3.07452  eV     1   --> A              
     e(  8 -  8) =     -2.78505  eV     1   --> A              
     e(  9 -  9) =     -2.50852  eV     1   --> A              
     e( 10 - 10) =     -2.15994  eV     1   --> A              
     e( 11 - 11) =     -0.65108  eV     1   --> A              
     e( 12 - 12) =     -0.32913  eV     1   --> A              
     e( 13 - 13) =      3.88323  eV     1   --> A              
     e( 14 - 14) =      6.53305  eV     1   --> A              
     e( 15 - 15) =      6.71970  eV     1   --> A              
     e( 16 - 16) =      7.32816  eV     1   --> A              
     e( 17 - 17) =      7.69913  eV     1   --> A              
     e( 18 - 18) =     10.31861  eV     1   --> A              
     e( 19 - 19) =     11.12691  eV     1   --> A              
     e( 20 - 20) =     11.77570  eV     1   --> A              
     e( 21 - 21) =     11.90585  eV     1   --> A              
     e( 22 - 22) =     12.46299  eV     1   --> A              
     e( 23 - 23) =     13.32437  eV     1   --> A              
     e( 24 - 24) =     14.13273  eV     1   --> A              
     e( 25 - 25) =     14.83281  eV     1   --> A              
     e( 26 - 26) =     15.15343  eV     1   --> A              
     e( 27 - 27) =     16.07620  eV     1   --> A              
     e( 28 - 28) =     17.54870  eV     1   --> A              
     e( 29 - 29) =     17.61781  eV     1   --> A              
     e( 30 - 30) =     18.11514  eV     1   --> A              
     e( 31 - 31) =     19.71548  eV     1   --> A              
     e( 32 - 32) =     20.40000  eV     1   --> A              
     e( 33 - 33) =     20.66089  eV     1   --> A              
     e( 34 - 34) =     21.74636  eV     1   --> A              
     e( 35 - 35) =     22.40314  eV     1   --> A              
     e( 36 - 36) =     22.66593  eV     1   --> A              

 **************************************************************************

 **************************************************************************

                    xk=(   0.58333,   0.14434,   0.00000  )

     Band symmetry, C_1 (1)     point group:

     e(  1 -  1) =    -45.31724  eV     1   --> A              
     e(  2 -  2) =    -23.82547  eV     1   --> A              
     e(  3 -  3) =    -23.53313  eV     1   --> A              
     e(  4 -  4) =    -23.32262  eV     1   --> A              
     e(  5 -  5) =    -20.55606  eV     1   --> A              
     e(  6 -  6) =    -12.05401  eV     1   --> A              
     e(  7 -  7) =     -3.07216  eV     1   --> A              
     e(  8 -  8) =     -2.78598  eV     1   --> A              
     e(  9 -  9) =     -2.50773  eV     1   --> A              
     e( 10 - 10) =     -2.15351  eV     1   --> A              
     e( 11 - 11) =     -0.65303  eV     1   --> A              
     e( 12 - 12) =     -0.35001  eV     1   --> A              
     e( 13 - 13) =      3.89522  eV     1   --> A              
     e( 14 - 14) =      6.53265  eV     1   --> A              
     e( 15 - 15) =      6.71387  eV     1   --> A              
     e( 16 - 16) =      7.33031  eV     1   --> A              
     e( 17 - 17) =      7.69013  eV     1   --> A              
     e( 18 - 18) =     10.32747  eV     1   --> A              
     e( 19 - 19) =     11.15626  eV     1   --> A              
     e( 20 - 20) =     11.78162  eV     1   --> A              
     e( 21 - 21) =     11.92555  eV     1   --> A              
     e( 22 - 22) =     12.46667  eV     1   --> A              
     e( 23 - 23) =     13.32982  eV     1   --> A              
     e( 24 - 24) =     14.13774  eV     1   --> A              
     e( 25 - 25) =     14.82824  eV     1   --> A              
     e( 26 - 26) =     15.15796  eV     1   --> A              
     e( 27 - 27) =     16.04343  eV     1   --> A              
     e( 28 - 28) =     17.52541  eV     1   --> A              
     e( 29 - 29) =     17.57968  eV     1   --> A              
     e( 30 - 30) =     18.07988  eV     1   --> A              
     e( 31 - 31) =     19.72639  eV     1   --> A              
     e( 32 - 32) =     20.39205  eV     1   --> A              
     e( 33 - 33) =     20.64820  eV     1   --> A              
     e( 34 - 34) =     21.72976  eV     1   --> A              
     e( 35 - 35) =     22.42362  eV     1   --> A              
     e( 36 - 36) =     22.66842  eV     1   --> A              

 **************************************************************************

 **************************************************************************

                    xk=(   0.58472,   0.14193,   0.00000  )

     Band symmetry, C_1 (1)     point group:

     e(  1 -  1) =    -45.31714  eV     1   --> A              
     e(  2 -  2) =    -23.82407  eV     1   --> A              
     e(  3 -  3) =    -23.53280  eV     1   --> A              
     e(  4 -  4) =    -23.32558  eV     1   --> A              
     e(  5 -  5) =    -20.55571  eV     1   --> A              
     e(  6 -  6) =    -12.05238  eV     1   --> A              
     e(  7 -  7) =     -3.06994  eV     1   --> A              
     e(  8 -  8) =     -2.78675  eV     1   --> A              
     e(  9 -  9) =     -2.50694  eV     1   --> A              
     e( 10 - 10) =     -2.14704  eV     1   --> A              
     e( 11 - 11) =     -0.65526  eV     1   --> A              
     e( 12 - 12) =     -0.37064  eV     1   --> A              
     e( 13 - 13) =      3.90721  eV     1   --> A              
     e( 14 - 14) =      6.53209  eV     1   --> A              
     e( 15 - 15) =      6.70802  eV     1   --> A              
     e( 16 - 16) =      7.33260  eV     1   --> A              
     e( 17 - 17) =      7.68129  eV     1   --> A              
     e( 18 - 18) =     10.33608  eV     1   --> A              
     e( 19 - 19) =     11.18551  eV     1   --> A              
     e( 20 - 20) =     11.78761  eV     1   --> A              
     e( 21 - 21) =     11.94448  eV     1   --> A              
     e( 22 - 22) =     12.47154  eV     1   --> A              
     e( 23 - 23) =     13.33574  eV     1   --> A              
     e( 24 - 24) =     14.14279  eV     1   --> A              
     e( 25 - 25) =     14.82327  eV     1   --> A              
     e( 26 - 26) =     15.16279  eV     1   --> A              
     e( 27 - 27) =     16.01092  eV     1   --> A              
     e( 28 - 28) =     17.50209  eV     1   --> A              
     e( 29 - 29) =     17.54133  eV     1   --> A              
     e( 30 - 30) =     18.04480  eV     1   --> A              
     e( 31 - 31) =     19.73672  eV     1   --> A              
     e( 32 - 32) =     20.38157  eV     1   --> A              
     e( 33 - 33) =     20.63902  eV     1   --> A              
     e( 34 - 34) =     21.71250  eV     1   --> A              
     e( 35 - 35) =     22.44216  eV     1   --> A              
     e( 36 - 36) =     22.67295  eV     1   --> A              

 **************************************************************************

 **************************************************************************

                    xk=(   0.58611,   0.13953,   0.00000  )

     Band symmetry, C_1 (1)     point group:

     e(  1 -  1) =    -45.31705  eV     1   --> A              
     e(  2 -  2) =    -23.82265  eV     1   --> A              
     e(  3 -  3) =    -23.53247  eV     1   --> A              
     e(  4 -  4) =    -23.32856  eV     1   --> A              
     e(  5 -  5) =    -20.55536  eV     1   --> A              
     e(  6 -  6) =    -12.05075  eV     1   --> A              
     e(  7 -  7) =     -3.06784  eV     1   --> A              
     e(  8 -  8) =     -2.78736  eV     1   --> A              
     e(  9 -  9) =     -2.50613  eV     1   --> A              
     e( 10 - 10) =     -2.14051  eV     1   --> A              
     e( 11 - 11) =     -0.65781  eV     1   --> A              
     e( 12 - 12) =     -0.39097  eV     1   --> A              
     e( 13 - 13) =      3.91921  eV     1   --> A              
     e( 14 - 14) =      6.53138  eV     1   --> A              
     e( 15 - 15) =      6.70217  eV     1   --> A              
     e( 16 - 16) =      7.33504  eV     1   --> A              
     e( 17 - 17) =      7.67263  eV     1   --> A              
     e( 18 - 18) =     10.34444  eV     1   --> A              
     e( 19 - 19) =     11.21465  eV     1   --> A              
     e( 20 - 20) =     11.79367  eV     1   --> A              
     e( 21 - 21) =     11.96243  eV     1   --> A              
     e( 22 - 22) =     12.47779  eV     1   --> A              
     e( 23 - 23) =     13.34212  eV     1   --> A              
     e( 24 - 24) =     14.14783  eV     1   --> A              
     e( 25 - 25) =     14.81792  eV     1   --> A              
     e( 26 - 26) =     15.16789  eV     1   --> A              
     e( 27 - 27) =     15.97873  eV     1   --> A              
     e( 28 - 28) =     17.47860  eV     1   --> A              
     e( 29 - 29) =     17.50292  eV     1   --> A              
     e( 30 - 30) =     18.00992  eV     1   --> A              
     e( 31 - 31) =     19.74639  eV     1   --> A              
     e( 32 - 32) =     20.36872  eV     1   --> A              
     e( 33 - 33) =     20.63327  eV     1   --> A              
     e( 34 - 34) =     21.69472  eV     1   --> A              
     e( 35 - 35) =     22.45837  eV     1   --> A              
     e( 36 - 36) =     22.67977  eV     1   --> A              

 **************************************************************************

 **************************************************************************

                    xk=(   0.58750,   0.13712,   0.00000  )

     Band symmetry, C_1 (1)     point group:

     e(  1 -  1) =    -45.31695  eV     1   --> A              
     e(  2 -  2) =    -23.82123  eV     1   --> A              
     e(  3 -  3) =    -23.53214  eV     1   --> A              
     e(  4 -  4) =    -23.33154  eV     1   --> A              
     e(  5 -  5) =    -20.55501  eV     1   --> A              
     e(  6 -  6) =    -12.04911  eV     1   --> A              
     e(  7 -  7) =     -3.06588  eV     1   --> A              
     e(  8 -  8) =     -2.78781  eV     1   --> A              
     e(  9 -  9) =     -2.50531  eV     1   --> A              
     e( 10 - 10) =     -2.13392  eV     1   --> A              
     e( 11 - 11) =     -0.66075  eV     1   --> A              
     e( 12 - 12) =     -0.41093  eV     1   --> A              
     e( 13 - 13) =      3.93120  eV     1   --> A              
     e( 14 - 14) =      6.53051  eV     1   --> A              
     e( 15 - 15) =      6.69633  eV     1   --> A              
     e( 16 - 16) =      7.33759  eV     1   --> A              
     e( 17 - 17) =      7.66415  eV     1   --> A              
     e( 18 - 18) =     10.35254  eV     1   --> A              
     e( 19 - 19) =     11.24365  eV     1   --> A              
     e( 20 - 20) =     11.79981  eV     1   --> A              
     e( 21 - 21) =     11.97925  eV     1   --> A              
     e( 22 - 22) =     12.48560  eV     1   --> A              
     e( 23 - 23) =     13.34897  eV     1   --> A              
     e( 24 - 24) =     14.15284  eV     1   --> A              
     e( 25 - 25) =     14.81217  eV     1   --> A              
     e( 26 - 26) =     15.17326  eV     1   --> A              
     e( 27 - 27) =     15.94694  eV     1   --> A              
     e( 28 - 28) =     17.45407  eV     1   --> A              
     e( 29 - 29) =     17.46530  eV     1   --> A              
     e( 30 - 30) =     17.97522  eV     1   --> A              
     e( 31 - 31) =     19.75532  eV     1   --> A              
     e( 32 - 32) =     20.35384  eV     1   --> A              
     e( 33 - 33) =     20.63066  eV     1   --> A              
     e( 34 - 34) =     21.67655  eV     1   --> A              
     e( 35 - 35) =     22.47198  eV     1   --> A              
     e( 36 - 36) =     22.68897  eV     1   --> A              

 **************************************************************************

 **************************************************************************

                    xk=(   0.58889,   0.13472,   0.00000  )

     Band symmetry, C_1 (1)     point group:

     e(  1 -  1) =    -45.31685  eV     1   --> A              
     e(  2 -  2) =    -23.81980  eV     1   --> A              
     e(  3 -  3) =    -23.53180  eV     1   --> A              
     e(  4 -  4) =    -23.33452  eV     1   --> A              
     e(  5 -  5) =    -20.55466  eV     1   --> A              
     e(  6 -  6) =    -12.04747  eV     1   --> A              
     e(  7 -  7) =     -3.06404  eV     1   --> A              
     e(  8 -  8) =     -2.78808  eV     1   --> A              
     e(  9 -  9) =     -2.50448  eV     1   --> A              
     e( 10 - 10) =     -2.12728  eV     1   --> A              
     e( 11 - 11) =     -0.66417  eV     1   --> A              
     e( 12 - 12) =     -0.43040  eV     1   --> A              
     e( 13 - 13) =      3.94318  eV     1   --> A              
     e( 14 - 14) =      6.52948  eV     1   --> A              
     e( 15 - 15) =      6.69054  eV     1   --> A              
     e( 16 - 16) =      7.34023  eV     1   --> A              
     e( 17 - 17) =      7.65587  eV     1   --> A              
     e( 18 - 18) =     10.36038  eV     1   --> A              
     e( 19 - 19) =     11.27251  eV     1   --> A              
     e( 20 - 20) =     11.80604  eV     1   --> A              
     e( 21 - 21) =     11.99476  eV     1   --> A              
     e( 22 - 22) =     12.49515  eV     1   --> A              
     e( 23 - 23) =     13.35626  eV     1   --> A              
     e( 24 - 24) =     14.15777  eV     1   --> A              
     e( 25 - 25) =     14.80604  eV     1   --> A              
     e( 26 - 26) =     15.17886  eV     1   --> A              
     e( 27 - 27) =     15.91563  eV     1   --> A              
     e( 28 - 28) =     17.42194  eV     1   --> A              
     e( 29 - 29) =     17.43507  eV     1   --> A              
     e( 30 - 30) =     17.94071  eV     1   --> A              
     e( 31 - 31) =     19.76343  eV     1   --> A              
     e( 32 - 32) =     20.33741  eV     1   --> A              
     e( 33 - 33) =     20.63078  eV     1   --> A              
     e( 34 - 34) =     21.65811  eV     1   --> A              
     e( 35 - 35) =     22.48294  eV     1   --> A              
     e( 36 - 36) =     22.70048  eV     1   --> A              

 **************************************************************************

 **************************************************************************

                    xk=(   0.59028,   0.13231,   0.00000  )

     Band symmetry, C_1 (1)     point group:

     e(  1 -  1) =    -45.31676  eV     1   --> A              
     e(  2 -  2) =    -23.81837  eV     1   --> A              
     e(  3 -  3) =    -23.53147  eV     1   --> A              
     e(  4 -  4) =    -23.33751  eV     1   --> A              
     e(  5 -  5) =    -20.55432  eV     1   --> A              
     e(  6 -  6) =    -12.04582  eV     1   --> A              
     e(  7 -  7) =     -3.06234  eV     1   --> A              
     e(  8 -  8) =     -2.78818  eV     1   --> A              
     e(  9 -  9) =     -2.50363  eV     1   --> A              
     e( 10 - 10) =     -2.12058  eV     1   --> A              
     e( 11 - 11) =     -0.66818  eV     1   --> A              
     e( 12 - 12) =     -0.44929  eV     1   --> A              
     e( 13 - 13) =      3.95515  eV     1   --> A              
     e( 14 - 14) =      6.52830  eV     1   --> A              
     e( 15 - 15) =      6.68479  eV     1   --> A              
     e( 16 - 16) =      7.34293  eV     1   --> A              
     e( 17 - 17) =      7.64780  eV     1   --> A              
     e( 18 - 18) =     10.36795  eV     1   --> A              
     e( 19 - 19) =     11.30121  eV     1   --> A              
     e( 20 - 20) =     11.81236  eV     1   --> A              
     e( 21 - 21) =     12.00882  eV     1   --> A              
     e( 22 - 22) =     12.50658  eV     1   --> A              
     e( 23 - 23) =     13.36400  eV     1   --> A              
     e( 24 - 24) =     14.16258  eV     1   --> A              
     e( 25 - 25) =     14.79953  eV     1   --> A              
     e( 26 - 26) =     15.18467  eV     1   --> A              
     e( 27 - 27) =     15.88489  eV     1   --> A              
     e( 28 - 28) =     17.38346  eV     1   --> A              
     e( 29 - 29) =     17.41099  eV     1   --> A              
     e( 30 - 30) =     17.90637  eV     1   --> A              
     e( 31 - 31) =     19.77063  eV     1   --> A              
     e( 32 - 32) =     20.31993  eV     1   --> A              
     e( 33 - 33) =     20.63320  eV     1   --> A              
     e( 34 - 34) =     21.63950  eV     1   --> A              
     e( 35 - 35) =     22.49138  eV     1   --> A              
     e( 36 - 36) =     22.71404  eV     1   --> A              

 **************************************************************************

 **************************************************************************

                    xk=(   0.59167,   0.12990,   0.00000  )

     Band symmetry, C_1 (1)     point group:

     e(  1 -  1) =    -45.31666  eV     1   --> A              
     e(  2 -  2) =    -23.81692  eV     1   --> A              
     e(  3 -  3) =    -23.53114  eV     1   --> A              
     e(  4 -  4) =    -23.34050  eV     1   --> A              
     e(  5 -  5) =    -20.55397  eV     1   --> A              
     e(  6 -  6) =    -12.04417  eV     1   --> A              
     e(  7 -  7) =     -3.06078  eV     1   --> A              
     e(  8 -  8) =     -2.78811  eV     1   --> A              
     e(  9 -  9) =     -2.50277  eV     1   --> A              
     e( 10 - 10) =     -2.11382  eV     1   --> A              
     e( 11 - 11) =     -0.67288  eV     1   --> A              
     e( 12 - 12) =     -0.46746  eV     1   --> A              
     e( 13 - 13) =      3.96709  eV     1   --> A              
     e( 14 - 14) =      6.52696  eV     1   --> A              
     e( 15 - 15) =      6.67912  eV     1   --> A              
     e( 16 - 16) =      7.34567  eV     1   --> A              
     e( 17 - 17) =      7.63997  eV     1   --> A              
     e( 18 - 18) =     10.37525  eV     1   --> A              
     e( 19 - 19) =     11.32974  eV     1   --> A              
     e( 20 - 20) =     11.81878  eV     1   --> A              
     e( 21 - 21) =     12.02134  eV     1   --> A              
     e( 22 - 22) =     12.51999  eV     1   --> A              
     e( 23 - 23) =     13.37216  eV     1   --> A              
     e( 24 - 24) =     14.16722  eV     1   --> A              
     e( 25 - 25) =     14.79266  eV     1   --> A              
     e( 26 - 26) =     15.19068  eV     1   --> A              
     e( 27 - 27) =     15.85481  eV     1   --> A              
     e( 28 - 28) =     17.34399  eV     1   --> A              
     e( 29 - 29) =     17.38769  eV     1   --> A              
     e( 30 - 30) =     17.87219  eV     1   --> A              
     e( 31 - 31) =     19.77681  eV     1   --> A              
     e( 32 - 32) =     20.30188  eV     1   --> A              
     e( 33 - 33) =     20.63750  eV     1   --> A              
     e( 34 - 34) =     21.62080  eV     1   --> A              
     e( 35 - 35) =     22.49759  eV     1   --> A              
     e( 36 - 36) =     22.72922  eV     1   --> A              

 **************************************************************************

 **************************************************************************

                    xk=(   0.59306,   0.12750,   0.00000  )

     Band symmetry, C_1 (1)     point group:

     e(  1 -  1) =    -45.31656  eV     1   --> A              
     e(  2 -  2) =    -23.81548  eV     1   --> A              
     e(  3 -  3) =    -23.53081  eV     1   --> A              
     e(  4 -  4) =    -23.34348  eV     1   --> A              
     e(  5 -  5) =    -20.55364  eV     1   --> A              
     e(  6 -  6) =    -12.04253  eV     1   --> A              
     e(  7 -  7) =     -3.05936  eV     1   --> A              
     e(  8 -  8) =     -2.78788  eV     1   --> A              
     e(  9 -  9) =     -2.50191  eV     1   --> A              
     e( 10 - 10) =     -2.10700  eV     1   --> A              
     e( 11 - 11) =     -0.67844  eV     1   --> A              
     e( 12 - 12) =     -0.48475  eV     1   --> A              
     e( 13 - 13) =      3.97900  eV     1   --> A              
     e( 14 - 14) =      6.52546  eV     1   --> A              
     e( 15 - 15) =      6.67353  eV     1   --> A              
     e( 16 - 16) =      7.34841  eV     1   --> A              
     e( 17 - 17) =      7.63237  eV     1   --> A              
     e( 18 - 18) =     10.38229  eV     1   --> A              
     e( 19 - 19) =     11.35809  eV     1   --> A              
     e( 20 - 20) =     11.82529  eV     1   --> A              
     e( 21 - 21) =     12.03228  eV     1   --> A              
     e( 22 - 22) =     12.53544  eV     1   --> A              
     e( 23 - 23) =     13.38073  eV     1   --> A              
     e( 24 - 24) =     14.17163  eV     1   --> A              
     e( 25 - 25) =     14.78545  eV     1   --> A              
     e( 26 - 26) =     15.19684  eV     1   --> A              
     e( 27 - 27) =     15.82546  eV     1   --> A              
     e( 28 - 28) =     17.30415  eV     1   --> A              
     e( 29 - 29) =     17.36460  eV     1   --> A              
     e( 30 - 30) =     17.83816  eV     1   --> A              
     e( 31 - 31) =     19.78186  eV     1   --> A              
     e( 32 - 32) =     20.28370  eV     1   --> A              
     e( 33 - 33) =     20.64334  eV     1   --> A              
     e( 34 - 34) =     21.60211  eV     1   --> A              
     e( 35 - 35) =     22.50193  eV     1   --> A              
     e( 36 - 36) =     22.74556  eV     1   --> A              

 **************************************************************************

 **************************************************************************

                    xk=(   0.59444,   0.12509,   0.00000  )

     Band symmetry, C_1 (1)     point group:

     e(  1 -  1) =    -45.31646  eV     1   --> A              
     e(  2 -  2) =    -23.81403  eV     1   --> A              
     e(  3 -  3) =    -23.53048  eV     1   --> A              
     e(  4 -  4) =    -23.34646  eV     1   --> A              
     e(  5 -  5) =    -20.55330  eV     1   --> A              
     e(  6 -  6) =    -12.04088  eV     1   --> A              
     e(  7 -  7) =     -3.05809  eV     1   --> A              
     e(  8 -  8) =     -2.78749  eV     1   --> A              
     e(  9 -  9) =     -2.50102  eV     1   --> A              
     e( 10 - 10) =     -2.10012  eV     1   --> A              
     e( 11 - 11) =     -0.68501  eV     1   --> A              
     e( 12 - 12) =     -0.50100  eV     1   --> A              
     e( 13 - 13) =      3.99087  eV     1   --> A              
     e( 14 - 14) =      6.52381  eV     1   --> A              
     e( 15 - 15) =      6.66804  eV     1   --> A              
     e( 16 - 16) =      7.35113  eV     1   --> A              
     e( 17 - 17) =      7.62505  eV     1   --> A              
     e( 18 - 18) =     10.38904  eV     1   --> A              
     e( 19 - 19) =     11.38624  eV     1   --> A              
     e( 20 - 20) =     11.83191  eV     1   --> A              
     e( 21 - 21) =     12.04162  eV     1   --> A              
     e( 22 - 22) =     12.55295  eV     1   --> A              
     e( 23 - 23) =     13.38969  eV     1   --> A              
     e( 24 - 24) =     14.17576  eV     1   --> A              
     e( 25 - 25) =     14.77791  eV     1   --> A              
     e( 26 - 26) =     15.20314  eV     1   --> A              
     e( 27 - 27) =     15.79695  eV     1   --> A              
     e( 28 - 28) =     17.26404  eV     1   --> A              
     e( 29 - 29) =     17.34162  eV     1   --> A              
     e( 30 - 30) =     17.80426  eV     1   --> A              
     e( 31 - 31) =     19.78567  eV     1   --> A              
     e( 32 - 32) =     20.26577  eV     1   --> A              
     e( 33 - 33) =     20.65041  eV     1   --> A              
     e( 34 - 34) =     21.58350  eV     1   --> A              
     e( 35 - 35) =     22.50478  eV     1   --> A              
     e( 36 - 36) =     22.76254  eV     1   --> A              

 **************************************************************************

 **************************************************************************

                    xk=(   0.59583,   0.12269,   0.00000  )

     Band symmetry, C_1 (1)     point group:

     e(  1 -  1) =    -45.31636  eV     1   --> A              
     e(  2 -  2) =    -23.81258  eV     1   --> A              
     e(  3 -  3) =    -23.53016  eV     1   --> A              
     e(  4 -  4) =    -23.34944  eV     1   --> A              
     e(  5 -  5) =    -20.55297  eV     1   --> A              
     e(  6 -  6) =    -12.03923  eV     1   --> A              
     e(  7 -  7) =     -3.05695  eV     1   --> A              
     e(  8 -  8) =     -2.78693  eV     1   --> A              
     e(  9 -  9) =     -2.50013  eV     1   --> A              
     e( 10 - 10) =     -2.09318  eV     1   --> A              
     e( 11 - 11) =     -0.69274  eV     1   --> A              
     e( 12 - 12) =     -0.51604  eV     1   --> A              
     e( 13 - 13) =      4.00269  eV     1   --> A              
     e( 14 - 14) =      6.52200  eV     1   --> A              
     e( 15 - 15) =      6.66267  eV     1   --> A              
     e( 16 - 16) =      7.35378  eV     1   --> A              
     e( 17 - 17) =      7.61802  eV     1   --> A              
     e( 18 - 18) =     10.39552  eV     1   --> A              
     e( 19 - 19) =     11.41417  eV     1   --> A              
     e( 20 - 20) =     11.83863  eV     1   --> A              
     e( 21 - 21) =     12.04942  eV     1   --> A              
     e( 22 - 22) =     12.57247  eV     1   --> A              
     e( 23 - 23) =     13.39904  eV     1   --> A              
     e( 24 - 24) =     14.17955  eV     1   --> A              
     e( 25 - 25) =     14.77008  eV     1   --> A              
     e( 26 - 26) =     15.20954  eV     1   --> A              
     e( 27 - 27) =     15.76936  eV     1   --> A              
     e( 28 - 28) =     17.22371  eV     1   --> A              
     e( 29 - 29) =     17.31873  eV     1   --> A              
     e( 30 - 30) =     17.77049  eV     1   --> A              
     e( 31 - 31) =     19.78812  eV     1   --> A              
     e( 32 - 32) =     20.24844  eV     1   --> A              
     e( 33 - 33) =     20.65848  eV     1   --> A              
     e( 34 - 34) =     21.56505  eV     1   --> A              
     e( 35 - 35) =     22.50648  eV     1   --> A              
     e( 36 - 36) =     22.77974  eV     1   --> A              

 **************************************************************************

 **************************************************************************

                    xk=(   0.59722,   0.12028,   0.00000  )

     Band symmetry, C_1 (1)     point group:

     e(  1 -  1) =    -45.31627  eV     1   --> A              
     e(  2 -  2) =    -23.81113  eV     1   --> A              
     e(  3 -  3) =    -23.52983  eV     1   --> A              
     e(  4 -  4) =    -23.35241  eV     1   --> A              
     e(  5 -  5) =    -20.55264  eV     1   --> A              
     e(  6 -  6) =    -12.03759  eV     1   --> A              
     e(  7 -  7) =     -3.05597  eV     1   --> A              
     e(  8 -  8) =     -2.78623  eV     1   --> A              
     e(  9 -  9) =     -2.49922  eV     1   --> A              
     e( 10 - 10) =     -2.08618  eV     1   --> A              
     e( 11 - 11) =     -0.70179  eV     1   --> A              
     e( 12 - 12) =     -0.52972  eV     1   --> A              
     e( 13 - 13) =      4.01445  eV     1   --> A              
     e( 14 - 14) =      6.52004  eV     1   --> A              
     e( 15 - 15) =      6.65743  eV     1   --> A              
     e( 16 - 16) =      7.35633  eV     1   --> A              
     e( 17 - 17) =      7.61129  eV     1   --> A              
     e( 18 - 18) =     10.40172  eV     1   --> A              
     e( 19 - 19) =     11.44187  eV     1   --> A              
     e( 20 - 20) =     11.84545  eV     1   --> A              
     e( 21 - 21) =     12.05577  eV     1   --> A              
     e( 22 - 22) =     12.59393  eV     1   --> A              
     e( 23 - 23) =     13.40873  eV     1   --> A              
     e( 24 - 24) =     14.18291  eV     1   --> A              
     e( 25 - 25) =     14.76199  eV     1   --> A              
     e( 26 - 26) =     15.21601  eV     1   --> A              
     e( 27 - 27) =     15.74280  eV     1   --> A              
     e( 28 - 28) =     17.18319  eV     1   --> A              
     e( 29 - 29) =     17.29593  eV     1   --> A              
     e( 30 - 30) =     17.73682  eV     1   --> A              
     e( 31 - 31) =     19.78910  eV     1   --> A              
     e( 32 - 32) =     20.23198  eV     1   --> A              
     e( 33 - 33) =     20.66732  eV     1   --> A              
     e( 34 - 34) =     21.54685  eV     1   --> A              
     e( 35 - 35) =     22.50729  eV     1   --> A              
     e( 36 - 36) =     22.79677  eV     1   --> A              

 **************************************************************************

 **************************************************************************

                    xk=(   0.59861,   0.11788,   0.00000  )

     Band symmetry, C_1 (1)     point group:

     e(  1 -  1) =    -45.31617  eV     1   --> A              
     e(  2 -  2) =    -23.80968  eV     1   --> A              
     e(  3 -  3) =    -23.52950  eV     1   --> A              
     e(  4 -  4) =    -23.35537  eV     1   --> A              
     e(  5 -  5) =    -20.55232  eV     1   --> A              
     e(  6 -  6) =    -12.03595  eV     1   --> A              
     e(  7 -  7) =     -3.05512  eV     1   --> A              
     e(  8 -  8) =     -2.78537  eV     1   --> A              
     e(  9 -  9) =     -2.49831  eV     1   --> A              
     e( 10 - 10) =     -2.07911  eV     1   --> A              
     e( 11 - 11) =     -0.71223  eV     1   --> A              
     e( 12 - 12) =     -0.54194  eV     1   --> A              
     e( 13 - 13) =      4.02616  eV     1   --> A              
     e( 14 - 14) =      6.51793  eV     1   --> A              
     e( 15 - 15) =      6.65233  eV     1   --> A              
     e( 16 - 16) =      7.35875  eV     1   --> A              
     e( 17 - 17) =      7.60490  eV     1   --> A              
     e( 18 - 18) =     10.40763  eV     1   --> A              
     e( 19 - 19) =     11.46930  eV     1   --> A              
     e( 20 - 20) =     11.85238  eV     1   --> A              
     e( 21 - 21) =     12.06081  eV     1   --> A              
     e( 22 - 22) =     12.61721  eV     1   --> A              
     e( 23 - 23) =     13.41876  eV     1   --> A              
     e( 24 - 24) =     14.18579  eV     1   --> A              
     e( 25 - 25) =     14.75369  eV     1   --> A              
     e( 26 - 26) =     15.22250  eV     1   --> A              
     e( 27 - 27) =     15.71735  eV     1   --> A              
     e( 28 - 28) =     17.14250  eV     1   --> A              
     e( 29 - 29) =     17.27323  eV     1   --> A              
     e( 30 - 30) =     17.70324  eV     1   --> A              
     e( 31 - 31) =     19.78848  eV     1   --> A              
     e( 32 - 32) =     20.21664  eV     1   --> A              
     e( 33 - 33) =     20.67678  eV     1   --> A              
     e( 34 - 34) =     21.52895  eV     1   --> A              
     e( 35 - 35) =     22.50745  eV     1   --> A              
     e( 36 - 36) =     22.81330  eV     1   --> A              

 **************************************************************************

 **************************************************************************

                    xk=(   0.60000,   0.11547,   0.00000  )

     Band symmetry, C_1 (1)     point group:

     e(  1 -  1) =    -45.31607  eV     1   --> A              
     e(  2 -  2) =    -23.80823  eV     1   --> A              
     e(  3 -  3) =    -23.52918  eV     1   --> A              
     e(  4 -  4) =    -23.35832  eV     1   --> A              
     e(  5 -  5) =    -20.55200  eV     1   --> A              
     e(  6 -  6) =    -12.03432  eV     1   --> A              
     e(  7 -  7) =     -3.05441  eV     1   --> A              
     e(  8 -  8) =     -2.78436  eV     1   --> A              
     e(  9 -  9) =     -2.49738  eV     1   --> A              
     e( 10 - 10) =     -2.07197  eV     1   --> A              
     e( 11 - 11) =     -0.72411  eV     1   --> A              
     e( 12 - 12) =     -0.55265  eV     1   --> A              
     e( 13 - 13) =      4.03780  eV     1   --> A              
     e( 14 - 14) =      6.51569  eV     1   --> A              
     e( 15 - 15) =      6.64737  eV     1   --> A              
     e( 16 - 16) =      7.36099  eV     1   --> A              
     e( 17 - 17) =      7.59888  eV     1   --> A              
     e( 18 - 18) =     10.41326  eV     1   --> A              
     e( 19 - 19) =     11.49645  eV     1   --> A              
     e( 20 - 20) =     11.85941  eV     1   --> A              
     e( 21 - 21) =     12.06468  eV     1   --> A              
     e( 22 - 22) =     12.64216  eV     1   --> A              
     e( 23 - 23) =     13.42910  eV     1   --> A              
     e( 24 - 24) =     14.18809  eV     1   --> A              
     e( 25 - 25) =     14.74524  eV     1   --> A              
     e( 26 - 26) =     15.22897  eV     1   --> A              
     e( 27 - 27) =     15.69312  eV     1   --> A              
     e( 28 - 28) =     17.10167  eV     1   --> A              
     e( 29 - 29) =     17.25063  eV     1   --> A              
     e( 30 - 30) =     17.66972  eV     1   --> A              
     e( 31 - 31) =     19.78618  eV     1   --> A              
     e( 32 - 32) =     20.20264  eV     1   --> A              
     e( 33 - 33) =     20.68668  eV     1   --> A              
     e( 34 - 34) =     21.51145  eV     1   --> A              
     e( 35 - 35) =     22.50712  eV     1   --> A              
     e( 36 - 36) =     22.82905  eV     1   --> A              

 **************************************************************************

 **************************************************************************

                    xk=(   0.60139,   0.11306,   0.00000  )

     Band symmetry, C_1 (1)     point group:

     e(  1 -  1) =    -45.31598  eV     1   --> A              
     e(  2 -  2) =    -23.80678  eV     1   --> A              
     e(  3 -  3) =    -23.52886  eV     1   --> A              
     e(  4 -  4) =    -23.36126  eV     1   --> A              
     e(  5 -  5) =    -20.55168  eV     1   --> A              
     e(  6 -  6) =    -12.03269  eV     1   --> A              
     e(  7 -  7) =     -3.05384  eV     1   --> A              
     e(  8 -  8) =     -2.78321  eV     1   --> A              
     e(  9 -  9) =     -2.49645  eV     1   --> A              
     e( 10 - 10) =     -2.06476  eV     1   --> A              
     e( 11 - 11) =     -0.73738  eV     1   --> A              
     e( 12 - 12) =     -0.56190  eV     1   --> A              
     e( 13 - 13) =      4.04936  eV     1   --> A              
     e( 14 - 14) =      6.51330  eV     1   --> A              
     e( 15 - 15) =      6.64258  eV     1   --> A              
     e( 16 - 16) =      7.36300  eV     1   --> A              
     e( 17 - 17) =      7.59326  eV     1   --> A              
     e( 18 - 18) =     10.41860  eV     1   --> A              
     e( 19 - 19) =     11.52328  eV     1   --> A              
     e( 20 - 20) =     11.86656  eV     1   --> A              
     e( 21 - 21) =     12.06757  eV     1   --> A              
     e( 22 - 22) =     12.66863  eV     1   --> A              
     e( 23 - 23) =     13.43972  eV     1   --> A              
     e( 24 - 24) =     14.18973  eV     1   --> A              
     e( 25 - 25) =     14.73670  eV     1   --> A              
     e( 26 - 26) =     15.23536  eV     1   --> A              
     e( 27 - 27) =     15.67022  eV     1   --> A              
     e( 28 - 28) =     17.06070  eV     1   --> A              
     e( 29 - 29) =     17.22815  eV     1   --> A              
     e( 30 - 30) =     17.63627  eV     1   --> A              
     e( 31 - 31) =     19.78212  eV     1   --> A              
     e( 32 - 32) =     20.19013  eV     1   --> A              
     e( 33 - 33) =     20.69688  eV     1   --> A              
     e( 34 - 34) =     21.49443  eV     1   --> A              
     e( 35 - 35) =     22.50644  eV     1   --> A              
     e( 36 - 36) =     22.84381  eV     1   --> A              

 **************************************************************************

 **************************************************************************

                    xk=(   0.60278,   0.11066,   0.00000  )

     Band symmetry, C_1 (1)     point group:

     e(  1 -  1) =    -45.31588  eV     1   --> A              
     e(  2 -  2) =    -23.80534  eV     1   --> A              
     e(  3 -  3) =    -23.52854  eV     1   --> A              
     e(  4 -  4) =    -23.36418  eV     1   --> A              
     e(  5 -  5) =    -20.55137  eV     1   --> A              
     e(  6 -  6) =    -12.03107  eV     1   --> A              
     e(  7 -  7) =     -3.05340  eV     1   --> A              
     e(  8 -  8) =     -2.78193  eV     1   --> A              
     e(  9 -  9) =     -2.49551  eV     1   --> A              
     e( 10 - 10) =     -2.05749  eV     1   --> A              
     e( 11 - 11) =     -0.75191  eV     1   --> A              
     e( 12 - 12) =     -0.56980  eV     1   --> A              
     e( 13 - 13) =      4.06084  eV     1   --> A              
     e( 14 - 14) =      6.51080  eV     1   --> A              
     e( 15 - 15) =      6.63795  eV     1   --> A              
     e( 16 - 16) =      7.36476  eV     1   --> A              
     e( 17 - 17) =      7.58807  eV     1   --> A              
     e( 18 - 18) =     10.42365  eV     1   --> A              
     e( 19 - 19) =     11.54976  eV     1   --> A              
     e( 20 - 20) =     11.87384  eV     1   --> A              
     e( 21 - 21) =     12.06964  eV     1   --> A              
     e( 22 - 22) =     12.69645  eV     1   --> A              
     e( 23 - 23) =     13.45059  eV     1   --> A              
     e( 24 - 24) =     14.19062  eV     1   --> A              
     e( 25 - 25) =     14.72815  eV     1   --> A              
     e( 26 - 26) =     15.24163  eV     1   --> A              
     e( 27 - 27) =     15.64874  eV     1   --> A              
     e( 28 - 28) =     17.01962  eV     1   --> A              
     e( 29 - 29) =     17.20580  eV     1   --> A              
     e( 30 - 30) =     17.60285  eV     1   --> A              
     e( 31 - 31) =     19.77627  eV     1   --> A              
     e( 32 - 32) =     20.17922  eV     1   --> A              
     e( 33 - 33) =     20.70726  eV     1   --> A              
     e( 34 - 34) =     21.47796  eV     1   --> A              
     e( 35 - 35) =     22.50551  eV     1   --> A              
     e( 36 - 36) =     22.85738  eV     1   --> A              

 **************************************************************************

 **************************************************************************

                    xk=(   0.60417,   0.10825,   0.00000  )

     Band symmetry, C_1 (1)     point group:

     e(  1 -  1) =    -45.31578  eV     1   --> A              
     e(  2 -  2) =    -23.80390  eV     1   --> A              
     e(  3 -  3) =    -23.52822  eV     1   --> A              
     e(  4 -  4) =    -23.36707  eV     1   --> A              
     e(  5 -  5) =    -20.55106  eV     1   --> A              
     e(  6 -  6) =    -12.02945  eV     1   --> A              
     e(  7 -  7) =     -3.05307  eV     1   --> A              
     e(  8 -  8) =     -2.78051  eV     1   --> A              
     e(  9 -  9) =     -2.49454  eV     1   --> A              
     e( 10 - 10) =     -2.05013  eV     1   --> A              
     e( 11 - 11) =     -0.76757  eV     1   --> A              
     e( 12 - 12) =     -0.57648  eV     1   --> A              
     e( 13 - 13) =      4.07224  eV     1   --> A              
     e( 14 - 14) =      6.50818  eV     1   --> A              
     e( 15 - 15) =      6.63350  eV     1   --> A              
     e( 16 - 16) =      7.36623  eV     1   --> A              
     e( 17 - 17) =      7.58335  eV     1   --> A              
     e( 18 - 18) =     10.42842  eV     1   --> A              
     e( 19 - 19) =     11.57584  eV     1   --> A              
     e( 20 - 20) =     11.88125  eV     1   --> A              
     e( 21 - 21) =     12.07107  eV     1   --> A              
     e( 22 - 22) =     12.72548  eV     1   --> A              
     e( 23 - 23) =     13.46169  eV     1   --> A              
     e( 24 - 24) =     14.19067  eV     1   --> A              
     e( 25 - 25) =     14.71968  eV     1   --> A              
     e( 26 - 26) =     15.24771  eV     1   --> A              
     e( 27 - 27) =     15.62880  eV     1   --> A              
     e( 28 - 28) =     16.97845  eV     1   --> A              
     e( 29 - 29) =     17.18359  eV     1   --> A              
     e( 30 - 30) =     17.56946  eV     1   --> A              
     e( 31 - 31) =     19.76864  eV     1   --> A              
     e( 32 - 32) =     20.16997  eV     1   --> A              
     e( 33 - 33) =     20.71769  eV     1   --> A              
     e( 34 - 34) =     21.46214  eV     1   --> A              
     e( 35 - 35) =     22.50441  eV     1   --> A              
     e( 36 - 36) =     22.86960  eV     1   --> A              

 **************************************************************************

 **************************************************************************

                    xk=(   0.60556,   0.10585,   0.00000  )

     Band symmetry, C_1 (1)     point group:

     e(  1 -  1) =    -45.31569  eV     1   --> A              
     e(  2 -  2) =    -23.80247  eV     1   --> A              
     e(  3 -  3) =    -23.52791  eV     1   --> A              
     e(  4 -  4) =    -23.36996  eV     1   --> A              
     e(  5 -  5) =    -20.55076  eV     1   --> A              
     e(  6 -  6) =    -12.02785  eV     1   --> A              
     e(  7 -  7) =     -3.05287  eV     1   --> A              
     e(  8 -  8) =     -2.77900  eV     1   --> A              
     e(  9 -  9) =     -2.49358  eV     1   --> A              
     e( 10 - 10) =     -2.04271  eV     1   --> A              
     e( 11 - 11) =     -0.78416  eV     1   --> A              
     e( 12 - 12) =     -0.58212  eV     1   --> A              
     e( 13 - 13) =      4.08353  eV     1   --> A              
     e( 14 - 14) =      6.50546  eV     1   --> A              
     e( 15 - 15) =      6.62921  eV     1   --> A              
     e( 16 - 16) =      7.36733  eV     1   --> A              
     e( 17 - 17) =      7.57911  eV     1   --> A              
     e( 18 - 18) =     10.43290  eV     1   --> A              
     e( 19 - 19) =     11.60145  eV     1   --> A              
     e( 20 - 20) =     11.88883  eV     1   --> A              
     e( 21 - 21) =     12.07204  eV     1   --> A              
     e( 22 - 22) =     12.75553  eV     1   --> A              
     e( 23 - 23) =     13.47297  eV     1   --> A              
     e( 24 - 24) =     14.18977  eV     1   --> A              
     e( 25 - 25) =     14.71138  eV     1   --> A              
     e( 26 - 26) =     15.25353  eV     1   --> A              
     e( 27 - 27) =     15.61050  eV     1   --> A              
     e( 28 - 28) =     16.93721  eV     1   --> A              
     e( 29 - 29) =     17.16153  eV     1   --> A              
     e( 30 - 30) =     17.53608  eV     1   --> A              
     e( 31 - 31) =     19.75928  eV     1   --> A              
     e( 32 - 32) =     20.16239  eV     1   --> A              
     e( 33 - 33) =     20.72802  eV     1   --> A              
     e( 34 - 34) =     21.44707  eV     1   --> A              
     e( 35 - 35) =     22.50320  eV     1   --> A              
     e( 36 - 36) =     22.88033  eV     1   --> A              

 **************************************************************************

 **************************************************************************

                    xk=(   0.60694,   0.10344,   0.00000  )

     Band symmetry, C_1 (1)     point group:

     e(  1 -  1) =    -45.31560  eV     1   --> A              
     e(  2 -  2) =    -23.80104  eV     1   --> A              
     e(  3 -  3) =    -23.52760  eV     1   --> A              
     e(  4 -  4) =    -23.37282  eV     1   --> A              
     e(  5 -  5) =    -20.55047  eV     1   --> A              
     e(  6 -  6) =    -12.02626  eV     1   --> A              
     e(  7 -  7) =     -3.05279  eV     1   --> A              
     e(  8 -  8) =     -2.77737  eV     1   --> A              
     e(  9 -  9) =     -2.49262  eV     1   --> A              
     e( 10 - 10) =     -2.03522  eV     1   --> A              
     e( 11 - 11) =     -0.80152  eV     1   --> A              
     e( 12 - 12) =     -0.58688  eV     1   --> A              
     e( 13 - 13) =      4.09471  eV     1   --> A              
     e( 14 - 14) =      6.50264  eV     1   --> A              
     e( 15 - 15) =      6.62510  eV     1   --> A              
     e( 16 - 16) =      7.36806  eV     1   --> A              
     e( 17 - 17) =      7.57540  eV     1   --> A              
     e( 18 - 18) =     10.43709  eV     1   --> A              
     e( 19 - 19) =     11.62653  eV     1   --> A              
     e( 20 - 20) =     11.89660  eV     1   --> A              
     e( 21 - 21) =     12.07273  eV     1   --> A              
     e( 22 - 22) =     12.78648  eV     1   --> A              
     e( 23 - 23) =     13.48440  eV     1   --> A              
     e( 24 - 24) =     14.18785  eV     1   --> A              
     e( 25 - 25) =     14.70336  eV     1   --> A              
     e( 26 - 26) =     15.25902  eV     1   --> A              
     e( 27 - 27) =     15.59395  eV     1   --> A              
     e( 28 - 28) =     16.89592  eV     1   --> A              
     e( 29 - 29) =     17.13964  eV     1   --> A              
     e( 30 - 30) =     17.50270  eV     1   --> A              
     e( 31 - 31) =     19.74830  eV     1   --> A              
     e( 32 - 32) =     20.15642  eV     1   --> A              
     e( 33 - 33) =     20.73812  eV     1   --> A              
     e( 34 - 34) =     21.43284  eV     1   --> A              
     e( 35 - 35) =     22.50192  eV     1   --> A              
     e( 36 - 36) =     22.88947  eV     1   --> A              

 **************************************************************************

 **************************************************************************

                    xk=(   0.60833,   0.10104,   0.00000  )

     Band symmetry, C_1 (1)     point group:

     e(  1 -  1) =    -45.31550  eV     1   --> A              
     e(  2 -  2) =    -23.79962  eV     1   --> A              
     e(  3 -  3) =    -23.52729  eV     1   --> A              
     e(  4 -  4) =    -23.37565  eV     1   --> A              
     e(  5 -  5) =    -20.55018  eV     1   --> A              
     e(  6 -  6) =    -12.02468  eV     1   --> A              
     e(  7 -  7) =     -3.05281  eV     1   --> A              
     e(  8 -  8) =     -2.77564  eV     1   --> A              
     e(  9 -  9) =     -2.49165  eV     1   --> A              
     e( 10 - 10) =     -2.02764  eV     1   --> A              
     e( 11 - 11) =     -0.81949  eV     1   --> A              
     e( 12 - 12) =     -0.59092  eV     1   --> A              
     e( 13 - 13) =      4.10577  eV     1   --> A              
     e( 14 - 14) =      6.49975  eV     1   --> A              
     e( 15 - 15) =      6.62116  eV     1   --> A              
     e( 16 - 16) =      7.36837  eV     1   --> A              
     e( 17 - 17) =      7.57223  eV     1   --> A              
     e( 18 - 18) =     10.44100  eV     1   --> A              
     e( 19 - 19) =     11.65096  eV     1   --> A              
     e( 20 - 20) =     11.90462  eV     1   --> A              
     e( 21 - 21) =     12.07328  eV     1   --> A              
     e( 22 - 22) =     12.81817  eV     1   --> A              
     e( 23 - 23) =     13.49594  eV     1   --> A              
     e( 24 - 24) =     14.18481  eV     1   --> A              
     e( 25 - 25) =     14.69573  eV     1   --> A              
     e( 26 - 26) =     15.26410  eV     1   --> A              
     e( 27 - 27) =     15.57925  eV     1   --> A              
     e( 28 - 28) =     16.85459  eV     1   --> A              
     e( 29 - 29) =     17.11793  eV     1   --> A              
     e( 30 - 30) =     17.46931  eV     1   --> A              
     e( 31 - 31) =     19.73583  eV     1   --> A              
     e( 32 - 32) =     20.15197  eV     1   --> A              
     e( 33 - 33) =     20.74787  eV     1   --> A              
     e( 34 - 34) =     21.41956  eV     1   --> A              
     e( 35 - 35) =     22.50062  eV     1   --> A              
     e( 36 - 36) =     22.89693  eV     1   --> A              

 **************************************************************************

 **************************************************************************

                    xk=(   0.60972,   0.09863,   0.00000  )

     Band symmetry, C_1 (1)     point group:

     e(  1 -  1) =    -45.31541  eV     1   --> A              
     e(  2 -  2) =    -23.79822  eV     1   --> A              
     e(  3 -  3) =    -23.52699  eV     1   --> A              
     e(  4 -  4) =    -23.37846  eV     1   --> A              
     e(  5 -  5) =    -20.54989  eV     1   --> A              
     e(  6 -  6) =    -12.02311  eV     1   --> A              
     e(  7 -  7) =     -3.05294  eV     1   --> A              
     e(  8 -  8) =     -2.77383  eV     1   --> A              
     e(  9 -  9) =     -2.49068  eV     1   --> A              
     e( 10 - 10) =     -2.02000  eV     1   --> A              
     e( 11 - 11) =     -0.83794  eV     1   --> A              
     e( 12 - 12) =     -0.59435  eV     1   --> A              
     e( 13 - 13) =      4.11671  eV     1   --> A              
     e( 14 - 14) =      6.49680  eV     1   --> A              
     e( 15 - 15) =      6.61739  eV     1   --> A              
     e( 16 - 16) =      7.36824  eV     1   --> A              
     e( 17 - 17) =      7.56961  eV     1   --> A              
     e( 18 - 18) =     10.44462  eV     1   --> A              
     e( 19 - 19) =     11.67464  eV     1   --> A              
     e( 20 - 20) =     11.91297  eV     1   --> A              
     e( 21 - 21) =     12.07385  eV     1   --> A              
     e( 22 - 22) =     12.85046  eV     1   --> A              
     e( 23 - 23) =     13.50754  eV     1   --> A              
     e( 24 - 24) =     14.18059  eV     1   --> A              
     e( 25 - 25) =     14.68859  eV     1   --> A              
     e( 26 - 26) =     15.26870  eV     1   --> A              
     e( 27 - 27) =     15.56650  eV     1   --> A              
     e( 28 - 28) =     16.81325  eV     1   --> A              
     e( 29 - 29) =     17.09641  eV     1   --> A              
     e( 30 - 30) =     17.43590  eV     1   --> A              
     e( 31 - 31) =     19.72203  eV     1   --> A              
     e( 32 - 32) =     20.14893  eV     1   --> A              
     e( 33 - 33) =     20.75711  eV     1   --> A              
     e( 34 - 34) =     21.40736  eV     1   --> A              
     e( 35 - 35) =     22.49932  eV     1   --> A              
     e( 36 - 36) =     22.90265  eV     1   --> A              

 **************************************************************************

 **************************************************************************

                    xk=(   0.61111,   0.09623,   0.00000  )

     Band symmetry, C_1 (1)     point group:

     e(  1 -  1) =    -45.31532  eV     1   --> A              
     e(  2 -  2) =    -23.79682  eV     1   --> A              
     e(  3 -  3) =    -23.52669  eV     1   --> A              
     e(  4 -  4) =    -23.38124  eV     1   --> A              
     e(  5 -  5) =    -20.54961  eV     1   --> A              
     e(  6 -  6) =    -12.02156  eV     1   --> A              
     e(  7 -  7) =     -3.05317  eV     1   --> A              
     e(  8 -  8) =     -2.77194  eV     1   --> A              
     e(  9 -  9) =     -2.48970  eV     1   --> A              
     e( 10 - 10) =     -2.01228  eV     1   --> A              
     e( 11 - 11) =     -0.85675  eV     1   --> A              
     e( 12 - 12) =     -0.59729  eV     1   --> A              
     e( 13 - 13) =      4.12752  eV     1   --> A              
     e( 14 - 14) =      6.49379  eV     1   --> A              
     e( 15 - 15) =      6.61379  eV     1   --> A              
     e( 16 - 16) =      7.36765  eV     1   --> A              
     e( 17 - 17) =      7.56756  eV     1   --> A              
     e( 18 - 18) =     10.44796  eV     1   --> A              
     e( 19 - 19) =     11.69741  eV     1   --> A              
     e( 20 - 20) =     11.92174  eV     1   --> A              
     e( 21 - 21) =     12.07458  eV     1   --> A              
     e( 22 - 22) =     12.88323  eV     1   --> A              
     e( 23 - 23) =     13.51914  eV     1   --> A              
     e( 24 - 24) =     14.17514  eV     1   --> A              
     e( 25 - 25) =     14.68204  eV     1   --> A              
     e( 26 - 26) =     15.27275  eV     1   --> A              
     e( 27 - 27) =     15.55575  eV     1   --> A              
     e( 28 - 28) =     16.77192  eV     1   --> A              
     e( 29 - 29) =     17.07510  eV     1   --> A              
     e( 30 - 30) =     17.40247  eV     1   --> A              
     e( 31 - 31) =     19.70708  eV     1   --> A              
     e( 32 - 32) =     20.14718  eV     1   --> A              
     e( 33 - 33) =     20.76571  eV     1   --> A              
     e( 34 - 34) =     21.39635  eV     1   --> A              
     e( 35 - 35) =     22.49804  eV     1   --> A              
     e( 36 - 36) =     22.90658  eV     1   --> A              

 **************************************************************************

 **************************************************************************

                    xk=(   0.61250,   0.09382,   0.00000  )

     Band symmetry, C_1 (1)     point group:

     e(  1 -  1) =    -45.31523  eV     1   --> A              
     e(  2 -  2) =    -23.79544  eV     1   --> A              
     e(  3 -  3) =    -23.52640  eV     1   --> A              
     e(  4 -  4) =    -23.38398  eV     1   --> A              
     e(  5 -  5) =    -20.54934  eV     1   --> A              
     e(  6 -  6) =    -12.02002  eV     1   --> A              
     e(  7 -  7) =     -3.05348  eV     1   --> A              
     e(  8 -  8) =     -2.76998  eV     1   --> A              
     e(  9 -  9) =     -2.48872  eV     1   --> A              
     e( 10 - 10) =     -2.00448  eV     1   --> A              
     e( 11 - 11) =     -0.87581  eV     1   --> A              
     e( 12 - 12) =     -0.59983  eV     1   --> A              
     e( 13 - 13) =      4.13819  eV     1   --> A              
     e( 14 - 14) =      6.49076  eV     1   --> A              
     e( 15 - 15) =      6.61035  eV     1   --> A              
     e( 16 - 16) =      7.36660  eV     1   --> A              
     e( 17 - 17) =      7.56607  eV     1   --> A              
     e( 18 - 18) =     10.45102  eV     1   --> A              
     e( 19 - 19) =     11.71908  eV     1   --> A              
     e( 20 - 20) =     11.93107  eV     1   --> A              
     e( 21 - 21) =     12.07562  eV     1   --> A              
     e( 22 - 22) =     12.91635  eV     1   --> A              
     e( 23 - 23) =     13.53069  eV     1   --> A              
     e( 24 - 24) =     14.16843  eV     1   --> A              
     e( 25 - 25) =     14.67619  eV     1   --> A              
     e( 26 - 26) =     15.27623  eV     1   --> A              
     e( 27 - 27) =     15.54708  eV     1   --> A              
     e( 28 - 28) =     16.73061  eV     1   --> A              
     e( 29 - 29) =     17.05401  eV     1   --> A              
     e( 30 - 30) =     17.36902  eV     1   --> A              
     e( 31 - 31) =     19.69114  eV     1   --> A              
     e( 32 - 32) =     20.14656  eV     1   --> A              
     e( 33 - 33) =     20.77351  eV     1   --> A              
     e( 34 - 34) =     21.38665  eV     1   --> A              
     e( 35 - 35) =     22.49681  eV     1   --> A              
     e( 36 - 36) =     22.90870  eV     1   --> A              

 **************************************************************************

 **************************************************************************

                    xk=(   0.61389,   0.09141,   0.00000  )

     Band symmetry, C_1 (1)     point group:

     e(  1 -  1) =    -45.31514  eV     1   --> A              
     e(  2 -  2) =    -23.79407  eV     1   --> A              
     e(  3 -  3) =    -23.52611  eV     1   --> A              
     e(  4 -  4) =    -23.38669  eV     1   --> A              
     e(  5 -  5) =    -20.54907  eV     1   --> A              
     e(  6 -  6) =    -12.01850  eV     1   --> A              
     e(  7 -  7) =     -3.05389  eV     1   --> A              
     e(  8 -  8) =     -2.76796  eV     1   --> A              
     e(  9 -  9) =     -2.48773  eV     1   --> A              
     e( 10 - 10) =     -1.99660  eV     1   --> A              
     e( 11 - 11) =     -0.89506  eV     1   --> A              
     e( 12 - 12) =     -0.60203  eV     1   --> A              
     e( 13 - 13) =      4.14871  eV     1   --> A              
     e( 14 - 14) =      6.48772  eV     1   --> A              
     e( 15 - 15) =      6.60706  eV     1   --> A              
     e( 16 - 16) =      7.36508  eV     1   --> A              
     e( 17 - 17) =      7.56514  eV     1   --> A              
     e( 18 - 18) =     10.45381  eV     1   --> A              
     e( 19 - 19) =     11.73944  eV     1   --> A              
     e( 20 - 20) =     11.94114  eV     1   --> A              
     e( 21 - 21) =     12.07706  eV     1   --> A              
     e( 22 - 22) =     12.94969  eV     1   --> A              
     e( 23 - 23) =     13.54212  eV     1   --> A              
     e( 24 - 24) =     14.16048  eV     1   --> A              
     e( 25 - 25) =     14.67110  eV     1   --> A              
     e( 26 - 26) =     15.27910  eV     1   --> A              
     e( 27 - 27) =     15.54049  eV     1   --> A              
     e( 28 - 28) =     16.68935  eV     1   --> A              
     e( 29 - 29) =     17.03314  eV     1   --> A              
     e( 30 - 30) =     17.33554  eV     1   --> A              
     e( 31 - 31) =     19.67439  eV     1   --> A              
     e( 32 - 32) =     20.14695  eV     1   --> A              
     e( 33 - 33) =     20.78038  eV     1   --> A              
     e( 34 - 34) =     21.37839  eV     1   --> A              
     e( 35 - 35) =     22.49563  eV     1   --> A              
     e( 36 - 36) =     22.90901  eV     1   --> A              

 **************************************************************************

 **************************************************************************

                    xk=(   0.61528,   0.08901,   0.00000  )

     Band symmetry, C_1 (1)     point group:

     e(  1 -  1) =    -45.31505  eV     1   --> A              
     e(  2 -  2) =    -23.79272  eV     1   --> A              
     e(  3 -  3) =    -23.52583  eV     1   --> A              
     e(  4 -  4) =    -23.38938  eV     1   --> A              
     e(  5 -  5) =    -20.54881  eV     1   --> A              
     e(  6 -  6) =    -12.01700  eV     1   --> A              
     e(  7 -  7) =     -3.05437  eV     1   --> A              
     e(  8 -  8) =     -2.76589  eV     1   --> A              
     e(  9 -  9) =     -2.48676  eV     1   --> A              
     e( 10 - 10) =     -1.98864  eV     1   --> A              
     e( 11 - 11) =     -0.91444  eV     1   --> A              
     e( 12 - 12) =     -0.60396  eV     1   --> A              
     e( 13 - 13) =      4.15907  eV     1   --> A              
     e( 14 - 14) =      6.48468  eV     1   --> A              
     e( 15 - 15) =      6.60392  eV     1   --> A              
     e( 16 - 16) =      7.36311  eV     1   --> A              
     e( 17 - 17) =      7.56475  eV     1   --> A              
     e( 18 - 18) =     10.45633  eV     1   --> A              
     e( 19 - 19) =     11.75824  eV     1   --> A              
     e( 20 - 20) =     11.95214  eV     1   --> A              
     e( 21 - 21) =     12.07903  eV     1   --> A              
     e( 22 - 22) =     12.98313  eV     1   --> A              
     e( 23 - 23) =     13.55336  eV     1   --> A              
     e( 24 - 24) =     14.15134  eV     1   --> A              
     e( 25 - 25) =     14.66683  eV     1   --> A              
     e( 26 - 26) =     15.28138  eV     1   --> A              
     e( 27 - 27) =     15.53597  eV     1   --> A              
     e( 28 - 28) =     16.64816  eV     1   --> A              
     e( 29 - 29) =     17.01251  eV     1   --> A              
     e( 30 - 30) =     17.30203  eV     1   --> A              
     e( 31 - 31) =     19.65698  eV     1   --> A              
     e( 32 - 32) =     20.14823  eV     1   --> A              
     e( 33 - 33) =     20.78618  eV     1   --> A              
     e( 34 - 34) =     21.37168  eV     1   --> A              
     e( 35 - 35) =     22.49451  eV     1   --> A              
     e( 36 - 36) =     22.90752  eV     1   --> A              

 **************************************************************************

 **************************************************************************

                    xk=(   0.61667,   0.08660,   0.00000  )

     Band symmetry, C_1 (1)     point group:

     e(  1 -  1) =    -45.31497  eV     1   --> A              
     e(  2 -  2) =    -23.79138  eV     1   --> A              
     e(  3 -  3) =    -23.52555  eV     1   --> A              
     e(  4 -  4) =    -23.39202  eV     1   --> A              
     e(  5 -  5) =    -20.54856  eV     1   --> A              
     e(  6 -  6) =    -12.01551  eV     1   --> A              
     e(  7 -  7) =     -3.05492  eV     1   --> A              
     e(  8 -  8) =     -2.76379  eV     1   --> A              
     e(  9 -  9) =     -2.48577  eV     1   --> A              
     e( 10 - 10) =     -1.98061  eV     1   --> A              
     e( 11 - 11) =     -0.93387  eV     1   --> A              
     e( 12 - 12) =     -0.60565  eV     1   --> A              
     e( 13 - 13) =      4.16926  eV     1   --> A              
     e( 14 - 14) =      6.48166  eV     1   --> A              
     e( 15 - 15) =      6.60093  eV     1   --> A              
     e( 16 - 16) =      7.36071  eV     1   --> A              
     e( 17 - 17) =      7.56486  eV     1   --> A              
     e( 18 - 18) =     10.45858  eV     1   --> A              
     e( 19 - 19) =     11.77525  eV     1   --> A              
     e( 20 - 20) =     11.96429  eV     1   --> A              
     e( 21 - 21) =     12.08160  eV     1   --> A              
     e( 22 - 22) =     13.01654  eV     1   --> A              
     e( 23 - 23) =     13.56432  eV     1   --> A              
     e( 24 - 24) =     14.14110  eV     1   --> A              
     e( 25 - 25) =     14.66343  eV     1   --> A              
     e( 26 - 26) =     15.28314  eV     1   --> A              
     e( 27 - 27) =     15.53344  eV     1   --> A              
     e( 28 - 28) =     16.60706  eV     1   --> A              
     e( 29 - 29) =     16.99212  eV     1   --> A              
     e( 30 - 30) =     17.26851  eV     1   --> A              
     e( 31 - 31) =     19.63906  eV     1   --> A              
     e( 32 - 32) =     20.15029  eV     1   --> A              
     e( 33 - 33) =     20.79078  eV     1   --> A              
     e( 34 - 34) =     21.36664  eV     1   --> A              
     e( 35 - 35) =     22.49346  eV     1   --> A              
     e( 36 - 36) =     22.90427  eV     1   --> A              

 **************************************************************************

 **************************************************************************

                    xk=(   0.61806,   0.08420,   0.00000  )

     Band symmetry, C_1 (1)     point group:

     e(  1 -  1) =    -45.31488  eV     1   --> A              
     e(  2 -  2) =    -23.79006  eV     1   --> A              
     e(  3 -  3) =    -23.52528  eV     1   --> A              
     e(  4 -  4) =    -23.39462  eV     1   --> A              
     e(  5 -  5) =    -20.54831  eV     1   --> A              
     e(  6 -  6) =    -12.01405  eV     1   --> A              
     e(  7 -  7) =     -3.05553  eV     1   --> A              
     e(  8 -  8) =     -2.76165  eV     1   --> A              
     e(  9 -  9) =     -2.48479  eV     1   --> A              
     e( 10 - 10) =     -1.97249  eV     1   --> A              
     e( 11 - 11) =     -0.95333  eV     1   --> A              
     e( 12 - 12) =     -0.60714  eV     1   --> A              
     e( 13 - 13) =      4.17928  eV     1   --> A              
     e( 14 - 14) =      6.47868  eV     1   --> A              
     e( 15 - 15) =      6.59807  eV     1   --> A              
     e( 16 - 16) =      7.35790  eV     1   --> A              
     e( 17 - 17) =      7.56545  eV     1   --> A              
     e( 18 - 18) =     10.46057  eV     1   --> A              
     e( 19 - 19) =     11.79027  eV     1   --> A              
     e( 20 - 20) =     11.97777  eV     1   --> A              
     e( 21 - 21) =     12.08484  eV     1   --> A              
     e( 22 - 22) =     13.04978  eV     1   --> A              
     e( 23 - 23) =     13.57492  eV     1   --> A              
     e( 24 - 24) =     14.12989  eV     1   --> A              
     e( 25 - 25) =     14.66090  eV     1   --> A              
     e( 26 - 26) =     15.28445  eV     1   --> A              
     e( 27 - 27) =     15.53281  eV     1   --> A              
     e( 28 - 28) =     16.56607  eV     1   --> A              
     e( 29 - 29) =     16.97200  eV     1   --> A              
     e( 30 - 30) =     17.23497  eV     1   --> A              
     e( 31 - 31) =     19.62075  eV     1   --> A              
     e( 32 - 32) =     20.15303  eV     1   --> A              
     e( 33 - 33) =     20.79409  eV     1   --> A              
     e( 34 - 34) =     21.36333  eV     1   --> A              
     e( 35 - 35) =     22.49248  eV     1   --> A              
     e( 36 - 36) =     22.89930  eV     1   --> A              

 **************************************************************************

 **************************************************************************

                    xk=(   0.61944,   0.08179,   0.00000  )

     Band symmetry, C_1 (1)     point group:

     e(  1 -  1) =    -45.31480  eV     1   --> A              
     e(  2 -  2) =    -23.78876  eV     1   --> A              
     e(  3 -  3) =    -23.52501  eV     1   --> A              
     e(  4 -  4) =    -23.39717  eV     1   --> A              
     e(  5 -  5) =    -20.54806  eV     1   --> A              
     e(  6 -  6) =    -12.01260  eV     1   --> A              
     e(  7 -  7) =     -3.05619  eV     1   --> A              
     e(  8 -  8) =     -2.75948  eV     1   --> A              
     e(  9 -  9) =     -2.48381  eV     1   --> A              
     e( 10 - 10) =     -1.96429  eV     1   --> A              
     e( 11 - 11) =     -0.97277  eV     1   --> A              
     e( 12 - 12) =     -0.60847  eV     1   --> A              
     e( 13 - 13) =      4.18911  eV     1   --> A              
     e( 14 - 14) =      6.47576  eV     1   --> A              
     e( 15 - 15) =      6.59535  eV     1   --> A              
     e( 16 - 16) =      7.35473  eV     1   --> A              
     e( 17 - 17) =      7.56647  eV     1   --> A              
     e( 18 - 18) =     10.46231  eV     1   --> A              
     e( 19 - 19) =     11.80318  eV     1   --> A              
     e( 20 - 20) =     11.99272  eV     1   --> A              
     e( 21 - 21) =     12.08879  eV     1   --> A              
     e( 22 - 22) =     13.08271  eV     1   --> A              
     e( 23 - 23) =     13.58505  eV     1   --> A              
     e( 24 - 24) =     14.11789  eV     1   --> A              
     e( 25 - 25) =     14.65924  eV     1   --> A              
     e( 26 - 26) =     15.28544  eV     1   --> A              
     e( 27 - 27) =     15.53393  eV     1   --> A              
     e( 28 - 28) =     16.52521  eV     1   --> A              
     e( 29 - 29) =     16.95214  eV     1   --> A              
     e( 30 - 30) =     17.20142  eV     1   --> A              
     e( 31 - 31) =     19.60217  eV     1   --> A              
     e( 32 - 32) =     20.15636  eV     1   --> A              
     e( 33 - 33) =     20.79601  eV     1   --> A              
     e( 34 - 34) =     21.36184  eV     1   --> A              
     e( 35 - 35) =     22.49158  eV     1   --> A              
     e( 36 - 36) =     22.89268  eV     1   --> A              

 **************************************************************************

 **************************************************************************

                    xk=(   0.62083,   0.07939,   0.00000  )

     Band symmetry, C_1 (1)     point group:

     e(  1 -  1) =    -45.31471  eV     1   --> A              
     e(  2 -  2) =    -23.78748  eV     1   --> A              
     e(  3 -  3) =    -23.52475  eV     1   --> A              
     e(  4 -  4) =    -23.39968  eV     1   --> A              
     e(  5 -  5) =    -20.54783  eV     1   --> A              
     e(  6 -  6) =    -12.01118  eV     1   --> A              
     e(  7 -  7) =     -3.05690  eV     1   --> A              
     e(  8 -  8) =     -2.75730  eV     1   --> A              
     e(  9 -  9) =     -2.48283  eV     1   --> A              
     e( 10 - 10) =     -1.95601  eV     1   --> A              
     e( 11 - 11) =     -0.99216  eV     1   --> A              
     e( 12 - 12) =     -0.60965  eV     1   --> A              
     e( 13 - 13) =      4.19875  eV     1   --> A              
     e( 14 - 14) =      6.47290  eV     1   --> A              
     e( 15 - 15) =      6.59275  eV     1   --> A              
     e( 16 - 16) =      7.35123  eV     1   --> A              
     e( 17 - 17) =      7.56789  eV     1   --> A              
     e( 18 - 18) =     10.46380  eV     1   --> A              
     e( 19 - 19) =     11.81395  eV     1   --> A              
     e( 20 - 20) =     12.00915  eV     1   --> A              
     e( 21 - 21) =     12.09348  eV     1   --> A              
     e( 22 - 22) =     13.11517  eV     1   --> A              
     e( 23 - 23) =     13.59462  eV     1   --> A              
     e( 24 - 24) =     14.10533  eV     1   --> A              
     e( 25 - 25) =     14.65843  eV     1   --> A              
     e( 26 - 26) =     15.28625  eV     1   --> A              
     e( 27 - 27) =     15.53664  eV     1   --> A              
     e( 28 - 28) =     16.48452  eV     1   --> A              
     e( 29 - 29) =     16.93254  eV     1   --> A              
     e( 30 - 30) =     17.16789  eV     1   --> A              
     e( 31 - 31) =     19.58342  eV     1   --> A              
     e( 32 - 32) =     20.16023  eV     1   --> A              
     e( 33 - 33) =     20.79650  eV     1   --> A              
     e( 34 - 34) =     21.36218  eV     1   --> A              
     e( 35 - 35) =     22.49074  eV     1   --> A              
     e( 36 - 36) =     22.88448  eV     1   --> A              

 **************************************************************************

 **************************************************************************

                    xk=(   0.62222,   0.07698,   0.00000  )

     Band symmetry, C_1 (1)     point group:

     e(  1 -  1) =    -45.31463  eV     1   --> A              
     e(  2 -  2) =    -23.78622  eV     1   --> A              
     e(  3 -  3) =    -23.52449  eV     1   --> A              
     e(  4 -  4) =    -23.40214  eV     1   --> A              
     e(  5 -  5) =    -20.54760  eV     1   --> A              
     e(  6 -  6) =    -12.00978  eV     1   --> A              
     e(  7 -  7) =     -3.05765  eV     1   --> A              
     e(  8 -  8) =     -2.75512  eV     1   --> A              
     e(  9 -  9) =     -2.48186  eV     1   --> A              
     e( 10 - 10) =     -1.94766  eV     1   --> A              
     e( 11 - 11) =     -1.01147  eV     1   --> A              
     e( 12 - 12) =     -0.61072  eV     1   --> A              
     e( 13 - 13) =      4.20820  eV     1   --> A              
     e( 14 - 14) =      6.47013  eV     1   --> A              
     e( 15 - 15) =      6.59027  eV     1   --> A              
     e( 16 - 16) =      7.34744  eV     1   --> A              
     e( 17 - 17) =      7.56965  eV     1   --> A              
     e( 18 - 18) =     10.46505  eV     1   --> A              
     e( 19 - 19) =     11.82267  eV     1   --> A              
     e( 20 - 20) =     12.02701  eV     1   --> A              
     e( 21 - 21) =     12.09890  eV     1   --> A              
     e( 22 - 22) =     13.14697  eV     1   --> A              
     e( 23 - 23) =     13.60351  eV     1   --> A              
     e( 24 - 24) =     14.09247  eV     1   --> A              
     e( 25 - 25) =     14.65844  eV     1   --> A              
     e( 26 - 26) =     15.28703  eV     1   --> A              
     e( 27 - 27) =     15.54076  eV     1   --> A              
     e( 28 - 28) =     16.44402  eV     1   --> A              
     e( 29 - 29) =     16.91322  eV     1   --> A              
     e( 30 - 30) =     17.13440  eV     1   --> A              
     e( 31 - 31) =     19.56459  eV     1   --> A              
     e( 32 - 32) =     20.16456  eV     1   --> A              
     e( 33 - 33) =     20.79554  eV     1   --> A              
     e( 34 - 34) =     21.36437  eV     1   --> A              
     e( 35 - 35) =     22.48996  eV     1   --> A              
     e( 36 - 36) =     22.87479  eV     1   --> A              

 **************************************************************************

 **************************************************************************

                    xk=(   0.62361,   0.07457,   0.00000  )

     Band symmetry, C_1 (1)     point group:

     e(  1 -  1) =    -45.31455  eV     1   --> A              
     e(  2 -  2) =    -23.78499  eV     1   --> A              
     e(  3 -  3) =    -23.52424  eV     1   --> A              
     e(  4 -  4) =    -23.40455  eV     1   --> A              
     e(  5 -  5) =    -20.54737  eV     1   --> A              
     e(  6 -  6) =    -12.00841  eV     1   --> A              
     e(  7 -  7) =     -3.05844  eV     1   --> A              
     e(  8 -  8) =     -2.75294  eV     1   --> A              
     e(  9 -  9) =     -2.48089  eV     1   --> A              
     e( 10 - 10) =     -1.93923  eV     1   --> A              
     e( 11 - 11) =     -1.03068  eV     1   --> A              
     e( 12 - 12) =     -0.61168  eV     1   --> A              
     e( 13 - 13) =      4.21743  eV     1   --> A              
     e( 14 - 14) =      6.46746  eV     1   --> A              
     e( 15 - 15) =      6.58789  eV     1   --> A              
     e( 16 - 16) =      7.34339  eV     1   --> A              
     e( 17 - 17) =      7.57171  eV     1   --> A              
     e( 18 - 18) =     10.46608  eV     1   --> A              
     e( 19 - 19) =     11.82953  eV     1   --> A              
     e( 20 - 20) =     12.04617  eV     1   --> A              
     e( 21 - 21) =     12.10505  eV     1   --> A              
     e( 22 - 22) =     13.17789  eV     1   --> A              
     e( 23 - 23) =     13.61162  eV     1   --> A              
     e( 24 - 24) =     14.07962  eV     1   --> A              
     e( 25 - 25) =     14.65923  eV     1   --> A              
     e( 26 - 26) =     15.28791  eV     1   --> A              
     e( 27 - 27) =     15.54612  eV     1   --> A              
     e( 28 - 28) =     16.40372  eV     1   --> A              
     e( 29 - 29) =     16.89417  eV     1   --> A              
     e( 30 - 30) =     17.10095  eV     1   --> A              
     e( 31 - 31) =     19.54575  eV     1   --> A              
     e( 32 - 32) =     20.16932  eV     1   --> A              
     e( 33 - 33) =     20.79314  eV     1   --> A              
     e( 34 - 34) =     21.36836  eV     1   --> A              
     e( 35 - 35) =     22.48924  eV     1   --> A              
     e( 36 - 36) =     22.86369  eV     1   --> A              

 **************************************************************************

 **************************************************************************

                    xk=(   0.62500,   0.07217,   0.00000  )

     Band symmetry, C_1 (1)     point group:

     e(  1 -  1) =    -45.31448  eV     1   --> A              
     e(  2 -  2) =    -23.78378  eV     1   --> A              
     e(  3 -  3) =    -23.52400  eV     1   --> A              
     e(  4 -  4) =    -23.40691  eV     1   --> A              
     e(  5 -  5) =    -20.54716  eV     1   --> A              
     e(  6 -  6) =    -12.00706  eV     1   --> A              
     e(  7 -  7) =     -3.05926  eV     1   --> A              
     e(  8 -  8) =     -2.75077  eV     1   --> A              
     e(  9 -  9) =     -2.47994  eV     1   --> A              
     e( 10 - 10) =     -1.93072  eV     1   --> A              
     e( 11 - 11) =     -1.04976  eV     1   --> A              
     e( 12 - 12) =     -0.61254  eV     1   --> A              
     e( 13 - 13) =      4.22645  eV     1   --> A              
     e( 14 - 14) =      6.46489  eV     1   --> A              
     e( 15 - 15) =      6.58562  eV     1   --> A              
     e( 16 - 16) =      7.33912  eV     1   --> A              
     e( 17 - 17) =      7.57403  eV     1   --> A              
     e( 18 - 18) =     10.46688  eV     1   --> A              
     e( 19 - 19) =     11.83476  eV     1   --> A              
     e( 20 - 20) =     12.06645  eV     1   --> A              
     e( 21 - 21) =     12.11190  eV     1   --> A              
     e( 22 - 22) =     13.20768  eV     1   --> A              
     e( 23 - 23) =     13.61890  eV     1   --> A              
     e( 24 - 24) =     14.06709  eV     1   --> A              
     e( 25 - 25) =     14.66074  eV     1   --> A              
     e( 26 - 26) =     15.28903  eV     1   --> A              
     e( 27 - 27) =     15.55256  eV     1   --> A              
     e( 28 - 28) =     16.36368  eV     1   --> A              
     e( 29 - 29) =     16.87539  eV     1   --> A              
     e( 30 - 30) =     17.06760  eV     1   --> A              
     e( 31 - 31) =     19.52697  eV     1   --> A              
     e( 32 - 32) =     20.17446  eV     1   --> A              
     e( 33 - 33) =     20.78936  eV     1   --> A              
     e( 34 - 34) =     21.37410  eV     1   --> A              
     e( 35 - 35) =     22.48856  eV     1   --> A              
     e( 36 - 36) =     22.85129  eV     1   --> A              

 **************************************************************************

 **************************************************************************

                    xk=(   0.62639,   0.06976,   0.00000  )

     Band symmetry, C_1 (1)     point group:

     e(  1 -  1) =    -45.31440  eV     1   --> A              
     e(  2 -  2) =    -23.78259  eV     1   --> A              
     e(  3 -  3) =    -23.52377  eV     1   --> A              
     e(  4 -  4) =    -23.40922  eV     1   --> A              
     e(  5 -  5) =    -20.54695  eV     1   --> A              
     e(  6 -  6) =    -12.00574  eV     1   --> A              
     e(  7 -  7) =     -3.06011  eV     1   --> A              
     e(  8 -  8) =     -2.74862  eV     1   --> A              
     e(  9 -  9) =     -2.47899  eV     1   --> A              
     e( 10 - 10) =     -1.92214  eV     1   --> A              
     e( 11 - 11) =     -1.06869  eV     1   --> A              
     e( 12 - 12) =     -0.61333  eV     1   --> A              
     e( 13 - 13) =      4.23524  eV     1   --> A              
     e( 14 - 14) =      6.46244  eV     1   --> A              
     e( 15 - 15) =      6.58344  eV     1   --> A              
     e( 16 - 16) =      7.33469  eV     1   --> A              
     e( 17 - 17) =      7.57656  eV     1   --> A              
     e( 18 - 18) =     10.46747  eV     1   --> A              
     e( 19 - 19) =     11.83860  eV     1   --> A              
     e( 20 - 20) =     12.08764  eV     1   --> A              
     e( 21 - 21) =     12.11942  eV     1   --> A              
     e( 22 - 22) =     13.23601  eV     1   --> A              
     e( 23 - 23) =     13.62531  eV     1   --> A              
     e( 24 - 24) =     14.05525  eV     1   --> A              
     e( 25 - 25) =     14.66292  eV     1   --> A              
     e( 26 - 26) =     15.29051  eV     1   --> A              
     e( 27 - 27) =     15.55990  eV     1   --> A              
     e( 28 - 28) =     16.32390  eV     1   --> A              
     e( 29 - 29) =     16.85687  eV     1   --> A              
     e( 30 - 30) =     17.03437  eV     1   --> A              
     e( 31 - 31) =     19.50832  eV     1   --> A              
     e( 32 - 32) =     20.17995  eV     1   --> A              
     e( 33 - 33) =     20.78427  eV     1   --> A              
     e( 34 - 34) =     21.38149  eV     1   --> A              
     e( 35 - 35) =     22.48791  eV     1   --> A              
     e( 36 - 36) =     22.83770  eV     1   --> A              

 **************************************************************************

 **************************************************************************

                    xk=(   0.62778,   0.06736,   0.00000  )

     Band symmetry, C_1 (1)     point group:

     e(  1 -  1) =    -45.31432  eV     1   --> A              
     e(  2 -  2) =    -23.78143  eV     1   --> A              
     e(  3 -  3) =    -23.52354  eV     1   --> A              
     e(  4 -  4) =    -23.41146  eV     1   --> A              
     e(  5 -  5) =    -20.54674  eV     1   --> A              
     e(  6 -  6) =    -12.00445  eV     1   --> A              
     e(  7 -  7) =     -3.06097  eV     1   --> A              
     e(  8 -  8) =     -2.74649  eV     1   --> A              
     e(  9 -  9) =     -2.47806  eV     1   --> A              
     e( 10 - 10) =     -1.91349  eV     1   --> A              
     e( 11 - 11) =     -1.08745  eV     1   --> A              
     e( 12 - 12) =     -0.61404  eV     1   --> A              
     e( 13 - 13) =      4.24380  eV     1   --> A              
     e( 14 - 14) =      6.46013  eV     1   --> A              
     e( 15 - 15) =      6.58136  eV     1   --> A              
     e( 16 - 16) =      7.33011  eV     1   --> A              
     e( 17 - 17) =      7.57927  eV     1   --> A              
     e( 18 - 18) =     10.46786  eV     1   --> A              
     e( 19 - 19) =     11.84129  eV     1   --> A              
     e( 20 - 20) =     12.10957  eV     1   --> A              
     e( 21 - 21) =     12.12757  eV     1   --> A              
     e( 22 - 22) =     13.26248  eV     1   --> A              
     e( 23 - 23) =     13.63091  eV     1   --> A              
     e( 24 - 24) =     14.04441  eV     1   --> A              
     e( 25 - 25) =     14.66572  eV     1   --> A              
     e( 26 - 26) =     15.29245  eV     1   --> A              
     e( 27 - 27) =     15.56801  eV     1   --> A              
     e( 28 - 28) =     16.28444  eV     1   --> A              
     e( 29 - 29) =     16.83860  eV     1   --> A              
     e( 30 - 30) =     17.00132  eV     1   --> A              
     e( 31 - 31) =     19.48983  eV     1   --> A              
     e( 32 - 32) =     20.18575  eV     1   --> A              
     e( 33 - 33) =     20.77796  eV     1   --> A              
     e( 34 - 34) =     21.39043  eV     1   --> A              
     e( 35 - 35) =     22.48726  eV     1   --> A              
     e( 36 - 36) =     22.82302  eV     1   --> A              

 **************************************************************************

 **************************************************************************

                    xk=(   0.62917,   0.06495,   0.00000  )

     Band symmetry, C_1 (1)     point group:

     e(  1 -  1) =    -45.31425  eV     1   --> A              
     e(  2 -  2) =    -23.78031  eV     1   --> A              
     e(  3 -  3) =    -23.52332  eV     1   --> A              
     e(  4 -  4) =    -23.41366  eV     1   --> A              
     e(  5 -  5) =    -20.54655  eV     1   --> A              
     e(  6 -  6) =    -12.00319  eV     1   --> A              
     e(  7 -  7) =     -3.06186  eV     1   --> A              
     e(  8 -  8) =     -2.74442  eV     1   --> A              
     e(  9 -  9) =     -2.47714  eV     1   --> A              
     e( 10 - 10) =     -1.90477  eV     1   --> A              
     e( 11 - 11) =     -1.10603  eV     1   --> A              
     e( 12 - 12) =     -0.61469  eV     1   --> A              
     e( 13 - 13) =      4.25211  eV     1   --> A              
     e( 14 - 14) =      6.45794  eV     1   --> A              
     e( 15 - 15) =      6.57936  eV     1   --> A              
     e( 16 - 16) =      7.32541  eV     1   --> A              
     e( 17 - 17) =      7.58212  eV     1   --> A              
     e( 18 - 18) =     10.46806  eV     1   --> A              
     e( 19 - 19) =     11.84302  eV     1   --> A              
     e( 20 - 20) =     12.13190  eV     1   --> A              
     e( 21 - 21) =     12.13650  eV     1   --> A              
     e( 22 - 22) =     13.28660  eV     1   --> A              
     e( 23 - 23) =     13.63590  eV     1   --> A              
     e( 24 - 24) =     14.03489  eV     1   --> A              
     e( 25 - 25) =     14.66910  eV     1   --> A              
     e( 26 - 26) =     15.29493  eV     1   --> A              
     e( 27 - 27) =     15.57676  eV     1   --> A              
     e( 28 - 28) =     16.24533  eV     1   --> A              
     e( 29 - 29) =     16.82053  eV     1   --> A              
     e( 30 - 30) =     16.96852  eV     1   --> A              
     e( 31 - 31) =     19.47157  eV     1   --> A              
     e( 32 - 32) =     20.19186  eV     1   --> A              
     e( 33 - 33) =     20.77053  eV     1   --> A              
     e( 34 - 34) =     21.40078  eV     1   --> A              
     e( 35 - 35) =     22.48659  eV     1   --> A              
     e( 36 - 36) =     22.80736  eV     1   --> A              

 **************************************************************************

 **************************************************************************

                    xk=(   0.63056,   0.06255,   0.00000  )

     Band symmetry, C_1 (1)     point group:

     e(  1 -  1) =    -45.31418  eV     1   --> A              
     e(  2 -  2) =    -23.77921  eV     1   --> A              
     e(  3 -  3) =    -23.52311  eV     1   --> A              
     e(  4 -  4) =    -23.41579  eV     1   --> A              
     e(  5 -  5) =    -20.54637  eV     1   --> A              
     e(  6 -  6) =    -12.00195  eV     1   --> A              
     e(  7 -  7) =     -3.06275  eV     1   --> A              
     e(  8 -  8) =     -2.74236  eV     1   --> A              
     e(  9 -  9) =     -2.47623  eV     1   --> A              
     e( 10 - 10) =     -1.89599  eV     1   --> A              
     e( 11 - 11) =     -1.12441  eV     1   --> A              
     e( 12 - 12) =     -0.61529  eV     1   --> A              
     e( 13 - 13) =      4.26018  eV     1   --> A              
     e( 14 - 14) =      6.45591  eV     1   --> A              
     e( 15 - 15) =      6.57745  eV     1   --> A              
     e( 16 - 16) =      7.32065  eV     1   --> A              
     e( 17 - 17) =      7.58507  eV     1   --> A              
     e( 18 - 18) =     10.46809  eV     1   --> A              
     e( 19 - 19) =     11.84400  eV     1   --> A              
     e( 20 - 20) =     12.14531  eV     1   --> A              
     e( 21 - 21) =     12.15536  eV     1   --> A              
     e( 22 - 22) =     13.30777  eV     1   --> A              
     e( 23 - 23) =     13.64059  eV     1   --> A              
     e( 24 - 24) =     14.02696  eV     1   --> A              
     e( 25 - 25) =     14.67302  eV     1   --> A              
     e( 26 - 26) =     15.29802  eV     1   --> A              
     e( 27 - 27) =     15.58601  eV     1   --> A              
     e( 28 - 28) =     16.20662  eV     1   --> A              
     e( 29 - 29) =     16.80263  eV     1   --> A              
     e( 30 - 30) =     16.93605  eV     1   --> A              
     e( 31 - 31) =     19.45358  eV     1   --> A              
     e( 32 - 32) =     20.19825  eV     1   --> A              
     e( 33 - 33) =     20.76211  eV     1   --> A              
     e( 34 - 34) =     21.41242  eV     1   --> A              
     e( 35 - 35) =     22.48588  eV     1   --> A              
     e( 36 - 36) =     22.79086  eV     1   --> A              

 **************************************************************************

 **************************************************************************

                    xk=(   0.63194,   0.06014,   0.00000  )

     Band symmetry, C_1 (1)     point group:

     e(  1 -  1) =    -45.31411  eV     1   --> A              
     e(  2 -  2) =    -23.77815  eV     1   --> A              
     e(  3 -  3) =    -23.52290  eV     1   --> A              
     e(  4 -  4) =    -23.41785  eV     1   --> A              
     e(  5 -  5) =    -20.54618  eV     1   --> A              
     e(  6 -  6) =    -12.00075  eV     1   --> A              
     e(  7 -  7) =     -3.06364  eV     1   --> A              
     e(  8 -  8) =     -2.74034  eV     1   --> A              
     e(  9 -  9) =     -2.47534  eV     1   --> A              
     e( 10 - 10) =     -1.88714  eV     1   --> A              
     e( 11 - 11) =     -1.14257  eV     1   --> A              
     e( 12 - 12) =     -0.61583  eV     1   --> A              
     e( 13 - 13) =      4.26800  eV     1   --> A              
     e( 14 - 14) =      6.45404  eV     1   --> A              
     e( 15 - 15) =      6.57562  eV     1   --> A              
     e( 16 - 16) =      7.31585  eV     1   --> A              
     e( 17 - 17) =      7.58810  eV     1   --> A              
     e( 18 - 18) =     10.46794  eV     1   --> A              
     e( 19 - 19) =     11.84438  eV     1   --> A              
     e( 20 - 20) =     12.15511  eV     1   --> A              
     e( 21 - 21) =     12.17868  eV     1   --> A              
     e( 22 - 22) =     13.32528  eV     1   --> A              
     e( 23 - 23) =     13.64552  eV     1   --> A              
     e( 24 - 24) =     14.02078  eV     1   --> A              
     e( 25 - 25) =     14.67743  eV     1   --> A              
     e( 26 - 26) =     15.30176  eV     1   --> A              
     e( 27 - 27) =     15.59566  eV     1   --> A              
     e( 28 - 28) =     16.16834  eV     1   --> A              
     e( 29 - 29) =     16.78482  eV     1   --> A              
     e( 30 - 30) =     16.90403  eV     1   --> A              
     e( 31 - 31) =     19.43590  eV     1   --> A              
     e( 32 - 32) =     20.20490  eV     1   --> A              
     e( 33 - 33) =     20.75280  eV     1   --> A              
     e( 34 - 34) =     21.42522  eV     1   --> A              
     e( 35 - 35) =     22.48508  eV     1   --> A              
     e( 36 - 36) =     22.77364  eV     1   --> A              

 **************************************************************************

 **************************************************************************

                    xk=(   0.63333,   0.05774,   0.00000  )

     Band symmetry, C_1 (1)     point group:

     e(  1 -  1) =    -45.31404  eV     1   --> A              
     e(  2 -  2) =    -23.77711  eV     1   --> A              
     e(  3 -  3) =    -23.52270  eV     1   --> A              
     e(  4 -  4) =    -23.41984  eV     1   --> A              
     e(  5 -  5) =    -20.54601  eV     1   --> A              
     e(  6 -  6) =    -11.99958  eV     1   --> A              
     e(  7 -  7) =     -3.06453  eV     1   --> A              
     e(  8 -  8) =     -2.73837  eV     1   --> A              
     e(  9 -  9) =     -2.47447  eV     1   --> A              
     e( 10 - 10) =     -1.87824  eV     1   --> A              
     e( 11 - 11) =     -1.16050  eV     1   --> A              
     e( 12 - 12) =     -0.61633  eV     1   --> A              
     e( 13 - 13) =      4.27556  eV     1   --> A              
     e( 14 - 14) =      6.45232  eV     1   --> A              
     e( 15 - 15) =      6.57386  eV     1   --> A              
     e( 16 - 16) =      7.31103  eV     1   --> A              
     e( 17 - 17) =      7.59118  eV     1   --> A              
     e( 18 - 18) =     10.46764  eV     1   --> A              
     e( 19 - 19) =     11.84427  eV     1   --> A              
     e( 20 - 20) =     12.16532  eV     1   --> A              
     e( 21 - 21) =     12.20234  eV     1   --> A              
     e( 22 - 22) =     13.33838  eV     1   --> A              
     e( 23 - 23) =     13.65132  eV     1   --> A              
     e( 24 - 24) =     14.01643  eV     1   --> A              
     e( 25 - 25) =     14.68232  eV     1   --> A              
     e( 26 - 26) =     15.30619  eV     1   --> A              
     e( 27 - 27) =     15.60560  eV     1   --> A              
     e( 28 - 28) =     16.13058  eV     1   --> A              
     e( 29 - 29) =     16.76698  eV     1   --> A              
     e( 30 - 30) =     16.87263  eV     1   --> A              
     e( 31 - 31) =     19.41856  eV     1   --> A              
     e( 32 - 32) =     20.21181  eV     1   --> A              
     e( 33 - 33) =     20.74272  eV     1   --> A              
     e( 34 - 34) =     21.43904  eV     1   --> A              
     e( 35 - 35) =     22.48415  eV     1   --> A              
     e( 36 - 36) =     22.75583  eV     1   --> A              

 **************************************************************************

 **************************************************************************

                    xk=(   0.63472,   0.05533,   0.00000  )

     Band symmetry, C_1 (1)     point group:

     e(  1 -  1) =    -45.31398  eV     1   --> A              
     e(  2 -  2) =    -23.77612  eV     1   --> A              
     e(  3 -  3) =    -23.52251  eV     1   --> A              
     e(  4 -  4) =    -23.42177  eV     1   --> A              
     e(  5 -  5) =    -20.54584  eV     1   --> A              
     e(  6 -  6) =    -11.99845  eV     1   --> A              
     e(  7 -  7) =     -3.06542  eV     1   --> A              
     e(  8 -  8) =     -2.73646  eV     1   --> A              
     e(  9 -  9) =     -2.47361  eV     1   --> A              
     e( 10 - 10) =     -1.86929  eV     1   --> A              
     e( 11 - 11) =     -1.17816  eV     1   --> A              
     e( 12 - 12) =     -0.61678  eV     1   --> A              
     e( 13 - 13) =      4.28285  eV     1   --> A              
     e( 14 - 14) =      6.45076  eV     1   --> A              
     e( 15 - 15) =      6.57218  eV     1   --> A              
     e( 16 - 16) =      7.30621  eV     1   --> A              
     e( 17 - 17) =      7.59428  eV     1   --> A              
     e( 18 - 18) =     10.46720  eV     1   --> A              
     e( 19 - 19) =     11.84379  eV     1   --> A              
     e( 20 - 20) =     12.17594  eV     1   --> A              
     e( 21 - 21) =     12.22621  eV     1   --> A              
     e( 22 - 22) =     13.34642  eV     1   --> A              
     e( 23 - 23) =     13.65865  eV     1   --> A              
     e( 24 - 24) =     14.01391  eV     1   --> A              
     e( 25 - 25) =     14.68764  eV     1   --> A              
     e( 26 - 26) =     15.31134  eV     1   --> A              
     e( 27 - 27) =     15.61571  eV     1   --> A              
     e( 28 - 28) =     16.09338  eV     1   --> A              
     e( 29 - 29) =     16.74892  eV     1   --> A              
     e( 30 - 30) =     16.84209  eV     1   --> A              
     e( 31 - 31) =     19.40160  eV     1   --> A              
     e( 32 - 32) =     20.21895  eV     1   --> A              
     e( 33 - 33) =     20.73198  eV     1   --> A              
     e( 34 - 34) =     21.45375  eV     1   --> A              
     e( 35 - 35) =     22.48302  eV     1   --> A              
     e( 36 - 36) =     22.73758  eV     1   --> A              

 **************************************************************************

 **************************************************************************

                    xk=(   0.63611,   0.05292,   0.00000  )

     Band symmetry, C_1 (1)     point group:

     e(  1 -  1) =    -45.31392  eV     1   --> A              
     e(  2 -  2) =    -23.77516  eV     1   --> A              
     e(  3 -  3) =    -23.52233  eV     1   --> A              
     e(  4 -  4) =    -23.42363  eV     1   --> A              
     e(  5 -  5) =    -20.54568  eV     1   --> A              
     e(  6 -  6) =    -11.99735  eV     1   --> A              
     e(  7 -  7) =     -3.06630  eV     1   --> A              
     e(  8 -  8) =     -2.73461  eV     1   --> A              
     e(  9 -  9) =     -2.47278  eV     1   --> A              
     e( 10 - 10) =     -1.86030  eV     1   --> A              
     e( 11 - 11) =     -1.19556  eV     1   --> A              
     e( 12 - 12) =     -0.61720  eV     1   --> A              
     e( 13 - 13) =      4.28986  eV     1   --> A              
     e( 14 - 14) =      6.44936  eV     1   --> A              
     e( 15 - 15) =      6.57056  eV     1   --> A              
     e( 16 - 16) =      7.30142  eV     1   --> A              
     e( 17 - 17) =      7.59738  eV     1   --> A              
     e( 18 - 18) =     10.46664  eV     1   --> A              
     e( 19 - 19) =     11.84303  eV     1   --> A              
     e( 20 - 20) =     12.18694  eV     1   --> A              
     e( 21 - 21) =     12.25025  eV     1   --> A              
     e( 22 - 22) =     13.34893  eV     1   --> A              
     e( 23 - 23) =     13.66803  eV     1   --> A              
     e( 24 - 24) =     14.01310  eV     1   --> A              
     e( 25 - 25) =     14.69338  eV     1   --> A              
     e( 26 - 26) =     15.31720  eV     1   --> A              
     e( 27 - 27) =     15.62589  eV     1   --> A              
     e( 28 - 28) =     16.05683  eV     1   --> A              
     e( 29 - 29) =     16.73034  eV     1   --> A              
     e( 30 - 30) =     16.81278  eV     1   --> A              
     e( 31 - 31) =     19.38506  eV     1   --> A              
     e( 32 - 32) =     20.22633  eV     1   --> A              
     e( 33 - 33) =     20.72068  eV     1   --> A              
     e( 34 - 34) =     21.46922  eV     1   --> A              
     e( 35 - 35) =     22.48162  eV     1   --> A              
     e( 36 - 36) =     22.71907  eV     1   --> A              

 **************************************************************************

 **************************************************************************

                    xk=(   0.63750,   0.05052,   0.00000  )

     Band symmetry, C_1 (1)     point group:

     e(  1 -  1) =    -45.31385  eV     1   --> A              
     e(  2 -  2) =    -23.77423  eV     1   --> A              
     e(  3 -  3) =    -23.52216  eV     1   --> A              
     e(  4 -  4) =    -23.42542  eV     1   --> A              
     e(  5 -  5) =    -20.54553  eV     1   --> A              
     e(  6 -  6) =    -11.99629  eV     1   --> A              
     e(  7 -  7) =     -3.06717  eV     1   --> A              
     e(  8 -  8) =     -2.73281  eV     1   --> A              
     e(  9 -  9) =     -2.47197  eV     1   --> A              
     e( 10 - 10) =     -1.85129  eV     1   --> A              
     e( 11 - 11) =     -1.21267  eV     1   --> A              
     e( 12 - 12) =     -0.61758  eV     1   --> A              
     e( 13 - 13) =      4.29659  eV     1   --> A              
     e( 14 - 14) =      6.44813  eV     1   --> A              
     e( 15 - 15) =      6.56901  eV     1   --> A              
     e( 16 - 16) =      7.29670  eV     1   --> A              
     e( 17 - 17) =      7.60045  eV     1   --> A              
     e( 18 - 18) =     10.46595  eV     1   --> A              
     e( 19 - 19) =     11.84206  eV     1   --> A              
     e( 20 - 20) =     12.19829  eV     1   --> A              
     e( 21 - 21) =     12.27441  eV     1   --> A              
     e( 22 - 22) =     13.34584  eV     1   --> A              
     e( 23 - 23) =     13.67968  eV     1   --> A              
     e( 24 - 24) =     14.01383  eV     1   --> A              
     e( 25 - 25) =     14.69953  eV     1   --> A              
     e( 26 - 26) =     15.32378  eV     1   --> A              
     e( 27 - 27) =     15.63600  eV     1   --> A              
     e( 28 - 28) =     16.02103  eV     1   --> A              
     e( 29 - 29) =     16.71086  eV     1   --> A              
     e( 30 - 30) =     16.78515  eV     1   --> A              
     e( 31 - 31) =     19.36896  eV     1   --> A              
     e( 32 - 32) =     20.23394  eV     1   --> A              
     e( 33 - 33) =     20.70891  eV     1   --> A              
     e( 34 - 34) =     21.48536  eV     1   --> A              
     e( 35 - 35) =     22.47984  eV     1   --> A              
     e( 36 - 36) =     22.70047  eV     1   --> A              

 **************************************************************************

 **************************************************************************

                    xk=(   0.63889,   0.04811,   0.00000  )

     Band symmetry, C_1 (1)     point group:

     e(  1 -  1) =    -45.31379  eV     1   --> A              
     e(  2 -  2) =    -23.77334  eV     1   --> A              
     e(  3 -  3) =    -23.52199  eV     1   --> A              
     e(  4 -  4) =    -23.42713  eV     1   --> A              
     e(  5 -  5) =    -20.54538  eV     1   --> A              
     e(  6 -  6) =    -11.99527  eV     1   --> A              
     e(  7 -  7) =     -3.06802  eV     1   --> A              
     e(  8 -  8) =     -2.73109  eV     1   --> A              
     e(  9 -  9) =     -2.47118  eV     1   --> A              
     e( 10 - 10) =     -1.84225  eV     1   --> A              
     e( 11 - 11) =     -1.22947  eV     1   --> A              
     e( 12 - 12) =     -0.61793  eV     1   --> A              
     e( 13 - 13) =      4.30303  eV     1   --> A              
     e( 14 - 14) =      6.44707  eV     1   --> A              
     e( 15 - 15) =      6.56753  eV     1   --> A              
     e( 16 - 16) =      7.29203  eV     1   --> A              
     e( 17 - 17) =      7.60348  eV     1   --> A              
     e( 18 - 18) =     10.46517  eV     1   --> A              
     e( 19 - 19) =     11.84094  eV     1   --> A              
     e( 20 - 20) =     12.20997  eV     1   --> A              
     e( 21 - 21) =     12.29863  eV     1   --> A              
     e( 22 - 22) =     13.33742  eV     1   --> A              
     e( 23 - 23) =     13.69351  eV     1   --> A              
     e( 24 - 24) =     14.01589  eV     1   --> A              
     e( 25 - 25) =     14.70606  eV     1   --> A              
     e( 26 - 26) =     15.33105  eV     1   --> A              
     e( 27 - 27) =     15.64590  eV     1   --> A              
     e( 28 - 28) =     15.98611  eV     1   --> A              
     e( 29 - 29) =     16.68998  eV     1   --> A              
     e( 30 - 30) =     16.75976  eV     1   --> A              
     e( 31 - 31) =     19.35334  eV     1   --> A              
     e( 32 - 32) =     20.24176  eV     1   --> A              
     e( 33 - 33) =     20.69675  eV     1   --> A              
     e( 34 - 34) =     21.50203  eV     1   --> A              
     e( 35 - 35) =     22.47756  eV     1   --> A              
     e( 36 - 36) =     22.68199  eV     1   --> A              

 **************************************************************************

 **************************************************************************

                    xk=(   0.64028,   0.04571,   0.00000  )

     Band symmetry, C_1 (1)     point group:

     e(  1 -  1) =    -45.31374  eV     1   --> A              
     e(  2 -  2) =    -23.77250  eV     1   --> A              
     e(  3 -  3) =    -23.52183  eV     1   --> A              
     e(  4 -  4) =    -23.42877  eV     1   --> A              
     e(  5 -  5) =    -20.54524  eV     1   --> A              
     e(  6 -  6) =    -11.99428  eV     1   --> A              
     e(  7 -  7) =     -3.06886  eV     1   --> A              
     e(  8 -  8) =     -2.72944  eV     1   --> A              
     e(  9 -  9) =     -2.47043  eV     1   --> A              
     e( 10 - 10) =     -1.83321  eV     1   --> A              
     e( 11 - 11) =     -1.24594  eV     1   --> A              
     e( 12 - 12) =     -0.61825  eV     1   --> A              
     e( 13 - 13) =      4.30918  eV     1   --> A              
     e( 14 - 14) =      6.44616  eV     1   --> A              
     e( 15 - 15) =      6.56610  eV     1   --> A              
     e( 16 - 16) =      7.28747  eV     1   --> A              
     e( 17 - 17) =      7.60645  eV     1   --> A              
     e( 18 - 18) =     10.46430  eV     1   --> A              
     e( 19 - 19) =     11.83971  eV     1   --> A              
     e( 20 - 20) =     12.22195  eV     1   --> A              
     e( 21 - 21) =     12.32291  eV     1   --> A              
     e( 22 - 22) =     13.32420  eV     1   --> A              
     e( 23 - 23) =     13.70918  eV     1   --> A              
     e( 24 - 24) =     14.01904  eV     1   --> A              
     e( 25 - 25) =     14.71297  eV     1   --> A              
     e( 26 - 26) =     15.33900  eV     1   --> A              
     e( 27 - 27) =     15.65543  eV     1   --> A              
     e( 28 - 28) =     15.95223  eV     1   --> A              
     e( 29 - 29) =     16.66739  eV     1   --> A              
     e( 30 - 30) =     16.73702  eV     1   --> A              
     e( 31 - 31) =     19.33823  eV     1   --> A              
     e( 32 - 32) =     20.24979  eV     1   --> A              
     e( 33 - 33) =     20.68428  eV     1   --> A              
     e( 34 - 34) =     21.51913  eV     1   --> A              
     e( 35 - 35) =     22.47462  eV     1   --> A              
     e( 36 - 36) =     22.66390  eV     1   --> A              

 **************************************************************************

 **************************************************************************

                    xk=(   0.64167,   0.04330,   0.00000  )

     Band symmetry, C_1 (1)     point group:

     e(  1 -  1) =    -45.31368  eV     1   --> A              
     e(  2 -  2) =    -23.77169  eV     1   --> A              
     e(  3 -  3) =    -23.52168  eV     1   --> A              
     e(  4 -  4) =    -23.43033  eV     1   --> A              
     e(  5 -  5) =    -20.54511  eV     1   --> A              
     e(  6 -  6) =    -11.99334  eV     1   --> A              
     e(  7 -  7) =     -3.06966  eV     1   --> A              
     e(  8 -  8) =     -2.72786  eV     1   --> A              
     e(  9 -  9) =     -2.46969  eV     1   --> A              
     e( 10 - 10) =     -1.82418  eV     1   --> A              
     e( 11 - 11) =     -1.26206  eV     1   --> A              
     e( 12 - 12) =     -0.61855  eV     1   --> A              
     e( 13 - 13) =      4.31503  eV     1   --> A              
     e( 14 - 14) =      6.44542  eV     1   --> A              
     e( 15 - 15) =      6.56474  eV     1   --> A              
     e( 16 - 16) =      7.28301  eV     1   --> A              
     e( 17 - 17) =      7.60934  eV     1   --> A              
     e( 18 - 18) =     10.46335  eV     1   --> A              
     e( 19 - 19) =     11.83843  eV     1   --> A              
     e( 20 - 20) =     12.23421  eV     1   --> A              
     e( 21 - 21) =     12.34720  eV     1   --> A              
     e( 22 - 22) =     13.30684  eV     1   --> A              
     e( 23 - 23) =     13.72620  eV     1   --> A              
     e( 24 - 24) =     14.02305  eV     1   --> A              
     e( 25 - 25) =     14.72023  eV     1   --> A              
     e( 26 - 26) =     15.34756  eV     1   --> A              
     e( 27 - 27) =     15.66436  eV     1   --> A              
     e( 28 - 28) =     15.91961  eV     1   --> A              
     e( 29 - 29) =     16.64313  eV     1   --> A              
     e( 30 - 30) =     16.71697  eV     1   --> A              
     e( 31 - 31) =     19.32364  eV     1   --> A              
     e( 32 - 32) =     20.25803  eV     1   --> A              
     e( 33 - 33) =     20.67157  eV     1   --> A              
     e( 34 - 34) =     21.53657  eV     1   --> A              
     e( 35 - 35) =     22.47081  eV     1   --> A              
     e( 36 - 36) =     22.64647  eV     1   --> A              

 **************************************************************************

 **************************************************************************

                    xk=(   0.64306,   0.04090,   0.00000  )

     Band symmetry, C_1 (1)     point group:

     e(  1 -  1) =    -45.31363  eV     1   --> A              
     e(  2 -  2) =    -23.77092  eV     1   --> A              
     e(  3 -  3) =    -23.52154  eV     1   --> A              
     e(  4 -  4) =    -23.43182  eV     1   --> A              
     e(  5 -  5) =    -20.54499  eV     1   --> A              
     e(  6 -  6) =    -11.99243  eV     1   --> A              
     e(  7 -  7) =     -3.07045  eV     1   --> A              
     e(  8 -  8) =     -2.72635  eV     1   --> A              
     e(  9 -  9) =     -2.46899  eV     1   --> A              
     e( 10 - 10) =     -1.81518  eV     1   --> A              
     e( 11 - 11) =     -1.27780  eV     1   --> A              
     e( 12 - 12) =     -0.61882  eV     1   --> A              
     e( 13 - 13) =      4.32058  eV     1   --> A              
     e( 14 - 14) =      6.44483  eV     1   --> A              
     e( 15 - 15) =      6.56343  eV     1   --> A              
     e( 16 - 16) =      7.27868  eV     1   --> A              
     e( 17 - 17) =      7.61214  eV     1   --> A              
     e( 18 - 18) =     10.46235  eV     1   --> A              
     e( 19 - 19) =     11.83711  eV     1   --> A              
     e( 20 - 20) =     12.24671  eV     1   --> A              
     e( 21 - 21) =     12.37150  eV     1   --> A              
     e( 22 - 22) =     13.28602  eV     1   --> A              
     e( 23 - 23) =     13.74411  eV     1   --> A              
     e( 24 - 24) =     14.02770  eV     1   --> A              
     e( 25 - 25) =     14.72782  eV     1   --> A              
     e( 26 - 26) =     15.35669  eV     1   --> A              
     e( 27 - 27) =     15.67238  eV     1   --> A              
     e( 28 - 28) =     15.88856  eV     1   --> A              
     e( 29 - 29) =     16.61762  eV     1   --> A              
     e( 30 - 30) =     16.69931  eV     1   --> A              
     e( 31 - 31) =     19.30962  eV     1   --> A              
     e( 32 - 32) =     20.26647  eV     1   --> A              
     e( 33 - 33) =     20.65868  eV     1   --> A              
     e( 34 - 34) =     21.55424  eV     1   --> A              
     e( 35 - 35) =     22.46590  eV     1   --> A              
     e( 36 - 36) =     22.63003  eV     1   --> A              

 **************************************************************************

 **************************************************************************

                    xk=(   0.64444,   0.03849,   0.00000  )

     Band symmetry, C_1 (1)     point group:

     e(  1 -  1) =    -45.31358  eV     1   --> A              
     e(  2 -  2) =    -23.77020  eV     1   --> A              
     e(  3 -  3) =    -23.52141  eV     1   --> A              
     e(  4 -  4) =    -23.43322  eV     1   --> A              
     e(  5 -  5) =    -20.54487  eV     1   --> A              
     e(  6 -  6) =    -11.99157  eV     1   --> A              
     e(  7 -  7) =     -3.07121  eV     1   --> A              
     e(  8 -  8) =     -2.72493  eV     1   --> A              
     e(  9 -  9) =     -2.46832  eV     1   --> A              
     e( 10 - 10) =     -1.80622  eV     1   --> A              
     e( 11 - 11) =     -1.29314  eV     1   --> A              
     e( 12 - 12) =     -0.61906  eV     1   --> A              
     e( 13 - 13) =      4.32582  eV     1   --> A              
     e( 14 - 14) =      6.44440  eV     1   --> A              
     e( 15 - 15) =      6.56217  eV     1   --> A              
     e( 16 - 16) =      7.27450  eV     1   --> A              
     e( 17 - 17) =      7.61484  eV     1   --> A              
     e( 18 - 18) =     10.46130  eV     1   --> A              
     e( 19 - 19) =     11.83579  eV     1   --> A              
     e( 20 - 20) =     12.25944  eV     1   --> A              
     e( 21 - 21) =     12.39577  eV     1   --> A              
     e( 22 - 22) =     13.26233  eV     1   --> A              
     e( 23 - 23) =     13.76245  eV     1   --> A              
     e( 24 - 24) =     14.03279  eV     1   --> A              
     e( 25 - 25) =     14.73572  eV     1   --> A              
     e( 26 - 26) =     15.36629  eV     1   --> A              
     e( 27 - 27) =     15.67907  eV     1   --> A              
     e( 28 - 28) =     15.85953  eV     1   --> A              
     e( 29 - 29) =     16.59146  eV     1   --> A              
     e( 30 - 30) =     16.68354  eV     1   --> A              
     e( 31 - 31) =     19.29620  eV     1   --> A              
     e( 32 - 32) =     20.27510  eV     1   --> A              
     e( 33 - 33) =     20.64567  eV     1   --> A              
     e( 34 - 34) =     21.57204  eV     1   --> A              
     e( 35 - 35) =     22.45965  eV     1   --> A              
     e( 36 - 36) =     22.61492  eV     1   --> A              

 **************************************************************************

 **************************************************************************

                    xk=(   0.64583,   0.03608,   0.00000  )

     Band symmetry, C_1 (1)     point group:

     e(  1 -  1) =    -45.31353  eV     1   --> A              
     e(  2 -  2) =    -23.76952  eV     1   --> A              
     e(  3 -  3) =    -23.52128  eV     1   --> A              
     e(  4 -  4) =    -23.43454  eV     1   --> A              
     e(  5 -  5) =    -20.54476  eV     1   --> A              
     e(  6 -  6) =    -11.99076  eV     1   --> A              
     e(  7 -  7) =     -3.07193  eV     1   --> A              
     e(  8 -  8) =     -2.72359  eV     1   --> A              
     e(  9 -  9) =     -2.46769  eV     1   --> A              
     e( 10 - 10) =     -1.79735  eV     1   --> A              
     e( 11 - 11) =     -1.30804  eV     1   --> A              
     e( 12 - 12) =     -0.61929  eV     1   --> A              
     e( 13 - 13) =      4.33075  eV     1   --> A              
     e( 14 - 14) =      6.44410  eV     1   --> A              
     e( 15 - 15) =      6.56097  eV     1   --> A              
     e( 16 - 16) =      7.27047  eV     1   --> A              
     e( 17 - 17) =      7.61742  eV     1   --> A              
     e( 18 - 18) =     10.46022  eV     1   --> A              
     e( 19 - 19) =     11.83449  eV     1   --> A              
     e( 20 - 20) =     12.27235  eV     1   --> A              
     e( 21 - 21) =     12.42000  eV     1   --> A              
     e( 22 - 22) =     13.23630  eV     1   --> A              
     e( 23 - 23) =     13.78085  eV     1   --> A              
     e( 24 - 24) =     14.03815  eV     1   --> A              
     e( 25 - 25) =     14.74390  eV     1   --> A              
     e( 26 - 26) =     15.37627  eV     1   --> A              
     e( 27 - 27) =     15.68378  eV     1   --> A              
     e( 28 - 28) =     15.83321  eV     1   --> A              
     e( 29 - 29) =     16.56520  eV     1   --> A              
     e( 30 - 30) =     16.66928  eV     1   --> A              
     e( 31 - 31) =     19.28339  eV     1   --> A              
     e( 32 - 32) =     20.28392  eV     1   --> A              
     e( 33 - 33) =     20.63257  eV     1   --> A              
     e( 34 - 34) =     21.58988  eV     1   --> A              
     e( 35 - 35) =     22.45182  eV     1   --> A              
     e( 36 - 36) =     22.60146  eV     1   --> A              

 **************************************************************************

 **************************************************************************

                    xk=(   0.64722,   0.03368,   0.00000  )

     Band symmetry, C_1 (1)     point group:

     e(  1 -  1) =    -45.31349  eV     1   --> A              
     e(  2 -  2) =    -23.76888  eV     1   --> A              
     e(  3 -  3) =    -23.52117  eV     1   --> A              
     e(  4 -  4) =    -23.43579  eV     1   --> A              
     e(  5 -  5) =    -20.54466  eV     1   --> A              
     e(  6 -  6) =    -11.98998  eV     1   --> A              
     e(  7 -  7) =     -3.07263  eV     1   --> A              
     e(  8 -  8) =     -2.72233  eV     1   --> A              
     e(  9 -  9) =     -2.46708  eV     1   --> A              
     e( 10 - 10) =     -1.78857  eV     1   --> A              
     e( 11 - 11) =     -1.32247  eV     1   --> A              
     e( 12 - 12) =     -0.61949  eV     1   --> A              
     e( 13 - 13) =      4.33537  eV     1   --> A              
     e( 14 - 14) =      6.44394  eV     1   --> A              
     e( 15 - 15) =      6.55982  eV     1   --> A              
     e( 16 - 16) =      7.26663  eV     1   --> A              
     e( 17 - 17) =      7.61987  eV     1   --> A              
     e( 18 - 18) =     10.45913  eV     1   --> A              
     e( 19 - 19) =     11.83323  eV     1   --> A              
     e( 20 - 20) =     12.28544  eV     1   --> A              
     e( 21 - 21) =     12.44418  eV     1   --> A              
     e( 22 - 22) =     13.20835  eV     1   --> A              
     e( 23 - 23) =     13.79898  eV     1   --> A              
     e( 24 - 24) =     14.04362  eV     1   --> A              
     e( 25 - 25) =     14.75229  eV     1   --> A              
     e( 26 - 26) =     15.38646  eV     1   --> A              
     e( 27 - 27) =     15.68560  eV     1   --> A              
     e( 28 - 28) =     15.81059  eV     1   --> A              
     e( 29 - 29) =     16.53926  eV     1   --> A              
     e( 30 - 30) =     16.65621  eV     1   --> A              
     e( 31 - 31) =     19.27122  eV     1   --> A              
     e( 32 - 32) =     20.29292  eV     1   --> A              
     e( 33 - 33) =     20.61944  eV     1   --> A              
     e( 34 - 34) =     21.60764  eV     1   --> A              
     e( 35 - 35) =     22.44230  eV     1   --> A              
     e( 36 - 36) =     22.58988  eV     1   --> A              

 **************************************************************************

 **************************************************************************

                    xk=(   0.64861,   0.03127,   0.00000  )

     Band symmetry, C_1 (1)     point group:

     e(  1 -  1) =    -45.31344  eV     1   --> A              
     e(  2 -  2) =    -23.76829  eV     1   --> A              
     e(  3 -  3) =    -23.52106  eV     1   --> A              
     e(  4 -  4) =    -23.43694  eV     1   --> A              
     e(  5 -  5) =    -20.54457  eV     1   --> A              
     e(  6 -  6) =    -11.98926  eV     1   --> A              
     e(  7 -  7) =     -3.07328  eV     1   --> A              
     e(  8 -  8) =     -2.72115  eV     1   --> A              
     e(  9 -  9) =     -2.46652  eV     1   --> A              
     e( 10 - 10) =     -1.77994  eV     1   --> A              
     e( 11 - 11) =     -1.33639  eV     1   --> A              
     e( 12 - 12) =     -0.61967  eV     1   --> A              
     e( 13 - 13) =      4.33968  eV     1   --> A              
     e( 14 - 14) =      6.44391  eV     1   --> A              
     e( 15 - 15) =      6.55874  eV     1   --> A              
     e( 16 - 16) =      7.26297  eV     1   --> A              
     e( 17 - 17) =      7.62219  eV     1   --> A              
     e( 18 - 18) =     10.45803  eV     1   --> A              
     e( 19 - 19) =     11.83203  eV     1   --> A              
     e( 20 - 20) =     12.29865  eV     1   --> A              
     e( 21 - 21) =     12.46828  eV     1   --> A              
     e( 22 - 22) =     13.17885  eV     1   --> A              
     e( 23 - 23) =     13.81660  eV     1   --> A              
     e( 24 - 24) =     14.04911  eV     1   --> A              
     e( 25 - 25) =     14.76086  eV     1   --> A              
     e( 26 - 26) =     15.39670  eV     1   --> A              
     e( 27 - 27) =     15.68346  eV     1   --> A              
     e( 28 - 28) =     15.79284  eV     1   --> A              
     e( 29 - 29) =     16.51399  eV     1   --> A              
     e( 30 - 30) =     16.64417  eV     1   --> A              
     e( 31 - 31) =     19.25973  eV     1   --> A              
     e( 32 - 32) =     20.30210  eV     1   --> A              
     e( 33 - 33) =     20.60631  eV     1   --> A              
     e( 34 - 34) =     21.62523  eV     1   --> A              
     e( 35 - 35) =     22.43112  eV     1   --> A              
     e( 36 - 36) =     22.58026  eV     1   --> A              

 **************************************************************************

 **************************************************************************

                    xk=(   0.65000,   0.02887,   0.00000  )

     Band symmetry, C_1 (1)     point group:

     e(  1 -  1) =    -45.31340  eV     1   --> A              
     e(  2 -  2) =    -23.76773  eV     1   --> A              
     e(  3 -  3) =    -23.52095  eV     1   --> A              
     e(  4 -  4) =    -23.43801  eV     1   --> A              
     e(  5 -  5) =    -20.54448  eV     1   --> A              
     e(  6 -  6) =    -11.98858  eV     1   --> A              
     e(  7 -  7) =     -3.07389  eV     1   --> A              
     e(  8 -  8) =     -2.72005  eV     1   --> A              
     e(  9 -  9) =     -2.46599  eV     1   --> A              
     e( 10 - 10) =     -1.77149  eV     1   --> A              
     e( 11 - 11) =     -1.34975  eV     1   --> A              
     e( 12 - 12) =     -0.61984  eV     1   --> A              
     e( 13 - 13) =      4.34366  eV     1   --> A              
     e( 14 - 14) =      6.44399  eV     1   --> A              
     e( 15 - 15) =      6.55770  eV     1   --> A              
     e( 16 - 16) =      7.25952  eV     1   --> A              
     e( 17 - 17) =      7.62436  eV     1   --> A              
     e( 18 - 18) =     10.45694  eV     1   --> A              
     e( 19 - 19) =     11.83089  eV     1   --> A              
     e( 20 - 20) =     12.31195  eV     1   --> A              
     e( 21 - 21) =     12.49231  eV     1   --> A              
     e( 22 - 22) =     13.14812  eV     1   --> A              
     e( 23 - 23) =     13.83349  eV     1   --> A              
     e( 24 - 24) =     14.05450  eV     1   --> A              
     e( 25 - 25) =     14.76953  eV     1   --> A              
     e( 26 - 26) =     15.40670  eV     1   --> A              
     e( 27 - 27) =     15.67680  eV     1   --> A              
     e( 28 - 28) =     15.78068  eV     1   --> A              
     e( 29 - 29) =     16.48970  eV     1   --> A              
     e( 30 - 30) =     16.63304  eV     1   --> A              
     e( 31 - 31) =     19.24893  eV     1   --> A              
     e( 32 - 32) =     20.31146  eV     1   --> A              
     e( 33 - 33) =     20.59323  eV     1   --> A              
     e( 34 - 34) =     21.64252  eV     1   --> A              
     e( 35 - 35) =     22.41848  eV     1   --> A              
     e( 36 - 36) =     22.57252  eV     1   --> A              

 **************************************************************************

 **************************************************************************

                    xk=(   0.65139,   0.02646,   0.00000  )

     Band symmetry, C_1 (1)     point group:

     e(  1 -  1) =    -45.31337  eV     1   --> A              
     e(  2 -  2) =    -23.76723  eV     1   --> A              
     e(  3 -  3) =    -23.52086  eV     1   --> A              
     e(  4 -  4) =    -23.43900  eV     1   --> A              
     e(  5 -  5) =    -20.54440  eV     1   --> A              
     e(  6 -  6) =    -11.98794  eV     1   --> A              
     e(  7 -  7) =     -3.07446  eV     1   --> A              
     e(  8 -  8) =     -2.71904  eV     1   --> A              
     e(  9 -  9) =     -2.46549  eV     1   --> A              
     e( 10 - 10) =     -1.76326  eV     1   --> A              
     e( 11 - 11) =     -1.36250  eV     1   --> A              
     e( 12 - 12) =     -0.61998  eV     1   --> A              
     e( 13 - 13) =      4.34733  eV     1   --> A              
     e( 14 - 14) =      6.44418  eV     1   --> A              
     e( 15 - 15) =      6.55672  eV     1   --> A              
     e( 16 - 16) =      7.25630  eV     1   --> A              
     e( 17 - 17) =      7.62638  eV     1   --> A              
     e( 18 - 18) =     10.45587  eV     1   --> A              
     e( 19 - 19) =     11.82982  eV     1   --> A              
     e( 20 - 20) =     12.32530  eV     1   --> A              
     e( 21 - 21) =     12.51623  eV     1   --> A              
     e( 22 - 22) =     13.11640  eV     1   --> A              
     e( 23 - 23) =     13.84945  eV     1   --> A              
     e( 24 - 24) =     14.05972  eV     1   --> A              
     e( 25 - 25) =     14.77820  eV     1   --> A              
     e( 26 - 26) =     15.41615  eV     1   --> A              
     e( 27 - 27) =     15.66651  eV     1   --> A              
     e( 28 - 28) =     15.77349  eV     1   --> A              
     e( 29 - 29) =     16.46664  eV     1   --> A              
     e( 30 - 30) =     16.62275  eV     1   --> A              
     e( 31 - 31) =     19.23886  eV     1   --> A              
     e( 32 - 32) =     20.32097  eV     1   --> A              
     e( 33 - 33) =     20.58021  eV     1   --> A              
     e( 34 - 34) =     21.65938  eV     1   --> A              
     e( 35 - 35) =     22.40472  eV     1   --> A              
     e( 36 - 36) =     22.56646  eV     1   --> A              

 **************************************************************************

 **************************************************************************

                    xk=(   0.65278,   0.02406,   0.00000  )

     Band symmetry, C_1 (1)     point group:

     e(  1 -  1) =    -45.31333  eV     1   --> A              
     e(  2 -  2) =    -23.76677  eV     1   --> A              
     e(  3 -  3) =    -23.52078  eV     1   --> A              
     e(  4 -  4) =    -23.43990  eV     1   --> A              
     e(  5 -  5) =    -20.54432  eV     1   --> A              
     e(  6 -  6) =    -11.98736  eV     1   --> A              
     e(  7 -  7) =     -3.07499  eV     1   --> A              
     e(  8 -  8) =     -2.71813  eV     1   --> A              
     e(  9 -  9) =     -2.46503  eV     1   --> A              
     e( 10 - 10) =     -1.75533  eV     1   --> A              
     e( 11 - 11) =     -1.37459  eV     1   --> A              
     e( 12 - 12) =     -0.62012  eV     1   --> A              
     e( 13 - 13) =      4.35067  eV     1   --> A              
     e( 14 - 14) =      6.44445  eV     1   --> A              
     e( 15 - 15) =      6.55580  eV     1   --> A              
     e( 16 - 16) =      7.25329  eV     1   --> A              
     e( 17 - 17) =      7.62824  eV     1   --> A              
     e( 18 - 18) =     10.45484  eV     1   --> A              
     e( 19 - 19) =     11.82883  eV     1   --> A              
     e( 20 - 20) =     12.33863  eV     1   --> A              
     e( 21 - 21) =     12.54004  eV     1   --> A              
     e( 22 - 22) =     13.08394  eV     1   --> A              
     e( 23 - 23) =     13.86434  eV     1   --> A              
     e( 24 - 24) =     14.06473  eV     1   --> A              
     e( 25 - 25) =     14.78678  eV     1   --> A              
     e( 26 - 26) =     15.42460  eV     1   --> A              
     e( 27 - 27) =     15.65467  eV     1   --> A              
     e( 28 - 28) =     15.76950  eV     1   --> A              
     e( 29 - 29) =     16.44503  eV     1   --> A              
     e( 30 - 30) =     16.61326  eV     1   --> A              
     e( 31 - 31) =     19.22954  eV     1   --> A              
     e( 32 - 32) =     20.33063  eV     1   --> A              
     e( 33 - 33) =     20.56730  eV     1   --> A              
     e( 34 - 34) =     21.67569  eV     1   --> A              
     e( 35 - 35) =     22.39026  eV     1   --> A              
     e( 36 - 36) =     22.56180  eV     1   --> A              

 **************************************************************************

 **************************************************************************

                    xk=(   0.65417,   0.02165,   0.00000  )

     Band symmetry, C_1 (1)     point group:

     e(  1 -  1) =    -45.31330  eV     1   --> A              
     e(  2 -  2) =    -23.76636  eV     1   --> A              
     e(  3 -  3) =    -23.52070  eV     1   --> A              
     e(  4 -  4) =    -23.44072  eV     1   --> A              
     e(  5 -  5) =    -20.54426  eV     1   --> A              
     e(  6 -  6) =    -11.98683  eV     1   --> A              
     e(  7 -  7) =     -3.07549  eV     1   --> A              
     e(  8 -  8) =     -2.71731  eV     1   --> A              
     e(  9 -  9) =     -2.46463  eV     1   --> A              
     e( 10 - 10) =     -1.74775  eV     1   --> A              
     e( 11 - 11) =     -1.38594  eV     1   --> A              
     e( 12 - 12) =     -0.62023  eV     1   --> A              
     e( 13 - 13) =      4.35368  eV     1   --> A              
     e( 14 - 14) =      6.44480  eV     1   --> A              
     e( 15 - 15) =      6.55493  eV     1   --> A              
     e( 16 - 16) =      7.25053  eV     1   --> A              
     e( 17 - 17) =      7.62993  eV     1   --> A              
     e( 18 - 18) =     10.45386  eV     1   --> A              
     e( 19 - 19) =     11.82793  eV     1   --> A              
     e( 20 - 20) =     12.35188  eV     1   --> A              
     e( 21 - 21) =     12.56371  eV     1   --> A              
     e( 22 - 22) =     13.05094  eV     1   --> A              
     e( 23 - 23) =     13.87803  eV     1   --> A              
     e( 24 - 24) =     14.06948  eV     1   --> A              
     e( 25 - 25) =     14.79515  eV     1   --> A              
     e( 26 - 26) =     15.43152  eV     1   --> A              
     e( 27 - 27) =     15.64356  eV     1   --> A              
     e( 28 - 28) =     15.76691  eV     1   --> A              
     e( 29 - 29) =     16.42512  eV     1   --> A              
     e( 30 - 30) =     16.60457  eV     1   --> A              
     e( 31 - 31) =     19.22100  eV     1   --> A              
     e( 32 - 32) =     20.34043  eV     1   --> A              
     e( 33 - 33) =     20.55453  eV     1   --> A              
     e( 34 - 34) =     21.69130  eV     1   --> A              
     e( 35 - 35) =     22.37554  eV     1   --> A              
     e( 36 - 36) =     22.55827  eV     1   --> A              

 **************************************************************************

 **************************************************************************

                    xk=(   0.65556,   0.01925,   0.00000  )

     Band symmetry, C_1 (1)     point group:

     e(  1 -  1) =    -45.31327  eV     1   --> A              
     e(  2 -  2) =    -23.76599  eV     1   --> A              
     e(  3 -  3) =    -23.52063  eV     1   --> A              
     e(  4 -  4) =    -23.44145  eV     1   --> A              
     e(  5 -  5) =    -20.54420  eV     1   --> A              
     e(  6 -  6) =    -11.98635  eV     1   --> A              
     e(  7 -  7) =     -3.07593  eV     1   --> A              
     e(  8 -  8) =     -2.71657  eV     1   --> A              
     e(  9 -  9) =     -2.46425  eV     1   --> A              
     e( 10 - 10) =     -1.74059  eV     1   --> A              
     e( 11 - 11) =     -1.39647  eV     1   --> A              
     e( 12 - 12) =     -0.62033  eV     1   --> A              
     e( 13 - 13) =      4.35638  eV     1   --> A              
     e( 14 - 14) =      6.44520  eV     1   --> A              
     e( 15 - 15) =      6.55413  eV     1   --> A              
     e( 16 - 16) =      7.24803  eV     1   --> A              
     e( 17 - 17) =      7.63145  eV     1   --> A              
     e( 18 - 18) =     10.45294  eV     1   --> A              
     e( 19 - 19) =     11.82712  eV     1   --> A              
     e( 20 - 20) =     12.36497  eV     1   --> A              
     e( 21 - 21) =     12.58723  eV     1   --> A              
     e( 22 - 22) =     13.01764  eV     1   --> A              
     e( 23 - 23) =     13.89039  eV     1   --> A              
     e( 24 - 24) =     14.07395  eV     1   --> A              
     e( 25 - 25) =     14.80319  eV     1   --> A              
     e( 26 - 26) =     15.43639  eV     1   --> A              
     e( 27 - 27) =     15.63494  eV     1   --> A              
     e( 28 - 28) =     15.76440  eV     1   --> A              
     e( 29 - 29) =     16.40709  eV     1   --> A              
     e( 30 - 30) =     16.59668  eV     1   --> A              
     e( 31 - 31) =     19.21327  eV     1   --> A              
     e( 32 - 32) =     20.35035  eV     1   --> A              
     e( 33 - 33) =     20.54192  eV     1   --> A              
     e( 34 - 34) =     21.70602  eV     1   --> A              
     e( 35 - 35) =     22.36099  eV     1   --> A              
     e( 36 - 36) =     22.55562  eV     1   --> A              

 **************************************************************************

 **************************************************************************

                    xk=(   0.65694,   0.01684,   0.00000  )

     Band symmetry, C_1 (1)     point group:

     e(  1 -  1) =    -45.31325  eV     1   --> A              
     e(  2 -  2) =    -23.76567  eV     1   --> A              
     e(  3 -  3) =    -23.52057  eV     1   --> A              
     e(  4 -  4) =    -23.44210  eV     1   --> A              
     e(  5 -  5) =    -20.54415  eV     1   --> A              
     e(  6 -  6) =    -11.98592  eV     1   --> A              
     e(  7 -  7) =     -3.07633  eV     1   --> A              
     e(  8 -  8) =     -2.71593  eV     1   --> A              
     e(  9 -  9) =     -2.46392  eV     1   --> A              
     e( 10 - 10) =     -1.73395  eV     1   --> A              
     e( 11 - 11) =     -1.40609  eV     1   --> A              
     e( 12 - 12) =     -0.62042  eV     1   --> A              
     e( 13 - 13) =      4.35875  eV     1   --> A              
     e( 14 - 14) =      6.44564  eV     1   --> A              
     e( 15 - 15) =      6.55339  eV     1   --> A              
     e( 16 - 16) =      7.24579  eV     1   --> A              
     e( 17 - 17) =      7.63280  eV     1   --> A              
     e( 18 - 18) =     10.45209  eV     1   --> A              
     e( 19 - 19) =     11.82640  eV     1   --> A              
     e( 20 - 20) =     12.37777  eV     1   --> A              
     e( 21 - 21) =     12.61057  eV     1   --> A              
     e( 22 - 22) =     12.98425  eV     1   --> A              
     e( 23 - 23) =     13.90134  eV     1   --> A              
     e( 24 - 24) =     14.07811  eV     1   --> A              
     e( 25 - 25) =     14.81074  eV     1   --> A              
     e( 26 - 26) =     15.43881  eV     1   --> A              
     e( 27 - 27) =     15.63001  eV     1   --> A              
     e( 28 - 28) =     15.76112  eV     1   --> A              
     e( 29 - 29) =     16.39111  eV     1   --> A              
     e( 30 - 30) =     16.58960  eV     1   --> A              
     e( 31 - 31) =     19.20636  eV     1   --> A              
     e( 32 - 32) =     20.36036  eV     1   --> A              
     e( 33 - 33) =     20.52952  eV     1   --> A              
     e( 34 - 34) =     21.71969  eV     1   --> A              
     e( 35 - 35) =     22.34702  eV     1   --> A              
     e( 36 - 36) =     22.55366  eV     1   --> A              

 **************************************************************************

 **************************************************************************

                    xk=(   0.65833,   0.01443,   0.00000  )

     Band symmetry, C_1 (1)     point group:

     e(  1 -  1) =    -45.31323  eV     1   --> A              
     e(  2 -  2) =    -23.76539  eV     1   --> A              
     e(  3 -  3) =    -23.52052  eV     1   --> A              
     e(  4 -  4) =    -23.44266  eV     1   --> A              
     e(  5 -  5) =    -20.54410  eV     1   --> A              
     e(  6 -  6) =    -11.98555  eV     1   --> A              
     e(  7 -  7) =     -3.07669  eV     1   --> A              
     e(  8 -  8) =     -2.71538  eV     1   --> A              
     e(  9 -  9) =     -2.46363  eV     1   --> A              
     e( 10 - 10) =     -1.72791  eV     1   --> A              
     e( 11 - 11) =     -1.41472  eV     1   --> A              
     e( 12 - 12) =     -0.62050  eV     1   --> A              
     e( 13 - 13) =      4.36080  eV     1   --> A              
     e( 14 - 14) =      6.44610  eV     1   --> A              
     e( 15 - 15) =      6.55272  eV     1   --> A              
     e( 16 - 16) =      7.24382  eV     1   --> A              
     e( 17 - 17) =      7.63396  eV     1   --> A              
     e( 18 - 18) =     10.45133  eV     1   --> A              
     e( 19 - 19) =     11.82578  eV     1   --> A              
     e( 20 - 20) =     12.39013  eV     1   --> A              
     e( 21 - 21) =     12.63369  eV     1   --> A              
     e( 22 - 22) =     12.95103  eV     1   --> A              
     e( 23 - 23) =     13.91082  eV     1   --> A              
     e( 24 - 24) =     14.08192  eV     1   --> A              
     e( 25 - 25) =     14.81765  eV     1   --> A              
     e( 26 - 26) =     15.43874  eV     1   --> A              
     e( 27 - 27) =     15.62933  eV     1   --> A              
     e( 28 - 28) =     15.75655  eV     1   --> A              
     e( 29 - 29) =     16.37733  eV     1   --> A              
     e( 30 - 30) =     16.58335  eV     1   --> A              
     e( 31 - 31) =     19.20030  eV     1   --> A              
     e( 32 - 32) =     20.37043  eV     1   --> A              
     e( 33 - 33) =     20.51737  eV     1   --> A              
     e( 34 - 34) =     21.73210  eV     1   --> A              
     e( 35 - 35) =     22.33399  eV     1   --> A              
     e( 36 - 36) =     22.55223  eV     1   --> A              

 **************************************************************************

 **************************************************************************

                    xk=(   0.65972,   0.01203,   0.00000  )

     Band symmetry, C_1 (1)     point group:

     e(  1 -  1) =    -45.31321  eV     1   --> A              
     e(  2 -  2) =    -23.76516  eV     1   --> A              
     e(  3 -  3) =    -23.52047  eV     1   --> A              
     e(  4 -  4) =    -23.44313  eV     1   --> A              
     e(  5 -  5) =    -20.54407  eV     1   --> A              
     e(  6 -  6) =    -11.98523  eV     1   --> A              
     e(  7 -  7) =     -3.07698  eV     1   --> A              
     e(  8 -  8) =     -2.71491  eV     1   --> A              
     e(  9 -  9) =     -2.46339  eV     1   --> A              
     e( 10 - 10) =     -1.72257  eV     1   --> A              
     e( 11 - 11) =     -1.42226  eV     1   --> A              
     e( 12 - 12) =     -0.62056  eV     1   --> A              
     e( 13 - 13) =      4.36252  eV     1   --> A              
     e( 14 - 14) =      6.44655  eV     1   --> A              
     e( 15 - 15) =      6.55213  eV     1   --> A              
     e( 16 - 16) =      7.24215  eV     1   --> A              
     e( 17 - 17) =      7.63495  eV     1   --> A              
     e( 18 - 18) =     10.45066  eV     1   --> A              
     e( 19 - 19) =     11.82525  eV     1   --> A              
     e( 20 - 20) =     12.40186  eV     1   --> A              
     e( 21 - 21) =     12.65655  eV     1   --> A              
     e( 22 - 22) =     12.91828  eV     1   --> A              
     e( 23 - 23) =     13.91878  eV     1   --> A              
     e( 24 - 24) =     14.08535  eV     1   --> A              
     e( 25 - 25) =     14.82379  eV     1   --> A              
     e( 26 - 26) =     15.43662  eV     1   --> A              
     e( 27 - 27) =     15.63281  eV     1   --> A              
     e( 28 - 28) =     15.75037  eV     1   --> A              
     e( 29 - 29) =     16.36582  eV     1   --> A              
     e( 30 - 30) =     16.57796  eV     1   --> A              
     e( 31 - 31) =     19.19512  eV     1   --> A              
     e( 32 - 32) =     20.38048  eV     1   --> A              
     e( 33 - 33) =     20.50555  eV     1   --> A              
     e( 34 - 34) =     21.74305  eV     1   --> A              
     e( 35 - 35) =     22.32226  eV     1   --> A              
     e( 36 - 36) =     22.55120  eV     1   --> A              

 **************************************************************************

 **************************************************************************

                    xk=(   0.66111,   0.00962,   0.00000  )

     Band symmetry, C_1 (1)     point group:

     e(  1 -  1) =    -45.31319  eV     1   --> A              
     e(  2 -  2) =    -23.76497  eV     1   --> A              
     e(  3 -  3) =    -23.52044  eV     1   --> A              
     e(  4 -  4) =    -23.44351  eV     1   --> A              
     e(  5 -  5) =    -20.54404  eV     1   --> A              
     e(  6 -  6) =    -11.98497  eV     1   --> A              
     e(  7 -  7) =     -3.07722  eV     1   --> A              
     e(  8 -  8) =     -2.71452  eV     1   --> A              
     e(  9 -  9) =     -2.46319  eV     1   --> A              
     e( 10 - 10) =     -1.71803  eV     1   --> A              
     e( 11 - 11) =     -1.42859  eV     1   --> A              
     e( 12 - 12) =     -0.62061  eV     1   --> A              
     e( 13 - 13) =      4.36393  eV     1   --> A              
     e( 14 - 14) =      6.44698  eV     1   --> A              
     e( 15 - 15) =      6.55163  eV     1   --> A              
     e( 16 - 16) =      7.24077  eV     1   --> A              
     e( 17 - 17) =      7.63576  eV     1   --> A              
     e( 18 - 18) =     10.45009  eV     1   --> A              
     e( 19 - 19) =     11.82483  eV     1   --> A              
     e( 20 - 20) =     12.41268  eV     1   --> A              
     e( 21 - 21) =     12.67903  eV     1   --> A              
     e( 22 - 22) =     12.88643  eV     1   --> A              
     e( 23 - 23) =     13.92521  eV     1   --> A              
     e( 24 - 24) =     14.08834  eV     1   --> A              
     e( 25 - 25) =     14.82901  eV     1   --> A              
     e( 26 - 26) =     15.43323  eV     1   --> A              
     e( 27 - 27) =     15.63993  eV     1   --> A              
     e( 28 - 28) =     15.74240  eV     1   --> A              
     e( 29 - 29) =     16.35662  eV     1   --> A              
     e( 30 - 30) =     16.57347  eV     1   --> A              
     e( 31 - 31) =     19.19084  eV     1   --> A              
     e( 32 - 32) =     20.39040  eV     1   --> A              
     e( 33 - 33) =     20.49418  eV     1   --> A              
     e( 34 - 34) =     21.75234  eV     1   --> A              
     e( 35 - 35) =     22.31214  eV     1   --> A              
     e( 36 - 36) =     22.55048  eV     1   --> A              

 **************************************************************************

 **************************************************************************

                    xk=(   0.66250,   0.00722,   0.00000  )

     Band symmetry, C_1 (1)     point group:

     e(  1 -  1) =    -45.31318  eV     1   --> A              
     e(  2 -  2) =    -23.76482  eV     1   --> A              
     e(  3 -  3) =    -23.52041  eV     1   --> A              
     e(  4 -  4) =    -23.44381  eV     1   --> A              
     e(  5 -  5) =    -20.54401  eV     1   --> A              
     e(  6 -  6) =    -11.98476  eV     1   --> A              
     e(  7 -  7) =     -3.07741  eV     1   --> A              
     e(  8 -  8) =     -2.71422  eV     1   --> A              
     e(  9 -  9) =     -2.46304  eV     1   --> A              
     e( 10 - 10) =     -1.71440  eV     1   --> A              
     e( 11 - 11) =     -1.43362  eV     1   --> A              
     e( 12 - 12) =     -0.62065  eV     1   --> A              
     e( 13 - 13) =      4.36503  eV     1   --> A              
     e( 14 - 14) =      6.44735  eV     1   --> A              
     e( 15 - 15) =      6.55122  eV     1   --> A              
     e( 16 - 16) =      7.23969  eV     1   --> A              
     e( 17 - 17) =      7.63639  eV     1   --> A              
     e( 18 - 18) =     10.44964  eV     1   --> A              
     e( 19 - 19) =     11.82450  eV     1   --> A              
     e( 20 - 20) =     12.42220  eV     1   --> A              
     e( 21 - 21) =     12.70096  eV     1   --> A              
     e( 22 - 22) =     12.85607  eV     1   --> A              
     e( 23 - 23) =     13.93012  eV     1   --> A              
     e( 24 - 24) =     14.09082  eV     1   --> A              
     e( 25 - 25) =     14.83317  eV     1   --> A              
     e( 26 - 26) =     15.42944  eV     1   --> A              
     e( 27 - 27) =     15.64995  eV     1   --> A              
     e( 28 - 28) =     15.73261  eV     1   --> A              
     e( 29 - 29) =     16.34969  eV     1   --> A              
     e( 30 - 30) =     16.56990  eV     1   --> A              
     e( 31 - 31) =     19.18748  eV     1   --> A              
     e( 32 - 32) =     20.39996  eV     1   --> A              
     e( 33 - 33) =     20.48350  eV     1   --> A              
     e( 34 - 34) =     21.75978  eV     1   --> A              
     e( 35 - 35) =     22.30394  eV     1   --> A              
     e( 36 - 36) =     22.54999  eV     1   --> A              

 **************************************************************************

 **************************************************************************

                    xk=(   0.66389,   0.00481,   0.00000  )

     Band symmetry, C_1 (1)     point group:

     e(  1 -  1) =    -45.31317  eV     1   --> A              
     e(  2 -  2) =    -23.76472  eV     1   --> A              
     e(  3 -  3) =    -23.52039  eV     1   --> A              
     e(  4 -  4) =    -23.44402  eV     1   --> A              
     e(  5 -  5) =    -20.54399  eV     1   --> A              
     e(  6 -  6) =    -11.98461  eV     1   --> A              
     e(  7 -  7) =     -3.07754  eV     1   --> A              
     e(  8 -  8) =     -2.71401  eV     1   --> A              
     e(  9 -  9) =     -2.46293  eV     1   --> A              
     e( 10 - 10) =     -1.71175  eV     1   --> A              
     e( 11 - 11) =     -1.43727  eV     1   --> A              
     e( 12 - 12) =     -0.62067  eV     1   --> A              
     e( 13 - 13) =      4.36580  eV     1   --> A              
     e( 14 - 14) =      6.44765  eV     1   --> A              
     e( 15 - 15) =      6.55092  eV     1   --> A              
     e( 16 - 16) =      7.23891  eV     1   --> A              
     e( 17 - 17) =      7.63683  eV     1   --> A              
     e( 18 - 18) =     10.44930  eV     1   --> A              
     e( 19 - 19) =     11.82426  eV     1   --> A              
     e( 20 - 20) =     12.42994  eV     1   --> A              
     e( 21 - 21) =     12.72182  eV     1   --> A              
     e( 22 - 22) =     12.82824  eV     1   --> A              
     e( 23 - 23) =     13.93354  eV     1   --> A              
     e( 24 - 24) =     14.09272  eV     1   --> A              
     e( 25 - 25) =     14.83620  eV     1   --> A              
     e( 26 - 26) =     15.42608  eV     1   --> A              
     e( 27 - 27) =     15.66212  eV     1   --> A              
     e( 28 - 28) =     15.72108  eV     1   --> A              
     e( 29 - 29) =     16.34493  eV     1   --> A              
     e( 30 - 30) =     16.56730  eV     1   --> A              
     e( 31 - 31) =     19.18505  eV     1   --> A              
     e( 32 - 32) =     20.40866  eV     1   --> A              
     e( 33 - 33) =     20.47400  eV     1   --> A              
     e( 34 - 34) =     21.76519  eV     1   --> A              
     e( 35 - 35) =     22.29789  eV     1   --> A              
     e( 36 - 36) =     22.54969  eV     1   --> A              

 **************************************************************************

 **************************************************************************

                    xk=(   0.66528,   0.00241,   0.00000  )

     Band symmetry, C_1 (1)     point group:

     e(  1 -  1) =    -45.31317  eV     1   --> A              
     e(  2 -  2) =    -23.76466  eV     1   --> A              
     e(  3 -  3) =    -23.52038  eV     1   --> A              
     e(  4 -  4) =    -23.44414  eV     1   --> A              
     e(  5 -  5) =    -20.54398  eV     1   --> A              
     e(  6 -  6) =    -11.98452  eV     1   --> A              
     e(  7 -  7) =     -3.07762  eV     1   --> A              
     e(  8 -  8) =     -2.71387  eV     1   --> A              
     e(  9 -  9) =     -2.46286  eV     1   --> A              
     e( 10 - 10) =     -1.71014  eV     1   --> A              
     e( 11 - 11) =     -1.43948  eV     1   --> A              
     e( 12 - 12) =     -0.62069  eV     1   --> A              
     e( 13 - 13) =      4.36627  eV     1   --> A              
     e( 14 - 14) =      6.44785  eV     1   --> A              
     e( 15 - 15) =      6.55073  eV     1   --> A              
     e( 16 - 16) =      7.23845  eV     1   --> A              
     e( 17 - 17) =      7.63710  eV     1   --> A              
     e( 18 - 18) =     10.44910  eV     1   --> A              
     e( 19 - 19) =     11.82412  eV     1   --> A              
     e( 20 - 20) =     12.43521  eV     1   --> A              
     e( 21 - 21) =     12.73991  eV     1   --> A              
     e( 22 - 22) =     12.80534  eV     1   --> A              
     e( 23 - 23) =     13.93554  eV     1   --> A              
     e( 24 - 24) =     14.09394  eV     1   --> A              
     e( 25 - 25) =     14.83802  eV     1   --> A              
     e( 26 - 26) =     15.42376  eV     1   --> A              
     e( 27 - 27) =     15.67561  eV     1   --> A              
     e( 28 - 28) =     15.70816  eV     1   --> A              
     e( 29 - 29) =     16.34222  eV     1   --> A              
     e( 30 - 30) =     16.56572  eV     1   --> A              
     e( 31 - 31) =     19.18359  eV     1   --> A              
     e( 32 - 32) =     20.41539  eV     1   --> A              
     e( 33 - 33) =     20.46679  eV     1   --> A              
     e( 34 - 34) =     21.76847  eV     1   --> A              
     e( 35 - 35) =     22.29418  eV     1   --> A              
     e( 36 - 36) =     22.54953  eV     1   --> A              

 **************************************************************************

 **************************************************************************

                    xk=(   0.66667,  -0.00000,   0.00000  )

     point group C_3 (3)    
     there are  3 classes
     the character table:

       E     C3    C3^2 
A      1.00  1.00  1.00
E      1.00 -0.50 -0.50
E*     1.00 -0.50 -0.50
     imaginary part
A      0.00  0.00  0.00
E      0.00  0.87 -0.87
E*     0.00 -0.87  0.87

     the symmetry operations in each class and the name of the first element:

     E        1
                                                                 
     C3       2
                                                                 
     C3^2     3
                                                                 

     Band symmetry, C_3 (3)     point group:

     e(  1 -  1) =    -45.31316  eV     1   --> E*             
     e(  2 -  2) =    -23.76463  eV     1   --> E              
     e(  3 -  3) =    -23.52037  eV     1   --> E*             
     e(  4 -  4) =    -23.44418  eV     1   --> A              
     e(  5 -  5) =    -20.54398  eV     1   --> E              
     e(  6 -  6) =    -11.98449  eV     1   --> E              
     e(  7 -  7) =     -3.07765  eV     1   --> A              
     e(  8 -  8) =     -2.71383  eV     1   --> E*             
     e(  9 -  9) =     -2.46282  eV     1   --> E              
     e( 10 - 10) =     -1.70960  eV     1   --> A              
     e( 11 - 11) =     -1.44021  eV     1   --> E*             
     e( 12 - 12) =     -0.62069  eV     1   --> E              
     e( 13 - 13) =      4.36642  eV     1   --> A              
     e( 14 - 14) =      6.44793  eV     1   --> E*             
     e( 15 - 15) =      6.55067  eV     1   --> A              
     e( 16 - 16) =      7.23829  eV     1   --> E              
     e( 17 - 17) =      7.63719  eV     1   --> E              
     e( 18 - 18) =     10.44903  eV     1   --> E*             
     e( 19 - 19) =     11.82408  eV     1   --> A              
     e( 20 - 20) =     12.43717  eV     1   --> E*             
     e( 21 - 21) =     12.74851  eV     1   --> A              
     e( 22 - 22) =     12.79492  eV     1   --> E              
     e( 23 - 23) =     13.93618  eV     1   --> A              
     e( 24 - 24) =     14.09436  eV     1   --> E*             
     e( 25 - 25) =     14.83863  eV     1   --> E              
     e( 26 - 26) =     15.42292  eV     1   --> A              
     e( 27 - 27) =     15.68601  eV     1   --> E*             
     e( 28 - 28) =     15.69799  eV     1   --> E              
     e( 29 - 29) =     16.34135  eV     1   --> A              
     e( 30 - 30) =     16.56518  eV     1   --> E*             
     e( 31 - 31) =     19.18310  eV     1   --> E              
     e( 32 - 32) =     20.41810  eV     1   --> A              
     e( 33 - 33) =     20.46392  eV     1   --> E              
     e( 34 - 34) =     21.76956  eV     1   --> E*             
     e( 35 - 35) =     22.29294  eV     1   --> A              
     e( 36 - 36) =     22.54949  eV     1   --> E*             

 **************************************************************************

 **************************************************************************

                    xk=(   0.66111,  -0.00000,   0.00000  )

     point group C_1 (1)    
     there are  1 classes
     the character table:

       E    
A      1.00

     the symmetry operations in each class and the name of the first element:

     E        1
                                                                 

     Band symmetry, C_1 (1)     point group:

     e(  1 -  1) =    -45.31317  eV     1   --> A              
     e(  2 -  2) =    -23.76472  eV     1   --> A              
     e(  3 -  3) =    -23.52039  eV     1   --> A              
     e(  4 -  4) =    -23.44402  eV     1   --> A              
     e(  5 -  5) =    -20.54399  eV     1   --> A              
     e(  6 -  6) =    -11.98461  eV     1   --> A              
     e(  7 -  7) =     -3.07754  eV     1   --> A              
     e(  8 -  8) =     -2.71400  eV     1   --> A              
     e(  9 -  9) =     -2.46293  eV     1   --> A              
     e( 10 - 10) =     -1.71169  eV     1   --> A              
     e( 11 - 11) =     -1.43733  eV     1   --> A              
     e( 12 - 12) =     -0.62067  eV     1   --> A              
     e( 13 - 13) =      4.36581  eV     1   --> A              
     e( 14 - 14) =      6.44759  eV     1   --> A              
     e( 15 - 15) =      6.55095  eV     1   --> A              
     e( 16 - 16) =      7.23891  eV     1   --> A              
     e( 17 - 17) =      7.63684  eV     1   --> A              
     e( 18 - 18) =     10.44932  eV     1   --> A              
     e( 19 - 19) =     11.82426  eV     1   --> A              
     e( 20 - 20) =     12.42755  eV     1   --> A              
     e( 21 - 21) =     12.73086  eV     1   --> A              
     e( 22 - 22) =     12.82159  eV     1   --> A              
     e( 23 - 23) =     13.93377  eV     1   --> A              
     e( 24 - 24) =     14.09246  eV     1   --> A              
     e( 25 - 25) =     14.83634  eV     1   --> A              
     e( 26 - 26) =     15.42658  eV     1   --> A              
     e( 27 - 27) =     15.65758  eV     1   --> A              
     e( 28 - 28) =     15.72540  eV     1   --> A              
     e( 29 - 29) =     16.34439  eV     1   --> A              
     e( 30 - 30) =     16.56739  eV     1   --> A              
     e( 31 - 31) =     19.18509  eV     1   --> A              
     e( 32 - 32) =     20.40862  eV     1   --> A              
     e( 33 - 33) =     20.47402  eV     1   --> A              
     e( 34 - 34) =     21.76535  eV     1   --> A              
     e( 35 - 35) =     22.29787  eV     1   --> A              
     e( 36 - 36) =     22.54964  eV     1   --> A              

 **************************************************************************

 **************************************************************************

                    xk=(   0.65556,  -0.00000,   0.00000  )

     Band symmetry, C_1 (1)     point group:

     e(  1 -  1) =    -45.31320  eV     1   --> A              
     e(  2 -  2) =    -23.76495  eV     1   --> A              
     e(  3 -  3) =    -23.52044  eV     1   --> A              
     e(  4 -  4) =    -23.44353  eV     1   --> A              
     e(  5 -  5) =    -20.54404  eV     1   --> A              
     e(  6 -  6) =    -11.98499  eV     1   --> A              
     e(  7 -  7) =     -3.07721  eV     1   --> A              
     e(  8 -  8) =     -2.71448  eV     1   --> A              
     e(  9 -  9) =     -2.46319  eV     1   --> A              
     e( 10 - 10) =     -1.71757  eV     1   --> A              
     e( 11 - 11) =     -1.42905  eV     1   --> A              
     e( 12 - 12) =     -0.62062  eV     1   --> A              
     e( 13 - 13) =      4.36401  eV     1   --> A              
     e( 14 - 14) =      6.44645  eV     1   --> A              
     e( 15 - 15) =      6.55185  eV     1   --> A              
     e( 16 - 16) =      7.24076  eV     1   --> A              
     e( 17 - 17) =      7.63584  eV     1   --> A              
     e( 18 - 18) =     10.45021  eV     1   --> A              
     e( 19 - 19) =     11.82480  eV     1   --> A              
     e( 20 - 20) =     12.39635  eV     1   --> A              
     e( 21 - 21) =     12.72041  eV     1   --> A              
     e( 22 - 22) =     12.86141  eV     1   --> A              
     e( 23 - 23) =     13.92699  eV     1   --> A              
     e( 24 - 24) =     14.08635  eV     1   --> A              
     e( 25 - 25) =     14.83002  eV     1   --> A              
     e( 26 - 26) =     15.43753  eV     1   --> A              
     e( 27 - 27) =     15.62052  eV     1   --> A              
     e( 28 - 28) =     15.75965  eV     1   --> A              
     e( 29 - 29) =     16.35246  eV     1   --> A              
     e( 30 - 30) =     16.57412  eV     1   --> A              
     e( 31 - 31) =     19.19110  eV     1   --> A              
     e( 32 - 32) =     20.39017  eV     1   --> A              
     e( 33 - 33) =     20.49432  eV     1   --> A              
     e( 34 - 34) =     21.75359  eV     1   --> A              
     e( 35 - 35) =     22.31206  eV     1   --> A              
     e( 36 - 36) =     22.55008  eV     1   --> A              

 **************************************************************************

 **************************************************************************

                    xk=(   0.65000,  -0.00000,   0.00000  )

     Band symmetry, C_1 (1)     point group:

     e(  1 -  1) =    -45.31323  eV     1   --> A              
     e(  2 -  2) =    -23.76530  eV     1   --> A              
     e(  3 -  3) =    -23.52052  eV     1   --> A              
     e(  4 -  4) =    -23.44270  eV     1   --> A              
     e(  5 -  5) =    -20.54410  eV     1   --> A              
     e(  6 -  6) =    -11.98562  eV     1   --> A              
     e(  7 -  7) =     -3.07663  eV     1   --> A              
     e(  8 -  8) =     -2.71524  eV     1   --> A              
     e(  9 -  9) =     -2.46361  eV     1   --> A              
     e( 10 - 10) =     -1.72647  eV     1   --> A              
     e( 11 - 11) =     -1.41618  eV     1   --> A              
     e( 12 - 12) =     -0.62051  eV     1   --> A              
     e( 13 - 13) =      4.36108  eV     1   --> A              
     e( 14 - 14) =      6.44435  eV     1   --> A              
     e( 15 - 15) =      6.55346  eV     1   --> A              
     e( 16 - 16) =      7.24382  eV     1   --> A              
     e( 17 - 17) =      7.63427  eV     1   --> A              
     e( 18 - 18) =     10.45172  eV     1   --> A              
     e( 19 - 19) =     11.82570  eV     1   --> A              
     e( 20 - 20) =     12.34608  eV     1   --> A              
     e( 21 - 21) =     12.72739  eV     1   --> A              
     e( 22 - 22) =     12.90149  eV     1   --> A              
     e( 23 - 23) =     13.91650  eV     1   --> A              
     e( 24 - 24) =     14.07566  eV     1   --> A              
     e( 25 - 25) =     14.82077  eV     1   --> A              
     e( 26 - 26) =     15.45424  eV     1   --> A              
     e( 27 - 27) =     15.58258  eV     1   --> A              
     e( 28 - 28) =     15.79449  eV     1   --> A              
     e( 29 - 29) =     16.36428  eV     1   --> A              
     e( 30 - 30) =     16.58538  eV     1   --> A              
     e( 31 - 31) =     19.20118  eV     1   --> A              
     e( 32 - 32) =     20.36973  eV     1   --> A              
     e( 33 - 33) =     20.51775  eV     1   --> A              
     e( 34 - 34) =     21.73609  eV     1   --> A              
     e( 35 - 35) =     22.33400  eV     1   --> A              
     e( 36 - 36) =     22.55080  eV     1   --> A              

 **************************************************************************

 **************************************************************************

                    xk=(   0.64444,  -0.00000,   0.00000  )

     Band symmetry, C_1 (1)     point group:

     e(  1 -  1) =    -45.31328  eV     1   --> A              
     e(  2 -  2) =    -23.76578  eV     1   --> A              
     e(  3 -  3) =    -23.52065  eV     1   --> A              
     e(  4 -  4) =    -23.44157  eV     1   --> A              
     e(  5 -  5) =    -20.54418  eV     1   --> A              
     e(  6 -  6) =    -11.98651  eV     1   --> A              
     e(  7 -  7) =     -3.07582  eV     1   --> A              
     e(  8 -  8) =     -2.71626  eV     1   --> A              
     e(  9 -  9) =     -2.46420  eV     1   --> A              
     e( 10 - 10) =     -1.73748  eV     1   --> A              
     e( 11 - 11) =     -1.39962  eV     1   --> A              
     e( 12 - 12) =     -0.62037  eV     1   --> A              
     e( 13 - 13) =      4.35704  eV     1   --> A              
     e( 14 - 14) =      6.44118  eV     1   --> A              
     e( 15 - 15) =      6.55579  eV     1   --> A              
     e( 16 - 16) =      7.24797  eV     1   --> A              
     e( 17 - 17) =      7.63218  eV     1   --> A              
     e( 18 - 18) =     10.45386  eV     1   --> A              
     e( 19 - 19) =     11.82693  eV     1   --> A              
     e( 20 - 20) =     12.28323  eV     1   --> A              
     e( 21 - 21) =     12.74654  eV     1   --> A              
     e( 22 - 22) =     12.94041  eV     1   --> A              
     e( 23 - 23) =     13.90277  eV     1   --> A              
     e( 24 - 24) =     14.06044  eV     1   --> A              
     e( 25 - 25) =     14.80964  eV     1   --> A              
     e( 26 - 26) =     15.47094  eV     1   --> A              
     e( 27 - 27) =     15.55007  eV     1   --> A              
     e( 28 - 28) =     15.82887  eV     1   --> A              
     e( 29 - 29) =     16.37906  eV     1   --> A              
     e( 30 - 30) =     16.60094  eV     1   --> A              
     e( 31 - 31) =     19.21527  eV     1   --> A              
     e( 32 - 32) =     20.34876  eV     1   --> A              
     e( 33 - 33) =     20.54280  eV     1   --> A              
     e( 34 - 34) =     21.71494  eV     1   --> A              
     e( 35 - 35) =     22.36183  eV     1   --> A              
     e( 36 - 36) =     22.55196  eV     1   --> A              

 **************************************************************************

 **************************************************************************

                    xk=(   0.63889,  -0.00000,   0.00000  )

     Band symmetry, C_1 (1)     point group:

     e(  1 -  1) =    -45.31335  eV     1   --> A              
     e(  2 -  2) =    -23.76637  eV     1   --> A              
     e(  3 -  3) =    -23.52081  eV     1   --> A              
     e(  4 -  4) =    -23.44013  eV     1   --> A              
     e(  5 -  5) =    -20.54430  eV     1   --> A              
     e(  6 -  6) =    -11.98768  eV     1   --> A              
     e(  7 -  7) =     -3.07479  eV     1   --> A              
     e(  8 -  8) =     -2.71753  eV     1   --> A              
     e(  9 -  9) =     -2.46496  eV     1   --> A              
     e( 10 - 10) =     -1.74983  eV     1   --> A              
     e( 11 - 11) =     -1.38018  eV     1   --> A              
     e( 12 - 12) =     -0.62020  eV     1   --> A              
     e( 13 - 13) =      4.35194  eV     1   --> A              
     e( 14 - 14) =      6.43686  eV     1   --> A              
     e( 15 - 15) =      6.55884  eV     1   --> A              
     e( 16 - 16) =      7.25310  eV     1   --> A              
     e( 17 - 17) =      7.62969  eV     1   --> A              
     e( 18 - 18) =     10.45662  eV     1   --> A              
     e( 19 - 19) =     11.82850  eV     1   --> A              
     e( 20 - 20) =     12.21304  eV     1   --> A              
     e( 21 - 21) =     12.77287  eV     1   --> A              
     e( 22 - 22) =     12.97763  eV     1   --> A              
     e( 23 - 23) =     13.88613  eV     1   --> A              
     e( 24 - 24) =     14.04120  eV     1   --> A              
     e( 25 - 25) =     14.79743  eV     1   --> A              
     e( 26 - 26) =     15.46732  eV     1   --> A              
     e( 27 - 27) =     15.54340  eV     1   --> A              
     e( 28 - 28) =     15.86205  eV     1   --> A              
     e( 29 - 29) =     16.39649  eV     1   --> A              
     e( 30 - 30) =     16.62034  eV     1   --> A              
     e( 31 - 31) =     19.23328  eV     1   --> A              
     e( 32 - 32) =     20.32751  eV     1   --> A              
     e( 33 - 33) =     20.56916  eV     1   --> A              
     e( 34 - 34) =     21.69206  eV     1   --> A              
     e( 35 - 35) =     22.39365  eV     1   --> A              
     e( 36 - 36) =     22.55391  eV     1   --> A              

 **************************************************************************

 **************************************************************************

                    xk=(   0.63333,  -0.00000,   0.00000  )

     Band symmetry, C_1 (1)     point group:

     e(  1 -  1) =    -45.31343  eV     1   --> A              
     e(  2 -  2) =    -23.76705  eV     1   --> A              
     e(  3 -  3) =    -23.52102  eV     1   --> A              
     e(  4 -  4) =    -23.43841  eV     1   --> A              
     e(  5 -  5) =    -20.54443  eV     1   --> A              
     e(  6 -  6) =    -11.98912  eV     1   --> A              
     e(  7 -  7) =     -3.07353  eV     1   --> A              
     e(  8 -  8) =     -2.71902  eV     1   --> A              
     e(  9 -  9) =     -2.46586  eV     1   --> A              
     e( 10 - 10) =     -1.76289  eV     1   --> A              
     e( 11 - 11) =     -1.35850  eV     1   --> A              
     e( 12 - 12) =     -0.61998  eV     1   --> A              
     e( 13 - 13) =      4.34583  eV     1   --> A              
     e( 14 - 14) =      6.43139  eV     1   --> A              
     e( 15 - 15) =      6.56257  eV     1   --> A              
     e( 16 - 16) =      7.25902  eV     1   --> A              
     e( 17 - 17) =      7.62694  eV     1   --> A              
     e( 18 - 18) =     10.45997  eV     1   --> A              
     e( 19 - 19) =     11.83040  eV     1   --> A              
     e( 20 - 20) =     12.13855  eV     1   --> A              
     e( 21 - 21) =     12.80329  eV     1   --> A              
     e( 22 - 22) =     13.01279  eV     1   --> A              
     e( 23 - 23) =     13.86673  eV     1   --> A              
     e( 24 - 24) =     14.01890  eV     1   --> A              
     e( 25 - 25) =     14.78458  eV     1   --> A              
     e( 26 - 26) =     15.43812  eV     1   --> A              
     e( 27 - 27) =     15.56776  eV     1   --> A              
     e( 28 - 28) =     15.89350  eV     1   --> A              
     e( 29 - 29) =     16.41661  eV     1   --> A              
     e( 30 - 30) =     16.64301  eV     1   --> A              
     e( 31 - 31) =     19.25501  eV     1   --> A              
     e( 32 - 32) =     20.30593  eV     1   --> A              
     e( 33 - 33) =     20.59682  eV     1   --> A              
     e( 34 - 34) =     21.66907  eV     1   --> A              
     e( 35 - 35) =     22.42744  eV     1   --> A              
     e( 36 - 36) =     22.55744  eV     1   --> A              

 **************************************************************************

 **************************************************************************

                    xk=(   0.62778,  -0.00000,   0.00000  )

     Band symmetry, C_1 (1)     point group:

     e(  1 -  1) =    -45.31353  eV     1   --> A              
     e(  2 -  2) =    -23.76782  eV     1   --> A              
     e(  3 -  3) =    -23.52128  eV     1   --> A              
     e(  4 -  4) =    -23.43641  eV     1   --> A              
     e(  5 -  5) =    -20.54460  eV     1   --> A              
     e(  6 -  6) =    -11.99085  eV     1   --> A              
     e(  7 -  7) =     -3.07208  eV     1   --> A              
     e(  8 -  8) =     -2.72070  eV     1   --> A              
     e(  9 -  9) =     -2.46692  eV     1   --> A              
     e( 10 - 10) =     -1.77621  eV     1   --> A              
     e( 11 - 11) =     -1.33508  eV     1   --> A              
     e( 12 - 12) =     -0.61971  eV     1   --> A              
     e( 13 - 13) =      4.33877  eV     1   --> A              
     e( 14 - 14) =      6.42477  eV     1   --> A              
     e( 15 - 15) =      6.56692  eV     1   --> A              
     e( 16 - 16) =      7.26550  eV     1   --> A              
     e( 17 - 17) =      7.62407  eV     1   --> A              
     e( 18 - 18) =     10.46386  eV     1   --> A              
     e( 19 - 19) =     11.83262  eV     1   --> A              
     e( 20 - 20) =     12.06146  eV     1   --> A              
     e( 21 - 21) =     12.83592  eV     1   --> A              
     e( 22 - 22) =     13.04559  eV     1   --> A              
     e( 23 - 23) =     13.84456  eV     1   --> A              
     e( 24 - 24) =     13.99488  eV     1   --> A              
     e( 25 - 25) =     14.77118  eV     1   --> A              
     e( 26 - 26) =     15.40321  eV     1   --> A              
     e( 27 - 27) =     15.60317  eV     1   --> A              
     e( 28 - 28) =     15.92285  eV     1   --> A              
     e( 29 - 29) =     16.43965  eV     1   --> A              
     e( 30 - 30) =     16.66832  eV     1   --> A              
     e( 31 - 31) =     19.28018  eV     1   --> A              
     e( 32 - 32) =     20.28386  eV     1   --> A              
     e( 33 - 33) =     20.62595  eV     1   --> A              
     e( 34 - 34) =     21.64725  eV     1   --> A              
     e( 35 - 35) =     22.46058  eV     1   --> A              
     e( 36 - 36) =     22.56427  eV     1   --> A              

 **************************************************************************

 **************************************************************************

                    xk=(   0.62222,  -0.00000,   0.00000  )

     Band symmetry, C_1 (1)     point group:

     e(  1 -  1) =    -45.31365  eV     1   --> A              
     e(  2 -  2) =    -23.76863  eV     1   --> A              
     e(  3 -  3) =    -23.52158  eV     1   --> A              
     e(  4 -  4) =    -23.43414  eV     1   --> A              
     e(  5 -  5) =    -20.54478  eV     1   --> A              
     e(  6 -  6) =    -11.99287  eV     1   --> A              
     e(  7 -  7) =     -3.07038  eV     1   --> A              
     e(  8 -  8) =     -2.72252  eV     1   --> A              
     e(  9 -  9) =     -2.46810  eV     1   --> A              
     e( 10 - 10) =     -1.78943  eV     1   --> A              
     e( 11 - 11) =     -1.31028  eV     1   --> A              
     e( 12 - 12) =     -0.61940  eV     1   --> A              
     e( 13 - 13) =      4.33082  eV     1   --> A              
     e( 14 - 14) =      6.41705  eV     1   --> A              
     e( 15 - 15) =      6.57186  eV     1   --> A              
     e( 16 - 16) =      7.27232  eV     1   --> A              
     e( 17 - 17) =      7.62132  eV     1   --> A              
     e( 18 - 18) =     10.46824  eV     1   --> A              
     e( 19 - 19) =     11.83517  eV     1   --> A              
     e( 20 - 20) =     11.98275  eV     1   --> A              
     e( 21 - 21) =     12.86943  eV     1   --> A              
     e( 22 - 22) =     13.07584  eV     1   --> A              
     e( 23 - 23) =     13.81951  eV     1   --> A              
     e( 24 - 24) =     13.97065  eV     1   --> A              
     e( 25 - 25) =     14.75718  eV     1   --> A              
     e( 26 - 26) =     15.36904  eV     1   --> A              
     e( 27 - 27) =     15.64303  eV     1   --> A              
     e( 28 - 28) =     15.94992  eV     1   --> A              
     e( 29 - 29) =     16.46583  eV     1   --> A              
     e( 30 - 30) =     16.69570  eV     1   --> A              
     e( 31 - 31) =     19.30842  eV     1   --> A              
     e( 32 - 32) =     20.26111  eV     1   --> A              
     e( 33 - 33) =     20.65678  eV     1   --> A              
     e( 34 - 34) =     21.62760  eV     1   --> A              
     e( 35 - 35) =     22.48891  eV     1   --> A              
     e( 36 - 36) =     22.57794  eV     1   --> A              

 **************************************************************************

 **************************************************************************

                    xk=(   0.61667,  -0.00000,   0.00000  )

     Band symmetry, C_1 (1)     point group:

     e(  1 -  1) =    -45.31378  eV     1   --> A              
     e(  2 -  2) =    -23.76949  eV     1   --> A              
     e(  3 -  3) =    -23.52193  eV     1   --> A              
     e(  4 -  4) =    -23.43161  eV     1   --> A              
     e(  5 -  5) =    -20.54498  eV     1   --> A              
     e(  6 -  6) =    -11.99518  eV     1   --> A              
     e(  7 -  7) =     -3.06849  eV     1   --> A              
     e(  8 -  8) =     -2.72444  eV     1   --> A              
     e(  9 -  9) =     -2.46940  eV     1   --> A              
     e( 10 - 10) =     -1.80234  eV     1   --> A              
     e( 11 - 11) =     -1.28437  eV     1   --> A              
     e( 12 - 12) =     -0.61902  eV     1   --> A              
     e( 13 - 13) =      4.32202  eV     1   --> A              
     e( 14 - 14) =      6.40831  eV     1   --> A              
     e( 15 - 15) =      6.57729  eV     1   --> A              
     e( 16 - 16) =      7.27912  eV     1   --> A              
     e( 17 - 17) =      7.61891  eV     1   --> A              
     e( 18 - 18) =     10.47301  eV     1   --> A              
     e( 19 - 19) =     11.83792  eV     1   --> A              
     e( 20 - 20) =     11.90310  eV     1   --> A              
     e( 21 - 21) =     12.90259  eV     1   --> A              
     e( 22 - 22) =     13.10354  eV     1   --> A              
     e( 23 - 23) =     13.79153  eV     1   --> A              
     e( 24 - 24) =     13.94773  eV     1   --> A              
     e( 25 - 25) =     14.74247  eV     1   --> A              
     e( 26 - 26) =     15.33729  eV     1   --> A              
     e( 27 - 27) =     15.68542  eV     1   --> A              
     e( 28 - 28) =     15.97476  eV     1   --> A              
     e( 29 - 29) =     16.49528  eV     1   --> A              
     e( 30 - 30) =     16.72472  eV     1   --> A              
     e( 31 - 31) =     19.33926  eV     1   --> A              
     e( 32 - 32) =     20.23751  eV     1   --> A              
     e( 33 - 33) =     20.68962  eV     1   --> A              
     e( 34 - 34) =     21.61087  eV     1   --> A              
     e( 35 - 35) =     22.50811  eV     1   --> A              
     e( 36 - 36) =     22.60233  eV     1   --> A              

 **************************************************************************

 **************************************************************************

                    xk=(   0.61111,  -0.00000,   0.00000  )

     Band symmetry, C_1 (1)     point group:

     e(  1 -  1) =    -45.31393  eV     1   --> A              
     e(  2 -  2) =    -23.77037  eV     1   --> A              
     e(  3 -  3) =    -23.52233  eV     1   --> A              
     e(  4 -  4) =    -23.42885  eV     1   --> A              
     e(  5 -  5) =    -20.54520  eV     1   --> A              
     e(  6 -  6) =    -11.99779  eV     1   --> A              
     e(  7 -  7) =     -3.06638  eV     1   --> A              
     e(  8 -  8) =     -2.72643  eV     1   --> A              
     e(  9 -  9) =     -2.47082  eV     1   --> A              
     e( 10 - 10) =     -1.81477  eV     1   --> A              
     e( 11 - 11) =     -1.25757  eV     1   --> A              
     e( 12 - 12) =     -0.61858  eV     1   --> A              
     e( 13 - 13) =      4.31244  eV     1   --> A              
     e( 14 - 14) =      6.39860  eV     1   --> A              
     e( 15 - 15) =      6.58317  eV     1   --> A              
     e( 16 - 16) =      7.28557  eV     1   --> A              
     e( 17 - 17) =      7.61709  eV     1   --> A              
     e( 18 - 18) =     10.47807  eV     1   --> A              
     e( 19 - 19) =     11.82106  eV     1   --> A              
     e( 20 - 20) =     11.84274  eV     1   --> A              
     e( 21 - 21) =     12.93396  eV     1   --> A              
     e( 22 - 22) =     13.12908  eV     1   --> A              
     e( 23 - 23) =     13.76082  eV     1   --> A              
     e( 24 - 24) =     13.92733  eV     1   --> A              
     e( 25 - 25) =     14.72705  eV     1   --> A              
     e( 26 - 26) =     15.30859  eV     1   --> A              
     e( 27 - 27) =     15.72932  eV     1   --> A              
     e( 28 - 28) =     15.99761  eV     1   --> A              
     e( 29 - 29) =     16.52798  eV     1   --> A              
     e( 30 - 30) =     16.75504  eV     1   --> A              
     e( 31 - 31) =     19.37212  eV     1   --> A              
     e( 32 - 32) =     20.21289  eV     1   --> A              
     e( 33 - 33) =     20.72481  eV     1   --> A              
     e( 34 - 34) =     21.59761  eV     1   --> A              
     e( 35 - 35) =     22.51881  eV     1   --> A              
     e( 36 - 36) =     22.63654  eV     1   --> A              

 **************************************************************************

 **************************************************************************

                    xk=(   0.60556,  -0.00000,   0.00000  )

     Band symmetry, C_1 (1)     point group:

     e(  1 -  1) =    -45.31410  eV     1   --> A              
     e(  2 -  2) =    -23.77126  eV     1   --> A              
     e(  3 -  3) =    -23.52278  eV     1   --> A              
     e(  4 -  4) =    -23.42586  eV     1   --> A              
     e(  5 -  5) =    -20.54544  eV     1   --> A              
     e(  6 -  6) =    -12.00069  eV     1   --> A              
     e(  7 -  7) =     -3.06410  eV     1   --> A              
     e(  8 -  8) =     -2.72844  eV     1   --> A              
     e(  9 -  9) =     -2.47234  eV     1   --> A              
     e( 10 - 10) =     -1.82659  eV     1   --> A              
     e( 11 - 11) =     -1.23004  eV     1   --> A              
     e( 12 - 12) =     -0.61806  eV     1   --> A              
     e( 13 - 13) =      4.30214  eV     1   --> A              
     e( 14 - 14) =      6.38800  eV     1   --> A              
     e( 15 - 15) =      6.58943  eV     1   --> A              
     e( 16 - 16) =      7.29129  eV     1   --> A              
     e( 17 - 17) =      7.61616  eV     1   --> A              
     e( 18 - 18) =     10.48331  eV     1   --> A              
     e( 19 - 19) =     11.74095  eV     1   --> A              
     e( 20 - 20) =     11.84557  eV     1   --> A              
     e( 21 - 21) =     12.96166  eV     1   --> A              
     e( 22 - 22) =     13.15338  eV     1   --> A              
     e( 23 - 23) =     13.72787  eV     1   --> A              
     e( 24 - 24) =     13.91023  eV     1   --> A              
     e( 25 - 25) =     14.71110  eV     1   --> A              
     e( 26 - 26) =     15.28310  eV     1   --> A              
     e( 27 - 27) =     15.77400  eV     1   --> A              
     e( 28 - 28) =     16.01894  eV     1   --> A              
     e( 29 - 29) =     16.56376  eV     1   --> A              
     e( 30 - 30) =     16.78646  eV     1   --> A              
     e( 31 - 31) =     19.40633  eV     1   --> A              
     e( 32 - 32) =     20.18720  eV     1   --> A              
     e( 33 - 33) =     20.76273  eV     1   --> A              
     e( 34 - 34) =     21.58818  eV     1   --> A              
     e( 35 - 35) =     22.52493  eV     1   --> A              
     e( 36 - 36) =     22.67650  eV     1   --> A              

 **************************************************************************

 **************************************************************************

                    xk=(   0.60000,  -0.00000,   0.00000  )

     Band symmetry, C_1 (1)     point group:

     e(  1 -  1) =    -45.31428  eV     1   --> A              
     e(  2 -  2) =    -23.77214  eV     1   --> A              
     e(  3 -  3) =    -23.52329  eV     1   --> A              
     e(  4 -  4) =    -23.42265  eV     1   --> A              
     e(  5 -  5) =    -20.54570  eV     1   --> A              
     e(  6 -  6) =    -12.00391  eV     1   --> A              
     e(  7 -  7) =     -3.06165  eV     1   --> A              
     e(  8 -  8) =     -2.73043  eV     1   --> A              
     e(  9 -  9) =     -2.47397  eV     1   --> A              
     e( 10 - 10) =     -1.83772  eV     1   --> A              
     e( 11 - 11) =     -1.20190  eV     1   --> A              
     e( 12 - 12) =     -0.61744  eV     1   --> A              
     e( 13 - 13) =      4.29116  eV     1   --> A              
     e( 14 - 14) =      6.37657  eV     1   --> A              
     e( 15 - 15) =      6.59602  eV     1   --> A              
     e( 16 - 16) =      7.29589  eV     1   --> A              
     e( 17 - 17) =      7.61639  eV     1   --> A              
     e( 18 - 18) =     10.48856  eV     1   --> A              
     e( 19 - 19) =     11.65979  eV     1   --> A              
     e( 20 - 20) =     11.84963  eV     1   --> A              
     e( 21 - 21) =     12.98332  eV     1   --> A              
     e( 22 - 22) =     13.17809  eV     1   --> A              
     e( 23 - 23) =     13.69342  eV     1   --> A              
     e( 24 - 24) =     13.89675  eV     1   --> A              
     e( 25 - 25) =     14.69498  eV     1   --> A              
     e( 26 - 26) =     15.26072  eV     1   --> A              
     e( 27 - 27) =     15.81874  eV     1   --> A              
     e( 28 - 28) =     16.03943  eV     1   --> A              
     e( 29 - 29) =     16.60234  eV     1   --> A              
     e( 30 - 30) =     16.81892  eV     1   --> A              
     e( 31 - 31) =     19.44113  eV     1   --> A              
     e( 32 - 32) =     20.16050  eV     1   --> A              
     e( 33 - 33) =     20.80376  eV     1   --> A              
     e( 34 - 34) =     21.58278  eV     1   --> A              
     e( 35 - 35) =     22.52922  eV     1   --> A              
     e( 36 - 36) =     22.71937  eV     1   --> A              

 **************************************************************************

 **************************************************************************

                    xk=(   0.59444,  -0.00000,   0.00000  )

     Band symmetry, C_1 (1)     point group:

     e(  1 -  1) =    -45.31448  eV     1   --> A              
     e(  2 -  2) =    -23.77299  eV     1   --> A              
     e(  3 -  3) =    -23.52385  eV     1   --> A              
     e(  4 -  4) =    -23.41925  eV     1   --> A              
     e(  5 -  5) =    -20.54597  eV     1   --> A              
     e(  6 -  6) =    -12.00744  eV     1   --> A              
     e(  7 -  7) =     -3.05904  eV     1   --> A              
     e(  8 -  8) =     -2.73234  eV     1   --> A              
     e(  9 -  9) =     -2.47568  eV     1   --> A              
     e( 10 - 10) =     -1.84810  eV     1   --> A              
     e( 11 - 11) =     -1.17329  eV     1   --> A              
     e( 12 - 12) =     -0.61671  eV     1   --> A              
     e( 13 - 13) =      4.27957  eV     1   --> A              
     e( 14 - 14) =      6.36440  eV     1   --> A              
     e( 15 - 15) =      6.60289  eV     1   --> A              
     e( 16 - 16) =      7.29900  eV     1   --> A              
     e( 17 - 17) =      7.61804  eV     1   --> A              
     e( 18 - 18) =     10.49366  eV     1   --> A              
     e( 19 - 19) =     11.57846  eV     1   --> A              
     e( 20 - 20) =     11.85421  eV     1   --> A              
     e( 21 - 21) =     12.99650  eV     1   --> A              
     e( 22 - 22) =     13.20510  eV     1   --> A              
     e( 23 - 23) =     13.65822  eV     1   --> A              
     e( 24 - 24) =     13.88685  eV     1   --> A              
     e( 25 - 25) =     14.67925  eV     1   --> A              
     e( 26 - 26) =     15.24117  eV     1   --> A              
     e( 27 - 27) =     15.86273  eV     1   --> A              
     e( 28 - 28) =     16.05996  eV     1   --> A              
     e( 29 - 29) =     16.64338  eV     1   --> A              
     e( 30 - 30) =     16.85243  eV     1   --> A              
     e( 31 - 31) =     19.47563  eV     1   --> A              
     e( 32 - 32) =     20.13301  eV     1   --> A              
     e( 33 - 33) =     20.84821  eV     1   --> A              
     e( 34 - 34) =     21.58146  eV     1   --> A              
     e( 35 - 35) =     22.53307  eV     1   --> A              
     e( 36 - 36) =     22.76375  eV     1   --> A              

 **************************************************************************

 **************************************************************************

                    xk=(   0.58889,  -0.00000,   0.00000  )

     Band symmetry, C_1 (1)     point group:

     e(  1 -  1) =    -45.31470  eV     1   --> A              
     e(  2 -  2) =    -23.77381  eV     1   --> A              
     e(  3 -  3) =    -23.52445  eV     1   --> A              
     e(  4 -  4) =    -23.41567  eV     1   --> A              
     e(  5 -  5) =    -20.54626  eV     1   --> A              
     e(  6 -  6) =    -12.01127  eV     1   --> A              
     e(  7 -  7) =     -3.05630  eV     1   --> A              
     e(  8 -  8) =     -2.73415  eV     1   --> A              
     e(  9 -  9) =     -2.47748  eV     1   --> A              
     e( 10 - 10) =     -1.85770  eV     1   --> A              
     e( 11 - 11) =     -1.14429  eV     1   --> A              
     e( 12 - 12) =     -0.61584  eV     1   --> A              
     e( 13 - 13) =      4.26743  eV     1   --> A              
     e( 14 - 14) =      6.35153  eV     1   --> A              
     e( 15 - 15) =      6.61001  eV     1   --> A              
     e( 16 - 16) =      7.30034  eV     1   --> A              
     e( 17 - 17) =      7.62130  eV     1   --> A              
     e( 18 - 18) =     10.49840  eV     1   --> A              
     e( 19 - 19) =     11.49715  eV     1   --> A              
     e( 20 - 20) =     11.85930  eV     1   --> A              
     e( 21 - 21) =     12.99960  eV     1   --> A              
     e( 22 - 22) =     13.23577  eV     1   --> A              
     e( 23 - 23) =     13.62288  eV     1   --> A              
     e( 24 - 24) =     13.88030  eV     1   --> A              
     e( 25 - 25) =     14.66459  eV     1   --> A              
     e( 26 - 26) =     15.22408  eV     1   --> A              
     e( 27 - 27) =     15.90497  eV     1   --> A              
     e( 28 - 28) =     16.08169  eV     1   --> A              
     e( 29 - 29) =     16.68651  eV     1   --> A              
     e( 30 - 30) =     16.88709  eV     1   --> A              
     e( 31 - 31) =     19.50882  eV     1   --> A              
     e( 32 - 32) =     20.10516  eV     1   --> A              
     e( 33 - 33) =     20.89633  eV     1   --> A              
     e( 34 - 34) =     21.58418  eV     1   --> A              
     e( 35 - 35) =     22.53727  eV     1   --> A              
     e( 36 - 36) =     22.80891  eV     1   --> A              

 **************************************************************************

 **************************************************************************

                    xk=(   0.58333,  -0.00000,   0.00000  )

     Band symmetry, C_1 (1)     point group:

     e(  1 -  1) =    -45.31494  eV     1   --> A              
     e(  2 -  2) =    -23.77458  eV     1   --> A              
     e(  3 -  3) =    -23.52512  eV     1   --> A              
     e(  4 -  4) =    -23.41192  eV     1   --> A              
     e(  5 -  5) =    -20.54658  eV     1   --> A              
     e(  6 -  6) =    -12.01543  eV     1   --> A              
     e(  7 -  7) =     -3.05344  eV     1   --> A              
     e(  8 -  8) =     -2.73579  eV     1   --> A              
     e(  9 -  9) =     -2.47938  eV     1   --> A              
     e( 10 - 10) =     -1.86648  eV     1   --> A              
     e( 11 - 11) =     -1.11501  eV     1   --> A              
     e( 12 - 12) =     -0.61479  eV     1   --> A              
     e( 13 - 13) =      4.25478  eV     1   --> A              
     e( 14 - 14) =      6.33804  eV     1   --> A              
     e( 15 - 15) =      6.61734  eV     1   --> A              
     e( 16 - 16) =      7.29967  eV     1   --> A              
     e( 17 - 17) =      7.62629  eV     1   --> A              
     e( 18 - 18) =     10.50255  eV     1   --> A              
     e( 19 - 19) =     11.41602  eV     1   --> A              
     e( 20 - 20) =     11.86492  eV     1   --> A              
     e( 21 - 21) =     12.99252  eV     1   --> A              
     e( 22 - 22) =     13.27032  eV     1   --> A              
     e( 23 - 23) =     13.58781  eV     1   --> A              
     e( 24 - 24) =     13.87668  eV     1   --> A              
     e( 25 - 25) =     14.65172  eV     1   --> A              
     e( 26 - 26) =     15.20904  eV     1   --> A              
     e( 27 - 27) =     15.94421  eV     1   --> A              
     e( 28 - 28) =     16.10602  eV     1   --> A              
     e( 29 - 29) =     16.73135  eV     1   --> A              
     e( 30 - 30) =     16.92304  eV     1   --> A              
     e( 31 - 31) =     19.53951  eV     1   --> A              
     e( 32 - 32) =     20.07768  eV     1   --> A              
     e( 33 - 33) =     20.94826  eV     1   --> A              
     e( 34 - 34) =     21.59077  eV     1   --> A              
     e( 35 - 35) =     22.54234  eV     1   --> A              
     e( 36 - 36) =     22.85438  eV     1   --> A              

 **************************************************************************

 **************************************************************************

                    xk=(   0.57778,  -0.00000,   0.00000  )

     Band symmetry, C_1 (1)     point group:

     e(  1 -  1) =    -45.31520  eV     1   --> A              
     e(  2 -  2) =    -23.77528  eV     1   --> A              
     e(  3 -  3) =    -23.52584  eV     1   --> A              
     e(  4 -  4) =    -23.40801  eV     1   --> A              
     e(  5 -  5) =    -20.54690  eV     1   --> A              
     e(  6 -  6) =    -12.01990  eV     1   --> A              
     e(  7 -  7) =     -3.05048  eV     1   --> A              
     e(  8 -  8) =     -2.73721  eV     1   --> A              
     e(  9 -  9) =     -2.48134  eV     1   --> A              
     e( 10 - 10) =     -1.87442  eV     1   --> A              
     e( 11 - 11) =     -1.08555  eV     1   --> A              
     e( 12 - 12) =     -0.61351  eV     1   --> A              
     e( 13 - 13) =      4.24169  eV     1   --> A              
     e( 14 - 14) =      6.32398  eV     1   --> A              
     e( 15 - 15) =      6.62486  eV     1   --> A              
     e( 16 - 16) =      7.29693  eV     1   --> A              
     e( 17 - 17) =      7.63301  eV     1   --> A              
     e( 18 - 18) =     10.50584  eV     1   --> A              
     e( 19 - 19) =     11.33524  eV     1   --> A              
     e( 20 - 20) =     11.87110  eV     1   --> A              
     e( 21 - 21) =     12.97629  eV     1   --> A              
     e( 22 - 22) =     13.30807  eV     1   --> A              
     e( 23 - 23) =     13.55321  eV     1   --> A              
     e( 24 - 24) =     13.87552  eV     1   --> A              
     e( 25 - 25) =     14.64136  eV     1   --> A              
     e( 26 - 26) =     15.19565  eV     1   --> A              
     e( 27 - 27) =     15.97916  eV     1   --> A              
     e( 28 - 28) =     16.13439  eV     1   --> A              
     e( 29 - 29) =     16.77758  eV     1   --> A              
     e( 30 - 30) =     16.96047  eV     1   --> A              
     e( 31 - 31) =     19.56629  eV     1   --> A              
     e( 32 - 32) =     20.05164  eV     1   --> A              
     e( 33 - 33) =     21.00397  eV     1   --> A              
     e( 34 - 34) =     21.60102  eV     1   --> A              
     e( 35 - 35) =     22.54876  eV     1   --> A              
     e( 36 - 36) =     22.89982  eV     1   --> A              

 **************************************************************************

 **************************************************************************

                    xk=(   0.57222,  -0.00000,   0.00000  )

     Band symmetry, C_1 (1)     point group:

     e(  1 -  1) =    -45.31547  eV     1   --> A              
     e(  2 -  2) =    -23.77591  eV     1   --> A              
     e(  3 -  3) =    -23.52661  eV     1   --> A              
     e(  4 -  4) =    -23.40395  eV     1   --> A              
     e(  5 -  5) =    -20.54724  eV     1   --> A              
     e(  6 -  6) =    -12.02469  eV     1   --> A              
     e(  7 -  7) =     -3.04744  eV     1   --> A              
     e(  8 -  8) =     -2.73838  eV     1   --> A              
     e(  9 -  9) =     -2.48337  eV     1   --> A              
     e( 10 - 10) =     -1.88150  eV     1   --> A              
     e( 11 - 11) =     -1.05601  eV     1   --> A              
     e( 12 - 12) =     -0.61196  eV     1   --> A              
     e( 13 - 13) =      4.22819  eV     1   --> A              
     e( 14 - 14) =      6.30940  eV     1   --> A              
     e( 15 - 15) =      6.63252  eV     1   --> A              
     e( 16 - 16) =      7.29210  eV     1   --> A              
     e( 17 - 17) =      7.64135  eV     1   --> A              
     e( 18 - 18) =     10.50794  eV     1   --> A              
     e( 19 - 19) =     11.25500  eV     1   --> A              
     e( 20 - 20) =     11.87785  eV     1   --> A              
     e( 21 - 21) =     12.95241  eV     1   --> A              
     e( 22 - 22) =     13.34804  eV     1   --> A              
     e( 23 - 23) =     13.51909  eV     1   --> A              
     e( 24 - 24) =     13.87638  eV     1   --> A              
     e( 25 - 25) =     14.63408  eV     1   --> A              
     e( 26 - 26) =     15.18363  eV     1   --> A              
     e( 27 - 27) =     16.00909  eV     1   --> A              
     e( 28 - 28) =     16.16766  eV     1   --> A              
     e( 29 - 29) =     16.82488  eV     1   --> A              
     e( 30 - 30) =     16.99957  eV     1   --> A              
     e( 31 - 31) =     19.58748  eV     1   --> A              
     e( 32 - 32) =     20.02852  eV     1   --> A              
     e( 33 - 33) =     21.06326  eV     1   --> A              
     e( 34 - 34) =     21.61464  eV     1   --> A              
     e( 35 - 35) =     22.55694  eV     1   --> A              
     e( 36 - 36) =     22.94491  eV     1   --> A              

 **************************************************************************

 **************************************************************************

                    xk=(   0.56667,  -0.00000,   0.00000  )

     Band symmetry, C_1 (1)     point group:

     e(  1 -  1) =    -45.31577  eV     1   --> A              
     e(  2 -  2) =    -23.77646  eV     1   --> A              
     e(  3 -  3) =    -23.52743  eV     1   --> A              
     e(  4 -  4) =    -23.39977  eV     1   --> A              
     e(  5 -  5) =    -20.54760  eV     1   --> A              
     e(  6 -  6) =    -12.02979  eV     1   --> A              
     e(  7 -  7) =     -3.04436  eV     1   --> A              
     e(  8 -  8) =     -2.73925  eV     1   --> A              
     e(  9 -  9) =     -2.48547  eV     1   --> A              
     e( 10 - 10) =     -1.88772  eV     1   --> A              
     e( 11 - 11) =     -1.02651  eV     1   --> A              
     e( 12 - 12) =     -0.61006  eV     1   --> A              
     e( 13 - 13) =      4.21435  eV     1   --> A              
     e( 14 - 14) =      6.29436  eV     1   --> A              
     e( 15 - 15) =      6.64029  eV     1   --> A              
     e( 16 - 16) =      7.28529  eV     1   --> A              
     e( 17 - 17) =      7.65112  eV     1   --> A              
     e( 18 - 18) =     10.50844  eV     1   --> A              
     e( 19 - 19) =     11.17557  eV     1   --> A              
     e( 20 - 20) =     11.88517  eV     1   --> A              
     e( 21 - 21) =     12.92246  eV     1   --> A              
     e( 22 - 22) =     13.38921  eV     1   --> A              
     e( 23 - 23) =     13.48543  eV     1   --> A              
     e( 24 - 24) =     13.87893  eV     1   --> A              
     e( 25 - 25) =     14.63027  eV     1   --> A              
     e( 26 - 26) =     15.17274  eV     1   --> A              
     e( 27 - 27) =     16.03425  eV     1   --> A              
     e( 28 - 28) =     16.20568  eV     1   --> A              
     e( 29 - 29) =     16.87299  eV     1   --> A              
     e( 30 - 30) =     17.04053  eV     1   --> A              
     e( 31 - 31) =     19.60118  eV     1   --> A              
     e( 32 - 32) =     20.01013  eV     1   --> A              
     e( 33 - 33) =     21.12572  eV     1   --> A              
     e( 34 - 34) =     21.63135  eV     1   --> A              
     e( 35 - 35) =     22.56733  eV     1   --> A              
     e( 36 - 36) =     22.98931  eV     1   --> A              

 **************************************************************************

 **************************************************************************

                    xk=(   0.56111,  -0.00000,   0.00000  )

     Band symmetry, C_1 (1)     point group:

     e(  1 -  1) =    -45.31608  eV     1   --> A              
     e(  2 -  2) =    -23.77690  eV     1   --> A              
     e(  3 -  3) =    -23.52830  eV     1   --> A              
     e(  4 -  4) =    -23.39546  eV     1   --> A              
     e(  5 -  5) =    -20.54798  eV     1   --> A              
     e(  6 -  6) =    -12.03522  eV     1   --> A              
     e(  7 -  7) =     -3.04124  eV     1   --> A              
     e(  8 -  8) =     -2.73977  eV     1   --> A              
     e(  9 -  9) =     -2.48766  eV     1   --> A              
     e( 10 - 10) =     -1.89306  eV     1   --> A              
     e( 11 - 11) =     -0.99718  eV     1   --> A              
     e( 12 - 12) =     -0.60771  eV     1   --> A              
     e( 13 - 13) =      4.20022  eV     1   --> A              
     e( 14 - 14) =      6.27890  eV     1   --> A              
     e( 15 - 15) =      6.64814  eV     1   --> A              
     e( 16 - 16) =      7.27668  eV     1   --> A              
     e( 17 - 17) =      7.66207  eV     1   --> A              
     e( 18 - 18) =     10.50684  eV     1   --> A              
     e( 19 - 19) =     11.09733  eV     1   --> A              
     e( 20 - 20) =     11.89304  eV     1   --> A              
     e( 21 - 21) =     12.88785  eV     1   --> A              
     e( 22 - 22) =     13.42994  eV     1   --> A              
     e( 23 - 23) =     13.45282  eV     1   --> A              
     e( 24 - 24) =     13.88313  eV     1   --> A              
     e( 25 - 25) =     14.63008  eV     1   --> A              
     e( 26 - 26) =     15.16291  eV     1   --> A              
     e( 27 - 27) =     16.05570  eV     1   --> A              
     e( 28 - 28) =     16.24750  eV     1   --> A              
     e( 29 - 29) =     16.92172  eV     1   --> A              
     e( 30 - 30) =     17.08348  eV     1   --> A              
     e( 31 - 31) =     19.60560  eV     1   --> A              
     e( 32 - 32) =     19.99827  eV     1   --> A              
     e( 33 - 33) =     21.19075  eV     1   --> A              
     e( 34 - 34) =     21.65085  eV     1   --> A              
     e( 35 - 35) =     22.58039  eV     1   --> A              
     e( 36 - 36) =     23.03256  eV     1   --> A              

 **************************************************************************

 **************************************************************************

                    xk=(   0.55556,  -0.00000,   0.00000  )

     Band symmetry, C_1 (1)     point group:

     e(  1 -  1) =    -45.31641  eV     1   --> A              
     e(  2 -  2) =    -23.77723  eV     1   --> A              
     e(  3 -  3) =    -23.52921  eV     1   --> A              
     e(  4 -  4) =    -23.39104  eV     1   --> A              
     e(  5 -  5) =    -20.54836  eV     1   --> A              
     e(  6 -  6) =    -12.04097  eV     1   --> A              
     e(  7 -  7) =     -3.03809  eV     1   --> A              
     e(  8 -  8) =     -2.73989  eV     1   --> A              
     e(  9 -  9) =     -2.48990  eV     1   --> A              
     e( 10 - 10) =     -1.89752  eV     1   --> A              
     e( 11 - 11) =     -0.96817  eV     1   --> A              
     e( 12 - 12) =     -0.60478  eV     1   --> A              
     e( 13 - 13) =      4.18585  eV     1   --> A              
     e( 14 - 14) =      6.26309  eV     1   --> A              
     e( 15 - 15) =      6.65606  eV     1   --> A              
     e( 16 - 16) =      7.26647  eV     1   --> A              
     e( 17 - 17) =      7.67394  eV     1   --> A              
     e( 18 - 18) =     10.50246  eV     1   --> A              
     e( 19 - 19) =     11.02083  eV     1   --> A              
     e( 20 - 20) =     11.90144  eV     1   --> A              
     e( 21 - 21) =     12.84984  eV     1   --> A              
     e( 22 - 22) =     13.41779  eV     1   --> A              
     e( 23 - 23) =     13.47268  eV     1   --> A              
     e( 24 - 24) =     13.88924  eV     1   --> A              
     e( 25 - 25) =     14.63340  eV     1   --> A              
     e( 26 - 26) =     15.15419  eV     1   --> A              
     e( 27 - 27) =     16.07467  eV     1   --> A              
     e( 28 - 28) =     16.29193  eV     1   --> A              
     e( 29 - 29) =     16.97092  eV     1   --> A              
     e( 30 - 30) =     17.12853  eV     1   --> A              
     e( 31 - 31) =     19.59973  eV     1   --> A              
     e( 32 - 32) =     19.99408  eV     1   --> A              
     e( 33 - 33) =     21.25750  eV     1   --> A              
     e( 34 - 34) =     21.67287  eV     1   --> A              
     e( 35 - 35) =     22.59661  eV     1   --> A              
     e( 36 - 36) =     23.07408  eV     1   --> A              

 **************************************************************************

 **************************************************************************

                    xk=(   0.55000,  -0.00000,   0.00000  )

     Band symmetry, C_1 (1)     point group:

     e(  1 -  1) =    -45.31676  eV     1   --> A              
     e(  2 -  2) =    -23.77745  eV     1   --> A              
     e(  3 -  3) =    -23.53016  eV     1   --> A              
     e(  4 -  4) =    -23.38653  eV     1   --> A              
     e(  5 -  5) =    -20.54876  eV     1   --> A              
     e(  6 -  6) =    -12.04703  eV     1   --> A              
     e(  7 -  7) =     -3.03495  eV     1   --> A              
     e(  8 -  8) =     -2.73961  eV     1   --> A              
     e(  9 -  9) =     -2.49221  eV     1   --> A              
     e( 10 - 10) =     -1.90108  eV     1   --> A              
     e( 11 - 11) =     -0.93968  eV     1   --> A              
     e( 12 - 12) =     -0.60113  eV     1   --> A              
     e( 13 - 13) =      4.17127  eV     1   --> A              
     e( 14 - 14) =      6.24694  eV     1   --> A              
     e( 15 - 15) =      6.66397  eV     1   --> A              
     e( 16 - 16) =      7.25489  eV     1   --> A              
     e( 17 - 17) =      7.68644  eV     1   --> A              
     e( 18 - 18) =     10.49435  eV     1   --> A              
     e( 19 - 19) =     10.94684  eV     1   --> A              
     e( 20 - 20) =     11.91027  eV     1   --> A              
     e( 21 - 21) =     12.80950  eV     1   --> A              
     e( 22 - 22) =     13.38471  eV     1   --> A              
     e( 23 - 23) =     13.51197  eV     1   --> A              
     e( 24 - 24) =     13.89793  eV     1   --> A              
     e( 25 - 25) =     14.63977  eV     1   --> A              
     e( 26 - 26) =     15.14680  eV     1   --> A              
     e( 27 - 27) =     16.09221  eV     1   --> A              
     e( 28 - 28) =     16.33802  eV     1   --> A              
     e( 29 - 29) =     17.02053  eV     1   --> A              
     e( 30 - 30) =     17.17569  eV     1   --> A              
     e( 31 - 31) =     19.58380  eV     1   --> A              
     e( 32 - 32) =     19.99753  eV     1   --> A              
     e( 33 - 33) =     21.32494  eV     1   --> A              
     e( 34 - 34) =     21.69717  eV     1   --> A              
     e( 35 - 35) =     22.61642  eV     1   --> A              
     e( 36 - 36) =     23.11300  eV     1   --> A              

 **************************************************************************

 **************************************************************************

                    xk=(   0.54444,  -0.00000,   0.00000  )

     Band symmetry, C_1 (1)     point group:

     e(  1 -  1) =    -45.31713  eV     1   --> A              
     e(  2 -  2) =    -23.77755  eV     1   --> A              
     e(  3 -  3) =    -23.53116  eV     1   --> A              
     e(  4 -  4) =    -23.38193  eV     1   --> A              
     e(  5 -  5) =    -20.54917  eV     1   --> A              
     e(  6 -  6) =    -12.05341  eV     1   --> A              
     e(  7 -  7) =     -3.03185  eV     1   --> A              
     e(  8 -  8) =     -2.73888  eV     1   --> A              
     e(  9 -  9) =     -2.49458  eV     1   --> A              
     e( 10 - 10) =     -1.90374  eV     1   --> A              
     e( 11 - 11) =     -0.91194  eV     1   --> A              
     e( 12 - 12) =     -0.59653  eV     1   --> A              
     e( 13 - 13) =      4.15654  eV     1   --> A              
     e( 14 - 14) =      6.23050  eV     1   --> A              
     e( 15 - 15) =      6.67185  eV     1   --> A              
     e( 16 - 16) =      7.24214  eV     1   --> A              
     e( 17 - 17) =      7.69927  eV     1   --> A              
     e( 18 - 18) =     10.48122  eV     1   --> A              
     e( 19 - 19) =     10.87657  eV     1   --> A              
     e( 20 - 20) =     11.91941  eV     1   --> A              
     e( 21 - 21) =     12.76777  eV     1   --> A              
     e( 22 - 22) =     13.35139  eV     1   --> A              
     e( 23 - 23) =     13.54882  eV     1   --> A              
     e( 24 - 24) =     13.91020  eV     1   --> A              
     e( 25 - 25) =     14.64848  eV     1   --> A              
     e( 26 - 26) =     15.14113  eV     1   --> A              
     e( 27 - 27) =     16.10905  eV     1   --> A              
     e( 28 - 28) =     16.38506  eV     1   --> A              
     e( 29 - 29) =     17.07057  eV     1   --> A              
     e( 30 - 30) =     17.22491  eV     1   --> A              
     e( 31 - 31) =     19.55921  eV     1   --> A              
     e( 32 - 32) =     20.00746  eV     1   --> A              
     e( 33 - 33) =     21.39186  eV     1   --> A              
     e( 34 - 34) =     21.72357  eV     1   --> A              
     e( 35 - 35) =     22.64017  eV     1   --> A              
     e( 36 - 36) =     23.14813  eV     1   --> A              

 **************************************************************************

 **************************************************************************

                    xk=(   0.53889,  -0.00000,   0.00000  )

     Band symmetry, C_1 (1)     point group:

     e(  1 -  1) =    -45.31752  eV     1   --> A              
     e(  2 -  2) =    -23.77752  eV     1   --> A              
     e(  3 -  3) =    -23.53219  eV     1   --> A              
     e(  4 -  4) =    -23.37724  eV     1   --> A              
     e(  5 -  5) =    -20.54960  eV     1   --> A              
     e(  6 -  6) =    -12.06011  eV     1   --> A              
     e(  7 -  7) =     -3.02877  eV     1   --> A              
     e(  8 -  8) =     -2.73768  eV     1   --> A              
     e(  9 -  9) =     -2.49703  eV     1   --> A              
     e( 10 - 10) =     -1.90549  eV     1   --> A              
     e( 11 - 11) =     -0.88524  eV     1   --> A              
     e( 12 - 12) =     -0.59075  eV     1   --> A              
     e( 13 - 13) =      4.14170  eV     1   --> A              
     e( 14 - 14) =      6.21381  eV     1   --> A              
     e( 15 - 15) =      6.67966  eV     1   --> A              
     e( 16 - 16) =      7.22844  eV     1   --> A              
     e( 17 - 17) =      7.71221  eV     1   --> A              
     e( 18 - 18) =     10.46129  eV     1   --> A              
     e( 19 - 19) =     10.81168  eV     1   --> A              
     e( 20 - 20) =     11.92866  eV     1   --> A              
     e( 21 - 21) =     12.72545  eV     1   --> A              
     e( 22 - 22) =     13.31798  eV     1   --> A              
     e( 23 - 23) =     13.58201  eV     1   --> A              
     e( 24 - 24) =     13.92727  eV     1   --> A              
     e( 25 - 25) =     14.65852  eV     1   --> A              
     e( 26 - 26) =     15.13775  eV     1   --> A              
     e( 27 - 27) =     16.12572  eV     1   --> A              
     e( 28 - 28) =     16.43257  eV     1   --> A              
     e( 29 - 29) =     17.12108  eV     1   --> A              
     e( 30 - 30) =     17.27605  eV     1   --> A              
     e( 31 - 31) =     19.52787  eV     1   --> A              
     e( 32 - 32) =     20.02221  eV     1   --> A              
     e( 33 - 33) =     21.45689  eV     1   --> A              
     e( 34 - 34) =     21.75194  eV     1   --> A              
     e( 35 - 35) =     22.66797  eV     1   --> A              
     e( 36 - 36) =     23.17786  eV     1   --> A              

 **************************************************************************

 **************************************************************************

                    xk=(   0.53333,  -0.00000,   0.00000  )

     Band symmetry, C_1 (1)     point group:

     e(  1 -  1) =    -45.31793  eV     1   --> A              
     e(  2 -  2) =    -23.77735  eV     1   --> A              
     e(  3 -  3) =    -23.53325  eV     1   --> A              
     e(  4 -  4) =    -23.37249  eV     1   --> A              
     e(  5 -  5) =    -20.55003  eV     1   --> A              
     e(  6 -  6) =    -12.06712  eV     1   --> A              
     e(  7 -  7) =     -3.02574  eV     1   --> A              
     e(  8 -  8) =     -2.73598  eV     1   --> A              
     e(  9 -  9) =     -2.49954  eV     1   --> A              
     e( 10 - 10) =     -1.90630  eV     1   --> A              
     e( 11 - 11) =     -0.85990  eV     1   --> A              
     e( 12 - 12) =     -0.58345  eV     1   --> A              
     e( 13 - 13) =      4.12679  eV     1   --> A              
     e( 14 - 14) =      6.19691  eV     1   --> A              
     e( 15 - 15) =      6.68733  eV     1   --> A              
     e( 16 - 16) =      7.21399  eV     1   --> A              
     e( 17 - 17) =      7.72503  eV     1   --> A              
     e( 18 - 18) =     10.43250  eV     1   --> A              
     e( 19 - 19) =     10.75415  eV     1   --> A              
     e( 20 - 20) =     11.93774  eV     1   --> A              
     e( 21 - 21) =     12.68328  eV     1   --> A              
     e( 22 - 22) =     13.28451  eV     1   --> A              
     e( 23 - 23) =     13.61064  eV     1   --> A              
     e( 24 - 24) =     13.95025  eV     1   --> A              
     e( 25 - 25) =     14.66869  eV     1   --> A              
     e( 26 - 26) =     15.13740  eV     1   --> A              
     e( 27 - 27) =     16.14259  eV     1   --> A              
     e( 28 - 28) =     16.48022  eV     1   --> A              
     e( 29 - 29) =     17.17216  eV     1   --> A              
     e( 30 - 30) =     17.32896  eV     1   --> A              
     e( 31 - 31) =     19.49165  eV     1   --> A              
     e( 32 - 32) =     20.04024  eV     1   --> A              
     e( 33 - 33) =     21.51862  eV     1   --> A              
     e( 34 - 34) =     21.78223  eV     1   --> A              
     e( 35 - 35) =     22.69941  eV     1   --> A              
     e( 36 - 36) =     23.20059  eV     1   --> A              

 **************************************************************************

 **************************************************************************

                    xk=(   0.52778,  -0.00000,   0.00000  )

     Band symmetry, C_1 (1)     point group:

     e(  1 -  1) =    -45.31836  eV     1   --> A              
     e(  2 -  2) =    -23.77706  eV     1   --> A              
     e(  3 -  3) =    -23.53435  eV     1   --> A              
     e(  4 -  4) =    -23.36768  eV     1   --> A              
     e(  5 -  5) =    -20.55048  eV     1   --> A              
     e(  6 -  6) =    -12.07444  eV     1   --> A              
     e(  7 -  7) =     -3.02279  eV     1   --> A              
     e(  8 -  8) =     -2.73381  eV     1   --> A              
     e(  9 -  9) =     -2.50213  eV     1   --> A              
     e( 10 - 10) =     -1.90618  eV     1   --> A              
     e( 11 - 11) =     -0.83632  eV     1   --> A              
     e( 12 - 12) =     -0.57430  eV     1   --> A              
     e( 13 - 13) =      4.11185  eV     1   --> A              
     e( 14 - 14) =      6.17982  eV     1   --> A              
     e( 15 - 15) =      6.69480  eV     1   --> A              
     e( 16 - 16) =      7.19897  eV     1   --> A              
     e( 17 - 17) =      7.73751  eV     1   --> A              
     e( 18 - 18) =     10.39319  eV     1   --> A              
     e( 19 - 19) =     10.70559  eV     1   --> A              
     e( 20 - 20) =     11.94629  eV     1   --> A              
     e( 21 - 21) =     12.64198  eV     1   --> A              
     e( 22 - 22) =     13.25103  eV     1   --> A              
     e( 23 - 23) =     13.63440  eV     1   --> A              
     e( 24 - 24) =     13.97977  eV     1   --> A              
     e( 25 - 25) =     14.67767  eV     1   --> A              
     e( 26 - 26) =     15.14092  eV     1   --> A              
     e( 27 - 27) =     16.15994  eV     1   --> A              
     e( 28 - 28) =     16.52776  eV     1   --> A              
     e( 29 - 29) =     17.22392  eV     1   --> A              
     e( 30 - 30) =     17.38343  eV     1   --> A              
     e( 31 - 31) =     19.45204  eV     1   --> A              
     e( 32 - 32) =     20.06032  eV     1   --> A              
     e( 33 - 33) =     21.57569  eV     1   --> A              
     e( 34 - 34) =     21.81438  eV     1   --> A              
     e( 35 - 35) =     22.73316  eV     1   --> A              
     e( 36 - 36) =     23.21583  eV     1   --> A              

 **************************************************************************

 **************************************************************************

                    xk=(   0.52222,  -0.00000,   0.00000  )

     Band symmetry, C_1 (1)     point group:

     e(  1 -  1) =    -45.31880  eV     1   --> A              
     e(  2 -  2) =    -23.77662  eV     1   --> A              
     e(  3 -  3) =    -23.53547  eV     1   --> A              
     e(  4 -  4) =    -23.36282  eV     1   --> A              
     e(  5 -  5) =    -20.55095  eV     1   --> A              
     e(  6 -  6) =    -12.08207  eV     1   --> A              
     e(  7 -  7) =     -3.01990  eV     1   --> A              
     e(  8 -  8) =     -2.73114  eV     1   --> A              
     e(  9 -  9) =     -2.50481  eV     1   --> A              
     e( 10 - 10) =     -1.90511  eV     1   --> A              
     e( 11 - 11) =     -0.81488  eV     1   --> A              
     e( 12 - 12) =     -0.56292  eV     1   --> A              
     e( 13 - 13) =      4.09692  eV     1   --> A              
     e( 14 - 14) =      6.16257  eV     1   --> A              
     e( 15 - 15) =      6.70202  eV     1   --> A              
     e( 16 - 16) =      7.18354  eV     1   --> A              
     e( 17 - 17) =      7.74946  eV     1   --> A              
     e( 18 - 18) =     10.34312  eV     1   --> A              
     e( 19 - 19) =     10.66618  eV     1   --> A              
     e( 20 - 20) =     11.95384  eV     1   --> A              
     e( 21 - 21) =     12.60225  eV     1   --> A              
     e( 22 - 22) =     13.21761  eV     1   --> A              
     e( 23 - 23) =     13.65368  eV     1   --> A              
     e( 24 - 24) =     14.01581  eV     1   --> A              
     e( 25 - 25) =     14.68417  eV     1   --> A              
     e( 26 - 26) =     15.14916  eV     1   --> A              
     e( 27 - 27) =     16.17796  eV     1   --> A              
     e( 28 - 28) =     16.57500  eV     1   --> A              
     e( 29 - 29) =     17.27645  eV     1   --> A              
     e( 30 - 30) =     17.43926  eV     1   --> A              
     e( 31 - 31) =     19.41022  eV     1   --> A              
     e( 32 - 32) =     20.08157  eV     1   --> A              
     e( 33 - 33) =     21.62701  eV     1   --> A              
     e( 34 - 34) =     21.84829  eV     1   --> A              
     e( 35 - 35) =     22.76632  eV     1   --> A              
     e( 36 - 36) =     23.22590  eV     1   --> A              

 **************************************************************************

 **************************************************************************

                    xk=(   0.51667,  -0.00000,   0.00000  )

     Band symmetry, C_1 (1)     point group:

     e(  1 -  1) =    -45.31927  eV     1   --> A              
     e(  2 -  2) =    -23.77605  eV     1   --> A              
     e(  3 -  3) =    -23.53660  eV     1   --> A              
     e(  4 -  4) =    -23.35790  eV     1   --> A              
     e(  5 -  5) =    -20.55142  eV     1   --> A              
     e(  6 -  6) =    -12.09000  eV     1   --> A              
     e(  7 -  7) =     -3.01707  eV     1   --> A              
     e(  8 -  8) =     -2.72797  eV     1   --> A              
     e(  9 -  9) =     -2.50755  eV     1   --> A              
     e( 10 - 10) =     -1.90306  eV     1   --> A              
     e( 11 - 11) =     -0.79591  eV     1   --> A              
     e( 12 - 12) =     -0.54900  eV     1   --> A              
     e( 13 - 13) =      4.08205  eV     1   --> A              
     e( 14 - 14) =      6.14519  eV     1   --> A              
     e( 15 - 15) =      6.70892  eV     1   --> A              
     e( 16 - 16) =      7.16789  eV     1   --> A              
     e( 17 - 17) =      7.76075  eV     1   --> A              
     e( 18 - 18) =     10.28380  eV     1   --> A              
     e( 19 - 19) =     10.63443  eV     1   --> A              
     e( 20 - 20) =     11.95978  eV     1   --> A              
     e( 21 - 21) =     12.56481  eV     1   --> A              
     e( 22 - 22) =     13.18433  eV     1   --> A              
     e( 23 - 23) =     13.66947  eV     1   --> A              
     e( 24 - 24) =     14.05773  eV     1   --> A              
     e( 25 - 25) =     14.68708  eV     1   --> A              
     e( 26 - 26) =     15.16280  eV     1   --> A              
     e( 27 - 27) =     16.19681  eV     1   --> A              
     e( 28 - 28) =     16.62178  eV     1   --> A              
     e( 29 - 29) =     17.32983  eV     1   --> A              
     e( 30 - 30) =     17.49624  eV     1   --> A              
     e( 31 - 31) =     19.36709  eV     1   --> A              
     e( 32 - 32) =     20.10336  eV     1   --> A              
     e( 33 - 33) =     21.67195  eV     1   --> A              
     e( 34 - 34) =     21.88365  eV     1   --> A              
     e( 35 - 35) =     22.79380  eV     1   --> A              
     e( 36 - 36) =     23.23684  eV     1   --> A              

 **************************************************************************

 **************************************************************************

                    xk=(   0.51111,  -0.00000,   0.00000  )

     Band symmetry, C_1 (1)     point group:

     e(  1 -  1) =    -45.31975  eV     1   --> A              
     e(  2 -  2) =    -23.77533  eV     1   --> A              
     e(  3 -  3) =    -23.53775  eV     1   --> A              
     e(  4 -  4) =    -23.35296  eV     1   --> A              
     e(  5 -  5) =    -20.55191  eV     1   --> A              
     e(  6 -  6) =    -12.09824  eV     1   --> A              
     e(  7 -  7) =     -3.01431  eV     1   --> A              
     e(  8 -  8) =     -2.72434  eV     1   --> A              
     e(  9 -  9) =     -2.51038  eV     1   --> A              
     e( 10 - 10) =     -1.90003  eV     1   --> A              
     e( 11 - 11) =     -0.77965  eV     1   --> A              
     e( 12 - 12) =     -0.53232  eV     1   --> A              
     e( 13 - 13) =      4.06726  eV     1   --> A              
     e( 14 - 14) =      6.12771  eV     1   --> A              
     e( 15 - 15) =      6.71540  eV     1   --> A              
     e( 16 - 16) =      7.15216  eV     1   --> A              
     e( 17 - 17) =      7.77123  eV     1   --> A              
     e( 18 - 18) =     10.21756  eV     1   --> A              
     e( 19 - 19) =     10.60801  eV     1   --> A              
     e( 20 - 20) =     11.96337  eV     1   --> A              
     e( 21 - 21) =     12.53044  eV     1   --> A              
     e( 22 - 22) =     13.15130  eV     1   --> A              
     e( 23 - 23) =     13.68301  eV     1   --> A              
     e( 24 - 24) =     14.10464  eV     1   --> A              
     e( 25 - 25) =     14.68569  eV     1   --> A              
     e( 26 - 26) =     15.18219  eV     1   --> A              
     e( 27 - 27) =     16.21664  eV     1   --> A              
     e( 28 - 28) =     16.66796  eV     1   --> A              
     e( 29 - 29) =     17.38411  eV     1   --> A              
     e( 30 - 30) =     17.55419  eV     1   --> A              
     e( 31 - 31) =     19.32334  eV     1   --> A              
     e( 32 - 32) =     20.12526  eV     1   --> A              
     e( 33 - 33) =     21.71041  eV     1   --> A              
     e( 34 - 34) =     21.91995  eV     1   --> A              
     e( 35 - 35) =     22.80871  eV     1   --> A              
     e( 36 - 36) =     23.25716  eV     1   --> A              

 **************************************************************************

 **************************************************************************

                    xk=(   0.50556,  -0.00000,   0.00000  )

     Band symmetry, C_1 (1)     point group:

     e(  1 -  1) =    -45.32026  eV     1   --> A              
     e(  2 -  2) =    -23.77448  eV     1   --> A              
     e(  3 -  3) =    -23.53891  eV     1   --> A              
     e(  4 -  4) =    -23.34798  eV     1   --> A              
     e(  5 -  5) =    -20.55241  eV     1   --> A              
     e(  6 -  6) =    -12.10677  eV     1   --> A              
     e(  7 -  7) =     -3.01162  eV     1   --> A              
     e(  8 -  8) =     -2.72027  eV     1   --> A              
     e(  9 -  9) =     -2.51330  eV     1   --> A              
     e( 10 - 10) =     -1.89598  eV     1   --> A              
     e( 11 - 11) =     -0.76613  eV     1   --> A              
     e( 12 - 12) =     -0.51288  eV     1   --> A              
     e( 13 - 13) =      4.05259  eV     1   --> A              
     e( 14 - 14) =      6.11015  eV     1   --> A              
     e( 15 - 15) =      6.72137  eV     1   --> A              
     e( 16 - 16) =      7.13650  eV     1   --> A              
     e( 17 - 17) =      7.78076  eV     1   --> A              
     e( 18 - 18) =     10.14655  eV     1   --> A              
     e( 19 - 19) =     10.58480  eV     1   --> A              
     e( 20 - 20) =     11.96381  eV     1   --> A              
     e( 21 - 21) =     12.49995  eV     1   --> A              
     e( 22 - 22) =     13.11863  eV     1   --> A              
     e( 23 - 23) =     13.69552  eV     1   --> A              
     e( 24 - 24) =     14.15563  eV     1   --> A              
     e( 25 - 25) =     14.67971  eV     1   --> A              
     e( 26 - 26) =     15.20730  eV     1   --> A              
     e( 27 - 27) =     16.23753  eV     1   --> A              
     e( 28 - 28) =     16.71340  eV     1   --> A              
     e( 29 - 29) =     17.43931  eV     1   --> A              
     e( 30 - 30) =     17.61293  eV     1   --> A              
     e( 31 - 31) =     19.27955  eV     1   --> A              
     e( 32 - 32) =     20.14694  eV     1   --> A              
     e( 33 - 33) =     21.74276  eV     1   --> A              
     e( 34 - 34) =     21.95650  eV     1   --> A              
     e( 35 - 35) =     22.80518  eV     1   --> A              
     e( 36 - 36) =     23.29395  eV     1   --> A              

 **************************************************************************

 **************************************************************************

                    xk=(   0.50000,  -0.00000,   0.00000  )

     Band symmetry, C_1 (1)     point group:

     e(  1 -  1) =    -45.32078  eV     1   --> A              
     e(  2 -  2) =    -23.77348  eV     1   --> A              
     e(  3 -  3) =    -23.54005  eV     1   --> A              
     e(  4 -  4) =    -23.34299  eV     1   --> A              
     e(  5 -  5) =    -20.55293  eV     1   --> A              
     e(  6 -  6) =    -12.11559  eV     1   --> A              
     e(  7 -  7) =     -3.00896  eV     1   --> A              
     e(  8 -  8) =     -2.71577  eV     1   --> A              
     e(  9 -  9) =     -2.51628  eV     1   --> A              
     e( 10 - 10) =     -1.89090  eV     1   --> A              
     e( 11 - 11) =     -0.75523  eV     1   --> A              
     e( 12 - 12) =     -0.49080  eV     1   --> A              
     e( 13 - 13) =      4.03808  eV     1   --> A              
     e( 14 - 14) =      6.09254  eV     1   --> A              
     e( 15 - 15) =      6.72673  eV     1   --> A              
     e( 16 - 16) =      7.12109  eV     1   --> A              
     e( 17 - 17) =      7.78926  eV     1   --> A              
     e( 18 - 18) =     10.07240  eV     1   --> A              
     e( 19 - 19) =     10.56328  eV     1   --> A              
     e( 20 - 20) =     11.96026  eV     1   --> A              
     e( 21 - 21) =     12.47408  eV     1   --> A              
     e( 22 - 22) =     13.08645  eV     1   --> A              
     e( 23 - 23) =     13.70806  eV     1   --> A              
     e( 24 - 24) =     14.20992  eV     1   --> A              
     e( 25 - 25) =     14.66924  eV     1   --> A              
     e( 26 - 26) =     15.23776  eV     1   --> A              
     e( 27 - 27) =     16.25958  eV     1   --> A              
     e( 28 - 28) =     16.75795  eV     1   --> A              
     e( 29 - 29) =     17.49546  eV     1   --> A              
     e( 30 - 30) =     17.67230  eV     1   --> A              
     e( 31 - 31) =     19.23622  eV     1   --> A              
     e( 32 - 32) =     20.16814  eV     1   --> A              
     e( 33 - 33) =     21.76958  eV     1   --> A              
     e( 34 - 34) =     21.99264  eV     1   --> A              
     e( 35 - 35) =     22.78191  eV     1   --> A              
     e( 36 - 36) =     23.34894  eV     1   --> A              

 **************************************************************************

 **************************************************************************

                    xk=(   0.49444,  -0.00000,   0.00000  )

     Band symmetry, C_1 (1)     point group:

     e(  1 -  1) =    -45.32131  eV     1   --> A              
     e(  2 -  2) =    -23.77235  eV     1   --> A              
     e(  3 -  3) =    -23.54118  eV     1   --> A              
     e(  4 -  4) =    -23.33796  eV     1   --> A              
     e(  5 -  5) =    -20.55345  eV     1   --> A              
     e(  6 -  6) =    -12.12468  eV     1   --> A              
     e(  7 -  7) =     -3.00631  eV     1   --> A              
     e(  8 -  8) =     -2.71086  eV     1   --> A              
     e(  9 -  9) =     -2.51933  eV     1   --> A              
     e( 10 - 10) =     -1.88476  eV     1   --> A              
     e( 11 - 11) =     -0.74668  eV     1   --> A              
     e( 12 - 12) =     -0.46639  eV     1   --> A              
     e( 13 - 13) =      4.02376  eV     1   --> A              
     e( 14 - 14) =      6.07492  eV     1   --> A              
     e( 15 - 15) =      6.73136  eV     1   --> A              
     e( 16 - 16) =      7.10610  eV     1   --> A              
     e( 17 - 17) =      7.79663  eV     1   --> A              
     e( 18 - 18) =      9.99620  eV     1   --> A              
     e( 19 - 19) =     10.54242  eV     1   --> A              
     e( 20 - 20) =     11.95201  eV     1   --> A              
     e( 21 - 21) =     12.45345  eV     1   --> A              
     e( 22 - 22) =     13.05487  eV     1   --> A              
     e( 23 - 23) =     13.72149  eV     1   --> A              
     e( 24 - 24) =     14.26691  eV     1   --> A              
     e( 25 - 25) =     14.65464  eV     1   --> A              
     e( 26 - 26) =     15.27299  eV     1   --> A              
     e( 27 - 27) =     16.28286  eV     1   --> A              
     e( 28 - 28) =     16.80148  eV     1   --> A              
     e( 29 - 29) =     17.55253  eV     1   --> A              
     e( 30 - 30) =     17.73214  eV     1   --> A              
     e( 31 - 31) =     19.19377  eV     1   --> A              
     e( 32 - 32) =     20.18866  eV     1   --> A              
     e( 33 - 33) =     21.79143  eV     1   --> A              
     e( 34 - 34) =     22.02781  eV     1   --> A              
     e( 35 - 35) =     22.74191  eV     1   --> A              
     e( 36 - 36) =     23.41861  eV     1   --> A              

 **************************************************************************

 **************************************************************************

                    xk=(   0.48889,  -0.00000,   0.00000  )

     Band symmetry, C_1 (1)     point group:

     e(  1 -  1) =    -45.32187  eV     1   --> A              
     e(  2 -  2) =    -23.77108  eV     1   --> A              
     e(  3 -  3) =    -23.54229  eV     1   --> A              
     e(  4 -  4) =    -23.33293  eV     1   --> A              
     e(  5 -  5) =    -20.55398  eV     1   --> A              
     e(  6 -  6) =    -12.13407  eV     1   --> A              
     e(  7 -  7) =     -3.00369  eV     1   --> A              
     e(  8 -  8) =     -2.70562  eV     1   --> A              
     e(  9 -  9) =     -2.52249  eV     1   --> A              
     e( 10 - 10) =     -1.87755  eV     1   --> A              
     e( 11 - 11) =     -0.74014  eV     1   --> A              
     e( 12 - 12) =     -0.43999  eV     1   --> A              
     e( 13 - 13) =      4.00966  eV     1   --> A              
     e( 14 - 14) =      6.05728  eV     1   --> A              
     e( 15 - 15) =      6.73513  eV     1   --> A              
     e( 16 - 16) =      7.09165  eV     1   --> A              
     e( 17 - 17) =      7.80280  eV     1   --> A              
     e( 18 - 18) =      9.91869  eV     1   --> A              
     e( 19 - 19) =     10.52159  eV     1   --> A              
     e( 20 - 20) =     11.93860  eV     1   --> A              
     e( 21 - 21) =     12.43835  eV     1   --> A              
     e( 22 - 22) =     13.02401  eV     1   --> A              
     e( 23 - 23) =     13.73644  eV     1   --> A              
     e( 24 - 24) =     14.32613  eV     1   --> A              
     e( 25 - 25) =     14.63639  eV     1   --> A              
     e( 26 - 26) =     15.31230  eV     1   --> A              
     e( 27 - 27) =     16.30740  eV     1   --> A              
     e( 28 - 28) =     16.84381  eV     1   --> A              
     e( 29 - 29) =     17.61050  eV     1   --> A              
     e( 30 - 30) =     17.79230  eV     1   --> A              
     e( 31 - 31) =     19.15260  eV     1   --> A              
     e( 32 - 32) =     20.20829  eV     1   --> A              
     e( 33 - 33) =     21.80870  eV     1   --> A              
     e( 34 - 34) =     22.06163  eV     1   --> A              
     e( 35 - 35) =     22.68958  eV     1   --> A              
     e( 36 - 36) =     23.49709  eV     1   --> A              

 **************************************************************************

 **************************************************************************

                    xk=(   0.48333,  -0.00000,   0.00000  )

     Band symmetry, C_1 (1)     point group:

     e(  1 -  1) =    -45.32245  eV     1   --> A              
     e(  2 -  2) =    -23.76969  eV     1   --> A              
     e(  3 -  3) =    -23.54338  eV     1   --> A              
     e(  4 -  4) =    -23.32789  eV     1   --> A              
     e(  5 -  5) =    -20.55454  eV     1   --> A              
     e(  6 -  6) =    -12.14372  eV     1   --> A              
     e(  7 -  7) =     -3.00109  eV     1   --> A              
     e(  8 -  8) =     -2.70008  eV     1   --> A              
     e(  9 -  9) =     -2.52573  eV     1   --> A              
     e( 10 - 10) =     -1.86924  eV     1   --> A              
     e( 11 - 11) =     -0.73527  eV     1   --> A              
     e( 12 - 12) =     -0.41195  eV     1   --> A              
     e( 13 - 13) =      3.99580  eV     1   --> A              
     e( 14 - 14) =      6.03964  eV     1   --> A              
     e( 15 - 15) =      6.73789  eV     1   --> A              
     e( 16 - 16) =      7.07794  eV     1   --> A              
     e( 17 - 17) =      7.80767  eV     1   --> A              
     e( 18 - 18) =      9.84036  eV     1   --> A              
     e( 19 - 19) =     10.50041  eV     1   --> A              
     e( 20 - 20) =     11.91995  eV     1   --> A              
     e( 21 - 21) =     12.42871  eV     1   --> A              
     e( 22 - 22) =     12.99399  eV     1   --> A              
     e( 23 - 23) =     13.75344  eV     1   --> A              
     e( 24 - 24) =     14.38725  eV     1   --> A              
     e( 25 - 25) =     14.61500  eV     1   --> A              
     e( 26 - 26) =     15.35502  eV     1   --> A              
     e( 27 - 27) =     16.33326  eV     1   --> A              
     e( 28 - 28) =     16.88476  eV     1   --> A              
     e( 29 - 29) =     17.66934  eV     1   --> A              
     e( 30 - 30) =     17.85266  eV     1   --> A              
     e( 31 - 31) =     19.11311  eV     1   --> A              
     e( 32 - 32) =     20.22687  eV     1   --> A              
     e( 33 - 33) =     21.82157  eV     1   --> A              
     e( 34 - 34) =     22.09380  eV     1   --> A              
     e( 35 - 35) =     22.62894  eV     1   --> A              
     e( 36 - 36) =     23.57770  eV     1   --> A              

 **************************************************************************

 **************************************************************************

                    xk=(   0.47778,  -0.00000,   0.00000  )

     Band symmetry, C_1 (1)     point group:

     e(  1 -  1) =    -45.32304  eV     1   --> A              
     e(  2 -  2) =    -23.76819  eV     1   --> A              
     e(  3 -  3) =    -23.54442  eV     1   --> A              
     e(  4 -  4) =    -23.32286  eV     1   --> A              
     e(  5 -  5) =    -20.55510  eV     1   --> A              
     e(  6 -  6) =    -12.15364  eV     1   --> A              
     e(  7 -  7) =     -2.99848  eV     1   --> A              
     e(  8 -  8) =     -2.69429  eV     1   --> A              
     e(  9 -  9) =     -2.52906  eV     1   --> A              
     e( 10 - 10) =     -1.85981  eV     1   --> A              
     e( 11 - 11) =     -0.73178  eV     1   --> A              
     e( 12 - 12) =     -0.38259  eV     1   --> A              
     e( 13 - 13) =      3.98222  eV     1   --> A              
     e( 14 - 14) =      6.02205  eV     1   --> A              
     e( 15 - 15) =      6.73950  eV     1   --> A              
     e( 16 - 16) =      7.06512  eV     1   --> A              
     e( 17 - 17) =      7.81120  eV     1   --> A              
     e( 18 - 18) =      9.76157  eV     1   --> A              
     e( 19 - 19) =     10.47866  eV     1   --> A              
     e( 20 - 20) =     11.89637  eV     1   --> A              
     e( 21 - 21) =     12.42403  eV     1   --> A              
     e( 22 - 22) =     12.96493  eV     1   --> A              
     e( 23 - 23) =     13.77284  eV     1   --> A              
     e( 24 - 24) =     14.44999  eV     1   --> A              
     e( 25 - 25) =     14.59097  eV     1   --> A              
     e( 26 - 26) =     15.40055  eV     1   --> A              
     e( 27 - 27) =     16.36044  eV     1   --> A              
     e( 28 - 28) =     16.92415  eV     1   --> A              
     e( 29 - 29) =     17.72899  eV     1   --> A              
     e( 30 - 30) =     17.91307  eV     1   --> A              
     e( 31 - 31) =     19.07564  eV     1   --> A              
     e( 32 - 32) =     20.24421  eV     1   --> A              
     e( 33 - 33) =     21.82989  eV     1   --> A              
     e( 34 - 34) =     22.12402  eV     1   --> A              
     e( 35 - 35) =     22.56351  eV     1   --> A              
     e( 36 - 36) =     23.65342  eV     1   --> A              

 **************************************************************************

 **************************************************************************

                    xk=(   0.47222,  -0.00000,   0.00000  )

     Band symmetry, C_1 (1)     point group:

     e(  1 -  1) =    -45.32365  eV     1   --> A              
     e(  2 -  2) =    -23.76659  eV     1   --> A              
     e(  3 -  3) =    -23.54541  eV     1   --> A              
     e(  4 -  4) =    -23.31782  eV     1   --> A              
     e(  5 -  5) =    -20.55568  eV     1   --> A              
     e(  6 -  6) =    -12.16382  eV     1   --> A              
     e(  7 -  7) =     -2.99585  eV     1   --> A              
     e(  8 -  8) =     -2.68830  eV     1   --> A              
     e(  9 -  9) =     -2.53247  eV     1   --> A              
     e( 10 - 10) =     -1.84923  eV     1   --> A              
     e( 11 - 11) =     -0.72940  eV     1   --> A              
     e( 12 - 12) =     -0.35219  eV     1   --> A              
     e( 13 - 13) =      3.96894  eV     1   --> A              
     e( 14 - 14) =      6.00450  eV     1   --> A              
     e( 15 - 15) =      6.73981  eV     1   --> A              
     e( 16 - 16) =      7.05333  eV     1   --> A              
     e( 17 - 17) =      7.81334  eV     1   --> A              
     e( 18 - 18) =      9.68257  eV     1   --> A              
     e( 19 - 19) =     10.45622  eV     1   --> A              
     e( 20 - 20) =     11.86844  eV     1   --> A              
     e( 21 - 21) =     12.42358  eV     1   --> A              
     e( 22 - 22) =     12.93694  eV     1   --> A              
     e( 23 - 23) =     13.79489  eV     1   --> A              
     e( 24 - 24) =     14.51400  eV     1   --> A              
     e( 25 - 25) =     14.56489  eV     1   --> A              
     e( 26 - 26) =     15.44835  eV     1   --> A              
     e( 27 - 27) =     16.38895  eV     1   --> A              
     e( 28 - 28) =     16.96177  eV     1   --> A              
     e( 29 - 29) =     17.78941  eV     1   --> A              
     e( 30 - 30) =     17.97340  eV     1   --> A              
     e( 31 - 31) =     19.04055  eV     1   --> A              
     e( 32 - 32) =     20.26016  eV     1   --> A              
     e( 33 - 33) =     21.83315  eV     1   --> A              
     e( 34 - 34) =     22.15176  eV     1   --> A              
     e( 35 - 35) =     22.49673  eV     1   --> A              
     e( 36 - 36) =     23.71846  eV     1   --> A              

 **************************************************************************

 **************************************************************************

                    xk=(   0.46667,  -0.00000,   0.00000  )

     Band symmetry, C_1 (1)     point group:

     e(  1 -  1) =    -45.32428  eV     1   --> A              
     e(  2 -  2) =    -23.76488  eV     1   --> A              
     e(  3 -  3) =    -23.54632  eV     1   --> A              
     e(  4 -  4) =    -23.31280  eV     1   --> A              
     e(  5 -  5) =    -20.55628  eV     1   --> A              
     e(  6 -  6) =    -12.17425  eV     1   --> A              
     e(  7 -  7) =     -2.99317  eV     1   --> A              
     e(  8 -  8) =     -2.68215  eV     1   --> A              
     e(  9 -  9) =     -2.53596  eV     1   --> A              
     e( 10 - 10) =     -1.83749  eV     1   --> A              
     e( 11 - 11) =     -0.72793  eV     1   --> A              
     e( 12 - 12) =     -0.32097  eV     1   --> A              
     e( 13 - 13) =      3.95598  eV     1   --> A              
     e( 14 - 14) =      5.98703  eV     1   --> A              
     e( 15 - 15) =      6.73872  eV     1   --> A              
     e( 16 - 16) =      7.04273  eV     1   --> A              
     e( 17 - 17) =      7.81406  eV     1   --> A              
     e( 18 - 18) =      9.60357  eV     1   --> A              
     e( 19 - 19) =     10.43305  eV     1   --> A              
     e( 20 - 20) =     11.83687  eV     1   --> A              
     e( 21 - 21) =     12.42647  eV     1   --> A              
     e( 22 - 22) =     12.91013  eV     1   --> A              
     e( 23 - 23) =     13.81977  eV     1   --> A              
     e( 24 - 24) =     14.53585  eV     1   --> A              
     e( 25 - 25) =     14.58042  eV     1   --> A              
     e( 26 - 26) =     15.49798  eV     1   --> A              
     e( 27 - 27) =     16.41878  eV     1   --> A              
     e( 28 - 28) =     16.99743  eV     1   --> A              
     e( 29 - 29) =     17.85055  eV     1   --> A              
     e( 30 - 30) =     18.03354  eV     1   --> A              
     e( 31 - 31) =     19.00819  eV     1   --> A              
     e( 32 - 32) =     20.27454  eV     1   --> A              
     e( 33 - 33) =     21.83037  eV     1   --> A              
     e( 34 - 34) =     22.17595  eV     1   --> A              
     e( 35 - 35) =     22.43264  eV     1   --> A              
     e( 36 - 36) =     23.77044  eV     1   --> A              

 **************************************************************************

 **************************************************************************

                    xk=(   0.46111,  -0.00000,   0.00000  )

     Band symmetry, C_1 (1)     point group:

     e(  1 -  1) =    -45.32492  eV     1   --> A              
     e(  2 -  2) =    -23.76309  eV     1   --> A              
     e(  3 -  3) =    -23.54715  eV     1   --> A              
     e(  4 -  4) =    -23.30778  eV     1   --> A              
     e(  5 -  5) =    -20.55689  eV     1   --> A              
     e(  6 -  6) =    -12.18492  eV     1   --> A              
     e(  7 -  7) =     -2.99043  eV     1   --> A              
     e(  8 -  8) =     -2.67591  eV     1   --> A              
     e(  9 -  9) =     -2.53950  eV     1   --> A              
     e( 10 - 10) =     -1.82456  eV     1   --> A              
     e( 11 - 11) =     -0.72720  eV     1   --> A              
     e( 12 - 12) =     -0.28911  eV     1   --> A              
     e( 13 - 13) =      3.94339  eV     1   --> A              
     e( 14 - 14) =      5.96966  eV     1   --> A              
     e( 15 - 15) =      6.73613  eV     1   --> A              
     e( 16 - 16) =      7.03342  eV     1   --> A              
     e( 17 - 17) =      7.81332  eV     1   --> A              
     e( 18 - 18) =      9.52472  eV     1   --> A              
     e( 19 - 19) =     10.40913  eV     1   --> A              
     e( 20 - 20) =     11.80236  eV     1   --> A              
     e( 21 - 21) =     12.43186  eV     1   --> A              
     e( 22 - 22) =     12.88462  eV     1   --> A              
     e( 23 - 23) =     13.84752  eV     1   --> A              
     e( 24 - 24) =     14.50641  eV     1   --> A              
     e( 25 - 25) =     14.64692  eV     1   --> A              
     e( 26 - 26) =     15.54904  eV     1   --> A              
     e( 27 - 27) =     16.44987  eV     1   --> A              
     e( 28 - 28) =     17.03091  eV     1   --> A              
     e( 29 - 29) =     17.91234  eV     1   --> A              
     e( 30 - 30) =     18.09335  eV     1   --> A              
     e( 31 - 31) =     18.97886  eV     1   --> A              
     e( 32 - 32) =     20.28720  eV     1   --> A              
     e( 33 - 33) =     21.82007  eV     1   --> A              
     e( 34 - 34) =     22.19390  eV     1   --> A              
     e( 35 - 35) =     22.37709  eV     1   --> A              
     e( 36 - 36) =     23.80967  eV     1   --> A              

 **************************************************************************

 **************************************************************************

                    xk=(   0.45556,  -0.00000,   0.00000  )

     Band symmetry, C_1 (1)     point group:

     e(  1 -  1) =    -45.32559  eV     1   --> A              
     e(  2 -  2) =    -23.76124  eV     1   --> A              
     e(  3 -  3) =    -23.54789  eV     1   --> A              
     e(  4 -  4) =    -23.30279  eV     1   --> A              
     e(  5 -  5) =    -20.55752  eV     1   --> A              
     e(  6 -  6) =    -12.19583  eV     1   --> A              
     e(  7 -  7) =     -2.98764  eV     1   --> A              
     e(  8 -  8) =     -2.66964  eV     1   --> A              
     e(  9 -  9) =     -2.54311  eV     1   --> A              
     e( 10 - 10) =     -1.81044  eV     1   --> A              
     e( 11 - 11) =     -0.72707  eV     1   --> A              
     e( 12 - 12) =     -0.25674  eV     1   --> A              
     e( 13 - 13) =      3.93115  eV     1   --> A              
     e( 14 - 14) =      5.95239  eV     1   --> A              
     e( 15 - 15) =      6.73196  eV     1   --> A              
     e( 16 - 16) =      7.02543  eV     1   --> A              
     e( 17 - 17) =      7.81108  eV     1   --> A              
     e( 18 - 18) =      9.44615  eV     1   --> A              
     e( 19 - 19) =     10.38447  eV     1   --> A              
     e( 20 - 20) =     11.76554  eV     1   --> A              
     e( 21 - 21) =     12.43898  eV     1   --> A              
     e( 22 - 22) =     12.86052  eV     1   --> A              
     e( 23 - 23) =     13.87809  eV     1   --> A              
     e( 24 - 24) =     14.47553  eV     1   --> A              
     e( 25 - 25) =     14.71480  eV     1   --> A              
     e( 26 - 26) =     15.60117  eV     1   --> A              
     e( 27 - 27) =     16.48216  eV     1   --> A              
     e( 28 - 28) =     17.06204  eV     1   --> A              
     e( 29 - 29) =     17.97471  eV     1   --> A              
     e( 30 - 30) =     18.15269  eV     1   --> A              
     e( 31 - 31) =     18.95286  eV     1   --> A              
     e( 32 - 32) =     20.29800  eV     1   --> A              
     e( 33 - 33) =     21.80041  eV     1   --> A              
     e( 34 - 34) =     22.19962  eV     1   --> A              
     e( 35 - 35) =     22.33941  eV     1   --> A              
     e( 36 - 36) =     23.83665  eV     1   --> A              

 **************************************************************************

 **************************************************************************

                    xk=(   0.45000,  -0.00000,   0.00000  )

     Band symmetry, C_1 (1)     point group:

     e(  1 -  1) =    -45.32626  eV     1   --> A              
     e(  2 -  2) =    -23.75933  eV     1   --> A              
     e(  3 -  3) =    -23.54850  eV     1   --> A              
     e(  4 -  4) =    -23.29782  eV     1   --> A              
     e(  5 -  5) =    -20.55816  eV     1   --> A              
     e(  6 -  6) =    -12.20697  eV     1   --> A              
     e(  7 -  7) =     -2.98475  eV     1   --> A              
     e(  8 -  8) =     -2.66341  eV     1   --> A              
     e(  9 -  9) =     -2.54675  eV     1   --> A              
     e( 10 - 10) =     -1.79511  eV     1   --> A              
     e( 11 - 11) =     -0.72744  eV     1   --> A              
     e( 12 - 12) =     -0.22400  eV     1   --> A              
     e( 13 - 13) =      3.91931  eV     1   --> A              
     e( 14 - 14) =      5.93526  eV     1   --> A              
     e( 15 - 15) =      6.72623  eV     1   --> A              
     e( 16 - 16) =      7.01876  eV     1   --> A              
     e( 17 - 17) =      7.80734  eV     1   --> A              
     e( 18 - 18) =      9.36800  eV     1   --> A              
     e( 19 - 19) =     10.35910  eV     1   --> A              
     e( 20 - 20) =     11.72696  eV     1   --> A              
     e( 21 - 21) =     12.44719  eV     1   --> A              
     e( 22 - 22) =     12.83794  eV     1   --> A              
     e( 23 - 23) =     13.91132  eV     1   --> A              
     e( 24 - 24) =     14.44379  eV     1   --> A              
     e( 25 - 25) =     14.78377  eV     1   --> A              
     e( 26 - 26) =     15.65406  eV     1   --> A              
     e( 27 - 27) =     16.51554  eV     1   --> A              
     e( 28 - 28) =     17.09069  eV     1   --> A              
     e( 29 - 29) =     18.03759  eV     1   --> A              
     e( 30 - 30) =     18.21146  eV     1   --> A              
     e( 31 - 31) =     18.93041  eV     1   --> A              
     e( 32 - 32) =     20.30681  eV     1   --> A              
     e( 33 - 33) =     21.76981  eV     1   --> A              
     e( 34 - 34) =     22.18789  eV     1   --> A              
     e( 35 - 35) =     22.32773  eV     1   --> A              
     e( 36 - 36) =     23.85099  eV     1   --> A              

 **************************************************************************

 **************************************************************************

                    xk=(   0.44444,  -0.00000,   0.00000  )

     Band symmetry, C_1 (1)     point group:

     e(  1 -  1) =    -45.32696  eV     1   --> A              
     e(  2 -  2) =    -23.75739  eV     1   --> A              
     e(  3 -  3) =    -23.54899  eV     1   --> A              
     e(  4 -  4) =    -23.29287  eV     1   --> A              
     e(  5 -  5) =    -20.55883  eV     1   --> A              
     e(  6 -  6) =    -12.21832  eV     1   --> A              
     e(  7 -  7) =     -2.98176  eV     1   --> A              
     e(  8 -  8) =     -2.65728  eV     1   --> A              
     e(  9 -  9) =     -2.55040  eV     1   --> A              
     e( 10 - 10) =     -1.77856  eV     1   --> A              
     e( 11 - 11) =     -0.72822  eV     1   --> A              
     e( 12 - 12) =     -0.19096  eV     1   --> A              
     e( 13 - 13) =      3.90788  eV     1   --> A              
     e( 14 - 14) =      5.91827  eV     1   --> A              
     e( 15 - 15) =      6.71896  eV     1   --> A              
     e( 16 - 16) =      7.01337  eV     1   --> A              
     e( 17 - 17) =      7.80209  eV     1   --> A              
     e( 18 - 18) =      9.29035  eV     1   --> A              
     e( 19 - 19) =     10.33306  eV     1   --> A              
     e( 20 - 20) =     11.68702  eV     1   --> A              
     e( 21 - 21) =     12.45598  eV     1   --> A              
     e( 22 - 22) =     12.81701  eV     1   --> A              
     e( 23 - 23) =     13.94686  eV     1   --> A              
     e( 24 - 24) =     14.41166  eV     1   --> A              
     e( 25 - 25) =     14.85376  eV     1   --> A              
     e( 26 - 26) =     15.70743  eV     1   --> A              
     e( 27 - 27) =     16.54987  eV     1   --> A              
     e( 28 - 28) =     17.11680  eV     1   --> A              
     e( 29 - 29) =     18.10088  eV     1   --> A              
     e( 30 - 30) =     18.26953  eV     1   --> A              
     e( 31 - 31) =     18.91170  eV     1   --> A              
     e( 32 - 32) =     20.31355  eV     1   --> A              
     e( 33 - 33) =     21.72791  eV     1   --> A              
     e( 34 - 34) =     22.16662  eV     1   --> A              
     e( 35 - 35) =     22.33572  eV     1   --> A              
     e( 36 - 36) =     23.85223  eV     1   --> A              

 **************************************************************************

 **************************************************************************

                    xk=(   0.43889,  -0.00000,   0.00000  )

     Band symmetry, C_1 (1)     point group:

     e(  1 -  1) =    -45.32767  eV     1   --> A              
     e(  2 -  2) =    -23.75542  eV     1   --> A              
     e(  3 -  3) =    -23.54931  eV     1   --> A              
     e(  4 -  4) =    -23.28795  eV     1   --> A              
     e(  5 -  5) =    -20.55951  eV     1   --> A              
     e(  6 -  6) =    -12.22988  eV     1   --> A              
     e(  7 -  7) =     -2.97865  eV     1   --> A              
     e(  8 -  8) =     -2.65131  eV     1   --> A              
     e(  9 -  9) =     -2.55402  eV     1   --> A              
     e( 10 - 10) =     -1.76078  eV     1   --> A              
     e( 11 - 11) =     -0.72935  eV     1   --> A              
     e( 12 - 12) =     -0.15771  eV     1   --> A              
     e( 13 - 13) =      3.89689  eV     1   --> A              
     e( 14 - 14) =      5.90146  eV     1   --> A              
     e( 15 - 15) =      6.71029  eV     1   --> A              
     e( 16 - 16) =      7.00915  eV     1   --> A              
     e( 17 - 17) =      7.79532  eV     1   --> A              
     e( 18 - 18) =      9.21332  eV     1   --> A              
     e( 19 - 19) =     10.30639  eV     1   --> A              
     e( 20 - 20) =     11.64607  eV     1   --> A              
     e( 21 - 21) =     12.46494  eV     1   --> A              
     e( 22 - 22) =     12.79784  eV     1   --> A              
     e( 23 - 23) =     13.98406  eV     1   --> A              
     e( 24 - 24) =     14.37985  eV     1   --> A              
     e( 25 - 25) =     14.92471  eV     1   --> A              
     e( 26 - 26) =     15.76099  eV     1   --> A              
     e( 27 - 27) =     16.58494  eV     1   --> A              
     e( 28 - 28) =     17.14038  eV     1   --> A              
     e( 29 - 29) =     18.16445  eV     1   --> A              
     e( 30 - 30) =     18.32677  eV     1   --> A              
     e( 31 - 31) =     18.89682  eV     1   --> A              
     e( 32 - 32) =     20.31818  eV     1   --> A              
     e( 33 - 33) =     21.67617  eV     1   --> A              
     e( 34 - 34) =     22.14645  eV     1   --> A              
     e( 35 - 35) =     22.35244  eV     1   --> A              
     e( 36 - 36) =     23.84121  eV     1   --> A              

 **************************************************************************

 **************************************************************************

                    xk=(   0.43333,  -0.00000,   0.00000  )

     Band symmetry, C_1 (1)     point group:

     e(  1 -  1) =    -45.32840  eV     1   --> A              
     e(  2 -  2) =    -23.75346  eV     1   --> A              
     e(  3 -  3) =    -23.54946  eV     1   --> A              
     e(  4 -  4) =    -23.28306  eV     1   --> A              
     e(  5 -  5) =    -20.56022  eV     1   --> A              
     e(  6 -  6) =    -12.24164  eV     1   --> A              
     e(  7 -  7) =     -2.97542  eV     1   --> A              
     e(  8 -  8) =     -2.64562  eV     1   --> A              
     e(  9 -  9) =     -2.55757  eV     1   --> A              
     e( 10 - 10) =     -1.74177  eV     1   --> A              
     e( 11 - 11) =     -0.73077  eV     1   --> A              
     e( 12 - 12) =     -0.12432  eV     1   --> A              
     e( 13 - 13) =      3.88634  eV     1   --> A              
     e( 14 - 14) =      5.88483  eV     1   --> A              
     e( 15 - 15) =      6.70031  eV     1   --> A              
     e( 16 - 16) =      7.00593  eV     1   --> A              
     e( 17 - 17) =      7.78703  eV     1   --> A              
     e( 18 - 18) =      9.13700  eV     1   --> A              
     e( 19 - 19) =     10.27912  eV     1   --> A              
     e( 20 - 20) =     11.60437  eV     1   --> A              
     e( 21 - 21) =     12.47374  eV     1   --> A              
     e( 22 - 22) =     12.78059  eV     1   --> A              
     e( 23 - 23) =     14.02173  eV     1   --> A              
     e( 24 - 24) =     14.34955  eV     1   --> A              
     e( 25 - 25) =     14.99657  eV     1   --> A              
     e( 26 - 26) =     15.81447  eV     1   --> A              
     e( 27 - 27) =     16.62050  eV     1   --> A              
     e( 28 - 28) =     17.16162  eV     1   --> A              
     e( 29 - 29) =     18.22814  eV     1   --> A              
     e( 30 - 30) =     18.38304  eV     1   --> A              
     e( 31 - 31) =     18.88582  eV     1   --> A              
     e( 32 - 32) =     20.32075  eV     1   --> A              
     e( 33 - 33) =     21.61740  eV     1   --> A              
     e( 34 - 34) =     22.13078  eV     1   --> A              
     e( 35 - 35) =     22.37268  eV     1   --> A              
     e( 36 - 36) =     23.82016  eV     1   --> A              

 **************************************************************************

 **************************************************************************

                    xk=(   0.42778,  -0.00000,   0.00000  )

     Band symmetry, C_1 (1)     point group:

     e(  1 -  1) =    -45.32913  eV     1   --> A              
     e(  2 -  2) =    -23.75151  eV     1   --> A              
     e(  3 -  3) =    -23.54941  eV     1   --> A              
     e(  4 -  4) =    -23.27821  eV     1   --> A              
     e(  5 -  5) =    -20.56094  eV     1   --> A              
     e(  6 -  6) =    -12.25359  eV     1   --> A              
     e(  7 -  7) =     -2.97204  eV     1   --> A              
     e(  8 -  8) =     -2.64032  eV     1   --> A              
     e(  9 -  9) =     -2.56093  eV     1   --> A              
     e( 10 - 10) =     -1.72154  eV     1   --> A              
     e( 11 - 11) =     -0.73243  eV     1   --> A              
     e( 12 - 12) =     -0.09083  eV     1   --> A              
     e( 13 - 13) =      3.87626  eV     1   --> A              
     e( 14 - 14) =      5.86840  eV     1   --> A              
     e( 15 - 15) =      6.68920  eV     1   --> A              
     e( 16 - 16) =      7.00354  eV     1   --> A              
     e( 17 - 17) =      7.77723  eV     1   --> A              
     e( 18 - 18) =      9.06148  eV     1   --> A              
     e( 19 - 19) =     10.25130  eV     1   --> A              
     e( 20 - 20) =     11.56213  eV     1   --> A              
     e( 21 - 21) =     12.48211  eV     1   --> A              
     e( 22 - 22) =     12.76539  eV     1   --> A              
     e( 23 - 23) =     14.05746  eV     1   --> A              
     e( 24 - 24) =     14.32310  eV     1   --> A              
     e( 25 - 25) =     15.06932  eV     1   --> A              
     e( 26 - 26) =     15.86758  eV     1   --> A              
     e( 27 - 27) =     16.65618  eV     1   --> A              
     e( 28 - 28) =     17.18084  eV     1   --> A              
     e( 29 - 29) =     18.29167  eV     1   --> A              
     e( 30 - 30) =     18.43817  eV     1   --> A              
     e( 31 - 31) =     18.87870  eV     1   --> A              
     e( 32 - 32) =     20.32141  eV     1   --> A              
     e( 33 - 33) =     21.55474  eV     1   --> A              
     e( 34 - 34) =     22.11926  eV     1   --> A              
     e( 35 - 35) =     22.39464  eV     1   --> A              
     e( 36 - 36) =     23.79143  eV     1   --> A              

 **************************************************************************

 **************************************************************************

                    xk=(   0.42222,  -0.00000,   0.00000  )

     Band symmetry, C_1 (1)     point group:

     e(  1 -  1) =    -45.32989  eV     1   --> A              
     e(  2 -  2) =    -23.74961  eV     1   --> A              
     e(  3 -  3) =    -23.54913  eV     1   --> A              
     e(  4 -  4) =    -23.27339  eV     1   --> A              
     e(  5 -  5) =    -20.56168  eV     1   --> A              
     e(  6 -  6) =    -12.26572  eV     1   --> A              
     e(  7 -  7) =     -2.96853  eV     1   --> A              
     e(  8 -  8) =     -2.63555  eV     1   --> A              
     e(  9 -  9) =     -2.56400  eV     1   --> A              
     e( 10 - 10) =     -1.70009  eV     1   --> A              
     e( 11 - 11) =     -0.73428  eV     1   --> A              
     e( 12 - 12) =     -0.05730  eV     1   --> A              
     e( 13 - 13) =      3.86665  eV     1   --> A              
     e( 14 - 14) =      5.85220  eV     1   --> A              
     e( 15 - 15) =      6.67713  eV     1   --> A              
     e( 16 - 16) =      7.00180  eV     1   --> A              
     e( 17 - 17) =      7.76591  eV     1   --> A              
     e( 18 - 18) =      8.98686  eV     1   --> A              
     e( 19 - 19) =     10.22296  eV     1   --> A              
     e( 20 - 20) =     11.51951  eV     1   --> A              
     e( 21 - 21) =     12.48986  eV     1   --> A              
     e( 22 - 22) =     12.75241  eV     1   --> A              
     e( 23 - 23) =     14.08631  eV     1   --> A              
     e( 24 - 24) =     14.30534  eV     1   --> A              
     e( 25 - 25) =     15.14292  eV     1   --> A              
     e( 26 - 26) =     15.92001  eV     1   --> A              
     e( 27 - 27) =     16.69156  eV     1   --> A              
     e( 28 - 28) =     17.19860  eV     1   --> A              
     e( 29 - 29) =     18.35463  eV     1   --> A              
     e( 30 - 30) =     18.49195  eV     1   --> A              
     e( 31 - 31) =     18.87553  eV     1   --> A              
     e( 32 - 32) =     20.32045  eV     1   --> A              
     e( 33 - 33) =     21.49094  eV     1   --> A              
     e( 34 - 34) =     22.11055  eV     1   --> A              
     e( 35 - 35) =     22.41773  eV     1   --> A              
     e( 36 - 36) =     23.75671  eV     1   --> A              

 **************************************************************************

 **************************************************************************

                    xk=(   0.41667,  -0.00000,   0.00000  )

     Band symmetry, C_1 (1)     point group:

     e(  1 -  1) =    -45.33065  eV     1   --> A              
     e(  2 -  2) =    -23.74779  eV     1   --> A              
     e(  3 -  3) =    -23.54861  eV     1   --> A              
     e(  4 -  4) =    -23.26861  eV     1   --> A              
     e(  5 -  5) =    -20.56245  eV     1   --> A              
     e(  6 -  6) =    -12.27802  eV     1   --> A              
     e(  7 -  7) =     -2.96487  eV     1   --> A              
     e(  8 -  8) =     -2.63151  eV     1   --> A              
     e(  9 -  9) =     -2.56661  eV     1   --> A              
     e( 10 - 10) =     -1.67743  eV     1   --> A              
     e( 11 - 11) =     -0.73628  eV     1   --> A              
     e( 12 - 12) =     -0.02377  eV     1   --> A              
     e( 13 - 13) =      3.85753  eV     1   --> A              
     e( 14 - 14) =      5.83624  eV     1   --> A              
     e( 15 - 15) =      6.66426  eV     1   --> A              
     e( 16 - 16) =      7.00050  eV     1   --> A              
     e( 17 - 17) =      7.75310  eV     1   --> A              
     e( 18 - 18) =      8.91322  eV     1   --> A              
     e( 19 - 19) =     10.19412  eV     1   --> A              
     e( 20 - 20) =     11.47664  eV     1   --> A              
     e( 21 - 21) =     12.49681  eV     1   --> A              
     e( 22 - 22) =     12.74180  eV     1   --> A              
     e( 23 - 23) =     14.10026  eV     1   --> A              
     e( 24 - 24) =     14.30419  eV     1   --> A              
     e( 25 - 25) =     15.21734  eV     1   --> A              
     e( 26 - 26) =     15.97144  eV     1   --> A              
     e( 27 - 27) =     16.72607  eV     1   --> A              
     e( 28 - 28) =     17.21567  eV     1   --> A              
     e( 29 - 29) =     18.41624  eV     1   --> A              
     e( 30 - 30) =     18.54412  eV     1   --> A              
     e( 31 - 31) =     18.87657  eV     1   --> A              
     e( 32 - 32) =     20.31832  eV     1   --> A              
     e( 33 - 33) =     21.42813  eV     1   --> A              
     e( 34 - 34) =     22.10338  eV     1   --> A              
     e( 35 - 35) =     22.44182  eV     1   --> A              
     e( 36 - 36) =     23.71706  eV     1   --> A              

 **************************************************************************

 **************************************************************************

                    xk=(   0.41111,  -0.00000,   0.00000  )

     Band symmetry, C_1 (1)     point group:

     e(  1 -  1) =    -45.33144  eV     1   --> A              
     e(  2 -  2) =    -23.74606  eV     1   --> A              
     e(  3 -  3) =    -23.54782  eV     1   --> A              
     e(  4 -  4) =    -23.26388  eV     1   --> A              
     e(  5 -  5) =    -20.56325  eV     1   --> A              
     e(  6 -  6) =    -12.29048  eV     1   --> A              
     e(  7 -  7) =     -2.96107  eV     1   --> A              
     e(  8 -  8) =     -2.62844  eV     1   --> A              
     e(  9 -  9) =     -2.56855  eV     1   --> A              
     e( 10 - 10) =     -1.65359  eV     1   --> A              
     e( 11 - 11) =     -0.73840  eV     1   --> A              
     e( 12 - 12) =      0.00973  eV     1   --> A              
     e( 13 - 13) =      3.84890  eV     1   --> A              
     e( 14 - 14) =      5.82053  eV     1   --> A              
     e( 15 - 15) =      6.65073  eV     1   --> A              
     e( 16 - 16) =      6.99947  eV     1   --> A              
     e( 17 - 17) =      7.73882  eV     1   --> A              
     e( 18 - 18) =      8.84065  eV     1   --> A              
     e( 19 - 19) =     10.16481  eV     1   --> A              
     e( 20 - 20) =     11.43362  eV     1   --> A              
     e( 21 - 21) =     12.50285  eV     1   --> A              
     e( 22 - 22) =     12.73369  eV     1   --> A              
     e( 23 - 23) =     14.09410  eV     1   --> A              
     e( 24 - 24) =     14.32469  eV     1   --> A              
     e( 25 - 25) =     15.29255  eV     1   --> A              
     e( 26 - 26) =     16.02146  eV     1   --> A              
     e( 27 - 27) =     16.75909  eV     1   --> A              
     e( 28 - 28) =     17.23303  eV     1   --> A              
     e( 29 - 29) =     18.47500  eV     1   --> A              
     e( 30 - 30) =     18.59449  eV     1   --> A              
     e( 31 - 31) =     18.88261  eV     1   --> A              
     e( 32 - 32) =     20.31565  eV     1   --> A              
     e( 33 - 33) =     21.36783  eV     1   --> A              
     e( 34 - 34) =     22.09674  eV     1   --> A              
     e( 35 - 35) =     22.46693  eV     1   --> A              
     e( 36 - 36) =     23.67324  eV     1   --> A              

 **************************************************************************

 **************************************************************************

                    xk=(   0.40556,  -0.00000,   0.00000  )

     Band symmetry, C_1 (1)     point group:

     e(  1 -  1) =    -45.33223  eV     1   --> A              
     e(  2 -  2) =    -23.74444  eV     1   --> A              
     e(  3 -  3) =    -23.54674  eV     1   --> A              
     e(  4 -  4) =    -23.25919  eV     1   --> A              
     e(  5 -  5) =    -20.56406  eV     1   --> A              
     e(  6 -  6) =    -12.30309  eV     1   --> A              
     e(  7 -  7) =     -2.95710  eV     1   --> A              
     e(  8 -  8) =     -2.62656  eV     1   --> A              
     e(  9 -  9) =     -2.56960  eV     1   --> A              
     e( 10 - 10) =     -1.62858  eV     1   --> A              
     e( 11 - 11) =     -0.74059  eV     1   --> A              
     e( 12 - 12) =      0.04317  eV     1   --> A              
     e( 13 - 13) =      3.84078  eV     1   --> A              
     e( 14 - 14) =      5.80510  eV     1   --> A              
     e( 15 - 15) =      6.63670  eV     1   --> A              
     e( 16 - 16) =      6.99853  eV     1   --> A              
     e( 17 - 17) =      7.72310  eV     1   --> A              
     e( 18 - 18) =      8.76924  eV     1   --> A              
     e( 19 - 19) =     10.13504  eV     1   --> A              
     e( 20 - 20) =     11.39054  eV     1   --> A              
     e( 21 - 21) =     12.50791  eV     1   --> A              
     e( 22 - 22) =     12.72820  eV     1   --> A              
     e( 23 - 23) =     14.07204  eV     1   --> A              
     e( 24 - 24) =     14.36248  eV     1   --> A              
     e( 25 - 25) =     15.36852  eV     1   --> A              
     e( 26 - 26) =     16.06965  eV     1   --> A              
     e( 27 - 27) =     16.78994  eV     1   --> A              
     e( 28 - 28) =     17.25186  eV     1   --> A              
     e( 29 - 29) =     18.52801  eV     1   --> A              
     e( 30 - 30) =     18.64350  eV     1   --> A              
     e( 31 - 31) =     18.89514  eV     1   --> A              
     e( 32 - 32) =     20.31328  eV     1   --> A              
     e( 33 - 33) =     21.31104  eV     1   --> A              
     e( 34 - 34) =     22.08989  eV     1   --> A              
     e( 35 - 35) =     22.49316  eV     1   --> A              
     e( 36 - 36) =     23.62583  eV     1   --> A              

 **************************************************************************

 **************************************************************************

                    xk=(   0.40000,  -0.00000,   0.00000  )

     Band symmetry, C_1 (1)     point group:

     e(  1 -  1) =    -45.33304  eV     1   --> A              
     e(  2 -  2) =    -23.74297  eV     1   --> A              
     e(  3 -  3) =    -23.54534  eV     1   --> A              
     e(  4 -  4) =    -23.25454  eV     1   --> A              
     e(  5 -  5) =    -20.56490  eV     1   --> A              
     e(  6 -  6) =    -12.31584  eV     1   --> A              
     e(  7 -  7) =     -2.95297  eV     1   --> A              
     e(  8 -  8) =     -2.62604  eV     1   --> A              
     e(  9 -  9) =     -2.56959  eV     1   --> A              
     e( 10 - 10) =     -1.60245  eV     1   --> A              
     e( 11 - 11) =     -0.74283  eV     1   --> A              
     e( 12 - 12) =      0.07651  eV     1   --> A              
     e( 13 - 13) =      3.83317  eV     1   --> A              
     e( 14 - 14) =      5.78997  eV     1   --> A              
     e( 15 - 15) =      6.62228  eV     1   --> A              
     e( 16 - 16) =      6.99752  eV     1   --> A              
     e( 17 - 17) =      7.70595  eV     1   --> A              
     e( 18 - 18) =      8.69910  eV     1   --> A              
     e( 19 - 19) =     10.10483  eV     1   --> A              
     e( 20 - 20) =     11.34746  eV     1   --> A              
     e( 21 - 21) =     12.51202  eV     1   --> A              
     e( 22 - 22) =     12.72536  eV     1   --> A              
     e( 23 - 23) =     14.04095  eV     1   --> A              
     e( 24 - 24) =     14.41053  eV     1   --> A              
     e( 25 - 25) =     15.44522  eV     1   --> A              
     e( 26 - 26) =     16.11548  eV     1   --> A              
     e( 27 - 27) =     16.81801  eV     1   --> A              
     e( 28 - 28) =     17.27338  eV     1   --> A              
     e( 29 - 29) =     18.57020  eV     1   --> A              
     e( 30 - 30) =     18.69308  eV     1   --> A              
     e( 31 - 31) =     18.91624  eV     1   --> A              
     e( 32 - 32) =     20.31216  eV     1   --> A              
     e( 33 - 33) =     21.25838  eV     1   --> A              
     e( 34 - 34) =     22.08230  eV     1   --> A              
     e( 35 - 35) =     22.52058  eV     1   --> A              
     e( 36 - 36) =     23.57537  eV     1   --> A              

 **************************************************************************

 **************************************************************************

                    xk=(   0.39444,  -0.00000,   0.00000  )

     Band symmetry, C_1 (1)     point group:

     e(  1 -  1) =    -45.33385  eV     1   --> A              
     e(  2 -  2) =    -23.74166  eV     1   --> A              
     e(  3 -  3) =    -23.54360  eV     1   --> A              
     e(  4 -  4) =    -23.24995  eV     1   --> A              
     e(  5 -  5) =    -20.56577  eV     1   --> A              
     e(  6 -  6) =    -12.32872  eV     1   --> A              
     e(  7 -  7) =     -2.94868  eV     1   --> A              
     e(  8 -  8) =     -2.62695  eV     1   --> A              
     e(  9 -  9) =     -2.56848  eV     1   --> A              
     e( 10 - 10) =     -1.57521  eV     1   --> A              
     e( 11 - 11) =     -0.74507  eV     1   --> A              
     e( 12 - 12) =      0.10973  eV     1   --> A              
     e( 13 - 13) =      3.82609  eV     1   --> A              
     e( 14 - 14) =      5.77516  eV     1   --> A              
     e( 15 - 15) =      6.60758  eV     1   --> A              
     e( 16 - 16) =      6.99628  eV     1   --> A              
     e( 17 - 17) =      7.68742  eV     1   --> A              
     e( 18 - 18) =      8.63031  eV     1   --> A              
     e( 19 - 19) =     10.07420  eV     1   --> A              
     e( 20 - 20) =     11.30445  eV     1   --> A              
     e( 21 - 21) =     12.51527  eV     1   --> A              
     e( 22 - 22) =     12.72514  eV     1   --> A              
     e( 23 - 23) =     14.00498  eV     1   --> A              
     e( 24 - 24) =     14.46449  eV     1   --> A              
     e( 25 - 25) =     15.52264  eV     1   --> A              
     e( 26 - 26) =     16.15837  eV     1   --> A              
     e( 27 - 27) =     16.84295  eV     1   --> A              
     e( 28 - 28) =     17.29870  eV     1   --> A              
     e( 29 - 29) =     18.59605  eV     1   --> A              
     e( 30 - 30) =     18.74611  eV     1   --> A              
     e( 31 - 31) =     18.94756  eV     1   --> A              
     e( 32 - 32) =     20.31334  eV     1   --> A              
     e( 33 - 33) =     21.21009  eV     1   --> A              
     e( 34 - 34) =     22.07362  eV     1   --> A              
     e( 35 - 35) =     22.54926  eV     1   --> A              
     e( 36 - 36) =     23.52240  eV     1   --> A              

 **************************************************************************

 **************************************************************************

                    xk=(   0.38889,  -0.00000,   0.00000  )

     Band symmetry, C_1 (1)     point group:

     e(  1 -  1) =    -45.33468  eV     1   --> A              
     e(  2 -  2) =    -23.74054  eV     1   --> A              
     e(  3 -  3) =    -23.54151  eV     1   --> A              
     e(  4 -  4) =    -23.24541  eV     1   --> A              
     e(  5 -  5) =    -20.56667  eV     1   --> A              
     e(  6 -  6) =    -12.34172  eV     1   --> A              
     e(  7 -  7) =     -2.94426  eV     1   --> A              
     e(  8 -  8) =     -2.62917  eV     1   --> A              
     e(  9 -  9) =     -2.56642  eV     1   --> A              
     e( 10 - 10) =     -1.54693  eV     1   --> A              
     e( 11 - 11) =     -0.74728  eV     1   --> A              
     e( 12 - 12) =      0.14280  eV     1   --> A              
     e( 13 - 13) =      3.81951  eV     1   --> A              
     e( 14 - 14) =      5.76066  eV     1   --> A              
     e( 15 - 15) =      6.59269  eV     1   --> A              
     e( 16 - 16) =      6.99467  eV     1   --> A              
     e( 17 - 17) =      7.66753  eV     1   --> A              
     e( 18 - 18) =      8.56295  eV     1   --> A              
     e( 19 - 19) =     10.04312  eV     1   --> A              
     e( 20 - 20) =     11.26154  eV     1   --> A              
     e( 21 - 21) =     12.51782  eV     1   --> A              
     e( 22 - 22) =     12.72744  eV     1   --> A              
     e( 23 - 23) =     13.96617  eV     1   --> A              
     e( 24 - 24) =     14.52215  eV     1   --> A              
     e( 25 - 25) =     15.60074  eV     1   --> A              
     e( 26 - 26) =     16.19760  eV     1   --> A              
     e( 27 - 27) =     16.86482  eV     1   --> A              
     e( 28 - 28) =     17.32864  eV     1   --> A              
     e( 29 - 29) =     18.60365  eV     1   --> A              
     e( 30 - 30) =     18.80361  eV     1   --> A              
     e( 31 - 31) =     18.98917  eV     1   --> A              
     e( 32 - 32) =     20.31783  eV     1   --> A              
     e( 33 - 33) =     21.16617  eV     1   --> A              
     e( 34 - 34) =     22.06359  eV     1   --> A              
     e( 35 - 35) =     22.57920  eV     1   --> A              
     e( 36 - 36) =     23.46746  eV     1   --> A              

 **************************************************************************

 **************************************************************************

                    xk=(   0.38333,  -0.00000,   0.00000  )

     Band symmetry, C_1 (1)     point group:

     e(  1 -  1) =    -45.33553  eV     1   --> A              
     e(  2 -  2) =    -23.73961  eV     1   --> A              
     e(  3 -  3) =    -23.53905  eV     1   --> A              
     e(  4 -  4) =    -23.24092  eV     1   --> A              
     e(  5 -  5) =    -20.56760  eV     1   --> A              
     e(  6 -  6) =    -12.35482  eV     1   --> A              
     e(  7 -  7) =     -2.93966  eV     1   --> A              
     e(  8 -  8) =     -2.63248  eV     1   --> A              
     e(  9 -  9) =     -2.56362  eV     1   --> A              
     e( 10 - 10) =     -1.51766  eV     1   --> A              
     e( 11 - 11) =     -0.74940  eV     1   --> A              
     e( 12 - 12) =      0.17571  eV     1   --> A              
     e( 13 - 13) =      3.81346  eV     1   --> A              
     e( 14 - 14) =      5.74652  eV     1   --> A              
     e( 15 - 15) =      6.57769  eV     1   --> A              
     e( 16 - 16) =      6.99254  eV     1   --> A              
     e( 17 - 17) =      7.64636  eV     1   --> A              
     e( 18 - 18) =      8.49712  eV     1   --> A              
     e( 19 - 19) =     10.01163  eV     1   --> A              
     e( 20 - 20) =     11.21878  eV     1   --> A              
     e( 21 - 21) =     12.51992  eV     1   --> A              
     e( 22 - 22) =     12.73210  eV     1   --> A              
     e( 23 - 23) =     13.92554  eV     1   --> A              
     e( 24 - 24) =     14.58230  eV     1   --> A              
     e( 25 - 25) =     15.67948  eV     1   --> A              
     e( 26 - 26) =     16.23241  eV     1   --> A              
     e( 27 - 27) =     16.88419  eV     1   --> A              
     e( 28 - 28) =     17.36354  eV     1   --> A              
     e( 29 - 29) =     18.59494  eV     1   --> A              
     e( 30 - 30) =     18.86451  eV     1   --> A              
     e( 31 - 31) =     19.03959  eV     1   --> A              
     e( 32 - 32) =     20.32654  eV     1   --> A              
     e( 33 - 33) =     21.12643  eV     1   --> A              
     e( 34 - 34) =     22.05208  eV     1   --> A              
     e( 35 - 35) =     22.61038  eV     1   --> A              
     e( 36 - 36) =     23.41109  eV     1   --> A              

 **************************************************************************

 **************************************************************************

                    xk=(   0.37778,  -0.00000,   0.00000  )

     Band symmetry, C_1 (1)     point group:

     e(  1 -  1) =    -45.33638  eV     1   --> A              
     e(  2 -  2) =    -23.73890  eV     1   --> A              
     e(  3 -  3) =    -23.53620  eV     1   --> A              
     e(  4 -  4) =    -23.23649  eV     1   --> A              
     e(  5 -  5) =    -20.56856  eV     1   --> A              
     e(  6 -  6) =    -12.36802  eV     1   --> A              
     e(  7 -  7) =     -2.93489  eV     1   --> A              
     e(  8 -  8) =     -2.63666  eV     1   --> A              
     e(  9 -  9) =     -2.56027  eV     1   --> A              
     e( 10 - 10) =     -1.48745  eV     1   --> A              
     e( 11 - 11) =     -0.75138  eV     1   --> A              
     e( 12 - 12) =      0.20842  eV     1   --> A              
     e( 13 - 13) =      3.80793  eV     1   --> A              
     e( 14 - 14) =      5.73275  eV     1   --> A              
     e( 15 - 15) =      6.56266  eV     1   --> A              
     e( 16 - 16) =      6.98979  eV     1   --> A              
     e( 17 - 17) =      7.62397  eV     1   --> A              
     e( 18 - 18) =      8.43291  eV     1   --> A              
     e( 19 - 19) =      9.97971  eV     1   --> A              
     e( 20 - 20) =     11.17620  eV     1   --> A              
     e( 21 - 21) =     12.52183  eV     1   --> A              
     e( 22 - 22) =     12.73890  eV     1   --> A              
     e( 23 - 23) =     13.88364  eV     1   --> A              
     e( 24 - 24) =     14.64421  eV     1   --> A              
     e( 25 - 25) =     15.75883  eV     1   --> A              
     e( 26 - 26) =     16.26202  eV     1   --> A              
     e( 27 - 27) =     16.90211  eV     1   --> A              
     e( 28 - 28) =     17.40332  eV     1   --> A              
     e( 29 - 29) =     18.57283  eV     1   --> A              
     e( 30 - 30) =     18.92749  eV     1   --> A              
     e( 31 - 31) =     19.09693  eV     1   --> A              
     e( 32 - 32) =     20.34014  eV     1   --> A              
     e( 33 - 33) =     21.09054  eV     1   --> A              
     e( 34 - 34) =     22.03899  eV     1   --> A              
     e( 35 - 35) =     22.64274  eV     1   --> A              
     e( 36 - 36) =     23.35380  eV     1   --> A              

 **************************************************************************

 **************************************************************************

                    xk=(   0.37222,  -0.00000,   0.00000  )

     Band symmetry, C_1 (1)     point group:

     e(  1 -  1) =    -45.33724  eV     1   --> A              
     e(  2 -  2) =    -23.73841  eV     1   --> A              
     e(  3 -  3) =    -23.53296  eV     1   --> A              
     e(  4 -  4) =    -23.23211  eV     1   --> A              
     e(  5 -  5) =    -20.56954  eV     1   --> A              
     e(  6 -  6) =    -12.38131  eV     1   --> A              
     e(  7 -  7) =     -2.92996  eV     1   --> A              
     e(  8 -  8) =     -2.64151  eV     1   --> A              
     e(  9 -  9) =     -2.55658  eV     1   --> A              
     e( 10 - 10) =     -1.45637  eV     1   --> A              
     e( 11 - 11) =     -0.75316  eV     1   --> A              
     e( 12 - 12) =      0.24093  eV     1   --> A              
     e( 13 - 13) =      3.80293  eV     1   --> A              
     e( 14 - 14) =      5.71936  eV     1   --> A              
     e( 15 - 15) =      6.54763  eV     1   --> A              
     e( 16 - 16) =      6.98627  eV     1   --> A              
     e( 17 - 17) =      7.60043  eV     1   --> A              
     e( 18 - 18) =      8.37039  eV     1   --> A              
     e( 19 - 19) =      9.94736  eV     1   --> A              
     e( 20 - 20) =     11.13383  eV     1   --> A              
     e( 21 - 21) =     12.52383  eV     1   --> A              
     e( 22 - 22) =     12.74762  eV     1   --> A              
     e( 23 - 23) =     13.84080  eV     1   --> A              
     e( 24 - 24) =     14.70735  eV     1   --> A              
     e( 25 - 25) =     15.83876  eV     1   --> A              
     e( 26 - 26) =     16.28568  eV     1   --> A              
     e( 27 - 27) =     16.91989  eV     1   --> A              
     e( 28 - 28) =     17.44748  eV     1   --> A              
     e( 29 - 29) =     18.53981  eV     1   --> A              
     e( 30 - 30) =     18.99170  eV     1   --> A              
     e( 31 - 31) =     19.15963  eV     1   --> A              
     e( 32 - 32) =     20.35902  eV     1   --> A              
     e( 33 - 33) =     21.05811  eV     1   --> A              
     e( 34 - 34) =     22.02431  eV     1   --> A              
     e( 35 - 35) =     22.67616  eV     1   --> A              
     e( 36 - 36) =     23.29610  eV     1   --> A              

 **************************************************************************

 **************************************************************************

                    xk=(   0.36667,  -0.00000,   0.00000  )

     Band symmetry, C_1 (1)     point group:

     e(  1 -  1) =    -45.33810  eV     1   --> A              
     e(  2 -  2) =    -23.73816  eV     1   --> A              
     e(  3 -  3) =    -23.52932  eV     1   --> A              
     e(  4 -  4) =    -23.22780  eV     1   --> A              
     e(  5 -  5) =    -20.57056  eV     1   --> A              
     e(  6 -  6) =    -12.39466  eV     1   --> A              
     e(  7 -  7) =     -2.92489  eV     1   --> A              
     e(  8 -  8) =     -2.64691  eV     1   --> A              
     e(  9 -  9) =     -2.55270  eV     1   --> A              
     e( 10 - 10) =     -1.42453  eV     1   --> A              
     e( 11 - 11) =     -0.75467  eV     1   --> A              
     e( 12 - 12) =      0.27320  eV     1   --> A              
     e( 13 - 13) =      3.79844  eV     1   --> A              
     e( 14 - 14) =      5.70638  eV     1   --> A              
     e( 15 - 15) =      6.53267  eV     1   --> A              
     e( 16 - 16) =      6.98185  eV     1   --> A              
     e( 17 - 17) =      7.57583  eV     1   --> A              
     e( 18 - 18) =      8.30965  eV     1   --> A              
     e( 19 - 19) =      9.91458  eV     1   --> A              
     e( 20 - 20) =     11.09168  eV     1   --> A              
     e( 21 - 21) =     12.52615  eV     1   --> A              
     e( 22 - 22) =     12.75806  eV     1   --> A              
     e( 23 - 23) =     13.79726  eV     1   --> A              
     e( 24 - 24) =     14.77132  eV     1   --> A              
     e( 25 - 25) =     15.91922  eV     1   --> A              
     e( 26 - 26) =     16.30281  eV     1   --> A              
     e( 27 - 27) =     16.93884  eV     1   --> A              
     e( 28 - 28) =     17.49527  eV     1   --> A              
     e( 29 - 29) =     18.49790  eV     1   --> A              
     e( 30 - 30) =     19.05669  eV     1   --> A              
     e( 31 - 31) =     19.22657  eV     1   --> A              
     e( 32 - 32) =     20.38329  eV     1   --> A              
     e( 33 - 33) =     21.02876  eV     1   --> A              
     e( 34 - 34) =     22.00801  eV     1   --> A              
     e( 35 - 35) =     22.71051  eV     1   --> A              
     e( 36 - 36) =     23.23850  eV     1   --> A              

 **************************************************************************

 **************************************************************************

                    xk=(   0.36111,  -0.00000,   0.00000  )

     Band symmetry, C_1 (1)     point group:

     e(  1 -  1) =    -45.33899  eV     1   --> A              
     e(  2 -  2) =    -23.73815  eV     1   --> A              
     e(  3 -  3) =    -23.52529  eV     1   --> A              
     e(  4 -  4) =    -23.22354  eV     1   --> A              
     e(  5 -  5) =    -20.57162  eV     1   --> A              
     e(  6 -  6) =    -12.40809  eV     1   --> A              
     e(  7 -  7) =     -2.91969  eV     1   --> A              
     e(  8 -  8) =     -2.65274  eV     1   --> A              
     e(  9 -  9) =     -2.54873  eV     1   --> A              
     e( 10 - 10) =     -1.39203  eV     1   --> A              
     e( 11 - 11) =     -0.75581  eV     1   --> A              
     e( 12 - 12) =      0.30522  eV     1   --> A              
     e( 13 - 13) =      3.79445  eV     1   --> A              
     e( 14 - 14) =      5.69381  eV     1   --> A              
     e( 15 - 15) =      6.51780  eV     1   --> A              
     e( 16 - 16) =      6.97640  eV     1   --> A              
     e( 17 - 17) =      7.55029  eV     1   --> A              
     e( 18 - 18) =      8.25073  eV     1   --> A              
     e( 19 - 19) =      9.88136  eV     1   --> A              
     e( 20 - 20) =     11.04976  eV     1   --> A              
     e( 21 - 21) =     12.52903  eV     1   --> A              
     e( 22 - 22) =     12.77000  eV     1   --> A              
     e( 23 - 23) =     13.75318  eV     1   --> A              
     e( 24 - 24) =     14.83574  eV     1   --> A              
     e( 25 - 25) =     16.00016  eV     1   --> A              
     e( 26 - 26) =     16.31319  eV     1   --> A              
     e( 27 - 27) =     16.96000  eV     1   --> A              
     e( 28 - 28) =     17.54571  eV     1   --> A              
     e( 29 - 29) =     18.44894  eV     1   --> A              
     e( 30 - 30) =     19.12221  eV     1   --> A              
     e( 31 - 31) =     19.29697  eV     1   --> A              
     e( 32 - 32) =     20.41273  eV     1   --> A              
     e( 33 - 33) =     21.00213  eV     1   --> A              
     e( 34 - 34) =     21.99014  eV     1   --> A              
     e( 35 - 35) =     22.74562  eV     1   --> A              
     e( 36 - 36) =     23.18145  eV     1   --> A              

 **************************************************************************

 **************************************************************************

                    xk=(   0.35556,  -0.00000,   0.00000  )

     Band symmetry, C_1 (1)     point group:

     e(  1 -  1) =    -45.33987  eV     1   --> A              
     e(  2 -  2) =    -23.73837  eV     1   --> A              
     e(  3 -  3) =    -23.52086  eV     1   --> A              
     e(  4 -  4) =    -23.21934  eV     1   --> A              
     e(  5 -  5) =    -20.57271  eV     1   --> A              
     e(  6 -  6) =    -12.42157  eV     1   --> A              
     e(  7 -  7) =     -2.91433  eV     1   --> A              
     e(  8 -  8) =     -2.65892  eV     1   --> A              
     e(  9 -  9) =     -2.54472  eV     1   --> A              
     e( 10 - 10) =     -1.35898  eV     1   --> A              
     e( 11 - 11) =     -0.75649  eV     1   --> A              
     e( 12 - 12) =      0.33698  eV     1   --> A              
     e( 13 - 13) =      3.79097  eV     1   --> A              
     e( 14 - 14) =      5.68168  eV     1   --> A              
     e( 15 - 15) =      6.50308  eV     1   --> A              
     e( 16 - 16) =      6.96979  eV     1   --> A              
     e( 17 - 17) =      7.52394  eV     1   --> A              
     e( 18 - 18) =      8.19370  eV     1   --> A              
     e( 19 - 19) =      9.84770  eV     1   --> A              
     e( 20 - 20) =     11.00810  eV     1   --> A              
     e( 21 - 21) =     12.53266  eV     1   --> A              
     e( 22 - 22) =     12.78326  eV     1   --> A              
     e( 23 - 23) =     13.70871  eV     1   --> A              
     e( 24 - 24) =     14.90027  eV     1   --> A              
     e( 25 - 25) =     16.08151  eV     1   --> A              
     e( 26 - 26) =     16.31694  eV     1   --> A              
     e( 27 - 27) =     16.98402  eV     1   --> A              
     e( 28 - 28) =     17.59756  eV     1   --> A              
     e( 29 - 29) =     18.39493  eV     1   --> A              
     e( 30 - 30) =     19.18811  eV     1   --> A              
     e( 31 - 31) =     19.37030  eV     1   --> A              
     e( 32 - 32) =     20.44691  eV     1   --> A              
     e( 33 - 33) =     20.97795  eV     1   --> A              
     e( 34 - 34) =     21.97075  eV     1   --> A              
     e( 35 - 35) =     22.78132  eV     1   --> A              
     e( 36 - 36) =     23.12543  eV     1   --> A              

 **************************************************************************

 **************************************************************************

                    xk=(   0.35000,  -0.00000,   0.00000  )

     Band symmetry, C_1 (1)     point group:

     e(  1 -  1) =    -45.34077  eV     1   --> A              
     e(  2 -  2) =    -23.73884  eV     1   --> A              
     e(  3 -  3) =    -23.51604  eV     1   --> A              
     e(  4 -  4) =    -23.21521  eV     1   --> A              
     e(  5 -  5) =    -20.57383  eV     1   --> A              
     e(  6 -  6) =    -12.43509  eV     1   --> A              
     e(  7 -  7) =     -2.90885  eV     1   --> A              
     e(  8 -  8) =     -2.66540  eV     1   --> A              
     e(  9 -  9) =     -2.54073  eV     1   --> A              
     e( 10 - 10) =     -1.32555  eV     1   --> A              
     e( 11 - 11) =     -0.75657  eV     1   --> A              
     e( 12 - 12) =      0.36845  eV     1   --> A              
     e( 13 - 13) =      3.78798  eV     1   --> A              
     e( 14 - 14) =      5.67000  eV     1   --> A              
     e( 15 - 15) =      6.48853  eV     1   --> A              
     e( 16 - 16) =      6.96187  eV     1   --> A              
     e( 17 - 17) =      7.49695  eV     1   --> A              
     e( 18 - 18) =      8.13859  eV     1   --> A              
     e( 19 - 19) =      9.81360  eV     1   --> A              
     e( 20 - 20) =     10.96670  eV     1   --> A              
     e( 21 - 21) =     12.53718  eV     1   --> A              
     e( 22 - 22) =     12.79766  eV     1   --> A              
     e( 23 - 23) =     13.66400  eV     1   --> A              
     e( 24 - 24) =     14.96457  eV     1   --> A              
     e( 25 - 25) =     16.16314  eV     1   --> A              
     e( 26 - 26) =     16.31468  eV     1   --> A              
     e( 27 - 27) =     17.01111  eV     1   --> A              
     e( 28 - 28) =     17.64905  eV     1   --> A              
     e( 29 - 29) =     18.33830  eV     1   --> A              
     e( 30 - 30) =     19.25429  eV     1   --> A              
     e( 31 - 31) =     19.44614  eV     1   --> A              
     e( 32 - 32) =     20.48513  eV     1   --> A              
     e( 33 - 33) =     20.95610  eV     1   --> A              
     e( 34 - 34) =     21.94993  eV     1   --> A              
     e( 35 - 35) =     22.81739  eV     1   --> A              
     e( 36 - 36) =     23.07088  eV     1   --> A              

 **************************************************************************

 **************************************************************************

                    xk=(   0.34444,  -0.00000,   0.00000  )

     Band symmetry, C_1 (1)     point group:

     e(  1 -  1) =    -45.34167  eV     1   --> A              
     e(  2 -  2) =    -23.73953  eV     1   --> A              
     e(  3 -  3) =    -23.51084  eV     1   --> A              
     e(  4 -  4) =    -23.21114  eV     1   --> A              
     e(  5 -  5) =    -20.57499  eV     1   --> A              
     e(  6 -  6) =    -12.44864  eV     1   --> A              
     e(  7 -  7) =     -2.90324  eV     1   --> A              
     e(  8 -  8) =     -2.67212  eV     1   --> A              
     e(  9 -  9) =     -2.53679  eV     1   --> A              
     e( 10 - 10) =     -1.29193  eV     1   --> A              
     e( 11 - 11) =     -0.75587  eV     1   --> A              
     e( 12 - 12) =      0.39962  eV     1   --> A              
     e( 13 - 13) =      3.78548  eV     1   --> A              
     e( 14 - 14) =      5.65880  eV     1   --> A              
     e( 15 - 15) =      6.47417  eV     1   --> A              
     e( 16 - 16) =      6.95249  eV     1   --> A              
     e( 17 - 17) =      7.46951  eV     1   --> A              
     e( 18 - 18) =      8.08541  eV     1   --> A              
     e( 19 - 19) =      9.77906  eV     1   --> A              
     e( 20 - 20) =     10.92555  eV     1   --> A              
     e( 21 - 21) =     12.54273  eV     1   --> A              
     e( 22 - 22) =     12.81302  eV     1   --> A              
     e( 23 - 23) =     13.61920  eV     1   --> A              
     e( 24 - 24) =     15.02827  eV     1   --> A              
     e( 25 - 25) =     16.24458  eV     1   --> A              
     e( 26 - 26) =     16.30765  eV     1   --> A              
     e( 27 - 27) =     17.04111  eV     1   --> A              
     e( 28 - 28) =     17.69738  eV     1   --> A              
     e( 29 - 29) =     18.28251  eV     1   --> A              
     e( 30 - 30) =     19.32064  eV     1   --> A              
     e( 31 - 31) =     19.52419  eV     1   --> A              
     e( 32 - 32) =     20.52644  eV     1   --> A              
     e( 33 - 33) =     20.93668  eV     1   --> A              
     e( 34 - 34) =     21.92780  eV     1   --> A              
     e( 35 - 35) =     22.85360  eV     1   --> A              
     e( 36 - 36) =     23.01823  eV     1   --> A              

 **************************************************************************

 **************************************************************************

                    xk=(   0.33889,  -0.00000,   0.00000  )

     Band symmetry, C_1 (1)     point group:

     e(  1 -  1) =    -45.34257  eV     1   --> A              
     e(  2 -  2) =    -23.74043  eV     1   --> A              
     e(  3 -  3) =    -23.50526  eV     1   --> A              
     e(  4 -  4) =    -23.20714  eV     1   --> A              
     e(  5 -  5) =    -20.57618  eV     1   --> A              
     e(  6 -  6) =    -12.46221  eV     1   --> A              
     e(  7 -  7) =     -2.89753  eV     1   --> A              
     e(  8 -  8) =     -2.67904  eV     1   --> A              
     e(  9 -  9) =     -2.53293  eV     1   --> A              
     e( 10 - 10) =     -1.25836  eV     1   --> A              
     e( 11 - 11) =     -0.75419  eV     1   --> A              
     e( 12 - 12) =      0.43048  eV     1   --> A              
     e( 13 - 13) =      3.78345  eV     1   --> A              
     e( 14 - 14) =      5.64809  eV     1   --> A              
     e( 15 - 15) =      6.46003  eV     1   --> A              
     e( 16 - 16) =      6.94152  eV     1   --> A              
     e( 17 - 17) =      7.44183  eV     1   --> A              
     e( 18 - 18) =      8.03418  eV     1   --> A              
     e( 19 - 19) =      9.74408  eV     1   --> A              
     e( 20 - 20) =     10.88467  eV     1   --> A              
     e( 21 - 21) =     12.54939  eV     1   --> A              
     e( 22 - 22) =     12.82911  eV     1   --> A              
     e( 23 - 23) =     13.57452  eV     1   --> A              
     e( 24 - 24) =     15.09095  eV     1   --> A              
     e( 25 - 25) =     16.29266  eV     1   --> A              
     e( 26 - 26) =     16.33001  eV     1   --> A              
     e( 27 - 27) =     17.07363  eV     1   --> A              
     e( 28 - 28) =     17.73775  eV     1   --> A              
     e( 29 - 29) =     18.23301  eV     1   --> A              
     e( 30 - 30) =     19.38703  eV     1   --> A              
     e( 31 - 31) =     19.60419  eV     1   --> A              
     e( 32 - 32) =     20.56948  eV     1   --> A              
     e( 33 - 33) =     20.92018  eV     1   --> A              
     e( 34 - 34) =     21.90453  eV     1   --> A              
     e( 35 - 35) =     22.88964  eV     1   --> A              
     e( 36 - 36) =     22.96796  eV     1   --> A              

 **************************************************************************

 **************************************************************************

                    xk=(   0.33333,  -0.00000,   0.00000  )

     Band symmetry, C_1 (1)     point group:

     e(  1 -  1) =    -45.34348  eV     1   --> A              
     e(  2 -  2) =    -23.74156  eV     1   --> A              
     e(  3 -  3) =    -23.49933  eV     1   --> A              
     e(  4 -  4) =    -23.20320  eV     1   --> A              
     e(  5 -  5) =    -20.57741  eV     1   --> A              
     e(  6 -  6) =    -12.47578  eV     1   --> A              
     e(  7 -  7) =     -2.89172  eV     1   --> A              
     e(  8 -  8) =     -2.68614  eV     1   --> A              
     e(  9 -  9) =     -2.52916  eV     1   --> A              
     e( 10 - 10) =     -1.22512  eV     1   --> A              
     e( 11 - 11) =     -0.75125  eV     1   --> A              
     e( 12 - 12) =      0.46101  eV     1   --> A              
     e( 13 - 13) =      3.78187  eV     1   --> A              
     e( 14 - 14) =      5.63788  eV     1   --> A              
     e( 15 - 15) =      6.44614  eV     1   --> A              
     e( 16 - 16) =      6.92879  eV     1   --> A              
     e( 17 - 17) =      7.41412  eV     1   --> A              
     e( 18 - 18) =      7.98486  eV     1   --> A              
     e( 19 - 19) =      9.70866  eV     1   --> A              
     e( 20 - 20) =     10.84405  eV     1   --> A              
     e( 21 - 21) =     12.55724  eV     1   --> A              
     e( 22 - 22) =     12.84570  eV     1   --> A              
     e( 23 - 23) =     13.53018  eV     1   --> A              
     e( 24 - 24) =     15.15212  eV     1   --> A              
     e( 25 - 25) =     16.27923  eV     1   --> A              
     e( 26 - 26) =     16.41100  eV     1   --> A              
     e( 27 - 27) =     17.10818  eV     1   --> A              
     e( 28 - 28) =     17.76228  eV     1   --> A              
     e( 29 - 29) =     18.19832  eV     1   --> A              
     e( 30 - 30) =     19.45330  eV     1   --> A              
     e( 31 - 31) =     19.68593  eV     1   --> A              
     e( 32 - 32) =     20.61223  eV     1   --> A              
     e( 33 - 33) =     20.90782  eV     1   --> A              
     e( 34 - 34) =     21.88037  eV     1   --> A              
     e( 35 - 35) =     22.91676  eV     1   --> A              
     e( 36 - 36) =     22.92892  eV     1   --> A              

 **************************************************************************

 **************************************************************************

                    xk=(   0.32778,  -0.00000,   0.00000  )

     Band symmetry, C_1 (1)     point group:

     e(  1 -  1) =    -45.34439  eV     1   --> A              
     e(  2 -  2) =    -23.74288  eV     1   --> A              
     e(  3 -  3) =    -23.49306  eV     1   --> A              
     e(  4 -  4) =    -23.19932  eV     1   --> A              
     e(  5 -  5) =    -20.57868  eV     1   --> A              
     e(  6 -  6) =    -12.48936  eV     1   --> A              
     e(  7 -  7) =     -2.88586  eV     1   --> A              
     e(  8 -  8) =     -2.69337  eV     1   --> A              
     e(  9 -  9) =     -2.52549  eV     1   --> A              
     e( 10 - 10) =     -1.19256  eV     1   --> A              
     e( 11 - 11) =     -0.74674  eV     1   --> A              
     e( 12 - 12) =      0.49120  eV     1   --> A              
     e( 13 - 13) =      3.78073  eV     1   --> A              
     e( 14 - 14) =      5.62820  eV     1   --> A              
     e( 15 - 15) =      6.43249  eV     1   --> A              
     e( 16 - 16) =      6.91419  eV     1   --> A              
     e( 17 - 17) =      7.38662  eV     1   --> A              
     e( 18 - 18) =      7.93742  eV     1   --> A              
     e( 19 - 19) =      9.67280  eV     1   --> A              
     e( 20 - 20) =     10.80367  eV     1   --> A              
     e( 21 - 21) =     12.56632  eV     1   --> A              
     e( 22 - 22) =     12.86245  eV     1   --> A              
     e( 23 - 23) =     13.48653  eV     1   --> A              
     e( 24 - 24) =     15.21121  eV     1   --> A              
     e( 25 - 25) =     16.26285  eV     1   --> A              
     e( 26 - 26) =     16.49317  eV     1   --> A              
     e( 27 - 27) =     17.14423  eV     1   --> A              
     e( 28 - 28) =     17.76159  eV     1   --> A              
     e( 29 - 29) =     18.18842  eV     1   --> A              
     e( 30 - 30) =     19.51927  eV     1   --> A              
     e( 31 - 31) =     19.76922  eV     1   --> A              
     e( 32 - 32) =     20.65140  eV     1   --> A              
     e( 33 - 33) =     20.90210  eV     1   --> A              
     e( 34 - 34) =     21.85562  eV     1   --> A              
     e( 35 - 35) =     22.87448  eV     1   --> A              
     e( 36 - 36) =     22.96165  eV     1   --> A              

 **************************************************************************

 **************************************************************************

                    xk=(   0.32222,  -0.00000,   0.00000  )

     Band symmetry, C_1 (1)     point group:

     e(  1 -  1) =    -45.34531  eV     1   --> A              
     e(  2 -  2) =    -23.74439  eV     1   --> A              
     e(  3 -  3) =    -23.48646  eV     1   --> A              
     e(  4 -  4) =    -23.19551  eV     1   --> A              
     e(  5 -  5) =    -20.57999  eV     1   --> A              
     e(  6 -  6) =    -12.50293  eV     1   --> A              
     e(  7 -  7) =     -2.87996  eV     1   --> A              
     e(  8 -  8) =     -2.70068  eV     1   --> A              
     e(  9 -  9) =     -2.52193  eV     1   --> A              
     e( 10 - 10) =     -1.16113  eV     1   --> A              
     e( 11 - 11) =     -0.74025  eV     1   --> A              
     e( 12 - 12) =      0.52103  eV     1   --> A              
     e( 13 - 13) =      3.78000  eV     1   --> A              
     e( 14 - 14) =      5.61905  eV     1   --> A              
     e( 15 - 15) =      6.41912  eV     1   --> A              
     e( 16 - 16) =      6.89760  eV     1   --> A              
     e( 17 - 17) =      7.35958  eV     1   --> A              
     e( 18 - 18) =      7.89181  eV     1   --> A              
     e( 19 - 19) =      9.63653  eV     1   --> A              
     e( 20 - 20) =     10.76355  eV     1   --> A              
     e( 21 - 21) =     12.57666  eV     1   --> A              
     e( 22 - 22) =     12.87892  eV     1   --> A              
     e( 23 - 23) =     13.44403  eV     1   --> A              
     e( 24 - 24) =     15.26751  eV     1   --> A              
     e( 25 - 25) =     16.24590  eV     1   --> A              
     e( 26 - 26) =     16.57526  eV     1   --> A              
     e( 27 - 27) =     17.18131  eV     1   --> A              
     e( 28 - 28) =     17.73236  eV     1   --> A              
     e( 29 - 29) =     18.20725  eV     1   --> A              
     e( 30 - 30) =     19.58468  eV     1   --> A              
     e( 31 - 31) =     19.85385  eV     1   --> A              
     e( 32 - 32) =     20.68211  eV     1   --> A              
     e( 33 - 33) =     20.90716  eV     1   --> A              
     e( 34 - 34) =     21.83070  eV     1   --> A              
     e( 35 - 35) =     22.83284  eV     1   --> A              
     e( 36 - 36) =     22.99612  eV     1   --> A              

 **************************************************************************

 **************************************************************************

                    xk=(   0.31667,  -0.00000,   0.00000  )

     Band symmetry, C_1 (1)     point group:

     e(  1 -  1) =    -45.34623  eV     1   --> A              
     e(  2 -  2) =    -23.74608  eV     1   --> A              
     e(  3 -  3) =    -23.47955  eV     1   --> A              
     e(  4 -  4) =    -23.19177  eV     1   --> A              
     e(  5 -  5) =    -20.58134  eV     1   --> A              
     e(  6 -  6) =    -12.51647  eV     1   --> A              
     e(  7 -  7) =     -2.87407  eV     1   --> A              
     e(  8 -  8) =     -2.70804  eV     1   --> A              
     e(  9 -  9) =     -2.51849  eV     1   --> A              
     e( 10 - 10) =     -1.13131  eV     1   --> A              
     e( 11 - 11) =     -0.73131  eV     1   --> A              
     e( 12 - 12) =      0.55048  eV     1   --> A              
     e( 13 - 13) =      3.77968  eV     1   --> A              
     e( 14 - 14) =      5.61046  eV     1   --> A              
     e( 15 - 15) =      6.40603  eV     1   --> A              
     e( 16 - 16) =      6.87894  eV     1   --> A              
     e( 17 - 17) =      7.33321  eV     1   --> A              
     e( 18 - 18) =      7.84795  eV     1   --> A              
     e( 19 - 19) =      9.59984  eV     1   --> A              
     e( 20 - 20) =     10.72365  eV     1   --> A              
     e( 21 - 21) =     12.58829  eV     1   --> A              
     e( 22 - 22) =     12.89446  eV     1   --> A              
     e( 23 - 23) =     13.40333  eV     1   --> A              
     e( 24 - 24) =     15.32015  eV     1   --> A              
     e( 25 - 25) =     16.22987  eV     1   --> A              
     e( 26 - 26) =     16.65695  eV     1   --> A              
     e( 27 - 27) =     17.21888  eV     1   --> A              
     e( 28 - 28) =     17.68087  eV     1   --> A              
     e( 29 - 29) =     18.24924  eV     1   --> A              
     e( 30 - 30) =     19.64923  eV     1   --> A              
     e( 31 - 31) =     19.93965  eV     1   --> A              
     e( 32 - 32) =     20.69950  eV     1   --> A              
     e( 33 - 33) =     20.92720  eV     1   --> A              
     e( 34 - 34) =     21.80614  eV     1   --> A              
     e( 35 - 35) =     22.79450  eV     1   --> A              
     e( 36 - 36) =     23.02965  eV     1   --> A              

 **************************************************************************

 **************************************************************************

                    xk=(   0.31111,  -0.00000,   0.00000  )

     Band symmetry, C_1 (1)     point group:

     e(  1 -  1) =    -45.34716  eV     1   --> A              
     e(  2 -  2) =    -23.74793  eV     1   --> A              
     e(  3 -  3) =    -23.47236  eV     1   --> A              
     e(  4 -  4) =    -23.18810  eV     1   --> A              
     e(  5 -  5) =    -20.58272  eV     1   --> A              
     e(  6 -  6) =    -12.52998  eV     1   --> A              
     e(  7 -  7) =     -2.86823  eV     1   --> A              
     e(  8 -  8) =     -2.71537  eV     1   --> A              
     e(  9 -  9) =     -2.51515  eV     1   --> A              
     e( 10 - 10) =     -1.10364  eV     1   --> A              
     e( 11 - 11) =     -0.71941  eV     1   --> A              
     e( 12 - 12) =      0.57956  eV     1   --> A              
     e( 13 - 13) =      3.77973  eV     1   --> A              
     e( 14 - 14) =      5.60243  eV     1   --> A              
     e( 15 - 15) =      6.39323  eV     1   --> A              
     e( 16 - 16) =      6.85817  eV     1   --> A              
     e( 17 - 17) =      7.30769  eV     1   --> A              
     e( 18 - 18) =      7.80577  eV     1   --> A              
     e( 19 - 19) =      9.56275  eV     1   --> A              
     e( 20 - 20) =     10.68398  eV     1   --> A              
     e( 21 - 21) =     12.60118  eV     1   --> A              
     e( 22 - 22) =     12.90817  eV     1   --> A              
     e( 23 - 23) =     13.36539  eV     1   --> A              
     e( 24 - 24) =     15.36809  eV     1   --> A              
     e( 25 - 25) =     16.21625  eV     1   --> A              
     e( 26 - 26) =     16.73788  eV     1   --> A              
     e( 27 - 27) =     17.25630  eV     1   --> A              
     e( 28 - 28) =     17.61624  eV     1   --> A              
     e( 29 - 29) =     18.30625  eV     1   --> A              
     e( 30 - 30) =     19.71255  eV     1   --> A              
     e( 31 - 31) =     20.02637  eV     1   --> A              
     e( 32 - 32) =     20.70289  eV     1   --> A              
     e( 33 - 33) =     20.96225  eV     1   --> A              
     e( 34 - 34) =     21.78259  eV     1   --> A              
     e( 35 - 35) =     22.75969  eV     1   --> A              
     e( 36 - 36) =     23.06189  eV     1   --> A              

 **************************************************************************

 **************************************************************************

                    xk=(   0.30556,  -0.00000,   0.00000  )

     Band symmetry, C_1 (1)     point group:

     e(  1 -  1) =    -45.34808  eV     1   --> A              
     e(  2 -  2) =    -23.74994  eV     1   --> A              
     e(  3 -  3) =    -23.46490  eV     1   --> A              
     e(  4 -  4) =    -23.18450  eV     1   --> A              
     e(  5 -  5) =    -20.58415  eV     1   --> A              
     e(  6 -  6) =    -12.54345  eV     1   --> A              
     e(  7 -  7) =     -2.86254  eV     1   --> A              
     e(  8 -  8) =     -2.72261  eV     1   --> A              
     e(  9 -  9) =     -2.51196  eV     1   --> A              
     e( 10 - 10) =     -1.07866  eV     1   --> A              
     e( 11 - 11) =     -0.70405  eV     1   --> A              
     e( 12 - 12) =      0.60824  eV     1   --> A              
     e( 13 - 13) =      3.78014  eV     1   --> A              
     e( 14 - 14) =      5.59498  eV     1   --> A              
     e( 15 - 15) =      6.38074  eV     1   --> A              
     e( 16 - 16) =      6.83530  eV     1   --> A              
     e( 17 - 17) =      7.28315  eV     1   --> A              
     e( 18 - 18) =      7.76517  eV     1   --> A              
     e( 19 - 19) =      9.52528  eV     1   --> A              
     e( 20 - 20) =     10.64451  eV     1   --> A              
     e( 21 - 21) =     12.61530  eV     1   --> A              
     e( 22 - 22) =     12.91873  eV     1   --> A              
     e( 23 - 23) =     13.33156  eV     1   --> A              
     e( 24 - 24) =     15.41013  eV     1   --> A              
     e( 25 - 25) =     16.20660  eV     1   --> A              
     e( 26 - 26) =     16.81753  eV     1   --> A              
     e( 27 - 27) =     17.29213  eV     1   --> A              
     e( 28 - 28) =     17.54610  eV     1   --> A              
     e( 29 - 29) =     18.37253  eV     1   --> A              
     e( 30 - 30) =     19.77417  eV     1   --> A              
     e( 31 - 31) =     20.11378  eV     1   --> A              
     e( 32 - 32) =     20.69595  eV     1   --> A              
     e( 33 - 33) =     21.00806  eV     1   --> A              
     e( 34 - 34) =     21.76086  eV     1   --> A              
     e( 35 - 35) =     22.72858  eV     1   --> A              
     e( 36 - 36) =     23.09257  eV     1   --> A              

 **************************************************************************

 **************************************************************************

                    xk=(   0.30000,  -0.00000,   0.00000  )

     Band symmetry, C_1 (1)     point group:

     e(  1 -  1) =    -45.34901  eV     1   --> A              
     e(  2 -  2) =    -23.75208  eV     1   --> A              
     e(  3 -  3) =    -23.45719  eV     1   --> A              
     e(  4 -  4) =    -23.18096  eV     1   --> A              
     e(  5 -  5) =    -20.58562  eV     1   --> A              
     e(  6 -  6) =    -12.55686  eV     1   --> A              
     e(  7 -  7) =     -2.85708  eV     1   --> A              
     e(  8 -  8) =     -2.72963  eV     1   --> A              
     e(  9 -  9) =     -2.50887  eV     1   --> A              
     e( 10 - 10) =     -1.05679  eV     1   --> A              
     e( 11 - 11) =     -0.68481  eV     1   --> A              
     e( 12 - 12) =      0.63651  eV     1   --> A              
     e( 13 - 13) =      3.78087  eV     1   --> A              
     e( 14 - 14) =      5.58813  eV     1   --> A              
     e( 15 - 15) =      6.36856  eV     1   --> A              
     e( 16 - 16) =      6.81044  eV     1   --> A              
     e( 17 - 17) =      7.25969  eV     1   --> A              
     e( 18 - 18) =      7.72607  eV     1   --> A              
     e( 19 - 19) =      9.48744  eV     1   --> A              
     e( 20 - 20) =     10.60523  eV     1   --> A              
     e( 21 - 21) =     12.63056  eV     1   --> A              
     e( 22 - 22) =     12.92446  eV     1   --> A              
     e( 23 - 23) =     13.30363  eV     1   --> A              
     e( 24 - 24) =     15.44499  eV     1   --> A              
     e( 25 - 25) =     16.20246  eV     1   --> A              
     e( 26 - 26) =     16.89510  eV     1   --> A              
     e( 27 - 27) =     17.32118  eV     1   --> A              
     e( 28 - 28) =     17.47974  eV     1   --> A              
     e( 29 - 29) =     18.44484  eV     1   --> A              
     e( 30 - 30) =     19.83349  eV     1   --> A              
     e( 31 - 31) =     20.20156  eV     1   --> A              
     e( 32 - 32) =     20.68281  eV     1   --> A              
     e( 33 - 33) =     21.06003  eV     1   --> A              
     e( 34 - 34) =     21.74189  eV     1   --> A              
     e( 35 - 35) =     22.70127  eV     1   --> A              
     e( 36 - 36) =     23.12141  eV     1   --> A              

 **************************************************************************

 **************************************************************************

                    xk=(   0.29444,  -0.00000,   0.00000  )

     Band symmetry, C_1 (1)     point group:

     e(  1 -  1) =    -45.34994  eV     1   --> A              
     e(  2 -  2) =    -23.75434  eV     1   --> A              
     e(  3 -  3) =    -23.44924  eV     1   --> A              
     e(  4 -  4) =    -23.17749  eV     1   --> A              
     e(  5 -  5) =    -20.58712  eV     1   --> A              
     e(  6 -  6) =    -12.57021  eV     1   --> A              
     e(  7 -  7) =     -2.85200  eV     1   --> A              
     e(  8 -  8) =     -2.73628  eV     1   --> A              
     e(  9 -  9) =     -2.50590  eV     1   --> A              
     e( 10 - 10) =     -1.03831  eV     1   --> A              
     e( 11 - 11) =     -0.66148  eV     1   --> A              
     e( 12 - 12) =      0.66436  eV     1   --> A              
     e( 13 - 13) =      3.78191  eV     1   --> A              
     e( 14 - 14) =      5.58189  eV     1   --> A              
     e( 15 - 15) =      6.35671  eV     1   --> A              
     e( 16 - 16) =      6.78371  eV     1   --> A              
     e( 17 - 17) =      7.23732  eV     1   --> A              
     e( 18 - 18) =      7.68837  eV     1   --> A              
     e( 19 - 19) =      9.44927  eV     1   --> A              
     e( 20 - 20) =     10.56612  eV     1   --> A              
     e( 21 - 21) =     12.64681  eV     1   --> A              
     e( 22 - 22) =     12.92351  eV     1   --> A              
     e( 23 - 23) =     13.28362  eV     1   --> A              
     e( 24 - 24) =     15.47148  eV     1   --> A              
     e( 25 - 25) =     16.20522  eV     1   --> A              
     e( 26 - 26) =     16.96902  eV     1   --> A              
     e( 27 - 27) =     17.32103  eV     1   --> A              
     e( 28 - 28) =     17.44298  eV     1   --> A              
     e( 29 - 29) =     18.52133  eV     1   --> A              
     e( 30 - 30) =     19.88975  eV     1   --> A              
     e( 31 - 31) =     20.28929  eV     1   --> A              
     e( 32 - 32) =     20.66634  eV     1   --> A              
     e( 33 - 33) =     21.11490  eV     1   --> A              
     e( 34 - 34) =     21.72681  eV     1   --> A              
     e( 35 - 35) =     22.67787  eV     1   --> A              
     e( 36 - 36) =     23.14816  eV     1   --> A              

 **************************************************************************

 **************************************************************************

                    xk=(   0.28889,  -0.00000,   0.00000  )

     Band symmetry, C_1 (1)     point group:

     e(  1 -  1) =    -45.35086  eV     1   --> A              
     e(  2 -  2) =    -23.75671  eV     1   --> A              
     e(  3 -  3) =    -23.44107  eV     1   --> A              
     e(  4 -  4) =    -23.17410  eV     1   --> A              
     e(  5 -  5) =    -20.58866  eV     1   --> A              
     e(  6 -  6) =    -12.58349  eV     1   --> A              
     e(  7 -  7) =     -2.84751  eV     1   --> A              
     e(  8 -  8) =     -2.74236  eV     1   --> A              
     e(  9 -  9) =     -2.50305  eV     1   --> A              
     e( 10 - 10) =     -1.02325  eV     1   --> A              
     e( 11 - 11) =     -0.63404  eV     1   --> A              
     e( 12 - 12) =      0.69179  eV     1   --> A              
     e( 13 - 13) =      3.78322  eV     1   --> A              
     e( 14 - 14) =      5.57627  eV     1   --> A              
     e( 15 - 15) =      6.34518  eV     1   --> A              
     e( 16 - 16) =      6.75530  eV     1   --> A              
     e( 17 - 17) =      7.21601  eV     1   --> A              
     e( 18 - 18) =      7.65199  eV     1   --> A              
     e( 19 - 19) =      9.41077  eV     1   --> A              
     e( 20 - 20) =     10.52716  eV     1   --> A              
     e( 21 - 21) =     12.66377  eV     1   --> A              
     e( 22 - 22) =     12.91454  eV     1   --> A              
     e( 23 - 23) =     13.27314  eV     1   --> A              
     e( 24 - 24) =     15.48883  eV     1   --> A              
     e( 25 - 25) =     16.21578  eV     1   --> A              
     e( 26 - 26) =     17.03528  eV     1   --> A              
     e( 27 - 27) =     17.27418  eV     1   --> A              
     e( 28 - 28) =     17.45847  eV     1   --> A              
     e( 29 - 29) =     18.60093  eV     1   --> A              
     e( 30 - 30) =     19.94196  eV     1   --> A              
     e( 31 - 31) =     20.37631  eV     1   --> A              
     e( 32 - 32) =     20.64869  eV     1   --> A              
     e( 33 - 33) =     21.17046  eV     1   --> A              
     e( 34 - 34) =     21.71688  eV     1   --> A              
     e( 35 - 35) =     22.65847  eV     1   --> A              
     e( 36 - 36) =     23.17256  eV     1   --> A              

 **************************************************************************

 **************************************************************************

                    xk=(   0.28333,  -0.00000,   0.00000  )

     Band symmetry, C_1 (1)     point group:

     e(  1 -  1) =    -45.35179  eV     1   --> A              
     e(  2 -  2) =    -23.75918  eV     1   --> A              
     e(  3 -  3) =    -23.43271  eV     1   --> A              
     e(  4 -  4) =    -23.17077  eV     1   --> A              
     e(  5 -  5) =    -20.59024  eV     1   --> A              
     e(  6 -  6) =    -12.59668  eV     1   --> A              
     e(  7 -  7) =     -2.84388  eV     1   --> A              
     e(  8 -  8) =     -2.74759  eV     1   --> A              
     e(  9 -  9) =     -2.50033  eV     1   --> A              
     e( 10 - 10) =     -1.01144  eV     1   --> A              
     e( 11 - 11) =     -0.60270  eV     1   --> A              
     e( 12 - 12) =      0.71877  eV     1   --> A              
     e( 13 - 13) =      3.78478  eV     1   --> A              
     e( 14 - 14) =      5.57127  eV     1   --> A              
     e( 15 - 15) =      6.33399  eV     1   --> A              
     e( 16 - 16) =      6.72543  eV     1   --> A              
     e( 17 - 17) =      7.19568  eV     1   --> A              
     e( 18 - 18) =      7.61685  eV     1   --> A              
     e( 19 - 19) =      9.37199  eV     1   --> A              
     e( 20 - 20) =     10.48834  eV     1   --> A              
     e( 21 - 21) =     12.68085  eV     1   --> A              
     e( 22 - 22) =     12.89769  eV     1   --> A              
     e( 23 - 23) =     13.27264  eV     1   --> A              
     e( 24 - 24) =     15.49684  eV     1   --> A              
     e( 25 - 25) =     16.23439  eV     1   --> A              
     e( 26 - 26) =     17.07797  eV     1   --> A              
     e( 27 - 27) =     17.22682  eV     1   --> A              
     e( 28 - 28) =     17.49671  eV     1   --> A              
     e( 29 - 29) =     18.68298  eV     1   --> A              
     e( 30 - 30) =     19.98885  eV     1   --> A              
     e( 31 - 31) =     20.46117  eV     1   --> A              
     e( 32 - 32) =     20.63244  eV     1   --> A              
     e( 33 - 33) =     21.22507  eV     1   --> A              
     e( 34 - 34) =     21.71350  eV     1   --> A              
     e( 35 - 35) =     22.64318  eV     1   --> A              
     e( 36 - 36) =     23.19440  eV     1   --> A              

 **************************************************************************

 **************************************************************************

                    xk=(   0.27778,  -0.00000,   0.00000  )

     Band symmetry, C_1 (1)     point group:

     e(  1 -  1) =    -45.35271  eV     1   --> A              
     e(  2 -  2) =    -23.76174  eV     1   --> A              
     e(  3 -  3) =    -23.42417  eV     1   --> A              
     e(  4 -  4) =    -23.16752  eV     1   --> A              
     e(  5 -  5) =    -20.59186  eV     1   --> A              
     e(  6 -  6) =    -12.60978  eV     1   --> A              
     e(  7 -  7) =     -2.84144  eV     1   --> A              
     e(  8 -  8) =     -2.75162  eV     1   --> A              
     e(  9 -  9) =     -2.49773  eV     1   --> A              
     e( 10 - 10) =     -1.00252  eV     1   --> A              
     e( 11 - 11) =     -0.56784  eV     1   --> A              
     e( 12 - 12) =      0.74531  eV     1   --> A              
     e( 13 - 13) =      3.78655  eV     1   --> A              
     e( 14 - 14) =      5.56691  eV     1   --> A              
     e( 15 - 15) =      6.32314  eV     1   --> A              
     e( 16 - 16) =      6.69436  eV     1   --> A              
     e( 17 - 17) =      7.17624  eV     1   --> A              
     e( 18 - 18) =      7.58286  eV     1   --> A              
     e( 19 - 19) =      9.33295  eV     1   --> A              
     e( 20 - 20) =     10.44963  eV     1   --> A              
     e( 21 - 21) =     12.69676  eV     1   --> A              
     e( 22 - 22) =     12.87517  eV     1   --> A              
     e( 23 - 23) =     13.28120  eV     1   --> A              
     e( 24 - 24) =     15.49604  eV     1   --> A              
     e( 25 - 25) =     16.26045  eV     1   --> A              
     e( 26 - 26) =     17.05724  eV     1   --> A              
     e( 27 - 27) =     17.23360  eV     1   --> A              
     e( 28 - 28) =     17.54352  eV     1   --> A              
     e( 29 - 29) =     18.76702  eV     1   --> A              
     e( 30 - 30) =     20.02878  eV     1   --> A              
     e( 31 - 31) =     20.53754  eV     1   --> A              
     e( 32 - 32) =     20.62498  eV     1   --> A              
     e( 33 - 33) =     21.27736  eV     1   --> A              
     e( 34 - 34) =     21.71805  eV     1   --> A              
     e( 35 - 35) =     22.63214  eV     1   --> A              
     e( 36 - 36) =     23.21345  eV     1   --> A              

 **************************************************************************

 **************************************************************************

                    xk=(   0.27222,  -0.00000,   0.00000  )

     Band symmetry, C_1 (1)     point group:

     e(  1 -  1) =    -45.35363  eV     1   --> A              
     e(  2 -  2) =    -23.76438  eV     1   --> A              
     e(  3 -  3) =    -23.41547  eV     1   --> A              
     e(  4 -  4) =    -23.16433  eV     1   --> A              
     e(  5 -  5) =    -20.59352  eV     1   --> A              
     e(  6 -  6) =    -12.62278  eV     1   --> A              
     e(  7 -  7) =     -2.84056  eV     1   --> A              
     e(  8 -  8) =     -2.75410  eV     1   --> A              
     e(  9 -  9) =     -2.49525  eV     1   --> A              
     e( 10 - 10) =     -0.99611  eV     1   --> A              
     e( 11 - 11) =     -0.52989  eV     1   --> A              
     e( 12 - 12) =      0.77139  eV     1   --> A              
     e( 13 - 13) =      3.78851  eV     1   --> A              
     e( 14 - 14) =      5.56320  eV     1   --> A              
     e( 15 - 15) =      6.31262  eV     1   --> A              
     e( 16 - 16) =      6.66234  eV     1   --> A              
     e( 17 - 17) =      7.15755  eV     1   --> A              
     e( 18 - 18) =      7.54997  eV     1   --> A              
     e( 19 - 19) =      9.29367  eV     1   --> A              
     e( 20 - 20) =     10.41101  eV     1   --> A              
     e( 21 - 21) =     12.70838  eV     1   --> A              
     e( 22 - 22) =     12.85176  eV     1   --> A              
     e( 23 - 23) =     13.29713  eV     1   --> A              
     e( 24 - 24) =     15.48746  eV     1   --> A              
     e( 25 - 25) =     16.29268  eV     1   --> A              
     e( 26 - 26) =     16.99252  eV     1   --> A              
     e( 27 - 27) =     17.27815  eV     1   --> A              
     e( 28 - 28) =     17.59647  eV     1   --> A              
     e( 29 - 29) =     18.85272  eV     1   --> A              
     e( 30 - 30) =     20.05980  eV     1   --> A              
     e( 31 - 31) =     20.57323  eV     1   --> A              
     e( 32 - 32) =     20.65975  eV     1   --> A              
     e( 33 - 33) =     21.32634  eV     1   --> A              
     e( 34 - 34) =     21.73172  eV     1   --> A              
     e( 35 - 35) =     22.62553  eV     1   --> A              
     e( 36 - 36) =     23.22956  eV     1   --> A              

 **************************************************************************

 **************************************************************************

                    xk=(   0.26667,  -0.00000,   0.00000  )

     Band symmetry, C_1 (1)     point group:

     e(  1 -  1) =    -45.35454  eV     1   --> A              
     e(  2 -  2) =    -23.76707  eV     1   --> A              
     e(  3 -  3) =    -23.40662  eV     1   --> A              
     e(  4 -  4) =    -23.16122  eV     1   --> A              
     e(  5 -  5) =    -20.59521  eV     1   --> A              
     e(  6 -  6) =    -12.63566  eV     1   --> A              
     e(  7 -  7) =     -2.84147  eV     1   --> A              
     e(  8 -  8) =     -2.75476  eV     1   --> A              
     e(  9 -  9) =     -2.49288  eV     1   --> A              
     e( 10 - 10) =     -0.99177  eV     1   --> A              
     e( 11 - 11) =     -0.48932  eV     1   --> A              
     e( 12 - 12) =      0.79700  eV     1   --> A              
     e( 13 - 13) =      3.79063  eV     1   --> A              
     e( 14 - 14) =      5.56014  eV     1   --> A              
     e( 15 - 15) =      6.30246  eV     1   --> A              
     e( 16 - 16) =      6.62962  eV     1   --> A              
     e( 17 - 17) =      7.13948  eV     1   --> A              
     e( 18 - 18) =      7.51810  eV     1   --> A              
     e( 19 - 19) =      9.25420  eV     1   --> A              
     e( 20 - 20) =     10.37246  eV     1   --> A              
     e( 21 - 21) =     12.70899  eV     1   --> A              
     e( 22 - 22) =     12.83588  eV     1   --> A              
     e( 23 - 23) =     13.31873  eV     1   --> A              
     e( 24 - 24) =     15.47245  eV     1   --> A              
     e( 25 - 25) =     16.32921  eV     1   --> A              
     e( 26 - 26) =     16.91830  eV     1   --> A              
     e( 27 - 27) =     17.32722  eV     1   --> A              
     e( 28 - 28) =     17.65518  eV     1   --> A              
     e( 29 - 29) =     18.93984  eV     1   --> A              
     e( 30 - 30) =     20.07980  eV     1   --> A              
     e( 31 - 31) =     20.57344  eV     1   --> A              
     e( 32 - 32) =     20.73284  eV     1   --> A              
     e( 33 - 33) =     21.37159  eV     1   --> A              
     e( 34 - 34) =     21.75511  eV     1   --> A              
     e( 35 - 35) =     22.62356  eV     1   --> A              
     e( 36 - 36) =     23.24261  eV     1   --> A              

 **************************************************************************

 **************************************************************************

                    xk=(   0.26111,  -0.00000,   0.00000  )

     Band symmetry, C_1 (1)     point group:

     e(  1 -  1) =    -45.35546  eV     1   --> A              
     e(  2 -  2) =    -23.76983  eV     1   --> A              
     e(  3 -  3) =    -23.39764  eV     1   --> A              
     e(  4 -  4) =    -23.15817  eV     1   --> A              
     e(  5 -  5) =    -20.59694  eV     1   --> A              
     e(  6 -  6) =    -12.64842  eV     1   --> A              
     e(  7 -  7) =     -2.84425  eV     1   --> A              
     e(  8 -  8) =     -2.75356  eV     1   --> A              
     e(  9 -  9) =     -2.49062  eV     1   --> A              
     e( 10 - 10) =     -0.98915  eV     1   --> A              
     e( 11 - 11) =     -0.44651  eV     1   --> A              
     e( 12 - 12) =      0.82213  eV     1   --> A              
     e( 13 - 13) =      3.79286  eV     1   --> A              
     e( 14 - 14) =      5.55775  eV     1   --> A              
     e( 15 - 15) =      6.29264  eV     1   --> A              
     e( 16 - 16) =      6.59645  eV     1   --> A              
     e( 17 - 17) =      7.12193  eV     1   --> A              
     e( 18 - 18) =      7.48721  eV     1   --> A              
     e( 19 - 19) =      9.21456  eV     1   --> A              
     e( 20 - 20) =     10.33396  eV     1   --> A              
     e( 21 - 21) =     12.69165  eV     1   --> A              
     e( 22 - 22) =     12.83585  eV     1   --> A              
     e( 23 - 23) =     13.34460  eV     1   --> A              
     e( 24 - 24) =     15.45233  eV     1   --> A              
     e( 25 - 25) =     16.36744  eV     1   --> A              
     e( 26 - 26) =     16.84423  eV     1   --> A              
     e( 27 - 27) =     17.37291  eV     1   --> A              
     e( 28 - 28) =     17.71937  eV     1   --> A              
     e( 29 - 29) =     19.02815  eV     1   --> A              
     e( 30 - 30) =     20.08709  eV     1   --> A              
     e( 31 - 31) =     20.57285  eV     1   --> A              
     e( 32 - 32) =     20.81043  eV     1   --> A              
     e( 33 - 33) =     21.41347  eV     1   --> A              
     e( 34 - 34) =     21.78794  eV     1   --> A              
     e( 35 - 35) =     22.62648  eV     1   --> A              
     e( 36 - 36) =     23.25251  eV     1   --> A              

 **************************************************************************

 **************************************************************************

                    xk=(   0.25556,  -0.00000,   0.00000  )

     Band symmetry, C_1 (1)     point group:

     e(  1 -  1) =    -45.35636  eV     1   --> A              
     e(  2 -  2) =    -23.77264  eV     1   --> A              
     e(  3 -  3) =    -23.38855  eV     1   --> A              
     e(  4 -  4) =    -23.15520  eV     1   --> A              
     e(  5 -  5) =    -20.59870  eV     1   --> A              
     e(  6 -  6) =    -12.66105  eV     1   --> A              
     e(  7 -  7) =     -2.84871  eV     1   --> A              
     e(  8 -  8) =     -2.75064  eV     1   --> A              
     e(  9 -  9) =     -2.48848  eV     1   --> A              
     e( 10 - 10) =     -0.98791  eV     1   --> A              
     e( 11 - 11) =     -0.40184  eV     1   --> A              
     e( 12 - 12) =      0.84678  eV     1   --> A              
     e( 13 - 13) =      3.79518  eV     1   --> A              
     e( 14 - 14) =      5.55601  eV     1   --> A              
     e( 15 - 15) =      6.28317  eV     1   --> A              
     e( 16 - 16) =      6.56306  eV     1   --> A              
     e( 17 - 17) =      7.10476  eV     1   --> A              
     e( 18 - 18) =      7.45725  eV     1   --> A              
     e( 19 - 19) =      9.17480  eV     1   --> A              
     e( 20 - 20) =     10.29549  eV     1   --> A              
     e( 21 - 21) =     12.65903  eV     1   --> A              
     e( 22 - 22) =     12.84998  eV     1   --> A              
     e( 23 - 23) =     13.37372  eV     1   --> A              
     e( 24 - 24) =     15.42832  eV     1   --> A              
     e( 25 - 25) =     16.40334  eV     1   --> A              
     e( 26 - 26) =     16.77549  eV     1   --> A              
     e( 27 - 27) =     17.41370  eV     1   --> A              
     e( 28 - 28) =     17.78840  eV     1   --> A              
     e( 29 - 29) =     19.11745  eV     1   --> A              
     e( 30 - 30) =     20.08103  eV     1   --> A              
     e( 31 - 31) =     20.57775  eV     1   --> A              
     e( 32 - 32) =     20.88612  eV     1   --> A              
     e( 33 - 33) =     21.45310  eV     1   --> A              
     e( 34 - 34) =     21.82905  eV     1   --> A              
     e( 35 - 35) =     22.63456  eV     1   --> A              
     e( 36 - 36) =     23.25925  eV     1   --> A              

 **************************************************************************

 **************************************************************************

                    xk=(   0.25000,  -0.00000,   0.00000  )

     Band symmetry, C_1 (1)     point group:

     e(  1 -  1) =    -45.35726  eV     1   --> A              
     e(  2 -  2) =    -23.77548  eV     1   --> A              
     e(  3 -  3) =    -23.37937  eV     1   --> A              
     e(  4 -  4) =    -23.15230  eV     1   --> A              
     e(  5 -  5) =    -20.60050  eV     1   --> A              
     e(  6 -  6) =    -12.67355  eV     1   --> A              
     e(  7 -  7) =     -2.85456  eV     1   --> A              
     e(  8 -  8) =     -2.74633  eV     1   --> A              
     e(  9 -  9) =     -2.48646  eV     1   --> A              
     e( 10 - 10) =     -0.98780  eV     1   --> A              
     e( 11 - 11) =     -0.35561  eV     1   --> A              
     e( 12 - 12) =      0.87094  eV     1   --> A              
     e( 13 - 13) =      3.79756  eV     1   --> A              
     e( 14 - 14) =      5.55493  eV     1   --> A              
     e( 15 - 15) =      6.27404  eV     1   --> A              
     e( 16 - 16) =      6.52964  eV     1   --> A              
     e( 17 - 17) =      7.08787  eV     1   --> A              
     e( 18 - 18) =      7.42817  eV     1   --> A              
     e( 19 - 19) =      9.13495  eV     1   --> A              
     e( 20 - 20) =     10.25702  eV     1   --> A              
     e( 21 - 21) =     12.61804  eV     1   --> A              
     e( 22 - 22) =     12.87210  eV     1   --> A              
     e( 23 - 23) =     13.40534  eV     1   --> A              
     e( 24 - 24) =     15.40144  eV     1   --> A              
     e( 25 - 25) =     16.42915  eV     1   --> A              
     e( 26 - 26) =     16.71979  eV     1   --> A              
     e( 27 - 27) =     17.44964  eV     1   --> A              
     e( 28 - 28) =     17.86136  eV     1   --> A              
     e( 29 - 29) =     19.20755  eV     1   --> A              
     e( 30 - 30) =     20.06239  eV     1   --> A              
     e( 31 - 31) =     20.58860  eV     1   --> A              
     e( 32 - 32) =     20.95804  eV     1   --> A              
     e( 33 - 33) =     21.49194  eV     1   --> A              
     e( 34 - 34) =     21.87672  eV     1   --> A              
     e( 35 - 35) =     22.64806  eV     1   --> A              
     e( 36 - 36) =     23.26279  eV     1   --> A              

 **************************************************************************

 **************************************************************************

                    xk=(   0.24444,  -0.00000,   0.00000  )

     Band symmetry, C_1 (1)     point group:

     e(  1 -  1) =    -45.35816  eV     1   --> A              
     e(  2 -  2) =    -23.77835  eV     1   --> A              
     e(  3 -  3) =    -23.37011  eV     1   --> A              
     e(  4 -  4) =    -23.14946  eV     1   --> A              
     e(  5 -  5) =    -20.60233  eV     1   --> A              
     e(  6 -  6) =    -12.68589  eV     1   --> A              
     e(  7 -  7) =     -2.86148  eV     1   --> A              
     e(  8 -  8) =     -2.74092  eV     1   --> A              
     e(  9 -  9) =     -2.48454  eV     1   --> A              
     e( 10 - 10) =     -0.98860  eV     1   --> A              
     e( 11 - 11) =     -0.30806  eV     1   --> A              
     e( 12 - 12) =      0.89460  eV     1   --> A              
     e( 13 - 13) =      3.79997  eV     1   --> A              
     e( 14 - 14) =      5.55453  eV     1   --> A              
     e( 15 - 15) =      6.26525  eV     1   --> A              
     e( 16 - 16) =      6.49637  eV     1   --> A              
     e( 17 - 17) =      7.07120  eV     1   --> A              
     e( 18 - 18) =      7.39996  eV     1   --> A              
     e( 19 - 19) =      9.09504  eV     1   --> A              
     e( 20 - 20) =     10.21853  eV     1   --> A              
     e( 21 - 21) =     12.57273  eV     1   --> A              
     e( 22 - 22) =     12.89863  eV     1   --> A              
     e( 23 - 23) =     13.43895  eV     1   --> A              
     e( 24 - 24) =     15.37251  eV     1   --> A              
     e( 25 - 25) =     16.43128  eV     1   --> A              
     e( 26 - 26) =     16.69040  eV     1   --> A              
     e( 27 - 27) =     17.48128  eV     1   --> A              
     e( 28 - 28) =     17.93730  eV     1   --> A              
     e( 29 - 29) =     19.29821  eV     1   --> A              
     e( 30 - 30) =     20.03296  eV     1   --> A              
     e( 31 - 31) =     20.60428  eV     1   --> A              
     e( 32 - 32) =     21.02504  eV     1   --> A              
     e( 33 - 33) =     21.53137  eV     1   --> A              
     e( 34 - 34) =     21.92910  eV     1   --> A              
     e( 35 - 35) =     22.66723  eV     1   --> A              
     e( 36 - 36) =     23.26305  eV     1   --> A              

 **************************************************************************

 **************************************************************************

                    xk=(   0.23889,  -0.00000,   0.00000  )

     Band symmetry, C_1 (1)     point group:

     e(  1 -  1) =    -45.35904  eV     1   --> A              
     e(  2 -  2) =    -23.78125  eV     1   --> A              
     e(  3 -  3) =    -23.36079  eV     1   --> A              
     e(  4 -  4) =    -23.14669  eV     1   --> A              
     e(  5 -  5) =    -20.60419  eV     1   --> A              
     e(  6 -  6) =    -12.69808  eV     1   --> A              
     e(  7 -  7) =     -2.86919  eV     1   --> A              
     e(  8 -  8) =     -2.73469  eV     1   --> A              
     e(  9 -  9) =     -2.48270  eV     1   --> A              
     e( 10 - 10) =     -0.99015  eV     1   --> A              
     e( 11 - 11) =     -0.25940  eV     1   --> A              
     e( 12 - 12) =      0.91775  eV     1   --> A              
     e( 13 - 13) =      3.80237  eV     1   --> A              
     e( 14 - 14) =      5.55478  eV     1   --> A              
     e( 15 - 15) =      6.25680  eV     1   --> A              
     e( 16 - 16) =      6.46341  eV     1   --> A              
     e( 17 - 17) =      7.05466  eV     1   --> A              
     e( 18 - 18) =      7.37258  eV     1   --> A              
     e( 19 - 19) =      9.05513  eV     1   --> A              
     e( 20 - 20) =     10.18000  eV     1   --> A              
     e( 21 - 21) =     12.52500  eV     1   --> A              
     e( 22 - 22) =     12.92803  eV     1   --> A              
     e( 23 - 23) =     13.47414  eV     1   --> A              
     e( 24 - 24) =     15.34221  eV     1   --> A              
     e( 25 - 25) =     16.40074  eV     1   --> A              
     e( 26 - 26) =     16.69599  eV     1   --> A              
     e( 27 - 27) =     17.50921  eV     1   --> A              
     e( 28 - 28) =     18.01537  eV     1   --> A              
     e( 29 - 29) =     19.38912  eV     1   --> A              
     e( 30 - 30) =     19.99495  eV     1   --> A              
     e( 31 - 31) =     20.62333  eV     1   --> A              
     e( 32 - 32) =     21.08619  eV     1   --> A              
     e( 33 - 33) =     21.57234  eV     1   --> A              
     e( 34 - 34) =     21.98447  eV     1   --> A              
     e( 35 - 35) =     22.69224  eV     1   --> A              
     e( 36 - 36) =     23.25960  eV     1   --> A              

 **************************************************************************

 **************************************************************************

                    xk=(   0.23333,  -0.00000,   0.00000  )

     Band symmetry, C_1 (1)     point group:

     e(  1 -  1) =    -45.35991  eV     1   --> A              
     e(  2 -  2) =    -23.78416  eV     1   --> A              
     e(  3 -  3) =    -23.35140  eV     1   --> A              
     e(  4 -  4) =    -23.14400  eV     1   --> A              
     e(  5 -  5) =    -20.60607  eV     1   --> A              
     e(  6 -  6) =    -12.71011  eV     1   --> A              
     e(  7 -  7) =     -2.87749  eV     1   --> A              
     e(  8 -  8) =     -2.72780  eV     1   --> A              
     e(  9 -  9) =     -2.48099  eV     1   --> A              
     e( 10 - 10) =     -0.99230  eV     1   --> A              
     e( 11 - 11) =     -0.20982  eV     1   --> A              
     e( 12 - 12) =      0.94039  eV     1   --> A              
     e( 13 - 13) =      3.80474  eV     1   --> A              
     e( 14 - 14) =      5.55570  eV     1   --> A              
     e( 15 - 15) =      6.24869  eV     1   --> A              
     e( 16 - 16) =      6.43092  eV     1   --> A              
     e( 17 - 17) =      7.03821  eV     1   --> A              
     e( 18 - 18) =      7.34601  eV     1   --> A              
     e( 19 - 19) =      9.01526  eV     1   --> A              
     e( 20 - 20) =     10.14142  eV     1   --> A              
     e( 21 - 21) =     12.47583  eV     1   --> A              
     e( 22 - 22) =     12.95959  eV     1   --> A              
     e( 23 - 23) =     13.51059  eV     1   --> A              
     e( 24 - 24) =     15.31108  eV     1   --> A              
     e( 25 - 25) =     16.34695  eV     1   --> A              
     e( 26 - 26) =     16.72684  eV     1   --> A              
     e( 27 - 27) =     17.53395  eV     1   --> A              
     e( 28 - 28) =     18.09485  eV     1   --> A              
     e( 29 - 29) =     19.47979  eV     1   --> A              
     e( 30 - 30) =     19.95061  eV     1   --> A              
     e( 31 - 31) =     20.64455  eV     1   --> A              
     e( 32 - 32) =     21.14070  eV     1   --> A              
     e( 33 - 33) =     21.61531  eV     1   --> A              
     e( 34 - 34) =     22.04129  eV     1   --> A              
     e( 35 - 35) =     22.72316  eV     1   --> A              
     e( 36 - 36) =     23.25118  eV     1   --> A              

 **************************************************************************

 **************************************************************************

                    xk=(   0.22778,  -0.00000,   0.00000  )

     Band symmetry, C_1 (1)     point group:

     e(  1 -  1) =    -45.36078  eV     1   --> A              
     e(  2 -  2) =    -23.78708  eV     1   --> A              
     e(  3 -  3) =    -23.34198  eV     1   --> A              
     e(  4 -  4) =    -23.14138  eV     1   --> A              
     e(  5 -  5) =    -20.60799  eV     1   --> A              
     e(  6 -  6) =    -12.72196  eV     1   --> A              
     e(  7 -  7) =     -2.88622  eV     1   --> A              
     e(  8 -  8) =     -2.72045  eV     1   --> A              
     e(  9 -  9) =     -2.47938  eV     1   --> A              
     e( 10 - 10) =     -0.99495  eV     1   --> A              
     e( 11 - 11) =     -0.15946  eV     1   --> A              
     e( 12 - 12) =      0.96252  eV     1   --> A              
     e( 13 - 13) =      3.80704  eV     1   --> A              
     e( 14 - 14) =      5.55727  eV     1   --> A              
     e( 15 - 15) =      6.24089  eV     1   --> A              
     e( 16 - 16) =      6.39899  eV     1   --> A              
     e( 17 - 17) =      7.02181  eV     1   --> A              
     e( 18 - 18) =      7.32023  eV     1   --> A              
     e( 19 - 19) =      8.97546  eV     1   --> A              
     e( 20 - 20) =     10.10277  eV     1   --> A              
     e( 21 - 21) =     12.42577  eV     1   --> A              
     e( 22 - 22) =     12.99296  eV     1   --> A              
     e( 23 - 23) =     13.54805  eV     1   --> A              
     e( 24 - 24) =     15.27954  eV     1   --> A              
     e( 25 - 25) =     16.28253  eV     1   --> A              
     e( 26 - 26) =     16.77009  eV     1   --> A              
     e( 27 - 27) =     17.55592  eV     1   --> A              
     e( 28 - 28) =     18.17518  eV     1   --> A              
     e( 29 - 29) =     19.56911  eV     1   --> A              
     e( 30 - 30) =     19.90238  eV     1   --> A              
     e( 31 - 31) =     20.66718  eV     1   --> A              
     e( 32 - 32) =     21.18797  eV     1   --> A              
     e( 33 - 33) =     21.66028  eV     1   --> A              
     e( 34 - 34) =     22.09812  eV     1   --> A              
     e( 35 - 35) =     22.75995  eV     1   --> A              
     e( 36 - 36) =     23.23575  eV     1   --> A              

 **************************************************************************

 **************************************************************************

                    xk=(   0.22222,  -0.00000,   0.00000  )

     Band symmetry, C_1 (1)     point group:

     e(  1 -  1) =    -45.36164  eV     1   --> A              
     e(  2 -  2) =    -23.79000  eV     1   --> A              
     e(  3 -  3) =    -23.33255  eV     1   --> A              
     e(  4 -  4) =    -23.13882  eV     1   --> A              
     e(  5 -  5) =    -20.60993  eV     1   --> A              
     e(  6 -  6) =    -12.73363  eV     1   --> A              
     e(  7 -  7) =     -2.89526  eV     1   --> A              
     e(  8 -  8) =     -2.71275  eV     1   --> A              
     e(  9 -  9) =     -2.47788  eV     1   --> A              
     e( 10 - 10) =     -0.99802  eV     1   --> A              
     e( 11 - 11) =     -0.10845  eV     1   --> A              
     e( 12 - 12) =      0.98412  eV     1   --> A              
     e( 13 - 13) =      3.80924  eV     1   --> A              
     e( 14 - 14) =      5.55947  eV     1   --> A              
     e( 15 - 15) =      6.23340  eV     1   --> A              
     e( 16 - 16) =      6.36773  eV     1   --> A              
     e( 17 - 17) =      7.00543  eV     1   --> A              
     e( 18 - 18) =      7.29522  eV     1   --> A              
     e( 19 - 19) =      8.93577  eV     1   --> A              
     e( 20 - 20) =     10.06402  eV     1   --> A              
     e( 21 - 21) =     12.37520  eV     1   --> A              
     e( 22 - 22) =     13.02792  eV     1   --> A              
     e( 23 - 23) =     13.58629  eV     1   --> A              
     e( 24 - 24) =     15.24797  eV     1   --> A              
     e( 25 - 25) =     16.21399  eV     1   --> A              
     e( 26 - 26) =     16.81898  eV     1   --> A              
     e( 27 - 27) =     17.57544  eV     1   --> A              
     e( 28 - 28) =     18.25587  eV     1   --> A              
     e( 29 - 29) =     19.65332  eV     1   --> A              
     e( 30 - 30) =     19.85503  eV     1   --> A              
     e( 31 - 31) =     20.69087  eV     1   --> A              
     e( 32 - 32) =     21.22765  eV     1   --> A              
     e( 33 - 33) =     21.70686  eV     1   --> A              
     e( 34 - 34) =     22.15356  eV     1   --> A              
     e( 35 - 35) =     22.80248  eV     1   --> A              
     e( 36 - 36) =     23.21367  eV     1   --> A              

 **************************************************************************

 **************************************************************************

                    xk=(   0.21667,  -0.00000,   0.00000  )

     Band symmetry, C_1 (1)     point group:

     e(  1 -  1) =    -45.36249  eV     1   --> A              
     e(  2 -  2) =    -23.79292  eV     1   --> A              
     e(  3 -  3) =    -23.32312  eV     1   --> A              
     e(  4 -  4) =    -23.13634  eV     1   --> A              
     e(  5 -  5) =    -20.61189  eV     1   --> A              
     e(  6 -  6) =    -12.74511  eV     1   --> A              
     e(  7 -  7) =     -2.90454  eV     1   --> A              
     e(  8 -  8) =     -2.70477  eV     1   --> A              
     e(  9 -  9) =     -2.47647  eV     1   --> A              
     e( 10 - 10) =     -1.00144  eV     1   --> A              
     e( 11 - 11) =     -0.05692  eV     1   --> A              
     e( 12 - 12) =      1.00519  eV     1   --> A              
     e( 13 - 13) =      3.81133  eV     1   --> A              
     e( 14 - 14) =      5.56231  eV     1   --> A              
     e( 15 - 15) =      6.22621  eV     1   --> A              
     e( 16 - 16) =      6.33723  eV     1   --> A              
     e( 17 - 17) =      6.98907  eV     1   --> A              
     e( 18 - 18) =      7.27096  eV     1   --> A              
     e( 19 - 19) =      8.89625  eV     1   --> A              
     e( 20 - 20) =     10.02516  eV     1   --> A              
     e( 21 - 21) =     12.32439  eV     1   --> A              
     e( 22 - 22) =     13.06435  eV     1   --> A              
     e( 23 - 23) =     13.62509  eV     1   --> A              
     e( 24 - 24) =     15.21669  eV     1   --> A              
     e( 25 - 25) =     16.14421  eV     1   --> A              
     e( 26 - 26) =     16.87050  eV     1   --> A              
     e( 27 - 27) =     17.59276  eV     1   --> A              
     e( 28 - 28) =     18.33653  eV     1   --> A              
     e( 29 - 29) =     19.71076  eV     1   --> A              
     e( 30 - 30) =     19.83090  eV     1   --> A              
     e( 31 - 31) =     20.71562  eV     1   --> A              
     e( 32 - 32) =     21.25967  eV     1   --> A              
     e( 33 - 33) =     21.75430  eV     1   --> A              
     e( 34 - 34) =     22.20628  eV     1   --> A              
     e( 35 - 35) =     22.85053  eV     1   --> A              
     e( 36 - 36) =     23.18902  eV     1   --> A              

 **************************************************************************

 **************************************************************************

                    xk=(   0.21111,  -0.00000,   0.00000  )

     Band symmetry, C_1 (1)     point group:

     e(  1 -  1) =    -45.36333  eV     1   --> A              
     e(  2 -  2) =    -23.79583  eV     1   --> A              
     e(  3 -  3) =    -23.31370  eV     1   --> A              
     e(  4 -  4) =    -23.13393  eV     1   --> A              
     e(  5 -  5) =    -20.61388  eV     1   --> A              
     e(  6 -  6) =    -12.75640  eV     1   --> A              
     e(  7 -  7) =     -2.91398  eV     1   --> A              
     e(  8 -  8) =     -2.69658  eV     1   --> A              
     e(  9 -  9) =     -2.47516  eV     1   --> A              
     e( 10 - 10) =     -1.00514  eV     1   --> A              
     e( 11 - 11) =     -0.00496  eV     1   --> A              
     e( 12 - 12) =      1.02572  eV     1   --> A              
     e( 13 - 13) =      3.81326  eV     1   --> A              
     e( 14 - 14) =      5.56576  eV     1   --> A              
     e( 15 - 15) =      6.21929  eV     1   --> A              
     e( 16 - 16) =      6.30757  eV     1   --> A              
     e( 17 - 17) =      6.97274  eV     1   --> A              
     e( 18 - 18) =      7.24744  eV     1   --> A              
     e( 19 - 19) =      8.85693  eV     1   --> A              
     e( 20 - 20) =      9.98619  eV     1   --> A              
     e( 21 - 21) =     12.27353  eV     1   --> A              
     e( 22 - 22) =     13.10215  eV     1   --> A              
     e( 23 - 23) =     13.66425  eV     1   --> A              
     e( 24 - 24) =     15.18597  eV     1   --> A              
     e( 25 - 25) =     16.07451  eV     1   --> A              
     e( 26 - 26) =     16.92315  eV     1   --> A              
     e( 27 - 27) =     17.60810  eV     1   --> A              
     e( 28 - 28) =     18.41681  eV     1   --> A              
     e( 29 - 29) =     19.69249  eV     1   --> A              
     e( 30 - 30) =     19.87937  eV     1   --> A              
     e( 31 - 31) =     20.74163  eV     1   --> A              
     e( 32 - 32) =     21.28420  eV     1   --> A              
     e( 33 - 33) =     21.80155  eV     1   --> A              
     e( 34 - 34) =     22.25508  eV     1   --> A              
     e( 35 - 35) =     22.90374  eV     1   --> A              
     e( 36 - 36) =     23.16539  eV     1   --> A              

 **************************************************************************

 **************************************************************************

                    xk=(   0.20556,  -0.00000,   0.00000  )

     Band symmetry, C_1 (1)     point group:

     e(  1 -  1) =    -45.36416  eV     1   --> A              
     e(  2 -  2) =    -23.79872  eV     1   --> A              
     e(  3 -  3) =    -23.30432  eV     1   --> A              
     e(  4 -  4) =    -23.13159  eV     1   --> A              
     e(  5 -  5) =    -20.61588  eV     1   --> A              
     e(  6 -  6) =    -12.76748  eV     1   --> A              
     e(  7 -  7) =     -2.92353  eV     1   --> A              
     e(  8 -  8) =     -2.68823  eV     1   --> A              
     e(  9 -  9) =     -2.47394  eV     1   --> A              
     e( 10 - 10) =     -1.00908  eV     1   --> A              
     e( 11 - 11) =      0.04732  eV     1   --> A              
     e( 12 - 12) =      1.04572  eV     1   --> A              
     e( 13 - 13) =      3.81503  eV     1   --> A              
     e( 14 - 14) =      5.56981  eV     1   --> A              
     e( 15 - 15) =      6.21261  eV     1   --> A              
     e( 16 - 16) =      6.27879  eV     1   --> A              
     e( 17 - 17) =      6.95646  eV     1   --> A              
     e( 18 - 18) =      7.22465  eV     1   --> A              
     e( 19 - 19) =      8.81787  eV     1   --> A              
     e( 20 - 20) =      9.94708  eV     1   --> A              
     e( 21 - 21) =     12.22280  eV     1   --> A              
     e( 22 - 22) =     13.14124  eV     1   --> A              
     e( 23 - 23) =     13.70355  eV     1   --> A              
     e( 24 - 24) =     15.15605  eV     1   --> A              
     e( 25 - 25) =     16.00560  eV     1   --> A              
     e( 26 - 26) =     16.97610  eV     1   --> A              
     e( 27 - 27) =     17.62160  eV     1   --> A              
     e( 28 - 28) =     18.49639  eV     1   --> A              
     e( 29 - 29) =     19.63864  eV     1   --> A              
     e( 30 - 30) =     19.96058  eV     1   --> A              
     e( 31 - 31) =     20.76929  eV     1   --> A              
     e( 32 - 32) =     21.30166  eV     1   --> A              
     e( 33 - 33) =     21.84729  eV     1   --> A              
     e( 34 - 34) =     22.29917  eV     1   --> A              
     e( 35 - 35) =     22.96156  eV     1   --> A              
     e( 36 - 36) =     23.14461  eV     1   --> A              

 **************************************************************************

 **************************************************************************

                    xk=(   0.20000,  -0.00000,   0.00000  )

     Band symmetry, C_1 (1)     point group:

     e(  1 -  1) =    -45.36497  eV     1   --> A              
     e(  2 -  2) =    -23.80159  eV     1   --> A              
     e(  3 -  3) =    -23.29497  eV     1   --> A              
     e(  4 -  4) =    -23.12931  eV     1   --> A              
     e(  5 -  5) =    -20.61790  eV     1   --> A              
     e(  6 -  6) =    -12.77835  eV     1   --> A              
     e(  7 -  7) =     -2.93316  eV     1   --> A              
     e(  8 -  8) =     -2.67975  eV     1   --> A              
     e(  9 -  9) =     -2.47280  eV     1   --> A              
     e( 10 - 10) =     -1.01321  eV     1   --> A              
     e( 11 - 11) =      0.09984  eV     1   --> A              
     e( 12 - 12) =      1.06517  eV     1   --> A              
     e( 13 - 13) =      3.81661  eV     1   --> A              
     e( 14 - 14) =      5.57445  eV     1   --> A              
     e( 15 - 15) =      6.20615  eV     1   --> A              
     e( 16 - 16) =      6.25097  eV     1   --> A              
     e( 17 - 17) =      6.94027  eV     1   --> A              
     e( 18 - 18) =      7.20256  eV     1   --> A              
     e( 19 - 19) =      8.77911  eV     1   --> A              
     e( 20 - 20) =      9.90783  eV     1   --> A              
     e( 21 - 21) =     12.17234  eV     1   --> A              
     e( 22 - 22) =     13.18157  eV     1   --> A              
     e( 23 - 23) =     13.74279  eV     1   --> A              
     e( 24 - 24) =     15.12719  eV     1   --> A              
     e( 25 - 25) =     15.93789  eV     1   --> A              
     e( 26 - 26) =     17.02881  eV     1   --> A              
     e( 27 - 27) =     17.63339  eV     1   --> A              
     e( 28 - 28) =     18.57495  eV     1   --> A              
     e( 29 - 29) =     19.57687  eV     1   --> A              
     e( 30 - 30) =     20.04695  eV     1   --> A              
     e( 31 - 31) =     20.79905  eV     1   --> A              
     e( 32 - 32) =     21.31263  eV     1   --> A              
     e( 33 - 33) =     21.88999  eV     1   --> A              
     e( 34 - 34) =     22.33834  eV     1   --> A              
     e( 35 - 35) =     23.02242  eV     1   --> A              
     e( 36 - 36) =     23.12848  eV     1   --> A              

 **************************************************************************

 **************************************************************************

                    xk=(   0.19444,  -0.00000,   0.00000  )

     Band symmetry, C_1 (1)     point group:

     e(  1 -  1) =    -45.36577  eV     1   --> A              
     e(  2 -  2) =    -23.80444  eV     1   --> A              
     e(  3 -  3) =    -23.28567  eV     1   --> A              
     e(  4 -  4) =    -23.12711  eV     1   --> A              
     e(  5 -  5) =    -20.61993  eV     1   --> A              
     e(  6 -  6) =    -12.78901  eV     1   --> A              
     e(  7 -  7) =     -2.94281  eV     1   --> A              
     e(  8 -  8) =     -2.67117  eV     1   --> A              
     e(  9 -  9) =     -2.47177  eV     1   --> A              
     e( 10 - 10) =     -1.01752  eV     1   --> A              
     e( 11 - 11) =      0.15252  eV     1   --> A              
     e( 12 - 12) =      1.08409  eV     1   --> A              
     e( 13 - 13) =      3.81798  eV     1   --> A              
     e( 14 - 14) =      5.57965  eV     1   --> A              
     e( 15 - 15) =      6.19981  eV     1   --> A              
     e( 16 - 16) =      6.22421  eV     1   --> A              
     e( 17 - 17) =      6.92421  eV     1   --> A              
     e( 18 - 18) =      7.18117  eV     1   --> A              
     e( 19 - 19) =      8.74069  eV     1   --> A              
     e( 20 - 20) =      9.86843  eV     1   --> A              
     e( 21 - 21) =     12.12229  eV     1   --> A              
     e( 22 - 22) =     13.22307  eV     1   --> A              
     e( 23 - 23) =     13.78172  eV     1   --> A              
     e( 24 - 24) =     15.09960  eV     1   --> A              
     e( 25 - 25) =     15.87162  eV     1   --> A              
     e( 26 - 26) =     17.08094  eV     1   --> A              
     e( 27 - 27) =     17.64360  eV     1   --> A              
     e( 28 - 28) =     18.65215  eV     1   --> A              
     e( 29 - 29) =     19.51214  eV     1   --> A              
     e( 30 - 30) =     20.13354  eV     1   --> A              
     e( 31 - 31) =     20.83148  eV     1   --> A              
     e( 32 - 32) =     21.31778  eV     1   --> A              
     e( 33 - 33) =     21.92808  eV     1   --> A              
     e( 34 - 34) =     22.37301  eV     1   --> A              
     e( 35 - 35) =     23.07656  eV     1   --> A              
     e( 36 - 36) =     23.12675  eV     1   --> A              

 **************************************************************************

 **************************************************************************

                    xk=(   0.18889,  -0.00000,   0.00000  )

     Band symmetry, C_1 (1)     point group:

     e(  1 -  1) =    -45.36656  eV     1   --> A              
     e(  2 -  2) =    -23.80725  eV     1   --> A              
     e(  3 -  3) =    -23.27644  eV     1   --> A              
     e(  4 -  4) =    -23.12497  eV     1   --> A              
     e(  5 -  5) =    -20.62196  eV     1   --> A              
     e(  6 -  6) =    -12.79944  eV     1   --> A              
     e(  7 -  7) =     -2.95247  eV     1   --> A              
     e(  8 -  8) =     -2.66251  eV     1   --> A              
     e(  9 -  9) =     -2.47080  eV     1   --> A              
     e( 10 - 10) =     -1.02196  eV     1   --> A              
     e( 11 - 11) =      0.20525  eV     1   --> A              
     e( 12 - 12) =      1.10245  eV     1   --> A              
     e( 13 - 13) =      3.81913  eV     1   --> A              
     e( 14 - 14) =      5.58538  eV     1   --> A              
     e( 15 - 15) =      6.19280  eV     1   --> A              
     e( 16 - 16) =      6.19928  eV     1   --> A              
     e( 17 - 17) =      6.90834  eV     1   --> A              
     e( 18 - 18) =      7.16046  eV     1   --> A              
     e( 19 - 19) =      8.70267  eV     1   --> A              
     e( 20 - 20) =      9.82890  eV     1   --> A              
     e( 21 - 21) =     12.07276  eV     1   --> A              
     e( 22 - 22) =     13.26571  eV     1   --> A              
     e( 23 - 23) =     13.82011  eV     1   --> A              
     e( 24 - 24) =     15.07352  eV     1   --> A              
     e( 25 - 25) =     15.80698  eV     1   --> A              
     e( 26 - 26) =     17.13219  eV     1   --> A              
     e( 27 - 27) =     17.65230  eV     1   --> A              
     e( 28 - 28) =     18.72758  eV     1   --> A              
     e( 29 - 29) =     19.44597  eV     1   --> A              
     e( 30 - 30) =     20.21874  eV     1   --> A              
     e( 31 - 31) =     20.86715  eV     1   --> A              
     e( 32 - 32) =     21.31783  eV     1   --> A              
     e( 33 - 33) =     21.96011  eV     1   --> A              
     e( 34 - 34) =     22.40394  eV     1   --> A              
     e( 35 - 35) =     23.08908  eV     1   --> A              
     e( 36 - 36) =     23.17436  eV     1   --> A              

 **************************************************************************

 **************************************************************************

                    xk=(   0.18333,  -0.00000,   0.00000  )

     Band symmetry, C_1 (1)     point group:

     e(  1 -  1) =    -45.36733  eV     1   --> A              
     e(  2 -  2) =    -23.81003  eV     1   --> A              
     e(  3 -  3) =    -23.26729  eV     1   --> A              
     e(  4 -  4) =    -23.12290  eV     1   --> A              
     e(  5 -  5) =    -20.62400  eV     1   --> A              
     e(  6 -  6) =    -12.80964  eV     1   --> A              
     e(  7 -  7) =     -2.96211  eV     1   --> A              
     e(  8 -  8) =     -2.65380  eV     1   --> A              
     e(  9 -  9) =     -2.46991  eV     1   --> A              
     e( 10 - 10) =     -1.02651  eV     1   --> A              
     e( 11 - 11) =      0.25798  eV     1   --> A              
     e( 12 - 12) =      1.12026  eV     1   --> A              
     e( 13 - 13) =      3.82004  eV     1   --> A              
     e( 14 - 14) =      5.59162  eV     1   --> A              
     e( 15 - 15) =      6.17278  eV     1   --> A              
     e( 16 - 16) =      6.18851  eV     1   --> A              
     e( 17 - 17) =      6.89273  eV     1   --> A              
     e( 18 - 18) =      7.14041  eV     1   --> A              
     e( 19 - 19) =      8.66508  eV     1   --> A              
     e( 20 - 20) =      9.78922  eV     1   --> A              
     e( 21 - 21) =     12.02387  eV     1   --> A              
     e( 22 - 22) =     13.30941  eV     1   --> A              
     e( 23 - 23) =     13.85767  eV     1   --> A              
     e( 24 - 24) =     15.04919  eV     1   --> A              
     e( 25 - 25) =     15.74410  eV     1   --> A              
     e( 26 - 26) =     17.18235  eV     1   --> A              
     e( 27 - 27) =     17.65960  eV     1   --> A              
     e( 28 - 28) =     18.80073  eV     1   --> A              
     e( 29 - 29) =     19.37932  eV     1   --> A              
     e( 30 - 30) =     20.30159  eV     1   --> A              
     e( 31 - 31) =     20.90664  eV     1   --> A              
     e( 32 - 32) =     21.31348  eV     1   --> A              
     e( 33 - 33) =     21.98512  eV     1   --> A              
     e( 34 - 34) =     22.43176  eV     1   --> A              
     e( 35 - 35) =     23.08808  eV     1   --> A              
     e( 36 - 36) =     23.24347  eV     1   --> A              

 **************************************************************************

 **************************************************************************

                    xk=(   0.17778,  -0.00000,   0.00000  )

     Band symmetry, C_1 (1)     point group:

     e(  1 -  1) =    -45.36809  eV     1   --> A              
     e(  2 -  2) =    -23.81277  eV     1   --> A              
     e(  3 -  3) =    -23.25824  eV     1   --> A              
     e(  4 -  4) =    -23.12090  eV     1   --> A              
     e(  5 -  5) =    -20.62605  eV     1   --> A              
     e(  6 -  6) =    -12.81960  eV     1   --> A              
     e(  7 -  7) =     -2.97169  eV     1   --> A              
     e(  8 -  8) =     -2.64508  eV     1   --> A              
     e(  9 -  9) =     -2.46910  eV     1   --> A              
     e( 10 - 10) =     -1.03114  eV     1   --> A              
     e( 11 - 11) =      0.31061  eV     1   --> A              
     e( 12 - 12) =      1.13752  eV     1   --> A              
     e( 13 - 13) =      3.82071  eV     1   --> A              
     e( 14 - 14) =      5.59834  eV     1   --> A              
     e( 15 - 15) =      6.14917  eV     1   --> A              
     e( 16 - 16) =      6.18243  eV     1   --> A              
     e( 17 - 17) =      6.87745  eV     1   --> A              
     e( 18 - 18) =      7.12100  eV     1   --> A              
     e( 19 - 19) =      8.62798  eV     1   --> A              
     e( 20 - 20) =      9.74941  eV     1   --> A              
     e( 21 - 21) =     11.97571  eV     1   --> A              
     e( 22 - 22) =     13.35415  eV     1   --> A              
     e( 23 - 23) =     13.89412  eV     1   --> A              
     e( 24 - 24) =     15.02684  eV     1   --> A              
     e( 25 - 25) =     15.68308  eV     1   --> A              
     e( 26 - 26) =     17.23122  eV     1   --> A              
     e( 27 - 27) =     17.66556  eV     1   --> A              
     e( 28 - 28) =     18.87072  eV     1   --> A              
     e( 29 - 29) =     19.31321  eV     1   --> A              
     e( 30 - 30) =     20.38132  eV     1   --> A              
     e( 31 - 31) =     20.95047  eV     1   --> A              
     e( 32 - 32) =     21.30542  eV     1   --> A              
     e( 33 - 33) =     22.00281  eV     1   --> A              
     e( 34 - 34) =     22.45657  eV     1   --> A              
     e( 35 - 35) =     23.09202  eV     1   --> A              
     e( 36 - 36) =     23.31606  eV     1   --> A              

 **************************************************************************

 **************************************************************************

                    xk=(   0.17222,  -0.00000,   0.00000  )

     Band symmetry, C_1 (1)     point group:

     e(  1 -  1) =    -45.36883  eV     1   --> A              
     e(  2 -  2) =    -23.81546  eV     1   --> A              
     e(  3 -  3) =    -23.24929  eV     1   --> A              
     e(  4 -  4) =    -23.11896  eV     1   --> A              
     e(  5 -  5) =    -20.62809  eV     1   --> A              
     e(  6 -  6) =    -12.82932  eV     1   --> A              
     e(  7 -  7) =     -2.98120  eV     1   --> A              
     e(  8 -  8) =     -2.63634  eV     1   --> A              
     e(  9 -  9) =     -2.46835  eV     1   --> A              
     e( 10 - 10) =     -1.03584  eV     1   --> A              
     e( 11 - 11) =      0.36306  eV     1   --> A              
     e( 12 - 12) =      1.15423  eV     1   --> A              
     e( 13 - 13) =      3.82113  eV     1   --> A              
     e( 14 - 14) =      5.60551  eV     1   --> A              
     e( 15 - 15) =      6.12645  eV     1   --> A              
     e( 16 - 16) =      6.17654  eV     1   --> A              
     e( 17 - 17) =      6.86262  eV     1   --> A              
     e( 18 - 18) =      7.10225  eV     1   --> A              
     e( 19 - 19) =      8.59142  eV     1   --> A              
     e( 20 - 20) =      9.70948  eV     1   --> A              
     e( 21 - 21) =     11.92839  eV     1   --> A              
     e( 22 - 22) =     13.39985  eV     1   --> A              
     e( 23 - 23) =     13.92914  eV     1   --> A              
     e( 24 - 24) =     15.00674  eV     1   --> A              
     e( 25 - 25) =     15.62401  eV     1   --> A              
     e( 26 - 26) =     17.27863  eV     1   --> A              
     e( 27 - 27) =     17.67027  eV     1   --> A              
     e( 28 - 28) =     18.93565  eV     1   --> A              
     e( 29 - 29) =     19.24961  eV     1   --> A              
     e( 30 - 30) =     20.45732  eV     1   --> A              
     e( 31 - 31) =     20.99900  eV     1   --> A              
     e( 32 - 32) =     21.29430  eV     1   --> A              
     e( 33 - 33) =     22.01361  eV     1   --> A              
     e( 34 - 34) =     22.47790  eV     1   --> A              
     e( 35 - 35) =     23.10435  eV     1   --> A              
     e( 36 - 36) =     23.38922  eV     1   --> A              

 **************************************************************************

 **************************************************************************

                    xk=(   0.16667,  -0.00000,   0.00000  )

     Band symmetry, C_1 (1)     point group:

     e(  1 -  1) =    -45.36955  eV     1   --> A              
     e(  2 -  2) =    -23.81810  eV     1   --> A              
     e(  3 -  3) =    -23.24046  eV     1   --> A              
     e(  4 -  4) =    -23.11709  eV     1   --> A              
     e(  5 -  5) =    -20.63012  eV     1   --> A              
     e(  6 -  6) =    -12.83878  eV     1   --> A              
     e(  7 -  7) =     -2.99061  eV     1   --> A              
     e(  8 -  8) =     -2.62762  eV     1   --> A              
     e(  9 -  9) =     -2.46768  eV     1   --> A              
     e( 10 - 10) =     -1.04060  eV     1   --> A              
     e( 11 - 11) =      0.41526  eV     1   --> A              
     e( 12 - 12) =      1.17038  eV     1   --> A              
     e( 13 - 13) =      3.82130  eV     1   --> A              
     e( 14 - 14) =      5.61309  eV     1   --> A              
     e( 15 - 15) =      6.10473  eV     1   --> A              
     e( 16 - 16) =      6.17065  eV     1   --> A              
     e( 17 - 17) =      6.84831  eV     1   --> A              
     e( 18 - 18) =      7.08412  eV     1   --> A              
     e( 19 - 19) =      8.55543  eV     1   --> A              
     e( 20 - 20) =      9.66945  eV     1   --> A              
     e( 21 - 21) =     11.88199  eV     1   --> A              
     e( 22 - 22) =     13.44647  eV     1   --> A              
     e( 23 - 23) =     13.96240  eV     1   --> A              
     e( 24 - 24) =     14.98912  eV     1   --> A              
     e( 25 - 25) =     15.56698  eV     1   --> A              
     e( 26 - 26) =     17.32439  eV     1   --> A              
     e( 27 - 27) =     17.67381  eV     1   --> A              
     e( 28 - 28) =     18.98976  eV     1   --> A              
     e( 29 - 29) =     19.19430  eV     1   --> A              
     e( 30 - 30) =     20.52915  eV     1   --> A              
     e( 31 - 31) =     21.05232  eV     1   --> A              
     e( 32 - 32) =     21.28072  eV     1   --> A              
     e( 33 - 33) =     22.01858  eV     1   --> A              
     e( 34 - 34) =     22.49517  eV     1   --> A              
     e( 35 - 35) =     23.12666  eV     1   --> A              
     e( 36 - 36) =     23.46166  eV     1   --> A              

 **************************************************************************

 **************************************************************************

                    xk=(   0.16111,  -0.00000,   0.00000  )

     Band symmetry, C_1 (1)     point group:

     e(  1 -  1) =    -45.37026  eV     1   --> A              
     e(  2 -  2) =    -23.82069  eV     1   --> A              
     e(  3 -  3) =    -23.23177  eV     1   --> A              
     e(  4 -  4) =    -23.11528  eV     1   --> A              
     e(  5 -  5) =    -20.63214  eV     1   --> A              
     e(  6 -  6) =    -12.84800  eV     1   --> A              
     e(  7 -  7) =     -2.99992  eV     1   --> A              
     e(  8 -  8) =     -2.61894  eV     1   --> A              
     e(  9 -  9) =     -2.46707  eV     1   --> A              
     e( 10 - 10) =     -1.04538  eV     1   --> A              
     e( 11 - 11) =      0.46712  eV     1   --> A              
     e( 12 - 12) =      1.18597  eV     1   --> A              
     e( 13 - 13) =      3.82121  eV     1   --> A              
     e( 14 - 14) =      5.62104  eV     1   --> A              
     e( 15 - 15) =      6.08402  eV     1   --> A              
     e( 16 - 16) =      6.16467  eV     1   --> A              
     e( 17 - 17) =      6.83462  eV     1   --> A              
     e( 18 - 18) =      7.06659  eV     1   --> A              
     e( 19 - 19) =      8.52007  eV     1   --> A              
     e( 20 - 20) =      9.62934  eV     1   --> A              
     e( 21 - 21) =     11.83659  eV     1   --> A              
     e( 22 - 22) =     13.49393  eV     1   --> A              
     e( 23 - 23) =     13.99354  eV     1   --> A              
     e( 24 - 24) =     14.97425  eV     1   --> A              
     e( 25 - 25) =     15.51205  eV     1   --> A              
     e( 26 - 26) =     17.36833  eV     1   --> A              
     e( 27 - 27) =     17.67629  eV     1   --> A              
     e( 28 - 28) =     19.01300  eV     1   --> A              
     e( 29 - 29) =     19.16731  eV     1   --> A              
     e( 30 - 30) =     20.59662  eV     1   --> A              
     e( 31 - 31) =     21.11012  eV     1   --> A              
     e( 32 - 32) =     21.26524  eV     1   --> A              
     e( 33 - 33) =     22.01907  eV     1   --> A              
     e( 34 - 34) =     22.50815  eV     1   --> A              
     e( 35 - 35) =     23.15949  eV     1   --> A              
     e( 36 - 36) =     23.53252  eV     1   --> A              

 **************************************************************************

 **************************************************************************

                    xk=(   0.15556,  -0.00000,   0.00000  )

     Band symmetry, C_1 (1)     point group:

     e(  1 -  1) =    -45.37095  eV     1   --> A              
     e(  2 -  2) =    -23.82323  eV     1   --> A              
     e(  3 -  3) =    -23.22324  eV     1   --> A              
     e(  4 -  4) =    -23.11355  eV     1   --> A              
     e(  5 -  5) =    -20.63416  eV     1   --> A              
     e(  6 -  6) =    -12.85695  eV     1   --> A              
     e(  7 -  7) =     -3.00908  eV     1   --> A              
     e(  8 -  8) =     -2.61033  eV     1   --> A              
     e(  9 -  9) =     -2.46653  eV     1   --> A              
     e( 10 - 10) =     -1.05018  eV     1   --> A              
     e( 11 - 11) =      0.51855  eV     1   --> A              
     e( 12 - 12) =      1.20101  eV     1   --> A              
     e( 13 - 13) =      3.82086  eV     1   --> A              
     e( 14 - 14) =      5.62932  eV     1   --> A              
     e( 15 - 15) =      6.06432  eV     1   --> A              
     e( 16 - 16) =      6.15855  eV     1   --> A              
     e( 17 - 17) =      6.82166  eV     1   --> A              
     e( 18 - 18) =      7.04967  eV     1   --> A              
     e( 19 - 19) =      8.48539  eV     1   --> A              
     e( 20 - 20) =      9.58919  eV     1   --> A              
     e( 21 - 21) =     11.79229  eV     1   --> A              
     e( 22 - 22) =     13.54218  eV     1   --> A              
     e( 23 - 23) =     14.02222  eV     1   --> A              
     e( 24 - 24) =     14.96234  eV     1   --> A              
     e( 25 - 25) =     15.45931  eV     1   --> A              
     e( 26 - 26) =     17.41024  eV     1   --> A              
     e( 27 - 27) =     17.67783  eV     1   --> A              
     e( 28 - 28) =     18.98422  eV     1   --> A              
     e( 29 - 29) =     19.18980  eV     1   --> A              
     e( 30 - 30) =     20.65977  eV     1   --> A              
     e( 31 - 31) =     21.17163  eV     1   --> A              
     e( 32 - 32) =     21.24840  eV     1   --> A              
     e( 33 - 33) =     22.01662  eV     1   --> A              
     e( 34 - 34) =     22.51743  eV     1   --> A              
     e( 35 - 35) =     23.20241  eV     1   --> A              
     e( 36 - 36) =     23.60117  eV     1   --> A              

 **************************************************************************

 **************************************************************************

                    xk=(   0.15000,  -0.00000,   0.00000  )

     Band symmetry, C_1 (1)     point group:

     e(  1 -  1) =    -45.37162  eV     1   --> A              
     e(  2 -  2) =    -23.82570  eV     1   --> A              
     e(  3 -  3) =    -23.21486  eV     1   --> A              
     e(  4 -  4) =    -23.11188  eV     1   --> A              
     e(  5 -  5) =    -20.63615  eV     1   --> A              
     e(  6 -  6) =    -12.86564  eV     1   --> A              
     e(  7 -  7) =     -3.01809  eV     1   --> A              
     e(  8 -  8) =     -2.60177  eV     1   --> A              
     e(  9 -  9) =     -2.46604  eV     1   --> A              
     e( 10 - 10) =     -1.05498  eV     1   --> A              
     e( 11 - 11) =      0.56948  eV     1   --> A              
     e( 12 - 12) =      1.21549  eV     1   --> A              
     e( 13 - 13) =      3.82028  eV     1   --> A              
     e( 14 - 14) =      5.63790  eV     1   --> A              
     e( 15 - 15) =      6.04564  eV     1   --> A              
     e( 16 - 16) =      6.15221  eV     1   --> A              
     e( 17 - 17) =      6.80954  eV     1   --> A              
     e( 18 - 18) =      7.03334  eV     1   --> A              
     e( 19 - 19) =      8.45142  eV     1   --> A              
     e( 20 - 20) =      9.54904  eV     1   --> A              
     e( 21 - 21) =     11.74915  eV     1   --> A              
     e( 22 - 22) =     13.59114  eV     1   --> A              
     e( 23 - 23) =     14.04811  eV     1   --> A              
     e( 24 - 24) =     14.95358  eV     1   --> A              
     e( 25 - 25) =     15.40887  eV     1   --> A              
     e( 26 - 26) =     17.44984  eV     1   --> A              
     e( 27 - 27) =     17.67866  eV     1   --> A              
     e( 28 - 28) =     18.92887  eV     1   --> A              
     e( 29 - 29) =     19.23632  eV     1   --> A              
     e( 30 - 30) =     20.71883  eV     1   --> A              
     e( 31 - 31) =     21.23016  eV     1   --> A              
     e( 32 - 32) =     21.23619  eV     1   --> A              
     e( 33 - 33) =     22.01277  eV     1   --> A              
     e( 34 - 34) =     22.52429  eV     1   --> A              
     e( 35 - 35) =     23.25427  eV     1   --> A              
     e( 36 - 36) =     23.66709  eV     1   --> A              

 **************************************************************************

 **************************************************************************

                    xk=(   0.14444,  -0.00000,   0.00000  )

     Band symmetry, C_1 (1)     point group:

     e(  1 -  1) =    -45.37227  eV     1   --> A              
     e(  2 -  2) =    -23.82812  eV     1   --> A              
     e(  3 -  3) =    -23.20666  eV     1   --> A              
     e(  4 -  4) =    -23.11027  eV     1   --> A              
     e(  5 -  5) =    -20.63812  eV     1   --> A              
     e(  6 -  6) =    -12.87405  eV     1   --> A              
     e(  7 -  7) =     -3.02695  eV     1   --> A              
     e(  8 -  8) =     -2.59333  eV     1   --> A              
     e(  9 -  9) =     -2.46560  eV     1   --> A              
     e( 10 - 10) =     -1.05976  eV     1   --> A              
     e( 11 - 11) =      0.61982  eV     1   --> A              
     e( 12 - 12) =      1.22941  eV     1   --> A              
     e( 13 - 13) =      3.81945  eV     1   --> A              
     e( 14 - 14) =      5.64673  eV     1   --> A              
     e( 15 - 15) =      6.02793  eV     1   --> A              
     e( 16 - 16) =      6.14558  eV     1   --> A              
     e( 17 - 17) =      6.79835  eV     1   --> A              
     e( 18 - 18) =      7.01758  eV     1   --> A              
     e( 19 - 19) =      8.41822  eV     1   --> A              
     e( 20 - 20) =      9.50892  eV     1   --> A              
     e( 21 - 21) =     11.70724  eV     1   --> A              
     e( 22 - 22) =     13.64072  eV     1   --> A              
     e( 23 - 23) =     14.07095  eV     1   --> A              
     e( 24 - 24) =     14.94806  eV     1   --> A              
     e( 25 - 25) =     15.36085  eV     1   --> A              
     e( 26 - 26) =     17.48671  eV     1   --> A              
     e( 27 - 27) =     17.67910  eV     1   --> A              
     e( 28 - 28) =     18.86621  eV     1   --> A              
     e( 29 - 29) =     19.28764  eV     1   --> A              
     e( 30 - 30) =     20.77406  eV     1   --> A              
     e( 31 - 31) =     21.21264  eV     1   --> A              
     e( 32 - 32) =     21.30056  eV     1   --> A              
     e( 33 - 33) =     22.00909  eV     1   --> A              
     e( 34 - 34) =     22.53046  eV     1   --> A              
     e( 35 - 35) =     23.31351  eV     1   --> A              
     e( 36 - 36) =     23.72981  eV     1   --> A              

 **************************************************************************

 **************************************************************************

                    xk=(   0.13889,  -0.00000,   0.00000  )

     Band symmetry, C_1 (1)     point group:

     e(  1 -  1) =    -45.37290  eV     1   --> A              
     e(  2 -  2) =    -23.83046  eV     1   --> A              
     e(  3 -  3) =    -23.19865  eV     1   --> A              
     e(  4 -  4) =    -23.10872  eV     1   --> A              
     e(  5 -  5) =    -20.64007  eV     1   --> A              
     e(  6 -  6) =    -12.88219  eV     1   --> A              
     e(  7 -  7) =     -3.03561  eV     1   --> A              
     e(  8 -  8) =     -2.58498  eV     1   --> A              
     e(  9 -  9) =     -2.46521  eV     1   --> A              
     e( 10 - 10) =     -1.06452  eV     1   --> A              
     e( 11 - 11) =      0.66948  eV     1   --> A              
     e( 12 - 12) =      1.24278  eV     1   --> A              
     e( 13 - 13) =      3.81840  eV     1   --> A              
     e( 14 - 14) =      5.65579  eV     1   --> A              
     e( 15 - 15) =      6.01119  eV     1   --> A              
     e( 16 - 16) =      6.13861  eV     1   --> A              
     e( 17 - 17) =      6.78820  eV     1   --> A              
     e( 18 - 18) =      7.00240  eV     1   --> A              
     e( 19 - 19) =      8.38582  eV     1   --> A              
     e( 20 - 20) =      9.46890  eV     1   --> A              
     e( 21 - 21) =     11.66662  eV     1   --> A              
     e( 22 - 22) =     13.69083  eV     1   --> A              
     e( 23 - 23) =     14.09053  eV     1   --> A              
     e( 24 - 24) =     14.94573  eV     1   --> A              
     e( 25 - 25) =     15.31545  eV     1   --> A              
     e( 26 - 26) =     17.52017  eV     1   --> A              
     e( 27 - 27) =     17.67977  eV     1   --> A              
     e( 28 - 28) =     18.80163  eV     1   --> A              
     e( 29 - 29) =     19.33843  eV     1   --> A              
     e( 30 - 30) =     20.82549  eV     1   --> A              
     e( 31 - 31) =     21.19508  eV     1   --> A              
     e( 32 - 32) =     21.36424  eV     1   --> A              
     e( 33 - 33) =     22.00725  eV     1   --> A              
     e( 34 - 34) =     22.53786  eV     1   --> A              
     e( 35 - 35) =     23.37852  eV     1   --> A              
     e( 36 - 36) =     23.78889  eV     1   --> A              

 **************************************************************************

 **************************************************************************

                    xk=(   0.13333,  -0.00000,   0.00000  )

     Band symmetry, C_1 (1)     point group:

     e(  1 -  1) =    -45.37351  eV     1   --> A              
     e(  2 -  2) =    -23.83274  eV     1   --> A              
     e(  3 -  3) =    -23.19084  eV     1   --> A              
     e(  4 -  4) =    -23.10724  eV     1   --> A              
     e(  5 -  5) =    -20.64199  eV     1   --> A              
     e(  6 -  6) =    -12.89004  eV     1   --> A              
     e(  7 -  7) =     -3.04407  eV     1   --> A              
     e(  8 -  8) =     -2.57678  eV     1   --> A              
     e(  9 -  9) =     -2.46486  eV     1   --> A              
     e( 10 - 10) =     -1.06924  eV     1   --> A              
     e( 11 - 11) =      0.71836  eV     1   --> A              
     e( 12 - 12) =      1.25559  eV     1   --> A              
     e( 13 - 13) =      3.81714  eV     1   --> A              
     e( 14 - 14) =      5.66500  eV     1   --> A              
     e( 15 - 15) =      5.99539  eV     1   --> A              
     e( 16 - 16) =      6.13122  eV     1   --> A              
     e( 17 - 17) =      6.77918  eV     1   --> A              
     e( 18 - 18) =      6.98779  eV     1   --> A              
     e( 19 - 19) =      8.35428  eV     1   --> A              
     e( 20 - 20) =      9.42903  eV     1   --> A              
     e( 21 - 21) =     11.62735  eV     1   --> A              
     e( 22 - 22) =     13.74133  eV     1   --> A              
     e( 23 - 23) =     14.10677  eV     1   --> A              
     e( 24 - 24) =     14.94637  eV     1   --> A              
     e( 25 - 25) =     15.27291  eV     1   --> A              
     e( 26 - 26) =     17.54905  eV     1   --> A              
     e( 27 - 27) =     17.68177  eV     1   --> A              
     e( 28 - 28) =     18.73691  eV     1   --> A              
     e( 29 - 29) =     19.38700  eV     1   --> A              
     e( 30 - 30) =     20.87271  eV     1   --> A              
     e( 31 - 31) =     21.17895  eV     1   --> A              
     e( 32 - 32) =     21.42451  eV     1   --> A              
     e( 33 - 33) =     22.00899  eV     1   --> A              
     e( 34 - 34) =     22.54837  eV     1   --> A              
     e( 35 - 35) =     23.44778  eV     1   --> A              
     e( 36 - 36) =     23.84392  eV     1   --> A              

 **************************************************************************

 **************************************************************************

                    xk=(   0.12778,  -0.00000,   0.00000  )

     Band symmetry, C_1 (1)     point group:

     e(  1 -  1) =    -45.37411  eV     1   --> A              
     e(  2 -  2) =    -23.83495  eV     1   --> A              
     e(  3 -  3) =    -23.18325  eV     1   --> A              
     e(  4 -  4) =    -23.10582  eV     1   --> A              
     e(  5 -  5) =    -20.64387  eV     1   --> A              
     e(  6 -  6) =    -12.89762  eV     1   --> A              
     e(  7 -  7) =     -3.05232  eV     1   --> A              
     e(  8 -  8) =     -2.56872  eV     1   --> A              
     e(  9 -  9) =     -2.46456  eV     1   --> A              
     e( 10 - 10) =     -1.07390  eV     1   --> A              
     e( 11 - 11) =      0.76638  eV     1   --> A              
     e( 12 - 12) =      1.26785  eV     1   --> A              
     e( 13 - 13) =      3.81567  eV     1   --> A              
     e( 14 - 14) =      5.67434  eV     1   --> A              
     e( 15 - 15) =      5.98050  eV     1   --> A              
     e( 16 - 16) =      6.12339  eV     1   --> A              
     e( 17 - 17) =      6.77136  eV     1   --> A              
     e( 18 - 18) =      6.97376  eV     1   --> A              
     e( 19 - 19) =      8.32362  eV     1   --> A              
     e( 20 - 20) =      9.38939  eV     1   --> A              
     e( 21 - 21) =     11.58949  eV     1   --> A              
     e( 22 - 22) =     13.79208  eV     1   --> A              
     e( 23 - 23) =     14.11971  eV     1   --> A              
     e( 24 - 24) =     14.94945  eV     1   --> A              
     e( 25 - 25) =     15.23369  eV     1   --> A              
     e( 26 - 26) =     17.57146  eV     1   --> A              
     e( 27 - 27) =     17.68693  eV     1   --> A              
     e( 28 - 28) =     18.67291  eV     1   --> A              
     e( 29 - 29) =     19.43266  eV     1   --> A              
     e( 30 - 30) =     20.91437  eV     1   --> A              
     e( 31 - 31) =     21.16599  eV     1   --> A              
     e( 32 - 32) =     21.47903  eV     1   --> A              
     e( 33 - 33) =     22.01607  eV     1   --> A              
     e( 34 - 34) =     22.56378  eV     1   --> A              
     e( 35 - 35) =     23.51989  eV     1   --> A              
     e( 36 - 36) =     23.89455  eV     1   --> A              

 **************************************************************************

 **************************************************************************

                    xk=(   0.12222,  -0.00000,   0.00000  )

     Band symmetry, C_1 (1)     point group:

     e(  1 -  1) =    -45.37468  eV     1   --> A              
     e(  2 -  2) =    -23.83708  eV     1   --> A              
     e(  3 -  3) =    -23.17588  eV     1   --> A              
     e(  4 -  4) =    -23.10447  eV     1   --> A              
     e(  5 -  5) =    -20.64571  eV     1   --> A              
     e(  6 -  6) =    -12.90490  eV     1   --> A              
     e(  7 -  7) =     -3.06033  eV     1   --> A              
     e(  8 -  8) =     -2.56083  eV     1   --> A              
     e(  9 -  9) =     -2.46431  eV     1   --> A              
     e( 10 - 10) =     -1.07849  eV     1   --> A              
     e( 11 - 11) =      0.81345  eV     1   --> A              
     e( 12 - 12) =      1.27956  eV     1   --> A              
     e( 13 - 13) =      3.81403  eV     1   --> A              
     e( 14 - 14) =      5.68375  eV     1   --> A              
     e( 15 - 15) =      5.96649  eV     1   --> A              
     e( 16 - 16) =      6.11508  eV     1   --> A              
     e( 17 - 17) =      6.76481  eV     1   --> A              
     e( 18 - 18) =      6.96028  eV     1   --> A              
     e( 19 - 19) =      8.29390  eV     1   --> A              
     e( 20 - 20) =      9.35006  eV     1   --> A              
     e( 21 - 21) =     11.55308  eV     1   --> A              
     e( 22 - 22) =     13.84285  eV     1   --> A              
     e( 23 - 23) =     14.12960  eV     1   --> A              
     e( 24 - 24) =     14.95405  eV     1   --> A              
     e( 25 - 25) =     15.19848  eV     1   --> A              
     e( 26 - 26) =     17.58534  eV     1   --> A              
     e( 27 - 27) =     17.69722  eV     1   --> A              
     e( 28 - 28) =     18.61016  eV     1   --> A              
     e( 29 - 29) =     19.47508  eV     1   --> A              
     e( 30 - 30) =     20.94768  eV     1   --> A              
     e( 31 - 31) =     21.15923  eV     1   --> A              
     e( 32 - 32) =     21.52572  eV     1   --> A              
     e( 33 - 33) =     22.03001  eV     1   --> A              
     e( 34 - 34) =     22.58569  eV     1   --> A              
     e( 35 - 35) =     23.59356  eV     1   --> A              
     e( 36 - 36) =     23.94052  eV     1   --> A              

 **************************************************************************

 **************************************************************************

                    xk=(   0.11667,  -0.00000,   0.00000  )

     Band symmetry, C_1 (1)     point group:

     e(  1 -  1) =    -45.37523  eV     1   --> A              
     e(  2 -  2) =    -23.83914  eV     1   --> A              
     e(  3 -  3) =    -23.16874  eV     1   --> A              
     e(  4 -  4) =    -23.10318  eV     1   --> A              
     e(  5 -  5) =    -20.64751  eV     1   --> A              
     e(  6 -  6) =    -12.91188  eV     1   --> A              
     e(  7 -  7) =     -3.06809  eV     1   --> A              
     e(  8 -  8) =     -2.55312  eV     1   --> A              
     e(  9 -  9) =     -2.46409  eV     1   --> A              
     e( 10 - 10) =     -1.08300  eV     1   --> A              
     e( 11 - 11) =      0.85945  eV     1   --> A              
     e( 12 - 12) =      1.29072  eV     1   --> A              
     e( 13 - 13) =      3.81223  eV     1   --> A              
     e( 14 - 14) =      5.69321  eV     1   --> A              
     e( 15 - 15) =      5.95334  eV     1   --> A              
     e( 16 - 16) =      6.10627  eV     1   --> A              
     e( 17 - 17) =      6.75955  eV     1   --> A              
     e( 18 - 18) =      6.94738  eV     1   --> A              
     e( 19 - 19) =      8.26516  eV     1   --> A              
     e( 20 - 20) =      9.31111  eV     1   --> A              
     e( 21 - 21) =     11.51815  eV     1   --> A              
     e( 22 - 22) =     13.89332  eV     1   --> A              
     e( 23 - 23) =     14.13686  eV     1   --> A              
     e( 24 - 24) =     14.95865  eV     1   --> A              
     e( 25 - 25) =     15.16846  eV     1   --> A              
     e( 26 - 26) =     17.59025  eV     1   --> A              
     e( 27 - 27) =     17.71304  eV     1   --> A              
     e( 28 - 28) =     18.54907  eV     1   --> A              
     e( 29 - 29) =     19.51410  eV     1   --> A              
     e( 30 - 30) =     20.96849  eV     1   --> A              
     e( 31 - 31) =     21.16284  eV     1   --> A              
     e( 32 - 32) =     21.56327  eV     1   --> A              
     e( 33 - 33) =     22.05163  eV     1   --> A              
     e( 34 - 34) =     22.61546  eV     1   --> A              
     e( 35 - 35) =     23.66749  eV     1   --> A              
     e( 36 - 36) =     23.98171  eV     1   --> A              

 **************************************************************************

 **************************************************************************

                    xk=(   0.11111,  -0.00000,   0.00000  )

     Band symmetry, C_1 (1)     point group:

     e(  1 -  1) =    -45.37575  eV     1   --> A              
     e(  2 -  2) =    -23.84111  eV     1   --> A              
     e(  3 -  3) =    -23.16185  eV     1   --> A              
     e(  4 -  4) =    -23.10196  eV     1   --> A              
     e(  5 -  5) =    -20.64926  eV     1   --> A              
     e(  6 -  6) =    -12.91857  eV     1   --> A              
     e(  7 -  7) =     -3.07558  eV     1   --> A              
     e(  8 -  8) =     -2.54562  eV     1   --> A              
     e(  9 -  9) =     -2.46391  eV     1   --> A              
     e( 10 - 10) =     -1.08741  eV     1   --> A              
     e( 11 - 11) =      0.90430  eV     1   --> A              
     e( 12 - 12) =      1.30133  eV     1   --> A              
     e( 13 - 13) =      3.81030  eV     1   --> A              
     e( 14 - 14) =      5.70265  eV     1   --> A              
     e( 15 - 15) =      5.94102  eV     1   --> A              
     e( 16 - 16) =      6.09696  eV     1   --> A              
     e( 17 - 17) =      6.75563  eV     1   --> A              
     e( 18 - 18) =      6.93504  eV     1   --> A              
     e( 19 - 19) =      8.23743  eV     1   --> A              
     e( 20 - 20) =      9.27265  eV     1   --> A              
     e( 21 - 21) =     11.48476  eV     1   --> A              
     e( 22 - 22) =     13.94289  eV     1   --> A              
     e( 23 - 23) =     14.14225  eV     1   --> A              
     e( 24 - 24) =     14.96101  eV     1   --> A              
     e( 25 - 25) =     15.14546  eV     1   --> A              
     e( 26 - 26) =     17.58790  eV     1   --> A              
     e( 27 - 27) =     17.73261  eV     1   --> A              
     e( 28 - 28) =     18.49003  eV     1   --> A              
     e( 29 - 29) =     19.54967  eV     1   --> A              
     e( 30 - 30) =     20.97423  eV     1   --> A              
     e( 31 - 31) =     21.17932  eV     1   --> A              
     e( 32 - 32) =     21.59162  eV     1   --> A              
     e( 33 - 33) =     22.08074  eV     1   --> A              
     e( 34 - 34) =     22.65405  eV     1   --> A              
     e( 35 - 35) =     23.74026  eV     1   --> A              
     e( 36 - 36) =     24.01817  eV     1   --> A              

 **************************************************************************

 **************************************************************************

                    xk=(   0.10556,  -0.00000,   0.00000  )

     Band symmetry, C_1 (1)     point group:

     e(  1 -  1) =    -45.37626  eV     1   --> A              
     e(  2 -  2) =    -23.84301  eV     1   --> A              
     e(  3 -  3) =    -23.15523  eV     1   --> A              
     e(  4 -  4) =    -23.10079  eV     1   --> A              
     e(  5 -  5) =    -20.65097  eV     1   --> A              
     e(  6 -  6) =    -12.92496  eV     1   --> A              
     e(  7 -  7) =     -3.08281  eV     1   --> A              
     e(  8 -  8) =     -2.53834  eV     1   --> A              
     e(  9 -  9) =     -2.46376  eV     1   --> A              
     e( 10 - 10) =     -1.09172  eV     1   --> A              
     e( 11 - 11) =      0.94790  eV     1   --> A              
     e( 12 - 12) =      1.31139  eV     1   --> A              
     e( 13 - 13) =      3.80824  eV     1   --> A              
     e( 14 - 14) =      5.71204  eV     1   --> A              
     e( 15 - 15) =      5.92949  eV     1   --> A              
     e( 16 - 16) =      6.08716  eV     1   --> A              
     e( 17 - 17) =      6.75301  eV     1   --> A              
     e( 18 - 18) =      6.92326  eV     1   --> A              
     e( 19 - 19) =      8.21075  eV     1   --> A              
     e( 20 - 20) =      9.23478  eV     1   --> A              
     e( 21 - 21) =     11.45291  eV     1   --> A              
     e( 22 - 22) =     13.99041  eV     1   --> A              
     e( 23 - 23) =     14.14719  eV     1   --> A              
     e( 24 - 24) =     14.95848  eV     1   --> A              
     e( 25 - 25) =     15.13161  eV     1   --> A              
     e( 26 - 26) =     17.58037  eV     1   --> A              
     e( 27 - 27) =     17.75379  eV     1   --> A              
     e( 28 - 28) =     18.43336  eV     1   --> A              
     e( 29 - 29) =     19.58181  eV     1   --> A              
     e( 30 - 30) =     20.96707  eV     1   --> A              
     e( 31 - 31) =     21.20637  eV     1   --> A              
     e( 32 - 32) =     21.61190  eV     1   --> A              
     e( 33 - 33) =     22.11627  eV     1   --> A              
     e( 34 - 34) =     22.70195  eV     1   --> A              
     e( 35 - 35) =     23.81014  eV     1   --> A              
     e( 36 - 36) =     24.05014  eV     1   --> A              

 **************************************************************************

 **************************************************************************

                    xk=(   0.10000,  -0.00000,   0.00000  )

     Band symmetry, C_1 (1)     point group:

     e(  1 -  1) =    -45.37674  eV     1   --> A              
     e(  2 -  2) =    -23.84482  eV     1   --> A              
     e(  3 -  3) =    -23.14888  eV     1   --> A              
     e(  4 -  4) =    -23.09969  eV     1   --> A              
     e(  5 -  5) =    -20.65261  eV     1   --> A              
     e(  6 -  6) =    -12.93104  eV     1   --> A              
     e(  7 -  7) =     -3.08975  eV     1   --> A              
     e(  8 -  8) =     -2.53131  eV     1   --> A              
     e(  9 -  9) =     -2.46363  eV     1   --> A              
     e( 10 - 10) =     -1.09591  eV     1   --> A              
     e( 11 - 11) =      0.99013  eV     1   --> A              
     e( 12 - 12) =      1.32092  eV     1   --> A              
     e( 13 - 13) =      3.80609  eV     1   --> A              
     e( 14 - 14) =      5.72134  eV     1   --> A              
     e( 15 - 15) =      5.91873  eV     1   --> A              
     e( 16 - 16) =      6.07692  eV     1   --> A              
     e( 17 - 17) =      6.75167  eV     1   --> A              
     e( 18 - 18) =      6.91205  eV     1   --> A              
     e( 19 - 19) =      8.18516  eV     1   --> A              
     e( 20 - 20) =      9.19761  eV     1   --> A              
     e( 21 - 21) =     11.42265  eV     1   --> A              
     e( 22 - 22) =     14.03324  eV     1   --> A              
     e( 23 - 23) =     14.15455  eV     1   --> A              
     e( 24 - 24) =     14.94941  eV     1   --> A              
     e( 25 - 25) =     15.12802  eV     1   --> A              
     e( 26 - 26) =     17.56908  eV     1   --> A              
     e( 27 - 27) =     17.77515  eV     1   --> A              
     e( 28 - 28) =     18.37940  eV     1   --> A              
     e( 29 - 29) =     19.61060  eV     1   --> A              
     e( 30 - 30) =     20.95144  eV     1   --> A              
     e( 31 - 31) =     21.23944  eV     1   --> A              
     e( 32 - 32) =     21.62589  eV     1   --> A              
     e( 33 - 33) =     22.15682  eV     1   --> A              
     e( 34 - 34) =     22.75905  eV     1   --> A              
     e( 35 - 35) =     23.87485  eV     1   --> A              
     e( 36 - 36) =     24.07812  eV     1   --> A              

 **************************************************************************

 **************************************************************************

                    xk=(   0.09444,  -0.00000,   0.00000  )

     Band symmetry, C_1 (1)     point group:

     e(  1 -  1) =    -45.37719  eV     1   --> A              
     e(  2 -  2) =    -23.84654  eV     1   --> A              
     e(  3 -  3) =    -23.14279  eV     1   --> A              
     e(  4 -  4) =    -23.09865  eV     1   --> A              
     e(  5 -  5) =    -20.65419  eV     1   --> A              
     e(  6 -  6) =    -12.93681  eV     1   --> A              
     e(  7 -  7) =     -3.09638  eV     1   --> A              
     e(  8 -  8) =     -2.52451  eV     1   --> A              
     e(  9 -  9) =     -2.46352  eV     1   --> A              
     e( 10 - 10) =     -1.09995  eV     1   --> A              
     e( 11 - 11) =      1.03090  eV     1   --> A              
     e( 12 - 12) =      1.32990  eV     1   --> A              
     e( 13 - 13) =      3.80388  eV     1   --> A              
     e( 14 - 14) =      5.73053  eV     1   --> A              
     e( 15 - 15) =      5.90872  eV     1   --> A              
     e( 16 - 16) =      6.06629  eV     1   --> A              
     e( 17 - 17) =      6.75157  eV     1   --> A              
     e( 18 - 18) =      6.90143  eV     1   --> A              
     e( 19 - 19) =      8.16069  eV     1   --> A              
     e( 20 - 20) =      9.16127  eV     1   --> A              
     e( 21 - 21) =     11.39398  eV     1   --> A              
     e( 22 - 22) =     14.06583  eV     1   --> A              
     e( 23 - 23) =     14.17013  eV     1   --> A              
     e( 24 - 24) =     14.93449  eV     1   --> A              
     e( 25 - 25) =     15.13347  eV     1   --> A              
     e( 26 - 26) =     17.55482  eV     1   --> A              
     e( 27 - 27) =     17.79590  eV     1   --> A              
     e( 28 - 28) =     18.32844  eV     1   --> A              
     e( 29 - 29) =     19.63619  eV     1   --> A              
     e( 30 - 30) =     20.93074  eV     1   --> A              
     e( 31 - 31) =     21.27505  eV     1   --> A              
     e( 32 - 32) =     21.63541  eV     1   --> A              
     e( 33 - 33) =     22.20126  eV     1   --> A              
     e( 34 - 34) =     22.82471  eV     1   --> A              
     e( 35 - 35) =     23.93144  eV     1   --> A              
     e( 36 - 36) =     24.10278  eV     1   --> A              

 **************************************************************************

 **************************************************************************

                    xk=(   0.08889,  -0.00000,   0.00000  )

     Band symmetry, C_1 (1)     point group:

     e(  1 -  1) =    -45.37763  eV     1   --> A              
     e(  2 -  2) =    -23.84818  eV     1   --> A              
     e(  3 -  3) =    -23.13701  eV     1   --> A              
     e(  4 -  4) =    -23.09767  eV     1   --> A              
     e(  5 -  5) =    -20.65571  eV     1   --> A              
     e(  6 -  6) =    -12.94227  eV     1   --> A              
     e(  7 -  7) =     -3.10270  eV     1   --> A              
     e(  8 -  8) =     -2.51802  eV     1   --> A              
     e(  9 -  9) =     -2.46345  eV     1   --> A              
     e( 10 - 10) =     -1.10386  eV     1   --> A              
     e( 11 - 11) =      1.07010  eV     1   --> A              
     e( 12 - 12) =      1.33835  eV     1   --> A              
     e( 13 - 13) =      3.80162  eV     1   --> A              
     e( 14 - 14) =      5.73952  eV     1   --> A              
     e( 15 - 15) =      5.89941  eV     1   --> A              
     e( 16 - 16) =      6.05533  eV     1   --> A              
     e( 17 - 17) =      6.75259  eV     1   --> A              
     e( 18 - 18) =      6.89138  eV     1   --> A              
     e( 19 - 19) =      8.13738  eV     1   --> A              
     e( 20 - 20) =      9.12586  eV     1   --> A              
     e( 21 - 21) =     11.36693  eV     1   --> A              
     e( 22 - 22) =     14.08295  eV     1   --> A              
     e( 23 - 23) =     14.19936  eV     1   --> A              
     e( 24 - 24) =     14.91585  eV     1   --> A              
     e( 25 - 25) =     15.14526  eV     1   --> A              
     e( 26 - 26) =     17.53807  eV     1   --> A              
     e( 27 - 27) =     17.81563  eV     1   --> A              
     e( 28 - 28) =     18.28076  eV     1   --> A              
     e( 29 - 29) =     19.65872  eV     1   --> A              
     e( 30 - 30) =     20.90700  eV     1   --> A              
     e( 31 - 31) =     21.31121  eV     1   --> A              
     e( 32 - 32) =     21.64194  eV     1   --> A              
     e( 33 - 33) =     22.24893  eV     1   --> A              
     e( 34 - 34) =     22.89784  eV     1   --> A              
     e( 35 - 35) =     23.97655  eV     1   --> A              
     e( 36 - 36) =     24.12462  eV     1   --> A              

 **************************************************************************

 **************************************************************************

                    xk=(   0.08333,  -0.00000,   0.00000  )

     Band symmetry, C_1 (1)     point group:

     e(  1 -  1) =    -45.37804  eV     1   --> A              
     e(  2 -  2) =    -23.84972  eV     1   --> A              
     e(  3 -  3) =    -23.13152  eV     1   --> A              
     e(  4 -  4) =    -23.09676  eV     1   --> A              
     e(  5 -  5) =    -20.65716  eV     1   --> A              
     e(  6 -  6) =    -12.94741  eV     1   --> A              
     e(  7 -  7) =     -3.10870  eV     1   --> A              
     e(  8 -  8) =     -2.51178  eV     1   --> A              
     e(  9 -  9) =     -2.46340  eV     1   --> A              
     e( 10 - 10) =     -1.10760  eV     1   --> A              
     e( 11 - 11) =      1.10762  eV     1   --> A              
     e( 12 - 12) =      1.34627  eV     1   --> A              
     e( 13 - 13) =      3.79934  eV     1   --> A              
     e( 14 - 14) =      5.74832  eV     1   --> A              
     e( 15 - 15) =      5.89080  eV     1   --> A              
     e( 16 - 16) =      6.04414  eV     1   --> A              
     e( 17 - 17) =      6.75468  eV     1   --> A              
     e( 18 - 18) =      6.88191  eV     1   --> A              
     e( 19 - 19) =      8.11527  eV     1   --> A              
     e( 20 - 20) =      9.09154  eV     1   --> A              
     e( 21 - 21) =     11.34152  eV     1   --> A              
     e( 22 - 22) =     14.08769  eV     1   --> A              
     e( 23 - 23) =     14.23934  eV     1   --> A              
     e( 24 - 24) =     14.89553  eV     1   --> A              
     e( 25 - 25) =     15.16086  eV     1   --> A              
     e( 26 - 26) =     17.51915  eV     1   --> A              
     e( 27 - 27) =     17.83413  eV     1   --> A              
     e( 28 - 28) =     18.23655  eV     1   --> A              
     e( 29 - 29) =     19.67840  eV     1   --> A              
     e( 30 - 30) =     20.88140  eV     1   --> A              
     e( 31 - 31) =     21.34689  eV     1   --> A              
     e( 32 - 32) =     21.64654  eV     1   --> A              
     e( 33 - 33) =     22.29957  eV     1   --> A              
     e( 34 - 34) =     22.97713  eV     1   --> A              
     e( 35 - 35) =     24.00794  eV     1   --> A              
     e( 36 - 36) =     24.14338  eV     1   --> A              

 **************************************************************************

 **************************************************************************

                    xk=(   0.07778,  -0.00000,   0.00000  )

     Band symmetry, C_1 (1)     point group:

     e(  1 -  1) =    -45.37842  eV     1   --> A              
     e(  2 -  2) =    -23.85118  eV     1   --> A              
     e(  3 -  3) =    -23.12634  eV     1   --> A              
     e(  4 -  4) =    -23.09590  eV     1   --> A              
     e(  5 -  5) =    -20.65854  eV     1   --> A              
     e(  6 -  6) =    -12.95223  eV     1   --> A              
     e(  7 -  7) =     -3.11436  eV     1   --> A              
     e(  8 -  8) =     -2.50588  eV     1   --> A              
     e(  9 -  9) =     -2.46335  eV     1   --> A              
     e( 10 - 10) =     -1.11117  eV     1   --> A              
     e( 11 - 11) =      1.14335  eV     1   --> A              
     e( 12 - 12) =      1.35365  eV     1   --> A              
     e( 13 - 13) =      3.79707  eV     1   --> A              
     e( 14 - 14) =      5.75688  eV     1   --> A              
     e( 15 - 15) =      5.88283  eV     1   --> A              
     e( 16 - 16) =      6.03281  eV     1   --> A              
     e( 17 - 17) =      6.75769  eV     1   --> A              
     e( 18 - 18) =      6.87302  eV     1   --> A              
     e( 19 - 19) =      8.09438  eV     1   --> A              
     e( 20 - 20) =      9.05844  eV     1   --> A              
     e( 21 - 21) =     11.31774  eV     1   --> A              
     e( 22 - 22) =     14.08608  eV     1   --> A              
     e( 23 - 23) =     14.28414  eV     1   --> A              
     e( 24 - 24) =     14.87488  eV     1   --> A              
     e( 25 - 25) =     15.17842  eV     1   --> A              
     e( 26 - 26) =     17.49835  eV     1   --> A              
     e( 27 - 27) =     17.85129  eV     1   --> A              
     e( 28 - 28) =     18.19597  eV     1   --> A              
     e( 29 - 29) =     19.69544  eV     1   --> A              
     e( 30 - 30) =     20.85475  eV     1   --> A              
     e( 31 - 31) =     21.38150  eV     1   --> A              
     e( 32 - 32) =     21.64988  eV     1   --> A              
     e( 33 - 33) =     22.35308  eV     1   --> A              
     e( 34 - 34) =     23.06116  eV     1   --> A              
     e( 35 - 35) =     24.02609  eV     1   --> A              
     e( 36 - 36) =     24.15822  eV     1   --> A              

 **************************************************************************

 **************************************************************************

                    xk=(   0.07222,  -0.00000,   0.00000  )

     Band symmetry, C_1 (1)     point group:

     e(  1 -  1) =    -45.37878  eV     1   --> A              
     e(  2 -  2) =    -23.85253  eV     1   --> A              
     e(  3 -  3) =    -23.12148  eV     1   --> A              
     e(  4 -  4) =    -23.09510  eV     1   --> A              
     e(  5 -  5) =    -20.65984  eV     1   --> A              
     e(  6 -  6) =    -12.95673  eV     1   --> A              
     e(  7 -  7) =     -3.11968  eV     1   --> A              
     e(  8 -  8) =     -2.50029  eV     1   --> A              
     e(  9 -  9) =     -2.46332  eV     1   --> A              
     e( 10 - 10) =     -1.11455  eV     1   --> A              
     e( 11 - 11) =      1.17720  eV     1   --> A              
     e( 12 - 12) =      1.36051  eV     1   --> A              
     e( 13 - 13) =      3.79484  eV     1   --> A              
     e( 14 - 14) =      5.76517  eV     1   --> A              
     e( 15 - 15) =      5.87551  eV     1   --> A              
     e( 16 - 16) =      6.02145  eV     1   --> A              
     e( 17 - 17) =      6.76149  eV     1   --> A              
     e( 18 - 18) =      6.86474  eV     1   --> A              
     e( 19 - 19) =      8.07475  eV     1   --> A              
     e( 20 - 20) =      9.02671  eV     1   --> A              
     e( 21 - 21) =     11.29561  eV     1   --> A              
     e( 22 - 22) =     14.08145  eV     1   --> A              
     e( 23 - 23) =     14.33048  eV     1   --> A              
     e( 24 - 24) =     14.85471  eV     1   --> A              
     e( 25 - 25) =     15.19669  eV     1   --> A              
     e( 26 - 26) =     17.47601  eV     1   --> A              
     e( 27 - 27) =     17.86709  eV     1   --> A              
     e( 28 - 28) =     18.15910  eV     1   --> A              
     e( 29 - 29) =     19.71008  eV     1   --> A              
     e( 30 - 30) =     20.82763  eV     1   --> A              
     e( 31 - 31) =     21.41478  eV     1   --> A              
     e( 32 - 32) =     21.65238  eV     1   --> A              
     e( 33 - 33) =     22.40938  eV     1   --> A              
     e( 34 - 34) =     23.14846  eV     1   --> A              
     e( 35 - 35) =     24.03365  eV     1   --> A              
     e( 36 - 36) =     24.16913  eV     1   --> A              

 **************************************************************************

 **************************************************************************

                    xk=(   0.06667,  -0.00000,   0.00000  )

     Band symmetry, C_1 (1)     point group:

     e(  1 -  1) =    -45.37912  eV     1   --> A              
     e(  2 -  2) =    -23.85380  eV     1   --> A              
     e(  3 -  3) =    -23.11694  eV     1   --> A              
     e(  4 -  4) =    -23.09437  eV     1   --> A              
     e(  5 -  5) =    -20.66106  eV     1   --> A              
     e(  6 -  6) =    -12.96091  eV     1   --> A              
     e(  7 -  7) =     -3.12465  eV     1   --> A              
     e(  8 -  8) =     -2.49505  eV     1   --> A              
     e(  9 -  9) =     -2.46331  eV     1   --> A              
     e( 10 - 10) =     -1.11775  eV     1   --> A              
     e( 11 - 11) =      1.20905  eV     1   --> A              
     e( 12 - 12) =      1.36684  eV     1   --> A              
     e( 13 - 13) =      3.79264  eV     1   --> A              
     e( 14 - 14) =      5.77316  eV     1   --> A              
     e( 15 - 15) =      5.86879  eV     1   --> A              
     e( 16 - 16) =      6.01016  eV     1   --> A              
     e( 17 - 17) =      6.76593  eV     1   --> A              
     e( 18 - 18) =      6.85704  eV     1   --> A              
     e( 19 - 19) =      8.05641  eV     1   --> A              
     e( 20 - 20) =      8.99650  eV     1   --> A              
     e( 21 - 21) =     11.27512  eV     1   --> A              
     e( 22 - 22) =     14.07532  eV     1   --> A              
     e( 23 - 23) =     14.37685  eV     1   --> A              
     e( 24 - 24) =     14.83549  eV     1   --> A              
     e( 25 - 25) =     15.21482  eV     1   --> A              
     e( 26 - 26) =     17.45249  eV     1   --> A              
     e( 27 - 27) =     17.88153  eV     1   --> A              
     e( 28 - 28) =     18.12592  eV     1   --> A              
     e( 29 - 29) =     19.72254  eV     1   --> A              
     e( 30 - 30) =     20.80056  eV     1   --> A              
     e( 31 - 31) =     21.44655  eV     1   --> A              
     e( 32 - 32) =     21.65427  eV     1   --> A              
     e( 33 - 33) =     22.46829  eV     1   --> A              
     e( 34 - 34) =     23.23756  eV     1   --> A              
     e( 35 - 35) =     24.03359  eV     1   --> A              
     e( 36 - 36) =     24.17717  eV     1   --> A              

 **************************************************************************

 **************************************************************************

                    xk=(   0.06111,  -0.00000,   0.00000  )

     Band symmetry, C_1 (1)     point group:

     e(  1 -  1) =    -45.37942  eV     1   --> A              
     e(  2 -  2) =    -23.85497  eV     1   --> A              
     e(  3 -  3) =    -23.11273  eV     1   --> A              
     e(  4 -  4) =    -23.09369  eV     1   --> A              
     e(  5 -  5) =    -20.66219  eV     1   --> A              
     e(  6 -  6) =    -12.96477  eV     1   --> A              
     e(  7 -  7) =     -3.12924  eV     1   --> A              
     e(  8 -  8) =     -2.49015  eV     1   --> A              
     e(  9 -  9) =     -2.46330  eV     1   --> A              
     e( 10 - 10) =     -1.12072  eV     1   --> A              
     e( 11 - 11) =      1.23880  eV     1   --> A              
     e( 12 - 12) =      1.37266  eV     1   --> A              
     e( 13 - 13) =      3.79055  eV     1   --> A              
     e( 14 - 14) =      5.78082  eV     1   --> A              
     e( 15 - 15) =      5.86267  eV     1   --> A              
     e( 16 - 16) =      5.99907  eV     1   --> A              
     e( 17 - 17) =      6.77087  eV     1   --> A              
     e( 18 - 18) =      6.84994  eV     1   --> A              
     e( 19 - 19) =      8.03939  eV     1   --> A              
     e( 20 - 20) =      8.96795  eV     1   --> A              
     e( 21 - 21) =     11.25629  eV     1   --> A              
     e( 22 - 22) =     14.06848  eV     1   --> A              
     e( 23 - 23) =     14.42239  eV     1   --> A              
     e( 24 - 24) =     14.81749  eV     1   --> A              
     e( 25 - 25) =     15.23218  eV     1   --> A              
     e( 26 - 26) =     17.42825  eV     1   --> A              
     e( 27 - 27) =     17.89461  eV     1   --> A              
     e( 28 - 28) =     18.09636  eV     1   --> A              
     e( 29 - 29) =     19.73305  eV     1   --> A              
     e( 30 - 30) =     20.77397  eV     1   --> A              
     e( 31 - 31) =     21.47672  eV     1   --> A              
     e( 32 - 32) =     21.65569  eV     1   --> A              
     e( 33 - 33) =     22.52948  eV     1   --> A              
     e( 34 - 34) =     23.32690  eV     1   --> A              
     e( 35 - 35) =     24.02809  eV     1   --> A              
     e( 36 - 36) =     24.18377  eV     1   --> A              

 **************************************************************************

 **************************************************************************

                    xk=(   0.05556,  -0.00000,   0.00000  )

     Band symmetry, C_1 (1)     point group:

     e(  1 -  1) =    -45.37970  eV     1   --> A              
     e(  2 -  2) =    -23.85604  eV     1   --> A              
     e(  3 -  3) =    -23.10887  eV     1   --> A              
     e(  4 -  4) =    -23.09307  eV     1   --> A              
     e(  5 -  5) =    -20.66324  eV     1   --> A              
     e(  6 -  6) =    -12.96829  eV     1   --> A              
     e(  7 -  7) =     -3.13347  eV     1   --> A              
     e(  8 -  8) =     -2.48563  eV     1   --> A              
     e(  9 -  9) =     -2.46330  eV     1   --> A              
     e( 10 - 10) =     -1.12348  eV     1   --> A              
     e( 11 - 11) =      1.26635  eV     1   --> A              
     e( 12 - 12) =      1.37796  eV     1   --> A              
     e( 13 - 13) =      3.78855  eV     1   --> A              
     e( 14 - 14) =      5.78814  eV     1   --> A              
     e( 15 - 15) =      5.85713  eV     1   --> A              
     e( 16 - 16) =      5.98829  eV     1   --> A              
     e( 17 - 17) =      6.77612  eV     1   --> A              
     e( 18 - 18) =      6.84344  eV     1   --> A              
     e( 19 - 19) =      8.02372  eV     1   --> A              
     e( 20 - 20) =      8.94122  eV     1   --> A              
     e( 21 - 21) =     11.23911  eV     1   --> A              
     e( 22 - 22) =     14.06140  eV     1   --> A              
     e( 23 - 23) =     14.46651  eV     1   --> A              
     e( 24 - 24) =     14.80087  eV     1   --> A              
     e( 25 - 25) =     15.24832  eV     1   --> A              
     e( 26 - 26) =     17.40377  eV     1   --> A              
     e( 27 - 27) =     17.90636  eV     1   --> A              
     e( 28 - 28) =     18.07028  eV     1   --> A              
     e( 29 - 29) =     19.74185  eV     1   --> A              
     e( 30 - 30) =     20.74828  eV     1   --> A              
     e( 31 - 31) =     21.50517  eV     1   --> A              
     e( 32 - 32) =     21.65673  eV     1   --> A              
     e( 33 - 33) =     22.59249  eV     1   --> A              
     e( 34 - 34) =     23.41477  eV     1   --> A              
     e( 35 - 35) =     24.01852  eV     1   --> A              
     e( 36 - 36) =     24.19037  eV     1   --> A              

 **************************************************************************

 **************************************************************************

                    xk=(   0.05000,  -0.00000,   0.00000  )

     Band symmetry, C_1 (1)     point group:

     e(  1 -  1) =    -45.37996  eV     1   --> A              
     e(  2 -  2) =    -23.85701  eV     1   --> A              
     e(  3 -  3) =    -23.10535  eV     1   --> A              
     e(  4 -  4) =    -23.09252  eV     1   --> A              
     e(  5 -  5) =    -20.66420  eV     1   --> A              
     e(  6 -  6) =    -12.97149  eV     1   --> A              
     e(  7 -  7) =     -3.13732  eV     1   --> A              
     e(  8 -  8) =     -2.48150  eV     1   --> A              
     e(  9 -  9) =     -2.46331  eV     1   --> A              
     e( 10 - 10) =     -1.12602  eV     1   --> A              
     e( 11 - 11) =      1.29161  eV     1   --> A              
     e( 12 - 12) =      1.38274  eV     1   --> A              
     e( 13 - 13) =      3.78666  eV     1   --> A              
     e( 14 - 14) =      5.79506  eV     1   --> A              
     e( 15 - 15) =      5.85214  eV     1   --> A              
     e( 16 - 16) =      5.97792  eV     1   --> A              
     e( 17 - 17) =      6.78151  eV     1   --> A              
     e( 18 - 18) =      6.83755  eV     1   --> A              
     e( 19 - 19) =      8.00944  eV     1   --> A              
     e( 20 - 20) =      8.91647  eV     1   --> A              
     e( 21 - 21) =     11.22358  eV     1   --> A              
     e( 22 - 22) =     14.05438  eV     1   --> A              
     e( 23 - 23) =     14.50871  eV     1   --> A              
     e( 24 - 24) =     14.78573  eV     1   --> A              
     e( 25 - 25) =     15.26293  eV     1   --> A              
     e( 26 - 26) =     17.37958  eV     1   --> A              
     e( 27 - 27) =     17.91684  eV     1   --> A              
     e( 28 - 28) =     18.04748  eV     1   --> A              
     e( 29 - 29) =     19.74914  eV     1   --> A              
     e( 30 - 30) =     20.72387  eV     1   --> A              
     e( 31 - 31) =     21.53179  eV     1   --> A              
     e( 32 - 32) =     21.65746  eV     1   --> A              
     e( 33 - 33) =     22.65669  eV     1   --> A              
     e( 34 - 34) =     23.49916  eV     1   --> A              
     e( 35 - 35) =     24.00559  eV     1   --> A              
     e( 36 - 36) =     24.19852  eV     1   --> A              

 **************************************************************************

 **************************************************************************

                    xk=(   0.04444,  -0.00000,   0.00000  )

     Band symmetry, C_1 (1)     point group:

     e(  1 -  1) =    -45.38019  eV     1   --> A              
     e(  2 -  2) =    -23.85789  eV     1   --> A              
     e(  3 -  3) =    -23.10219  eV     1   --> A              
     e(  4 -  4) =    -23.09202  eV     1   --> A              
     e(  5 -  5) =    -20.66506  eV     1   --> A              
     e(  6 -  6) =    -12.97435  eV     1   --> A              
     e(  7 -  7) =     -3.14078  eV     1   --> A              
     e(  8 -  8) =     -2.47776  eV     1   --> A              
     e(  9 -  9) =     -2.46333  eV     1   --> A              
     e( 10 - 10) =     -1.12831  eV     1   --> A              
     e( 11 - 11) =      1.31449  eV     1   --> A              
     e( 12 - 12) =      1.38701  eV     1   --> A              
     e( 13 - 13) =      3.78492  eV     1   --> A              
     e( 14 - 14) =      5.80158  eV     1   --> A              
     e( 15 - 15) =      5.84769  eV     1   --> A              
     e( 16 - 16) =      5.96809  eV     1   --> A              
     e( 17 - 17) =      6.78689  eV     1   --> A              
     e( 18 - 18) =      6.83227  eV     1   --> A              
     e( 19 - 19) =      7.99656  eV     1   --> A              
     e( 20 - 20) =      8.89383  eV     1   --> A              
     e( 21 - 21) =     11.20969  eV     1   --> A              
     e( 22 - 22) =     14.04764  eV     1   --> A              
     e( 23 - 23) =     14.54850  eV     1   --> A              
     e( 24 - 24) =     14.77213  eV     1   --> A              
     e( 25 - 25) =     15.27578  eV     1   --> A              
     e( 26 - 26) =     17.35622  eV     1   --> A              
     e( 27 - 27) =     17.92607  eV     1   --> A              
     e( 28 - 28) =     18.02777  eV     1   --> A              
     e( 29 - 29) =     19.75513  eV     1   --> A              
     e( 30 - 30) =     20.70107  eV     1   --> A              
     e( 31 - 31) =     21.55643  eV     1   --> A              
     e( 32 - 32) =     21.65794  eV     1   --> A              
     e( 33 - 33) =     22.72129  eV     1   --> A              
     e( 34 - 34) =     23.57773  eV     1   --> A              
     e( 35 - 35) =     23.98959  eV     1   --> A              
     e( 36 - 36) =     24.20995  eV     1   --> A              

 **************************************************************************

 **************************************************************************

                    xk=(   0.03889,  -0.00000,   0.00000  )

     Band symmetry, C_1 (1)     point group:

     e(  1 -  1) =    -45.38039  eV     1   --> A              
     e(  2 -  2) =    -23.85865  eV     1   --> A              
     e(  3 -  3) =    -23.09938  eV     1   --> A              
     e(  4 -  4) =    -23.09158  eV     1   --> A              
     e(  5 -  5) =    -20.66583  eV     1   --> A              
     e(  6 -  6) =    -12.97688  eV     1   --> A              
     e(  7 -  7) =     -3.14384  eV     1   --> A              
     e(  8 -  8) =     -2.47443  eV     1   --> A              
     e(  9 -  9) =     -2.46334  eV     1   --> A              
     e( 10 - 10) =     -1.13035  eV     1   --> A              
     e( 11 - 11) =      1.33489  eV     1   --> A              
     e( 12 - 12) =      1.39077  eV     1   --> A              
     e( 13 - 13) =      3.78334  eV     1   --> A              
     e( 14 - 14) =      5.80764  eV     1   --> A              
     e( 15 - 15) =      5.84380  eV     1   --> A              
     e( 16 - 16) =      5.95890  eV     1   --> A              
     e( 17 - 17) =      6.79210  eV     1   --> A              
     e( 18 - 18) =      6.82760  eV     1   --> A              
     e( 19 - 19) =      7.98513  eV     1   --> A              
     e( 20 - 20) =      8.87347  eV     1   --> A              
     e( 21 - 21) =     11.19745  eV     1   --> A              
     e( 22 - 22) =     14.04138  eV     1   --> A              
     e( 23 - 23) =     14.58539  eV     1   --> A              
     e( 24 - 24) =     14.76010  eV     1   --> A              
     e( 25 - 25) =     15.28676  eV     1   --> A              
     e( 26 - 26) =     17.33422  eV     1   --> A              
     e( 27 - 27) =     17.93411  eV     1   --> A              
     e( 28 - 28) =     18.01093  eV     1   --> A              
     e( 29 - 29) =     19.75998  eV     1   --> A              
     e( 30 - 30) =     20.68021  eV     1   --> A              
     e( 31 - 31) =     21.57890  eV     1   --> A              
     e( 32 - 32) =     21.65822  eV     1   --> A              
     e( 33 - 33) =     22.78533  eV     1   --> A              
     e( 34 - 34) =     23.64788  eV     1   --> A              
     e( 35 - 35) =     23.97065  eV     1   --> A              
     e( 36 - 36) =     24.22642  eV     1   --> A              

 **************************************************************************

 **************************************************************************

                    xk=(   0.03333,  -0.00000,   0.00000  )

     Band symmetry, C_1 (1)     point group:

     e(  1 -  1) =    -45.38057  eV     1   --> A              
     e(  2 -  2) =    -23.85933  eV     1   --> A              
     e(  3 -  3) =    -23.09694  eV     1   --> A              
     e(  4 -  4) =    -23.09121  eV     1   --> A              
     e(  5 -  5) =    -20.66650  eV     1   --> A              
     e(  6 -  6) =    -12.97908  eV     1   --> A              
     e(  7 -  7) =     -3.14651  eV     1   --> A              
     e(  8 -  8) =     -2.47152  eV     1   --> A              
     e(  9 -  9) =     -2.46337  eV     1   --> A              
     e( 10 - 10) =     -1.13215  eV     1   --> A              
     e( 11 - 11) =      1.35274  eV     1   --> A              
     e( 12 - 12) =      1.39403  eV     1   --> A              
     e( 13 - 13) =      3.78194  eV     1   --> A              
     e( 14 - 14) =      5.81319  eV     1   --> A              
     e( 15 - 15) =      5.84043  eV     1   --> A              
     e( 16 - 16) =      5.95048  eV     1   --> A              
     e( 17 - 17) =      6.79697  eV     1   --> A              
     e( 18 - 18) =      6.82355  eV     1   --> A              
     e( 19 - 19) =      7.97515  eV     1   --> A              
     e( 20 - 20) =      8.85551  eV     1   --> A              
     e( 21 - 21) =     11.18685  eV     1   --> A              
     e( 22 - 22) =     14.03571  eV     1   --> A              
     e( 23 - 23) =     14.61890  eV     1   --> A              
     e( 24 - 24) =     14.74967  eV     1   --> A              
     e( 25 - 25) =     15.29584  eV     1   --> A              
     e( 26 - 26) =     17.31407  eV     1   --> A              
     e( 27 - 27) =     17.94098  eV     1   --> A              
     e( 28 - 28) =     17.99675  eV     1   --> A              
     e( 29 - 29) =     19.76387  eV     1   --> A              
     e( 30 - 30) =     20.66155  eV     1   --> A              
     e( 31 - 31) =     21.59899  eV     1   --> A              
     e( 32 - 32) =     21.65835  eV     1   --> A              
     e( 33 - 33) =     22.84761  eV     1   --> A              
     e( 34 - 34) =     23.70716  eV     1   --> A              
     e( 35 - 35) =     23.94896  eV     1   --> A              
     e( 36 - 36) =     24.24910  eV     1   --> A              

 **************************************************************************

 **************************************************************************

                    xk=(   0.02778,  -0.00000,   0.00000  )

     Band symmetry, C_1 (1)     point group:

     e(  1 -  1) =    -45.38072  eV     1   --> A              
     e(  2 -  2) =    -23.85990  eV     1   --> A              
     e(  3 -  3) =    -23.09487  eV     1   --> A              
     e(  4 -  4) =    -23.09089  eV     1   --> A              
     e(  5 -  5) =    -20.66708  eV     1   --> A              
     e(  6 -  6) =    -12.98094  eV     1   --> A              
     e(  7 -  7) =     -3.14878  eV     1   --> A              
     e(  8 -  8) =     -2.46906  eV     1   --> A              
     e(  9 -  9) =     -2.46339  eV     1   --> A              
     e( 10 - 10) =     -1.13367  eV     1   --> A              
     e( 11 - 11) =      1.36797  eV     1   --> A              
     e( 12 - 12) =      1.39678  eV     1   --> A              
     e( 13 - 13) =      3.78072  eV     1   --> A              
     e( 14 - 14) =      5.81817  eV     1   --> A              
     e( 15 - 15) =      5.83758  eV     1   --> A              
     e( 16 - 16) =      5.94296  eV     1   --> A              
     e( 17 - 17) =      6.80136  eV     1   --> A              
     e( 18 - 18) =      6.82011  eV     1   --> A              
     e( 19 - 19) =      7.96666  eV     1   --> A              
     e( 20 - 20) =      8.84007  eV     1   --> A              
     e( 21 - 21) =     11.17789  eV     1   --> A              
     e( 22 - 22) =     14.03076  eV     1   --> A              
     e( 23 - 23) =     14.64849  eV     1   --> A              
     e( 24 - 24) =     14.74083  eV     1   --> A              
     e( 25 - 25) =     15.30308  eV     1   --> A              
     e( 26 - 26) =     17.29622  eV     1   --> A              
     e( 27 - 27) =     17.94672  eV     1   --> A              
     e( 28 - 28) =     17.98506  eV     1   --> A              
     e( 29 - 29) =     19.76692  eV     1   --> A              
     e( 30 - 30) =     20.64534  eV     1   --> A              
     e( 31 - 31) =     21.61648  eV     1   --> A              
     e( 32 - 32) =     21.65838  eV     1   --> A              
     e( 33 - 33) =     22.90665  eV     1   --> A              
     e( 34 - 34) =     23.75405  eV     1   --> A              
     e( 35 - 35) =     23.92512  eV     1   --> A              
     e( 36 - 36) =     24.27752  eV     1   --> A              

 **************************************************************************

 **************************************************************************

                    xk=(   0.02222,  -0.00000,   0.00000  )

     Band symmetry, C_1 (1)     point group:

     e(  1 -  1) =    -45.38084  eV     1   --> A              
     e(  2 -  2) =    -23.86036  eV     1   --> A              
     e(  3 -  3) =    -23.09317  eV     1   --> A              
     e(  4 -  4) =    -23.09062  eV     1   --> A              
     e(  5 -  5) =    -20.66755  eV     1   --> A              
     e(  6 -  6) =    -12.98246  eV     1   --> A              
     e(  7 -  7) =     -3.15063  eV     1   --> A              
     e(  8 -  8) =     -2.46703  eV     1   --> A              
     e(  9 -  9) =     -2.46340  eV     1   --> A              
     e( 10 - 10) =     -1.13493  eV     1   --> A              
     e( 11 - 11) =      1.38052  eV     1   --> A              
     e( 12 - 12) =      1.39903  eV     1   --> A              
     e( 13 - 13) =      3.77971  eV     1   --> A              
     e( 14 - 14) =      5.82253  eV     1   --> A              
     e( 15 - 15) =      5.83525  eV     1   --> A              
     e( 16 - 16) =      5.93646  eV     1   --> A              
     e( 17 - 17) =      6.80515  eV     1   --> A              
     e( 18 - 18) =      6.81731  eV     1   --> A              
     e( 19 - 19) =      7.95969  eV     1   --> A              
     e( 20 - 20) =      8.82728  eV     1   --> A              
     e( 21 - 21) =     11.17056  eV     1   --> A              
     e( 22 - 22) =     14.02659  eV     1   --> A              
     e( 23 - 23) =     14.67364  eV     1   --> A              
     e( 24 - 24) =     14.73361  eV     1   --> A              
     e( 25 - 25) =     15.30861  eV     1   --> A              
     e( 26 - 26) =     17.28106  eV     1   --> A              
     e( 27 - 27) =     17.95138  eV     1   --> A              
     e( 28 - 28) =     17.97571  eV     1   --> A              
     e( 29 - 29) =     19.76926  eV     1   --> A              
     e( 30 - 30) =     20.63179  eV     1   --> A              
     e( 31 - 31) =     21.63116  eV     1   --> A              
     e( 32 - 32) =     21.65834  eV     1   --> A              
     e( 33 - 33) =     22.96056  eV     1   --> A              
     e( 34 - 34) =     23.78858  eV     1   --> A              
     e( 35 - 35) =     23.90034  eV     1   --> A              
     e( 36 - 36) =     24.30885  eV     1   --> A              

 **************************************************************************

 **************************************************************************

                    xk=(   0.01667,  -0.00000,   0.00000  )

     Band symmetry, C_1 (1)     point group:

     e(  1 -  1) =    -45.38094  eV     1   --> A              
     e(  2 -  2) =    -23.86072  eV     1   --> A              
     e(  3 -  3) =    -23.09187  eV     1   --> A              
     e(  4 -  4) =    -23.09043  eV     1   --> A              
     e(  5 -  5) =    -20.66792  eV     1   --> A              
     e(  6 -  6) =    -12.98365  eV     1   --> A              
     e(  7 -  7) =     -3.15209  eV     1   --> A              
     e(  8 -  8) =     -2.46548  eV     1   --> A              
     e(  9 -  9) =     -2.46342  eV     1   --> A              
     e( 10 - 10) =     -1.13591  eV     1   --> A              
     e( 11 - 11) =      1.39033  eV     1   --> A              
     e( 12 - 12) =      1.40078  eV     1   --> A              
     e( 13 - 13) =      3.77891  eV     1   --> A              
     e( 14 - 14) =      5.82611  eV     1   --> A              
     e( 15 - 15) =      5.83343  eV     1   --> A              
     e( 16 - 16) =      5.93115  eV     1   --> A              
     e( 17 - 17) =      6.80821  eV     1   --> A              
     e( 18 - 18) =      6.81511  eV     1   --> A              
     e( 19 - 19) =      7.95424  eV     1   --> A              
     e( 20 - 20) =      8.81722  eV     1   --> A              
     e( 21 - 21) =     11.16487  eV     1   --> A              
     e( 22 - 22) =     14.02329  eV     1   --> A              
     e( 23 - 23) =     14.69385  eV     1   --> A              
     e( 24 - 24) =     14.72798  eV     1   --> A              
     e( 25 - 25) =     15.31260  eV     1   --> A              
     e( 26 - 26) =     17.26893  eV     1   --> A              
     e( 27 - 27) =     17.95496  eV     1   --> A              
     e( 28 - 28) =     17.96857  eV     1   --> A              
     e( 29 - 29) =     19.77098  eV     1   --> A              
     e( 30 - 30) =     20.62107  eV     1   --> A              
     e( 31 - 31) =     21.64281  eV     1   --> A              
     e( 32 - 32) =     21.65827  eV     1   --> A              
     e( 33 - 33) =     23.00703  eV     1   --> A              
     e( 34 - 34) =     23.81225  eV     1   --> A              
     e( 35 - 35) =     23.87656  eV     1   --> A              
     e( 36 - 36) =     24.33836  eV     1   --> A              

 **************************************************************************

 **************************************************************************

                    xk=(   0.01111,  -0.00000,   0.00000  )

     Band symmetry, C_1 (1)     point group:

     e(  1 -  1) =    -45.38102  eV     1   --> A              
     e(  2 -  2) =    -23.86099  eV     1   --> A              
     e(  3 -  3) =    -23.09092  eV     1   --> A              
     e(  4 -  4) =    -23.09028  eV     1   --> A              
     e(  5 -  5) =    -20.66818  eV     1   --> A              
     e(  6 -  6) =    -12.98450  eV     1   --> A              
     e(  7 -  7) =     -3.15313  eV     1   --> A              
     e(  8 -  8) =     -2.46436  eV     1   --> A              
     e(  9 -  9) =     -2.46344  eV     1   --> A              
     e( 10 - 10) =     -1.13663  eV     1   --> A              
     e( 11 - 11) =      1.39737  eV     1   --> A              
     e( 12 - 12) =      1.40202  eV     1   --> A              
     e( 13 - 13) =      3.77833  eV     1   --> A              
     e( 14 - 14) =      5.82881  eV     1   --> A              
     e( 15 - 15) =      5.83213  eV     1   --> A              
     e( 16 - 16) =      5.92719  eV     1   --> A              
     e( 17 - 17) =      6.81045  eV     1   --> A              
     e( 18 - 18) =      6.81354  eV     1   --> A              
     e( 19 - 19) =      7.95034  eV     1   --> A              
     e( 20 - 20) =      8.80998  eV     1   --> A              
     e( 21 - 21) =     11.16080  eV     1   --> A              
     e( 22 - 22) =     14.02089  eV     1   --> A              
     e( 23 - 23) =     14.70867  eV     1   --> A              
     e( 24 - 24) =     14.72397  eV     1   --> A              
     e( 25 - 25) =     15.31527  eV     1   --> A              
     e( 26 - 26) =     17.26008  eV     1   --> A              
     e( 27 - 27) =     17.95751  eV     1   --> A              
     e( 28 - 28) =     17.96353  eV     1   --> A              
     e( 29 - 29) =     19.77216  eV     1   --> A              
     e( 30 - 30) =     20.61332  eV     1   --> A              
     e( 31 - 31) =     21.65127  eV     1   --> A              
     e( 32 - 32) =     21.65819  eV     1   --> A              
     e( 33 - 33) =     23.04334  eV     1   --> A              
     e( 34 - 34) =     23.82718  eV     1   --> A              
     e( 35 - 35) =     23.85641  eV     1   --> A              
     e( 36 - 36) =     24.36147  eV     1   --> A              

 **************************************************************************

 **************************************************************************

                    xk=(   0.00556,  -0.00000,   0.00000  )

     Band symmetry, C_1 (1)     point group:

     e(  1 -  1) =    -45.38106  eV     1   --> A              
     e(  2 -  2) =    -23.86115  eV     1   --> A              
     e(  3 -  3) =    -23.09036  eV     1   --> A              
     e(  4 -  4) =    -23.09019  eV     1   --> A              
     e(  5 -  5) =    -20.66834  eV     1   --> A              
     e(  6 -  6) =    -12.98501  eV     1   --> A              
     e(  7 -  7) =     -3.15377  eV     1   --> A              
     e(  8 -  8) =     -2.46368  eV     1   --> A              
     e(  9 -  9) =     -2.46344  eV     1   --> A              
     e( 10 - 10) =     -1.13706  eV     1   --> A              
     e( 11 - 11) =      1.40161  eV     1   --> A              
     e( 12 - 12) =      1.40277  eV     1   --> A              
     e( 13 - 13) =      3.77797  eV     1   --> A              
     e( 14 - 14) =      5.83051  eV     1   --> A              
     e( 15 - 15) =      5.83135  eV     1   --> A              
     e( 16 - 16) =      5.92473  eV     1   --> A              
     e( 17 - 17) =      6.81182  eV     1   --> A              
     e( 18 - 18) =      6.81259  eV     1   --> A              
     e( 19 - 19) =      7.94799  eV     1   --> A              
     e( 20 - 20) =      8.80561  eV     1   --> A              
     e( 21 - 21) =     11.15836  eV     1   --> A              
     e( 22 - 22) =     14.01944  eV     1   --> A              
     e( 23 - 23) =     14.71771  eV     1   --> A              
     e( 24 - 24) =     14.72156  eV     1   --> A              
     e( 25 - 25) =     15.31678  eV     1   --> A              
     e( 26 - 26) =     17.25469  eV     1   --> A              
     e( 27 - 27) =     17.95903  eV     1   --> A              
     e( 28 - 28) =     17.96053  eV     1   --> A              
     e( 29 - 29) =     19.77284  eV     1   --> A              
     e( 30 - 30) =     20.60863  eV     1   --> A              
     e( 31 - 31) =     21.65640  eV     1   --> A              
     e( 32 - 32) =     21.65814  eV     1   --> A              
     e( 33 - 33) =     23.06666  eV     1   --> A              
     e( 34 - 34) =     23.83530  eV     1   --> A              
     e( 35 - 35) =     23.84273  eV     1   --> A              
     e( 36 - 36) =     24.37563  eV     1   --> A              

 **************************************************************************

 **************************************************************************

                    xk=(   0.00000,   0.00000,   0.00000  )

     point group C_3v (3m)  
     there are  3 classes
     the character table:

       E     2C3   3s_v 
A_1    1.00  1.00  1.00
A_2    1.00  1.00 -1.00
E      2.00 -1.00  0.00

     the symmetry operations in each class and the name of the first element:

     E        1
                                                                 
     2C3      2    3
                                                                 
     3s_v     4    5    6
                                                                 

     Band symmetry, C_3v (3m)   point group:

     e(  1 -  1) =    -45.38107  eV     1   --> A_1  L_1       
     e(  2 -  2) =    -23.86121  eV     1   --> A_1  L_1       
     e(  3 -  4) =    -23.09015  eV     2   --> E    L_3       
     e(  5 -  5) =    -20.66839  eV     1   --> A_1  L_1       
     e(  6 -  6) =    -12.98517  eV     1   --> A_1  L_1       
     e(  7 -  7) =     -3.15399  eV     1   --> A_1  L_1       
     e(  8 -  9) =     -2.46341  eV     2   --> E    L_3       
     e( 10 - 10) =     -1.13721  eV     1   --> A_1  L_1       
     e( 11 - 12) =      1.40302  eV     2   --> E    L_3       
     e( 13 - 13) =      3.77785  eV     1   --> A_1  L_1       
     e( 14 - 15) =      5.83111  eV     2   --> E    L_3       
     e( 16 - 16) =      5.92390  eV     1   --> A_1  L_1       
     e( 17 - 18) =      6.81228  eV     2   --> E    L_3       
     e( 19 - 19) =      7.94721  eV     1   --> A_1  L_1       
     e( 20 - 20) =      8.80415  eV     1   --> A_1  L_1       
     e( 21 - 21) =     11.15755  eV     1   --> A_1  L_1       
     e( 22 - 22) =     14.01896  eV     1   --> A_1  L_1       
     e( 23 - 24) =     14.72076  eV     2   --> E    L_3       
     e( 25 - 25) =     15.31727  eV     1   --> A_1  L_1       
     e( 26 - 26) =     17.25288  eV     1   --> A_1  L_1       
     e( 27 - 28) =     17.95954  eV     2   --> E    L_3       
     e( 29 - 29) =     19.77307  eV     1   --> A_1  L_1       
     e( 30 - 30) =     20.60706  eV     1   --> A_1  L_1       
     e( 31 - 32) =     21.65813  eV     2   --> E    L_3       
     e( 33 - 33) =     23.07472  eV     1   --> A_1  L_1       
     e( 34 - 35) =     23.83787  eV     2   --> E    L_3       
     e( 36 - 36) =     24.38032  eV     1   --> A_1  L_1       

 **************************************************************************

     BANDS        :      9.16s CPU     10.11s WALL


   This run was terminated on:  15:37:30  10Sep2026            

=------------------------------------------------------------------------------=
   JOB DONE.
=------------------------------------------------------------------------------=
