
     Program BANDS v.7.2 starts on  7Aug2026 at 16:45:28 

     This program is part of the open-source Quantum ESPRESSO suite
     for quantum simulation of materials; please cite
         "P. Giannozzi et al., J. Phys.:Condens. Matter 21 395502 (2009);
         "P. Giannozzi et al., J. Phys.:Condens. Matter 29 465901 (2017);
         "P. Giannozzi et al., J. Chem. Phys. 152 154105 (2020);
          URL http://www.quantum-espresso.org", 
     in publications or presentations arising from this work. More details at
     http://www.quantum-espresso.org/quote

     Parallel version (MPI), running on     1 processors

     MPI processes distributed on     1 nodes
     231708 MiB available memory on the printing compute node when the environment starts


     Reading xml data from directory:

     ./out/ZrCl2.save/
     file Zr.pbe-spn-kjpaw_psl.1.0.0.UPF: wavefunction(s)  4S 4P renormalized
     file Cl.pbe-n-kjpaw_psl.1.0.0.UPF: wavefunction(s)  3S 3P renormalized

     IMPORTANT: XC functional enforced from input :
     Exchange-correlation= PBE
                           (   1   4   3   4   0   0   0)
     Any further DFT definition will be discarded
     Please, verify this is what you really want


     G-vector sticks info
     --------------------
     sticks:   dense  smooth     PW     G-vecs:    dense   smooth      PW
     Sum         583     583    163                65927    65927   10613

     Using Slab Decomposition


     Check: negative core charge=   -0.000006

     negative rho (up, down):  2.426E-03 0.000E+00
     Reading collected, re-writing distributed wavefunctions
     high-symmetry point:  0.0000 0.0000 0.0000   x coordinate   0.0000
     high-symmetry point:  0.5000 0.2887 0.0000   x coordinate   0.5774
     high-symmetry point:  0.3333 0.5774 0.0000   x coordinate   0.9107
     high-symmetry point:  0.0000 0.0000 0.0000   x coordinate   1.5774

     Plottable bands (eV) written to file bands.dat.gnu
     Bands written to file bands.dat

 **************************************************************************

                    xk=(   0.00000,   0.00000,   0.00000  )

     point group D_3h (-62m)
     there are  6 classes
     the character table:

       E     2C3   3C2   s_h   2S3   3s_v 
A'_1   1.00  1.00  1.00  1.00  1.00  1.00
A'_2   1.00  1.00 -1.00  1.00  1.00 -1.00
E'     2.00 -1.00  0.00  2.00 -1.00  0.00
A''1   1.00  1.00  1.00 -1.00 -1.00 -1.00
A''2   1.00  1.00 -1.00 -1.00 -1.00  1.00
E''    2.00 -1.00  0.00 -2.00  1.00  0.00

     the symmetry operations in each class and the name of the first element:

     E        1
                                                                 
     2C3      3    4
                                                                 
     3C2      2    6    5
                                                                 
     s_h      7
                                                                 
     2S3      9   10
                                                                 
     3s_v     8   11   12
                                                                 

     Band symmetry, D_3h (-62m) point group:

     e(  1 -  1) =    -49.38759  eV     1   --> A'_1           
     e(  2 -  2) =    -27.65659  eV     1   --> A''2           
     e(  3 -  4) =    -27.18710  eV     2   --> E'             
     e(  5 -  5) =    -17.50725  eV     1   --> A'_1           
     e(  6 -  6) =    -16.92132  eV     1   --> A''2           
     e(  7 -  7) =     -6.86221  eV     1   --> A'_1           
     e(  8 -  8) =     -4.84836  eV     1   --> A''2           
     e(  9 - 10) =     -4.28704  eV     2   --> E'             
     e( 11 - 12) =     -4.04460  eV     2   --> E''            
     e( 13 - 13) =     -0.28956  eV     1   --> A'_1           
     e( 14 - 15) =      1.41820  eV     2   --> E'             
     e( 16 - 17) =      2.24962  eV     2   --> E''            
     e( 18 - 18) =      2.54055  eV     1   --> A'_1           
     e( 19 - 19) =      3.48735  eV     1   --> A'_1           
     e( 20 - 20) =      3.57045  eV     1   --> A''2           
     e( 21 - 21) =      4.36050  eV     1   --> A'_1           
     e( 22 - 22) =      4.94098  eV     1   --> A''2           
     e( 23 - 23) =      5.86377  eV     1   --> A''2           
     e( 24 - 24) =      6.43064  eV     1   --> A'_1           
     e( 25 - 25) =      8.09427  eV     1   --> A''2           
     e( 26 - 26) =      9.25862  eV     1   -->   ?

 **************************************************************************

 **************************************************************************

                    xk=(   0.01667,   0.00962,   0.00000  )

     point group C_2v (mm2) 
     there are  4 classes
     the character table:

       E     C2    s_v   s_v' 
A_1    1.00  1.00  1.00  1.00
A_2    1.00  1.00 -1.00 -1.00
B_1    1.00 -1.00  1.00 -1.00
B_2    1.00 -1.00 -1.00  1.00

     the symmetry operations in each class and the name of the first element:

     E        1
                                                                 
     C2       2
                                                                 
     s_v      3
                                                                 
     s_v'     4
                                                                 

     Band symmetry, C_2v (mm2)  point group:

     e(  1 -  1) =    -49.38747  eV     1   --> A_1  D_1  S_1  
     e(  2 -  2) =    -27.65622  eV     1   --> B_2  D_4  S_4  
     e(  3 -  3) =    -27.18854  eV     1   --> A_1  D_1  S_1  
     e(  4 -  4) =    -27.18740  eV     1   --> B_1  D_3  S_3  
     e(  5 -  5) =    -17.50511  eV     1   --> A_1  D_1  S_1  
     e(  6 -  6) =    -16.92085  eV     1   --> B_2  D_4  S_4  
     e(  7 -  7) =     -6.85889  eV     1   --> A_1  D_1  S_1  
     e(  8 -  8) =     -4.85106  eV     1   --> B_2  D_4  S_4  
     e(  9 -  9) =     -4.29761  eV     1   --> A_1  D_1  S_1  
     e( 10 - 10) =     -4.28679  eV     1   --> B_1  D_3  S_3  
     e( 11 - 11) =     -4.04964  eV     1   --> B_2  D_4  S_4  
     e( 12 - 12) =     -4.04787  eV     1   --> A_2  D_2  S_2  
     e( 13 - 13) =     -0.28947  eV     1   --> A_1  D_1  S_1  
     e( 14 - 14) =      1.41408  eV     1   --> A_1  D_1  S_1  
     e( 15 - 15) =      1.42128  eV     1   --> B_1  D_3  S_3  
     e( 16 - 16) =      2.24630  eV     1   --> B_2  D_4  S_4  
     e( 17 - 17) =      2.25384  eV     1   --> A_2  D_2  S_2  
     e( 18 - 18) =      2.55440  eV     1   --> A_1  D_1  S_1  
     e( 19 - 19) =      3.49324  eV     1   --> A_1  D_1  S_1  
     e( 20 - 20) =      3.57692  eV     1   --> B_2  D_4  S_4  
     e( 21 - 21) =      4.36709  eV     1   --> A_1  D_1  S_1  
     e( 22 - 22) =      4.95011  eV     1   --> B_2  D_4  S_4  
     e( 23 - 23) =      5.87524  eV     1   --> B_2  D_4  S_4  
     e( 24 - 24) =      6.43651  eV     1   --> A_1  D_1  S_1  
     e( 25 - 25) =      8.09812  eV     1   --> B_2  D_4  S_4  
     e( 26 - 26) =      9.20941  eV     1   --> A_1  D_1  S_1  

 **************************************************************************

 **************************************************************************

                    xk=(   0.03333,   0.01925,   0.00000  )

     Band symmetry, C_2v (mm2)  point group:

     e(  1 -  1) =    -49.38707  eV     1   --> A_1  D_1  S_1  
     e(  2 -  2) =    -27.65511  eV     1   --> B_2  D_4  S_4  
     e(  3 -  3) =    -27.19281  eV     1   --> A_1  D_1  S_1  
     e(  4 -  4) =    -27.18829  eV     1   --> B_1  D_3  S_3  
     e(  5 -  5) =    -17.49870  eV     1   --> A_1  D_1  S_1  
     e(  6 -  6) =    -16.91942  eV     1   --> B_2  D_4  S_4  
     e(  7 -  7) =     -6.84895  eV     1   --> A_1  D_1  S_1  
     e(  8 -  8) =     -4.85921  eV     1   --> B_2  D_4  S_4  
     e(  9 -  9) =     -4.32893  eV     1   --> A_1  D_1  S_1  
     e( 10 - 10) =     -4.28604  eV     1   --> B_1  D_3  S_3  
     e( 11 - 11) =     -4.06456  eV     1   --> B_2  D_4  S_4  
     e( 12 - 12) =     -4.05758  eV     1   --> A_2  D_2  S_2  
     e( 13 - 13) =     -0.28933  eV     1   --> A_1  D_1  S_1  
     e( 14 - 14) =      1.40220  eV     1   --> A_1  D_1  S_1  
     e( 15 - 15) =      1.43054  eV     1   --> B_1  D_3  S_3  
     e( 16 - 16) =      2.23693  eV     1   --> B_2  D_4  S_4  
     e( 17 - 17) =      2.26641  eV     1   --> A_2  D_2  S_2  
     e( 18 - 18) =      2.59538  eV     1   --> A_1  D_1  S_1  
     e( 19 - 19) =      3.51089  eV     1   --> A_1  D_1  S_1  
     e( 20 - 20) =      3.59601  eV     1   --> B_2  D_4  S_4  
     e( 21 - 21) =      4.38680  eV     1   --> A_1  D_1  S_1  
     e( 22 - 22) =      4.97689  eV     1   --> B_2  D_4  S_4  
     e( 23 - 23) =      5.90976  eV     1   --> B_2  D_4  S_4  
     e( 24 - 24) =      6.45407  eV     1   --> A_1  D_1  S_1  
     e( 25 - 25) =      8.10960  eV     1   --> B_2  D_4  S_4  
     e( 26 - 26) =      9.10598  eV     1   --> A_1  D_1  S_1  

 **************************************************************************

 **************************************************************************

                    xk=(   0.05000,   0.02887,   0.00000  )

     Band symmetry, C_2v (mm2)  point group:

     e(  1 -  1) =    -49.38643  eV     1   --> A_1  D_1  S_1  
     e(  2 -  2) =    -27.65329  eV     1   --> B_2  D_4  S_4  
     e(  3 -  3) =    -27.19987  eV     1   --> A_1  D_1  S_1  
     e(  4 -  4) =    -27.18974  eV     1   --> B_1  D_3  S_3  
     e(  5 -  5) =    -17.48810  eV     1   --> A_1  D_1  S_1  
     e(  6 -  6) =    -16.91707  eV     1   --> B_2  D_4  S_4  
     e(  7 -  7) =     -6.83256  eV     1   --> A_1  D_1  S_1  
     e(  8 -  8) =     -4.87291  eV     1   --> B_2  D_4  S_4  
     e(  9 -  9) =     -4.37997  eV     1   --> A_1  D_1  S_1  
     e( 10 - 10) =     -4.28484  eV     1   --> B_1  D_3  S_3  
     e( 11 - 11) =     -4.08894  eV     1   --> B_2  D_4  S_4  
     e( 12 - 12) =     -4.07355  eV     1   --> A_2  D_2  S_2  
     e( 13 - 13) =     -0.28958  eV     1   --> A_1  D_1  S_1  
     e( 14 - 14) =      1.38397  eV     1   --> A_1  D_1  S_1  
     e( 15 - 15) =      1.44608  eV     1   --> B_1  D_3  S_3  
     e( 16 - 16) =      2.22312  eV     1   --> B_2  D_4  S_4  
     e( 17 - 17) =      2.28703  eV     1   --> A_2  D_2  S_2  
     e( 18 - 18) =      2.66187  eV     1   --> A_1  D_1  S_1  
     e( 19 - 19) =      3.54030  eV     1   --> A_1  D_1  S_1  
     e( 20 - 20) =      3.62689  eV     1   --> B_2  D_4  S_4  
     e( 21 - 21) =      4.41945  eV     1   --> A_1  D_1  S_1  
     e( 22 - 22) =      5.01953  eV     1   --> B_2  D_4  S_4  
     e( 23 - 23) =      5.96761  eV     1   --> B_2  D_4  S_4  
     e( 24 - 24) =      6.48307  eV     1   --> A_1  D_1  S_1  
     e( 25 - 25) =      8.12853  eV     1   --> B_2  D_4  S_4  
     e( 26 - 26) =      8.97859  eV     1   --> A_1  D_1  S_1  

 **************************************************************************

 **************************************************************************

                    xk=(   0.06667,   0.03849,   0.00000  )

     Band symmetry, C_2v (mm2)  point group:

     e(  1 -  1) =    -49.38556  eV     1   --> A_1  D_1  S_1  
     e(  2 -  2) =    -27.65077  eV     1   --> B_2  D_4  S_4  
     e(  3 -  3) =    -27.20965  eV     1   --> A_1  D_1  S_1  
     e(  4 -  4) =    -27.19177  eV     1   --> B_1  D_3  S_3  
     e(  5 -  5) =    -17.47341  eV     1   --> A_1  D_1  S_1  
     e(  6 -  6) =    -16.91380  eV     1   --> B_2  D_4  S_4  
     e(  7 -  7) =     -6.80994  eV     1   --> A_1  D_1  S_1  
     e(  8 -  8) =     -4.89232  eV     1   --> B_2  D_4  S_4  
     e(  9 -  9) =     -4.44910  eV     1   --> A_1  D_1  S_1  
     e( 10 - 10) =     -4.28326  eV     1   --> B_1  D_3  S_3  
     e( 11 - 11) =     -4.12197  eV     1   --> B_2  D_4  S_4  
     e( 12 - 12) =     -4.09548  eV     1   --> A_2  D_2  S_2  
     e( 13 - 13) =     -0.29091  eV     1   --> A_1  D_1  S_1  
     e( 14 - 14) =      1.36156  eV     1   --> A_1  D_1  S_1  
     e( 15 - 15) =      1.46806  eV     1   --> B_1  D_3  S_3  
     e( 16 - 16) =      2.20711  eV     1   --> B_2  D_4  S_4  
     e( 17 - 17) =      2.31522  eV     1   --> A_2  D_2  S_2  
     e( 18 - 18) =      2.75129  eV     1   --> A_1  D_1  S_1  
     e( 19 - 19) =      3.58148  eV     1   --> A_1  D_1  S_1  
     e( 20 - 20) =      3.66847  eV     1   --> B_2  D_4  S_4  
     e( 21 - 21) =      4.46479  eV     1   --> A_1  D_1  S_1  
     e( 22 - 22) =      5.07554  eV     1   --> B_2  D_4  S_4  
     e( 23 - 23) =      6.04892  eV     1   --> B_2  D_4  S_4  
     e( 24 - 24) =      6.52315  eV     1   --> A_1  D_1  S_1  
     e( 25 - 25) =      8.15455  eV     1   --> B_2  D_4  S_4  
     e( 26 - 26) =      8.83850  eV     1   --> A_1  D_1  S_1  

 **************************************************************************

 **************************************************************************

                    xk=(   0.08333,   0.04811,   0.00000  )

     Band symmetry, C_2v (mm2)  point group:

     e(  1 -  1) =    -49.38445  eV     1   --> A_1  D_1  S_1  
     e(  2 -  2) =    -27.64758  eV     1   --> B_2  D_4  S_4  
     e(  3 -  3) =    -27.22200  eV     1   --> A_1  D_1  S_1  
     e(  4 -  4) =    -27.19433  eV     1   --> B_1  D_3  S_3  
     e(  5 -  5) =    -17.45478  eV     1   --> A_1  D_1  S_1  
     e(  6 -  6) =    -16.90966  eV     1   --> B_2  D_4  S_4  
     e(  7 -  7) =     -6.78144  eV     1   --> A_1  D_1  S_1  
     e(  8 -  8) =     -4.91769  eV     1   --> B_2  D_4  S_4  
     e(  9 -  9) =     -4.53428  eV     1   --> A_1  D_1  S_1  
     e( 10 - 10) =     -4.28141  eV     1   --> B_1  D_3  S_3  
     e( 11 - 11) =     -4.16255  eV     1   --> B_2  D_4  S_4  
     e( 12 - 12) =     -4.12293  eV     1   --> A_2  D_2  S_2  
     e( 13 - 13) =     -0.29425  eV     1   --> A_1  D_1  S_1  
     e( 14 - 14) =      1.33776  eV     1   --> A_1  D_1  S_1  
     e( 15 - 15) =      1.49668  eV     1   --> B_1  D_3  S_3  
     e( 16 - 16) =      2.19128  eV     1   --> B_2  D_4  S_4  
     e( 17 - 17) =      2.35035  eV     1   --> A_2  D_2  S_2  
     e( 18 - 18) =      2.86027  eV     1   --> A_1  D_1  S_1  
     e( 19 - 19) =      3.63456  eV     1   --> A_1  D_1  S_1  
     e( 20 - 20) =      3.71973  eV     1   --> B_2  D_4  S_4  
     e( 21 - 21) =      4.52252  eV     1   --> A_1  D_1  S_1  
     e( 22 - 22) =      5.14220  eV     1   --> B_2  D_4  S_4  
     e( 23 - 23) =      6.15336  eV     1   --> B_2  D_4  S_4  
     e( 24 - 24) =      6.57382  eV     1   --> A_1  D_1  S_1  
     e( 25 - 25) =      8.18707  eV     1   --> B_2  D_4  S_4  
     e( 26 - 26) =      8.69279  eV     1   --> A_1  D_1  S_1  

 **************************************************************************

 **************************************************************************

                    xk=(   0.10000,   0.05774,   0.00000  )

     Band symmetry, C_2v (mm2)  point group:

     e(  1 -  1) =    -49.38312  eV     1   --> A_1  D_1  S_1  
     e(  2 -  2) =    -27.64375  eV     1   --> B_2  D_4  S_4  
     e(  3 -  3) =    -27.23677  eV     1   --> A_1  D_1  S_1  
     e(  4 -  4) =    -27.19740  eV     1   --> B_1  D_3  S_3  
     e(  5 -  5) =    -17.43238  eV     1   --> A_1  D_1  S_1  
     e(  6 -  6) =    -16.90467  eV     1   --> B_2  D_4  S_4  
     e(  7 -  7) =     -6.74748  eV     1   --> A_1  D_1  S_1  
     e(  8 -  8) =     -4.94937  eV     1   --> B_2  D_4  S_4  
     e(  9 -  9) =     -4.63319  eV     1   --> A_1  D_1  S_1  
     e( 10 - 10) =     -4.27940  eV     1   --> B_1  D_3  S_3  
     e( 11 - 11) =     -4.20930  eV     1   --> B_2  D_4  S_4  
     e( 12 - 12) =     -4.15541  eV     1   --> A_2  D_2  S_2  
     e( 13 - 13) =     -0.30070  eV     1   --> A_1  D_1  S_1  
     e( 14 - 14) =      1.31568  eV     1   --> A_1  D_1  S_1  
     e( 15 - 15) =      1.53217  eV     1   --> B_1  D_3  S_3  
     e( 16 - 16) =      2.17776  eV     1   --> B_2  D_4  S_4  
     e( 17 - 17) =      2.39164  eV     1   --> A_2  D_2  S_2  
     e( 18 - 18) =      2.98485  eV     1   --> A_1  D_1  S_1  
     e( 19 - 19) =      3.69976  eV     1   --> A_1  D_1  S_1  
     e( 20 - 20) =      3.77985  eV     1   --> B_2  D_4  S_4  
     e( 21 - 21) =      4.59234  eV     1   --> A_1  D_1  S_1  
     e( 22 - 22) =      5.21713  eV     1   --> B_2  D_4  S_4  
     e( 23 - 23) =      6.27974  eV     1   --> B_2  D_4  S_4  
     e( 24 - 24) =      6.63443  eV     1   --> A_1  D_1  S_1  
     e( 25 - 25) =      8.22515  eV     1   --> B_2  D_4  S_4  
     e( 26 - 26) =      8.54661  eV     1   --> A_1  D_1  S_1  

 **************************************************************************

 **************************************************************************

                    xk=(   0.11667,   0.06736,   0.00000  )

     Band symmetry, C_2v (mm2)  point group:

     e(  1 -  1) =    -49.38159  eV     1   --> A_1  D_1  S_1  
     e(  2 -  2) =    -27.63932  eV     1   --> B_2  D_4  S_4  
     e(  3 -  3) =    -27.25378  eV     1   --> A_1  D_1  S_1  
     e(  4 -  4) =    -27.20095  eV     1   --> B_1  D_3  S_3  
     e(  5 -  5) =    -17.40645  eV     1   --> A_1  D_1  S_1  
     e(  6 -  6) =    -16.89887  eV     1   --> B_2  D_4  S_4  
     e(  7 -  7) =     -6.70859  eV     1   --> A_1  D_1  S_1  
     e(  8 -  8) =     -4.98778  eV     1   --> B_2  D_4  S_4  
     e(  9 -  9) =     -4.74343  eV     1   --> A_1  D_1  S_1  
     e( 10 - 10) =     -4.27737  eV     1   --> B_1  D_3  S_3  
     e( 11 - 11) =     -4.26055  eV     1   --> B_2  D_4  S_4  
     e( 12 - 12) =     -4.19234  eV     1   --> A_2  D_2  S_2  
     e( 13 - 13) =     -0.31138  eV     1   --> A_1  D_1  S_1  
     e( 14 - 14) =      1.29856  eV     1   --> A_1  D_1  S_1  
     e( 15 - 15) =      1.57479  eV     1   --> B_1  D_3  S_3  
     e( 16 - 16) =      2.16827  eV     1   --> B_2  D_4  S_4  
     e( 17 - 17) =      2.43822  eV     1   --> A_2  D_2  S_2  
     e( 18 - 18) =      3.12067  eV     1   --> A_1  D_1  S_1  
     e( 19 - 19) =      3.77737  eV     1   --> A_1  D_1  S_1  
     e( 20 - 20) =      3.84825  eV     1   --> B_2  D_4  S_4  
     e( 21 - 21) =      4.67389  eV     1   --> A_1  D_1  S_1  
     e( 22 - 22) =      5.29857  eV     1   --> B_2  D_4  S_4  
     e( 23 - 23) =      6.42581  eV     1   --> B_2  D_4  S_4  
     e( 24 - 24) =      6.70418  eV     1   --> A_1  D_1  S_1  
     e( 25 - 25) =      8.26728  eV     1   --> B_2  D_4  S_4  
     e( 26 - 26) =      8.40413  eV     1   --> A_1  D_1  S_1  

 **************************************************************************

 **************************************************************************

                    xk=(   0.13333,   0.07698,   0.00000  )

     Band symmetry, C_2v (mm2)  point group:

     e(  1 -  1) =    -49.37986  eV     1   --> A_1  D_1  S_1  
     e(  2 -  2) =    -27.63433  eV     1   --> B_2  D_4  S_4  
     e(  3 -  3) =    -27.27280  eV     1   --> A_1  D_1  S_1  
     e(  4 -  4) =    -27.20494  eV     1   --> B_1  D_3  S_3  
     e(  5 -  5) =    -17.37723  eV     1   --> A_1  D_1  S_1  
     e(  6 -  6) =    -16.89233  eV     1   --> B_2  D_4  S_4  
     e(  7 -  7) =     -6.66541  eV     1   --> A_1  D_1  S_1  
     e(  8 -  8) =     -5.03336  eV     1   --> B_2  D_4  S_4  
     e(  9 -  9) =     -4.86257  eV     1   --> A_1  D_1  S_1  
     e( 10 - 10) =     -4.31449  eV     1   --> B_2  D_4  S_4  
     e( 11 - 11) =     -4.27543  eV     1   --> B_1  D_3  S_3  
     e( 12 - 12) =     -4.23309  eV     1   --> A_2  D_2  S_2  
     e( 13 - 13) =     -0.32728  eV     1   --> A_1  D_1  S_1  
     e( 14 - 14) =      1.28946  eV     1   --> A_1  D_1  S_1  
     e( 15 - 15) =      1.62478  eV     1   --> B_1  D_3  S_3  
     e( 16 - 16) =      2.16400  eV     1   --> B_2  D_4  S_4  
     e( 17 - 17) =      2.48911  eV     1   --> A_2  D_2  S_2  
     e( 18 - 18) =      3.26328  eV     1   --> A_1  D_1  S_1  
     e( 19 - 19) =      3.86763  eV     1   --> A_1  D_1  S_1  
     e( 20 - 20) =      3.92457  eV     1   --> B_2  D_4  S_4  
     e( 21 - 21) =      4.76675  eV     1   --> A_1  D_1  S_1  
     e( 22 - 22) =      5.38549  eV     1   --> B_2  D_4  S_4  
     e( 23 - 23) =      6.58821  eV     1   --> B_2  D_4  S_4  
     e( 24 - 24) =      6.78202  eV     1   --> A_1  D_1  S_1  
     e( 25 - 25) =      8.26912  eV     1   --> A_1  D_1  S_1  
     e( 26 - 26) =      8.31095  eV     1   --> B_2  D_4  S_4  

 **************************************************************************

 **************************************************************************

                    xk=(   0.15000,   0.08660,   0.00000  )

     Band symmetry, C_2v (mm2)  point group:

     e(  1 -  1) =    -49.37796  eV     1   --> A_1  D_1  S_1  
     e(  2 -  2) =    -27.62884  eV     1   --> B_2  D_4  S_4  
     e(  3 -  3) =    -27.29362  eV     1   --> A_1  D_1  S_1  
     e(  4 -  4) =    -27.20931  eV     1   --> B_1  D_3  S_3  
     e(  5 -  5) =    -17.34502  eV     1   --> A_1  D_1  S_1  
     e(  6 -  6) =    -16.88511  eV     1   --> B_2  D_4  S_4  
     e(  7 -  7) =     -6.61867  eV     1   --> A_1  D_1  S_1  
     e(  8 -  8) =     -5.08647  eV     1   --> B_2  D_4  S_4  
     e(  9 -  9) =     -4.98828  eV     1   --> A_1  D_1  S_1  
     e( 10 - 10) =     -4.36924  eV     1   --> B_2  D_4  S_4  
     e( 11 - 11) =     -4.27703  eV     1   --> A_2  D_2  S_2  
     e( 12 - 12) =     -4.27373  eV     1   --> B_1  D_3  S_3  
     e( 13 - 13) =     -0.34907  eV     1   --> A_1  D_1  S_1  
     e( 14 - 14) =      1.29104  eV     1   --> A_1  D_1  S_1  
     e( 15 - 15) =      1.68236  eV     1   --> B_1  D_3  S_3  
     e( 16 - 16) =      2.16561  eV     1   --> B_2  D_4  S_4  
     e( 17 - 17) =      2.54333  eV     1   --> A_2  D_2  S_2  
     e( 18 - 18) =      3.40858  eV     1   --> A_1  D_1  S_1  
     e( 19 - 19) =      3.97045  eV     1   --> A_1  D_1  S_1  
     e( 20 - 20) =      4.00862  eV     1   --> B_2  D_4  S_4  
     e( 21 - 21) =      4.87024  eV     1   --> A_1  D_1  S_1  
     e( 22 - 22) =      5.47743  eV     1   --> B_2  D_4  S_4  
     e( 23 - 23) =      6.76241  eV     1   --> B_2  D_4  S_4  
     e( 24 - 24) =      6.86643  eV     1   --> A_1  D_1  S_1  
     e( 25 - 25) =      8.14545  eV     1   --> A_1  D_1  S_1  
     e( 26 - 26) =      8.35208  eV     1   --> B_2  D_4  S_4  

 **************************************************************************

 **************************************************************************

                    xk=(   0.16667,   0.09623,   0.00000  )

     Band symmetry, C_2v (mm2)  point group:

     e(  1 -  1) =    -49.37591  eV     1   --> A_1  D_1  S_1  
     e(  2 -  2) =    -27.62292  eV     1   --> B_2  D_4  S_4  
     e(  3 -  3) =    -27.31598  eV     1   --> A_1  D_1  S_1  
     e(  4 -  4) =    -27.21402  eV     1   --> B_1  D_3  S_3  
     e(  5 -  5) =    -17.31015  eV     1   --> A_1  D_1  S_1  
     e(  6 -  6) =    -16.87727  eV     1   --> B_2  D_4  S_4  
     e(  7 -  7) =     -6.56924  eV     1   --> A_1  D_1  S_1  
     e(  8 -  8) =     -5.14731  eV     1   --> B_2  D_4  S_4  
     e(  9 -  9) =     -5.11833  eV     1   --> A_1  D_1  S_1  
     e( 10 - 10) =     -4.42307  eV     1   --> B_2  D_4  S_4  
     e( 11 - 11) =     -4.32349  eV     1   --> A_2  D_2  S_2  
     e( 12 - 12) =     -4.27239  eV     1   --> B_1  D_3  S_3  
     e( 13 - 13) =     -0.37689  eV     1   --> A_1  D_1  S_1  
     e( 14 - 14) =      1.30528  eV     1   --> A_1  D_1  S_1  
     e( 15 - 15) =      1.74768  eV     1   --> B_1  D_3  S_3  
     e( 16 - 16) =      2.17332  eV     1   --> B_2  D_4  S_4  
     e( 17 - 17) =      2.59984  eV     1   --> A_2  D_2  S_2  
     e( 18 - 18) =      3.55340  eV     1   --> A_1  D_1  S_1  
     e( 19 - 19) =      4.08504  eV     1   --> A_1  D_1  S_1  
     e( 20 - 20) =      4.10030  eV     1   --> B_2  D_4  S_4  
     e( 21 - 21) =      4.98324  eV     1   --> A_1  D_1  S_1  
     e( 22 - 22) =      5.57428  eV     1   --> B_2  D_4  S_4  
     e( 23 - 23) =      6.94258  eV     1   --> B_2  D_4  S_4  
     e( 24 - 24) =      6.95501  eV     1   --> A_1  D_1  S_1  
     e( 25 - 25) =      8.03767  eV     1   --> A_1  D_1  S_1  
     e( 26 - 26) =      8.38448  eV     1   --> B_2  D_4  S_4  

 **************************************************************************

 **************************************************************************

                    xk=(   0.18333,   0.10585,   0.00000  )

     Band symmetry, C_2v (mm2)  point group:

     e(  1 -  1) =    -49.37374  eV     1   --> A_1  D_1  S_1  
     e(  2 -  2) =    -27.61661  eV     1   --> B_2  D_4  S_4  
     e(  3 -  3) =    -27.33961  eV     1   --> A_1  D_1  S_1  
     e(  4 -  4) =    -27.21902  eV     1   --> B_1  D_3  S_3  
     e(  5 -  5) =    -17.27296  eV     1   --> A_1  D_1  S_1  
     e(  6 -  6) =    -16.86888  eV     1   --> B_2  D_4  S_4  
     e(  7 -  7) =     -6.51814  eV     1   --> A_1  D_1  S_1  
     e(  8 -  8) =     -5.25058  eV     1   --> A_1  D_1  S_1  
     e(  9 -  9) =     -5.21570  eV     1   --> B_2  D_4  S_4  
     e( 10 - 10) =     -4.47452  eV     1   --> B_2  D_4  S_4  
     e( 11 - 11) =     -4.37181  eV     1   --> A_2  D_2  S_2  
     e( 12 - 12) =     -4.27152  eV     1   --> B_1  D_3  S_3  
     e( 13 - 13) =     -0.41030  eV     1   --> A_1  D_1  S_1  
     e( 14 - 14) =      1.33342  eV     1   --> A_1  D_1  S_1  
     e( 15 - 15) =      1.82084  eV     1   --> B_1  D_3  S_3  
     e( 16 - 16) =      2.18696  eV     1   --> B_2  D_4  S_4  
     e( 17 - 17) =      2.65767  eV     1   --> A_2  D_2  S_2  
     e( 18 - 18) =      3.69591  eV     1   --> A_1  D_1  S_1  
     e( 19 - 19) =      4.19955  eV     1   --> B_2  D_4  S_4  
     e( 20 - 20) =      4.20962  eV     1   --> A_1  D_1  S_1  
     e( 21 - 21) =      5.10395  eV     1   --> A_1  D_1  S_1  
     e( 22 - 22) =      5.67615  eV     1   --> B_2  D_4  S_4  
     e( 23 - 23) =      7.04381  eV     1   --> A_1  D_1  S_1  
     e( 24 - 24) =      7.12101  eV     1   --> B_2  D_4  S_4  
     e( 25 - 25) =      7.95186  eV     1   --> A_1  D_1  S_1  
     e( 26 - 26) =      8.40090  eV     1   --> B_2  D_4  S_4  

 **************************************************************************

 **************************************************************************

                    xk=(   0.20000,   0.11547,   0.00000  )

     Band symmetry, C_2v (mm2)  point group:

     e(  1 -  1) =    -49.37145  eV     1   --> A_1  D_1  S_1  
     e(  2 -  2) =    -27.60998  eV     1   --> B_2  D_4  S_4  
     e(  3 -  3) =    -27.36424  eV     1   --> A_1  D_1  S_1  
     e(  4 -  4) =    -27.22426  eV     1   --> B_1  D_3  S_3  
     e(  5 -  5) =    -17.23382  eV     1   --> A_1  D_1  S_1  
     e(  6 -  6) =    -16.86003  eV     1   --> B_2  D_4  S_4  
     e(  7 -  7) =     -6.46657  eV     1   --> A_1  D_1  S_1  
     e(  8 -  8) =     -5.38288  eV     1   --> A_1  D_1  S_1  
     e(  9 -  9) =     -5.29107  eV     1   --> B_2  D_4  S_4  
     e( 10 - 10) =     -4.52257  eV     1   --> B_2  D_4  S_4  
     e( 11 - 11) =     -4.42136  eV     1   --> A_2  D_2  S_2  
     e( 12 - 12) =     -4.27119  eV     1   --> B_1  D_3  S_3  
     e( 13 - 13) =     -0.44833  eV     1   --> A_1  D_1  S_1  
     e( 14 - 14) =      1.37594  eV     1   --> A_1  D_1  S_1  
     e( 15 - 15) =      1.90186  eV     1   --> B_1  D_3  S_3  
     e( 16 - 16) =      2.20605  eV     1   --> B_2  D_4  S_4  
     e( 17 - 17) =      2.71585  eV     1   --> A_2  D_2  S_2  
     e( 18 - 18) =      3.83570  eV     1   --> A_1  D_1  S_1  
     e( 19 - 19) =      4.30631  eV     1   --> B_2  D_4  S_4  
     e( 20 - 20) =      4.34163  eV     1   --> A_1  D_1  S_1  
     e( 21 - 21) =      5.22965  eV     1   --> A_1  D_1  S_1  
     e( 22 - 22) =      5.78317  eV     1   --> B_2  D_4  S_4  
     e( 23 - 23) =      7.12636  eV     1   --> A_1  D_1  S_1  
     e( 24 - 24) =      7.28695  eV     1   --> B_2  D_4  S_4  
     e( 25 - 25) =      7.89647  eV     1   --> A_1  D_1  S_1  
     e( 26 - 26) =      8.39895  eV     1   --> B_2  D_4  S_4  

 **************************************************************************

 **************************************************************************

                    xk=(   0.21667,   0.12509,   0.00000  )

     Band symmetry, C_2v (mm2)  point group:

     e(  1 -  1) =    -49.36907  eV     1   --> A_1  D_1  S_1  
     e(  2 -  2) =    -27.60312  eV     1   --> B_2  D_4  S_4  
     e(  3 -  3) =    -27.38956  eV     1   --> A_1  D_1  S_1  
     e(  4 -  4) =    -27.22966  eV     1   --> B_1  D_3  S_3  
     e(  5 -  5) =    -17.19314  eV     1   --> A_1  D_1  S_1  
     e(  6 -  6) =    -16.85080  eV     1   --> B_2  D_4  S_4  
     e(  7 -  7) =     -6.41611  eV     1   --> A_1  D_1  S_1  
     e(  8 -  8) =     -5.51297  eV     1   --> A_1  D_1  S_1  
     e(  9 -  9) =     -5.37242  eV     1   --> B_2  D_4  S_4  
     e( 10 - 10) =     -4.56666  eV     1   --> B_2  D_4  S_4  
     e( 11 - 11) =     -4.47152  eV     1   --> A_2  D_2  S_2  
     e( 12 - 12) =     -4.27148  eV     1   --> B_1  D_3  S_3  
     e( 13 - 13) =     -0.48957  eV     1   --> A_1  D_1  S_1  
     e( 14 - 14) =      1.43268  eV     1   --> A_1  D_1  S_1  
     e( 15 - 15) =      1.99062  eV     1   --> B_1  D_3  S_3  
     e( 16 - 16) =      2.22988  eV     1   --> B_2  D_4  S_4  
     e( 17 - 17) =      2.77350  eV     1   --> A_2  D_2  S_2  
     e( 18 - 18) =      3.97329  eV     1   --> A_1  D_1  S_1  
     e( 19 - 19) =      4.42055  eV     1   --> B_2  D_4  S_4  
     e( 20 - 20) =      4.47823  eV     1   --> A_1  D_1  S_1  
     e( 21 - 21) =      5.35672  eV     1   --> A_1  D_1  S_1  
     e( 22 - 22) =      5.89543  eV     1   --> B_2  D_4  S_4  
     e( 23 - 23) =      7.19385  eV     1   --> A_1  D_1  S_1  
     e( 24 - 24) =      7.42499  eV     1   --> B_2  D_4  S_4  
     e( 25 - 25) =      7.88201  eV     1   --> A_1  D_1  S_1  
     e( 26 - 26) =      8.38998  eV     1   --> B_2  D_4  S_4  

 **************************************************************************

 **************************************************************************

                    xk=(   0.23333,   0.13472,   0.00000  )

     Band symmetry, C_2v (mm2)  point group:

     e(  1 -  1) =    -49.36665  eV     1   --> A_1  D_1  S_1  
     e(  2 -  2) =    -27.59609  eV     1   --> B_2  D_4  S_4  
     e(  3 -  3) =    -27.41533  eV     1   --> A_1  D_1  S_1  
     e(  4 -  4) =    -27.23519  eV     1   --> B_1  D_3  S_3  
     e(  5 -  5) =    -17.15133  eV     1   --> A_1  D_1  S_1  
     e(  6 -  6) =    -16.84130  eV     1   --> B_2  D_4  S_4  
     e(  7 -  7) =     -6.36901  eV     1   --> A_1  D_1  S_1  
     e(  8 -  8) =     -5.63811  eV     1   --> A_1  D_1  S_1  
     e(  9 -  9) =     -5.45844  eV     1   --> B_2  D_4  S_4  
     e( 10 - 10) =     -4.60658  eV     1   --> B_2  D_4  S_4  
     e( 11 - 11) =     -4.52171  eV     1   --> A_2  D_2  S_2  
     e( 12 - 12) =     -4.27241  eV     1   --> B_1  D_3  S_3  
     e( 13 - 13) =     -0.53242  eV     1   --> A_1  D_1  S_1  
     e( 14 - 14) =      1.50304  eV     1   --> A_1  D_1  S_1  
     e( 15 - 15) =      2.08687  eV     1   --> B_1  D_3  S_3  
     e( 16 - 16) =      2.25757  eV     1   --> B_2  D_4  S_4  
     e( 17 - 17) =      2.82982  eV     1   --> A_2  D_2  S_2  
     e( 18 - 18) =      4.10942  eV     1   --> A_1  D_1  S_1  
     e( 19 - 19) =      4.54221  eV     1   --> B_2  D_4  S_4  
     e( 20 - 20) =      4.61692  eV     1   --> A_1  D_1  S_1  
     e( 21 - 21) =      5.48091  eV     1   --> A_1  D_1  S_1  
     e( 22 - 22) =      6.01296  eV     1   --> B_2  D_4  S_4  
     e( 23 - 23) =      7.23959  eV     1   --> A_1  D_1  S_1  
     e( 24 - 24) =      7.51598  eV     1   --> B_2  D_4  S_4  
     e( 25 - 25) =      7.91623  eV     1   --> A_1  D_1  S_1  
     e( 26 - 26) =      8.39821  eV     1   --> B_2  D_4  S_4  

 **************************************************************************

 **************************************************************************

                    xk=(   0.25000,   0.14434,   0.00000  )

     Band symmetry, C_2v (mm2)  point group:

     e(  1 -  1) =    -49.36421  eV     1   --> A_1  D_1  S_1  
     e(  2 -  2) =    -27.58898  eV     1   --> B_2  D_4  S_4  
     e(  3 -  3) =    -27.44123  eV     1   --> A_1  D_1  S_1  
     e(  4 -  4) =    -27.24077  eV     1   --> B_1  D_3  S_3  
     e(  5 -  5) =    -17.10882  eV     1   --> A_1  D_1  S_1  
     e(  6 -  6) =    -16.83162  eV     1   --> B_2  D_4  S_4  
     e(  7 -  7) =     -6.32888  eV     1   --> A_1  D_1  S_1  
     e(  8 -  8) =     -5.75425  eV     1   --> A_1  D_1  S_1  
     e(  9 -  9) =     -5.54762  eV     1   --> B_2  D_4  S_4  
     e( 10 - 10) =     -4.64243  eV     1   --> B_2  D_4  S_4  
     e( 11 - 11) =     -4.57138  eV     1   --> A_2  D_2  S_2  
     e( 12 - 12) =     -4.27398  eV     1   --> B_1  D_3  S_3  
     e( 13 - 13) =     -0.57526  eV     1   --> A_1  D_1  S_1  
     e( 14 - 14) =      1.58608  eV     1   --> A_1  D_1  S_1  
     e( 15 - 15) =      2.19024  eV     1   --> B_1  D_3  S_3  
     e( 16 - 16) =      2.28815  eV     1   --> B_2  D_4  S_4  
     e( 17 - 17) =      2.88412  eV     1   --> A_2  D_2  S_2  
     e( 18 - 18) =      4.24445  eV     1   --> A_1  D_1  S_1  
     e( 19 - 19) =      4.67118  eV     1   --> B_2  D_4  S_4  
     e( 20 - 20) =      4.75591  eV     1   --> A_1  D_1  S_1  
     e( 21 - 21) =      5.59800  eV     1   --> A_1  D_1  S_1  
     e( 22 - 22) =      6.13564  eV     1   --> B_2  D_4  S_4  
     e( 23 - 23) =      7.26604  eV     1   --> A_1  D_1  S_1  
     e( 24 - 24) =      7.54738  eV     1   --> B_2  D_4  S_4  
     e( 25 - 25) =      7.99655  eV     1   --> A_1  D_1  S_1  
     e( 26 - 26) =      8.44336  eV     1   --> B_2  D_4  S_4  

 **************************************************************************

 **************************************************************************

                    xk=(   0.26667,   0.15396,   0.00000  )

     Band symmetry, C_2v (mm2)  point group:

     e(  1 -  1) =    -49.36175  eV     1   --> A_1  D_1  S_1  
     e(  2 -  2) =    -27.58185  eV     1   --> B_2  D_4  S_4  
     e(  3 -  3) =    -27.46699  eV     1   --> A_1  D_1  S_1  
     e(  4 -  4) =    -27.24633  eV     1   --> B_1  D_3  S_3  
     e(  5 -  5) =    -17.06608  eV     1   --> A_1  D_1  S_1  
     e(  6 -  6) =    -16.82186  eV     1   --> B_2  D_4  S_4  
     e(  7 -  7) =     -6.30237  eV     1   --> A_1  D_1  S_1  
     e(  8 -  8) =     -5.85445  eV     1   --> A_1  D_1  S_1  
     e(  9 -  9) =     -5.63837  eV     1   --> B_2  D_4  S_4  
     e( 10 - 10) =     -4.67443  eV     1   --> B_2  D_4  S_4  
     e( 11 - 11) =     -4.62003  eV     1   --> A_2  D_2  S_2  
     e( 12 - 12) =     -4.27617  eV     1   --> B_1  D_3  S_3  
     e( 13 - 13) =     -0.61658  eV     1   --> A_1  D_1  S_1  
     e( 14 - 14) =      1.68069  eV     1   --> A_1  D_1  S_1  
     e( 15 - 15) =      2.30014  eV     1   --> B_1  D_3  S_3  
     e( 16 - 16) =      2.32060  eV     1   --> B_2  D_4  S_4  
     e( 17 - 17) =      2.93581  eV     1   --> A_2  D_2  S_2  
     e( 18 - 18) =      4.37807  eV     1   --> A_1  D_1  S_1  
     e( 19 - 19) =      4.80736  eV     1   --> B_2  D_4  S_4  
     e( 20 - 20) =      4.89412  eV     1   --> A_1  D_1  S_1  
     e( 21 - 21) =      5.70473  eV     1   --> A_1  D_1  S_1  
     e( 22 - 22) =      6.26316  eV     1   --> B_2  D_4  S_4  
     e( 23 - 23) =      7.28319  eV     1   --> A_1  D_1  S_1  
     e( 24 - 24) =      7.52658  eV     1   --> B_2  D_4  S_4  
     e( 25 - 25) =      8.11091  eV     1   --> A_1  D_1  S_1  
     e( 26 - 26) =      8.52307  eV     1   --> B_2  D_4  S_4  

 **************************************************************************

 **************************************************************************

                    xk=(   0.28333,   0.16358,   0.00000  )

     Band symmetry, C_2v (mm2)  point group:

     e(  1 -  1) =    -49.35933  eV     1   --> A_1  D_1  S_1  
     e(  2 -  2) =    -27.57479  eV     1   --> B_2  D_4  S_4  
     e(  3 -  3) =    -27.49233  eV     1   --> A_1  D_1  S_1  
     e(  4 -  4) =    -27.25183  eV     1   --> B_1  D_3  S_3  
     e(  5 -  5) =    -17.02354  eV     1   --> A_1  D_1  S_1  
     e(  6 -  6) =    -16.81213  eV     1   --> B_2  D_4  S_4  
     e(  7 -  7) =     -6.30099  eV     1   --> A_1  D_1  S_1  
     e(  8 -  8) =     -5.92696  eV     1   --> A_1  D_1  S_1  
     e(  9 -  9) =     -5.72915  eV     1   --> B_2  D_4  S_4  
     e( 10 - 10) =     -4.70288  eV     1   --> B_2  D_4  S_4  
     e( 11 - 11) =     -4.66719  eV     1   --> A_2  D_2  S_2  
     e( 12 - 12) =     -4.27891  eV     1   --> B_1  D_3  S_3  
     e( 13 - 13) =     -0.65513  eV     1   --> A_1  D_1  S_1  
     e( 14 - 14) =      1.78563  eV     1   --> A_1  D_1  S_1  
     e( 15 - 15) =      2.35389  eV     1   --> B_2  D_4  S_4  
     e( 16 - 16) =      2.41582  eV     1   --> B_1  D_3  S_3  
     e( 17 - 17) =      2.98443  eV     1   --> A_2  D_2  S_2  
     e( 18 - 18) =      4.50902  eV     1   --> A_1  D_1  S_1  
     e( 19 - 19) =      4.95058  eV     1   --> B_2  D_4  S_4  
     e( 20 - 20) =      5.03109  eV     1   --> A_1  D_1  S_1  
     e( 21 - 21) =      5.79960  eV     1   --> A_1  D_1  S_1  
     e( 22 - 22) =      6.39489  eV     1   --> B_2  D_4  S_4  
     e( 23 - 23) =      7.30037  eV     1   --> A_1  D_1  S_1  
     e( 24 - 24) =      7.47424  eV     1   --> B_2  D_4  S_4  
     e( 25 - 25) =      8.24550  eV     1   --> A_1  D_1  S_1  
     e( 26 - 26) =      8.61975  eV     1   --> B_2  D_4  S_4  

 **************************************************************************

 **************************************************************************

                    xk=(   0.30000,   0.17321,   0.00000  )

     Band symmetry, C_2v (mm2)  point group:

     e(  1 -  1) =    -49.35697  eV     1   --> A_1  D_1  S_1  
     e(  2 -  2) =    -27.56787  eV     1   --> B_2  D_4  S_4  
     e(  3 -  3) =    -27.51698  eV     1   --> A_1  D_1  S_1  
     e(  4 -  4) =    -27.25721  eV     1   --> B_1  D_3  S_3  
     e(  5 -  5) =    -16.98169  eV     1   --> A_1  D_1  S_1  
     e(  6 -  6) =    -16.80254  eV     1   --> B_2  D_4  S_4  
     e(  7 -  7) =     -6.33540  eV     1   --> A_1  D_1  S_1  
     e(  8 -  8) =     -5.96088  eV     1   --> A_1  D_1  S_1  
     e(  9 -  9) =     -5.81854  eV     1   --> B_2  D_4  S_4  
     e( 10 - 10) =     -4.72809  eV     1   --> B_2  D_4  S_4  
     e( 11 - 11) =     -4.71243  eV     1   --> A_2  D_2  S_2  
     e( 12 - 12) =     -4.28214  eV     1   --> B_1  D_3  S_3  
     e( 13 - 13) =     -0.68992  eV     1   --> A_1  D_1  S_1  
     e( 14 - 14) =      1.89956  eV     1   --> A_1  D_1  S_1  
     e( 15 - 15) =      2.38707  eV     1   --> B_2  D_4  S_4  
     e( 16 - 16) =      2.53630  eV     1   --> B_1  D_3  S_3  
     e( 17 - 17) =      3.02961  eV     1   --> A_2  D_2  S_2  
     e( 18 - 18) =      4.63509  eV     1   --> A_1  D_1  S_1  
     e( 19 - 19) =      5.10061  eV     1   --> B_2  D_4  S_4  
     e( 20 - 20) =      5.16675  eV     1   --> A_1  D_1  S_1  
     e( 21 - 21) =      5.88344  eV     1   --> A_1  D_1  S_1  
     e( 22 - 22) =      6.52953  eV     1   --> B_2  D_4  S_4  
     e( 23 - 23) =      7.32243  eV     1   --> A_1  D_1  S_1  
     e( 24 - 24) =      7.40929  eV     1   --> B_2  D_4  S_4  
     e( 25 - 25) =      8.38847  eV     1   --> A_1  D_1  S_1  
     e( 26 - 26) =      8.71678  eV     1   --> B_2  D_4  S_4  

 **************************************************************************

 **************************************************************************

                    xk=(   0.31667,   0.18283,   0.00000  )

     Band symmetry, C_2v (mm2)  point group:

     e(  1 -  1) =    -49.35468  eV     1   --> A_1  D_1  S_1  
     e(  2 -  2) =    -27.56117  eV     1   --> B_2  D_4  S_4  
     e(  3 -  3) =    -27.54068  eV     1   --> A_1  D_1  S_1  
     e(  4 -  4) =    -27.26239  eV     1   --> B_1  D_3  S_3  
     e(  5 -  5) =    -16.94098  eV     1   --> A_1  D_1  S_1  
     e(  6 -  6) =    -16.79320  eV     1   --> B_2  D_4  S_4  
     e(  7 -  7) =     -6.40008  eV     1   --> A_1  D_1  S_1  
     e(  8 -  8) =     -5.96145  eV     1   --> A_1  D_1  S_1  
     e(  9 -  9) =     -5.90520  eV     1   --> B_2  D_4  S_4  
     e( 10 - 10) =     -4.75537  eV     1   --> A_2  D_2  S_2  
     e( 11 - 11) =     -4.75033  eV     1   --> B_2  D_4  S_4  
     e( 12 - 12) =     -4.28575  eV     1   --> B_1  D_3  S_3  
     e( 13 - 13) =     -0.72028  eV     1   --> A_1  D_1  S_1  
     e( 14 - 14) =      2.02098  eV     1   --> A_1  D_1  S_1  
     e( 15 - 15) =      2.41925  eV     1   --> B_2  D_4  S_4  
     e( 16 - 16) =      2.66037  eV     1   --> B_1  D_3  S_3  
     e( 17 - 17) =      3.07111  eV     1   --> A_2  D_2  S_2  
     e( 18 - 18) =      4.75327  eV     1   --> A_1  D_1  S_1  
     e( 19 - 19) =      5.25713  eV     1   --> B_2  D_4  S_4  
     e( 20 - 20) =      5.30104  eV     1   --> A_1  D_1  S_1  
     e( 21 - 21) =      5.95928  eV     1   --> A_1  D_1  S_1  
     e( 22 - 22) =      6.66424  eV     1   --> B_2  D_4  S_4  
     e( 23 - 23) =      7.34555  eV     1   --> B_2  D_4  S_4  
     e( 24 - 24) =      7.35085  eV     1   --> A_1  D_1  S_1  
     e( 25 - 25) =      8.52957  eV     1   --> A_1  D_1  S_1  
     e( 26 - 26) =      8.80306  eV     1   --> B_2  D_4  S_4  

 **************************************************************************

 **************************************************************************

                    xk=(   0.33333,   0.19245,   0.00000  )

     Band symmetry, C_2v (mm2)  point group:

     e(  1 -  1) =    -49.35248  eV     1   --> A_1  D_1  S_1  
     e(  2 -  2) =    -27.56318  eV     1   --> A_1  D_1  S_1  
     e(  3 -  3) =    -27.55476  eV     1   --> B_2  D_4  S_4  
     e(  4 -  4) =    -27.26733  eV     1   --> B_1  D_3  S_3  
     e(  5 -  5) =    -16.90188  eV     1   --> A_1  D_1  S_1  
     e(  6 -  6) =    -16.78422  eV     1   --> B_2  D_4  S_4  
     e(  7 -  7) =     -6.47908  eV     1   --> A_1  D_1  S_1  
     e(  8 -  8) =     -5.98794  eV     1   --> B_2  D_4  S_4  
     e(  9 -  9) =     -5.94434  eV     1   --> A_1  D_1  S_1  
     e( 10 - 10) =     -4.79566  eV     1   --> A_2  D_2  S_2  
     e( 11 - 11) =     -4.76986  eV     1   --> B_2  D_4  S_4  
     e( 12 - 12) =     -4.28963  eV     1   --> B_1  D_3  S_3  
     e( 13 - 13) =     -0.74587  eV     1   --> A_1  D_1  S_1  
     e( 14 - 14) =      2.14824  eV     1   --> A_1  D_1  S_1  
     e( 15 - 15) =      2.44968  eV     1   --> B_2  D_4  S_4  
     e( 16 - 16) =      2.78655  eV     1   --> B_1  D_3  S_3  
     e( 17 - 17) =      3.10876  eV     1   --> A_2  D_2  S_2  
     e( 18 - 18) =      4.86032  eV     1   --> A_1  D_1  S_1  
     e( 19 - 19) =      5.41967  eV     1   --> B_2  D_4  S_4  
     e( 20 - 20) =      5.43297  eV     1   --> A_1  D_1  S_1  
     e( 21 - 21) =      6.03200  eV     1   --> A_1  D_1  S_1  
     e( 22 - 22) =      6.79213  eV     1   --> B_2  D_4  S_4  
     e( 23 - 23) =      7.29611  eV     1   --> B_2  D_4  S_4  
     e( 24 - 24) =      7.38590  eV     1   --> A_1  D_1  S_1  
     e( 25 - 25) =      8.65868  eV     1   --> A_1  D_1  S_1  
     e( 26 - 26) =      8.87092  eV     1   --> B_2  D_4  S_4  

 **************************************************************************

 **************************************************************************

                    xk=(   0.35000,   0.20207,   0.00000  )

     Band symmetry, C_2v (mm2)  point group:

     e(  1 -  1) =    -49.35043  eV     1   --> A_1  D_1  S_1  
     e(  2 -  2) =    -27.58427  eV     1   --> A_1  D_1  S_1  
     e(  3 -  3) =    -27.54873  eV     1   --> B_2  D_4  S_4  
     e(  4 -  4) =    -27.27198  eV     1   --> B_1  D_3  S_3  
     e(  5 -  5) =    -16.86486  eV     1   --> A_1  D_1  S_1  
     e(  6 -  6) =    -16.77570  eV     1   --> B_2  D_4  S_4  
     e(  7 -  7) =     -6.56099  eV     1   --> A_1  D_1  S_1  
     e(  8 -  8) =     -6.06574  eV     1   --> B_2  D_4  S_4  
     e(  9 -  9) =     -5.92061  eV     1   --> A_1  D_1  S_1  
     e( 10 - 10) =     -4.83300  eV     1   --> A_2  D_2  S_2  
     e( 11 - 11) =     -4.78691  eV     1   --> B_2  D_4  S_4  
     e( 12 - 12) =     -4.29366  eV     1   --> B_1  D_3  S_3  
     e( 13 - 13) =     -0.76663  eV     1   --> A_1  D_1  S_1  
     e( 14 - 14) =      2.27940  eV     1   --> A_1  D_1  S_1  
     e( 15 - 15) =      2.47775  eV     1   --> B_2  D_4  S_4  
     e( 16 - 16) =      2.91307  eV     1   --> B_1  D_3  S_3  
     e( 17 - 17) =      3.14250  eV     1   --> A_2  D_2  S_2  
     e( 18 - 18) =      4.95364  eV     1   --> A_1  D_1  S_1  
     e( 19 - 19) =      5.55884  eV     1   --> A_1  D_1  S_1  
     e( 20 - 20) =      5.58750  eV     1   --> B_2  D_4  S_4  
     e( 21 - 21) =      6.10845  eV     1   --> A_1  D_1  S_1  
     e( 22 - 22) =      6.89583  eV     1   --> B_2  D_4  S_4  
     e( 23 - 23) =      7.28171  eV     1   --> B_2  D_4  S_4  
     e( 24 - 24) =      7.42822  eV     1   --> A_1  D_1  S_1  
     e( 25 - 25) =      8.76349  eV     1   --> A_1  D_1  S_1  
     e( 26 - 26) =      8.91384  eV     1   --> B_2  D_4  S_4  

 **************************************************************************

 **************************************************************************

                    xk=(   0.36667,   0.21170,   0.00000  )

     Band symmetry, C_2v (mm2)  point group:

     e(  1 -  1) =    -49.34852  eV     1   --> A_1  D_1  S_1  
     e(  2 -  2) =    -27.60373  eV     1   --> A_1  D_1  S_1  
     e(  3 -  3) =    -27.54313  eV     1   --> B_2  D_4  S_4  
     e(  4 -  4) =    -27.27628  eV     1   --> B_1  D_3  S_3  
     e(  5 -  5) =    -16.83033  eV     1   --> A_1  D_1  S_1  
     e(  6 -  6) =    -16.76776  eV     1   --> B_2  D_4  S_4  
     e(  7 -  7) =     -6.63997  eV     1   --> A_1  D_1  S_1  
     e(  8 -  8) =     -6.13766  eV     1   --> B_2  D_4  S_4  
     e(  9 -  9) =     -5.89566  eV     1   --> A_1  D_1  S_1  
     e( 10 - 10) =     -4.86710  eV     1   --> A_2  D_2  S_2  
     e( 11 - 11) =     -4.80167  eV     1   --> B_2  D_4  S_4  
     e( 12 - 12) =     -4.29771  eV     1   --> B_1  D_3  S_3  
     e( 13 - 13) =     -0.78275  eV     1   --> A_1  D_1  S_1  
     e( 14 - 14) =      2.41221  eV     1   --> A_1  D_1  S_1  
     e( 15 - 15) =      2.50302  eV     1   --> B_2  D_4  S_4  
     e( 16 - 16) =      3.03783  eV     1   --> B_1  D_3  S_3  
     e( 17 - 17) =      3.17232  eV     1   --> A_2  D_2  S_2  
     e( 18 - 18) =      5.03228  eV     1   --> A_1  D_1  S_1  
     e( 19 - 19) =      5.67036  eV     1   --> A_1  D_1  S_1  
     e( 20 - 20) =      5.75945  eV     1   --> B_2  D_4  S_4  
     e( 21 - 21) =      6.19823  eV     1   --> A_1  D_1  S_1  
     e( 22 - 22) =      6.94846  eV     1   --> B_2  D_4  S_4  
     e( 23 - 23) =      7.33106  eV     1   --> B_2  D_4  S_4  
     e( 24 - 24) =      7.47929  eV     1   --> A_1  D_1  S_1  
     e( 25 - 25) =      8.82645  eV     1   --> A_1  D_1  S_1  
     e( 26 - 26) =      8.92572  eV     1   --> B_2  D_4  S_4  

 **************************************************************************

 **************************************************************************

                    xk=(   0.38333,   0.22132,   0.00000  )

     Band symmetry, C_2v (mm2)  point group:

     e(  1 -  1) =    -49.34678  eV     1   --> A_1  D_1  S_1  
     e(  2 -  2) =    -27.62137  eV     1   --> A_1  D_1  S_1  
     e(  3 -  3) =    -27.53803  eV     1   --> B_2  D_4  S_4  
     e(  4 -  4) =    -27.28019  eV     1   --> B_1  D_3  S_3  
     e(  5 -  5) =    -16.79874  eV     1   --> A_1  D_1  S_1  
     e(  6 -  6) =    -16.76049  eV     1   --> B_2  D_4  S_4  
     e(  7 -  7) =     -6.71303  eV     1   --> A_1  D_1  S_1  
     e(  8 -  8) =     -6.20291  eV     1   --> B_2  D_4  S_4  
     e(  9 -  9) =     -5.87200  eV     1   --> A_1  D_1  S_1  
     e( 10 - 10) =     -4.89773  eV     1   --> A_2  D_2  S_2  
     e( 11 - 11) =     -4.81430  eV     1   --> B_2  D_4  S_4  
     e( 12 - 12) =     -4.30164  eV     1   --> B_1  D_3  S_3  
     e( 13 - 13) =     -0.79467  eV     1   --> A_1  D_1  S_1  
     e( 14 - 14) =      2.52520  eV     1   --> B_2  D_4  S_4  
     e( 15 - 15) =      2.54399  eV     1   --> A_1  D_1  S_1  
     e( 16 - 16) =      3.15846  eV     1   --> B_1  D_3  S_3  
     e( 17 - 17) =      3.19828  eV     1   --> A_2  D_2  S_2  
     e( 18 - 18) =      5.09710  eV     1   --> A_1  D_1  S_1  
     e( 19 - 19) =      5.75598  eV     1   --> A_1  D_1  S_1  
     e( 20 - 20) =      5.93351  eV     1   --> B_2  D_4  S_4  
     e( 21 - 21) =      6.31245  eV     1   --> A_1  D_1  S_1  
     e( 22 - 22) =      6.95401  eV     1   --> B_2  D_4  S_4  
     e( 23 - 23) =      7.44102  eV     1   --> B_2  D_4  S_4  
     e( 24 - 24) =      7.54070  eV     1   --> A_1  D_1  S_1  
     e( 25 - 25) =      8.82927  eV     1   --> A_1  D_1  S_1  
     e( 26 - 26) =      8.90190  eV     1   --> B_2  D_4  S_4  

 **************************************************************************

 **************************************************************************

                    xk=(   0.40000,   0.23094,   0.00000  )

     Band symmetry, C_2v (mm2)  point group:

     e(  1 -  1) =    -49.34523  eV     1   --> A_1  D_1  S_1  
     e(  2 -  2) =    -27.63701  eV     1   --> A_1  D_1  S_1  
     e(  3 -  3) =    -27.53347  eV     1   --> B_2  D_4  S_4  
     e(  4 -  4) =    -27.28366  eV     1   --> B_1  D_3  S_3  
     e(  5 -  5) =    -16.77048  eV     1   --> A_1  D_1  S_1  
     e(  6 -  6) =    -16.75398  eV     1   --> B_2  D_4  S_4  
     e(  7 -  7) =     -6.77846  eV     1   --> A_1  D_1  S_1  
     e(  8 -  8) =     -6.26080  eV     1   --> B_2  D_4  S_4  
     e(  9 -  9) =     -5.85085  eV     1   --> A_1  D_1  S_1  
     e( 10 - 10) =     -4.92468  eV     1   --> A_2  D_2  S_2  
     e( 11 - 11) =     -4.82494  eV     1   --> B_2  D_4  S_4  
     e( 12 - 12) =     -4.30534  eV     1   --> B_1  D_3  S_3  
     e( 13 - 13) =     -0.80295  eV     1   --> A_1  D_1  S_1  
     e( 14 - 14) =      2.54415  eV     1   --> B_2  D_4  S_4  
     e( 15 - 15) =      2.67154  eV     1   --> A_1  D_1  S_1  
     e( 16 - 16) =      3.22045  eV     1   --> A_2  D_2  S_2  
     e( 17 - 17) =      3.27223  eV     1   --> B_1  D_3  S_3  
     e( 18 - 18) =      5.15030  eV     1   --> A_1  D_1  S_1  
     e( 19 - 19) =      5.80831  eV     1   --> A_1  D_1  S_1  
     e( 20 - 20) =      6.10605  eV     1   --> B_2  D_4  S_4  
     e( 21 - 21) =      6.45748  eV     1   --> A_1  D_1  S_1  
     e( 22 - 22) =      6.94481  eV     1   --> B_2  D_4  S_4  
     e( 23 - 23) =      7.57948  eV     1   --> B_2  D_4  S_4  
     e( 24 - 24) =      7.61267  eV     1   --> A_1  D_1  S_1  
     e( 25 - 25) =      8.77298  eV     1   --> A_1  D_1  S_1  
     e( 26 - 26) =      8.84202  eV     1   --> B_2  D_4  S_4  

 **************************************************************************

 **************************************************************************

                    xk=(   0.41667,   0.24056,   0.00000  )

     Band symmetry, C_2v (mm2)  point group:

     e(  1 -  1) =    -49.34389  eV     1   --> A_1  D_1  S_1  
     e(  2 -  2) =    -27.65050  eV     1   --> A_1  D_1  S_1  
     e(  3 -  3) =    -27.52954  eV     1   --> B_2  D_4  S_4  
     e(  4 -  4) =    -27.28667  eV     1   --> B_1  D_3  S_3  
     e(  5 -  5) =    -16.74831  eV     1   --> B_2  D_4  S_4  
     e(  6 -  6) =    -16.74590  eV     1   --> A_1  D_1  S_1  
     e(  7 -  7) =     -6.83517  eV     1   --> A_1  D_1  S_1  
     e(  8 -  8) =     -6.31074  eV     1   --> B_2  D_4  S_4  
     e(  9 -  9) =     -5.83277  eV     1   --> A_1  D_1  S_1  
     e( 10 - 10) =     -4.94777  eV     1   --> A_2  D_2  S_2  
     e( 11 - 11) =     -4.83375  eV     1   --> B_2  D_4  S_4  
     e( 12 - 12) =     -4.30869  eV     1   --> B_1  D_3  S_3  
     e( 13 - 13) =     -0.80829  eV     1   --> A_1  D_1  S_1  
     e( 14 - 14) =      2.55987  eV     1   --> B_2  D_4  S_4  
     e( 15 - 15) =      2.79111  eV     1   --> A_1  D_1  S_1  
     e( 16 - 16) =      3.23895  eV     1   --> A_2  D_2  S_2  
     e( 17 - 17) =      3.37618  eV     1   --> B_1  D_3  S_3  
     e( 18 - 18) =      5.19449  eV     1   --> A_1  D_1  S_1  
     e( 19 - 19) =      5.82946  eV     1   --> A_1  D_1  S_1  
     e( 20 - 20) =      6.27007  eV     1   --> B_2  D_4  S_4  
     e( 21 - 21) =      6.63103  eV     1   --> A_1  D_1  S_1  
     e( 22 - 22) =      6.94384  eV     1   --> B_2  D_4  S_4  
     e( 23 - 23) =      7.69236  eV     1   --> A_1  D_1  S_1  
     e( 24 - 24) =      7.72297  eV     1   --> B_2  D_4  S_4  
     e( 25 - 25) =      8.68133  eV     1   --> A_1  D_1  S_1  
     e( 26 - 26) =      8.75366  eV     1   --> B_2  D_4  S_4  

 **************************************************************************

 **************************************************************************

                    xk=(   0.43333,   0.25019,   0.00000  )

     Band symmetry, C_2v (mm2)  point group:

     e(  1 -  1) =    -49.34278  eV     1   --> A_1  D_1  S_1  
     e(  2 -  2) =    -27.66172  eV     1   --> A_1  D_1  S_1  
     e(  3 -  3) =    -27.52625  eV     1   --> B_2  D_4  S_4  
     e(  4 -  4) =    -27.28917  eV     1   --> B_1  D_3  S_3  
     e(  5 -  5) =    -16.74357  eV     1   --> B_2  D_4  S_4  
     e(  6 -  6) =    -16.72532  eV     1   --> A_1  D_1  S_1  
     e(  7 -  7) =     -6.88241  eV     1   --> A_1  D_1  S_1  
     e(  8 -  8) =     -6.35226  eV     1   --> B_2  D_4  S_4  
     e(  9 -  9) =     -5.81797  eV     1   --> A_1  D_1  S_1  
     e( 10 - 10) =     -4.96687  eV     1   --> A_2  D_2  S_2  
     e( 11 - 11) =     -4.84080  eV     1   --> B_2  D_4  S_4  
     e( 12 - 12) =     -4.31159  eV     1   --> B_1  D_3  S_3  
     e( 13 - 13) =     -0.81140  eV     1   --> A_1  D_1  S_1  
     e( 14 - 14) =      2.57242  eV     1   --> B_2  D_4  S_4  
     e( 15 - 15) =      2.89843  eV     1   --> A_1  D_1  S_1  
     e( 16 - 16) =      3.25388  eV     1   --> A_2  D_2  S_2  
     e( 17 - 17) =      3.46717  eV     1   --> B_1  D_3  S_3  
     e( 18 - 18) =      5.23189  eV     1   --> A_1  D_1  S_1  
     e( 19 - 19) =      5.82734  eV     1   --> A_1  D_1  S_1  
     e( 20 - 20) =      6.41256  eV     1   --> B_2  D_4  S_4  
     e( 21 - 21) =      6.82638  eV     1   --> A_1  D_1  S_1  
     e( 22 - 22) =      6.96847  eV     1   --> B_2  D_4  S_4  
     e( 23 - 23) =      7.77249  eV     1   --> A_1  D_1  S_1  
     e( 24 - 24) =      7.85039  eV     1   --> B_2  D_4  S_4  
     e( 25 - 25) =      8.57686  eV     1   --> A_1  D_1  S_1  
     e( 26 - 26) =      8.65697  eV     1   --> B_2  D_4  S_4  

 **************************************************************************

 **************************************************************************

                    xk=(   0.45000,   0.25981,   0.00000  )

     Band symmetry, C_2v (mm2)  point group:

     e(  1 -  1) =    -49.34188  eV     1   --> A_1  D_1  S_1  
     e(  2 -  2) =    -27.67055  eV     1   --> A_1  D_1  S_1  
     e(  3 -  3) =    -27.52365  eV     1   --> B_2  D_4  S_4  
     e(  4 -  4) =    -27.29114  eV     1   --> B_1  D_3  S_3  
     e(  5 -  5) =    -16.73982  eV     1   --> B_2  D_4  S_4  
     e(  6 -  6) =    -16.70902  eV     1   --> A_1  D_1  S_1  
     e(  7 -  7) =     -6.91965  eV     1   --> A_1  D_1  S_1  
     e(  8 -  8) =     -6.38494  eV     1   --> B_2  D_4  S_4  
     e(  9 -  9) =     -5.80652  eV     1   --> A_1  D_1  S_1  
     e( 10 - 10) =     -4.98184  eV     1   --> A_2  D_2  S_2  
     e( 11 - 11) =     -4.84619  eV     1   --> B_2  D_4  S_4  
     e( 12 - 12) =     -4.31393  eV     1   --> B_1  D_3  S_3  
     e( 13 - 13) =     -0.81298  eV     1   --> A_1  D_1  S_1  
     e( 14 - 14) =      2.58195  eV     1   --> B_2  D_4  S_4  
     e( 15 - 15) =      2.98884  eV     1   --> A_1  D_1  S_1  
     e( 16 - 16) =      3.26536  eV     1   --> A_2  D_2  S_2  
     e( 17 - 17) =      3.54209  eV     1   --> B_1  D_3  S_3  
     e( 18 - 18) =      5.26359  eV     1   --> A_1  D_1  S_1  
     e( 19 - 19) =      5.81117  eV     1   --> A_1  D_1  S_1  
     e( 20 - 20) =      6.51599  eV     1   --> B_2  D_4  S_4  
     e( 21 - 21) =      7.03482  eV     1   --> B_2  D_4  S_4  
     e( 22 - 22) =      7.03662  eV     1   --> A_1  D_1  S_1  
     e( 23 - 23) =      7.84043  eV     1   --> A_1  D_1  S_1  
     e( 24 - 24) =      7.92738  eV     1   --> B_2  D_4  S_4  
     e( 25 - 25) =      8.46457  eV     1   --> A_1  D_1  S_1  
     e( 26 - 26) =      8.59136  eV     1   --> B_2  D_4  S_4  

 **************************************************************************

 **************************************************************************

                    xk=(   0.46667,   0.26943,   0.00000  )

     Band symmetry, C_2v (mm2)  point group:

     e(  1 -  1) =    -49.34124  eV     1   --> A_1  D_1  S_1  
     e(  2 -  2) =    -27.67693  eV     1   --> A_1  D_1  S_1  
     e(  3 -  3) =    -27.52178  eV     1   --> B_2  D_4  S_4  
     e(  4 -  4) =    -27.29257  eV     1   --> B_1  D_3  S_3  
     e(  5 -  5) =    -16.73710  eV     1   --> B_2  D_4  S_4  
     e(  6 -  6) =    -16.69722  eV     1   --> A_1  D_1  S_1  
     e(  7 -  7) =     -6.94651  eV     1   --> A_1  D_1  S_1  
     e(  8 -  8) =     -6.40851  eV     1   --> B_2  D_4  S_4  
     e(  9 -  9) =     -5.79840  eV     1   --> A_1  D_1  S_1  
     e( 10 - 10) =     -4.99259  eV     1   --> A_2  D_2  S_2  
     e( 11 - 11) =     -4.84999  eV     1   --> B_2  D_4  S_4  
     e( 12 - 12) =     -4.31566  eV     1   --> B_1  D_3  S_3  
     e( 13 - 13) =     -0.81362  eV     1   --> A_1  D_1  S_1  
     e( 14 - 14) =      2.58862  eV     1   --> B_2  D_4  S_4  
     e( 15 - 15) =      3.05771  eV     1   --> A_1  D_1  S_1  
     e( 16 - 16) =      3.27349  eV     1   --> A_2  D_2  S_2  
     e( 17 - 17) =      3.59805  eV     1   --> B_1  D_3  S_3  
     e( 18 - 18) =      5.28914  eV     1   --> A_1  D_1  S_1  
     e( 19 - 19) =      5.79006  eV     1   --> A_1  D_1  S_1  
     e( 20 - 20) =      6.57408  eV     1   --> B_2  D_4  S_4  
     e( 21 - 21) =      7.14206  eV     1   --> B_2  D_4  S_4  
     e( 22 - 22) =      7.25426  eV     1   --> A_1  D_1  S_1  
     e( 23 - 23) =      7.87790  eV     1   --> A_1  D_1  S_1  
     e( 24 - 24) =      7.91648  eV     1   --> B_2  D_4  S_4  
     e( 25 - 25) =      8.33181  eV     1   --> A_1  D_1  S_1  
     e( 26 - 26) =      8.60017  eV     1   --> B_2  D_4  S_4  

 **************************************************************************

 **************************************************************************

                    xk=(   0.48333,   0.27905,   0.00000  )

     Band symmetry, C_2v (mm2)  point group:

     e(  1 -  1) =    -49.34085  eV     1   --> A_1  D_1  S_1  
     e(  2 -  2) =    -27.68078  eV     1   --> A_1  D_1  S_1  
     e(  3 -  3) =    -27.52064  eV     1   --> B_2  D_4  S_4  
     e(  4 -  4) =    -27.29343  eV     1   --> B_1  D_3  S_3  
     e(  5 -  5) =    -16.73545  eV     1   --> B_2  D_4  S_4  
     e(  6 -  6) =    -16.69008  eV     1   --> A_1  D_1  S_1  
     e(  7 -  7) =     -6.96273  eV     1   --> A_1  D_1  S_1  
     e(  8 -  8) =     -6.42273  eV     1   --> B_2  D_4  S_4  
     e(  9 -  9) =     -5.79355  eV     1   --> A_1  D_1  S_1  
     e( 10 - 10) =     -4.99907  eV     1   --> A_2  D_2  S_2  
     e( 11 - 11) =     -4.85225  eV     1   --> B_2  D_4  S_4  
     e( 12 - 12) =     -4.31672  eV     1   --> B_1  D_3  S_3  
     e( 13 - 13) =     -0.81381  eV     1   --> A_1  D_1  S_1  
     e( 14 - 14) =      2.59255  eV     1   --> B_2  D_4  S_4  
     e( 15 - 15) =      3.10094  eV     1   --> A_1  D_1  S_1  
     e( 16 - 16) =      3.27833  eV     1   --> A_2  D_2  S_2  
     e( 17 - 17) =      3.63266  eV     1   --> B_1  D_3  S_3  
     e( 18 - 18) =      5.30644  eV     1   --> A_1  D_1  S_1  
     e( 19 - 19) =      5.77266  eV     1   --> A_1  D_1  S_1  
     e( 20 - 20) =      6.59963  eV     1   --> B_2  D_4  S_4  
     e( 21 - 21) =      7.25733  eV     1   --> B_2  D_4  S_4  
     e( 22 - 22) =      7.46489  eV     1   --> A_1  D_1  S_1  
     e( 23 - 23) =      7.84306  eV     1   --> B_2  D_4  S_4  
     e( 24 - 24) =      7.85806  eV     1   --> A_1  D_1  S_1  
     e( 25 - 25) =      8.19947  eV     1   --> A_1  D_1  S_1  
     e( 26 - 26) =      8.66293  eV     1   --> B_2  D_4  S_4  

 **************************************************************************

 **************************************************************************

                    xk=(   0.50000,   0.28868,   0.00000  )

     Band symmetry, C_2v (mm2)  point group:

     e(  1 -  1) =    -49.34074  eV     1   --> A_1  D_1  S_1  
     e(  2 -  2) =    -27.68207  eV     1   --> A_1  D_1  S_1  
     e(  3 -  3) =    -27.52026  eV     1   --> B_2  D_4  S_4  
     e(  4 -  4) =    -27.29372  eV     1   --> B_1  D_3  S_3  
     e(  5 -  5) =    -16.73490  eV     1   --> B_2  D_4  S_4  
     e(  6 -  6) =    -16.68769  eV     1   --> A_1  D_1  S_1  
     e(  7 -  7) =     -6.96816  eV     1   --> A_1  D_1  S_1  
     e(  8 -  8) =     -6.42749  eV     1   --> B_2  D_4  S_4  
     e(  9 -  9) =     -5.79195  eV     1   --> A_1  D_1  S_1  
     e( 10 - 10) =     -5.00123  eV     1   --> A_2  D_2  S_2  
     e( 11 - 11) =     -4.85301  eV     1   --> B_2  D_4  S_4  
     e( 12 - 12) =     -4.31709  eV     1   --> B_1  D_3  S_3  
     e( 13 - 13) =     -0.81383  eV     1   --> A_1  D_1  S_1  
     e( 14 - 14) =      2.59385  eV     1   --> B_2  D_4  S_4  
     e( 15 - 15) =      3.11569  eV     1   --> A_1  D_1  S_1  
     e( 16 - 16) =      3.27994  eV     1   --> A_2  D_2  S_2  
     e( 17 - 17) =      3.64439  eV     1   --> B_1  D_3  S_3  
     e( 18 - 18) =      5.31267  eV     1   --> A_1  D_1  S_1  
     e( 19 - 19) =      5.76592  eV     1   --> A_1  D_1  S_1  
     e( 20 - 20) =      6.60655  eV     1   --> B_2  D_4  S_4  
     e( 21 - 21) =      7.31396  eV     1   --> B_2  D_4  S_4  
     e( 22 - 22) =      7.59384  eV     1   --> A_1  D_1  S_1  
     e( 23 - 23) =      7.79704  eV     1   --> B_2  D_4  S_4  
     e( 24 - 24) =      7.79780  eV     1   --> A_1  D_1  S_1  
     e( 25 - 25) =      8.14570  eV     1   --> A_1  D_1  S_1  
     e( 26 - 26) =      8.70052  eV     1   --> B_2  D_4  S_4  

 **************************************************************************

 **************************************************************************

                    xk=(   0.49444,   0.29830,   0.00000  )

     point group C_s (m)    
     there are  2 classes
     the character table:

       E     s    
A'     1.00  1.00
A''    1.00 -1.00

     the symmetry operations in each class and the name of the first element:

     E        1
                                                                 
     s        2
                                                                 

     Band symmetry, C_s (m)     point group:

     e(  1 -  1) =    -49.34072  eV     1   --> A'             
     e(  2 -  2) =    -27.68188  eV     1   --> A'             
     e(  3 -  3) =    -27.52022  eV     1   --> A''            
     e(  4 -  4) =    -27.29411  eV     1   --> A'             
     e(  5 -  5) =    -16.73481  eV     1   --> A''            
     e(  6 -  6) =    -16.68743  eV     1   --> A'             
     e(  7 -  7) =     -6.96690  eV     1   --> A'             
     e(  8 -  8) =     -6.42745  eV     1   --> A''            
     e(  9 -  9) =     -5.79169  eV     1   --> A'             
     e( 10 - 10) =     -5.00380  eV     1   --> A''            
     e( 11 - 11) =     -4.85193  eV     1   --> A''            
     e( 12 - 12) =     -4.32050  eV     1   --> A'             
     e( 13 - 13) =     -0.81143  eV     1   --> A'             
     e( 14 - 14) =      2.59641  eV     1   --> A''            
     e( 15 - 15) =      3.11414  eV     1   --> A'             
     e( 16 - 16) =      3.27843  eV     1   --> A''            
     e( 17 - 17) =      3.64154  eV     1   --> A'             
     e( 18 - 18) =      5.31683  eV     1   --> A'             
     e( 19 - 19) =      5.76961  eV     1   --> A'             
     e( 20 - 20) =      6.61055  eV     1   --> A''            
     e( 21 - 21) =      7.31454  eV     1   --> A''            
     e( 22 - 22) =      7.59573  eV     1   --> A'             
     e( 23 - 23) =      7.79859  eV     1   --> A''            
     e( 24 - 24) =      7.79916  eV     1   --> A'             
     e( 25 - 25) =      8.14718  eV     1   --> A'             
     e( 26 - 26) =      8.70189  eV     1   --> A''            

 **************************************************************************

 **************************************************************************

                    xk=(   0.48889,   0.30792,   0.00000  )

     Band symmetry, C_s (m)     point group:

     e(  1 -  1) =    -49.34067  eV     1   --> A'             
     e(  2 -  2) =    -27.68133  eV     1   --> A'             
     e(  3 -  3) =    -27.52010  eV     1   --> A''            
     e(  4 -  4) =    -27.29526  eV     1   --> A'             
     e(  5 -  5) =    -16.73456  eV     1   --> A''            
     e(  6 -  6) =    -16.68665  eV     1   --> A'             
     e(  7 -  7) =     -6.96315  eV     1   --> A'             
     e(  8 -  8) =     -6.42735  eV     1   --> A''            
     e(  9 -  9) =     -5.79093  eV     1   --> A'             
     e( 10 - 10) =     -5.01121  eV     1   --> A''            
     e( 11 - 11) =     -4.84896  eV     1   --> A''            
     e( 12 - 12) =     -4.33068  eV     1   --> A'             
     e( 13 - 13) =     -0.80425  eV     1   --> A'             
     e( 14 - 14) =      2.60401  eV     1   --> A''            
     e( 15 - 15) =      3.10942  eV     1   --> A'             
     e( 16 - 16) =      3.27397  eV     1   --> A''            
     e( 17 - 17) =      3.63324  eV     1   --> A'             
     e( 18 - 18) =      5.32890  eV     1   --> A'             
     e( 19 - 19) =      5.78091  eV     1   --> A'             
     e( 20 - 20) =      6.62247  eV     1   --> A''            
     e( 21 - 21) =      7.31626  eV     1   --> A''            
     e( 22 - 22) =      7.60138  eV     1   --> A'             
     e( 23 - 24) =      7.80322  eV     2   --> A'             
     e( 23 - 24) =      7.80322  eV     2   --> A''            
     e( 25 - 25) =      8.15161  eV     1   --> A'             
     e( 26 - 26) =      8.70601  eV     1   --> A''            

 **************************************************************************

 **************************************************************************

                    xk=(   0.48333,   0.31754,   0.00000  )

     Band symmetry, C_s (m)     point group:

     e(  1 -  1) =    -49.34060  eV     1   --> A'             
     e(  2 -  2) =    -27.68040  eV     1   --> A'             
     e(  3 -  3) =    -27.51990  eV     1   --> A''            
     e(  4 -  4) =    -27.29718  eV     1   --> A'             
     e(  5 -  5) =    -16.73415  eV     1   --> A''            
     e(  6 -  6) =    -16.68536  eV     1   --> A'             
     e(  7 -  7) =     -6.95691  eV     1   --> A'             
     e(  8 -  8) =     -6.42721  eV     1   --> A''            
     e(  9 -  9) =     -5.78968  eV     1   --> A'             
     e( 10 - 10) =     -5.02272  eV     1   --> A''            
     e( 11 - 11) =     -4.84478  eV     1   --> A''            
     e( 12 - 12) =     -4.34751  eV     1   --> A'             
     e( 13 - 13) =     -0.79237  eV     1   --> A'             
     e( 14 - 14) =      2.61643  eV     1   --> A''            
     e( 15 - 15) =      3.10127  eV     1   --> A'             
     e( 16 - 16) =      3.26684  eV     1   --> A''            
     e( 17 - 17) =      3.62022  eV     1   --> A'             
     e( 18 - 18) =      5.34769  eV     1   --> A'             
     e( 19 - 19) =      5.80043  eV     1   --> A'             
     e( 20 - 20) =      6.64215  eV     1   --> A''            
     e( 21 - 21) =      7.31911  eV     1   --> A''            
     e( 22 - 22) =      7.61075  eV     1   --> A'             
     e( 23 - 23) =      7.80992  eV     1   --> A'             
     e( 24 - 24) =      7.81099  eV     1   --> A''            
     e( 25 - 25) =      8.15887  eV     1   --> A'             
     e( 26 - 26) =      8.71291  eV     1   -->   ?

 **************************************************************************

 **************************************************************************

                    xk=(   0.47778,   0.32717,   0.00000  )

     Band symmetry, C_s (m)     point group:

     e(  1 -  1) =    -49.34051  eV     1   --> A'             
     e(  2 -  2) =    -27.67912  eV     1   --> A'             
     e(  3 -  3) =    -27.51961  eV     1   --> A''            
     e(  4 -  4) =    -27.29987  eV     1   --> A'             
     e(  5 -  5) =    -16.73358  eV     1   --> A''            
     e(  6 -  6) =    -16.68357  eV     1   --> A'             
     e(  7 -  7) =     -6.94821  eV     1   --> A'             
     e(  8 -  8) =     -6.42705  eV     1   --> A''            
     e(  9 -  9) =     -5.78796  eV     1   --> A'             
     e( 10 - 10) =     -5.03749  eV     1   --> A''            
     e( 11 - 11) =     -4.84011  eV     1   --> A''            
     e( 12 - 12) =     -4.37078  eV     1   --> A'             
     e( 13 - 13) =     -0.77588  eV     1   --> A'             
     e( 14 - 14) =      2.63328  eV     1   --> A''            
     e( 15 - 15) =      3.08937  eV     1   --> A'             
     e( 16 - 16) =      3.25749  eV     1   --> A''            
     e( 17 - 17) =      3.60354  eV     1   --> A'             
     e( 18 - 18) =      5.37145  eV     1   --> A'             
     e( 19 - 19) =      5.82907  eV     1   --> A'             
     e( 20 - 20) =      6.66932  eV     1   --> A''            
     e( 21 - 21) =      7.32305  eV     1   --> A''            
     e( 22 - 22) =      7.62376  eV     1   --> A'             
     e( 23 - 23) =      7.81914  eV     1   --> A'             
     e( 24 - 24) =      7.82187  eV     1   --> A''            
     e( 25 - 25) =      8.16880  eV     1   --> A'             
     e( 26 - 26) =      8.70079  eV     1   --> A'             

 **************************************************************************

 **************************************************************************

                    xk=(   0.47222,   0.33679,   0.00000  )

     Band symmetry, C_s (m)     point group:

     e(  1 -  1) =    -49.34038  eV     1   --> A'             
     e(  2 -  2) =    -27.67747  eV     1   --> A'             
     e(  3 -  3) =    -27.51925  eV     1   --> A''            
     e(  4 -  4) =    -27.30328  eV     1   --> A'             
     e(  5 -  5) =    -16.73285  eV     1   --> A''            
     e(  6 -  6) =    -16.68130  eV     1   --> A'             
     e(  7 -  7) =     -6.93706  eV     1   --> A'             
     e(  8 -  8) =     -6.42691  eV     1   --> A''            
     e(  9 -  9) =     -5.78577  eV     1   --> A'             
     e( 10 - 10) =     -5.05473  eV     1   --> A''            
     e( 11 - 11) =     -4.83558  eV     1   --> A''            
     e( 12 - 12) =     -4.40021  eV     1   --> A'             
     e( 13 - 13) =     -0.75495  eV     1   --> A'             
     e( 14 - 14) =      2.65399  eV     1   --> A''            
     e( 15 - 15) =      3.07332  eV     1   --> A'             
     e( 16 - 16) =      3.24660  eV     1   --> A''            
     e( 17 - 17) =      3.58441  eV     1   --> A'             
     e( 18 - 18) =      5.39824  eV     1   --> A'             
     e( 19 - 19) =      5.86777  eV     1   --> A'             
     e( 20 - 20) =      6.70360  eV     1   --> A''            
     e( 21 - 21) =      7.32806  eV     1   --> A''            
     e( 22 - 22) =      7.64032  eV     1   --> A'             
     e( 23 - 23) =      7.83070  eV     1   --> A'             
     e( 24 - 24) =      7.83589  eV     1   --> A''            
     e( 25 - 25) =      8.18109  eV     1   --> A'             
     e( 26 - 26) =      8.68249  eV     1   --> A'             

 **************************************************************************

 **************************************************************************

                    xk=(   0.46667,   0.34641,   0.00000  )

     Band symmetry, C_s (m)     point group:

     e(  1 -  1) =    -49.34023  eV     1   --> A'             
     e(  2 -  2) =    -27.67547  eV     1   --> A'             
     e(  3 -  3) =    -27.51882  eV     1   --> A''            
     e(  4 -  4) =    -27.30741  eV     1   --> A'             
     e(  5 -  5) =    -16.73197  eV     1   --> A''            
     e(  6 -  6) =    -16.67856  eV     1   --> A'             
     e(  7 -  7) =     -6.92350  eV     1   --> A'             
     e(  8 -  8) =     -6.42683  eV     1   --> A''            
     e(  9 -  9) =     -5.78315  eV     1   --> A'             
     e( 10 - 10) =     -5.07379  eV     1   --> A''            
     e( 11 - 11) =     -4.83165  eV     1   --> A''            
     e( 12 - 12) =     -4.43544  eV     1   --> A'             
     e( 13 - 13) =     -0.72975  eV     1   --> A'             
     e( 14 - 14) =      2.67774  eV     1   --> A''            
     e( 15 - 15) =      3.05278  eV     1   --> A'             
     e( 16 - 16) =      3.23507  eV     1   --> A''            
     e( 17 - 17) =      3.56400  eV     1   --> A'             
     e( 18 - 18) =      5.42630  eV     1   --> A'             
     e( 19 - 19) =      5.91721  eV     1   --> A'             
     e( 20 - 20) =      6.74455  eV     1   --> A''            
     e( 21 - 21) =      7.33409  eV     1   --> A''            
     e( 22 - 22) =      7.66023  eV     1   --> A'             
     e( 23 - 23) =      7.84432  eV     1   --> A'             
     e( 24 - 24) =      7.85308  eV     1   --> A''            
     e( 25 - 25) =      8.19525  eV     1   --> A'             
     e( 26 - 26) =      8.65787  eV     1   --> A'             

 **************************************************************************

 **************************************************************************

                    xk=(   0.46111,   0.35603,   0.00000  )

     Band symmetry, C_s (m)     point group:

     e(  1 -  1) =    -49.34005  eV     1   --> A'             
     e(  2 -  2) =    -27.67311  eV     1   --> A'             
     e(  3 -  3) =    -27.51832  eV     1   --> A''            
     e(  4 -  4) =    -27.31224  eV     1   --> A'             
     e(  5 -  5) =    -16.73095  eV     1   --> A''            
     e(  6 -  6) =    -16.67538  eV     1   --> A'             
     e(  7 -  7) =     -6.90758  eV     1   --> A'             
     e(  8 -  8) =     -6.42686  eV     1   --> A''            
     e(  9 -  9) =     -5.78012  eV     1   --> A'             
     e( 10 - 10) =     -5.09413  eV     1   --> A''            
     e( 11 - 11) =     -4.82861  eV     1   --> A''            
     e( 12 - 12) =     -4.47609  eV     1   --> A'             
     e( 13 - 13) =     -0.70048  eV     1   --> A'             
     e( 14 - 14) =      2.70340  eV     1   --> A''            
     e( 15 - 15) =      3.02757  eV     1   --> A'             
     e( 16 - 16) =      3.22410  eV     1   --> A''            
     e( 17 - 17) =      3.54328  eV     1   --> A'             
     e( 18 - 18) =      5.45442  eV     1   --> A'             
     e( 19 - 19) =      5.97753  eV     1   --> A'             
     e( 20 - 20) =      6.79165  eV     1   --> A''            
     e( 21 - 21) =      7.34109  eV     1   --> A''            
     e( 22 - 22) =      7.68324  eV     1   --> A'             
     e( 23 - 23) =      7.85958  eV     1   --> A'             
     e( 24 - 24) =      7.87346  eV     1   --> A''            
     e( 25 - 25) =      8.21049  eV     1   --> A'             
     e( 26 - 26) =      8.62767  eV     1   --> A'             

 **************************************************************************

 **************************************************************************

                    xk=(   0.45556,   0.36566,   0.00000  )

     Band symmetry, C_s (m)     point group:

     e(  1 -  1) =    -49.33985  eV     1   --> A'             
     e(  2 -  2) =    -27.67041  eV     1   --> A'             
     e(  3 -  3) =    -27.51775  eV     1   --> A''            
     e(  4 -  4) =    -27.31773  eV     1   --> A'             
     e(  5 -  5) =    -16.72980  eV     1   --> A''            
     e(  6 -  6) =    -16.67179  eV     1   --> A'             
     e(  7 -  7) =     -6.88933  eV     1   --> A'             
     e(  8 -  8) =     -6.42707  eV     1   --> A''            
     e(  9 -  9) =     -5.77674  eV     1   --> A'             
     e( 10 - 10) =     -5.11530  eV     1   --> A''            
     e( 11 - 11) =     -4.82665  eV     1   --> A''            
     e( 12 - 12) =     -4.52172  eV     1   --> A'             
     e( 13 - 13) =     -0.66739  eV     1   --> A'             
     e( 14 - 14) =      2.72948  eV     1   --> A''            
     e( 15 - 15) =      2.99772  eV     1   --> A'             
     e( 16 - 16) =      3.21523  eV     1   --> A''            
     e( 17 - 17) =      3.52288  eV     1   --> A'             
     e( 18 - 18) =      5.48208  eV     1   --> A'             
     e( 19 - 19) =      6.04823  eV     1   --> A'             
     e( 20 - 20) =      6.84434  eV     1   --> A''            
     e( 21 - 21) =      7.34902  eV     1   --> A''            
     e( 22 - 22) =      7.70888  eV     1   --> A'             
     e( 23 - 23) =      7.87583  eV     1   --> A'             
     e( 24 - 24) =      7.89708  eV     1   --> A''            
     e( 25 - 25) =      8.22557  eV     1   --> A'             
     e( 26 - 26) =      8.59456  eV     1   --> A'             

 **************************************************************************

 **************************************************************************

                    xk=(   0.45000,   0.37528,   0.00000  )

     Band symmetry, C_s (m)     point group:

     e(  1 -  1) =    -49.33964  eV     1   --> A'             
     e(  2 -  2) =    -27.66738  eV     1   --> A'             
     e(  3 -  3) =    -27.51713  eV     1   --> A''            
     e(  4 -  4) =    -27.32384  eV     1   --> A'             
     e(  5 -  5) =    -16.72853  eV     1   --> A''            
     e(  6 -  6) =    -16.66781  eV     1   --> A'             
     e(  7 -  7) =     -6.86882  eV     1   --> A'             
     e(  8 -  8) =     -6.42752  eV     1   --> A''            
     e(  9 -  9) =     -5.77303  eV     1   --> A'             
     e( 10 - 10) =     -5.13690  eV     1   --> A''            
     e( 11 - 11) =     -4.82590  eV     1   --> A''            
     e( 12 - 12) =     -4.57186  eV     1   --> A'             
     e( 13 - 13) =     -0.63071  eV     1   --> A'             
     e( 14 - 14) =      2.75406  eV     1   --> A''            
     e( 15 - 15) =      2.96352  eV     1   --> A'             
     e( 16 - 16) =      3.21039  eV     1   --> A''            
     e( 17 - 17) =      3.50307  eV     1   --> A'             
     e( 18 - 18) =      5.50931  eV     1   --> A'             
     e( 19 - 19) =      6.12830  eV     1   --> A'             
     e( 20 - 20) =      6.90201  eV     1   --> A''            
     e( 21 - 21) =      7.35786  eV     1   --> A''            
     e( 22 - 22) =      7.73635  eV     1   --> A'             
     e( 23 - 23) =      7.89222  eV     1   --> A'             
     e( 24 - 24) =      7.92397  eV     1   --> A''            
     e( 25 - 25) =      8.23870  eV     1   --> A'             
     e( 26 - 26) =      8.56331  eV     1   --> A'             

 **************************************************************************

 **************************************************************************

                    xk=(   0.44444,   0.38490,   0.00000  )

     Band symmetry, C_s (m)     point group:

     e(  1 -  1) =    -49.33940  eV     1   --> A'             
     e(  2 -  2) =    -27.66401  eV     1   --> A'             
     e(  3 -  3) =    -27.51644  eV     1   --> A''            
     e(  4 -  4) =    -27.33054  eV     1   --> A'             
     e(  5 -  5) =    -16.72716  eV     1   --> A''            
     e(  6 -  6) =    -16.66347  eV     1   --> A'             
     e(  7 -  7) =     -6.84611  eV     1   --> A'             
     e(  8 -  8) =     -6.42828  eV     1   --> A''            
     e(  9 -  9) =     -5.76903  eV     1   --> A'             
     e( 10 - 10) =     -5.15858  eV     1   --> A''            
     e( 11 - 11) =     -4.82638  eV     1   --> A''            
     e( 12 - 12) =     -4.62603  eV     1   --> A'             
     e( 13 - 13) =     -0.59069  eV     1   --> A'             
     e( 14 - 14) =      2.77493  eV     1   --> A''            
     e( 15 - 15) =      2.92547  eV     1   --> A'             
     e( 16 - 16) =      3.21174  eV     1   --> A''            
     e( 17 - 17) =      3.48383  eV     1   --> A'             
     e( 18 - 18) =      5.53651  eV     1   --> A'             
     e( 19 - 19) =      6.21638  eV     1   --> A'             
     e( 20 - 20) =      6.96399  eV     1   --> A''            
     e( 21 - 21) =      7.36760  eV     1   --> A''            
     e( 22 - 22) =      7.76402  eV     1   --> A'             
     e( 23 - 23) =      7.90786  eV     1   --> A'             
     e( 24 - 24) =      7.95418  eV     1   --> A''            
     e( 25 - 25) =      8.24799  eV     1   --> A'             
     e( 26 - 26) =      8.54018  eV     1   --> A'             

 **************************************************************************

 **************************************************************************

                    xk=(   0.43889,   0.39452,   0.00000  )

     Band symmetry, C_s (m)     point group:

     e(  1 -  1) =    -49.33914  eV     1   --> A'             
     e(  2 -  2) =    -27.66032  eV     1   --> A'             
     e(  3 -  3) =    -27.51570  eV     1   --> A''            
     e(  4 -  4) =    -27.33780  eV     1   --> A'             
     e(  5 -  5) =    -16.72568  eV     1   --> A''            
     e(  6 -  6) =    -16.65883  eV     1   --> A'             
     e(  7 -  7) =     -6.82127  eV     1   --> A'             
     e(  8 -  8) =     -6.42942  eV     1   --> A''            
     e(  9 -  9) =     -5.76480  eV     1   --> A'             
     e( 10 - 10) =     -5.17998  eV     1   --> A''            
     e( 11 - 11) =     -4.82812  eV     1   --> A''            
     e( 12 - 12) =     -4.68375  eV     1   --> A'             
     e( 13 - 13) =     -0.54763  eV     1   --> A'             
     e( 14 - 14) =      2.78995  eV     1   --> A''            
     e( 15 - 15) =      2.88423  eV     1   --> A'             
     e( 16 - 16) =      3.22134  eV     1   --> A''            
     e( 17 - 17) =      3.46488  eV     1   --> A'             
     e( 18 - 18) =      5.56420  eV     1   --> A'             
     e( 19 - 19) =      6.31092  eV     1   --> A'             
     e( 20 - 20) =      7.02959  eV     1   --> A''            
     e( 21 - 21) =      7.37827  eV     1   --> A''            
     e( 22 - 22) =      7.78842  eV     1   --> A'             
     e( 23 - 23) =      7.92275  eV     1   --> A'             
     e( 24 - 24) =      7.98775  eV     1   --> A''            
     e( 25 - 25) =      8.25322  eV     1   --> A'             
     e( 26 - 26) =      8.53080  eV     1   --> A'             

 **************************************************************************

 **************************************************************************

                    xk=(   0.43333,   0.40415,   0.00000  )

     Band symmetry, C_s (m)     point group:

     e(  1 -  1) =    -49.33888  eV     1   --> A'             
     e(  2 -  2) =    -27.65632  eV     1   --> A'             
     e(  3 -  3) =    -27.51493  eV     1   --> A''            
     e(  4 -  4) =    -27.34556  eV     1   --> A'             
     e(  5 -  5) =    -16.72413  eV     1   --> A''            
     e(  6 -  6) =    -16.65392  eV     1   --> A'             
     e(  7 -  7) =     -6.79438  eV     1   --> A'             
     e(  8 -  8) =     -6.43100  eV     1   --> A''            
     e(  9 -  9) =     -5.76040  eV     1   --> A'             
     e( 10 - 10) =     -5.20081  eV     1   --> A''            
     e( 11 - 11) =     -4.83110  eV     1   --> A''            
     e( 12 - 12) =     -4.74452  eV     1   --> A'             
     e( 13 - 13) =     -0.50179  eV     1   --> A'             
     e( 14 - 14) =      2.79770  eV     1   --> A''            
     e( 15 - 15) =      2.84053  eV     1   --> A'             
     e( 16 - 16) =      3.24042  eV     1   --> A''            
     e( 17 - 17) =      3.44586  eV     1   --> A'             
     e( 18 - 18) =      5.59290  eV     1   --> A'             
     e( 19 - 19) =      6.41026  eV     1   --> A'             
     e( 20 - 20) =      7.09800  eV     1   --> A''            
     e( 21 - 21) =      7.39003  eV     1   --> A''            
     e( 22 - 22) =      7.80277  eV     1   --> A'             
     e( 23 - 23) =      7.93987  eV     1   --> A'             
     e( 24 - 24) =      8.02474  eV     1   --> A''            
     e( 25 - 25) =      8.25796  eV     1   --> A'             
     e( 26 - 26) =      8.53727  eV     1   --> A'             

 **************************************************************************

 **************************************************************************

                    xk=(   0.42778,   0.41377,   0.00000  )

     Band symmetry, C_s (m)     point group:

     e(  1 -  1) =    -49.33860  eV     1   --> A'             
     e(  2 -  2) =    -27.65203  eV     1   --> A'             
     e(  3 -  3) =    -27.51412  eV     1   --> A''            
     e(  4 -  4) =    -27.35378  eV     1   --> A'             
     e(  5 -  5) =    -16.72251  eV     1   --> A''            
     e(  6 -  6) =    -16.64879  eV     1   --> A'             
     e(  7 -  7) =     -6.76552  eV     1   --> A'             
     e(  8 -  8) =     -6.43309  eV     1   --> A''            
     e(  9 -  9) =     -5.75586  eV     1   --> A'             
     e( 10 - 10) =     -5.22077  eV     1   --> A''            
     e( 11 - 11) =     -4.83526  eV     1   --> A''            
     e( 12 - 12) =     -4.80783  eV     1   --> A'             
     e( 13 - 13) =     -0.45349  eV     1   --> A'             
     e( 14 - 14) =      2.79513  eV     1   --> A'             
     e( 15 - 15) =      2.79801  eV     1   --> A''            
     e( 16 - 16) =      3.26897  eV     1   --> A''            
     e( 17 - 17) =      3.42637  eV     1   --> A'             
     e( 18 - 18) =      5.62304  eV     1   --> A'             
     e( 19 - 19) =      6.51259  eV     1   --> A'             
     e( 20 - 20) =      7.16824  eV     1   --> A''            
     e( 21 - 21) =      7.40318  eV     1   --> A''            
     e( 22 - 22) =      7.79912  eV     1   --> A'             
     e( 23 - 23) =      7.96494  eV     1   --> A'             
     e( 24 - 24) =      8.06521  eV     1   --> A''            
     e( 25 - 25) =      8.26820  eV     1   --> A'             
     e( 26 - 26) =      8.55766  eV     1   --> A'             

 **************************************************************************

 **************************************************************************

                    xk=(   0.42222,   0.42339,   0.00000  )

     Band symmetry, C_s (m)     point group:

     e(  1 -  1) =    -49.33831  eV     1   --> A'             
     e(  2 -  2) =    -27.64746  eV     1   --> A'             
     e(  3 -  3) =    -27.51328  eV     1   --> A''            
     e(  4 -  4) =    -27.36239  eV     1   --> A'             
     e(  5 -  5) =    -16.72084  eV     1   --> A''            
     e(  6 -  6) =    -16.64347  eV     1   --> A'             
     e(  7 -  7) =     -6.73479  eV     1   --> A'             
     e(  8 -  8) =     -6.43573  eV     1   --> A''            
     e(  9 -  9) =     -5.75126  eV     1   --> A'             
     e( 10 - 10) =     -5.23961  eV     1   --> A''            
     e( 11 - 11) =     -4.87320  eV     1   --> A'             
     e( 12 - 12) =     -4.84055  eV     1   --> A''            
     e( 13 - 13) =     -0.40306  eV     1   --> A'             
     e( 14 - 14) =      2.74875  eV     1   --> A'             
     e( 15 - 15) =      2.79184  eV     1   --> A''            
     e( 16 - 16) =      3.30574  eV     1   --> A''            
     e( 17 - 17) =      3.40607  eV     1   --> A'             
     e( 18 - 18) =      5.65494  eV     1   --> A'             
     e( 19 - 19) =      6.61575  eV     1   --> A'             
     e( 20 - 20) =      7.23884  eV     1   --> A''            
     e( 21 - 21) =      7.41856  eV     1   --> A''            
     e( 22 - 22) =      7.77661  eV     1   --> A'             
     e( 23 - 23) =      8.00011  eV     1   --> A'             
     e( 24 - 24) =      8.10919  eV     1   --> A''            
     e( 25 - 25) =      8.28809  eV     1   --> A'             
     e( 26 - 26) =      8.58850  eV     1   --> A'             

 **************************************************************************

 **************************************************************************

                    xk=(   0.41667,   0.43301,   0.00000  )

     Band symmetry, C_s (m)     point group:

     e(  1 -  1) =    -49.33801  eV     1   --> A'             
     e(  2 -  2) =    -27.64262  eV     1   --> A'             
     e(  3 -  3) =    -27.51242  eV     1   --> A''            
     e(  4 -  4) =    -27.37135  eV     1   --> A'             
     e(  5 -  5) =    -16.71914  eV     1   --> A''            
     e(  6 -  6) =    -16.63803  eV     1   --> A'             
     e(  7 -  7) =     -6.70229  eV     1   --> A'             
     e(  8 -  8) =     -6.43896  eV     1   --> A''            
     e(  9 -  9) =     -5.74663  eV     1   --> A'             
     e( 10 - 10) =     -5.25709  eV     1   --> A''            
     e( 11 - 11) =     -4.94014  eV     1   --> A'             
     e( 12 - 12) =     -4.84688  eV     1   --> A''            
     e( 13 - 13) =     -0.35088  eV     1   --> A'             
     e( 14 - 14) =      2.70207  eV     1   --> A'             
     e( 15 - 15) =      2.78072  eV     1   --> A''            
     e( 16 - 16) =      3.34886  eV     1   --> A''            
     e( 17 - 17) =      3.38469  eV     1   --> A'             
     e( 18 - 18) =      5.68881  eV     1   --> A'             
     e( 19 - 19) =      6.71694  eV     1   --> A'             
     e( 20 - 20) =      7.30699  eV     1   --> A''            
     e( 21 - 21) =      7.43833  eV     1   --> A''            
     e( 22 - 22) =      7.74219  eV     1   --> A'             
     e( 23 - 23) =      8.04310  eV     1   --> A'             
     e( 24 - 24) =      8.15673  eV     1   --> A''            
     e( 25 - 25) =      8.31835  eV     1   --> A'             
     e( 26 - 26) =      8.62685  eV     1   --> A'             

 **************************************************************************

 **************************************************************************

                    xk=(   0.41111,   0.44264,   0.00000  )

     Band symmetry, C_s (m)     point group:

     e(  1 -  1) =    -49.33771  eV     1   --> A'             
     e(  2 -  2) =    -27.63754  eV     1   --> A'             
     e(  3 -  3) =    -27.51155  eV     1   --> A''            
     e(  4 -  4) =    -27.38060  eV     1   --> A'             
     e(  5 -  5) =    -16.71742  eV     1   --> A''            
     e(  6 -  6) =    -16.63251  eV     1   --> A'             
     e(  7 -  7) =     -6.66814  eV     1   --> A'             
     e(  8 -  8) =     -6.44278  eV     1   --> A''            
     e(  9 -  9) =     -5.74206  eV     1   --> A'             
     e( 10 - 10) =     -5.27302  eV     1   --> A''            
     e( 11 - 11) =     -5.00819  eV     1   --> A'             
     e( 12 - 12) =     -4.85416  eV     1   --> A''            
     e( 13 - 13) =     -0.29733  eV     1   --> A'             
     e( 14 - 14) =      2.65572  eV     1   --> A'             
     e( 15 - 15) =      2.76623  eV     1   --> A''            
     e( 16 - 16) =      3.36208  eV     1   --> A'             
     e( 17 - 17) =      3.39637  eV     1   --> A''            
     e( 18 - 18) =      5.72473  eV     1   --> A'             
     e( 19 - 19) =      6.81220  eV     1   --> A'             
     e( 20 - 20) =      7.36628  eV     1   --> A''            
     e( 21 - 21) =      7.46826  eV     1   --> A''            
     e( 22 - 22) =      7.70496  eV     1   --> A'             
     e( 23 - 23) =      8.09148  eV     1   --> A'             
     e( 24 - 24) =      8.20787  eV     1   --> A''            
     e( 25 - 25) =      8.35784  eV     1   --> A'             
     e( 26 - 26) =      8.67061  eV     1   --> A'             

 **************************************************************************

 **************************************************************************

                    xk=(   0.40556,   0.45226,   0.00000  )

     Band symmetry, C_s (m)     point group:

     e(  1 -  1) =    -49.33740  eV     1   --> A'             
     e(  2 -  2) =    -27.63223  eV     1   --> A'             
     e(  3 -  3) =    -27.51068  eV     1   --> A''            
     e(  4 -  4) =    -27.39007  eV     1   --> A'             
     e(  5 -  5) =    -16.71570  eV     1   --> A''            
     e(  6 -  6) =    -16.62697  eV     1   --> A'             
     e(  7 -  7) =     -6.63248  eV     1   --> A'             
     e(  8 -  8) =     -6.44720  eV     1   --> A''            
     e(  9 -  9) =     -5.73759  eV     1   --> A'             
     e( 10 - 10) =     -5.28724  eV     1   --> A''            
     e( 11 - 11) =     -5.07686  eV     1   --> A'             
     e( 12 - 12) =     -4.86227  eV     1   --> A''            
     e( 13 - 13) =     -0.24287  eV     1   --> A'             
     e( 14 - 14) =      2.61031  eV     1   --> A'             
     e( 15 - 15) =      2.74972  eV     1   --> A''            
     e( 16 - 16) =      3.33817  eV     1   --> A'             
     e( 17 - 17) =      3.44650  eV     1   --> A''            
     e( 18 - 18) =      5.76270  eV     1   --> A'             
     e( 19 - 19) =      6.89567  eV     1   --> A'             
     e( 20 - 20) =      7.40797  eV     1   --> A''            
     e( 21 - 21) =      7.51647  eV     1   --> A''            
     e( 22 - 22) =      7.67455  eV     1   --> A'             
     e( 23 - 23) =      8.14378  eV     1   --> A'             
     e( 24 - 24) =      8.26263  eV     1   --> A''            
     e( 25 - 25) =      8.40511  eV     1   --> A'             
     e( 26 - 26) =      8.71837  eV     1   --> A'             

 **************************************************************************

 **************************************************************************

                    xk=(   0.40000,   0.46188,   0.00000  )

     Band symmetry, C_s (m)     point group:

     e(  1 -  1) =    -49.33711  eV     1   --> A'             
     e(  2 -  2) =    -27.62672  eV     1   --> A'             
     e(  3 -  3) =    -27.50981  eV     1   --> A''            
     e(  4 -  4) =    -27.39970  eV     1   --> A'             
     e(  5 -  5) =    -16.71399  eV     1   --> A''            
     e(  6 -  6) =    -16.62147  eV     1   --> A'             
     e(  7 -  7) =     -6.59546  eV     1   --> A'             
     e(  8 -  8) =     -6.45216  eV     1   --> A''            
     e(  9 -  9) =     -5.73329  eV     1   --> A'             
     e( 10 - 10) =     -5.29965  eV     1   --> A''            
     e( 11 - 11) =     -5.14569  eV     1   --> A'             
     e( 12 - 12) =     -4.87110  eV     1   --> A''            
     e( 13 - 13) =     -0.18802  eV     1   --> A'             
     e( 14 - 14) =      2.56642  eV     1   --> A'             
     e( 15 - 15) =      2.73224  eV     1   --> A''            
     e( 16 - 16) =      3.31302  eV     1   --> A'             
     e( 17 - 17) =      3.49772  eV     1   --> A''            
     e( 18 - 18) =      5.80262  eV     1   --> A'             
     e( 19 - 19) =      6.95929  eV     1   --> A'             
     e( 20 - 20) =      7.43467  eV     1   --> A''            
     e( 21 - 21) =      7.57968  eV     1   --> A''            
     e( 22 - 22) =      7.66140  eV     1   --> A'             
     e( 23 - 23) =      8.19914  eV     1   --> A'             
     e( 24 - 24) =      8.32097  eV     1   --> A''            
     e( 25 - 25) =      8.45899  eV     1   --> A'             
     e( 26 - 26) =      8.76905  eV     1   --> A'             

 **************************************************************************

 **************************************************************************

                    xk=(   0.39444,   0.47150,   0.00000  )

     Band symmetry, C_s (m)     point group:

     e(  1 -  1) =    -49.33681  eV     1   --> A'             
     e(  2 -  2) =    -27.62105  eV     1   --> A'             
     e(  3 -  3) =    -27.50896  eV     1   --> A''            
     e(  4 -  4) =    -27.40940  eV     1   --> A'             
     e(  5 -  5) =    -16.71233  eV     1   --> A''            
     e(  6 -  6) =    -16.61606  eV     1   --> A'             
     e(  7 -  7) =     -6.55726  eV     1   --> A'             
     e(  8 -  8) =     -6.45762  eV     1   --> A''            
     e(  9 -  9) =     -5.72923  eV     1   --> A'             
     e( 10 - 10) =     -5.31018  eV     1   --> A''            
     e( 11 - 11) =     -5.21418  eV     1   --> A'             
     e( 12 - 12) =     -4.88049  eV     1   --> A''            
     e( 13 - 13) =     -0.13336  eV     1   --> A'             
     e( 14 - 14) =      2.52462  eV     1   --> A'             
     e( 15 - 15) =      2.71459  eV     1   --> A''            
     e( 16 - 16) =      3.28675  eV     1   --> A'             
     e( 17 - 17) =      3.54874  eV     1   --> A''            
     e( 18 - 18) =      5.84430  eV     1   --> A'             
     e( 19 - 19) =      6.99490  eV     1   --> A'             
     e( 20 - 20) =      7.45501  eV     1   --> A''            
     e( 21 - 21) =      7.64862  eV     1   --> A''            
     e( 22 - 22) =      7.67516  eV     1   --> A'             
     e( 23 - 23) =      8.25698  eV     1   --> A'             
     e( 24 - 24) =      8.38284  eV     1   --> A''            
     e( 25 - 25) =      8.51862  eV     1   --> A'             
     e( 26 - 26) =      8.82180  eV     1   --> A'             

 **************************************************************************

 **************************************************************************

                    xk=(   0.38889,   0.48113,   0.00000  )

     Band symmetry, C_s (m)     point group:

     e(  1 -  1) =    -49.33653  eV     1   --> A'             
     e(  2 -  2) =    -27.61524  eV     1   --> A'             
     e(  3 -  3) =    -27.50813  eV     1   --> A''            
     e(  4 -  4) =    -27.41911  eV     1   --> A'             
     e(  5 -  5) =    -16.71072  eV     1   --> A''            
     e(  6 -  6) =    -16.61080  eV     1   --> A'             
     e(  7 -  7) =     -6.51807  eV     1   --> A'             
     e(  8 -  8) =     -6.46347  eV     1   --> A''            
     e(  9 -  9) =     -5.72549  eV     1   --> A'             
     e( 10 - 10) =     -5.31883  eV     1   --> A''            
     e( 11 - 11) =     -5.28183  eV     1   --> A'             
     e( 12 - 12) =     -4.89029  eV     1   --> A''            
     e( 13 - 13) =     -0.07952  eV     1   --> A'             
     e( 14 - 14) =      2.48549  eV     1   --> A'             
     e( 15 - 15) =      2.69737  eV     1   --> A''            
     e( 16 - 16) =      3.25958  eV     1   --> A'             
     e( 17 - 17) =      3.59847  eV     1   --> A''            
     e( 18 - 18) =      5.88749  eV     1   --> A'             
     e( 19 - 19) =      6.99960  eV     1   --> A'             
     e( 20 - 20) =      7.47316  eV     1   --> A''            
     e( 21 - 21) =      7.71837  eV     1   --> A''            
     e( 22 - 22) =      7.71964  eV     1   --> A'             
     e( 23 - 23) =      8.31685  eV     1   --> A'             
     e( 24 - 24) =      8.44812  eV     1   --> A''            
     e( 25 - 25) =      8.58340  eV     1   --> A'             
     e( 26 - 26) =      8.87588  eV     1   --> A'             

 **************************************************************************

 **************************************************************************

                    xk=(   0.38333,   0.49075,   0.00000  )

     Band symmetry, C_s (m)     point group:

     e(  1 -  1) =    -49.33626  eV     1   --> A'             
     e(  2 -  2) =    -27.60935  eV     1   --> A'             
     e(  3 -  3) =    -27.50734  eV     1   --> A''            
     e(  4 -  4) =    -27.42873  eV     1   --> A'             
     e(  5 -  5) =    -16.70919  eV     1   --> A''            
     e(  6 -  6) =    -16.60577  eV     1   --> A'             
     e(  7 -  7) =     -6.47818  eV     1   --> A'             
     e(  8 -  8) =     -6.46960  eV     1   --> A''            
     e(  9 -  9) =     -5.72216  eV     1   --> A'             
     e( 10 - 10) =     -5.34809  eV     1   --> A'             
     e( 11 - 11) =     -5.32564  eV     1   --> A''            
     e( 12 - 12) =     -4.90033  eV     1   --> A''            
     e( 13 - 13) =     -0.02724  eV     1   --> A'             
     e( 14 - 14) =      2.44959  eV     1   --> A'             
     e( 15 - 15) =      2.68102  eV     1   --> A''            
     e( 16 - 16) =      3.23180  eV     1   --> A'             
     e( 17 - 17) =      3.64595  eV     1   --> A''            
     e( 18 - 18) =      5.93184  eV     1   --> A'             
     e( 19 - 19) =      6.97850  eV     1   --> A'             
     e( 20 - 20) =      7.49063  eV     1   --> A''            
     e( 21 - 21) =      7.78665  eV     1   --> A''            
     e( 22 - 22) =      7.79037  eV     1   --> A'             
     e( 23 - 23) =      8.37835  eV     1   --> A'             
     e( 24 - 24) =      8.51662  eV     1   --> A''            
     e( 25 - 25) =      8.65290  eV     1   --> A'             
     e( 26 - 26) =      8.93059  eV     1   --> A'             

 **************************************************************************

 **************************************************************************

                    xk=(   0.37778,   0.50037,   0.00000  )

     Band symmetry, C_s (m)     point group:

     e(  1 -  1) =    -49.33600  eV     1   --> A'             
     e(  2 -  2) =    -27.60343  eV     1   --> A'             
     e(  3 -  3) =    -27.50658  eV     1   --> A''            
     e(  4 -  4) =    -27.43815  eV     1   --> A'             
     e(  5 -  5) =    -16.70774  eV     1   --> A''            
     e(  6 -  6) =    -16.60100  eV     1   --> A'             
     e(  7 -  7) =     -6.47587  eV     1   --> A''            
     e(  8 -  8) =     -6.43790  eV     1   --> A'             
     e(  9 -  9) =     -5.71937  eV     1   --> A'             
     e( 10 - 10) =     -5.41231  eV     1   --> A'             
     e( 11 - 11) =     -5.33071  eV     1   --> A''            
     e( 12 - 12) =     -4.91042  eV     1   --> A''            
     e( 13 - 13) =      0.02268  eV     1   --> A'             
     e( 14 - 14) =      2.41746  eV     1   --> A'             
     e( 15 - 15) =      2.66589  eV     1   --> A''            
     e( 16 - 16) =      3.20378  eV     1   --> A'             
     e( 17 - 17) =      3.69035  eV     1   --> A''            
     e( 18 - 18) =      5.97692  eV     1   --> A'             
     e( 19 - 19) =      6.94034  eV     1   --> A'             
     e( 20 - 20) =      7.50794  eV     1   --> A''            
     e( 21 - 21) =      7.85204  eV     1   --> A''            
     e( 22 - 22) =      7.87903  eV     1   --> A'             
     e( 23 - 23) =      8.44105  eV     1   --> A'             
     e( 24 - 24) =      8.58802  eV     1   --> A''            
     e( 25 - 25) =      8.72674  eV     1   --> A'             
     e( 26 - 26) =      8.98531  eV     1   --> A'             

 **************************************************************************

 **************************************************************************

                    xk=(   0.37222,   0.50999,   0.00000  )

     Band symmetry, C_s (m)     point group:

     e(  1 -  1) =    -49.33575  eV     1   --> A'             
     e(  2 -  2) =    -27.59755  eV     1   --> A'             
     e(  3 -  3) =    -27.50589  eV     1   --> A''            
     e(  4 -  4) =    -27.44726  eV     1   --> A'             
     e(  5 -  5) =    -16.70641  eV     1   --> A''            
     e(  6 -  6) =    -16.59658  eV     1   --> A'             
     e(  7 -  7) =     -6.48212  eV     1   --> A''            
     e(  8 -  8) =     -6.39767  eV     1   --> A'             
     e(  9 -  9) =     -5.71731  eV     1   --> A'             
     e( 10 - 10) =     -5.47371  eV     1   --> A'             
     e( 11 - 11) =     -5.33418  eV     1   --> A''            
     e( 12 - 12) =     -4.92032  eV     1   --> A''            
     e( 13 - 13) =      0.06941  eV     1   --> A'             
     e( 14 - 14) =      2.38963  eV     1   --> A'             
     e( 15 - 15) =      2.65221  eV     1   --> A''            
     e( 16 - 16) =      3.17595  eV     1   --> A'             
     e( 17 - 17) =      3.73096  eV     1   --> A''            
     e( 18 - 18) =      6.02219  eV     1   --> A'             
     e( 19 - 19) =      6.89279  eV     1   --> A'             
     e( 20 - 20) =      7.52521  eV     1   --> A''            
     e( 21 - 21) =      7.91341  eV     1   --> A''            
     e( 22 - 22) =      7.97837  eV     1   --> A'             
     e( 23 - 23) =      8.50444  eV     1   --> A'             
     e( 24 - 24) =      8.66192  eV     1   --> A''            
     e( 25 - 25) =      8.80462  eV     1   --> A'             
     e( 26 - 26) =      9.03939  eV     1   --> A'             

 **************************************************************************

 **************************************************************************

                    xk=(   0.36667,   0.51962,   0.00000  )

     Band symmetry, C_s (m)     point group:

     e(  1 -  1) =    -49.33554  eV     1   --> A'             
     e(  2 -  2) =    -27.59183  eV     1   --> A'             
     e(  3 -  3) =    -27.50525  eV     1   --> A''            
     e(  4 -  4) =    -27.45592  eV     1   --> A'             
     e(  5 -  5) =    -16.70521  eV     1   --> A''            
     e(  6 -  6) =    -16.59255  eV     1   --> A'             
     e(  7 -  7) =     -6.48816  eV     1   --> A''            
     e(  8 -  8) =     -6.35808  eV     1   --> A'             
     e(  9 -  9) =     -5.71632  eV     1   --> A'             
     e( 10 - 10) =     -5.53122  eV     1   --> A'             
     e( 11 - 11) =     -5.33626  eV     1   --> A''            
     e( 12 - 12) =     -4.92982  eV     1   --> A''            
     e( 13 - 13) =      0.11204  eV     1   --> A'             
     e( 14 - 14) =      2.36652  eV     1   --> A'             
     e( 15 - 15) =      2.64016  eV     1   --> A''            
     e( 16 - 16) =      3.14886  eV     1   --> A'             
     e( 17 - 17) =      3.76717  eV     1   --> A''            
     e( 18 - 18) =      6.06693  eV     1   --> A'             
     e( 19 - 19) =      6.84127  eV     1   --> A'             
     e( 20 - 20) =      7.54231  eV     1   --> A''            
     e( 21 - 21) =      7.96968  eV     1   --> A''            
     e( 22 - 22) =      8.08340  eV     1   --> A'             
     e( 23 - 23) =      8.56788  eV     1   --> A'             
     e( 24 - 24) =      8.73772  eV     1   --> A''            
     e( 25 - 25) =      8.88622  eV     1   --> A'             
     e( 26 - 26) =      9.09201  eV     1   --> A'             

 **************************************************************************

 **************************************************************************

                    xk=(   0.36111,   0.52924,   0.00000  )

     Band symmetry, C_s (m)     point group:

     e(  1 -  1) =    -49.33535  eV     1   --> A'             
     e(  2 -  2) =    -27.58639  eV     1   --> A'             
     e(  3 -  3) =    -27.50469  eV     1   --> A''            
     e(  4 -  4) =    -27.46395  eV     1   --> A'             
     e(  5 -  5) =    -16.70415  eV     1   --> A''            
     e(  6 -  6) =    -16.58898  eV     1   --> A'             
     e(  7 -  7) =     -6.49381  eV     1   --> A''            
     e(  8 -  8) =     -6.31994  eV     1   --> A'             
     e(  9 -  9) =     -5.71709  eV     1   --> A'             
     e( 10 - 10) =     -5.58318  eV     1   --> A'             
     e( 11 - 11) =     -5.33719  eV     1   --> A''            
     e( 12 - 12) =     -4.93865  eV     1   --> A''            
     e( 13 - 13) =      0.14971  eV     1   --> A'             
     e( 14 - 14) =      2.34840  eV     1   --> A'             
     e( 15 - 15) =      2.62988  eV     1   --> A''            
     e( 16 - 16) =      3.12313  eV     1   --> A'             
     e( 17 - 17) =      3.79848  eV     1   --> A''            
     e( 18 - 18) =      6.11021  eV     1   --> A'             
     e( 19 - 19) =      6.78961  eV     1   --> A'             
     e( 20 - 20) =      7.55894  eV     1   --> A''            
     e( 21 - 21) =      8.01978  eV     1   --> A''            
     e( 22 - 22) =      8.19079  eV     1   --> A'             
     e( 23 - 23) =      8.63051  eV     1   --> A'             
     e( 24 - 24) =      8.81463  eV     1   --> A''            
     e( 25 - 25) =      8.97119  eV     1   --> A'             
     e( 26 - 26) =      9.14158  eV     1   --> A'             

 **************************************************************************

 **************************************************************************

                    xk=(   0.35556,   0.53886,   0.00000  )

     Band symmetry, C_s (m)     point group:

     e(  1 -  1) =    -49.33518  eV     1   --> A'             
     e(  2 -  2) =    -27.58140  eV     1   --> A'             
     e(  3 -  3) =    -27.50422  eV     1   --> A''            
     e(  4 -  4) =    -27.47113  eV     1   --> A'             
     e(  5 -  5) =    -16.70325  eV     1   --> A''            
     e(  6 -  6) =    -16.58594  eV     1   --> A'             
     e(  7 -  7) =     -6.49886  eV     1   --> A''            
     e(  8 -  8) =     -6.28442  eV     1   --> A'             
     e(  9 -  9) =     -5.72118  eV     1   --> A'             
     e( 10 - 10) =     -5.62675  eV     1   --> A'             
     e( 11 - 11) =     -5.33725  eV     1   --> A''            
     e( 12 - 12) =     -4.94652  eV     1   --> A''            
     e( 13 - 13) =      0.18160  eV     1   --> A'             
     e( 14 - 14) =      2.33533  eV     1   --> A'             
     e( 15 - 15) =      2.62144  eV     1   --> A''            
     e( 16 - 16) =      3.09953  eV     1   --> A'             
     e( 17 - 17) =      3.82448  eV     1   --> A''            
     e( 18 - 18) =      6.15070  eV     1   --> A'             
     e( 19 - 19) =      6.74086  eV     1   --> A'             
     e( 20 - 20) =      7.57458  eV     1   --> A''            
     e( 21 - 21) =      8.06265  eV     1   --> A''            
     e( 22 - 22) =      8.29814  eV     1   --> A'             
     e( 23 - 23) =      8.69110  eV     1   --> A'             
     e( 24 - 24) =      8.89142  eV     1   --> A''            
     e( 25 - 25) =      9.05908  eV     1   --> A'             
     e( 26 - 26) =      9.18293  eV     1   --> A'             

 **************************************************************************

 **************************************************************************

                    xk=(   0.35000,   0.54848,   0.00000  )

     Band symmetry, C_s (m)     point group:

     e(  1 -  1) =    -49.33505  eV     1   --> A'             
     e(  2 -  2) =    -27.57711  eV     1   --> A'             
     e(  3 -  3) =    -27.50383  eV     1   --> A''            
     e(  4 -  4) =    -27.47720  eV     1   --> A'             
     e(  5 -  5) =    -16.70252  eV     1   --> A''            
     e(  6 -  6) =    -16.58347  eV     1   --> A'             
     e(  7 -  7) =     -6.50312  eV     1   --> A''            
     e(  8 -  8) =     -6.25313  eV     1   --> A'             
     e(  9 -  9) =     -5.73123  eV     1   --> A'             
     e( 10 - 10) =     -5.65757  eV     1   --> A'             
     e( 11 - 11) =     -5.33676  eV     1   --> A''            
     e( 12 - 12) =     -4.95315  eV     1   --> A''            
     e( 13 - 13) =      0.20699  eV     1   --> A'             
     e( 14 - 14) =      2.32701  eV     1   --> A'             
     e( 15 - 15) =      2.61489  eV     1   --> A''            
     e( 16 - 16) =      3.07900  eV     1   --> A'             
     e( 17 - 17) =      3.84489  eV     1   --> A''            
     e( 18 - 18) =      6.18654  eV     1   --> A'             
     e( 19 - 19) =      6.69789  eV     1   --> A'             
     e( 20 - 20) =      7.58854  eV     1   --> A''            
     e( 21 - 21) =      8.09727  eV     1   --> A''            
     e( 22 - 22) =      8.40311  eV     1   --> A'             
     e( 23 - 23) =      8.74765  eV     1   --> A'             
     e( 24 - 24) =      8.96612  eV     1   --> A''            
     e( 25 - 25) =      9.14858  eV     1   --> A'             
     e( 26 - 26) =      9.19542  eV     1   --> A'             

 **************************************************************************

 **************************************************************************

                    xk=(   0.34444,   0.55811,   0.00000  )

     Band symmetry, C_s (m)     point group:

     e(  1 -  1) =    -49.33495  eV     1   --> A'             
     e(  2 -  2) =    -27.57376  eV     1   --> A'             
     e(  3 -  3) =    -27.50354  eV     1   --> A''            
     e(  4 -  4) =    -27.48185  eV     1   --> A'             
     e(  5 -  5) =    -16.70199  eV     1   --> A''            
     e(  6 -  6) =    -16.58164  eV     1   --> A'             
     e(  7 -  7) =     -6.50639  eV     1   --> A''            
     e(  8 -  8) =     -6.22821  eV     1   --> A'             
     e(  9 -  9) =     -5.74689  eV     1   --> A'             
     e( 10 - 10) =     -5.67376  eV     1   --> A'             
     e( 11 - 11) =     -5.33602  eV     1   --> A''            
     e( 12 - 12) =     -4.95822  eV     1   --> A''            
     e( 13 - 13) =      0.22536  eV     1   --> A'             
     e( 14 - 14) =      2.32276  eV     1   --> A'             
     e( 15 - 15) =      2.61025  eV     1   --> A''            
     e( 16 - 16) =      3.06265  eV     1   --> A'             
     e( 17 - 17) =      3.85952  eV     1   --> A''            
     e( 18 - 18) =      6.21524  eV     1   --> A'             
     e( 19 - 19) =      6.66383  eV     1   --> A'             
     e( 20 - 20) =      7.59993  eV     1   --> A''            
     e( 21 - 21) =      8.12275  eV     1   --> A''            
     e( 22 - 22) =      8.50234  eV     1   --> A'             
     e( 23 - 23) =      8.79603  eV     1   --> A'             
     e( 24 - 24) =      9.03483  eV     1   --> A''            
     e( 25 - 25) =      9.14125  eV     1   --> A'             
     e( 26 - 26) =      9.24357  eV     1   --> A'             

 **************************************************************************

 **************************************************************************

                    xk=(   0.33889,   0.56773,   0.00000  )

     Band symmetry, C_s (m)     point group:

     e(  1 -  1) =    -49.33488  eV     1   --> A'             
     e(  2 -  2) =    -27.57165  eV     1   --> A'             
     e(  3 -  3) =    -27.50336  eV     1   --> A''            
     e(  4 -  4) =    -27.48477  eV     1   --> A'             
     e(  5 -  5) =    -16.70166  eV     1   --> A''            
     e(  6 -  6) =    -16.58050  eV     1   --> A'             
     e(  7 -  7) =     -6.50848  eV     1   --> A''            
     e(  8 -  8) =     -6.21207  eV     1   --> A'             
     e(  9 -  9) =     -5.76070  eV     1   --> A'             
     e( 10 - 10) =     -5.68029  eV     1   --> A'             
     e( 11 - 11) =     -5.33537  eV     1   --> A''            
     e( 12 - 12) =     -4.96145  eV     1   --> A''            
     e( 13 - 13) =      0.23640  eV     1   --> A'             
     e( 14 - 14) =      2.32141  eV     1   --> A'             
     e( 15 - 15) =      2.60749  eV     1   --> A''            
     e( 16 - 16) =      3.05180  eV     1   --> A'             
     e( 17 - 17) =      3.86828  eV     1   --> A''            
     e( 18 - 18) =      6.23385  eV     1   --> A'             
     e( 19 - 19) =      6.64193  eV     1   --> A'             
     e( 20 - 20) =      7.60767  eV     1   --> A''            
     e( 21 - 21) =      8.13837  eV     1   --> A''            
     e( 22 - 22) =      8.58779  eV     1   --> A'             
     e( 23 - 23) =      8.82544  eV     1   --> A'             
     e( 24 - 24) =      9.06723  eV     1   --> A'             
     e( 25 - 25) =      9.08895  eV     1   --> A''            
     e( 26 - 26) =      9.33641  eV     1   --> A'             

 **************************************************************************

 **************************************************************************

                    xk=(   0.33333,   0.57735,   0.00000  )

     point group C_3h (-6)  
     there are  6 classes
     the character table:

       E     C3    C3^2  s_h   S3    S3^5 
A'     1.00  1.00  1.00  1.00  1.00  1.00
E'     1.00 -0.50 -0.50  1.00 -0.50 -0.50
E'*    1.00 -0.50 -0.50  1.00 -0.50 -0.50
A''    1.00  1.00  1.00 -1.00 -1.00 -1.00
E''    1.00 -0.50 -0.50 -1.00  0.50  0.50
E''*   1.00 -0.50 -0.50 -1.00  0.50  0.50
     imaginary part
A'     0.00  0.00  0.00  0.00  0.00  0.00
E'     0.00  0.87 -0.87  0.00  0.87 -0.87
E'*    0.00 -0.87  0.87  0.00 -0.87  0.87
A''    0.00  0.00  0.00  0.00  0.00  0.00
E''    0.00  0.87 -0.87  0.00 -0.87  0.87
E''*   0.00 -0.87  0.87  0.00  0.87 -0.87

     the symmetry operations in each class and the name of the first element:

     E        1
                                                                 
     C3       2
                                                                 
     C3^2     3
                                                                 
     s_h      4
                                                                 
     S3       6
                                                                 
     S3^5     5
                                                                 

     Band symmetry, C_3h (-6)   point group:

     e(  1 -  1) =    -49.33485  eV     1   --> A'             
     e(  2 -  2) =    -27.57093  eV     1   --> E'*            
     e(  3 -  3) =    -27.50329  eV     1   --> A''            
     e(  4 -  4) =    -27.48576  eV     1   --> E'             
     e(  5 -  5) =    -16.70154  eV     1   --> E''*           
     e(  6 -  6) =    -16.58011  eV     1   --> E'*            
     e(  7 -  7) =     -6.50921  eV     1   --> E''            
     e(  8 -  8) =     -6.20653  eV     1   --> A'             
     e(  9 -  9) =     -5.76592  eV     1   --> E'             
     e( 10 - 10) =     -5.68201  eV     1   --> E'*            
     e( 11 - 11) =     -5.33509  eV     1   --> A''            
     e( 12 - 12) =     -4.96257  eV     1   --> E''*           
     e( 13 - 13) =      0.24005  eV     1   --> E'             
     e( 14 - 14) =      2.32137  eV     1   --> A'             
     e( 15 - 15) =      2.60659  eV     1   --> E''            
     e( 16 - 16) =      3.04787  eV     1   --> E'*            
     e( 17 - 17) =      3.87119  eV     1   --> E''*           
     e( 18 - 18) =      6.24019  eV     1   --> A'             
     e( 19 - 19) =      6.63449  eV     1   --> E'             
     e( 20 - 20) =      7.61053  eV     1   --> A''            
     e( 21 - 21) =      8.14366  eV     1   --> E''            
     e( 22 - 22) =      8.63065  eV     1   --> E'*            
     e( 23 - 23) =      8.82609  eV     1   --> A'             
     e( 24 - 24) =      9.03551  eV     1   --> E'             
     e( 25 - 25) =      9.11139  eV     1   --> E''*           
     e( 26 - 26) =      9.41732  eV     1   --> E'*            

 **************************************************************************

 **************************************************************************

                    xk=(   0.32222,   0.55811,   0.00000  )

     point group C_s (m)    
     there are  2 classes
     the character table:

       E     s    
A'     1.00  1.00
A''    1.00 -1.00

     the symmetry operations in each class and the name of the first element:

     E        1
                                                                 
     s        2
                                                                 

     Band symmetry, C_s (m)     point group:

     e(  1 -  1) =    -49.33495  eV     1   --> A'             
     e(  2 -  2) =    -27.57346  eV     1   --> A'             
     e(  3 -  3) =    -27.50356  eV     1   --> A''            
     e(  4 -  4) =    -27.48206  eV     1   --> A'             
     e(  5 -  5) =    -16.70202  eV     1   --> A''            
     e(  6 -  6) =    -16.58177  eV     1   --> A'             
     e(  7 -  7) =     -6.50596  eV     1   --> A''            
     e(  8 -  8) =     -6.22605  eV     1   --> A'             
     e(  9 -  9) =     -5.74943  eV     1   --> A'             
     e( 10 - 10) =     -5.67325  eV     1   --> A'             
     e( 11 - 11) =     -5.33655  eV     1   --> A''            
     e( 12 - 12) =     -4.95777  eV     1   --> A''            
     e( 13 - 13) =      0.22615  eV     1   --> A'             
     e( 14 - 14) =      2.31775  eV     1   --> A'             
     e( 15 - 15) =      2.61006  eV     1   --> A''            
     e( 16 - 16) =      3.06600  eV     1   --> A'             
     e( 17 - 17) =      3.85988  eV     1   --> A''            
     e( 18 - 18) =      6.21911  eV     1   --> A'             
     e( 19 - 19) =      6.65963  eV     1   --> A'             
     e( 20 - 20) =      7.59642  eV     1   --> A''            
     e( 21 - 21) =      8.12220  eV     1   --> A''            
     e( 22 - 22) =      8.45587  eV     1   --> A'             
     e( 23 - 23) =      8.88842  eV     1   --> A'             
     e( 24 - 24) =      9.03349  eV     1   --> A''            
     e( 25 - 25) =      9.04957  eV     1   --> A'             
     e( 26 - 26) =      9.20297  eV     1   --> A'             

 **************************************************************************

 **************************************************************************

                    xk=(   0.31111,   0.53886,   0.00000  )

     Band symmetry, C_s (m)     point group:

     e(  1 -  1) =    -49.33523  eV     1   --> A'             
     e(  2 -  2) =    -27.57934  eV     1   --> A'             
     e(  3 -  3) =    -27.50438  eV     1   --> A''            
     e(  4 -  4) =    -27.47255  eV     1   --> A'             
     e(  5 -  5) =    -16.70347  eV     1   --> A''            
     e(  6 -  6) =    -16.58698  eV     1   --> A'             
     e(  7 -  7) =     -6.49544  eV     1   --> A''            
     e(  8 -  8) =     -6.27054  eV     1   --> A'             
     e(  9 -  9) =     -5.73139  eV     1   --> A'             
     e( 10 - 10) =     -5.62945  eV     1   --> A'             
     e( 11 - 11) =     -5.34129  eV     1   --> A''            
     e( 12 - 12) =     -4.94313  eV     1   --> A''            
     e( 13 - 13) =      0.18745  eV     1   --> A'             
     e( 14 - 14) =      2.29898  eV     1   --> A'             
     e( 15 - 15) =      2.61995  eV     1   --> A''            
     e( 16 - 16) =      3.12299  eV     1   --> A'             
     e( 17 - 17) =      3.82720  eV     1   --> A''            
     e( 18 - 18) =      6.17409  eV     1   --> A'             
     e( 19 - 19) =      6.71470  eV     1   --> A'             
     e( 20 - 20) =      7.54740  eV     1   --> A''            
     e( 21 - 21) =      8.05919  eV     1   --> A''            
     e( 22 - 22) =      8.16350  eV     1   --> A'             
     e( 23 - 23) =      8.75451  eV     1   --> A'             
     e( 24 - 24) =      8.90319  eV     1   --> A''            
     e( 25 - 25) =      8.97613  eV     1   --> A'             
     e( 26 - 26) =      9.32228  eV     1   --> A'             

 **************************************************************************

 **************************************************************************

                    xk=(   0.30000,   0.51962,   0.00000  )

     Band symmetry, C_s (m)     point group:

     e(  1 -  1) =    -49.33572  eV     1   --> A'             
     e(  2 -  2) =    -27.58598  eV     1   --> A'             
     e(  3 -  3) =    -27.50580  eV     1   --> A''            
     e(  4 -  4) =    -27.45959  eV     1   --> A'             
     e(  5 -  5) =    -16.70597  eV     1   --> A''            
     e(  6 -  6) =    -16.59605  eV     1   --> A'             
     e(  7 -  7) =     -6.47672  eV     1   --> A''            
     e(  8 -  8) =     -6.32102  eV     1   --> A'             
     e(  9 -  9) =     -5.73183  eV     1   --> A'             
     e( 10 - 10) =     -5.54956  eV     1   --> A'             
     e( 11 - 11) =     -5.34884  eV     1   --> A''            
     e( 12 - 12) =     -4.91931  eV     1   --> A''            
     e( 13 - 13) =      0.12966  eV     1   --> A'             
     e( 14 - 14) =      2.26005  eV     1   --> A'             
     e( 15 - 15) =      2.63527  eV     1   --> A''            
     e( 16 - 16) =      3.21368  eV     1   --> A'             
     e( 17 - 17) =      3.77561  eV     1   --> A''            
     e( 18 - 18) =      6.12559  eV     1   --> A'             
     e( 19 - 19) =      6.77224  eV     1   --> A'             
     e( 20 - 20) =      7.45498  eV     1   --> A''            
     e( 21 - 21) =      7.86325  eV     1   --> A'             
     e( 22 - 22) =      7.96538  eV     1   --> A''            
     e( 23 - 23) =      8.44584  eV     1   --> A'             
     e( 24 - 24) =      8.78560  eV     1   --> A''            
     e( 25 - 25) =      9.01127  eV     1   --> A'             
     e( 26 - 26) =      9.50695  eV     1   --> A'             

 **************************************************************************

 **************************************************************************

                    xk=(   0.28889,   0.50037,   0.00000  )

     Band symmetry, C_s (m)     point group:

     e(  1 -  1) =    -49.33643  eV     1   --> A'             
     e(  2 -  2) =    -27.59168  eV     1   --> A'             
     e(  3 -  3) =    -27.50787  eV     1   --> A''            
     e(  4 -  4) =    -27.44477  eV     1   --> A'             
     e(  5 -  5) =    -16.70953  eV     1   --> A''            
     e(  6 -  6) =    -16.60922  eV     1   --> A'             
     e(  7 -  7) =     -6.44913  eV     1   --> A''            
     e(  8 -  8) =     -6.36678  eV     1   --> A'             
     e(  9 -  9) =     -5.74108  eV     1   --> A'             
     e( 10 - 10) =     -5.45415  eV     1   --> A'             
     e( 11 - 11) =     -5.35776  eV     1   --> A''            
     e( 12 - 12) =     -4.88790  eV     1   --> A''            
     e( 13 - 13) =      0.05887  eV     1   --> A'             
     e( 14 - 14) =      2.20351  eV     1   --> A'             
     e( 15 - 15) =      2.65480  eV     1   --> A''            
     e( 16 - 16) =      3.32362  eV     1   --> A'             
     e( 17 - 17) =      3.70805  eV     1   --> A''            
     e( 18 - 18) =      6.08196  eV     1   --> A'             
     e( 19 - 19) =      6.80540  eV     1   --> A'             
     e( 20 - 20) =      7.31524  eV     1   --> A''            
     e( 21 - 21) =      7.58661  eV     1   --> A'             
     e( 22 - 22) =      7.86325  eV     1   --> A''            
     e( 23 - 23) =      8.14909  eV     1   --> A'             
     e( 24 - 24) =      8.66804  eV     1   --> A''            
     e( 25 - 25) =      9.03249  eV     1   --> A'             
     e( 26 - 26) =      9.50380  eV     1   --> A''            

 **************************************************************************

 **************************************************************************

                    xk=(   0.27778,   0.48113,   0.00000  )

     Band symmetry, C_s (m)     point group:

     e(  1 -  1) =    -49.33736  eV     1   --> A'             
     e(  2 -  2) =    -27.59544  eV     1   --> A'             
     e(  3 -  3) =    -27.51061  eV     1   --> A''            
     e(  4 -  4) =    -27.42899  eV     1   --> A'             
     e(  5 -  5) =    -16.71417  eV     1   --> A''            
     e(  6 -  6) =    -16.62663  eV     1   --> A'             
     e(  7 -  7) =     -6.41225  eV     1   --> A''            
     e(  8 -  8) =     -6.40258  eV     1   --> A'             
     e(  9 -  9) =     -5.75549  eV     1   --> A'             
     e( 10 - 10) =     -5.36625  eV     1   --> A''            
     e( 11 - 11) =     -5.35255  eV     1   --> A'             
     e( 12 - 12) =     -4.85078  eV     1   --> A''            
     e( 13 - 13) =     -0.01927  eV     1   --> A'             
     e( 14 - 14) =      2.13442  eV     1   --> A'             
     e( 15 - 15) =      2.67710  eV     1   --> A''            
     e( 16 - 16) =      3.43520  eV     1   --> A'             
     e( 17 - 17) =      3.62768  eV     1   --> A''            
     e( 18 - 18) =      6.04495  eV     1   --> A'             
     e( 19 - 19) =      6.76825  eV     1   --> A'             
     e( 20 - 20) =      7.13382  eV     1   --> A''            
     e( 21 - 21) =      7.37015  eV     1   --> A'             
     e( 22 - 22) =      7.77147  eV     1   --> A''            
     e( 23 - 23) =      7.88840  eV     1   --> A'             
     e( 24 - 24) =      8.52537  eV     1   --> A''            
     e( 25 - 25) =      9.04306  eV     1   --> A'             
     e( 26 - 26) =      9.36848  eV     1   --> A'             

 **************************************************************************

 **************************************************************************

                    xk=(   0.26667,   0.46188,   0.00000  )

     Band symmetry, C_s (m)     point group:

     e(  1 -  1) =    -49.33853  eV     1   --> A'             
     e(  2 -  2) =    -27.59671  eV     1   --> A'             
     e(  3 -  3) =    -27.51404  eV     1   --> A''            
     e(  4 -  4) =    -27.41275  eV     1   --> A'             
     e(  5 -  5) =    -16.71987  eV     1   --> A''            
     e(  6 -  6) =    -16.64836  eV     1   --> A'             
     e(  7 -  7) =     -6.42577  eV     1   --> A'             
     e(  8 -  8) =     -6.36594  eV     1   --> A''            
     e(  9 -  9) =     -5.77427  eV     1   --> A'             
     e( 10 - 10) =     -5.37256  eV     1   --> A''            
     e( 11 - 11) =     -5.24886  eV     1   --> A'             
     e( 12 - 12) =     -4.80975  eV     1   --> A''            
     e( 13 - 13) =     -0.09998  eV     1   --> A'             
     e( 14 - 14) =      2.05730  eV     1   --> A'             
     e( 15 - 15) =      2.70052  eV     1   --> A''            
     e( 16 - 16) =      3.53145  eV     1   --> A'             
     e( 17 - 17) =      3.53772  eV     1   --> A''            
     e( 18 - 18) =      6.01328  eV     1   --> A'             
     e( 19 - 19) =      6.61838  eV     1   --> A'             
     e( 20 - 20) =      6.92432  eV     1   --> A''            
     e( 21 - 21) =      7.21725  eV     1   --> A'             
     e( 22 - 22) =      7.69476  eV     1   --> A''            
     e( 23 - 23) =      7.71250  eV     1   --> A'             
     e( 24 - 24) =      8.35517  eV     1   --> A''            
     e( 25 - 25) =      9.02673  eV     1   --> A'             
     e( 26 - 26) =      9.15649  eV     1   --> A'             

 **************************************************************************

 **************************************************************************

                    xk=(   0.25556,   0.44264,   0.00000  )

     Band symmetry, C_s (m)     point group:

     e(  1 -  1) =    -49.33994  eV     1   --> A'             
     e(  2 -  2) =    -27.59518  eV     1   --> A'             
     e(  3 -  3) =    -27.51817  eV     1   --> A''            
     e(  4 -  4) =    -27.39636  eV     1   --> A'             
     e(  5 -  5) =    -16.72660  eV     1   --> A''            
     e(  6 -  6) =    -16.67439  eV     1   --> A'             
     e(  7 -  7) =     -6.43498  eV     1   --> A'             
     e(  8 -  8) =     -6.31024  eV     1   --> A''            
     e(  9 -  9) =     -5.79729  eV     1   --> A'             
     e( 10 - 10) =     -5.37513  eV     1   --> A''            
     e( 11 - 11) =     -5.14549  eV     1   --> A'             
     e( 12 - 12) =     -4.76634  eV     1   --> A''            
     e( 13 - 13) =     -0.17929  eV     1   --> A'             
     e( 14 - 14) =      1.97564  eV     1   --> A'             
     e( 15 - 15) =      2.72314  eV     1   --> A''            
     e( 16 - 16) =      3.44137  eV     1   --> A''            
     e( 17 - 17) =      3.59767  eV     1   --> A'             
     e( 18 - 18) =      5.98418  eV     1   --> A'             
     e( 19 - 19) =      6.39391  eV     1   --> A'             
     e( 20 - 20) =      6.70022  eV     1   --> A''            
     e( 21 - 21) =      7.04113  eV     1   --> A'             
     e( 22 - 22) =      7.62805  eV     1   --> A''            
     e( 23 - 23) =      7.67582  eV     1   --> A'             
     e( 24 - 24) =      8.17460  eV     1   --> A''            
     e( 25 - 25) =      8.88410  eV     1   --> A'             
     e( 26 - 26) =      9.09085  eV     1   --> A'             

 **************************************************************************

 **************************************************************************

                    xk=(   0.24444,   0.42339,   0.00000  )

     Band symmetry, C_s (m)     point group:

     e(  1 -  1) =    -49.34158  eV     1   --> A'             
     e(  2 -  2) =    -27.59066  eV     1   --> A'             
     e(  3 -  3) =    -27.52298  eV     1   --> A''            
     e(  4 -  4) =    -27.38005  eV     1   --> A'             
     e(  5 -  5) =    -16.73430  eV     1   --> A''            
     e(  6 -  6) =    -16.70460  eV     1   --> A'             
     e(  7 -  7) =     -6.42950  eV     1   --> A'             
     e(  8 -  8) =     -6.24551  eV     1   --> A''            
     e(  9 -  9) =     -5.82455  eV     1   --> A'             
     e( 10 - 10) =     -5.37266  eV     1   --> A''            
     e( 11 - 11) =     -5.04413  eV     1   --> A'             
     e( 12 - 12) =     -4.72179  eV     1   --> A''            
     e( 13 - 13) =     -0.25403  eV     1   --> A'             
     e( 14 - 14) =      1.89207  eV     1   --> A'             
     e( 15 - 15) =      2.74271  eV     1   --> A''            
     e( 16 - 16) =      3.34195  eV     1   --> A''            
     e( 17 - 17) =      3.62277  eV     1   --> A'             
     e( 18 - 18) =      5.95290  eV     1   --> A'             
     e( 19 - 19) =      6.15054  eV     1   --> A'             
     e( 20 - 20) =      6.47090  eV     1   --> A''            
     e( 21 - 21) =      6.82620  eV     1   --> A'             
     e( 22 - 22) =      7.55803  eV     1   --> A''            
     e( 23 - 23) =      7.73441  eV     1   --> A'             
     e( 24 - 24) =      8.00815  eV     1   --> A''            
     e( 25 - 25) =      8.71865  eV     1   --> A'             
     e( 26 - 26) =      9.08234  eV     1   --> A'             

 **************************************************************************

 **************************************************************************

                    xk=(   0.23333,   0.40415,   0.00000  )

     Band symmetry, C_s (m)     point group:

     e(  1 -  1) =    -49.34344  eV     1   --> A'             
     e(  2 -  2) =    -27.58310  eV     1   --> A'             
     e(  3 -  3) =    -27.52843  eV     1   --> A''            
     e(  4 -  4) =    -27.36398  eV     1   --> A'             
     e(  5 -  5) =    -16.74289  eV     1   --> A''            
     e(  6 -  6) =    -16.73878  eV     1   --> A'             
     e(  7 -  7) =     -6.40916  eV     1   --> A'             
     e(  8 -  8) =     -6.17230  eV     1   --> A''            
     e(  9 -  9) =     -5.85608  eV     1   --> A'             
     e( 10 - 10) =     -5.36401  eV     1   --> A''            
     e( 11 - 11) =     -4.94615  eV     1   --> A'             
     e( 12 - 12) =     -4.67710  eV     1   --> A''            
     e( 13 - 13) =     -0.32165  eV     1   --> A'             
     e( 14 - 14) =      1.80870  eV     1   --> A'             
     e( 15 - 15) =      2.75635  eV     1   --> A''            
     e( 16 - 16) =      3.24312  eV     1   --> A''            
     e( 17 - 17) =      3.60063  eV     1   --> A'             
     e( 18 - 18) =      5.87805  eV     1   --> A'             
     e( 19 - 19) =      5.94854  eV     1   --> A'             
     e( 20 - 20) =      6.24220  eV     1   --> A''            
     e( 21 - 21) =      6.60756  eV     1   --> A'             
     e( 22 - 22) =      7.46102  eV     1   --> A''            
     e( 23 - 23) =      7.80104  eV     1   --> A'             
     e( 24 - 24) =      7.88634  eV     1   --> A''            
     e( 25 - 25) =      8.62023  eV     1   --> A'             
     e( 26 - 26) =      9.07244  eV     1   --> A'             

 **************************************************************************

 **************************************************************************

                    xk=(   0.22222,   0.38490,   0.00000  )

     Band symmetry, C_s (m)     point group:

     e(  1 -  1) =    -49.34551  eV     1   --> A'             
     e(  2 -  2) =    -27.57250  eV     1   --> A'             
     e(  3 -  3) =    -27.53450  eV     1   --> A''            
     e(  4 -  4) =    -27.34828  eV     1   --> A'             
     e(  5 -  5) =    -16.77664  eV     1   --> A'             
     e(  6 -  6) =    -16.75228  eV     1   --> A''            
     e(  7 -  7) =     -6.37419  eV     1   --> A'             
     e(  8 -  8) =     -6.09149  eV     1   --> A''            
     e(  9 -  9) =     -5.89171  eV     1   --> A'             
     e( 10 - 10) =     -5.34818  eV     1   --> A''            
     e( 11 - 11) =     -4.85276  eV     1   --> A'             
     e( 12 - 12) =     -4.63304  eV     1   --> A''            
     e( 13 - 13) =     -0.38019  eV     1   --> A'             
     e( 14 - 14) =      1.72726  eV     1   --> A'             
     e( 15 - 15) =      2.76011  eV     1   --> A''            
     e( 16 - 16) =      3.14944  eV     1   --> A''            
     e( 17 - 17) =      3.53111  eV     1   --> A'             
     e( 18 - 18) =      5.66247  eV     1   --> A'             
     e( 19 - 19) =      5.88359  eV     1   --> A'             
     e( 20 - 20) =      6.01767  eV     1   --> A''            
     e( 21 - 21) =      6.40772  eV     1   --> A'             
     e( 22 - 22) =      7.32161  eV     1   --> A''            
     e( 23 - 23) =      7.80170  eV     1   --> A'             
     e( 24 - 24) =      7.82788  eV     1   --> A''            
     e( 25 - 25) =      8.62907  eV     1   --> A'             
     e( 26 - 26) =      9.06323  eV     1   --> A'             

 **************************************************************************

 **************************************************************************

                    xk=(   0.21111,   0.36566,   0.00000  )

     Band symmetry, C_s (m)     point group:

     e(  1 -  1) =    -49.34778  eV     1   --> A'             
     e(  2 -  2) =    -27.55896  eV     1   --> A'             
     e(  3 -  3) =    -27.54115  eV     1   --> A''            
     e(  4 -  4) =    -27.33306  eV     1   --> A'             
     e(  5 -  5) =    -16.81782  eV     1   --> A'             
     e(  6 -  6) =    -16.76238  eV     1   --> A''            
     e(  7 -  7) =     -6.32541  eV     1   --> A'             
     e(  8 -  8) =     -6.00421  eV     1   --> A''            
     e(  9 -  9) =     -5.93088  eV     1   --> A'             
     e( 10 - 10) =     -5.32425  eV     1   --> A''            
     e( 11 - 11) =     -4.76499  eV     1   --> A'             
     e( 12 - 12) =     -4.59022  eV     1   --> A''            
     e( 13 - 13) =     -0.42823  eV     1   --> A'             
     e( 14 - 14) =      1.64917  eV     1   --> A'             
     e( 15 - 15) =      2.74842  eV     1   --> A''            
     e( 16 - 16) =      3.06696  eV     1   --> A''            
     e( 17 - 17) =      3.41959  eV     1   --> A'             
     e( 18 - 18) =      5.44279  eV     1   --> A'             
     e( 19 - 19) =      5.79957  eV     1   --> A''            
     e( 20 - 20) =      5.80393  eV     1   --> A'             
     e( 21 - 21) =      6.24506  eV     1   --> A'             
     e( 22 - 22) =      7.15353  eV     1   --> A''            
     e( 23 - 23) =      7.72621  eV     1   --> A'             
     e( 24 - 24) =      7.81981  eV     1   --> A''            
     e( 25 - 25) =      8.68760  eV     1   --> A'             
     e( 26 - 26) =      9.10178  eV     1   --> A'             

 **************************************************************************

 **************************************************************************

                    xk=(   0.20000,   0.34641,   0.00000  )

     Band symmetry, C_s (m)     point group:

     e(  1 -  1) =    -49.35022  eV     1   --> A'             
     e(  2 -  2) =    -27.54829  eV     1   --> A''            
     e(  3 -  3) =    -27.54265  eV     1   --> A'             
     e(  4 -  4) =    -27.31838  eV     1   --> A'             
     e(  5 -  5) =    -16.86189  eV     1   --> A'             
     e(  6 -  6) =    -16.77306  eV     1   --> A''            
     e(  7 -  7) =     -6.26496  eV     1   --> A'             
     e(  8 -  8) =     -5.97182  eV     1   --> A'             
     e(  9 -  9) =     -5.91193  eV     1   --> A''            
     e( 10 - 10) =     -5.29132  eV     1   --> A''            
     e( 11 - 11) =     -4.68373  eV     1   --> A'             
     e( 12 - 12) =     -4.54904  eV     1   --> A''            
     e( 13 - 13) =     -0.46483  eV     1   --> A'             
     e( 14 - 14) =      1.57565  eV     1   --> A'             
     e( 15 - 15) =      2.71544  eV     1   --> A''            
     e( 16 - 16) =      3.00195  eV     1   --> A''            
     e( 17 - 17) =      3.27520  eV     1   --> A'             
     e( 18 - 18) =      5.23261  eV     1   --> A'             
     e( 19 - 19) =      5.58934  eV     1   --> A''            
     e( 20 - 20) =      5.68095  eV     1   --> A'             
     e( 21 - 21) =      6.12955  eV     1   --> A'             
     e( 22 - 22) =      6.97543  eV     1   --> A''            
     e( 23 - 23) =      7.61806  eV     1   --> A'             
     e( 24 - 24) =      7.84211  eV     1   --> A''            
     e( 25 - 25) =      8.65907  eV     1   --> A'             
     e( 26 - 26) =      9.11803  eV     1   --> A''            

 **************************************************************************

 **************************************************************************

                    xk=(   0.18889,   0.32717,   0.00000  )

     Band symmetry, C_s (m)     point group:

     e(  1 -  1) =    -49.35283  eV     1   --> A'             
     e(  2 -  2) =    -27.55587  eV     1   --> A''            
     e(  3 -  3) =    -27.52377  eV     1   --> A'             
     e(  4 -  4) =    -27.30435  eV     1   --> A'             
     e(  5 -  5) =    -16.90834  eV     1   --> A'             
     e(  6 -  6) =    -16.78420  eV     1   --> A''            
     e(  7 -  7) =     -6.19994  eV     1   --> A'             
     e(  8 -  8) =     -6.00785  eV     1   --> A'             
     e(  9 -  9) =     -5.81647  eV     1   --> A''            
     e( 10 - 10) =     -5.24849  eV     1   --> A''            
     e( 11 - 11) =     -4.60975  eV     1   --> A'             
     e( 12 - 12) =     -4.50978  eV     1   --> A''            
     e( 13 - 13) =     -0.48953  eV     1   --> A'             
     e( 14 - 14) =      1.50767  eV     1   --> A'             
     e( 15 - 15) =      2.66078  eV     1   --> A''            
     e( 16 - 16) =      2.95527  eV     1   --> A''            
     e( 17 - 17) =      3.10839  eV     1   --> A'             
     e( 18 - 18) =      5.03135  eV     1   --> A'             
     e( 19 - 19) =      5.38795  eV     1   --> A''            
     e( 20 - 20) =      5.52231  eV     1   --> A'             
     e( 21 - 21) =      6.04514  eV     1   --> A'             
     e( 22 - 22) =      6.79722  eV     1   --> A''            
     e( 23 - 23) =      7.51097  eV     1   --> A'             
     e( 24 - 24) =      7.88084  eV     1   --> A''            
     e( 25 - 25) =      8.54531  eV     1   --> A'             
     e( 26 - 26) =      8.96672  eV     1   --> A''            

 **************************************************************************

 **************************************************************************

                    xk=(   0.17778,   0.30792,   0.00000  )

     Band symmetry, C_s (m)     point group:

     e(  1 -  1) =    -49.35554  eV     1   --> A'             
     e(  2 -  2) =    -27.56378  eV     1   --> A''            
     e(  3 -  3) =    -27.50259  eV     1   --> A'             
     e(  4 -  4) =    -27.29100  eV     1   --> A'             
     e(  5 -  5) =    -16.95664  eV     1   --> A'             
     e(  6 -  6) =    -16.79568  eV     1   --> A''            
     e(  7 -  7) =     -6.16084  eV     1   --> A'             
     e(  8 -  8) =     -6.00893  eV     1   --> A'             
     e(  9 -  9) =     -5.71992  eV     1   --> A''            
     e( 10 - 10) =     -5.19491  eV     1   --> A''            
     e( 11 - 11) =     -4.54360  eV     1   --> A'             
     e( 12 - 12) =     -4.47254  eV     1   --> A''            
     e( 13 - 13) =     -0.50241  eV     1   --> A'             
     e( 14 - 14) =      1.44606  eV     1   --> A'             
     e( 15 - 15) =      2.59206  eV     1   --> A''            
     e( 16 - 16) =      2.91986  eV     1   --> A''            
     e( 17 - 17) =      2.92906  eV     1   --> A'             
     e( 18 - 18) =      4.83793  eV     1   --> A'             
     e( 19 - 19) =      5.19605  eV     1   --> A''            
     e( 20 - 20) =      5.34673  eV     1   --> A'             
     e( 21 - 21) =      5.96467  eV     1   --> A'             
     e( 22 - 22) =      6.62340  eV     1   --> A''            
     e( 23 - 23) =      7.42211  eV     1   --> A'             
     e( 24 - 24) =      7.92318  eV     1   --> A''            
     e( 25 - 25) =      8.39584  eV     1   --> A'             
     e( 26 - 26) =      8.81735  eV     1   --> A''            

 **************************************************************************

 **************************************************************************

                    xk=(   0.16667,   0.28868,   0.00000  )

     Band symmetry, C_s (m)     point group:

     e(  1 -  1) =    -49.35834  eV     1   --> A'             
     e(  2 -  2) =    -27.57194  eV     1   --> A''            
     e(  3 -  3) =    -27.47943  eV     1   --> A'             
     e(  4 -  4) =    -27.27839  eV     1   --> A'             
     e(  5 -  5) =    -17.00619  eV     1   --> A'             
     e(  6 -  6) =    -16.80735  eV     1   --> A''            
     e(  7 -  7) =     -6.18339  eV     1   --> A'             
     e(  8 -  8) =     -5.93979  eV     1   --> A'             
     e(  9 -  9) =     -5.62449  eV     1   --> A''            
     e( 10 - 10) =     -5.12998  eV     1   --> A''            
     e( 11 - 11) =     -4.48563  eV     1   --> A'             
     e( 12 - 12) =     -4.43731  eV     1   --> A''            
     e( 13 - 13) =     -0.50403  eV     1   --> A'             
     e( 14 - 14) =      1.39146  eV     1   --> A'             
     e( 15 - 15) =      2.51846  eV     1   --> A''            
     e( 16 - 16) =      2.74562  eV     1   --> A'             
     e( 17 - 17) =      2.88732  eV     1   --> A''            
     e( 18 - 18) =      4.65148  eV     1   --> A'             
     e( 19 - 19) =      5.01406  eV     1   --> A''            
     e( 20 - 20) =      5.16561  eV     1   --> A'             
     e( 21 - 21) =      5.87053  eV     1   --> A'             
     e( 22 - 22) =      6.45604  eV     1   --> A''            
     e( 23 - 23) =      7.35852  eV     1   --> A'             
     e( 24 - 24) =      7.95005  eV     1   --> A''            
     e( 25 - 25) =      8.23742  eV     1   --> A'             
     e( 26 - 26) =      8.68091  eV     1   --> A''            

 **************************************************************************

 **************************************************************************

                    xk=(   0.15556,   0.26943,   0.00000  )

     Band symmetry, C_s (m)     point group:

     e(  1 -  1) =    -49.36121  eV     1   --> A'             
     e(  2 -  2) =    -27.58027  eV     1   --> A''            
     e(  3 -  3) =    -27.45466  eV     1   --> A'             
     e(  4 -  4) =    -27.26654  eV     1   --> A'             
     e(  5 -  5) =    -17.05641  eV     1   --> A'             
     e(  6 -  6) =    -16.81909  eV     1   --> A''            
     e(  7 -  7) =     -6.23424  eV     1   --> A'             
     e(  8 -  8) =     -5.83430  eV     1   --> A'             
     e(  9 -  9) =     -5.53218  eV     1   --> A''            
     e( 10 - 10) =     -5.05364  eV     1   --> A''            
     e( 11 - 11) =     -4.43596  eV     1   --> A'             
     e( 12 - 12) =     -4.40395  eV     1   --> A''            
     e( 13 - 13) =     -0.49548  eV     1   --> A'             
     e( 14 - 14) =      1.34444  eV     1   --> A'             
     e( 15 - 15) =      2.44625  eV     1   --> A''            
     e( 16 - 16) =      2.56473  eV     1   --> A'             
     e( 17 - 17) =      2.85238  eV     1   --> A''            
     e( 18 - 18) =      4.47127  eV     1   --> A'             
     e( 19 - 19) =      4.84228  eV     1   --> A''            
     e( 20 - 20) =      4.98383  eV     1   --> A'             
     e( 21 - 21) =      5.75628  eV     1   --> A'             
     e( 22 - 22) =      6.29614  eV     1   --> A''            
     e( 23 - 23) =      7.31814  eV     1   --> A'             
     e( 24 - 24) =      7.92999  eV     1   --> A''            
     e( 25 - 25) =      8.08790  eV     1   --> A'             
     e( 26 - 26) =      8.58164  eV     1   --> A''            

 **************************************************************************

 **************************************************************************

                    xk=(   0.14444,   0.25019,   0.00000  )

     Band symmetry, C_s (m)     point group:

     e(  1 -  1) =    -49.36408  eV     1   --> A'             
     e(  2 -  2) =    -27.58864  eV     1   --> A''            
     e(  3 -  3) =    -27.42867  eV     1   --> A'             
     e(  4 -  4) =    -27.25549  eV     1   --> A'             
     e(  5 -  5) =    -17.10666  eV     1   --> A'             
     e(  6 -  6) =    -16.83074  eV     1   --> A''            
     e(  7 -  7) =     -6.29366  eV     1   --> A'             
     e(  8 -  8) =     -5.71272  eV     1   --> A'             
     e(  9 -  9) =     -5.44439  eV     1   --> A''            
     e( 10 - 10) =     -4.96674  eV     1   --> A''            
     e( 11 - 11) =     -4.39447  eV     1   --> A'             
     e( 12 - 12) =     -4.37219  eV     1   --> A''            
     e( 13 - 13) =     -0.47835  eV     1   --> A'             
     e( 14 - 14) =      1.30546  eV     1   --> A'             
     e( 15 - 15) =      2.37918  eV     1   --> A''            
     e( 16 - 16) =      2.39145  eV     1   --> A'             
     e( 17 - 17) =      2.81260  eV     1   --> A''            
     e( 18 - 18) =      4.29643  eV     1   --> A'             
     e( 19 - 19) =      4.68086  eV     1   --> A''            
     e( 20 - 20) =      4.80359  eV     1   --> A'             
     e( 21 - 21) =      5.62335  eV     1   --> A'             
     e( 22 - 22) =      6.14411  eV     1   --> A''            
     e( 23 - 23) =      7.28900  eV     1   --> A'             
     e( 24 - 24) =      7.83460  eV     1   --> A''            
     e( 25 - 25) =      7.96489  eV     1   --> A'             
     e( 26 - 26) =      8.53894  eV     1   --> A''            

 **************************************************************************

 **************************************************************************

                    xk=(   0.13333,   0.23094,   0.00000  )

     Band symmetry, C_s (m)     point group:

     e(  1 -  1) =    -49.36695  eV     1   --> A'             
     e(  2 -  2) =    -27.59695  eV     1   --> A''            
     e(  3 -  3) =    -27.40192  eV     1   --> A'             
     e(  4 -  4) =    -27.24526  eV     1   --> A'             
     e(  5 -  5) =    -17.15632  eV     1   --> A'             
     e(  6 -  6) =    -16.84219  eV     1   --> A''            
     e(  7 -  7) =     -6.35654  eV     1   --> A'             
     e(  8 -  8) =     -5.58085  eV     1   --> A'             
     e(  9 -  9) =     -5.36181  eV     1   --> A''            
     e( 10 - 10) =     -4.87124  eV     1   --> A''            
     e( 11 - 11) =     -4.36083  eV     1   --> A'             
     e( 12 - 12) =     -4.34166  eV     1   --> A''            
     e( 13 - 13) =     -0.45467  eV     1   --> A'             
     e( 14 - 14) =      1.27499  eV     1   --> A'             
     e( 15 - 15) =      2.22955  eV     1   --> A'             
     e( 16 - 16) =      2.31958  eV     1   --> A''            
     e( 17 - 17) =      2.76724  eV     1   --> A''            
     e( 18 - 18) =      4.12575  eV     1   --> A'             
     e( 19 - 19) =      4.52989  eV     1   --> A''            
     e( 20 - 20) =      4.62643  eV     1   --> A'             
     e( 21 - 21) =      5.47748  eV     1   --> A'             
     e( 22 - 22) =      6.00008  eV     1   --> A''            
     e( 23 - 23) =      7.25072  eV     1   --> A'             
     e( 24 - 24) =      7.67258  eV     1   --> A''            
     e( 25 - 25) =      7.88896  eV     1   --> A'             
     e( 26 - 26) =      8.53081  eV     1   --> A''            

 **************************************************************************

 **************************************************************************

                    xk=(   0.12222,   0.21170,   0.00000  )

     Band symmetry, C_s (m)     point group:

     e(  1 -  1) =    -49.36975  eV     1   --> A'             
     e(  2 -  2) =    -27.60509  eV     1   --> A''            
     e(  3 -  3) =    -27.37485  eV     1   --> A'             
     e(  4 -  4) =    -27.23586  eV     1   --> A'             
     e(  5 -  5) =    -17.20477  eV     1   --> A'             
     e(  6 -  6) =    -16.85329  eV     1   --> A''            
     e(  7 -  7) =     -6.42062  eV     1   --> A'             
     e(  8 -  8) =     -5.44170  eV     1   --> A'             
     e(  9 -  9) =     -5.28451  eV     1   --> A''            
     e( 10 - 10) =     -4.76997  eV     1   --> A''            
     e( 11 - 11) =     -4.33446  eV     1   --> A'             
     e( 12 - 12) =     -4.31194  eV     1   --> A''            
     e( 13 - 13) =     -0.42685  eV     1   --> A'             
     e( 14 - 14) =      1.25347  eV     1   --> A'             
     e( 15 - 15) =      2.08166  eV     1   --> A'             
     e( 16 - 16) =      2.26898  eV     1   --> A''            
     e( 17 - 17) =      2.71659  eV     1   --> A''            
     e( 18 - 18) =      3.95750  eV     1   --> A'             
     e( 19 - 19) =      4.38940  eV     1   --> A''            
     e( 20 - 20) =      4.45427  eV     1   --> A'             
     e( 21 - 21) =      5.32582  eV     1   --> A'             
     e( 22 - 22) =      5.86395  eV     1   --> A''            
     e( 23 - 23) =      7.18601  eV     1   --> A'             
     e( 24 - 24) =      7.47229  eV     1   --> A''            
     e( 25 - 25) =      7.87536  eV     1   --> A'             
     e( 26 - 26) =      8.51778  eV     1   --> A''            

 **************************************************************************

 **************************************************************************

                    xk=(   0.11111,   0.19245,   0.00000  )

     Band symmetry, C_s (m)     point group:

     e(  1 -  1) =    -49.37249  eV     1   --> A'             
     e(  2 -  2) =    -27.61297  eV     1   --> A''            
     e(  3 -  3) =    -27.34796  eV     1   --> A'             
     e(  4 -  4) =    -27.22730  eV     1   --> A'             
     e(  5 -  5) =    -17.25140  eV     1   --> A'             
     e(  6 -  6) =    -16.86391  eV     1   --> A''            
     e(  7 -  7) =     -6.48439  eV     1   --> A'             
     e(  8 -  8) =     -5.29783  eV     1   --> A'             
     e(  9 -  9) =     -5.21244  eV     1   --> A''            
     e( 10 - 10) =     -4.66618  eV     1   --> A''            
     e( 11 - 11) =     -4.31465  eV     1   --> A'             
     e( 12 - 12) =     -4.28257  eV     1   --> A''            
     e( 13 - 13) =     -0.39746  eV     1   --> A'             
     e( 14 - 14) =      1.24132  eV     1   --> A'             
     e( 15 - 15) =      1.94945  eV     1   --> A'             
     e( 16 - 16) =      2.22842  eV     1   --> A''            
     e( 17 - 17) =      2.66163  eV     1   --> A''            
     e( 18 - 18) =      3.78962  eV     1   --> A'             
     e( 19 - 19) =      4.25936  eV     1   --> A''            
     e( 20 - 20) =      4.28989  eV     1   --> A'             
     e( 21 - 21) =      5.17507  eV     1   --> A'             
     e( 22 - 22) =      5.73552  eV     1   --> A''            
     e( 23 - 23) =      7.09580  eV     1   --> A'             
     e( 24 - 24) =      7.25439  eV     1   --> A''            
     e( 25 - 25) =      7.92056  eV     1   --> A'             
     e( 26 - 26) =      8.48432  eV     1   --> A''            

 **************************************************************************

 **************************************************************************

                    xk=(   0.10000,   0.17321,   0.00000  )

     Band symmetry, C_s (m)     point group:

     e(  1 -  1) =    -49.37506  eV     1   --> A'             
     e(  2 -  2) =    -27.62046  eV     1   --> A''            
     e(  3 -  3) =    -27.32172  eV     1   --> A'             
     e(  4 -  4) =    -27.21958  eV     1   --> A'             
     e(  5 -  5) =    -17.29562  eV     1   --> A'             
     e(  6 -  6) =    -16.87394  eV     1   --> A''            
     e(  7 -  7) =     -6.54651  eV     1   --> A'             
     e(  8 -  8) =     -5.15180  eV     1   --> A'             
     e(  9 -  9) =     -5.14567  eV     1   --> A''            
     e( 10 - 10) =     -4.56311  eV     1   --> A''            
     e( 11 - 11) =     -4.30055  eV     1   --> A'             
     e( 12 - 12) =     -4.25313  eV     1   --> A''            
     e( 13 - 13) =     -0.36904  eV     1   --> A'             
     e( 14 - 14) =      1.23880  eV     1   --> A'             
     e( 15 - 15) =      1.83378  eV     1   --> A'             
     e( 16 - 16) =      2.19854  eV     1   --> A''            
     e( 17 - 17) =      2.60379  eV     1   --> A''            
     e( 18 - 18) =      3.62034  eV     1   --> A'             
     e( 19 - 19) =      4.13674  eV     1   --> A'             
     e( 20 - 20) =      4.13975  eV     1   --> A''            
     e( 21 - 21) =      5.03063  eV     1   --> A'             
     e( 22 - 22) =      5.61446  eV     1   --> A''            
     e( 23 - 23) =      6.99294  eV     1   --> A'             
     e( 24 - 24) =      7.03156  eV     1   --> A''            
     e( 25 - 25) =      8.00918  eV     1   --> A'             
     e( 26 - 26) =      8.43537  eV     1   --> A''            

 **************************************************************************

 **************************************************************************

                    xk=(   0.08889,   0.15396,   0.00000  )

     Band symmetry, C_s (m)     point group:

     e(  1 -  1) =    -49.37749  eV     1   --> A'             
     e(  2 -  2) =    -27.62746  eV     1   --> A''            
     e(  3 -  3) =    -27.29663  eV     1   --> A'             
     e(  4 -  4) =    -27.21269  eV     1   --> A'             
     e(  5 -  5) =    -17.33687  eV     1   --> A'             
     e(  6 -  6) =    -16.88325  eV     1   --> A''            
     e(  7 -  7) =     -6.60578  eV     1   --> A'             
     e(  8 -  8) =     -5.08454  eV     1   --> A''            
     e(  9 -  9) =     -5.00646  eV     1   --> A'             
     e( 10 - 10) =     -4.46384  eV     1   --> A''            
     e( 11 - 11) =     -4.29123  eV     1   --> A'             
     e( 12 - 12) =     -4.22333  eV     1   --> A''            
     e( 13 - 13) =     -0.34378  eV     1   --> A'             
     e( 14 - 14) =      1.24585  eV     1   --> A'             
     e( 15 - 15) =      1.73473  eV     1   --> A'             
     e( 16 - 16) =      2.17957  eV     1   --> A''            
     e( 17 - 17) =      2.54478  eV     1   --> A''            
     e( 18 - 18) =      3.44927  eV     1   --> A'             
     e( 19 - 19) =      3.99811  eV     1   --> A'             
     e( 20 - 20) =      4.03052  eV     1   --> A''            
     e( 21 - 21) =      4.89639  eV     1   --> A'             
     e( 22 - 22) =      5.50043  eV     1   --> A''            
     e( 23 - 23) =      6.81277  eV     1   --> A''            
     e( 24 - 24) =      6.88863  eV     1   --> A'             
     e( 25 - 25) =      8.12765  eV     1   --> A'             
     e( 26 - 26) =      8.37914  eV     1   --> A''            

 **************************************************************************

 **************************************************************************

                    xk=(   0.07778,   0.13472,   0.00000  )

     Band symmetry, C_s (m)     point group:

     e(  1 -  1) =    -49.37971  eV     1   --> A'             
     e(  2 -  2) =    -27.63389  eV     1   --> A''            
     e(  3 -  3) =    -27.27316  eV     1   --> A'             
     e(  4 -  4) =    -27.20664  eV     1   --> A'             
     e(  5 -  5) =    -17.37462  eV     1   --> A'             
     e(  6 -  6) =    -16.89174  eV     1   --> A''            
     e(  7 -  7) =     -6.66106  eV     1   --> A'             
     e(  8 -  8) =     -5.02958  eV     1   --> A''            
     e(  9 -  9) =     -4.86493  eV     1   --> A'             
     e( 10 - 10) =     -4.37108  eV     1   --> A''            
     e( 11 - 11) =     -4.28573  eV     1   --> A'             
     e( 12 - 12) =     -4.19313  eV     1   --> A''            
     e( 13 - 13) =     -0.32320  eV     1   --> A'             
     e( 14 - 14) =      1.26180  eV     1   --> A'             
     e( 15 - 15) =      1.65173  eV     1   --> A'             
     e( 16 - 16) =      2.17124  eV     1   --> A''            
     e( 17 - 17) =      2.48650  eV     1   --> A''            
     e( 18 - 18) =      3.27838  eV     1   --> A'             
     e( 19 - 19) =      3.87612  eV     1   --> A'             
     e( 20 - 20) =      3.93166  eV     1   --> A''            
     e( 21 - 21) =      4.77488  eV     1   --> A'             
     e( 22 - 22) =      5.39315  eV     1   --> A''            
     e( 23 - 23) =      6.60539  eV     1   --> A''            
     e( 24 - 24) =      6.78947  eV     1   --> A'             
     e( 25 - 25) =      8.26698  eV     1   --> A'             
     e( 26 - 26) =      8.32157  eV     1   --> A''            

 **************************************************************************

 **************************************************************************

                    xk=(   0.06667,   0.11547,   0.00000  )

     Band symmetry, C_s (m)     point group:

     e(  1 -  1) =    -49.38171  eV     1   --> A'             
     e(  2 -  2) =    -27.63965  eV     1   --> A''            
     e(  3 -  3) =    -27.25176  eV     1   --> A'             
     e(  4 -  4) =    -27.20142  eV     1   --> A'             
     e(  5 -  5) =    -17.40840  eV     1   --> A'             
     e(  6 -  6) =    -16.89931  eV     1   --> A''            
     e(  7 -  7) =     -6.71130  eV     1   --> A'             
     e(  8 -  8) =     -4.98138  eV     1   --> A''            
     e(  9 -  9) =     -4.73066  eV     1   --> A'             
     e( 10 - 10) =     -4.28720  eV     1   --> A''            
     e( 11 - 11) =     -4.28314  eV     1   --> A'             
     e( 12 - 12) =     -4.16280  eV     1   --> A''            
     e( 13 - 13) =     -0.30802  eV     1   --> A'             
     e( 14 - 14) =      1.28519  eV     1   --> A'             
     e( 15 - 15) =      1.58376  eV     1   --> A'             
     e( 16 - 16) =      2.17271  eV     1   --> A''            
     e( 17 - 17) =      2.43091  eV     1   --> A''            
     e( 18 - 18) =      3.11198  eV     1   --> A'             
     e( 19 - 19) =      3.77148  eV     1   --> A'             
     e( 20 - 20) =      3.84326  eV     1   --> A''            
     e( 21 - 21) =      4.66760  eV     1   --> A'             
     e( 22 - 22) =      5.29264  eV     1   --> A''            
     e( 23 - 23) =      6.41584  eV     1   --> A''            
     e( 24 - 24) =      6.69918  eV     1   --> A'             
     e( 25 - 25) =      8.26658  eV     1   --> A''            
     e( 26 - 26) =      8.42087  eV     1   --> A'             

 **************************************************************************

 **************************************************************************

                    xk=(   0.05556,   0.09623,   0.00000  )

     Band symmetry, C_s (m)     point group:

     e(  1 -  1) =    -49.38344  eV     1   --> A'             
     e(  2 -  2) =    -27.64467  eV     1   --> A''            
     e(  3 -  3) =    -27.23287  eV     1   --> A'             
     e(  4 -  4) =    -27.19703  eV     1   --> A'             
     e(  5 -  5) =    -17.43777  eV     1   --> A'             
     e(  6 -  6) =    -16.90587  eV     1   --> A''            
     e(  7 -  7) =     -6.75555  eV     1   --> A'             
     e(  8 -  8) =     -4.94040  eV     1   --> A''            
     e(  9 -  9) =     -4.60739  eV     1   --> A'             
     e( 10 - 10) =     -4.28258  eV     1   --> A'             
     e( 11 - 11) =     -4.21411  eV     1   --> A''            
     e( 12 - 12) =     -4.13311  eV     1   --> A''            
     e( 13 - 13) =     -0.29804  eV     1   --> A'             
     e( 14 - 14) =      1.31368  eV     1   --> A'             
     e( 15 - 15) =      1.52946  eV     1   --> A'             
     e( 16 - 16) =      2.18240  eV     1   --> A''            
     e( 17 - 17) =      2.37995  eV     1   --> A''            
     e( 18 - 18) =      2.95596  eV     1   --> A'             
     e( 19 - 19) =      3.68393  eV     1   --> A'             
     e( 20 - 20) =      3.76557  eV     1   --> A''            
     e( 21 - 21) =      4.57546  eV     1   --> A'             
     e( 22 - 22) =      5.19958  eV     1   --> A''            
     e( 23 - 23) =      6.24963  eV     1   --> A''            
     e( 24 - 24) =      6.61997  eV     1   --> A'             
     e( 25 - 25) =      8.21682  eV     1   --> A''            
     e( 26 - 26) =      8.58410  eV     1   --> A'             

 **************************************************************************

 **************************************************************************

                    xk=(   0.04444,   0.07698,   0.00000  )

     Band symmetry, C_s (m)     point group:

     e(  1 -  1) =    -49.38489  eV     1   --> A'             
     e(  2 -  2) =    -27.64887  eV     1   --> A''            
     e(  3 -  3) =    -27.21685  eV     1   --> A'             
     e(  4 -  4) =    -27.19344  eV     1   --> A'             
     e(  5 -  5) =    -17.46233  eV     1   --> A'             
     e(  6 -  6) =    -16.91134  eV     1   --> A''            
     e(  7 -  7) =     -6.79295  eV     1   --> A'             
     e(  8 -  8) =     -4.90696  eV     1   --> A''            
     e(  9 -  9) =     -4.49906  eV     1   --> A'             
     e( 10 - 10) =     -4.28325  eV     1   --> A'             
     e( 11 - 11) =     -4.15327  eV     1   --> A''            
     e( 12 - 12) =     -4.10521  eV     1   --> A''            
     e( 13 - 13) =     -0.29244  eV     1   --> A'             
     e( 14 - 14) =      1.34417  eV     1   --> A'             
     e( 15 - 15) =      1.48740  eV     1   --> A'             
     e( 16 - 16) =      2.19791  eV     1   --> A''            
     e( 17 - 17) =      2.33543  eV     1   --> A''            
     e( 18 - 18) =      2.81679  eV     1   --> A'             
     e( 19 - 19) =      3.61292  eV     1   --> A'             
     e( 20 - 20) =      3.69913  eV     1   --> A''            
     e( 21 - 21) =      4.49907  eV     1   --> A'             
     e( 22 - 22) =      5.11571  eV     1   --> A''            
     e( 23 - 23) =      6.11095  eV     1   --> A''            
     e( 24 - 24) =      6.55332  eV     1   --> A'             
     e( 25 - 25) =      8.17412  eV     1   --> A''            
     e( 26 - 26) =      8.75129  eV     1   --> A'             

 **************************************************************************

 **************************************************************************

                    xk=(   0.03333,   0.05774,   0.00000  )

     Band symmetry, C_s (m)     point group:

     e(  1 -  1) =    -49.38606  eV     1   --> A'             
     e(  2 -  2) =    -27.65221  eV     1   --> A''            
     e(  3 -  3) =    -27.20404  eV     1   --> A'             
     e(  4 -  4) =    -27.19066  eV     1   --> A'             
     e(  5 -  5) =    -17.48179  eV     1   --> A'             
     e(  6 -  6) =    -16.91567  eV     1   --> A''            
     e(  7 -  7) =     -6.82282  eV     1   --> A'             
     e(  8 -  8) =     -4.88114  eV     1   --> A''            
     e(  9 -  9) =     -4.40959  eV     1   --> A'             
     e( 10 - 10) =     -4.28449  eV     1   --> A'             
     e( 11 - 11) =     -4.10562  eV     1   --> A''            
     e( 12 - 12) =     -4.08071  eV     1   --> A''            
     e( 13 - 13) =     -0.28997  eV     1   --> A'             
     e( 14 - 14) =      1.37313  eV     1   --> A'             
     e( 15 - 15) =      1.45623  eV     1   --> A'             
     e( 16 - 16) =      2.21606  eV     1   --> A''            
     e( 17 - 17) =      2.29896  eV     1   --> A''            
     e( 18 - 18) =      2.70073  eV     1   --> A'             
     e( 19 - 19) =      3.55794  eV     1   --> A'             
     e( 20 - 20) =      3.64492  eV     1   --> A''            
     e( 21 - 21) =      4.43893  eV     1   --> A'             
     e( 22 - 22) =      5.04403  eV     1   --> A''            
     e( 23 - 23) =      6.00244  eV     1   --> A''            
     e( 24 - 24) =      6.50033  eV     1   --> A'             
     e( 25 - 25) =      8.13978  eV     1   --> A''            
     e( 26 - 26) =      8.91588  eV     1   --> A'             

 **************************************************************************

 **************************************************************************

                    xk=(   0.02222,   0.03849,   0.00000  )

     Band symmetry, C_s (m)     point group:

     e(  1 -  1) =    -49.38690  eV     1   --> A'             
     e(  2 -  2) =    -27.65463  eV     1   --> A''            
     e(  3 -  3) =    -27.19469  eV     1   --> A'             
     e(  4 -  4) =    -27.18869  eV     1   --> A'             
     e(  5 -  5) =    -17.49587  eV     1   --> A'             
     e(  6 -  6) =    -16.91879  eV     1   --> A''            
     e(  7 -  7) =     -6.84456  eV     1   --> A'             
     e(  8 -  8) =     -4.86285  eV     1   --> A''            
     e(  9 -  9) =     -4.34261  eV     1   --> A'             
     e( 10 - 10) =     -4.28578  eV     1   --> A'             
     e( 11 - 11) =     -4.07162  eV     1   --> A''            
     e( 12 - 12) =     -4.06138  eV     1   --> A''            
     e( 13 - 13) =     -0.28934  eV     1   --> A'             
     e( 14 - 14) =      1.39699  eV     1   --> A'             
     e( 15 - 15) =      1.43482  eV     1   --> A'             
     e( 16 - 16) =      2.23308  eV     1   --> A''            
     e( 17 - 17) =      2.27190  eV     1   --> A''            
     e( 18 - 18) =      2.61333  eV     1   --> A'             
     e( 19 - 19) =      3.51873  eV     1   --> A'             
     e( 20 - 20) =      3.60435  eV     1   --> A''            
     e( 21 - 21) =      4.39553  eV     1   --> A'             
     e( 22 - 22) =      4.98849  eV     1   --> A''            
     e( 23 - 23) =      5.92516  eV     1   --> A''            
     e( 24 - 24) =      6.46183  eV     1   --> A'             
     e( 25 - 25) =      8.11468  eV     1   --> A''            
     e( 26 - 26) =      9.06883  eV     1   --> A'             

 **************************************************************************

 **************************************************************************

                    xk=(   0.01111,   0.01925,   0.00000  )

     Band symmetry, C_s (m)     point group:

     e(  1 -  1) =    -49.38743  eV     1   --> A'             
     e(  2 -  2) =    -27.65609  eV     1   --> A''            
     e(  3 -  3) =    -27.18902  eV     1   --> A'             
     e(  4 -  4) =    -27.18750  eV     1   --> A'             
     e(  5 -  5) =    -17.50439  eV     1   --> A'             
     e(  6 -  6) =    -16.92069  eV     1   --> A''            
     e(  7 -  7) =     -6.85778  eV     1   --> A'             
     e(  8 -  8) =     -4.85197  eV     1   --> A''            
     e(  9 -  9) =     -4.30112  eV     1   --> A'             
     e( 10 - 10) =     -4.28671  eV     1   --> A'             
     e( 11 - 11) =     -4.05134  eV     1   --> A''            
     e( 12 - 12) =     -4.04892  eV     1   --> A''            
     e( 13 - 13) =     -0.28944  eV     1   --> A'             
     e( 14 - 14) =      1.41271  eV     1   --> A'             
     e( 15 - 15) =      1.42231  eV     1   --> A'             
     e( 16 - 16) =      2.24522  eV     1   --> A''            
     e( 17 - 17) =      2.25525  eV     1   --> A''            
     e( 18 - 18) =      2.55899  eV     1   --> A'             
     e( 19 - 19) =      3.49520  eV     1   --> A'             
     e( 20 - 20) =      3.57906  eV     1   --> A''            
     e( 21 - 21) =      4.36929  eV     1   --> A'             
     e( 22 - 22) =      4.95313  eV     1   --> A''            
     e( 23 - 23) =      5.87907  eV     1   --> A''            
     e( 24 - 24) =      6.43847  eV     1   --> A'             
     e( 25 - 25) =      8.09940  eV     1   --> A''            
     e( 26 - 26) =      9.19576  eV     1   --> A'             

 **************************************************************************

 **************************************************************************

                    xk=(   0.00000,   0.00000,   0.00000  )

     point group D_3h (-62m)
     there are  6 classes
     the character table:

       E     2C3   3C2   s_h   2S3   3s_v 
A'_1   1.00  1.00  1.00  1.00  1.00  1.00
A'_2   1.00  1.00 -1.00  1.00  1.00 -1.00
E'     2.00 -1.00  0.00  2.00 -1.00  0.00
A''1   1.00  1.00  1.00 -1.00 -1.00 -1.00
A''2   1.00  1.00 -1.00 -1.00 -1.00  1.00
E''    2.00 -1.00  0.00 -2.00  1.00  0.00

     the symmetry operations in each class and the name of the first element:

     E        1
                                                                 
     2C3      3    4
                                                                 
     3C2      2    6    5
                                                                 
     s_h      7
                                                                 
     2S3      9   10
                                                                 
     3s_v     8   11   12
                                                                 

     Band symmetry, D_3h (-62m) point group:

     e(  1 -  1) =    -49.38759  eV     1   --> A'_1           
     e(  2 -  2) =    -27.65659  eV     1   --> A''2           
     e(  3 -  4) =    -27.18710  eV     2   --> E'             
     e(  5 -  5) =    -17.50725  eV     1   --> A'_1           
     e(  6 -  6) =    -16.92132  eV     1   --> A''2           
     e(  7 -  7) =     -6.86221  eV     1   --> A'_1           
     e(  8 -  8) =     -4.84836  eV     1   --> A''2           
     e(  9 - 10) =     -4.28704  eV     2   --> E'             
     e( 11 - 12) =     -4.04460  eV     2   --> E''            
     e( 13 - 13) =     -0.28956  eV     1   --> A'_1           
     e( 14 - 15) =      1.41820  eV     2   --> E'             
     e( 16 - 17) =      2.24962  eV     2   --> E''            
     e( 18 - 18) =      2.54055  eV     1   --> A'_1           
     e( 19 - 19) =      3.48735  eV     1   --> A'_1           
     e( 20 - 20) =      3.57045  eV     1   --> A''2           
     e( 21 - 21) =      4.36050  eV     1   --> A'_1           
     e( 22 - 22) =      4.94098  eV     1   --> A''2           
     e( 23 - 23) =      5.86377  eV     1   --> A''2           
     e( 24 - 24) =      6.43064  eV     1   --> A'_1           
     e( 25 - 25) =      8.09427  eV     1   --> A''2           
     e( 26 - 26) =      9.25862  eV     1   -->   ?

 **************************************************************************

     BANDS        :     51.49s CPU     54.41s WALL


   This run was terminated on:  16:46:22   7Aug2026            

=------------------------------------------------------------------------------=
   JOB DONE.
=------------------------------------------------------------------------------=
