
     Program BANDS v.7.2 starts on  7Aug2026 at 16:47:13 

     This program is part of the open-source Quantum ESPRESSO suite
     for quantum simulation of materials; please cite
         "P. Giannozzi et al., J. Phys.:Condens. Matter 21 395502 (2009);
         "P. Giannozzi et al., J. Phys.:Condens. Matter 29 465901 (2017);
         "P. Giannozzi et al., J. Chem. Phys. 152 154105 (2020);
          URL http://www.quantum-espresso.org", 
     in publications or presentations arising from this work. More details at
     http://www.quantum-espresso.org/quote

     Parallel version (MPI), running on     1 processors

     MPI processes distributed on     1 nodes
     231762 MiB available memory on the printing compute node when the environment starts


     Reading xml data from directory:

     ./out/ZrF2.save/
     file Zr.pbe-spn-kjpaw_psl.1.0.0.UPF: wavefunction(s)  4S 4P renormalized
     file F.pbe-n-kjpaw_psl.1.0.0.UPF: wavefunction(s)  2S 2P renormalized

     IMPORTANT: XC functional enforced from input :
     Exchange-correlation= PBE
                           (   1   4   3   4   0   0   0)
     Any further DFT definition will be discarded
     Please, verify this is what you really want


     G-vector sticks info
     --------------------
     sticks:   dense  smooth     PW     G-vecs:    dense   smooth      PW
     Sum         595     595    187                75107    75107   12179

     Using Slab Decomposition


     Check: negative core charge=   -0.000002

     negative rho (up, down):  1.439E-03 0.000E+00
     Reading collected, re-writing distributed wavefunctions
     high-symmetry point:  0.0000 0.0000 0.0000   x coordinate   0.0000
     high-symmetry point:  0.5000 0.2887 0.0000   x coordinate   0.5774
     high-symmetry point:  0.3333 0.5774 0.0000   x coordinate   0.9107
     high-symmetry point:  0.0000 0.0000 0.0000   x coordinate   1.5774

     Plottable bands (eV) written to file bands.dat.gnu
     Bands written to file bands.dat

 **************************************************************************

                    xk=(   0.00000,   0.00000,   0.00000  )

     point group D_3h (-62m)
     there are  6 classes
     the character table:

       E     2C3   3C2   s_h   2S3   3s_v 
A'_1   1.00  1.00  1.00  1.00  1.00  1.00
A'_2   1.00  1.00 -1.00  1.00  1.00 -1.00
E'     2.00 -1.00  0.00  2.00 -1.00  0.00
A''1   1.00  1.00  1.00 -1.00 -1.00 -1.00
A''2   1.00  1.00 -1.00 -1.00 -1.00  1.00
E''    2.00 -1.00  0.00 -2.00  1.00  0.00

     the symmetry operations in each class and the name of the first element:

     E        1
                                                                 
     2C3      3    4
                                                                 
     3C2      2    6    5
                                                                 
     s_h      7
                                                                 
     2S3      9   10
                                                                 
     3s_v     8   11   12
                                                                 

     Band symmetry, D_3h (-62m) point group:

     e(  1 -  1) =    -50.18573  eV     1   --> A'_1           
     e(  2 -  2) =    -29.17559  eV     1   --> A''2           
     e(  3 -  4) =    -27.62078  eV     2   --> E'             
     e(  5 -  5) =    -26.19360  eV     1   --> A'_1           
     e(  6 -  6) =    -25.02944  eV     1   --> A''2           
     e(  7 -  7) =     -8.65803  eV     1   --> A'_1           
     e(  8 -  9) =     -7.36945  eV     2   --> E'             
     e( 10 - 11) =     -7.19120  eV     2   --> E''            
     e( 12 - 12) =     -6.98903  eV     1   --> A''2           
     e( 13 - 13) =     -1.14044  eV     1   --> A'_1           
     e( 14 - 15) =      1.12442  eV     2   --> E'             
     e( 16 - 16) =      1.17647  eV     1   --> A'_1           
     e( 17 - 18) =      3.04427  eV     2   --> E''            
     e( 19 - 19) =      3.10106  eV     1   --> A''2           
     e( 20 - 20) =      3.43457  eV     1   --> A'_1           
     e( 21 - 21) =      4.33889  eV     1   --> A'_1           
     e( 22 - 22) =      4.49156  eV     1   --> A''2           
     e( 23 - 23) =      6.37637  eV     1   --> A''2           
     e( 24 - 24) =      6.49508  eV     1   --> A'_1           
     e( 25 - 25) =      8.89537  eV     1   --> A''2           
     e( 26 - 26) =      9.76824  eV     1   --> A'_1           

 **************************************************************************

 **************************************************************************

                    xk=(   0.01667,   0.00962,   0.00000  )

     point group C_2v (mm2) 
     there are  4 classes
     the character table:

       E     C2    s_v   s_v' 
A_1    1.00  1.00  1.00  1.00
A_2    1.00  1.00 -1.00 -1.00
B_1    1.00 -1.00  1.00 -1.00
B_2    1.00 -1.00 -1.00  1.00

     the symmetry operations in each class and the name of the first element:

     E        1
                                                                 
     C2       2
                                                                 
     s_v      3
                                                                 
     s_v'     4
                                                                 

     Band symmetry, C_2v (mm2)  point group:

     e(  1 -  1) =    -50.18531  eV     1   --> A_1  D_1  S_1  
     e(  2 -  2) =    -29.17387  eV     1   --> B_2  D_4  S_4  
     e(  3 -  3) =    -27.62833  eV     1   --> A_1  D_1  S_1  
     e(  4 -  4) =    -27.62149  eV     1   --> B_1  D_3  S_3  
     e(  5 -  5) =    -26.18810  eV     1   --> A_1  D_1  S_1  
     e(  6 -  6) =    -25.03123  eV     1   --> B_2  D_4  S_4  
     e(  7 -  7) =     -8.65496  eV     1   --> A_1  D_1  S_1  
     e(  8 -  8) =     -7.37411  eV     1   --> A_1  D_1  S_1  
     e(  9 -  9) =     -7.36845  eV     1   --> B_1  D_3  S_3  
     e( 10 - 10) =     -7.19920  eV     1   --> B_2  D_4  S_4  
     e( 11 - 11) =     -7.19278  eV     1   --> A_2  D_2  S_2  
     e( 12 - 12) =     -6.98351  eV     1   --> B_2  D_4  S_4  
     e( 13 - 13) =     -1.13868  eV     1   --> A_1  D_1  S_1  
     e( 14 - 14) =      1.12297  eV     1   --> A_1  D_1  S_1  
     e( 15 - 15) =      1.13047  eV     1   --> B_1  D_3  S_3  
     e( 16 - 16) =      1.18569  eV     1   --> A_1  D_1  S_1  
     e( 17 - 17) =      2.97422  eV     1   --> B_2  D_4  S_4  
     e( 18 - 18) =      3.04618  eV     1   --> A_2  D_2  S_2  
     e( 19 - 19) =      3.16684  eV     1   --> B_2  D_4  S_4  
     e( 20 - 20) =      3.44069  eV     1   --> A_1  D_1  S_1  
     e( 21 - 21) =      4.34538  eV     1   --> A_1  D_1  S_1  
     e( 22 - 22) =      4.50268  eV     1   --> B_2  D_4  S_4  
     e( 23 - 23) =      6.38700  eV     1   --> B_2  D_4  S_4  
     e( 24 - 24) =      6.50127  eV     1   --> A_1  D_1  S_1  
     e( 25 - 25) =      8.90306  eV     1   --> B_2  D_4  S_4  
     e( 26 - 26) =      9.77422  eV     1   --> A_1  D_1  S_1  

 **************************************************************************

 **************************************************************************

                    xk=(   0.03333,   0.01925,   0.00000  )

     Band symmetry, C_2v (mm2)  point group:

     e(  1 -  1) =    -50.18405  eV     1   --> A_1  D_1  S_1  
     e(  2 -  2) =    -29.16872  eV     1   --> B_2  D_4  S_4  
     e(  3 -  3) =    -27.65057  eV     1   --> A_1  D_1  S_1  
     e(  4 -  4) =    -27.62361  eV     1   --> B_1  D_3  S_3  
     e(  5 -  5) =    -26.17198  eV     1   --> A_1  D_1  S_1  
     e(  6 -  6) =    -25.03660  eV     1   --> B_2  D_4  S_4  
     e(  7 -  7) =     -8.64584  eV     1   --> A_1  D_1  S_1  
     e(  8 -  8) =     -7.38795  eV     1   --> A_1  D_1  S_1  
     e(  9 -  9) =     -7.36550  eV     1   --> B_1  D_3  S_3  
     e( 10 - 10) =     -7.22090  eV     1   --> B_2  D_4  S_4  
     e( 11 - 11) =     -7.19755  eV     1   --> A_2  D_2  S_2  
     e( 12 - 12) =     -6.96934  eV     1   --> B_2  D_4  S_4  
     e( 13 - 13) =     -1.13365  eV     1   --> A_1  D_1  S_1  
     e( 14 - 14) =      1.11957  eV     1   --> A_1  D_1  S_1  
     e( 15 - 15) =      1.14857  eV     1   --> B_1  D_3  S_3  
     e( 16 - 16) =      1.21266  eV     1   --> A_1  D_1  S_1  
     e( 17 - 17) =      2.87843  eV     1   --> B_2  D_4  S_4  
     e( 18 - 18) =      3.05185  eV     1   --> A_2  D_2  S_2  
     e( 19 - 19) =      3.25066  eV     1   --> B_2  D_4  S_4  
     e( 20 - 20) =      3.45900  eV     1   --> A_1  D_1  S_1  
     e( 21 - 21) =      4.36483  eV     1   --> A_1  D_1  S_1  
     e( 22 - 22) =      4.53531  eV     1   --> B_2  D_4  S_4  
     e( 23 - 23) =      6.41867  eV     1   --> B_2  D_4  S_4  
     e( 24 - 24) =      6.51979  eV     1   --> A_1  D_1  S_1  
     e( 25 - 25) =      8.92611  eV     1   --> B_2  D_4  S_4  
     e( 26 - 26) =      9.79207  eV     1   --> A_1  D_1  S_1  

 **************************************************************************

 **************************************************************************

                    xk=(   0.05000,   0.02887,   0.00000  )

     Band symmetry, C_2v (mm2)  point group:

     e(  1 -  1) =    -50.18196  eV     1   --> A_1  D_1  S_1  
     e(  2 -  2) =    -29.16016  eV     1   --> B_2  D_4  S_4  
     e(  3 -  3) =    -27.68630  eV     1   --> A_1  D_1  S_1  
     e(  4 -  4) =    -27.62711  eV     1   --> B_1  D_3  S_3  
     e(  5 -  5) =    -26.14635  eV     1   --> A_1  D_1  S_1  
     e(  6 -  6) =    -25.04551  eV     1   --> B_2  D_4  S_4  
     e(  7 -  7) =     -8.63091  eV     1   --> A_1  D_1  S_1  
     e(  8 -  8) =     -7.41045  eV     1   --> A_1  D_1  S_1  
     e(  9 -  9) =     -7.36063  eV     1   --> B_1  D_3  S_3  
     e( 10 - 10) =     -7.25182  eV     1   --> B_2  D_4  S_4  
     e( 11 - 11) =     -7.20542  eV     1   --> A_2  D_2  S_2  
     e( 12 - 12) =     -6.95090  eV     1   --> B_2  D_4  S_4  
     e( 13 - 13) =     -1.12599  eV     1   --> A_1  D_1  S_1  
     e( 14 - 14) =      1.11566  eV     1   --> A_1  D_1  S_1  
     e( 15 - 15) =      1.17877  eV     1   --> B_1  D_3  S_3  
     e( 16 - 16) =      1.25676  eV     1   --> A_1  D_1  S_1  
     e( 17 - 17) =      2.77892  eV     1   --> B_2  D_4  S_4  
     e( 18 - 18) =      3.06120  eV     1   --> A_2  D_2  S_2  
     e( 19 - 19) =      3.33308  eV     1   --> B_2  D_4  S_4  
     e( 20 - 20) =      3.48948  eV     1   --> A_1  D_1  S_1  
     e( 21 - 21) =      4.39710  eV     1   --> A_1  D_1  S_1  
     e( 22 - 22) =      4.58741  eV     1   --> B_2  D_4  S_4  
     e( 23 - 23) =      6.47078  eV     1   --> B_2  D_4  S_4  
     e( 24 - 24) =      6.55052  eV     1   --> A_1  D_1  S_1  
     e( 25 - 25) =      8.96449  eV     1   --> B_2  D_4  S_4  
     e( 26 - 26) =      9.82162  eV     1   --> A_1  D_1  S_1  

 **************************************************************************

 **************************************************************************

                    xk=(   0.06667,   0.03849,   0.00000  )

     Band symmetry, C_2v (mm2)  point group:

     e(  1 -  1) =    -50.17906  eV     1   --> A_1  D_1  S_1  
     e(  2 -  2) =    -29.14823  eV     1   --> B_2  D_4  S_4  
     e(  3 -  3) =    -27.73385  eV     1   --> A_1  D_1  S_1  
     e(  4 -  4) =    -27.63196  eV     1   --> B_1  D_3  S_3  
     e(  5 -  5) =    -26.11276  eV     1   --> A_1  D_1  S_1  
     e(  6 -  6) =    -25.05792  eV     1   --> B_2  D_4  S_4  
     e(  7 -  7) =     -8.61060  eV     1   --> A_1  D_1  S_1  
     e(  8 -  8) =     -7.44093  eV     1   --> A_1  D_1  S_1  
     e(  9 -  9) =     -7.35396  eV     1   --> B_1  D_3  S_3  
     e( 10 - 10) =     -7.28844  eV     1   --> B_2  D_4  S_4  
     e( 11 - 11) =     -7.21626  eV     1   --> A_2  D_2  S_2  
     e( 12 - 12) =     -6.93162  eV     1   --> B_2  D_4  S_4  
     e( 13 - 13) =     -1.11677  eV     1   --> A_1  D_1  S_1  
     e( 14 - 14) =      1.11252  eV     1   --> A_1  D_1  S_1  
     e( 15 - 15) =      1.22103  eV     1   --> B_1  D_3  S_3  
     e( 16 - 16) =      1.31792  eV     1   --> A_1  D_1  S_1  
     e( 17 - 17) =      2.67839  eV     1   --> B_2  D_4  S_4  
     e( 18 - 18) =      3.07411  eV     1   --> A_2  D_2  S_2  
     e( 19 - 19) =      3.41485  eV     1   --> B_2  D_4  S_4  
     e( 20 - 20) =      3.53203  eV     1   --> A_1  D_1  S_1  
     e( 21 - 21) =      4.44200  eV     1   --> A_1  D_1  S_1  
     e( 22 - 22) =      4.65629  eV     1   --> B_2  D_4  S_4  
     e( 23 - 23) =      6.54234  eV     1   --> B_2  D_4  S_4  
     e( 24 - 24) =      6.59327  eV     1   --> A_1  D_1  S_1  
     e( 25 - 25) =      9.01814  eV     1   --> B_2  D_4  S_4  
     e( 26 - 26) =      9.86253  eV     1   --> A_1  D_1  S_1  

 **************************************************************************

 **************************************************************************

                    xk=(   0.08333,   0.04811,   0.00000  )

     Band symmetry, C_2v (mm2)  point group:

     e(  1 -  1) =    -50.17539  eV     1   --> A_1  D_1  S_1  
     e(  2 -  2) =    -29.13301  eV     1   --> B_2  D_4  S_4  
     e(  3 -  3) =    -27.79137  eV     1   --> A_1  D_1  S_1  
     e(  4 -  4) =    -27.63808  eV     1   --> B_1  D_3  S_3  
     e(  5 -  5) =    -26.07291  eV     1   --> A_1  D_1  S_1  
     e(  6 -  6) =    -25.07376  eV     1   --> B_2  D_4  S_4  
     e(  7 -  7) =     -8.58550  eV     1   --> A_1  D_1  S_1  
     e(  8 -  8) =     -7.47847  eV     1   --> A_1  D_1  S_1  
     e(  9 -  9) =     -7.34559  eV     1   --> B_1  D_3  S_3  
     e( 10 - 10) =     -7.32873  eV     1   --> B_2  D_4  S_4  
     e( 11 - 11) =     -7.22994  eV     1   --> A_2  D_2  S_2  
     e( 12 - 12) =     -6.91357  eV     1   --> B_2  D_4  S_4  
     e( 13 - 13) =     -1.10724  eV     1   --> A_1  D_1  S_1  
     e( 14 - 14) =      1.11164  eV     1   --> A_1  D_1  S_1  
     e( 15 - 15) =      1.27533  eV     1   --> B_1  D_3  S_3  
     e( 16 - 16) =      1.39609  eV     1   --> A_1  D_1  S_1  
     e( 17 - 17) =      2.57888  eV     1   --> B_2  D_4  S_4  
     e( 18 - 18) =      3.09038  eV     1   --> A_2  D_2  S_2  
     e( 19 - 19) =      3.49779  eV     1   --> B_2  D_4  S_4  
     e( 20 - 20) =      3.58656  eV     1   --> A_1  D_1  S_1  
     e( 21 - 21) =      4.49928  eV     1   --> A_1  D_1  S_1  
     e( 22 - 22) =      4.73910  eV     1   --> B_2  D_4  S_4  
     e( 23 - 23) =      6.63199  eV     1   --> B_2  D_4  S_4  
     e( 24 - 24) =      6.64779  eV     1   --> A_1  D_1  S_1  
     e( 25 - 25) =      9.08693  eV     1   --> B_2  D_4  S_4  
     e( 26 - 26) =      9.91439  eV     1   --> A_1  D_1  S_1  

 **************************************************************************

 **************************************************************************

                    xk=(   0.10000,   0.05774,   0.00000  )

     Band symmetry, C_2v (mm2)  point group:

     e(  1 -  1) =    -50.17098  eV     1   --> A_1  D_1  S_1  
     e(  2 -  2) =    -29.11458  eV     1   --> B_2  D_4  S_4  
     e(  3 -  3) =    -27.85693  eV     1   --> A_1  D_1  S_1  
     e(  4 -  4) =    -27.64541  eV     1   --> B_1  D_3  S_3  
     e(  5 -  5) =    -26.02847  eV     1   --> A_1  D_1  S_1  
     e(  6 -  6) =    -25.09292  eV     1   --> B_2  D_4  S_4  
     e(  7 -  7) =     -8.55636  eV     1   --> A_1  D_1  S_1  
     e(  8 -  8) =     -7.52182  eV     1   --> A_1  D_1  S_1  
     e(  9 -  9) =     -7.37132  eV     1   --> B_2  D_4  S_4  
     e( 10 - 10) =     -7.33569  eV     1   --> B_1  D_3  S_3  
     e( 11 - 11) =     -7.24624  eV     1   --> A_2  D_2  S_2  
     e( 12 - 12) =     -6.89785  eV     1   --> B_2  D_4  S_4  
     e( 13 - 13) =     -1.09878  eV     1   --> A_1  D_1  S_1  
     e( 14 - 14) =      1.11489  eV     1   --> A_1  D_1  S_1  
     e( 15 - 15) =      1.34165  eV     1   --> B_1  D_3  S_3  
     e( 16 - 16) =      1.49114  eV     1   --> A_1  D_1  S_1  
     e( 17 - 17) =      2.48222  eV     1   --> B_2  D_4  S_4  
     e( 18 - 18) =      3.10973  eV     1   --> A_2  D_2  S_2  
     e( 19 - 19) =      3.58377  eV     1   --> B_2  D_4  S_4  
     e( 20 - 20) =      3.65299  eV     1   --> A_1  D_1  S_1  
     e( 21 - 21) =      4.56865  eV     1   --> A_1  D_1  S_1  
     e( 22 - 22) =      4.83343  eV     1   --> B_2  D_4  S_4  
     e( 23 - 23) =      6.71380  eV     1   --> A_1  D_1  S_1  
     e( 24 - 24) =      6.73813  eV     1   --> B_2  D_4  S_4  
     e( 25 - 25) =      9.17067  eV     1   --> B_2  D_4  S_4  
     e( 26 - 26) =      9.97671  eV     1   --> A_1  D_1  S_1  

 **************************************************************************

 **************************************************************************

                    xk=(   0.11667,   0.06736,   0.00000  )

     Band symmetry, C_2v (mm2)  point group:

     e(  1 -  1) =    -50.16588  eV     1   --> A_1  D_1  S_1  
     e(  2 -  2) =    -29.09305  eV     1   --> B_2  D_4  S_4  
     e(  3 -  3) =    -27.92884  eV     1   --> A_1  D_1  S_1  
     e(  4 -  4) =    -27.65388  eV     1   --> B_1  D_3  S_3  
     e(  5 -  5) =    -25.98091  eV     1   --> A_1  D_1  S_1  
     e(  6 -  6) =    -25.11532  eV     1   --> B_2  D_4  S_4  
     e(  7 -  7) =     -8.52412  eV     1   --> A_1  D_1  S_1  
     e(  8 -  8) =     -7.56970  eV     1   --> A_1  D_1  S_1  
     e(  9 -  9) =     -7.41546  eV     1   --> B_2  D_4  S_4  
     e( 10 - 10) =     -7.32447  eV     1   --> B_1  D_3  S_3  
     e( 11 - 11) =     -7.26503  eV     1   --> A_2  D_2  S_2  
     e( 12 - 12) =     -6.88516  eV     1   --> B_2  D_4  S_4  
     e( 13 - 13) =     -1.09270  eV     1   --> A_1  D_1  S_1  
     e( 14 - 14) =      1.12402  eV     1   --> A_1  D_1  S_1  
     e( 15 - 15) =      1.41987  eV     1   --> B_1  D_3  S_3  
     e( 16 - 16) =      1.60274  eV     1   --> A_1  D_1  S_1  
     e( 17 - 17) =      2.38997  eV     1   --> B_2  D_4  S_4  
     e( 18 - 18) =      3.13188  eV     1   --> A_2  D_2  S_2  
     e( 19 - 19) =      3.67448  eV     1   --> B_2  D_4  S_4  
     e( 20 - 20) =      3.73121  eV     1   --> A_1  D_1  S_1  
     e( 21 - 21) =      4.64983  eV     1   --> A_1  D_1  S_1  
     e( 22 - 22) =      4.93744  eV     1   --> B_2  D_4  S_4  
     e( 23 - 23) =      6.79096  eV     1   --> A_1  D_1  S_1  
     e( 24 - 24) =      6.85898  eV     1   --> B_2  D_4  S_4  
     e( 25 - 25) =      9.26909  eV     1   --> B_2  D_4  S_4  
     e( 26 - 26) =     10.04891  eV     1   --> A_1  D_1  S_1  

 **************************************************************************

 **************************************************************************

                    xk=(   0.13333,   0.07698,   0.00000  )

     Band symmetry, C_2v (mm2)  point group:

     e(  1 -  1) =    -50.16014  eV     1   --> A_1  D_1  S_1  
     e(  2 -  2) =    -29.06856  eV     1   --> B_2  D_4  S_4  
     e(  3 -  3) =    -28.00554  eV     1   --> A_1  D_1  S_1  
     e(  4 -  4) =    -27.66337  eV     1   --> B_1  D_3  S_3  
     e(  5 -  5) =    -25.93149  eV     1   --> A_1  D_1  S_1  
     e(  6 -  6) =    -25.14079  eV     1   --> B_2  D_4  S_4  
     e(  7 -  7) =     -8.48992  eV     1   --> A_1  D_1  S_1  
     e(  8 -  8) =     -7.62061  eV     1   --> A_1  D_1  S_1  
     e(  9 -  9) =     -7.46049  eV     1   --> B_2  D_4  S_4  
     e( 10 - 10) =     -7.31210  eV     1   --> B_1  D_3  S_3  
     e( 11 - 11) =     -7.28602  eV     1   --> A_2  D_2  S_2  
     e( 12 - 12) =     -6.87588  eV     1   --> B_2  D_4  S_4  
     e( 13 - 13) =     -1.09010  eV     1   --> A_1  D_1  S_1  
     e( 14 - 14) =      1.14082  eV     1   --> A_1  D_1  S_1  
     e( 15 - 15) =      1.50990  eV     1   --> B_1  D_3  S_3  
     e( 16 - 16) =      1.73045  eV     1   --> A_1  D_1  S_1  
     e( 17 - 17) =      2.30338  eV     1   --> B_2  D_4  S_4  
     e( 18 - 18) =      3.15653  eV     1   --> A_2  D_2  S_2  
     e( 19 - 19) =      3.77129  eV     1   --> B_2  D_4  S_4  
     e( 20 - 20) =      3.82114  eV     1   --> A_1  D_1  S_1  
     e( 21 - 21) =      4.74252  eV     1   --> A_1  D_1  S_1  
     e( 22 - 22) =      5.04993  eV     1   --> B_2  D_4  S_4  
     e( 23 - 23) =      6.87895  eV     1   --> A_1  D_1  S_1  
     e( 24 - 24) =      6.99273  eV     1   --> B_2  D_4  S_4  
     e( 25 - 25) =      9.38179  eV     1   --> B_2  D_4  S_4  
     e( 26 - 26) =     10.13039  eV     1   --> A_1  D_1  S_1  

 **************************************************************************

 **************************************************************************

                    xk=(   0.15000,   0.08660,   0.00000  )

     Band symmetry, C_2v (mm2)  point group:

     e(  1 -  1) =    -50.15383  eV     1   --> A_1  D_1  S_1  
     e(  2 -  2) =    -29.04125  eV     1   --> B_2  D_4  S_4  
     e(  3 -  3) =    -28.08567  eV     1   --> A_1  D_1  S_1  
     e(  4 -  4) =    -27.67377  eV     1   --> B_1  D_3  S_3  
     e(  5 -  5) =    -25.88125  eV     1   --> A_1  D_1  S_1  
     e(  6 -  6) =    -25.16919  eV     1   --> B_2  D_4  S_4  
     e(  7 -  7) =     -8.45513  eV     1   --> A_1  D_1  S_1  
     e(  8 -  8) =     -7.67287  eV     1   --> A_1  D_1  S_1  
     e(  9 -  9) =     -7.50600  eV     1   --> B_2  D_4  S_4  
     e( 10 - 10) =     -7.30893  eV     1   --> A_2  D_2  S_2  
     e( 11 - 11) =     -7.29882  eV     1   --> B_1  D_3  S_3  
     e( 12 - 12) =     -6.87012  eV     1   --> B_2  D_4  S_4  
     e( 13 - 13) =     -1.09175  eV     1   --> A_1  D_1  S_1  
     e( 14 - 14) =      1.16677  eV     1   --> A_1  D_1  S_1  
     e( 15 - 15) =      1.61158  eV     1   --> B_1  D_3  S_3  
     e( 16 - 16) =      1.87368  eV     1   --> A_1  D_1  S_1  
     e( 17 - 17) =      2.22345  eV     1   --> B_2  D_4  S_4  
     e( 18 - 18) =      3.18330  eV     1   --> A_2  D_2  S_2  
     e( 19 - 19) =      3.87527  eV     1   --> B_2  D_4  S_4  
     e( 20 - 20) =      3.92272  eV     1   --> A_1  D_1  S_1  
     e( 21 - 21) =      4.84644  eV     1   --> A_1  D_1  S_1  
     e( 22 - 22) =      5.17026  eV     1   --> B_2  D_4  S_4  
     e( 23 - 23) =      6.97742  eV     1   --> A_1  D_1  S_1  
     e( 24 - 24) =      7.13765  eV     1   --> B_2  D_4  S_4  
     e( 25 - 25) =      9.50824  eV     1   --> B_2  D_4  S_4  
     e( 26 - 26) =     10.22049  eV     1   --> A_1  D_1  S_1  

 **************************************************************************

 **************************************************************************

                    xk=(   0.16667,   0.09623,   0.00000  )

     Band symmetry, C_2v (mm2)  point group:

     e(  1 -  1) =    -50.14700  eV     1   --> A_1  D_1  S_1  
     e(  2 -  2) =    -29.01130  eV     1   --> B_2  D_4  S_4  
     e(  3 -  3) =    -28.16807  eV     1   --> A_1  D_1  S_1  
     e(  4 -  4) =    -27.68498  eV     1   --> B_1  D_3  S_3  
     e(  5 -  5) =    -25.83098  eV     1   --> A_1  D_1  S_1  
     e(  6 -  6) =    -25.20033  eV     1   --> B_2  D_4  S_4  
     e(  7 -  7) =     -8.42140  eV     1   --> A_1  D_1  S_1  
     e(  8 -  8) =     -7.72458  eV     1   --> A_1  D_1  S_1  
     e(  9 -  9) =     -7.55167  eV     1   --> B_2  D_4  S_4  
     e( 10 - 10) =     -7.33349  eV     1   --> A_2  D_2  S_2  
     e( 11 - 11) =     -7.28485  eV     1   --> B_1  D_3  S_3  
     e( 12 - 12) =     -6.86788  eV     1   --> B_2  D_4  S_4  
     e( 13 - 13) =     -1.09802  eV     1   --> A_1  D_1  S_1  
     e( 14 - 14) =      1.20298  eV     1   --> A_1  D_1  S_1  
     e( 15 - 15) =      1.72468  eV     1   --> B_1  D_3  S_3  
     e( 16 - 16) =      2.03172  eV     1   --> A_1  D_1  S_1  
     e( 17 - 17) =      2.15083  eV     1   --> B_2  D_4  S_4  
     e( 18 - 18) =      3.21182  eV     1   --> A_2  D_2  S_2  
     e( 19 - 19) =      3.98724  eV     1   --> B_2  D_4  S_4  
     e( 20 - 20) =      4.03588  eV     1   --> A_1  D_1  S_1  
     e( 21 - 21) =      4.96132  eV     1   --> A_1  D_1  S_1  
     e( 22 - 22) =      5.29819  eV     1   --> B_2  D_4  S_4  
     e( 23 - 23) =      7.08604  eV     1   --> A_1  D_1  S_1  
     e( 24 - 24) =      7.29217  eV     1   --> B_2  D_4  S_4  
     e( 25 - 25) =      9.64779  eV     1   --> B_2  D_4  S_4  
     e( 26 - 26) =     10.31854  eV     1   --> A_1  D_1  S_1  

 **************************************************************************

 **************************************************************************

                    xk=(   0.18333,   0.10585,   0.00000  )

     Band symmetry, C_2v (mm2)  point group:

     e(  1 -  1) =    -50.13973  eV     1   --> A_1  D_1  S_1  
     e(  2 -  2) =    -28.97891  eV     1   --> B_2  D_4  S_4  
     e(  3 -  3) =    -28.25169  eV     1   --> A_1  D_1  S_1  
     e(  4 -  4) =    -27.69684  eV     1   --> B_1  D_3  S_3  
     e(  5 -  5) =    -25.78134  eV     1   --> A_1  D_1  S_1  
     e(  6 -  6) =    -25.23399  eV     1   --> B_2  D_4  S_4  
     e(  7 -  7) =     -8.39070  eV     1   --> A_1  D_1  S_1  
     e(  8 -  8) =     -7.77362  eV     1   --> A_1  D_1  S_1  
     e(  9 -  9) =     -7.59719  eV     1   --> B_2  D_4  S_4  
     e( 10 - 10) =     -7.35936  eV     1   --> A_2  D_2  S_2  
     e( 11 - 11) =     -7.27040  eV     1   --> B_1  D_3  S_3  
     e( 12 - 12) =     -6.86901  eV     1   --> B_2  D_4  S_4  
     e( 13 - 13) =     -1.10886  eV     1   --> A_1  D_1  S_1  
     e( 14 - 14) =      1.25016  eV     1   --> A_1  D_1  S_1  
     e( 15 - 15) =      1.84891  eV     1   --> B_1  D_3  S_3  
     e( 16 - 16) =      2.08594  eV     1   --> B_2  D_4  S_4  
     e( 17 - 17) =      2.20380  eV     1   --> A_1  D_1  S_1  
     e( 18 - 18) =      3.24172  eV     1   --> A_2  D_2  S_2  
     e( 19 - 19) =      4.10781  eV     1   --> B_2  D_4  S_4  
     e( 20 - 20) =      4.16055  eV     1   --> A_1  D_1  S_1  
     e( 21 - 21) =      5.08689  eV     1   --> A_1  D_1  S_1  
     e( 22 - 22) =      5.43373  eV     1   --> B_2  D_4  S_4  
     e( 23 - 23) =      7.20450  eV     1   --> A_1  D_1  S_1  
     e( 24 - 24) =      7.45499  eV     1   --> B_2  D_4  S_4  
     e( 25 - 25) =      9.79965  eV     1   --> B_2  D_4  S_4  
     e( 26 - 26) =     10.42381  eV     1   --> A_1  D_1  S_1  

 **************************************************************************

 **************************************************************************

                    xk=(   0.20000,   0.11547,   0.00000  )

     Band symmetry, C_2v (mm2)  point group:

     e(  1 -  1) =    -50.13211  eV     1   --> A_1  D_1  S_1  
     e(  2 -  2) =    -28.94430  eV     1   --> B_2  D_4  S_4  
     e(  3 -  3) =    -28.33565  eV     1   --> A_1  D_1  S_1  
     e(  4 -  4) =    -27.70925  eV     1   --> B_1  D_3  S_3  
     e(  5 -  5) =    -25.73286  eV     1   --> A_1  D_1  S_1  
     e(  6 -  6) =    -25.26995  eV     1   --> B_2  D_4  S_4  
     e(  7 -  7) =     -8.36539  eV     1   --> A_1  D_1  S_1  
     e(  8 -  8) =     -7.81759  eV     1   --> A_1  D_1  S_1  
     e(  9 -  9) =     -7.64234  eV     1   --> B_2  D_4  S_4  
     e( 10 - 10) =     -7.38629  eV     1   --> A_2  D_2  S_2  
     e( 11 - 11) =     -7.25571  eV     1   --> B_1  D_3  S_3  
     e( 12 - 12) =     -6.87330  eV     1   --> B_2  D_4  S_4  
     e( 13 - 13) =     -1.12385  eV     1   --> A_1  D_1  S_1  
     e( 14 - 14) =      1.30848  eV     1   --> A_1  D_1  S_1  
     e( 15 - 15) =      1.98379  eV     1   --> B_1  D_3  S_3  
     e( 16 - 16) =      2.02893  eV     1   --> B_2  D_4  S_4  
     e( 17 - 17) =      2.38911  eV     1   --> A_1  D_1  S_1  
     e( 18 - 18) =      3.27259  eV     1   --> A_2  D_2  S_2  
     e( 19 - 19) =      4.23744  eV     1   --> B_2  D_4  S_4  
     e( 20 - 20) =      4.29669  eV     1   --> A_1  D_1  S_1  
     e( 21 - 21) =      5.22290  eV     1   --> A_1  D_1  S_1  
     e( 22 - 22) =      5.57706  eV     1   --> B_2  D_4  S_4  
     e( 23 - 23) =      7.33247  eV     1   --> A_1  D_1  S_1  
     e( 24 - 24) =      7.62505  eV     1   --> B_2  D_4  S_4  
     e( 25 - 25) =      9.96292  eV     1   --> B_2  D_4  S_4  
     e( 26 - 26) =     10.53550  eV     1   --> A_1  D_1  S_1  

 **************************************************************************

 **************************************************************************

                    xk=(   0.21667,   0.12509,   0.00000  )

     Band symmetry, C_2v (mm2)  point group:

     e(  1 -  1) =    -50.12420  eV     1   --> A_1  D_1  S_1  
     e(  2 -  2) =    -28.90773  eV     1   --> B_2  D_4  S_4  
     e(  3 -  3) =    -28.41912  eV     1   --> A_1  D_1  S_1  
     e(  4 -  4) =    -27.72204  eV     1   --> B_1  D_3  S_3  
     e(  5 -  5) =    -25.68594  eV     1   --> A_1  D_1  S_1  
     e(  6 -  6) =    -25.30792  eV     1   --> B_2  D_4  S_4  
     e(  7 -  7) =     -8.34808  eV     1   --> A_1  D_1  S_1  
     e(  8 -  8) =     -7.85383  eV     1   --> A_1  D_1  S_1  
     e(  9 -  9) =     -7.68688  eV     1   --> B_2  D_4  S_4  
     e( 10 - 10) =     -7.41392  eV     1   --> A_2  D_2  S_2  
     e( 11 - 11) =     -7.24096  eV     1   --> B_1  D_3  S_3  
     e( 12 - 12) =     -6.88042  eV     1   --> B_2  D_4  S_4  
     e( 13 - 13) =     -1.14227  eV     1   --> A_1  D_1  S_1  
     e( 14 - 14) =      1.37774  eV     1   --> A_1  D_1  S_1  
     e( 15 - 15) =      1.97974  eV     1   --> B_2  D_4  S_4  
     e( 16 - 16) =      2.12884  eV     1   --> B_1  D_3  S_3  
     e( 17 - 17) =      2.58683  eV     1   --> A_1  D_1  S_1  
     e( 18 - 18) =      3.30404  eV     1   --> A_2  D_2  S_2  
     e( 19 - 19) =      4.37647  eV     1   --> B_2  D_4  S_4  
     e( 20 - 20) =      4.44422  eV     1   --> A_1  D_1  S_1  
     e( 21 - 21) =      5.36908  eV     1   --> A_1  D_1  S_1  
     e( 22 - 22) =      5.72846  eV     1   --> B_2  D_4  S_4  
     e( 23 - 23) =      7.46965  eV     1   --> A_1  D_1  S_1  
     e( 24 - 24) =      7.80158  eV     1   --> B_2  D_4  S_4  
     e( 25 - 25) =     10.13660  eV     1   --> B_2  D_4  S_4  
     e( 26 - 26) =     10.65271  eV     1   --> A_1  D_1  S_1  

 **************************************************************************

 **************************************************************************

                    xk=(   0.23333,   0.13472,   0.00000  )

     Band symmetry, C_2v (mm2)  point group:

     e(  1 -  1) =    -50.11610  eV     1   --> A_1  D_1  S_1  
     e(  2 -  2) =    -28.86947  eV     1   --> B_2  D_4  S_4  
     e(  3 -  3) =    -28.50138  eV     1   --> A_1  D_1  S_1  
     e(  4 -  4) =    -27.73508  eV     1   --> B_1  D_3  S_3  
     e(  5 -  5) =    -25.64089  eV     1   --> A_1  D_1  S_1  
     e(  6 -  6) =    -25.34761  eV     1   --> B_2  D_4  S_4  
     e(  7 -  7) =     -8.34111  eV     1   --> A_1  D_1  S_1  
     e(  8 -  8) =     -7.88001  eV     1   --> A_1  D_1  S_1  
     e(  9 -  9) =     -7.73061  eV     1   --> B_2  D_4  S_4  
     e( 10 - 10) =     -7.44194  eV     1   --> A_2  D_2  S_2  
     e( 11 - 11) =     -7.22635  eV     1   --> B_1  D_3  S_3  
     e( 12 - 12) =     -6.89000  eV     1   --> B_2  D_4  S_4  
     e( 13 - 13) =     -1.16326  eV     1   --> A_1  D_1  S_1  
     e( 14 - 14) =      1.45734  eV     1   --> A_1  D_1  S_1  
     e( 15 - 15) =      1.93812  eV     1   --> B_2  D_4  S_4  
     e( 16 - 16) =      2.28338  eV     1   --> B_1  D_3  S_3  
     e( 17 - 17) =      2.79619  eV     1   --> A_1  D_1  S_1  
     e( 18 - 18) =      3.33572  eV     1   --> A_2  D_2  S_2  
     e( 19 - 19) =      4.52514  eV     1   --> B_2  D_4  S_4  
     e( 20 - 20) =      4.60309  eV     1   --> A_1  D_1  S_1  
     e( 21 - 21) =      5.52517  eV     1   --> A_1  D_1  S_1  
     e( 22 - 22) =      5.88820  eV     1   --> B_2  D_4  S_4  
     e( 23 - 23) =      7.61575  eV     1   --> A_1  D_1  S_1  
     e( 24 - 24) =      7.98402  eV     1   --> B_2  D_4  S_4  
     e( 25 - 25) =     10.31963  eV     1   --> B_2  D_4  S_4  
     e( 26 - 26) =     10.77432  eV     1   --> A_1  D_1  S_1  

 **************************************************************************

 **************************************************************************

                    xk=(   0.25000,   0.14434,   0.00000  )

     Band symmetry, C_2v (mm2)  point group:

     e(  1 -  1) =    -50.10789  eV     1   --> A_1  D_1  S_1  
     e(  2 -  2) =    -28.82986  eV     1   --> B_2  D_4  S_4  
     e(  3 -  3) =    -28.58177  eV     1   --> A_1  D_1  S_1  
     e(  4 -  4) =    -27.74823  eV     1   --> B_1  D_3  S_3  
     e(  5 -  5) =    -25.59796  eV     1   --> A_1  D_1  S_1  
     e(  6 -  6) =    -25.38870  eV     1   --> B_2  D_4  S_4  
     e(  7 -  7) =     -8.34563  eV     1   --> A_1  D_1  S_1  
     e(  8 -  8) =     -7.89504  eV     1   --> A_1  D_1  S_1  
     e(  9 -  9) =     -7.77330  eV     1   --> B_2  D_4  S_4  
     e( 10 - 10) =     -7.47003  eV     1   --> A_2  D_2  S_2  
     e( 11 - 11) =     -7.21208  eV     1   --> B_1  D_3  S_3  
     e( 12 - 12) =     -6.90159  eV     1   --> B_2  D_4  S_4  
     e( 13 - 13) =     -1.18586  eV     1   --> A_1  D_1  S_1  
     e( 14 - 14) =      1.54633  eV     1   --> A_1  D_1  S_1  
     e( 15 - 15) =      1.90364  eV     1   --> B_2  D_4  S_4  
     e( 16 - 16) =      2.44654  eV     1   --> B_1  D_3  S_3  
     e( 17 - 17) =      3.01648  eV     1   --> A_1  D_1  S_1  
     e( 18 - 18) =      3.36724  eV     1   --> A_2  D_2  S_2  
     e( 19 - 19) =      4.68362  eV     1   --> B_2  D_4  S_4  
     e( 20 - 20) =      4.77323  eV     1   --> A_1  D_1  S_1  
     e( 21 - 21) =      5.69090  eV     1   --> A_1  D_1  S_1  
     e( 22 - 22) =      6.05658  eV     1   --> B_2  D_4  S_4  
     e( 23 - 23) =      7.77048  eV     1   --> A_1  D_1  S_1  
     e( 24 - 24) =      8.17199  eV     1   --> B_2  D_4  S_4  
     e( 25 - 25) =     10.51086  eV     1   --> B_2  D_4  S_4  
     e( 26 - 26) =     10.89880  eV     1   --> A_1  D_1  S_1  

 **************************************************************************

 **************************************************************************

                    xk=(   0.26667,   0.15396,   0.00000  )

     Band symmetry, C_2v (mm2)  point group:

     e(  1 -  1) =    -50.09967  eV     1   --> A_1  D_1  S_1  
     e(  2 -  2) =    -28.78925  eV     1   --> B_2  D_4  S_4  
     e(  3 -  3) =    -28.65970  eV     1   --> A_1  D_1  S_1  
     e(  4 -  4) =    -27.76133  eV     1   --> B_1  D_3  S_3  
     e(  5 -  5) =    -25.55734  eV     1   --> A_1  D_1  S_1  
     e(  6 -  6) =    -25.43081  eV     1   --> B_2  D_4  S_4  
     e(  7 -  7) =     -8.36078  eV     1   --> A_1  D_1  S_1  
     e(  8 -  8) =     -7.89977  eV     1   --> A_1  D_1  S_1  
     e(  9 -  9) =     -7.81487  eV     1   --> B_2  D_4  S_4  
     e( 10 - 10) =     -7.49790  eV     1   --> A_2  D_2  S_2  
     e( 11 - 11) =     -7.19829  eV     1   --> B_1  D_3  S_3  
     e( 12 - 12) =     -6.91479  eV     1   --> B_2  D_4  S_4  
     e( 13 - 13) =     -1.20917  eV     1   --> A_1  D_1  S_1  
     e( 14 - 14) =      1.64344  eV     1   --> A_1  D_1  S_1  
     e( 15 - 15) =      1.87579  eV     1   --> B_2  D_4  S_4  
     e( 16 - 16) =      2.61727  eV     1   --> B_1  D_3  S_3  
     e( 17 - 17) =      3.24705  eV     1   --> A_1  D_1  S_1  
     e( 18 - 18) =      3.39824  eV     1   --> A_2  D_2  S_2  
     e( 19 - 19) =      4.85202  eV     1   --> B_2  D_4  S_4  
     e( 20 - 20) =      4.95455  eV     1   --> A_1  D_1  S_1  
     e( 21 - 21) =      5.86598  eV     1   --> A_1  D_1  S_1  
     e( 22 - 22) =      6.23383  eV     1   --> B_2  D_4  S_4  
     e( 23 - 23) =      7.93357  eV     1   --> A_1  D_1  S_1  
     e( 24 - 24) =      8.36519  eV     1   --> B_2  D_4  S_4  
     e( 25 - 25) =     10.70904  eV     1   --> B_2  D_4  S_4  
     e( 26 - 26) =     11.02373  eV     1   --> A_1  D_1  S_1  

 **************************************************************************

 **************************************************************************

                    xk=(   0.28333,   0.16358,   0.00000  )

     Band symmetry, C_2v (mm2)  point group:

     e(  1 -  1) =    -50.09152  eV     1   --> A_1  D_1  S_1  
     e(  2 -  2) =    -28.74800  eV     1   --> B_2  D_4  S_4  
     e(  3 -  3) =    -28.73460  eV     1   --> A_1  D_1  S_1  
     e(  4 -  4) =    -27.77426  eV     1   --> B_1  D_3  S_3  
     e(  5 -  5) =    -25.51919  eV     1   --> A_1  D_1  S_1  
     e(  6 -  6) =    -25.47353  eV     1   --> B_2  D_4  S_4  
     e(  7 -  7) =     -8.38402  eV     1   --> A_1  D_1  S_1  
     e(  8 -  8) =     -7.89671  eV     1   --> A_1  D_1  S_1  
     e(  9 -  9) =     -7.85501  eV     1   --> B_2  D_4  S_4  
     e( 10 - 10) =     -7.52523  eV     1   --> A_2  D_2  S_2  
     e( 11 - 11) =     -7.18513  eV     1   --> B_1  D_3  S_3  
     e( 12 - 12) =     -6.92909  eV     1   --> B_2  D_4  S_4  
     e( 13 - 13) =     -1.23234  eV     1   --> A_1  D_1  S_1  
     e( 14 - 14) =      1.74724  eV     1   --> A_1  D_1  S_1  
     e( 15 - 15) =      1.85396  eV     1   --> B_2  D_4  S_4  
     e( 16 - 16) =      2.79432  eV     1   --> B_1  D_3  S_3  
     e( 17 - 17) =      3.42841  eV     1   --> A_2  D_2  S_2  
     e( 18 - 18) =      3.48728  eV     1   --> A_1  D_1  S_1  
     e( 19 - 19) =      5.03040  eV     1   --> B_2  D_4  S_4  
     e( 20 - 20) =      5.14696  eV     1   --> A_1  D_1  S_1  
     e( 21 - 21) =      6.05013  eV     1   --> A_1  D_1  S_1  
     e( 22 - 22) =      6.42017  eV     1   --> B_2  D_4  S_4  
     e( 23 - 23) =      8.10472  eV     1   --> A_1  D_1  S_1  
     e( 24 - 24) =      8.56334  eV     1   --> B_2  D_4  S_4  
     e( 25 - 25) =     10.91262  eV     1   --> B_2  D_4  S_4  
     e( 26 - 26) =     11.14469  eV     1   --> A_1  D_1  S_1  

 **************************************************************************

 **************************************************************************

                    xk=(   0.30000,   0.17321,   0.00000  )

     Band symmetry, C_2v (mm2)  point group:

     e(  1 -  1) =    -50.08354  eV     1   --> A_1  D_1  S_1  
     e(  2 -  2) =    -28.80600  eV     1   --> A_1  D_1  S_1  
     e(  3 -  3) =    -28.70656  eV     1   --> B_2  D_4  S_4  
     e(  4 -  4) =    -27.78686  eV     1   --> B_1  D_3  S_3  
     e(  5 -  5) =    -25.51644  eV     1   --> B_2  D_4  S_4  
     e(  6 -  6) =    -25.48361  eV     1   --> A_1  D_1  S_1  
     e(  7 -  7) =     -8.41229  eV     1   --> A_1  D_1  S_1  
     e(  8 -  8) =     -7.89359  eV     1   --> B_2  D_4  S_4  
     e(  9 -  9) =     -7.88889  eV     1   --> A_1  D_1  S_1  
     e( 10 - 10) =     -7.55178  eV     1   --> A_2  D_2  S_2  
     e( 11 - 11) =     -7.17269  eV     1   --> B_1  D_3  S_3  
     e( 12 - 12) =     -6.94406  eV     1   --> B_2  D_4  S_4  
     e( 13 - 13) =     -1.25470  eV     1   --> A_1  D_1  S_1  
     e( 14 - 14) =      1.83742  eV     1   --> B_2  D_4  S_4  
     e( 15 - 15) =      1.85598  eV     1   --> A_1  D_1  S_1  
     e( 16 - 16) =      2.97616  eV     1   --> B_1  D_3  S_3  
     e( 17 - 17) =      3.45744  eV     1   --> A_2  D_2  S_2  
     e( 18 - 18) =      3.73662  eV     1   --> A_1  D_1  S_1  
     e( 19 - 19) =      5.21876  eV     1   --> B_2  D_4  S_4  
     e( 20 - 20) =      5.35034  eV     1   --> A_1  D_1  S_1  
     e( 21 - 21) =      6.24303  eV     1   --> A_1  D_1  S_1  
     e( 22 - 22) =      6.61574  eV     1   --> B_2  D_4  S_4  
     e( 23 - 23) =      8.28364  eV     1   --> A_1  D_1  S_1  
     e( 24 - 24) =      8.76606  eV     1   --> B_2  D_4  S_4  
     e( 25 - 25) =     11.11914  eV     1   --> B_2  D_4  S_4  
     e( 26 - 26) =     11.25197  eV     1   --> A_1  D_1  S_1  

 **************************************************************************

 **************************************************************************

                    xk=(   0.31667,   0.18283,   0.00000  )

     Band symmetry, C_2v (mm2)  point group:

     e(  1 -  1) =    -50.07580  eV     1   --> A_1  D_1  S_1  
     e(  2 -  2) =    -28.87337  eV     1   --> A_1  D_1  S_1  
     e(  3 -  3) =    -28.66538  eV     1   --> B_2  D_4  S_4  
     e(  4 -  4) =    -27.79901  eV     1   --> B_1  D_3  S_3  
     e(  5 -  5) =    -25.55905  eV     1   --> B_2  D_4  S_4  
     e(  6 -  6) =    -25.45069  eV     1   --> A_1  D_1  S_1  
     e(  7 -  7) =     -8.44283  eV     1   --> A_1  D_1  S_1  
     e(  8 -  8) =     -7.93028  eV     1   --> B_2  D_4  S_4  
     e(  9 -  9) =     -7.87884  eV     1   --> A_1  D_1  S_1  
     e( 10 - 10) =     -7.57721  eV     1   --> A_2  D_2  S_2  
     e( 11 - 11) =     -7.16108  eV     1   --> B_1  D_3  S_3  
     e( 12 - 12) =     -6.95924  eV     1   --> B_2  D_4  S_4  
     e( 13 - 13) =     -1.27570  eV     1   --> A_1  D_1  S_1  
     e( 14 - 14) =      1.82551  eV     1   --> B_2  D_4  S_4  
     e( 15 - 15) =      1.96778  eV     1   --> A_1  D_1  S_1  
     e( 16 - 16) =      3.16102  eV     1   --> B_1  D_3  S_3  
     e( 17 - 17) =      3.48506  eV     1   --> A_2  D_2  S_2  
     e( 18 - 18) =      3.99447  eV     1   --> A_1  D_1  S_1  
     e( 19 - 19) =      5.41706  eV     1   --> B_2  D_4  S_4  
     e( 20 - 20) =      5.56456  eV     1   --> A_1  D_1  S_1  
     e( 21 - 21) =      6.44436  eV     1   --> A_1  D_1  S_1  
     e( 22 - 22) =      6.82063  eV     1   --> B_2  D_4  S_4  
     e( 23 - 23) =      8.46995  eV     1   --> A_1  D_1  S_1  
     e( 24 - 24) =      8.97270  eV     1   --> B_2  D_4  S_4  
     e( 25 - 25) =     11.32056  eV     1   --> A_1  D_1  S_1  
     e( 26 - 26) =     11.32234  eV     1   --> B_2  D_4  S_4  

 **************************************************************************

 **************************************************************************

                    xk=(   0.33333,   0.19245,   0.00000  )

     Band symmetry, C_2v (mm2)  point group:

     e(  1 -  1) =    -50.06841  eV     1   --> A_1  D_1  S_1  
     e(  2 -  2) =    -28.93634  eV     1   --> A_1  D_1  S_1  
     e(  3 -  3) =    -28.62495  eV     1   --> B_2  D_4  S_4  
     e(  4 -  4) =    -27.81057  eV     1   --> B_1  D_3  S_3  
     e(  5 -  5) =    -25.60086  eV     1   --> B_2  D_4  S_4  
     e(  6 -  6) =    -25.42050  eV     1   --> A_1  D_1  S_1  
     e(  7 -  7) =     -8.47363  eV     1   --> A_1  D_1  S_1  
     e(  8 -  8) =     -7.96495  eV     1   --> B_2  D_4  S_4  
     e(  9 -  9) =     -7.86842  eV     1   --> A_1  D_1  S_1  
     e( 10 - 10) =     -7.60133  eV     1   --> A_2  D_2  S_2  
     e( 11 - 11) =     -7.15036  eV     1   --> B_1  D_3  S_3  
     e( 12 - 12) =     -6.97427  eV     1   --> B_2  D_4  S_4  
     e( 13 - 13) =     -1.29497  eV     1   --> A_1  D_1  S_1  
     e( 14 - 14) =      1.81749  eV     1   --> B_2  D_4  S_4  
     e( 15 - 15) =      2.08055  eV     1   --> A_1  D_1  S_1  
     e( 16 - 16) =      3.34674  eV     1   --> B_1  D_3  S_3  
     e( 17 - 17) =      3.51103  eV     1   --> A_2  D_2  S_2  
     e( 18 - 18) =      4.26013  eV     1   --> A_1  D_1  S_1  
     e( 19 - 19) =      5.62519  eV     1   --> B_2  D_4  S_4  
     e( 20 - 20) =      5.78943  eV     1   --> A_1  D_1  S_1  
     e( 21 - 21) =      6.65376  eV     1   --> A_1  D_1  S_1  
     e( 22 - 22) =      7.03482  eV     1   --> B_2  D_4  S_4  
     e( 23 - 23) =      8.66317  eV     1   --> A_1  D_1  S_1  
     e( 24 - 24) =      9.18196  eV     1   --> B_2  D_4  S_4  
     e( 25 - 25) =     11.29347  eV     1   --> A_1  D_1  S_1  
     e( 26 - 26) =     11.48843  eV     1   --> B_2  D_4  S_4  

 **************************************************************************

 **************************************************************************

                    xk=(   0.35000,   0.20207,   0.00000  )

     Band symmetry, C_2v (mm2)  point group:

     e(  1 -  1) =    -50.06143  eV     1   --> A_1  D_1  S_1  
     e(  2 -  2) =    -28.99448  eV     1   --> A_1  D_1  S_1  
     e(  3 -  3) =    -28.58581  eV     1   --> B_2  D_4  S_4  
     e(  4 -  4) =    -27.82141  eV     1   --> B_1  D_3  S_3  
     e(  5 -  5) =    -25.64129  eV     1   --> B_2  D_4  S_4  
     e(  6 -  6) =    -25.39310  eV     1   --> A_1  D_1  S_1  
     e(  7 -  7) =     -8.50327  eV     1   --> A_1  D_1  S_1  
     e(  8 -  8) =     -7.99731  eV     1   --> B_2  D_4  S_4  
     e(  9 -  9) =     -7.85876  eV     1   --> A_1  D_1  S_1  
     e( 10 - 10) =     -7.62385  eV     1   --> A_2  D_2  S_2  
     e( 11 - 11) =     -7.14059  eV     1   --> B_1  D_3  S_3  
     e( 12 - 12) =     -6.98876  eV     1   --> B_2  D_4  S_4  
     e( 13 - 13) =     -1.31223  eV     1   --> A_1  D_1  S_1  
     e( 14 - 14) =      1.81264  eV     1   --> B_2  D_4  S_4  
     e( 15 - 15) =      2.19212  eV     1   --> A_1  D_1  S_1  
     e( 16 - 16) =      3.53087  eV     1   --> B_1  D_3  S_3  
     e( 17 - 17) =      3.53513  eV     1   --> A_2  D_2  S_2  
     e( 18 - 18) =      4.53270  eV     1   --> A_1  D_1  S_1  
     e( 19 - 19) =      5.84296  eV     1   --> B_2  D_4  S_4  
     e( 20 - 20) =      6.02472  eV     1   --> A_1  D_1  S_1  
     e( 21 - 21) =      6.87082  eV     1   --> A_1  D_1  S_1  
     e( 22 - 22) =      7.25818  eV     1   --> B_2  D_4  S_4  
     e( 23 - 23) =      8.86252  eV     1   --> A_1  D_1  S_1  
     e( 24 - 24) =      9.39120  eV     1   --> B_2  D_4  S_4  
     e( 25 - 25) =     11.13046  eV     1   --> A_1  D_1  S_1  
     e( 26 - 26) =     11.41912  eV     1   --> B_2  D_4  S_4  

 **************************************************************************

 **************************************************************************

                    xk=(   0.36667,   0.21170,   0.00000  )

     Band symmetry, C_2v (mm2)  point group:

     e(  1 -  1) =    -50.05496  eV     1   --> A_1  D_1  S_1  
     e(  2 -  2) =    -29.04746  eV     1   --> A_1  D_1  S_1  
     e(  3 -  3) =    -28.54853  eV     1   --> B_2  D_4  S_4  
     e(  4 -  4) =    -27.83144  eV     1   --> B_1  D_3  S_3  
     e(  5 -  5) =    -25.67979  eV     1   --> B_2  D_4  S_4  
     e(  6 -  6) =    -25.36851  eV     1   --> A_1  D_1  S_1  
     e(  7 -  7) =     -8.53084  eV     1   --> A_1  D_1  S_1  
     e(  8 -  8) =     -8.02713  eV     1   --> B_2  D_4  S_4  
     e(  9 -  9) =     -7.85047  eV     1   --> A_1  D_1  S_1  
     e( 10 - 10) =     -7.64461  eV     1   --> A_2  D_2  S_2  
     e( 11 - 11) =     -7.13179  eV     1   --> B_1  D_3  S_3  
     e( 12 - 12) =     -7.00242  eV     1   --> B_2  D_4  S_4  
     e( 13 - 13) =     -1.32738  eV     1   --> A_1  D_1  S_1  
     e( 14 - 14) =      1.81031  eV     1   --> B_2  D_4  S_4  
     e( 15 - 15) =      2.30019  eV     1   --> A_1  D_1  S_1  
     e( 16 - 16) =      3.55717  eV     1   --> A_2  D_2  S_2  
     e( 17 - 17) =      3.71051  eV     1   --> B_1  D_3  S_3  
     e( 18 - 18) =      4.81089  eV     1   --> A_1  D_1  S_1  
     e( 19 - 19) =      6.07009  eV     1   --> B_2  D_4  S_4  
     e( 20 - 20) =      6.27008  eV     1   --> A_1  D_1  S_1  
     e( 21 - 21) =      7.09500  eV     1   --> A_1  D_1  S_1  
     e( 22 - 22) =      7.49041  eV     1   --> B_2  D_4  S_4  
     e( 23 - 23) =      9.06658  eV     1   --> A_1  D_1  S_1  
     e( 24 - 24) =      9.59430  eV     1   --> B_2  D_4  S_4  
     e( 25 - 25) =     10.88053  eV     1   --> A_1  D_1  S_1  
     e( 26 - 26) =     11.15111  eV     1   --> B_2  D_4  S_4  

 **************************************************************************

 **************************************************************************

                    xk=(   0.38333,   0.22132,   0.00000  )

     Band symmetry, C_2v (mm2)  point group:

     e(  1 -  1) =    -50.04906  eV     1   --> A_1  D_1  S_1  
     e(  2 -  2) =    -29.09496  eV     1   --> A_1  D_1  S_1  
     e(  3 -  3) =    -28.51369  eV     1   --> B_2  D_4  S_4  
     e(  4 -  4) =    -27.84055  eV     1   --> B_1  D_3  S_3  
     e(  5 -  5) =    -25.71574  eV     1   --> B_2  D_4  S_4  
     e(  6 -  6) =    -25.34677  eV     1   --> A_1  D_1  S_1  
     e(  7 -  7) =     -8.55574  eV     1   --> A_1  D_1  S_1  
     e(  8 -  8) =     -8.05416  eV     1   --> B_2  D_4  S_4  
     e(  9 -  9) =     -7.84381  eV     1   --> A_1  D_1  S_1  
     e( 10 - 10) =     -7.66342  eV     1   --> A_2  D_2  S_2  
     e( 11 - 11) =     -7.12403  eV     1   --> B_1  D_3  S_3  
     e( 12 - 12) =     -7.01500  eV     1   --> B_2  D_4  S_4  
     e( 13 - 13) =     -1.34041  eV     1   --> A_1  D_1  S_1  
     e( 14 - 14) =      1.80982  eV     1   --> B_2  D_4  S_4  
     e( 15 - 15) =      2.40244  eV     1   --> A_1  D_1  S_1  
     e( 16 - 16) =      3.57693  eV     1   --> A_2  D_2  S_2  
     e( 17 - 17) =      3.88243  eV     1   --> B_1  D_3  S_3  
     e( 18 - 18) =      5.09280  eV     1   --> A_1  D_1  S_1  
     e( 19 - 19) =      6.30614  eV     1   --> B_2  D_4  S_4  
     e( 20 - 20) =      6.52498  eV     1   --> A_1  D_1  S_1  
     e( 21 - 21) =      7.32556  eV     1   --> A_1  D_1  S_1  
     e( 22 - 22) =      7.73089  eV     1   --> B_2  D_4  S_4  
     e( 23 - 23) =      9.27213  eV     1   --> A_1  D_1  S_1  
     e( 24 - 24) =      9.77465  eV     1   --> B_2  D_4  S_4  
     e( 25 - 25) =     10.59646  eV     1   --> A_1  D_1  S_1  
     e( 26 - 26) =     10.87863  eV     1   --> B_2  D_4  S_4  

 **************************************************************************

 **************************************************************************

                    xk=(   0.40000,   0.23094,   0.00000  )

     Band symmetry, C_2v (mm2)  point group:

     e(  1 -  1) =    -50.04381  eV     1   --> A_1  D_1  S_1  
     e(  2 -  2) =    -29.13670  eV     1   --> A_1  D_1  S_1  
     e(  3 -  3) =    -28.48189  eV     1   --> B_2  D_4  S_4  
     e(  4 -  4) =    -27.84864  eV     1   --> B_1  D_3  S_3  
     e(  5 -  5) =    -25.74854  eV     1   --> B_2  D_4  S_4  
     e(  6 -  6) =    -25.32790  eV     1   --> A_1  D_1  S_1  
     e(  7 -  7) =     -8.57760  eV     1   --> A_1  D_1  S_1  
     e(  8 -  8) =     -8.07816  eV     1   --> B_2  D_4  S_4  
     e(  9 -  9) =     -7.83875  eV     1   --> A_1  D_1  S_1  
     e( 10 - 10) =     -7.68007  eV     1   --> A_2  D_2  S_2  
     e( 11 - 11) =     -7.11733  eV     1   --> B_1  D_3  S_3  
     e( 12 - 12) =     -7.02625  eV     1   --> B_2  D_4  S_4  
     e( 13 - 13) =     -1.35136  eV     1   --> A_1  D_1  S_1  
     e( 14 - 14) =      1.81062  eV     1   --> B_2  D_4  S_4  
     e( 15 - 15) =      2.49661  eV     1   --> A_1  D_1  S_1  
     e( 16 - 16) =      3.59434  eV     1   --> A_2  D_2  S_2  
     e( 17 - 17) =      4.04306  eV     1   --> B_1  D_3  S_3  
     e( 18 - 18) =      5.37557  eV     1   --> A_1  D_1  S_1  
     e( 19 - 19) =      6.55044  eV     1   --> B_2  D_4  S_4  
     e( 20 - 20) =      6.78856  eV     1   --> A_1  D_1  S_1  
     e( 21 - 21) =      7.56137  eV     1   --> A_1  D_1  S_1  
     e( 22 - 22) =      7.97835  eV     1   --> B_2  D_4  S_4  
     e( 23 - 23) =      9.46960  eV     1   --> A_1  D_1  S_1  
     e( 24 - 24) =      9.88200  eV     1   --> B_2  D_4  S_4  
     e( 25 - 25) =     10.30976  eV     1   --> A_1  D_1  S_1  
     e( 26 - 26) =     10.67800  eV     1   --> B_2  D_4  S_4  

 **************************************************************************

 **************************************************************************

                    xk=(   0.41667,   0.24056,   0.00000  )

     Band symmetry, C_2v (mm2)  point group:

     e(  1 -  1) =    -50.03925  eV     1   --> A_1  D_1  S_1  
     e(  2 -  2) =    -29.17243  eV     1   --> A_1  D_1  S_1  
     e(  3 -  3) =    -28.45372  eV     1   --> B_2  D_4  S_4  
     e(  4 -  4) =    -27.85563  eV     1   --> B_1  D_3  S_3  
     e(  5 -  5) =    -25.77757  eV     1   --> B_2  D_4  S_4  
     e(  6 -  6) =    -25.31191  eV     1   --> A_1  D_1  S_1  
     e(  7 -  7) =     -8.59621  eV     1   --> A_1  D_1  S_1  
     e(  8 -  8) =     -8.09887  eV     1   --> B_2  D_4  S_4  
     e(  9 -  9) =     -7.83511  eV     1   --> A_1  D_1  S_1  
     e( 10 - 10) =     -7.69440  eV     1   --> A_2  D_2  S_2  
     e( 11 - 11) =     -7.11164  eV     1   --> B_1  D_3  S_3  
     e( 12 - 12) =     -7.03602  eV     1   --> B_2  D_4  S_4  
     e( 13 - 13) =     -1.36031  eV     1   --> A_1  D_1  S_1  
     e( 14 - 14) =      1.81219  eV     1   --> B_2  D_4  S_4  
     e( 15 - 15) =      2.58051  eV     1   --> A_1  D_1  S_1  
     e( 16 - 16) =      3.60926  eV     1   --> A_2  D_2  S_2  
     e( 17 - 17) =      4.18857  eV     1   --> B_1  D_3  S_3  
     e( 18 - 18) =      5.65475  eV     1   --> A_1  D_1  S_1  
     e( 19 - 19) =      6.80190  eV     1   --> B_2  D_4  S_4  
     e( 20 - 20) =      7.05938  eV     1   --> A_1  D_1  S_1  
     e( 21 - 21) =      7.80060  eV     1   --> A_1  D_1  S_1  
     e( 22 - 22) =      8.23000  eV     1   --> B_2  D_4  S_4  
     e( 23 - 23) =      9.61343  eV     1   --> A_1  D_1  S_1  
     e( 24 - 24) =      9.82485  eV     1   --> B_2  D_4  S_4  
     e( 25 - 25) =     10.07536  eV     1   --> A_1  D_1  S_1  
     e( 26 - 26) =     10.64283  eV     1   --> B_2  D_4  S_4  

 **************************************************************************

 **************************************************************************

                    xk=(   0.43333,   0.25019,   0.00000  )

     Band symmetry, C_2v (mm2)  point group:

     e(  1 -  1) =    -50.03545  eV     1   --> A_1  D_1  S_1  
     e(  2 -  2) =    -29.20194  eV     1   --> A_1  D_1  S_1  
     e(  3 -  3) =    -28.42975  eV     1   --> B_2  D_4  S_4  
     e(  4 -  4) =    -27.86145  eV     1   --> B_1  D_3  S_3  
     e(  5 -  5) =    -25.80226  eV     1   --> B_2  D_4  S_4  
     e(  6 -  6) =    -25.29882  eV     1   --> A_1  D_1  S_1  
     e(  7 -  7) =     -8.61147  eV     1   --> A_1  D_1  S_1  
     e(  8 -  8) =     -8.11613  eV     1   --> B_2  D_4  S_4  
     e(  9 -  9) =     -7.83268  eV     1   --> A_1  D_1  S_1  
     e( 10 - 10) =     -7.70631  eV     1   --> A_2  D_2  S_2  
     e( 11 - 11) =     -7.10699  eV     1   --> B_1  D_3  S_3  
     e( 12 - 12) =     -7.04419  eV     1   --> B_2  D_4  S_4  
     e( 13 - 13) =     -1.36741  eV     1   --> A_1  D_1  S_1  
     e( 14 - 14) =      1.81409  eV     1   --> B_2  D_4  S_4  
     e( 15 - 15) =      2.65215  eV     1   --> A_1  D_1  S_1  
     e( 16 - 16) =      3.62158  eV     1   --> A_2  D_2  S_2  
     e( 17 - 17) =      4.31494  eV     1   --> B_1  D_3  S_3  
     e( 18 - 18) =      5.92333  eV     1   --> A_1  D_1  S_1  
     e( 19 - 19) =      7.05863  eV     1   --> B_2  D_4  S_4  
     e( 20 - 20) =      7.33483  eV     1   --> A_1  D_1  S_1  
     e( 21 - 21) =      8.04013  eV     1   --> A_1  D_1  S_1  
     e( 22 - 22) =      8.47830  eV     1   --> B_2  D_4  S_4  
     e( 23 - 23) =      9.53749  eV     1   --> A_1  D_1  S_1  
     e( 24 - 24) =      9.62986  eV     1   --> B_2  D_4  S_4  
     e( 25 - 25) =     10.06007  eV     1   --> A_1  D_1  S_1  
     e( 26 - 26) =     10.42200  eV     1   --> A_1  D_1  S_1  

 **************************************************************************

 **************************************************************************

                    xk=(   0.45000,   0.25981,   0.00000  )

     Band symmetry, C_2v (mm2)  point group:

     e(  1 -  1) =    -50.03244  eV     1   --> A_1  D_1  S_1  
     e(  2 -  2) =    -29.22506  eV     1   --> A_1  D_1  S_1  
     e(  3 -  3) =    -28.41050  eV     1   --> B_2  D_4  S_4  
     e(  4 -  4) =    -27.86602  eV     1   --> B_1  D_3  S_3  
     e(  5 -  5) =    -25.82208  eV     1   --> B_2  D_4  S_4  
     e(  6 -  6) =    -25.28863  eV     1   --> A_1  D_1  S_1  
     e(  7 -  7) =     -8.62330  eV     1   --> A_1  D_1  S_1  
     e(  8 -  8) =     -8.12973  eV     1   --> B_2  D_4  S_4  
     e(  9 -  9) =     -7.83115  eV     1   --> A_1  D_1  S_1  
     e( 10 - 10) =     -7.71566  eV     1   --> A_2  D_2  S_2  
     e( 11 - 11) =     -7.10336  eV     1   --> B_1  D_3  S_3  
     e( 12 - 12) =     -7.05062  eV     1   --> B_2  D_4  S_4  
     e( 13 - 13) =     -1.37276  eV     1   --> A_1  D_1  S_1  
     e( 14 - 14) =      1.81595  eV     1   --> B_2  D_4  S_4  
     e( 15 - 15) =      2.70983  eV     1   --> A_1  D_1  S_1  
     e( 16 - 16) =      3.63125  eV     1   --> A_2  D_2  S_2  
     e( 17 - 17) =      4.41832  eV     1   --> B_1  D_3  S_3  
     e( 18 - 18) =      6.17010  eV     1   --> A_1  D_1  S_1  
     e( 19 - 19) =      7.31690  eV     1   --> B_2  D_4  S_4  
     e( 20 - 20) =      7.60997  eV     1   --> A_1  D_1  S_1  
     e( 21 - 21) =      8.27413  eV     1   --> A_1  D_1  S_1  
     e( 22 - 22) =      8.69598  eV     1   --> B_2  D_4  S_4  
     e( 23 - 23) =      9.30590  eV     1   --> A_1  D_1  S_1  
     e( 24 - 24) =      9.41992  eV     1   --> B_2  D_4  S_4  
     e( 25 - 25) =     10.03181  eV     1   --> A_1  D_1  S_1  
     e( 26 - 26) =     10.24350  eV     1   --> A_1  D_1  S_1  

 **************************************************************************

 **************************************************************************

                    xk=(   0.46667,   0.26943,   0.00000  )

     Band symmetry, C_2v (mm2)  point group:

     e(  1 -  1) =    -50.03027  eV     1   --> A_1  D_1  S_1  
     e(  2 -  2) =    -29.24168  eV     1   --> A_1  D_1  S_1  
     e(  3 -  3) =    -28.39641  eV     1   --> B_2  D_4  S_4  
     e(  4 -  4) =    -27.86934  eV     1   --> B_1  D_3  S_3  
     e(  5 -  5) =    -25.83659  eV     1   --> B_2  D_4  S_4  
     e(  6 -  6) =    -25.28135  eV     1   --> A_1  D_1  S_1  
     e(  7 -  7) =     -8.63177  eV     1   --> A_1  D_1  S_1  
     e(  8 -  8) =     -8.13956  eV     1   --> B_2  D_4  S_4  
     e(  9 -  9) =     -7.83028  eV     1   --> A_1  D_1  S_1  
     e( 10 - 10) =     -7.72241  eV     1   --> A_2  D_2  S_2  
     e( 11 - 11) =     -7.10080  eV     1   --> B_1  D_3  S_3  
     e( 12 - 12) =     -7.05527  eV     1   --> B_2  D_4  S_4  
     e( 13 - 13) =     -1.37650  eV     1   --> A_1  D_1  S_1  
     e( 14 - 14) =      1.81749  eV     1   --> B_2  D_4  S_4  
     e( 15 - 15) =      2.75207  eV     1   --> A_1  D_1  S_1  
     e( 16 - 16) =      3.63818  eV     1   --> A_2  D_2  S_2  
     e( 17 - 17) =      4.49506  eV     1   --> B_1  D_3  S_3  
     e( 18 - 18) =      6.37746  eV     1   --> A_1  D_1  S_1  
     e( 19 - 19) =      7.56787  eV     1   --> B_2  D_4  S_4  
     e( 20 - 20) =      7.87478  eV     1   --> A_1  D_1  S_1  
     e( 21 - 21) =      8.48789  eV     1   --> A_1  D_1  S_1  
     e( 22 - 22) =      8.77748  eV     1   --> B_2  D_4  S_4  
     e( 23 - 23) =      9.07903  eV     1   --> A_1  D_1  S_1  
     e( 24 - 24) =      9.34560  eV     1   --> B_2  D_4  S_4  
     e( 25 - 25) =      9.71527  eV     1   --> A_1  D_1  S_1  
     e( 26 - 26) =     10.37194  eV     1   --> A_1  D_1  S_1  

 **************************************************************************

 **************************************************************************

                    xk=(   0.48333,   0.27905,   0.00000  )

     Band symmetry, C_2v (mm2)  point group:

     e(  1 -  1) =    -50.02896  eV     1   --> A_1  D_1  S_1  
     e(  2 -  2) =    -29.25169  eV     1   --> A_1  D_1  S_1  
     e(  3 -  3) =    -28.38781  eV     1   --> B_2  D_4  S_4  
     e(  4 -  4) =    -27.87133  eV     1   --> B_1  D_3  S_3  
     e(  5 -  5) =    -25.84544  eV     1   --> B_2  D_4  S_4  
     e(  6 -  6) =    -25.27698  eV     1   --> A_1  D_1  S_1  
     e(  7 -  7) =     -8.63685  eV     1   --> A_1  D_1  S_1  
     e(  8 -  8) =     -8.14547  eV     1   --> B_2  D_4  S_4  
     e(  9 -  9) =     -7.82986  eV     1   --> A_1  D_1  S_1  
     e( 10 - 10) =     -7.72648  eV     1   --> A_2  D_2  S_2  
     e( 11 - 11) =     -7.09926  eV     1   --> B_1  D_3  S_3  
     e( 12 - 12) =     -7.05805  eV     1   --> B_2  D_4  S_4  
     e( 13 - 13) =     -1.37870  eV     1   --> A_1  D_1  S_1  
     e( 14 - 14) =      1.81849  eV     1   --> B_2  D_4  S_4  
     e( 15 - 15) =      2.77787  eV     1   --> A_1  D_1  S_1  
     e( 16 - 16) =      3.64236  eV     1   --> A_2  D_2  S_2  
     e( 17 - 17) =      4.54236  eV     1   --> B_1  D_3  S_3  
     e( 18 - 18) =      6.52041  eV     1   --> A_1  D_1  S_1  
     e( 19 - 19) =      7.78549  eV     1   --> B_2  D_4  S_4  
     e( 20 - 20) =      8.10516  eV     1   --> A_1  D_1  S_1  
     e( 21 - 21) =      8.61622  eV     1   --> A_1  D_1  S_1  
     e( 22 - 22) =      8.66632  eV     1   --> B_2  D_4  S_4  
     e( 23 - 23) =      8.95727  eV     1   --> A_1  D_1  S_1  
     e( 24 - 24) =      9.42914  eV     1   --> A_1  D_1  S_1  
     e( 25 - 25) =      9.48615  eV     1   --> B_2  D_4  S_4  
     e( 26 - 26) =     10.19285  eV     1   --> B_2  D_4  S_4  

 **************************************************************************

 **************************************************************************

                    xk=(   0.50000,   0.28868,   0.00000  )

     Band symmetry, C_2v (mm2)  point group:

     e(  1 -  1) =    -50.02851  eV     1   --> A_1  D_1  S_1  
     e(  2 -  2) =    -29.25502  eV     1   --> A_1  D_1  S_1  
     e(  3 -  3) =    -28.38491  eV     1   --> B_2  D_4  S_4  
     e(  4 -  4) =    -27.87200  eV     1   --> B_1  D_3  S_3  
     e(  5 -  5) =    -25.84840  eV     1   --> B_2  D_4  S_4  
     e(  6 -  6) =    -25.27551  eV     1   --> A_1  D_1  S_1  
     e(  7 -  7) =     -8.63850  eV     1   --> A_1  D_1  S_1  
     e(  8 -  8) =     -8.14743  eV     1   --> B_2  D_4  S_4  
     e(  9 -  9) =     -7.82969  eV     1   --> A_1  D_1  S_1  
     e( 10 - 10) =     -7.72783  eV     1   --> A_2  D_2  S_2  
     e( 11 - 11) =     -7.09874  eV     1   --> B_1  D_3  S_3  
     e( 12 - 12) =     -7.05897  eV     1   --> B_2  D_4  S_4  
     e( 13 - 13) =     -1.37941  eV     1   --> A_1  D_1  S_1  
     e( 14 - 14) =      1.81888  eV     1   --> B_2  D_4  S_4  
     e( 15 - 15) =      2.78655  eV     1   --> A_1  D_1  S_1  
     e( 16 - 16) =      3.64376  eV     1   --> A_2  D_2  S_2  
     e( 17 - 17) =      4.55835  eV     1   --> B_1  D_3  S_3  
     e( 18 - 18) =      6.57223  eV     1   --> A_1  D_1  S_1  
     e( 19 - 19) =      7.88757  eV     1   --> B_2  D_4  S_4  
     e( 20 - 20) =      8.21983  eV     1   --> A_1  D_1  S_1  
     e( 21 - 21) =      8.58246  eV     1   --> B_2  D_4  S_4  
     e( 22 - 22) =      8.60030  eV     1   --> A_1  D_1  S_1  
     e( 23 - 23) =      9.00142  eV     1   --> A_1  D_1  S_1  
     e( 24 - 24) =      9.26940  eV     1   --> A_1  D_1  S_1  
     e( 25 - 25) =      9.61166  eV     1   --> B_2  D_4  S_4  
     e( 26 - 26) =     10.04013  eV     1   --> B_2  D_4  S_4  

 **************************************************************************

 **************************************************************************

                    xk=(   0.49444,   0.29830,   0.00000  )

     point group C_s (m)    
     there are  2 classes
     the character table:

       E     s    
A'     1.00  1.00
A''    1.00 -1.00

     the symmetry operations in each class and the name of the first element:

     E        1
                                                                 
     s        2
                                                                 

     Band symmetry, C_s (m)     point group:

     e(  1 -  1) =    -50.02847  eV     1   --> A'             
     e(  2 -  2) =    -29.25463  eV     1   --> A'             
     e(  3 -  3) =    -28.38462  eV     1   --> A''            
     e(  4 -  4) =    -27.87328  eV     1   --> A'             
     e(  5 -  5) =    -25.84870  eV     1   --> A''            
     e(  6 -  6) =    -25.27497  eV     1   --> A'             
     e(  7 -  7) =     -8.63720  eV     1   --> A'             
     e(  8 -  8) =     -8.14970  eV     1   --> A''            
     e(  9 -  9) =     -7.82967  eV     1   --> A'             
     e( 10 - 10) =     -7.72621  eV     1   --> A''            
     e( 11 - 11) =     -7.09978  eV     1   --> A'             
     e( 12 - 12) =     -7.05892  eV     1   --> A''            
     e( 13 - 13) =     -1.37752  eV     1   --> A'             
     e( 14 - 14) =      1.82056  eV     1   --> A''            
     e( 15 - 15) =      2.78503  eV     1   --> A'             
     e( 16 - 16) =      3.64239  eV     1   --> A''            
     e( 17 - 17) =      4.54798  eV     1   --> A'             
     e( 18 - 18) =      6.58604  eV     1   --> A'             
     e( 19 - 19) =      7.88908  eV     1   --> A''            
     e( 20 - 20) =      8.22164  eV     1   --> A'             
     e( 21 - 21) =      8.58418  eV     1   --> A''            
     e( 22 - 22) =      8.60243  eV     1   --> A'             
     e( 23 - 23) =      9.00328  eV     1   --> A'             
     e( 24 - 24) =      9.27128  eV     1   --> A'             
     e( 25 - 25) =      9.61343  eV     1   --> A''            
     e( 26 - 26) =     10.04166  eV     1   --> A''            

 **************************************************************************

 **************************************************************************

                    xk=(   0.48889,   0.30792,   0.00000  )

     Band symmetry, C_s (m)     point group:

     e(  1 -  1) =    -50.02832  eV     1   --> A'             
     e(  2 -  2) =    -29.25348  eV     1   --> A'             
     e(  3 -  3) =    -28.38372  eV     1   --> A''            
     e(  4 -  4) =    -27.87709  eV     1   --> A'             
     e(  5 -  5) =    -25.84957  eV     1   --> A''            
     e(  6 -  6) =    -25.27335  eV     1   --> A'             
     e(  7 -  7) =     -8.63331  eV     1   --> A'             
     e(  8 -  8) =     -8.15635  eV     1   --> A''            
     e(  9 -  9) =     -7.82953  eV     1   --> A'             
     e( 10 - 10) =     -7.72142  eV     1   --> A''            
     e( 11 - 11) =     -7.10287  eV     1   --> A'             
     e( 12 - 12) =     -7.05874  eV     1   --> A''            
     e( 13 - 13) =     -1.37183  eV     1   --> A'             
     e( 14 - 14) =      1.82564  eV     1   --> A''            
     e( 15 - 15) =      2.78044  eV     1   --> A'             
     e( 16 - 16) =      3.63829  eV     1   --> A''            
     e( 17 - 17) =      4.51779  eV     1   --> A'             
     e( 18 - 18) =      6.62655  eV     1   --> A'             
     e( 19 - 19) =      7.89363  eV     1   --> A''            
     e( 20 - 20) =      8.22706  eV     1   --> A'             
     e( 21 - 21) =      8.58934  eV     1   --> A''            
     e( 22 - 22) =      8.60881  eV     1   --> A'             
     e( 23 - 23) =      9.00884  eV     1   --> A'             
     e( 24 - 24) =      9.27693  eV     1   --> A'             
     e( 25 - 25) =      9.61876  eV     1   --> A''            
     e( 26 - 26) =     10.04624  eV     1   --> A''            

 **************************************************************************

 **************************************************************************

                    xk=(   0.48333,   0.31754,   0.00000  )

     Band symmetry, C_s (m)     point group:

     e(  1 -  1) =    -50.02809  eV     1   --> A'             
     e(  2 -  2) =    -29.25156  eV     1   --> A'             
     e(  3 -  3) =    -28.38223  eV     1   --> A''            
     e(  4 -  4) =    -27.88340  eV     1   --> A'             
     e(  5 -  5) =    -25.85103  eV     1   --> A''            
     e(  6 -  6) =    -25.27068  eV     1   --> A'             
     e(  7 -  7) =     -8.62686  eV     1   --> A'             
     e(  8 -  8) =     -8.16704  eV     1   --> A''            
     e(  9 -  9) =     -7.82931  eV     1   --> A'             
     e( 10 - 10) =     -7.71377  eV     1   --> A''            
     e( 11 - 11) =     -7.10801  eV     1   --> A'             
     e( 12 - 12) =     -7.05845  eV     1   --> A''            
     e( 13 - 13) =     -1.36235  eV     1   --> A'             
     e( 14 - 14) =      1.83408  eV     1   --> A''            
     e( 15 - 15) =      2.77275  eV     1   --> A'             
     e( 16 - 16) =      3.63152  eV     1   --> A''            
     e( 17 - 17) =      4.47029  eV     1   --> A'             
     e( 18 - 18) =      6.69124  eV     1   --> A'             
     e( 19 - 19) =      7.90120  eV     1   --> A''            
     e( 20 - 20) =      8.23608  eV     1   --> A'             
     e( 21 - 21) =      8.59793  eV     1   --> A''            
     e( 22 - 22) =      8.61949  eV     1   --> A'             
     e( 23 - 23) =      9.01810  eV     1   --> A'             
     e( 24 - 24) =      9.28635  eV     1   --> A'             
     e( 25 - 25) =      9.62763  eV     1   --> A''            
     e( 26 - 26) =     10.05386  eV     1   --> A''            

 **************************************************************************

 **************************************************************************

                    xk=(   0.47778,   0.32717,   0.00000  )

     Band symmetry, C_s (m)     point group:

     e(  1 -  1) =    -50.02775  eV     1   --> A'             
     e(  2 -  2) =    -29.24889  eV     1   --> A'             
     e(  3 -  3) =    -28.38015  eV     1   --> A''            
     e(  4 -  4) =    -27.89212  eV     1   --> A'             
     e(  5 -  5) =    -25.85304  eV     1   --> A''            
     e(  6 -  6) =    -25.26699  eV     1   --> A'             
     e(  7 -  7) =     -8.61787  eV     1   --> A'             
     e(  8 -  8) =     -8.18129  eV     1   --> A''            
     e(  9 -  9) =     -7.82900  eV     1   --> A'             
     e( 10 - 10) =     -7.70365  eV     1   --> A''            
     e( 11 - 11) =     -7.11513  eV     1   --> A'             
     e( 12 - 12) =     -7.05810  eV     1   --> A''            
     e( 13 - 13) =     -1.34911  eV     1   --> A'             
     e( 14 - 14) =      1.84582  eV     1   --> A''            
     e( 15 - 15) =      2.76193  eV     1   --> A'             
     e( 16 - 16) =      3.62211  eV     1   --> A''            
     e( 17 - 17) =      4.40888  eV     1   --> A'             
     e( 18 - 18) =      6.77668  eV     1   --> A'             
     e( 19 - 19) =      7.91179  eV     1   --> A''            
     e( 20 - 20) =      8.24872  eV     1   --> A'             
     e( 21 - 21) =      8.60991  eV     1   --> A''            
     e( 22 - 22) =      8.63449  eV     1   --> A'             
     e( 23 - 23) =      9.03107  eV     1   --> A'             
     e( 24 - 24) =      9.29955  eV     1   --> A'             
     e( 25 - 25) =      9.64005  eV     1   --> A''            
     e( 26 - 26) =     10.06446  eV     1   --> A''            

 **************************************************************************

 **************************************************************************

                    xk=(   0.47222,   0.33679,   0.00000  )

     Band symmetry, C_s (m)     point group:

     e(  1 -  1) =    -50.02734  eV     1   --> A'             
     e(  2 -  2) =    -29.24549  eV     1   --> A'             
     e(  3 -  3) =    -28.37751  eV     1   --> A''            
     e(  4 -  4) =    -27.90319  eV     1   --> A'             
     e(  5 -  5) =    -25.85561  eV     1   --> A''            
     e(  6 -  6) =    -25.26235  eV     1   --> A'             
     e(  7 -  7) =     -8.60643  eV     1   --> A'             
     e(  8 -  8) =     -8.19857  eV     1   --> A''            
     e(  9 -  9) =     -7.82864  eV     1   --> A'             
     e( 10 - 10) =     -7.69159  eV     1   --> A''            
     e( 11 - 11) =     -7.12427  eV     1   --> A'             
     e( 12 - 12) =     -7.05779  eV     1   --> A''            
     e( 13 - 13) =     -1.33216  eV     1   --> A'             
     e( 14 - 14) =      1.86078  eV     1   --> A''            
     e( 15 - 15) =      2.74787  eV     1   --> A'             
     e( 16 - 16) =      3.61011  eV     1   --> A''            
     e( 17 - 17) =      4.33710  eV     1   --> A'             
     e( 18 - 18) =      6.87923  eV     1   --> A'             
     e( 19 - 19) =      7.92540  eV     1   --> A''            
     e( 20 - 20) =      8.26496  eV     1   --> A'             
     e( 21 - 21) =      8.62527  eV     1   --> A''            
     e( 22 - 22) =      8.65389  eV     1   --> A'             
     e( 23 - 23) =      9.04772  eV     1   --> A'             
     e( 24 - 24) =      9.31656  eV     1   --> A'             
     e( 25 - 25) =      9.65601  eV     1   --> A''            
     e( 26 - 26) =     10.07800  eV     1   --> A''            

 **************************************************************************

 **************************************************************************

                    xk=(   0.46667,   0.34641,   0.00000  )

     Band symmetry, C_s (m)     point group:

     e(  1 -  1) =    -50.02683  eV     1   --> A'             
     e(  2 -  2) =    -29.24138  eV     1   --> A'             
     e(  3 -  3) =    -28.37432  eV     1   --> A''            
     e(  4 -  4) =    -27.91645  eV     1   --> A'             
     e(  5 -  5) =    -25.85872  eV     1   --> A''            
     e(  6 -  6) =    -25.25682  eV     1   --> A'             
     e(  7 -  7) =     -8.59260  eV     1   --> A'             
     e(  8 -  8) =     -8.21828  eV     1   --> A''            
     e(  9 -  9) =     -7.82822  eV     1   --> A'             
     e( 10 - 10) =     -7.67793  eV     1   --> A''            
     e( 11 - 11) =     -7.13531  eV     1   --> A'             
     e( 12 - 12) =     -7.05753  eV     1   --> A''            
     e( 13 - 13) =     -1.31153  eV     1   --> A'             
     e( 14 - 14) =      1.87887  eV     1   --> A''            
     e( 15 - 15) =      2.73050  eV     1   --> A'             
     e( 16 - 16) =      3.59568  eV     1   --> A''            
     e( 17 - 17) =      4.25830  eV     1   --> A'             
     e( 18 - 18) =      6.99549  eV     1   --> A'             
     e( 19 - 19) =      7.94202  eV     1   --> A''            
     e( 20 - 20) =      8.28480  eV     1   --> A'             
     e( 21 - 21) =      8.64395  eV     1   --> A''            
     e( 22 - 22) =      8.67777  eV     1   --> A'             
     e( 23 - 23) =      9.06805  eV     1   --> A'             
     e( 24 - 24) =      9.33740  eV     1   --> A'             
     e( 25 - 25) =      9.67551  eV     1   --> A''            
     e( 26 - 26) =     10.09440  eV     1   --> A''            

 **************************************************************************

 **************************************************************************

                    xk=(   0.46111,   0.35603,   0.00000  )

     Band symmetry, C_s (m)     point group:

     e(  1 -  1) =    -50.02624  eV     1   --> A'             
     e(  2 -  2) =    -29.23657  eV     1   --> A'             
     e(  3 -  3) =    -28.37060  eV     1   --> A''            
     e(  4 -  4) =    -27.93179  eV     1   --> A'             
     e(  5 -  5) =    -25.86234  eV     1   --> A''            
     e(  6 -  6) =    -25.25050  eV     1   --> A'             
     e(  7 -  7) =     -8.57647  eV     1   --> A'             
     e(  8 -  8) =     -8.23996  eV     1   --> A''            
     e(  9 -  9) =     -7.82777  eV     1   --> A'             
     e( 10 - 10) =     -7.66313  eV     1   --> A''            
     e( 11 - 11) =     -7.14822  eV     1   --> A'             
     e( 12 - 12) =     -7.05741  eV     1   --> A''            
     e( 13 - 13) =     -1.28730  eV     1   --> A'             
     e( 14 - 14) =      1.89998  eV     1   --> A''            
     e( 15 - 15) =      2.70974  eV     1   --> A'             
     e( 16 - 16) =      3.57889  eV     1   --> A''            
     e( 17 - 17) =      4.17528  eV     1   --> A'             
     e( 18 - 18) =      7.12247  eV     1   --> A'             
     e( 19 - 19) =      7.96164  eV     1   --> A''            
     e( 20 - 20) =      8.30826  eV     1   --> A'             
     e( 21 - 21) =      8.66590  eV     1   --> A''            
     e( 22 - 22) =      8.70626  eV     1   --> A'             
     e( 23 - 23) =      9.09203  eV     1   --> A'             
     e( 24 - 24) =      9.36209  eV     1   --> A'             
     e( 25 - 25) =      9.69856  eV     1   --> A''            
     e( 26 - 26) =     10.11356  eV     1   --> A''            

 **************************************************************************

 **************************************************************************

                    xk=(   0.45556,   0.36566,   0.00000  )

     Band symmetry, C_s (m)     point group:

     e(  1 -  1) =    -50.02557  eV     1   --> A'             
     e(  2 -  2) =    -29.23112  eV     1   --> A'             
     e(  3 -  3) =    -28.36638  eV     1   --> A''            
     e(  4 -  4) =    -27.94902  eV     1   --> A'             
     e(  5 -  5) =    -25.86645  eV     1   --> A''            
     e(  6 -  6) =    -25.24346  eV     1   --> A'             
     e(  7 -  7) =     -8.55817  eV     1   --> A'             
     e(  8 -  8) =     -8.26313  eV     1   --> A''            
     e(  9 -  9) =     -7.82732  eV     1   --> A'             
     e( 10 - 10) =     -7.64746  eV     1   --> A''            
     e( 11 - 11) =     -7.16291  eV     1   --> A'             
     e( 12 - 12) =     -7.05751  eV     1   --> A''            
     e( 13 - 13) =     -1.25955  eV     1   --> A'             
     e( 14 - 14) =      1.92397  eV     1   --> A''            
     e( 15 - 15) =      2.68552  eV     1   --> A'             
     e( 16 - 16) =      3.55986  eV     1   --> A''            
     e( 17 - 17) =      4.09036  eV     1   --> A'             
     e( 18 - 18) =      7.25762  eV     1   --> A'             
     e( 19 - 19) =      7.98424  eV     1   --> A''            
     e( 20 - 20) =      8.33533  eV     1   --> A'             
     e( 21 - 21) =      8.69107  eV     1   --> A''            
     e( 22 - 22) =      8.73950  eV     1   --> A'             
     e( 23 - 23) =      9.11966  eV     1   --> A'             
     e( 24 - 24) =      9.39068  eV     1   --> A'             
     e( 25 - 25) =      9.72514  eV     1   --> A''            
     e( 26 - 26) =     10.13537  eV     1   --> A''            

 **************************************************************************

 **************************************************************************

                    xk=(   0.45000,   0.37528,   0.00000  )

     Band symmetry, C_s (m)     point group:

     e(  1 -  1) =    -50.02484  eV     1   --> A'             
     e(  2 -  2) =    -29.22504  eV     1   --> A'             
     e(  3 -  3) =    -28.36170  eV     1   --> A''            
     e(  4 -  4) =    -27.96798  eV     1   --> A'             
     e(  5 -  5) =    -25.87102  eV     1   --> A''            
     e(  6 -  6) =    -25.23580  eV     1   --> A'             
     e(  7 -  7) =     -8.53780  eV     1   --> A'             
     e(  8 -  8) =     -8.28738  eV     1   --> A''            
     e(  9 -  9) =     -7.82686  eV     1   --> A'             
     e( 10 - 10) =     -7.63119  eV     1   --> A''            
     e( 11 - 11) =     -7.17932  eV     1   --> A'             
     e( 12 - 12) =     -7.05795  eV     1   --> A''            
     e( 13 - 13) =     -1.22841  eV     1   --> A'             
     e( 14 - 14) =      1.95069  eV     1   --> A''            
     e( 15 - 15) =      2.65782  eV     1   --> A'             
     e( 16 - 16) =      3.53874  eV     1   --> A''            
     e( 17 - 17) =      4.00540  eV     1   --> A'             
     e( 18 - 18) =      7.39873  eV     1   --> A'             
     e( 19 - 19) =      8.00982  eV     1   --> A''            
     e( 20 - 20) =      8.36603  eV     1   --> A'             
     e( 21 - 21) =      8.71938  eV     1   --> A''            
     e( 22 - 22) =      8.77771  eV     1   --> A'             
     e( 23 - 23) =      9.15089  eV     1   --> A'             
     e( 24 - 24) =      9.42322  eV     1   --> A'             
     e( 25 - 25) =      9.75526  eV     1   --> A''            
     e( 26 - 26) =     10.15969  eV     1   --> A''            

 **************************************************************************

 **************************************************************************

                    xk=(   0.44444,   0.38490,   0.00000  )

     Band symmetry, C_s (m)     point group:

     e(  1 -  1) =    -50.02403  eV     1   --> A'             
     e(  2 -  2) =    -29.21840  eV     1   --> A'             
     e(  3 -  3) =    -28.35658  eV     1   --> A''            
     e(  4 -  4) =    -27.98845  eV     1   --> A'             
     e(  5 -  5) =    -25.87601  eV     1   --> A''            
     e(  6 -  6) =    -25.22764  eV     1   --> A'             
     e(  7 -  7) =     -8.51553  eV     1   --> A'             
     e(  8 -  8) =     -8.31236  eV     1   --> A''            
     e(  9 -  9) =     -7.82643  eV     1   --> A'             
     e( 10 - 10) =     -7.61444  eV     1   --> A''            
     e( 11 - 11) =     -7.19734  eV     1   --> A'             
     e( 12 - 12) =     -7.05880  eV     1   --> A''            
     e( 13 - 13) =     -1.19398  eV     1   --> A'             
     e( 14 - 14) =      1.97995  eV     1   --> A''            
     e( 15 - 15) =      2.62665  eV     1   --> A'             
     e( 16 - 16) =      3.51569  eV     1   --> A''            
     e( 17 - 17) =      3.92180  eV     1   --> A'             
     e( 18 - 18) =      7.54385  eV     1   --> A'             
     e( 19 - 19) =      8.03835  eV     1   --> A''            
     e( 20 - 20) =      8.40039  eV     1   --> A'             
     e( 21 - 21) =      8.75073  eV     1   --> A''            
     e( 22 - 22) =      8.82114  eV     1   --> A'             
     e( 23 - 23) =      9.18569  eV     1   --> A'             
     e( 24 - 24) =      9.45979  eV     1   --> A'             
     e( 25 - 25) =      9.78890  eV     1   --> A''            
     e( 26 - 26) =     10.18634  eV     1   --> A''            

 **************************************************************************

 **************************************************************************

                    xk=(   0.43889,   0.39452,   0.00000  )

     Band symmetry, C_s (m)     point group:

     e(  1 -  1) =    -50.02317  eV     1   --> A'             
     e(  2 -  2) =    -29.21123  eV     1   --> A'             
     e(  3 -  3) =    -28.35106  eV     1   --> A''            
     e(  4 -  4) =    -28.01023  eV     1   --> A'             
     e(  5 -  5) =    -25.88139  eV     1   --> A''            
     e(  6 -  6) =    -25.21908  eV     1   --> A'             
     e(  7 -  7) =     -8.49147  eV     1   --> A'             
     e(  8 -  8) =     -8.33776  eV     1   --> A''            
     e(  9 -  9) =     -7.82605  eV     1   --> A'             
     e( 10 - 10) =     -7.59741  eV     1   --> A''            
     e( 11 - 11) =     -7.21687  eV     1   --> A'             
     e( 12 - 12) =     -7.06016  eV     1   --> A''            
     e( 13 - 13) =     -1.15647  eV     1   --> A'             
     e( 14 - 14) =      2.01159  eV     1   --> A''            
     e( 15 - 15) =      2.59214  eV     1   --> A'             
     e( 16 - 16) =      3.49087  eV     1   --> A''            
     e( 17 - 17) =      3.84069  eV     1   --> A'             
     e( 18 - 18) =      7.69116  eV     1   --> A'             
     e( 19 - 19) =      8.06982  eV     1   --> A''            
     e( 20 - 20) =      8.43845  eV     1   --> A'             
     e( 21 - 21) =      8.78504  eV     1   --> A''            
     e( 22 - 22) =      8.87011  eV     1   --> A'             
     e( 23 - 23) =      9.22402  eV     1   --> A'             
     e( 24 - 24) =      9.50047  eV     1   --> A'             
     e( 25 - 25) =      9.82606  eV     1   --> A''            
     e( 26 - 26) =     10.21512  eV     1   --> A''            

 **************************************************************************

 **************************************************************************

                    xk=(   0.43333,   0.40415,   0.00000  )

     Band symmetry, C_s (m)     point group:

     e(  1 -  1) =    -50.02226  eV     1   --> A'             
     e(  2 -  2) =    -29.20360  eV     1   --> A'             
     e(  3 -  3) =    -28.34519  eV     1   --> A''            
     e(  4 -  4) =    -28.03310  eV     1   --> A'             
     e(  5 -  5) =    -25.88712  eV     1   --> A''            
     e(  6 -  6) =    -25.21022  eV     1   --> A'             
     e(  7 -  7) =     -8.46578  eV     1   --> A'             
     e(  8 -  8) =     -8.36332  eV     1   --> A''            
     e(  9 -  9) =     -7.82573  eV     1   --> A'             
     e( 10 - 10) =     -7.58018  eV     1   --> A''            
     e( 11 - 11) =     -7.23778  eV     1   --> A'             
     e( 12 - 12) =     -7.06209  eV     1   --> A''            
     e( 13 - 13) =     -1.11607  eV     1   --> A'             
     e( 14 - 14) =      2.04539  eV     1   --> A''            
     e( 15 - 15) =      2.55449  eV     1   --> A'             
     e( 16 - 16) =      3.46443  eV     1   --> A''            
     e( 17 - 17) =      3.76283  eV     1   --> A'             
     e( 18 - 18) =      7.83888  eV     1   --> A'             
     e( 19 - 19) =      8.10420  eV     1   --> A''            
     e( 20 - 20) =      8.48031  eV     1   --> A'             
     e( 21 - 21) =      8.82217  eV     1   --> A''            
     e( 22 - 22) =      8.92502  eV     1   --> A'             
     e( 23 - 23) =      9.26582  eV     1   --> A'             
     e( 24 - 24) =      9.54538  eV     1   --> A'             
     e( 25 - 25) =      9.86673  eV     1   --> A''            
     e( 26 - 26) =     10.24578  eV     1   --> A''            

 **************************************************************************

 **************************************************************************

                    xk=(   0.42778,   0.41377,   0.00000  )

     Band symmetry, C_s (m)     point group:

     e(  1 -  1) =    -50.02131  eV     1   --> A'             
     e(  2 -  2) =    -29.19557  eV     1   --> A'             
     e(  3 -  3) =    -28.33903  eV     1   --> A''            
     e(  4 -  4) =    -28.05684  eV     1   --> A'             
     e(  5 -  5) =    -25.89315  eV     1   --> A''            
     e(  6 -  6) =    -25.20117  eV     1   --> A'             
     e(  7 -  7) =     -8.43868  eV     1   --> A'             
     e(  8 -  8) =     -8.38877  eV     1   --> A''            
     e(  9 -  9) =     -7.82550  eV     1   --> A'             
     e( 10 - 10) =     -7.56282  eV     1   --> A''            
     e( 11 - 11) =     -7.26004  eV     1   --> A'             
     e( 12 - 12) =     -7.06471  eV     1   --> A''            
     e( 13 - 13) =     -1.07305  eV     1   --> A'             
     e( 14 - 14) =      2.08113  eV     1   --> A''            
     e( 15 - 15) =      2.51405  eV     1   --> A'             
     e( 16 - 16) =      3.43655  eV     1   --> A''            
     e( 17 - 17) =      3.68873  eV     1   --> A'             
     e( 18 - 18) =      7.98516  eV     1   --> A'             
     e( 19 - 19) =      8.14148  eV     1   --> A''            
     e( 20 - 20) =      8.52611  eV     1   --> A'             
     e( 21 - 21) =      8.86200  eV     1   --> A''            
     e( 22 - 22) =      8.98630  eV     1   --> A'             
     e( 23 - 23) =      9.31101  eV     1   --> A'             
     e( 24 - 24) =      9.59466  eV     1   --> A'             
     e( 25 - 25) =      9.91090  eV     1   --> A''            
     e( 26 - 26) =     10.27799  eV     1   --> A''            

 **************************************************************************

 **************************************************************************

                    xk=(   0.42222,   0.42339,   0.00000  )

     Band symmetry, C_s (m)     point group:

     e(  1 -  1) =    -50.02033  eV     1   --> A'             
     e(  2 -  2) =    -29.18722  eV     1   --> A'             
     e(  3 -  3) =    -28.33261  eV     1   --> A''            
     e(  4 -  4) =    -28.08117  eV     1   --> A'             
     e(  5 -  5) =    -25.89943  eV     1   --> A''            
     e(  6 -  6) =    -25.19204  eV     1   --> A'             
     e(  7 -  7) =     -8.41389  eV     1   --> A''            
     e(  8 -  8) =     -8.41028  eV     1   --> A'             
     e(  9 -  9) =     -7.82537  eV     1   --> A'             
     e( 10 - 10) =     -7.54537  eV     1   --> A''            
     e( 11 - 11) =     -7.28343  eV     1   --> A'             
     e( 12 - 12) =     -7.06805  eV     1   --> A''            
     e( 13 - 13) =     -1.02771  eV     1   --> A'             
     e( 14 - 14) =      2.11857  eV     1   --> A''            
     e( 15 - 15) =      2.47130  eV     1   --> A'             
     e( 16 - 16) =      3.40740  eV     1   --> A''            
     e( 17 - 17) =      3.61873  eV     1   --> A'             
     e( 18 - 18) =      8.12805  eV     1   --> A'             
     e( 19 - 19) =      8.18163  eV     1   --> A''            
     e( 20 - 20) =      8.57609  eV     1   --> A'             
     e( 21 - 21) =      8.90436  eV     1   --> A''            
     e( 22 - 22) =      9.05444  eV     1   --> A'             
     e( 23 - 23) =      9.35948  eV     1   --> A'             
     e( 24 - 24) =      9.64852  eV     1   --> A'             
     e( 25 - 25) =      9.95854  eV     1   --> A''            
     e( 26 - 26) =     10.31138  eV     1   --> A''            

 **************************************************************************

 **************************************************************************

                    xk=(   0.41667,   0.43301,   0.00000  )

     Band symmetry, C_s (m)     point group:

     e(  1 -  1) =    -50.01932  eV     1   --> A'             
     e(  2 -  2) =    -29.17862  eV     1   --> A'             
     e(  3 -  3) =    -28.32600  eV     1   --> A''            
     e(  4 -  4) =    -28.10588  eV     1   --> A'             
     e(  5 -  5) =    -25.90590  eV     1   --> A''            
     e(  6 -  6) =    -25.18292  eV     1   --> A'             
     e(  7 -  7) =     -8.43850  eV     1   --> A''            
     e(  8 -  8) =     -8.38081  eV     1   --> A'             
     e(  9 -  9) =     -7.82535  eV     1   --> A'             
     e( 10 - 10) =     -7.52789  eV     1   --> A''            
     e( 11 - 11) =     -7.30789  eV     1   --> A'             
     e( 12 - 12) =     -7.07220  eV     1   --> A''            
     e( 13 - 13) =     -0.98043  eV     1   --> A'             
     e( 14 - 14) =      2.15747  eV     1   --> A''            
     e( 15 - 15) =      2.42682  eV     1   --> A'             
     e( 16 - 16) =      3.37713  eV     1   --> A''            
     e( 17 - 17) =      3.55292  eV     1   --> A'             
     e( 18 - 18) =      8.22461  eV     1   --> A''            
     e( 19 - 19) =      8.26543  eV     1   --> A'             
     e( 20 - 20) =      8.63066  eV     1   --> A'             
     e( 21 - 21) =      8.94903  eV     1   --> A''            
     e( 22 - 22) =      9.12983  eV     1   --> A'             
     e( 23 - 23) =      9.41110  eV     1   --> A'             
     e( 24 - 24) =      9.70719  eV     1   --> A'             
     e( 25 - 25) =     10.00964  eV     1   --> A''            
     e( 26 - 26) =     10.34549  eV     1   --> A''            

 **************************************************************************

 **************************************************************************

                    xk=(   0.41111,   0.44264,   0.00000  )

     Band symmetry, C_s (m)     point group:

     e(  1 -  1) =    -50.01830  eV     1   --> A'             
     e(  2 -  2) =    -29.16987  eV     1   --> A'             
     e(  3 -  3) =    -28.31927  eV     1   --> A''            
     e(  4 -  4) =    -28.13068  eV     1   --> A'             
     e(  5 -  5) =    -25.91250  eV     1   --> A''            
     e(  6 -  6) =    -25.17393  eV     1   --> A'             
     e(  7 -  7) =     -8.46239  eV     1   --> A''            
     e(  8 -  8) =     -8.35048  eV     1   --> A'             
     e(  9 -  9) =     -7.82545  eV     1   --> A'             
     e( 10 - 10) =     -7.51040  eV     1   --> A''            
     e( 11 - 11) =     -7.33324  eV     1   --> A'             
     e( 12 - 12) =     -7.07719  eV     1   --> A''            
     e( 13 - 13) =     -0.93162  eV     1   --> A'             
     e( 14 - 14) =      2.19756  eV     1   --> A''            
     e( 15 - 15) =      2.38135  eV     1   --> A'             
     e( 16 - 16) =      3.34595  eV     1   --> A''            
     e( 17 - 17) =      3.49127  eV     1   --> A'             
     e( 18 - 18) =      8.27039  eV     1   --> A''            
     e( 19 - 19) =      8.39509  eV     1   --> A'             
     e( 20 - 20) =      8.69045  eV     1   --> A'             
     e( 21 - 21) =      8.99578  eV     1   --> A''            
     e( 22 - 22) =      9.21265  eV     1   --> A'             
     e( 23 - 23) =      9.46568  eV     1   --> A'             
     e( 24 - 24) =      9.77098  eV     1   --> A'             
     e( 25 - 25) =     10.06413  eV     1   --> A''            
     e( 26 - 26) =     10.37972  eV     1   --> A''            

 **************************************************************************

 **************************************************************************

                    xk=(   0.40556,   0.45226,   0.00000  )

     Band symmetry, C_s (m)     point group:

     e(  1 -  1) =    -50.01728  eV     1   --> A'             
     e(  2 -  2) =    -29.16107  eV     1   --> A'             
     e(  3 -  3) =    -28.31247  eV     1   --> A''            
     e(  4 -  4) =    -28.15533  eV     1   --> A'             
     e(  5 -  5) =    -25.91918  eV     1   --> A''            
     e(  6 -  6) =    -25.16513  eV     1   --> A'             
     e(  7 -  7) =     -8.48539  eV     1   --> A''            
     e(  8 -  8) =     -8.31949  eV     1   --> A'             
     e(  9 -  9) =     -7.82566  eV     1   --> A'             
     e( 10 - 10) =     -7.49289  eV     1   --> A''            
     e( 11 - 11) =     -7.35932  eV     1   --> A'             
     e( 12 - 12) =     -7.08307  eV     1   --> A''            
     e( 13 - 13) =     -0.88179  eV     1   --> A'             
     e( 14 - 14) =      2.23860  eV     1   --> A''            
     e( 15 - 15) =      2.33570  eV     1   --> A'             
     e( 16 - 16) =      3.31402  eV     1   --> A''            
     e( 17 - 17) =      3.43366  eV     1   --> A'             
     e( 18 - 18) =      8.31894  eV     1   --> A''            
     e( 19 - 19) =      8.51485  eV     1   --> A'             
     e( 20 - 20) =      8.75631  eV     1   --> A'             
     e( 21 - 21) =      9.04429  eV     1   --> A''            
     e( 22 - 22) =      9.30261  eV     1   --> A'             
     e( 23 - 23) =      9.52295  eV     1   --> A'             
     e( 24 - 24) =      9.84018  eV     1   --> A'             
     e( 25 - 25) =     10.12194  eV     1   --> A''            
     e( 26 - 26) =     10.41337  eV     1   --> A''            

 **************************************************************************

 **************************************************************************

                    xk=(   0.40000,   0.46188,   0.00000  )

     Band symmetry, C_s (m)     point group:

     e(  1 -  1) =    -50.01626  eV     1   --> A'             
     e(  2 -  2) =    -29.15230  eV     1   --> A'             
     e(  3 -  3) =    -28.30567  eV     1   --> A''            
     e(  4 -  4) =    -28.17953  eV     1   --> A'             
     e(  5 -  5) =    -25.92586  eV     1   --> A''            
     e(  6 -  6) =    -25.15663  eV     1   --> A'             
     e(  7 -  7) =     -8.50734  eV     1   --> A''            
     e(  8 -  8) =     -8.28807  eV     1   --> A'             
     e(  9 -  9) =     -7.82595  eV     1   --> A'             
     e( 10 - 10) =     -7.47542  eV     1   --> A''            
     e( 11 - 11) =     -7.38595  eV     1   --> A'             
     e( 12 - 12) =     -7.08982  eV     1   --> A''            
     e( 13 - 13) =     -0.83150  eV     1   --> A'             
     e( 14 - 14) =      2.28027  eV     1   --> A''            
     e( 15 - 15) =      2.29073  eV     1   --> A'             
     e( 16 - 16) =      3.28156  eV     1   --> A''            
     e( 17 - 17) =      3.37991  eV     1   --> A'             
     e( 18 - 18) =      8.37021  eV     1   --> A''            
     e( 19 - 19) =      8.62315  eV     1   --> A'             
     e( 20 - 20) =      8.82901  eV     1   --> A'             
     e( 21 - 21) =      9.09416  eV     1   --> A''            
     e( 22 - 22) =      9.39880  eV     1   --> A'             
     e( 23 - 23) =      9.58254  eV     1   --> A'             
     e( 24 - 24) =      9.91506  eV     1   --> A'             
     e( 25 - 25) =     10.18294  eV     1   --> A''            
     e( 26 - 26) =     10.44560  eV     1   --> A''            

 **************************************************************************

 **************************************************************************

                    xk=(   0.39444,   0.47150,   0.00000  )

     Band symmetry, C_s (m)     point group:

     e(  1 -  1) =    -50.01526  eV     1   --> A'             
     e(  2 -  2) =    -29.14371  eV     1   --> A'             
     e(  3 -  3) =    -28.29894  eV     1   --> A''            
     e(  4 -  4) =    -28.20305  eV     1   --> A'             
     e(  5 -  5) =    -25.93248  eV     1   --> A''            
     e(  6 -  6) =    -25.14851  eV     1   --> A'             
     e(  7 -  7) =     -8.52809  eV     1   --> A''            
     e(  8 -  8) =     -8.25650  eV     1   --> A'             
     e(  9 -  9) =     -7.82630  eV     1   --> A'             
     e( 10 - 10) =     -7.45801  eV     1   --> A''            
     e( 11 - 11) =     -7.41298  eV     1   --> A'             
     e( 12 - 12) =     -7.09749  eV     1   --> A''            
     e( 13 - 13) =     -0.78140  eV     1   --> A'             
     e( 14 - 14) =      2.24735  eV     1   --> A'             
     e( 15 - 15) =      2.32228  eV     1   --> A''            
     e( 16 - 16) =      3.24871  eV     1   --> A''            
     e( 17 - 17) =      3.32978  eV     1   --> A'             
     e( 18 - 18) =      8.42414  eV     1   --> A''            
     e( 19 - 19) =      8.71983  eV     1   --> A'             
     e( 20 - 20) =      8.90844  eV     1   --> A'             
     e( 21 - 21) =      9.14487  eV     1   --> A''            
     e( 22 - 22) =      9.49957  eV     1   --> A'             
     e( 23 - 23) =      9.64398  eV     1   --> A'             
     e( 24 - 24) =      9.99563  eV     1   --> A'             
     e( 25 - 25) =     10.24682  eV     1   --> A''            
     e( 26 - 26) =     10.47550  eV     1   -->   ?

 **************************************************************************

 **************************************************************************

                    xk=(   0.38889,   0.48113,   0.00000  )

     Band symmetry, C_s (m)     point group:

     e(  1 -  1) =    -50.01430  eV     1   --> A'             
     e(  2 -  2) =    -29.13542  eV     1   --> A'             
     e(  3 -  3) =    -28.29238  eV     1   --> A''            
     e(  4 -  4) =    -28.22560  eV     1   --> A'             
     e(  5 -  5) =    -25.93895  eV     1   --> A''            
     e(  6 -  6) =    -25.14083  eV     1   --> A'             
     e(  7 -  7) =     -8.54754  eV     1   --> A''            
     e(  8 -  8) =     -8.22508  eV     1   --> A'             
     e(  9 -  9) =     -7.82667  eV     1   --> A'             
     e( 10 - 10) =     -7.44067  eV     1   --> A''            
     e( 11 - 11) =     -7.44023  eV     1   --> A'             
     e( 12 - 12) =     -7.10606  eV     1   --> A''            
     e( 13 - 13) =     -0.73220  eV     1   --> A'             
     e( 14 - 14) =      2.20643  eV     1   --> A'             
     e( 15 - 15) =      2.36427  eV     1   --> A''            
     e( 16 - 16) =      3.21571  eV     1   --> A''            
     e( 17 - 17) =      3.28307  eV     1   --> A'             
     e( 18 - 18) =      8.48068  eV     1   --> A''            
     e( 19 - 19) =      8.80686  eV     1   --> A'             
     e( 20 - 20) =      8.99292  eV     1   --> A'             
     e( 21 - 21) =      9.19573  eV     1   --> A''            
     e( 22 - 22) =      9.60281  eV     1   --> A'             
     e( 23 - 23) =      9.70661  eV     1   --> A'             
     e( 24 - 24) =     10.08131  eV     1   --> A'             
     e( 25 - 25) =     10.31291  eV     1   --> A''            
     e( 26 - 26) =     10.50232  eV     1   -->   ?

 **************************************************************************

 **************************************************************************

                    xk=(   0.38333,   0.49075,   0.00000  )

     Band symmetry, C_s (m)     point group:

     e(  1 -  1) =    -50.01337  eV     1   --> A'             
     e(  2 -  2) =    -29.12754  eV     1   --> A'             
     e(  3 -  3) =    -28.28604  eV     1   --> A''            
     e(  4 -  4) =    -28.24691  eV     1   --> A'             
     e(  5 -  5) =    -25.94520  eV     1   --> A''            
     e(  6 -  6) =    -25.13368  eV     1   --> A'             
     e(  7 -  7) =     -8.56552  eV     1   --> A''            
     e(  8 -  8) =     -8.19413  eV     1   --> A'             
     e(  9 -  9) =     -7.82695  eV     1   --> A'             
     e( 10 - 10) =     -7.46748  eV     1   --> A'             
     e( 11 - 11) =     -7.42342  eV     1   --> A''            
     e( 12 - 12) =     -7.11549  eV     1   --> A''            
     e( 13 - 13) =     -0.68466  eV     1   --> A'             
     e( 14 - 14) =      2.16882  eV     1   --> A'             
     e( 15 - 15) =      2.40594  eV     1   --> A''            
     e( 16 - 16) =      3.18276  eV     1   --> A''            
     e( 17 - 17) =      3.23967  eV     1   --> A'             
     e( 18 - 18) =      8.53974  eV     1   --> A''            
     e( 19 - 19) =      8.88736  eV     1   --> A'             
     e( 20 - 20) =      9.07988  eV     1   --> A'             
     e( 21 - 21) =      9.24583  eV     1   --> A''            
     e( 22 - 22) =      9.70643  eV     1   --> A'             
     e( 23 - 23) =      9.76962  eV     1   --> A'             
     e( 24 - 24) =     10.17053  eV     1   --> A'             
     e( 25 - 25) =     10.37938  eV     1   --> A''            
     e( 26 - 26) =     10.52634  eV     1   --> A''            

 **************************************************************************

 **************************************************************************

                    xk=(   0.37778,   0.50037,   0.00000  )

     Band symmetry, C_s (m)     point group:

     e(  1 -  1) =    -50.01249  eV     1   --> A'             
     e(  2 -  2) =    -29.12020  eV     1   --> A'             
     e(  3 -  3) =    -28.28002  eV     1   --> A''            
     e(  4 -  4) =    -28.26674  eV     1   --> A'             
     e(  5 -  5) =    -25.95115  eV     1   --> A''            
     e(  6 -  6) =    -25.12710  eV     1   --> A'             
     e(  7 -  7) =     -8.58194  eV     1   --> A''            
     e(  8 -  8) =     -8.16405  eV     1   --> A'             
     e(  9 -  9) =     -7.82702  eV     1   --> A'             
     e( 10 - 10) =     -7.49445  eV     1   --> A'             
     e( 11 - 11) =     -7.40636  eV     1   --> A''            
     e( 12 - 12) =     -7.12571  eV     1   --> A''            
     e( 13 - 13) =     -0.63959  eV     1   --> A'             
     e( 14 - 14) =      2.13529  eV     1   --> A'             
     e( 15 - 15) =      2.44687  eV     1   --> A''            
     e( 16 - 16) =      3.15014  eV     1   --> A''            
     e( 17 - 17) =      3.19949  eV     1   --> A'             
     e( 18 - 18) =      8.60121  eV     1   --> A''            
     e( 19 - 19) =      8.96409  eV     1   --> A'             
     e( 20 - 20) =      9.16703  eV     1   --> A'             
     e( 21 - 21) =      9.29393  eV     1   --> A''            
     e( 22 - 22) =      9.80881  eV     1   --> A'             
     e( 23 - 23) =      9.83211  eV     1   --> A'             
     e( 24 - 24) =     10.26052  eV     1   --> A'             
     e( 25 - 25) =     10.44022  eV     1   --> A''            
     e( 26 - 26) =     10.55213  eV     1   --> A''            

 **************************************************************************

 **************************************************************************

                    xk=(   0.37222,   0.50999,   0.00000  )

     Band symmetry, C_s (m)     point group:

     e(  1 -  1) =    -50.01168  eV     1   --> A'             
     e(  2 -  2) =    -29.11352  eV     1   --> A'             
     e(  3 -  3) =    -28.28482  eV     1   --> A'             
     e(  4 -  4) =    -28.27439  eV     1   --> A''            
     e(  5 -  5) =    -25.95672  eV     1   --> A''            
     e(  6 -  6) =    -25.12115  eV     1   --> A'             
     e(  7 -  7) =     -8.59671  eV     1   --> A''            
     e(  8 -  8) =     -8.13530  eV     1   --> A'             
     e(  9 -  9) =     -7.82675  eV     1   --> A'             
     e( 10 - 10) =     -7.52083  eV     1   --> A'             
     e( 11 - 11) =     -7.38955  eV     1   --> A''            
     e( 12 - 12) =     -7.13664  eV     1   --> A''            
     e( 13 - 13) =     -0.59781  eV     1   --> A'             
     e( 14 - 14) =      2.10643  eV     1   --> A'             
     e( 15 - 15) =      2.48661  eV     1   --> A''            
     e( 16 - 16) =      3.11817  eV     1   --> A''            
     e( 17 - 17) =      3.16259  eV     1   --> A'             
     e( 18 - 18) =      8.66493  eV     1   --> A''            
     e( 19 - 19) =      9.03885  eV     1   --> A'             
     e( 20 - 20) =      9.25273  eV     1   --> A'             
     e( 21 - 21) =      9.33834  eV     1   --> A''            
     e( 22 - 22) =      9.89312  eV     1   --> A'             
     e( 23 - 23) =      9.90916  eV     1   --> A'             
     e( 24 - 24) =     10.34810  eV     1   --> A'             
     e( 25 - 25) =     10.47984  eV     1   --> A''            
     e( 26 - 26) =     10.59431  eV     1   --> A''            

 **************************************************************************

 **************************************************************************

                    xk=(   0.36667,   0.51962,   0.00000  )

     Band symmetry, C_s (m)     point group:

     e(  1 -  1) =    -50.01094  eV     1   --> A'             
     e(  2 -  2) =    -29.10761  eV     1   --> A'             
     e(  3 -  3) =    -28.30092  eV     1   --> A'             
     e(  4 -  4) =    -28.26924  eV     1   --> A''            
     e(  5 -  5) =    -25.96182  eV     1   --> A''            
     e(  6 -  6) =    -25.11589  eV     1   --> A'             
     e(  7 -  7) =     -8.60971  eV     1   --> A''            
     e(  8 -  8) =     -8.10845  eV     1   --> A'             
     e(  9 -  9) =     -7.82590  eV     1   --> A'             
     e( 10 - 10) =     -7.54627  eV     1   --> A'             
     e( 11 - 11) =     -7.37307  eV     1   --> A''            
     e( 12 - 12) =     -7.14814  eV     1   --> A''            
     e( 13 - 13) =     -0.56011  eV     1   --> A'             
     e( 14 - 14) =      2.08267  eV     1   --> A'             
     e( 15 - 15) =      2.52462  eV     1   --> A''            
     e( 16 - 16) =      3.08726  eV     1   --> A''            
     e( 17 - 17) =      3.12911  eV     1   --> A'             
     e( 18 - 18) =      8.73069  eV     1   --> A''            
     e( 19 - 19) =      9.11253  eV     1   --> A'             
     e( 20 - 20) =      9.33552  eV     1   --> A'             
     e( 21 - 21) =      9.37681  eV     1   --> A''            
     e( 22 - 22) =      9.95217  eV     1   --> A'             
     e( 23 - 23) =     10.00712  eV     1   --> A'             
     e( 24 - 24) =     10.43170  eV     1   --> A'             
     e( 25 - 25) =     10.49060  eV     1   --> A''            
     e( 26 - 26) =     10.66068  eV     1   --> A''            

 **************************************************************************

 **************************************************************************

                    xk=(   0.36111,   0.52924,   0.00000  )

     Band symmetry, C_s (m)     point group:

     e(  1 -  1) =    -50.01028  eV     1   --> A'             
     e(  2 -  2) =    -29.10258  eV     1   --> A'             
     e(  3 -  3) =    -28.31483  eV     1   --> A'             
     e(  4 -  4) =    -28.26466  eV     1   --> A''            
     e(  5 -  5) =    -25.96636  eV     1   --> A''            
     e(  6 -  6) =    -25.11135  eV     1   --> A'             
     e(  7 -  7) =     -8.62086  eV     1   --> A''            
     e(  8 -  8) =     -8.08419  eV     1   --> A'             
     e(  9 -  9) =     -7.82430  eV     1   --> A'             
     e( 10 - 10) =     -7.57032  eV     1   --> A'             
     e( 11 - 11) =     -7.35711  eV     1   --> A''            
     e( 12 - 12) =     -7.16002  eV     1   --> A''            
     e( 13 - 13) =     -0.52721  eV     1   --> A'             
     e( 14 - 14) =      2.06417  eV     1   --> A'             
     e( 15 - 15) =      2.56020  eV     1   --> A''            
     e( 16 - 16) =      3.05798  eV     1   --> A''            
     e( 17 - 17) =      3.09931  eV     1   --> A'             
     e( 18 - 18) =      8.79809  eV     1   --> A''            
     e( 19 - 19) =      9.18550  eV     1   --> A'             
     e( 20 - 20) =      9.40646  eV     1   --> A''            
     e( 21 - 21) =      9.41361  eV     1   --> A'             
     e( 22 - 22) =     10.00903  eV     1   --> A'             
     e( 23 - 23) =     10.10272  eV     1   --> A'             
     e( 24 - 24) =     10.48469  eV     1   --> A''            
     e( 25 - 25) =     10.51266  eV     1   --> A'             
     e( 26 - 26) =     10.74078  eV     1   --> A''            

 **************************************************************************

 **************************************************************************

                    xk=(   0.35556,   0.53886,   0.00000  )

     Band symmetry, C_s (m)     point group:

     e(  1 -  1) =    -50.00972  eV     1   --> A'             
     e(  2 -  2) =    -29.09848  eV     1   --> A'             
     e(  3 -  3) =    -28.32639  eV     1   --> A'             
     e(  4 -  4) =    -28.26073  eV     1   --> A''            
     e(  5 -  5) =    -25.97026  eV     1   --> A''            
     e(  6 -  6) =    -25.10757  eV     1   --> A'             
     e(  7 -  7) =     -8.63010  eV     1   --> A''            
     e(  8 -  8) =     -8.06326  eV     1   --> A'             
     e(  9 -  9) =     -7.82176  eV     1   --> A'             
     e( 10 - 10) =     -7.59235  eV     1   --> A'             
     e( 11 - 11) =     -7.34193  eV     1   --> A''            
     e( 12 - 12) =     -7.17194  eV     1   --> A''            
     e( 13 - 13) =     -0.49973  eV     1   --> A'             
     e( 14 - 14) =      2.05086  eV     1   --> A'             
     e( 15 - 15) =      2.59246  eV     1   --> A''            
     e( 16 - 16) =      3.03111  eV     1   --> A''            
     e( 17 - 17) =      3.07359  eV     1   --> A'             
     e( 18 - 18) =      8.86647  eV     1   --> A''            
     e( 19 - 19) =      9.25773  eV     1   --> A'             
     e( 20 - 20) =      9.42398  eV     1   --> A''            
     e( 21 - 21) =      9.48411  eV     1   --> A'             
     e( 22 - 22) =     10.06413  eV     1   --> A'             
     e( 23 - 23) =     10.19543  eV     1   --> A'             
     e( 24 - 24) =     10.47202  eV     1   --> A''            
     e( 25 - 25) =     10.59367  eV     1   --> A'             
     e( 26 - 26) =     10.82815  eV     1   --> A''            

 **************************************************************************

 **************************************************************************

                    xk=(   0.35000,   0.54848,   0.00000  )

     Band symmetry, C_s (m)     point group:

     e(  1 -  1) =    -50.00927  eV     1   --> A'             
     e(  2 -  2) =    -29.09536  eV     1   --> A'             
     e(  3 -  3) =    -28.33546  eV     1   --> A'             
     e(  4 -  4) =    -28.25754  eV     1   --> A''            
     e(  5 -  5) =    -25.97343  eV     1   --> A''            
     e(  6 -  6) =    -25.10460  eV     1   --> A'             
     e(  7 -  7) =     -8.63737  eV     1   --> A''            
     e(  8 -  8) =     -8.04643  eV     1   --> A'             
     e(  9 -  9) =     -7.81834  eV     1   --> A'             
     e( 10 - 10) =     -7.61156  eV     1   --> A'             
     e( 11 - 11) =     -7.32805  eV     1   --> A''            
     e( 12 - 12) =     -7.18341  eV     1   --> A''            
     e( 13 - 13) =     -0.47815  eV     1   --> A'             
     e( 14 - 14) =      2.04226  eV     1   --> A'             
     e( 15 - 15) =      2.62018  eV     1   --> A''            
     e( 16 - 16) =      3.00773  eV     1   --> A''            
     e( 17 - 17) =      3.05245  eV     1   --> A'             
     e( 18 - 18) =      8.93448  eV     1   --> A''            
     e( 19 - 19) =      9.32896  eV     1   --> A'             
     e( 20 - 20) =      9.42637  eV     1   --> A''            
     e( 21 - 21) =      9.54215  eV     1   --> A'             
     e( 22 - 22) =     10.11813  eV     1   --> A'             
     e( 23 - 23) =     10.28309  eV     1   --> A'             
     e( 24 - 24) =     10.45922  eV     1   --> A''            
     e( 25 - 25) =     10.67535  eV     1   --> A'             
     e( 26 - 26) =     10.86281  eV     1   --> A'             

 **************************************************************************

 **************************************************************************

                    xk=(   0.34444,   0.55811,   0.00000  )

     Band symmetry, C_s (m)     point group:

     e(  1 -  1) =    -50.00893  eV     1   --> A'             
     e(  2 -  2) =    -29.09320  eV     1   --> A'             
     e(  3 -  3) =    -28.34195  eV     1   --> A'             
     e(  4 -  4) =    -28.25517  eV     1   --> A''            
     e(  5 -  5) =    -25.97579  eV     1   --> A''            
     e(  6 -  6) =    -25.10245  eV     1   --> A'             
     e(  7 -  7) =     -8.64261  eV     1   --> A''            
     e(  8 -  8) =     -8.03427  eV     1   --> A'             
     e(  9 -  9) =     -7.81449  eV     1   --> A'             
     e( 10 - 10) =     -7.62684  eV     1   --> A'             
     e( 11 - 11) =     -7.31627  eV     1   --> A''            
     e( 12 - 12) =     -7.19350  eV     1   --> A''            
     e( 13 - 13) =     -0.46274  eV     1   --> A'             
     e( 14 - 14) =      2.03760  eV     1   --> A'             
     e( 15 - 15) =      2.64183  eV     1   --> A''            
     e( 16 - 16) =      2.98930  eV     1   --> A''            
     e( 17 - 17) =      3.03654  eV     1   --> A'             
     e( 18 - 18) =      8.99911  eV     1   --> A''            
     e( 19 - 19) =      9.39868  eV     1   --> A'             
     e( 20 - 20) =      9.41296  eV     1   --> A''            
     e( 21 - 21) =      9.57973  eV     1   --> A'             
     e( 22 - 22) =     10.17102  eV     1   --> A'             
     e( 23 - 23) =     10.35899  eV     1   --> A'             
     e( 24 - 24) =     10.45102  eV     1   --> A''            
     e( 25 - 25) =     10.70205  eV     1   --> A'             
     e( 26 - 26) =     10.78491  eV     1   --> A'             

 **************************************************************************

 **************************************************************************

                    xk=(   0.33889,   0.56773,   0.00000  )

     Band symmetry, C_s (m)     point group:

     e(  1 -  1) =    -50.00872  eV     1   --> A'             
     e(  2 -  2) =    -29.09198  eV     1   --> A'             
     e(  3 -  3) =    -28.34583  eV     1   --> A'             
     e(  4 -  4) =    -28.25368  eV     1   --> A''            
     e(  5 -  5) =    -25.97727  eV     1   --> A''            
     e(  6 -  6) =    -25.10114  eV     1   --> A'             
     e(  7 -  7) =     -8.64578  eV     1   --> A''            
     e(  8 -  8) =     -8.02707  eV     1   --> A'             
     e(  9 -  9) =     -7.81121  eV     1   --> A'             
     e( 10 - 10) =     -7.63687  eV     1   --> A'             
     e( 11 - 11) =     -7.30800  eV     1   --> A''            
     e( 12 - 12) =     -7.20082  eV     1   --> A''            
     e( 13 - 13) =     -0.45360  eV     1   --> A'             
     e( 14 - 14) =      2.03581  eV     1   --> A'             
     e( 15 - 15) =      2.65569  eV     1   --> A''            
     e( 16 - 16) =      2.97743  eV     1   --> A''            
     e( 17 - 17) =      3.02651  eV     1   --> A'             
     e( 18 - 18) =      9.05271  eV     1   --> A''            
     e( 19 - 19) =      9.38948  eV     1   --> A''            
     e( 20 - 20) =      9.46548  eV     1   --> A'             
     e( 21 - 21) =      9.58589  eV     1   --> A'             
     e( 22 - 22) =     10.21927  eV     1   --> A'             
     e( 23 - 23) =     10.40381  eV     1   --> A'             
     e( 24 - 24) =     10.44905  eV     1   --> A''            
     e( 25 - 25) =     10.62353  eV     1   --> A'             
     e( 26 - 26) =     10.86729  eV     1   --> A'             

 **************************************************************************

 **************************************************************************

                    xk=(   0.33333,   0.57735,   0.00000  )

     point group C_3h (-6)  
     there are  6 classes
     the character table:

       E     C3    C3^2  s_h   S3    S3^5 
A'     1.00  1.00  1.00  1.00  1.00  1.00
E'     1.00 -0.50 -0.50  1.00 -0.50 -0.50
E'*    1.00 -0.50 -0.50  1.00 -0.50 -0.50
A''    1.00  1.00  1.00 -1.00 -1.00 -1.00
E''    1.00 -0.50 -0.50 -1.00  0.50  0.50
E''*   1.00 -0.50 -0.50 -1.00  0.50  0.50
     imaginary part
A'     0.00  0.00  0.00  0.00  0.00  0.00
E'     0.00  0.87 -0.87  0.00  0.87 -0.87
E'*    0.00 -0.87  0.87  0.00 -0.87  0.87
A''    0.00  0.00  0.00  0.00  0.00  0.00
E''    0.00  0.87 -0.87  0.00 -0.87  0.87
E''*   0.00 -0.87  0.87  0.00  0.87 -0.87

     the symmetry operations in each class and the name of the first element:

     E        1
                                                                 
     C3       2
                                                                 
     C3^2     3
                                                                 
     s_h      4
                                                                 
     S3       6
                                                                 
     S3^5     5
                                                                 

     Band symmetry, C_3h (-6)   point group:

     e(  1 -  1) =    -50.00865  eV     1   --> A'             
     e(  2 -  2) =    -29.09159  eV     1   --> E'*            
     e(  3 -  3) =    -28.34711  eV     1   --> E'             
     e(  4 -  4) =    -28.25317  eV     1   --> A''            
     e(  5 -  5) =    -25.97777  eV     1   --> E''*           
     e(  6 -  6) =    -25.10070  eV     1   --> E'*            
     e(  7 -  7) =     -8.64684  eV     1   --> E''            
     e(  8 -  8) =     -8.02475  eV     1   --> A'             
     e(  9 -  9) =     -7.80985  eV     1   --> E'*            
     e( 10 - 10) =     -7.64040  eV     1   --> E'             
     e( 11 - 11) =     -7.30494  eV     1   --> A''            
     e( 12 - 12) =     -7.20358  eV     1   --> E''*           
     e( 13 - 13) =     -0.45060  eV     1   --> E'             
     e( 14 - 14) =      2.03553  eV     1   --> A'             
     e( 15 - 15) =      2.66043  eV     1   --> E''            
     e( 16 - 16) =      2.97336  eV     1   --> E''*           
     e( 17 - 17) =      3.02304  eV     1   --> E'*            
     e( 18 - 18) =      9.07673  eV     1   --> A''            
     e( 19 - 19) =      9.37503  eV     1   --> E''            
     e( 20 - 20) =      9.51251  eV     1   --> A'             
     e( 21 - 21) =      9.56480  eV     1   --> E'             
     e( 22 - 22) =     10.24482  eV     1   --> E'*            
     e( 23 - 23) =     10.40634  eV     1   --> A'             
     e( 24 - 24) =     10.45011  eV     1   --> E''*           
     e( 25 - 25) =     10.60502  eV     1   --> E'             
     e( 26 - 26) =     10.95503  eV     1   --> A'             

 **************************************************************************

 **************************************************************************

                    xk=(   0.32222,   0.55811,   0.00000  )

     point group C_s (m)    
     there are  2 classes
     the character table:

       E     s    
A'     1.00  1.00
A''    1.00 -1.00

     the symmetry operations in each class and the name of the first element:

     E        1
                                                                 
     s        2
                                                                 

     Band symmetry, C_s (m)     point group:

     e(  1 -  1) =    -50.00895  eV     1   --> A'             
     e(  2 -  2) =    -29.09281  eV     1   --> A'             
     e(  3 -  3) =    -28.34217  eV     1   --> A'             
     e(  4 -  4) =    -28.25534  eV     1   --> A''            
     e(  5 -  5) =    -25.97561  eV     1   --> A''            
     e(  6 -  6) =    -25.10248  eV     1   --> A'             
     e(  7 -  7) =     -8.64254  eV     1   --> A''            
     e(  8 -  8) =     -8.03287  eV     1   --> A'             
     e(  9 -  9) =     -7.81576  eV     1   --> A'             
     e( 10 - 10) =     -7.62682  eV     1   --> A'             
     e( 11 - 11) =     -7.31656  eV     1   --> A''            
     e( 12 - 12) =     -7.19304  eV     1   --> A''            
     e( 13 - 13) =     -0.46179  eV     1   --> A'             
     e( 14 - 14) =      2.03387  eV     1   --> A'             
     e( 15 - 15) =      2.64313  eV     1   --> A''            
     e( 16 - 16) =      2.98786  eV     1   --> A''            
     e( 17 - 17) =      3.03765  eV     1   --> A'             
     e( 18 - 18) =      8.96920  eV     1   --> A''            
     e( 19 - 19) =      9.31696  eV     1   --> A'             
     e( 20 - 20) =      9.45085  eV     1   --> A''            
     e( 21 - 21) =      9.66783  eV     1   --> A'             
     e( 22 - 22) =     10.09499  eV     1   --> A'             
     e( 23 - 23) =     10.41745  eV     1   --> A''            
     e( 24 - 24) =     10.47224  eV     1   --> A'             
     e( 25 - 25) =     10.60462  eV     1   --> A'             
     e( 26 - 26) =     10.88548  eV     1   --> A'             

 **************************************************************************

 **************************************************************************

                    xk=(   0.31111,   0.53886,   0.00000  )

     Band symmetry, C_s (m)     point group:

     e(  1 -  1) =    -50.00991  eV     1   --> A'             
     e(  2 -  2) =    -29.09545  eV     1   --> A'             
     e(  3 -  3) =    -28.32809  eV     1   --> A'             
     e(  4 -  4) =    -28.26212  eV     1   --> A''            
     e(  5 -  5) =    -25.96881  eV     1   --> A''            
     e(  6 -  6) =    -25.10785  eV     1   --> A'             
     e(  7 -  7) =     -8.62964  eV     1   --> A''            
     e(  8 -  8) =     -8.05364  eV     1   --> A'             
     e(  9 -  9) =     -7.82980  eV     1   --> A'             
     e( 10 - 10) =     -7.59300  eV     1   --> A'             
     e( 11 - 11) =     -7.34338  eV     1   --> A''            
     e( 12 - 12) =     -7.16914  eV     1   --> A''            
     e( 13 - 13) =     -0.49258  eV     1   --> A'             
     e( 14 - 14) =      2.02296  eV     1   --> A'             
     e( 15 - 15) =      2.60053  eV     1   --> A''            
     e( 16 - 16) =      3.02190  eV     1   --> A''            
     e( 17 - 17) =      3.08093  eV     1   --> A'             
     e( 18 - 18) =      8.73566  eV     1   --> A''            
     e( 19 - 19) =      8.99120  eV     1   --> A'             
     e( 20 - 20) =      9.60602  eV     1   --> A''            
     e( 21 - 21) =      9.70877  eV     1   --> A'             
     e( 22 - 22) =      9.83317  eV     1   --> A'             
     e( 23 - 23) =     10.25291  eV     1   --> A''            
     e( 24 - 24) =     10.52388  eV     1   --> A'             
     e( 25 - 25) =     10.61556  eV     1   --> A'             
     e( 26 - 26) =     10.89399  eV     1   --> A'             

 **************************************************************************

 **************************************************************************

                    xk=(   0.30000,   0.51962,   0.00000  )

     Band symmetry, C_s (m)     point group:

     e(  1 -  1) =    -50.01157  eV     1   --> A'             
     e(  2 -  2) =    -29.09783  eV     1   --> A'             
     e(  3 -  3) =    -28.30622  eV     1   --> A'             
     e(  4 -  4) =    -28.27386  eV     1   --> A''            
     e(  5 -  5) =    -25.95701  eV     1   --> A''            
     e(  6 -  6) =    -25.11686  eV     1   --> A'             
     e(  7 -  7) =     -8.60815  eV     1   --> A''            
     e(  8 -  8) =     -8.08191  eV     1   --> A'             
     e(  9 -  9) =     -7.84591  eV     1   --> A'             
     e( 10 - 10) =     -7.54976  eV     1   --> A'             
     e( 11 - 11) =     -7.37600  eV     1   --> A''            
     e( 12 - 12) =     -7.14073  eV     1   --> A''            
     e( 13 - 13) =     -0.53822  eV     1   --> A'             
     e( 14 - 14) =      1.99799  eV     1   --> A'             
     e( 15 - 15) =      2.54528  eV     1   --> A''            
     e( 16 - 16) =      3.06281  eV     1   --> A''            
     e( 17 - 17) =      3.14704  eV     1   --> A'             
     e( 18 - 18) =      8.45524  eV     1   --> A''            
     e( 19 - 19) =      8.62738  eV     1   --> A'             
     e( 20 - 20) =      9.35081  eV     1   --> A'             
     e( 21 - 21) =      9.76013  eV     1   --> A''            
     e( 22 - 22) =      9.87662  eV     1   --> A'             
     e( 23 - 23) =     10.00706  eV     1   --> A''            
     e( 24 - 24) =     10.30423  eV     1   --> A'             
     e( 25 - 25) =     10.74474  eV     1   --> A'             
     e( 26 - 26) =     11.05622  eV     1   --> A''            

 **************************************************************************

 **************************************************************************

                    xk=(   0.28889,   0.50037,   0.00000  )

     Band symmetry, C_s (m)     point group:

     e(  1 -  1) =    -50.01398  eV     1   --> A'             
     e(  2 -  2) =    -29.09826  eV     1   --> A'             
     e(  3 -  3) =    -28.29076  eV     1   --> A''            
     e(  4 -  4) =    -28.27808  eV     1   --> A'             
     e(  5 -  5) =    -25.94001  eV     1   --> A''            
     e(  6 -  6) =    -25.12947  eV     1   --> A'             
     e(  7 -  7) =     -8.57831  eV     1   --> A''            
     e(  8 -  8) =     -8.11344  eV     1   --> A'             
     e(  9 -  9) =     -7.86142  eV     1   --> A'             
     e( 10 - 10) =     -7.50375  eV     1   --> A'             
     e( 11 - 11) =     -7.41044  eV     1   --> A''            
     e( 12 - 12) =     -7.11125  eV     1   --> A''            
     e( 13 - 13) =     -0.59393  eV     1   --> A'             
     e( 14 - 14) =      1.95924  eV     1   --> A'             
     e( 15 - 15) =      2.48439  eV     1   --> A''            
     e( 16 - 16) =      3.10375  eV     1   --> A''            
     e( 17 - 17) =      3.22479  eV     1   --> A'             
     e( 18 - 18) =      8.15436  eV     1   --> A''            
     e( 19 - 19) =      8.25280  eV     1   --> A'             
     e( 20 - 20) =      8.95502  eV     1   --> A'             
     e( 21 - 21) =      9.61717  eV     1   --> A''            
     e( 22 - 22) =      9.70687  eV     1   --> A'             
     e( 23 - 23) =     10.03534  eV     1   --> A''            
     e( 24 - 24) =     10.24393  eV     1   --> A'             
     e( 25 - 25) =     10.83357  eV     1   --> A'             
     e( 26 - 26) =     11.09416  eV     1   --> A''            

 **************************************************************************

 **************************************************************************

                    xk=(   0.27778,   0.48113,   0.00000  )

     Band symmetry, C_s (m)     point group:

     e(  1 -  1) =    -50.01717  eV     1   --> A'             
     e(  2 -  2) =    -29.09519  eV     1   --> A'             
     e(  3 -  3) =    -28.31282  eV     1   --> A''            
     e(  4 -  4) =    -28.24510  eV     1   --> A'             
     e(  5 -  5) =    -25.91777  eV     1   --> A''            
     e(  6 -  6) =    -25.14565  eV     1   --> A'             
     e(  7 -  7) =     -8.54042  eV     1   --> A''            
     e(  8 -  8) =     -8.14502  eV     1   --> A'             
     e(  9 -  9) =     -7.87589  eV     1   --> A'             
     e( 10 - 10) =     -7.45832  eV     1   --> A'             
     e( 11 - 11) =     -7.44473  eV     1   --> A''            
     e( 12 - 12) =     -7.08200  eV     1   --> A''            
     e( 13 - 13) =     -0.65546  eV     1   --> A'             
     e( 14 - 14) =      1.90971  eV     1   --> A'             
     e( 15 - 15) =      2.42139  eV     1   --> A''            
     e( 16 - 16) =      3.14183  eV     1   --> A''            
     e( 17 - 17) =      3.30127  eV     1   --> A'             
     e( 18 - 18) =      7.84535  eV     1   --> A''            
     e( 19 - 19) =      7.87642  eV     1   --> A'             
     e( 20 - 20) =      8.55710  eV     1   --> A'             
     e( 21 - 21) =      9.30518  eV     1   --> A''            
     e( 22 - 22) =      9.33769  eV     1   --> A'             
     e( 23 - 23) =     10.23302  eV     1   --> A''            
     e( 24 - 24) =     10.36319  eV     1   --> A'             
     e( 25 - 25) =     10.75637  eV     1   --> A'             
     e( 26 - 26) =     11.03626  eV     1   --> A''            

 **************************************************************************

 **************************************************************************

                    xk=(   0.26667,   0.46188,   0.00000  )

     Band symmetry, C_s (m)     point group:

     e(  1 -  1) =    -50.02117  eV     1   --> A'             
     e(  2 -  2) =    -29.08733  eV     1   --> A'             
     e(  3 -  3) =    -28.33989  eV     1   --> A''            
     e(  4 -  4) =    -28.20859  eV     1   --> A'             
     e(  5 -  5) =    -25.89041  eV     1   --> A''            
     e(  6 -  6) =    -25.16532  eV     1   --> A'             
     e(  7 -  7) =     -8.49495  eV     1   --> A''            
     e(  8 -  8) =     -8.17431  eV     1   --> A'             
     e(  9 -  9) =     -7.88959  eV     1   --> A'             
     e( 10 - 10) =     -7.47768  eV     1   --> A''            
     e( 11 - 11) =     -7.41531  eV     1   --> A'             
     e( 12 - 12) =     -7.05364  eV     1   --> A''            
     e( 13 - 13) =     -0.71925  eV     1   --> A'             
     e( 14 - 14) =      1.85287  eV     1   --> A'             
     e( 15 - 15) =      2.35818  eV     1   --> A''            
     e( 16 - 16) =      3.17584  eV     1   --> A''            
     e( 17 - 17) =      3.36479  eV     1   --> A'             
     e( 18 - 18) =      7.50035  eV     1   --> A'             
     e( 19 - 19) =      7.53521  eV     1   --> A''            
     e( 20 - 20) =      8.16028  eV     1   --> A'             
     e( 21 - 21) =      8.93378  eV     1   --> A'             
     e( 22 - 22) =      8.98433  eV     1   --> A''            
     e( 23 - 23) =     10.40148  eV     1   --> A'             
     e( 24 - 24) =     10.43785  eV     1   --> A''            
     e( 25 - 25) =     10.66888  eV     1   --> A'             
     e( 26 - 26) =     10.89614  eV     1   --> A''            

 **************************************************************************

 **************************************************************************

                    xk=(   0.25556,   0.44264,   0.00000  )

     Band symmetry, C_s (m)     point group:

     e(  1 -  1) =    -50.02596  eV     1   --> A'             
     e(  2 -  2) =    -29.07366  eV     1   --> A'             
     e(  3 -  3) =    -28.37168  eV     1   --> A''            
     e(  4 -  4) =    -28.16966  eV     1   --> A'             
     e(  5 -  5) =    -25.85820  eV     1   --> A''            
     e(  6 -  6) =    -25.18840  eV     1   --> A'             
     e(  7 -  7) =     -8.44247  eV     1   --> A''            
     e(  8 -  8) =     -8.19970  eV     1   --> A'             
     e(  9 -  9) =     -7.90291  eV     1   --> A'             
     e( 10 - 10) =     -7.50830  eV     1   --> A''            
     e( 11 - 11) =     -7.37578  eV     1   --> A'             
     e( 12 - 12) =     -7.02654  eV     1   --> A''            
     e( 13 - 13) =     -0.78245  eV     1   --> A'             
     e( 14 - 14) =      1.79162  eV     1   --> A'             
     e( 15 - 15) =      2.29608  eV     1   --> A''            
     e( 16 - 16) =      3.20542  eV     1   --> A''            
     e( 17 - 17) =      3.40640  eV     1   --> A'             
     e( 18 - 18) =      7.12317  eV     1   --> A'             
     e( 19 - 19) =      7.22834  eV     1   --> A''            
     e( 20 - 20) =      7.76628  eV     1   --> A'             
     e( 21 - 21) =      8.53470  eV     1   --> A'             
     e( 22 - 22) =      8.66719  eV     1   --> A''            
     e( 23 - 23) =     10.17170  eV     1   --> A'             
     e( 24 - 24) =     10.53386  eV     1   --> A''            
     e( 25 - 25) =     10.82457  eV     1   --> A''            
     e( 26 - 26) =     10.83557  eV     1   --> A'             

 **************************************************************************

 **************************************************************************

                    xk=(   0.24444,   0.42339,   0.00000  )

     Band symmetry, C_s (m)     point group:

     e(  1 -  1) =    -50.03153  eV     1   --> A'             
     e(  2 -  2) =    -29.05345  eV     1   --> A'             
     e(  3 -  3) =    -28.40777  eV     1   --> A''            
     e(  4 -  4) =    -28.12927  eV     1   --> A'             
     e(  5 -  5) =    -25.82155  eV     1   --> A''            
     e(  6 -  6) =    -25.21479  eV     1   --> A'             
     e(  7 -  7) =     -8.38377  eV     1   --> A''            
     e(  8 -  8) =     -8.22011  eV     1   --> A'             
     e(  9 -  9) =     -7.91623  eV     1   --> A'             
     e( 10 - 10) =     -7.53577  eV     1   --> A''            
     e( 11 - 11) =     -7.34041  eV     1   --> A'             
     e( 12 - 12) =     -7.00097  eV     1   --> A''            
     e( 13 - 13) =     -0.84282  eV     1   --> A'             
     e( 14 - 14) =      1.72821  eV     1   --> A'             
     e( 15 - 15) =      2.23616  eV     1   --> A''            
     e( 16 - 16) =      3.23053  eV     1   --> A''            
     e( 17 - 17) =      3.42034  eV     1   --> A'             
     e( 18 - 18) =      6.74133  eV     1   --> A'             
     e( 19 - 19) =      6.92767  eV     1   --> A''            
     e( 20 - 20) =      7.37903  eV     1   --> A'             
     e( 21 - 21) =      8.15469  eV     1   --> A'             
     e( 22 - 22) =      8.35752  eV     1   --> A''            
     e( 23 - 23) =      9.89496  eV     1   --> A'             
     e( 24 - 24) =     10.36136  eV     1   --> A''            
     e( 25 - 25) =     11.00809  eV     1   --> A''            
     e( 26 - 26) =     11.05715  eV     1   --> A'             

 **************************************************************************

 **************************************************************************

                    xk=(   0.23333,   0.40415,   0.00000  )

     Band symmetry, C_s (m)     point group:

     e(  1 -  1) =    -50.03786  eV     1   --> A'             
     e(  2 -  2) =    -29.02616  eV     1   --> A'             
     e(  3 -  3) =    -28.44763  eV     1   --> A''            
     e(  4 -  4) =    -28.08821  eV     1   --> A'             
     e(  5 -  5) =    -25.78098  eV     1   --> A''            
     e(  6 -  6) =    -25.24438  eV     1   --> A'             
     e(  7 -  7) =     -8.31969  eV     1   --> A''            
     e(  8 -  8) =     -8.23484  eV     1   --> A'             
     e(  9 -  9) =     -7.92982  eV     1   --> A'             
     e( 10 - 10) =     -7.55932  eV     1   --> A''            
     e( 11 - 11) =     -7.30962  eV     1   --> A'             
     e( 12 - 12) =     -6.97709  eV     1   --> A''            
     e( 13 - 13) =     -0.89863  eV     1   --> A'             
     e( 14 - 14) =      1.66429  eV     1   --> A'             
     e( 15 - 15) =      2.17951  eV     1   --> A''            
     e( 16 - 16) =      3.25128  eV     1   --> A''            
     e( 17 - 17) =      3.40391  eV     1   --> A'             
     e( 18 - 18) =      6.35086  eV     1   --> A'             
     e( 19 - 19) =      6.63520  eV     1   --> A''            
     e( 20 - 20) =      7.00521  eV     1   --> A'             
     e( 21 - 21) =      7.79935  eV     1   --> A'             
     e( 22 - 22) =      8.05720  eV     1   --> A''            
     e( 23 - 23) =      9.61787  eV     1   --> A'             
     e( 24 - 24) =     10.12264  eV     1   --> A''            
     e( 25 - 25) =     11.25729  eV     1   --> A''            
     e( 26 - 26) =     11.28052  eV     1   --> A'             

 **************************************************************************

 **************************************************************************

                    xk=(   0.22222,   0.38490,   0.00000  )

     Band symmetry, C_s (m)     point group:

     e(  1 -  1) =    -50.04490  eV     1   --> A'             
     e(  2 -  2) =    -28.99150  eV     1   --> A'             
     e(  3 -  3) =    -28.49069  eV     1   --> A''            
     e(  4 -  4) =    -28.04716  eV     1   --> A'             
     e(  5 -  5) =    -25.73706  eV     1   --> A''            
     e(  6 -  6) =    -25.27707  eV     1   --> A'             
     e(  7 -  7) =     -8.25126  eV     1   --> A''            
     e(  8 -  8) =     -8.24353  eV     1   --> A'             
     e(  9 -  9) =     -7.94386  eV     1   --> A'             
     e( 10 - 10) =     -7.57830  eV     1   --> A''            
     e( 11 - 11) =     -7.28374  eV     1   --> A'             
     e( 12 - 12) =     -6.95506  eV     1   --> A''            
     e( 13 - 13) =     -0.94859  eV     1   --> A'             
     e( 14 - 14) =      1.60107  eV     1   --> A'             
     e( 15 - 15) =      2.12718  eV     1   --> A''            
     e( 16 - 16) =      3.26778  eV     1   --> A''            
     e( 17 - 17) =      3.35701  eV     1   --> A'             
     e( 18 - 18) =      5.94997  eV     1   --> A'             
     e( 19 - 19) =      6.35235  eV     1   --> A''            
     e( 20 - 20) =      6.65157  eV     1   --> A'             
     e( 21 - 21) =      7.46925  eV     1   --> A'             
     e( 22 - 22) =      7.76732  eV     1   --> A''            
     e( 23 - 23) =      9.34849  eV     1   --> A'             
     e( 24 - 24) =      9.87150  eV     1   --> A''            
     e( 25 - 25) =     11.47351  eV     1   --> A'             
     e( 26 - 26) =     11.52413  eV     1   --> A''            

 **************************************************************************

 **************************************************************************

                    xk=(   0.21111,   0.36566,   0.00000  )

     Band symmetry, C_s (m)     point group:

     e(  1 -  1) =    -50.05260  eV     1   --> A'             
     e(  2 -  2) =    -28.94935  eV     1   --> A'             
     e(  3 -  3) =    -28.53631  eV     1   --> A''            
     e(  4 -  4) =    -28.00669  eV     1   --> A'             
     e(  5 -  5) =    -25.69044  eV     1   --> A''            
     e(  6 -  6) =    -25.31274  eV     1   --> A'             
     e(  7 -  7) =     -8.24638  eV     1   --> A'             
     e(  8 -  8) =     -8.17957  eV     1   --> A''            
     e(  9 -  9) =     -7.95827  eV     1   --> A'             
     e( 10 - 10) =     -7.59205  eV     1   --> A''            
     e( 11 - 11) =     -7.26287  eV     1   --> A'             
     e( 12 - 12) =     -6.93498  eV     1   --> A''            
     e( 13 - 13) =     -0.99177  eV     1   --> A'             
     e( 14 - 14) =      1.53946  eV     1   --> A'             
     e( 15 - 15) =      2.08027  eV     1   --> A''            
     e( 16 - 16) =      3.28011  eV     1   --> A''            
     e( 17 - 17) =      3.28158  eV     1   --> A'             
     e( 18 - 18) =      5.54100  eV     1   --> A'             
     e( 19 - 19) =      6.08016  eV     1   --> A''            
     e( 20 - 20) =      6.32168  eV     1   --> A'             
     e( 21 - 21) =      7.16254  eV     1   --> A'             
     e( 22 - 22) =      7.48859  eV     1   --> A''            
     e( 23 - 23) =      9.08938  eV     1   --> A'             
     e( 24 - 24) =      9.61789  eV     1   --> A''            
     e( 25 - 25) =     11.58698  eV     1   --> A'             
     e( 26 - 26) =     11.79596  eV     1   --> A''            

 **************************************************************************

 **************************************************************************

                    xk=(   0.20000,   0.34641,   0.00000  )

     Band symmetry, C_s (m)     point group:

     e(  1 -  1) =    -50.06086  eV     1   --> A'             
     e(  2 -  2) =    -28.89975  eV     1   --> A'             
     e(  3 -  3) =    -28.58384  eV     1   --> A''            
     e(  4 -  4) =    -27.96725  eV     1   --> A'             
     e(  5 -  5) =    -25.64176  eV     1   --> A''            
     e(  6 -  6) =    -25.35130  eV     1   --> A'             
     e(  7 -  7) =     -8.24407  eV     1   --> A'             
     e(  8 -  8) =     -8.10591  eV     1   --> A''            
     e(  9 -  9) =     -7.97249  eV     1   --> A'             
     e( 10 - 10) =     -7.59993  eV     1   --> A''            
     e( 11 - 11) =     -7.24705  eV     1   --> A'             
     e( 12 - 12) =     -6.91688  eV     1   --> A''            
     e( 13 - 13) =     -1.02760  eV     1   --> A'             
     e( 14 - 14) =      1.48019  eV     1   --> A'             
     e( 15 - 15) =      2.03997  eV     1   --> A''            
     e( 16 - 16) =      3.18081  eV     1   --> A'             
     e( 17 - 17) =      3.28837  eV     1   --> A''            
     e( 18 - 18) =      5.12970  eV     1   --> A'             
     e( 19 - 19) =      5.81939  eV     1   --> A''            
     e( 20 - 20) =      6.01551  eV     1   --> A'             
     e( 21 - 21) =      6.87669  eV     1   --> A'             
     e( 22 - 22) =      7.22148  eV     1   --> A''            
     e( 23 - 23) =      8.84144  eV     1   --> A'             
     e( 24 - 24) =      9.36579  eV     1   --> A''            
     e( 25 - 25) =     11.58102  eV     1   --> A'             
     e( 26 - 26) =     11.72136  eV     1   --> A''            

 **************************************************************************

 **************************************************************************

                    xk=(   0.18889,   0.32717,   0.00000  )

     Band symmetry, C_s (m)     point group:

     e(  1 -  1) =    -50.06963  eV     1   --> A'             
     e(  2 -  2) =    -28.84288  eV     1   --> A'             
     e(  3 -  3) =    -28.63262  eV     1   --> A''            
     e(  4 -  4) =    -27.92924  eV     1   --> A'             
     e(  5 -  5) =    -25.59169  eV     1   --> A''            
     e(  6 -  6) =    -25.39265  eV     1   --> A'             
     e(  7 -  7) =     -8.23824  eV     1   --> A'             
     e(  8 -  8) =     -8.03167  eV     1   --> A''            
     e(  9 -  9) =     -7.98515  eV     1   --> A'             
     e( 10 - 10) =     -7.60139  eV     1   --> A''            
     e( 11 - 11) =     -7.23618  eV     1   --> A'             
     e( 12 - 12) =     -6.90087  eV     1   --> A''            
     e( 13 - 13) =     -1.05586  eV     1   --> A'             
     e( 14 - 14) =      1.42381  eV     1   --> A'             
     e( 15 - 15) =      2.00739  eV     1   --> A''            
     e( 16 - 16) =      3.05869  eV     1   --> A'             
     e( 17 - 17) =      3.29259  eV     1   --> A''            
     e( 18 - 18) =      4.72289  eV     1   --> A'             
     e( 19 - 19) =      5.57061  eV     1   --> A''            
     e( 20 - 20) =      5.73120  eV     1   --> A'             
     e( 21 - 21) =      6.60941  eV     1   --> A'             
     e( 22 - 22) =      6.96628  eV     1   --> A''            
     e( 23 - 23) =      8.60496  eV     1   --> A'             
     e( 24 - 24) =      9.11734  eV     1   --> A''            
     e( 25 - 25) =     11.47503  eV     1   --> A''            
     e( 26 - 26) =     11.48753  eV     1   --> A'             

 **************************************************************************

 **************************************************************************

                    xk=(   0.17778,   0.30792,   0.00000  )

     Band symmetry, C_s (m)     point group:

     e(  1 -  1) =    -50.07878  eV     1   --> A'             
     e(  2 -  2) =    -28.77908  eV     1   --> A'             
     e(  3 -  3) =    -28.68203  eV     1   --> A''            
     e(  4 -  4) =    -27.89297  eV     1   --> A'             
     e(  5 -  5) =    -25.54089  eV     1   --> A''            
     e(  6 -  6) =    -25.43669  eV     1   --> A'             
     e(  7 -  7) =     -8.23192  eV     1   --> A'             
     e(  8 -  8) =     -7.99363  eV     1   --> A'             
     e(  9 -  9) =     -7.95840  eV     1   --> A''            
     e( 10 - 10) =     -7.59584  eV     1   --> A''            
     e( 11 - 11) =     -7.23003  eV     1   --> A'             
     e( 12 - 12) =     -6.88695  eV     1   --> A''            
     e( 13 - 13) =     -1.07660  eV     1   --> A'             
     e( 14 - 14) =      1.37083  eV     1   --> A'             
     e( 15 - 15) =      1.98370  eV     1   --> A''            
     e( 16 - 16) =      2.91950  eV     1   --> A'             
     e( 17 - 17) =      3.29279  eV     1   --> A''            
     e( 18 - 18) =      4.32670  eV     1   --> A'             
     e( 19 - 19) =      5.33423  eV     1   --> A''            
     e( 20 - 20) =      5.46669  eV     1   --> A'             
     e( 21 - 21) =      6.35887  eV     1   --> A'             
     e( 22 - 22) =      6.72315  eV     1   --> A''            
     e( 23 - 23) =      8.37997  eV     1   --> A'             
     e( 24 - 24) =      8.87380  eV     1   --> A''            
     e( 25 - 25) =     11.22769  eV     1   --> A''            
     e( 26 - 26) =     11.35507  eV     1   --> A'             

 **************************************************************************

 **************************************************************************

                    xk=(   0.16667,   0.28868,   0.00000  )

     Band symmetry, C_s (m)     point group:

     e(  1 -  1) =    -50.08822  eV     1   --> A'             
     e(  2 -  2) =    -28.73146  eV     1   --> A''            
     e(  3 -  3) =    -28.70880  eV     1   --> A'             
     e(  4 -  4) =    -27.85867  eV     1   --> A'             
     e(  5 -  5) =    -25.48997  eV     1   --> A''            
     e(  6 -  6) =    -25.48331  eV     1   --> A'             
     e(  7 -  7) =     -8.22972  eV     1   --> A'             
     e(  8 -  8) =     -7.99372  eV     1   --> A'             
     e(  9 -  9) =     -7.88766  eV     1   --> A''            
     e( 10 - 10) =     -7.58271  eV     1   --> A''            
     e( 11 - 11) =     -7.22830  eV     1   --> A'             
     e( 12 - 12) =     -6.87518  eV     1   --> A''            
     e( 13 - 13) =     -1.09026  eV     1   --> A'             
     e( 14 - 14) =      1.32167  eV     1   --> A'             
     e( 15 - 15) =      1.97001  eV     1   --> A''            
     e( 16 - 16) =      2.76753  eV     1   --> A'             
     e( 17 - 17) =      3.28903  eV     1   --> A''            
     e( 18 - 18) =      3.94607  eV     1   --> A'             
     e( 19 - 19) =      5.11055  eV     1   --> A''            
     e( 20 - 20) =      5.22036  eV     1   --> A'             
     e( 21 - 21) =      6.12378  eV     1   --> A'             
     e( 22 - 22) =      6.49215  eV     1   --> A''            
     e( 23 - 23) =      8.16644  eV     1   --> A'             
     e( 24 - 24) =      8.63598  eV     1   --> A''            
     e( 25 - 25) =     10.98374  eV     1   --> A''            
     e( 26 - 26) =     11.20795  eV     1   --> A'             

 **************************************************************************

 **************************************************************************

                    xk=(   0.15556,   0.26943,   0.00000  )

     Band symmetry, C_s (m)     point group:

     e(  1 -  1) =    -50.09782  eV     1   --> A'             
     e(  2 -  2) =    -28.78033  eV     1   --> A''            
     e(  3 -  3) =    -28.63260  eV     1   --> A'             
     e(  4 -  4) =    -27.82656  eV     1   --> A'             
     e(  5 -  5) =    -25.53241  eV     1   --> A'             
     e(  6 -  6) =    -25.43956  eV     1   --> A''            
     e(  7 -  7) =     -8.23644  eV     1   --> A'             
     e(  8 -  8) =     -7.98110  eV     1   --> A'             
     e(  9 -  9) =     -7.82098  eV     1   --> A''            
     e( 10 - 10) =     -7.56166  eV     1   --> A''            
     e( 11 - 11) =     -7.23062  eV     1   --> A'             
     e( 12 - 12) =     -6.86557  eV     1   --> A''            
     e( 13 - 13) =     -1.09760  eV     1   --> A'             
     e( 14 - 14) =      1.27674  eV     1   --> A'             
     e( 15 - 15) =      1.96734  eV     1   --> A''            
     e( 16 - 16) =      2.60687  eV     1   --> A'             
     e( 17 - 17) =      3.28138  eV     1   --> A''            
     e( 18 - 18) =      3.58482  eV     1   --> A'             
     e( 19 - 19) =      4.89978  eV     1   --> A''            
     e( 20 - 20) =      4.99110  eV     1   --> A'             
     e( 21 - 21) =      5.90328  eV     1   --> A'             
     e( 22 - 22) =      6.27325  eV     1   --> A''            
     e( 23 - 23) =      7.96438  eV     1   --> A'             
     e( 24 - 24) =      8.40444  eV     1   --> A''            
     e( 25 - 25) =     10.74557  eV     1   --> A''            
     e( 26 - 26) =     11.05667  eV     1   --> A'             

 **************************************************************************

 **************************************************************************

                    xk=(   0.14444,   0.25019,   0.00000  )

     Band symmetry, C_s (m)     point group:

     e(  1 -  1) =    -50.10749  eV     1   --> A'             
     e(  2 -  2) =    -28.82810  eV     1   --> A''            
     e(  3 -  3) =    -28.55120  eV     1   --> A'             
     e(  4 -  4) =    -27.79676  eV     1   --> A'             
     e(  5 -  5) =    -25.58386  eV     1   --> A'             
     e(  6 -  6) =    -25.39020  eV     1   --> A''            
     e(  7 -  7) =     -8.25422  eV     1   --> A'             
     e(  8 -  8) =     -7.95413  eV     1   --> A'             
     e(  9 -  9) =     -7.75948  eV     1   --> A''            
     e( 10 - 10) =     -7.53282  eV     1   --> A''            
     e( 11 - 11) =     -7.23649  eV     1   --> A'             
     e( 12 - 12) =     -6.85824  eV     1   --> A''            
     e( 13 - 13) =     -1.09968  eV     1   --> A'             
     e( 14 - 14) =      1.23641  eV     1   --> A'             
     e( 15 - 15) =      1.97656  eV     1   --> A''            
     e( 16 - 16) =      2.44136  eV     1   --> A'             
     e( 17 - 17) =      3.24580  eV     1   --> A'             
     e( 18 - 18) =      3.27000  eV     1   --> A''            
     e( 19 - 19) =      4.70204  eV     1   --> A''            
     e( 20 - 20) =      4.77819  eV     1   --> A'             
     e( 21 - 21) =      5.69685  eV     1   --> A'             
     e( 22 - 22) =      6.06631  eV     1   --> A''            
     e( 23 - 23) =      7.77387  eV     1   --> A'             
     e( 24 - 24) =      8.17955  eV     1   --> A''            
     e( 25 - 25) =     10.51513  eV     1   --> A''            
     e( 26 - 26) =     10.90628  eV     1   --> A'             

 **************************************************************************

 **************************************************************************

                    xk=(   0.13333,   0.23094,   0.00000  )

     Band symmetry, C_s (m)     point group:

     e(  1 -  1) =    -50.11707  eV     1   --> A'             
     e(  2 -  2) =    -28.87425  eV     1   --> A''            
     e(  3 -  3) =    -28.46538  eV     1   --> A'             
     e(  4 -  4) =    -27.76936  eV     1   --> A'             
     e(  5 -  5) =    -25.63748  eV     1   --> A'             
     e(  6 -  6) =    -25.34243  eV     1   --> A''            
     e(  7 -  7) =     -8.28175  eV     1   --> A'             
     e(  8 -  8) =     -7.91451  eV     1   --> A'             
     e(  9 -  9) =     -7.70322  eV     1   --> A''            
     e( 10 - 10) =     -7.49724  eV     1   --> A''            
     e( 11 - 11) =     -7.24535  eV     1   --> A'             
     e( 12 - 12) =     -6.85324  eV     1   --> A''            
     e( 13 - 13) =     -1.09785  eV     1   --> A'             
     e( 14 - 14) =      1.20105  eV     1   --> A'             
     e( 15 - 15) =      1.99843  eV     1   --> A''            
     e( 16 - 16) =      2.27465  eV     1   --> A'             
     e( 17 - 17) =      2.93117  eV     1   --> A'             
     e( 18 - 18) =      3.25516  eV     1   --> A''            
     e( 19 - 19) =      4.51737  eV     1   --> A''            
     e( 20 - 20) =      4.58118  eV     1   --> A'             
     e( 21 - 21) =      5.50425  eV     1   --> A'             
     e( 22 - 22) =      5.87114  eV     1   --> A''            
     e( 23 - 23) =      7.59505  eV     1   --> A'             
     e( 24 - 24) =      7.96172  eV     1   --> A''            
     e( 25 - 25) =     10.29427  eV     1   --> A''            
     e( 26 - 26) =     10.75967  eV     1   --> A'             

 **************************************************************************

 **************************************************************************

                    xk=(   0.12222,   0.21170,   0.00000  )

     Band symmetry, C_s (m)     point group:

     e(  1 -  1) =    -50.12647  eV     1   --> A'             
     e(  2 -  2) =    -28.91836  eV     1   --> A''            
     e(  3 -  3) =    -28.37611  eV     1   --> A'             
     e(  4 -  4) =    -27.74441  eV     1   --> A'             
     e(  5 -  5) =    -25.69306  eV     1   --> A'             
     e(  6 -  6) =    -25.29675  eV     1   --> A''            
     e(  7 -  7) =     -8.31653  eV     1   --> A'             
     e(  8 -  8) =     -7.86530  eV     1   --> A'             
     e(  9 -  9) =     -7.65122  eV     1   --> A''            
     e( 10 - 10) =     -7.45712  eV     1   --> A''            
     e( 11 - 11) =     -7.25658  eV     1   --> A'             
     e( 12 - 12) =     -6.85076  eV     1   --> A''            
     e( 13 - 13) =     -1.09367  eV     1   --> A'             
     e( 14 - 14) =      1.17095  eV     1   --> A'             
     e( 15 - 15) =      2.03340  eV     1   --> A''            
     e( 16 - 16) =      2.11010  eV     1   --> A'             
     e( 17 - 17) =      2.64239  eV     1   --> A'             
     e( 18 - 18) =      3.23725  eV     1   --> A''            
     e( 19 - 19) =      4.34570  eV     1   --> A''            
     e( 20 - 20) =      4.39982  eV     1   --> A'             
     e( 21 - 21) =      5.32542  eV     1   --> A'             
     e( 22 - 22) =      5.68743  eV     1   --> A''            
     e( 23 - 23) =      7.42815  eV     1   --> A'             
     e( 24 - 24) =      7.75142  eV     1   --> A''            
     e( 25 - 25) =     10.08473  eV     1   --> A''            
     e( 26 - 26) =     10.61872  eV     1   --> A'             

 **************************************************************************

 **************************************************************************

                    xk=(   0.11111,   0.19245,   0.00000  )

     Band symmetry, C_s (m)     point group:

     e(  1 -  1) =    -50.13553  eV     1   --> A'             
     e(  2 -  2) =    -28.95997  eV     1   --> A''            
     e(  3 -  3) =    -28.28443  eV     1   --> A'             
     e(  4 -  4) =    -27.72192  eV     1   --> A'             
     e(  5 -  5) =    -25.75027  eV     1   --> A'             
     e(  6 -  6) =    -25.25358  eV     1   --> A''            
     e(  7 -  7) =     -8.35611  eV     1   --> A'             
     e(  8 -  8) =     -7.80938  eV     1   --> A'             
     e(  9 -  9) =     -7.60178  eV     1   --> A''            
     e( 10 - 10) =     -7.41521  eV     1   --> A''            
     e( 11 - 11) =     -7.26954  eV     1   --> A'             
     e( 12 - 12) =     -6.85096  eV     1   --> A''            
     e( 13 - 13) =     -1.08884  eV     1   --> A'             
     e( 14 - 14) =      1.14636  eV     1   --> A'             
     e( 15 - 15) =      1.95094  eV     1   --> A'             
     e( 16 - 16) =      2.08170  eV     1   --> A''            
     e( 17 - 17) =      2.38040  eV     1   --> A'             
     e( 18 - 18) =      3.21677  eV     1   --> A''            
     e( 19 - 19) =      4.18686  eV     1   --> A''            
     e( 20 - 20) =      4.23397  eV     1   --> A'             
     e( 21 - 21) =      5.16043  eV     1   --> A'             
     e( 22 - 22) =      5.51484  eV     1   --> A''            
     e( 23 - 23) =      7.27348  eV     1   --> A'             
     e( 24 - 24) =      7.54934  eV     1   --> A''            
     e( 25 - 25) =      9.88821  eV     1   --> A''            
     e( 26 - 26) =     10.48487  eV     1   --> A'             

 **************************************************************************

 **************************************************************************

                    xk=(   0.10000,   0.17321,   0.00000  )

     Band symmetry, C_s (m)     point group:

     e(  1 -  1) =    -50.14416  eV     1   --> A'             
     e(  2 -  2) =    -28.99873  eV     1   --> A''            
     e(  3 -  3) =    -28.19160  eV     1   --> A'             
     e(  4 -  4) =    -27.70186  eV     1   --> A'             
     e(  5 -  5) =    -25.80869  eV     1   --> A'             
     e(  6 -  6) =    -25.21334  eV     1   --> A''            
     e(  7 -  7) =     -8.39850  eV     1   --> A'             
     e(  8 -  8) =     -7.74930  eV     1   --> A'             
     e(  9 -  9) =     -7.55342  eV     1   --> A''            
     e( 10 - 10) =     -7.37406  eV     1   --> A''            
     e( 11 - 11) =     -7.28357  eV     1   --> A'             
     e( 12 - 12) =     -6.85406  eV     1   --> A''            
     e( 13 - 13) =     -1.08502  eV     1   --> A'             
     e( 14 - 14) =      1.12744  eV     1   --> A'             
     e( 15 - 15) =      1.80019  eV     1   --> A'             
     e( 16 - 16) =      2.14324  eV     1   --> A''            
     e( 17 - 17) =      2.14555  eV     1   --> A'             
     e( 18 - 18) =      3.19438  eV     1   --> A''            
     e( 19 - 19) =      4.04053  eV     1   --> A''            
     e( 20 - 20) =      4.08357  eV     1   --> A'             
     e( 21 - 21) =      5.00946  eV     1   --> A'             
     e( 22 - 22) =      5.35300  eV     1   --> A''            
     e( 23 - 23) =      7.13140  eV     1   --> A'             
     e( 24 - 24) =      7.35651  eV     1   --> A''            
     e( 25 - 25) =      9.70629  eV     1   --> A''            
     e( 26 - 26) =     10.35934  eV     1   --> A'             

 **************************************************************************

 **************************************************************************

                    xk=(   0.08889,   0.15396,   0.00000  )

     Band symmetry, C_s (m)     point group:

     e(  1 -  1) =    -50.15223  eV     1   --> A'             
     e(  2 -  2) =    -29.03430  eV     1   --> A''            
     e(  3 -  3) =    -28.09902  eV     1   --> A'             
     e(  4 -  4) =    -27.68420  eV     1   --> A'             
     e(  5 -  5) =    -25.86772  eV     1   --> A'             
     e(  6 -  6) =    -25.17640  eV     1   --> A''            
     e(  7 -  7) =     -8.44194  eV     1   --> A'             
     e(  8 -  8) =     -7.68729  eV     1   --> A'             
     e(  9 -  9) =     -7.50506  eV     1   --> A''            
     e( 10 - 10) =     -7.33563  eV     1   --> A''            
     e( 11 - 11) =     -7.29806  eV     1   --> A'             
     e( 12 - 12) =     -6.86033  eV     1   --> A''            
     e( 13 - 13) =     -1.08359  eV     1   --> A'             
     e( 14 - 14) =      1.11416  eV     1   --> A'             
     e( 15 - 15) =      1.66070  eV     1   --> A'             
     e( 16 - 16) =      1.93779  eV     1   --> A'             
     e( 17 - 17) =      2.21755  eV     1   --> A''            
     e( 18 - 18) =      3.17080  eV     1   --> A''            
     e( 19 - 19) =      3.90618  eV     1   --> A''            
     e( 20 - 20) =      3.94861  eV     1   --> A'             
     e( 21 - 21) =      4.87278  eV     1   --> A'             
     e( 22 - 22) =      5.20161  eV     1   --> A''            
     e( 23 - 23) =      7.00232  eV     1   --> A'             
     e( 24 - 24) =      7.17436  eV     1   --> A''            
     e( 25 - 25) =      9.54042  eV     1   --> A''            
     e( 26 - 26) =     10.24324  eV     1   --> A'             

 **************************************************************************

 **************************************************************************

                    xk=(   0.07778,   0.13472,   0.00000  )

     Band symmetry, C_s (m)     point group:

     e(  1 -  1) =    -50.15963  eV     1   --> A'             
     e(  2 -  2) =    -29.06637  eV     1   --> A''            
     e(  3 -  3) =    -28.00831  eV     1   --> A'             
     e(  4 -  4) =    -27.66887  eV     1   --> A'             
     e(  5 -  5) =    -25.92654  eV     1   --> A'             
     e(  6 -  6) =    -25.14306  eV     1   --> A''            
     e(  7 -  7) =     -8.48483  eV     1   --> A'             
     e(  8 -  8) =     -7.62558  eV     1   --> A'             
     e(  9 -  9) =     -7.45637  eV     1   --> A''            
     e( 10 - 10) =     -7.31238  eV     1   --> A'             
     e( 11 - 11) =     -7.30113  eV     1   --> A''            
     e( 12 - 12) =     -6.87001  eV     1   --> A''            
     e( 13 - 13) =     -1.08551  eV     1   --> A'             
     e( 14 - 14) =      1.10625  eV     1   --> A'             
     e( 15 - 15) =      1.53489  eV     1   --> A'             
     e( 16 - 16) =      1.75662  eV     1   --> A'             
     e( 17 - 17) =      2.30372  eV     1   --> A''            
     e( 18 - 18) =      3.14688  eV     1   --> A''            
     e( 19 - 19) =      3.78301  eV     1   --> A''            
     e( 20 - 20) =      3.82914  eV     1   --> A'             
     e( 21 - 21) =      4.75070  eV     1   --> A'             
     e( 22 - 22) =      5.06056  eV     1   --> A''            
     e( 23 - 23) =      6.88671  eV     1   --> A'             
     e( 24 - 24) =      7.00477  eV     1   --> A''            
     e( 25 - 25) =      9.39184  eV     1   --> A''            
     e( 26 - 26) =     10.13760  eV     1   --> A'             

 **************************************************************************

 **************************************************************************

                    xk=(   0.06667,   0.11547,   0.00000  )

     Band symmetry, C_s (m)     point group:

     e(  1 -  1) =    -50.16627  eV     1   --> A'             
     e(  2 -  2) =    -29.09469  eV     1   --> A''            
     e(  3 -  3) =    -27.92136  eV     1   --> A'             
     e(  4 -  4) =    -27.65580  eV     1   --> A'             
     e(  5 -  5) =    -25.98404  eV     1   --> A'             
     e(  6 -  6) =    -25.11362  eV     1   --> A''            
     e(  7 -  7) =     -8.52565  eV     1   --> A'             
     e(  8 -  8) =     -7.56628  eV     1   --> A'             
     e(  9 -  9) =     -7.40750  eV     1   --> A''            
     e( 10 - 10) =     -7.32599  eV     1   --> A'             
     e( 11 - 11) =     -7.27123  eV     1   --> A''            
     e( 12 - 12) =     -6.88322  eV     1   --> A''            
     e( 13 - 13) =     -1.09108  eV     1   --> A'             
     e( 14 - 14) =      1.10315  eV     1   --> A'             
     e( 15 - 15) =      1.42475  eV     1   --> A'             
     e( 16 - 16) =      1.60133  eV     1   --> A'             
     e( 17 - 17) =      2.40041  eV     1   --> A''            
     e( 18 - 18) =      3.12356  eV     1   --> A''            
     e( 19 - 19) =      3.66985  eV     1   --> A''            
     e( 20 - 20) =      3.72520  eV     1   --> A'             
     e( 21 - 21) =      4.64360  eV     1   --> A'             
     e( 22 - 22) =      4.93015  eV     1   --> A''            
     e( 23 - 23) =      6.78505  eV     1   --> A'             
     e( 24 - 24) =      6.85005  eV     1   --> A''            
     e( 25 - 25) =      9.26158  eV     1   --> A''            
     e( 26 - 26) =     10.04343  eV     1   --> A'             

 **************************************************************************

 **************************************************************************

                    xk=(   0.05556,   0.09623,   0.00000  )

     Band symmetry, C_s (m)     point group:

     e(  1 -  1) =    -50.17204  eV     1   --> A'             
     e(  2 -  2) =    -29.11902  eV     1   --> A''            
     e(  3 -  3) =    -27.84037  eV     1   --> A'             
     e(  4 -  4) =    -27.64490  eV     1   --> A'             
     e(  5 -  5) =    -26.03871  eV     1   --> A'             
     e(  6 -  6) =    -25.08830  eV     1   --> A''            
     e(  7 -  7) =     -8.56296  eV     1   --> A'             
     e(  8 -  8) =     -7.51153  eV     1   --> A'             
     e(  9 -  9) =     -7.35893  eV     1   --> A''            
     e( 10 - 10) =     -7.33838  eV     1   --> A'             
     e( 11 - 11) =     -7.24615  eV     1   --> A''            
     e( 12 - 12) =     -6.89991  eV     1   --> A''            
     e( 13 - 13) =     -1.09984  eV     1   --> A'             
     e( 14 - 14) =      1.10402  eV     1   --> A'             
     e( 15 - 15) =      1.33157  eV     1   --> A'             
     e( 16 - 16) =      1.47114  eV     1   --> A'             
     e( 17 - 17) =      2.50577  eV     1   --> A''            
     e( 18 - 18) =      3.10176  eV     1   --> A''            
     e( 19 - 19) =      3.56506  eV     1   --> A''            
     e( 20 - 20) =      3.63690  eV     1   --> A'             
     e( 21 - 21) =      4.55189  eV     1   --> A'             
     e( 22 - 22) =      4.81136  eV     1   --> A''            
     e( 23 - 23) =      6.69786  eV     1   --> A'             
     e( 24 - 24) =      6.71280  eV     1   --> A''            
     e( 25 - 25) =      9.15042  eV     1   --> A''            
     e( 26 - 26) =      9.96171  eV     1   --> A'             

 **************************************************************************

 **************************************************************************

                    xk=(   0.04444,   0.07698,   0.00000  )

     Band symmetry, C_s (m)     point group:

     e(  1 -  1) =    -50.17688  eV     1   --> A'             
     e(  2 -  2) =    -29.13919  eV     1   --> A''            
     e(  3 -  3) =    -27.76791  eV     1   --> A'             
     e(  4 -  4) =    -27.63611  eV     1   --> A'             
     e(  5 -  5) =    -26.08869  eV     1   --> A'             
     e(  6 -  6) =    -25.06732  eV     1   --> A''            
     e(  7 -  7) =     -8.59551  eV     1   --> A'             
     e(  8 -  8) =     -7.46335  eV     1   --> A'             
     e(  9 -  9) =     -7.34910  eV     1   --> A'             
     e( 10 - 10) =     -7.31185  eV     1   --> A''            
     e( 11 - 11) =     -7.22599  eV     1   --> A''            
     e( 12 - 12) =     -6.91978  eV     1   --> A''            
     e( 13 - 13) =     -1.11063  eV     1   --> A'             
     e( 14 - 14) =      1.10769  eV     1   --> A'             
     e( 15 - 15) =      1.25592  eV     1   --> A'             
     e( 16 - 16) =      1.36532  eV     1   --> A'             
     e( 17 - 17) =      2.61740  eV     1   --> A''            
     e( 18 - 18) =      3.08239  eV     1   --> A''            
     e( 19 - 19) =      3.46642  eV     1   --> A''            
     e( 20 - 20) =      3.56436  eV     1   --> A'             
     e( 21 - 21) =      4.47600  eV     1   --> A'             
     e( 22 - 22) =      4.70612  eV     1   --> A''            
     e( 23 - 23) =      6.59580  eV     1   --> A''            
     e( 24 - 24) =      6.62564  eV     1   --> A'             
     e( 25 - 25) =      9.05893  eV     1   --> A''            
     e( 26 - 26) =      9.89336  eV     1   --> A'             

 **************************************************************************

 **************************************************************************

                    xk=(   0.03333,   0.05774,   0.00000  )

     Band symmetry, C_s (m)     point group:

     e(  1 -  1) =    -50.18072  eV     1   --> A'             
     e(  2 -  2) =    -29.15503  eV     1   --> A''            
     e(  3 -  3) =    -27.70685  eV     1   --> A'             
     e(  4 -  4) =    -27.62936  eV     1   --> A'             
     e(  5 -  5) =    -26.13164  eV     1   --> A'             
     e(  6 -  6) =    -25.05084  eV     1   --> A''            
     e(  7 -  7) =     -8.62211  eV     1   --> A'             
     e(  8 -  8) =     -7.42363  eV     1   --> A'             
     e(  9 -  9) =     -7.35781  eV     1   --> A'             
     e( 10 - 10) =     -7.26785  eV     1   --> A''            
     e( 11 - 11) =     -7.21058  eV     1   --> A''            
     e( 12 - 12) =     -6.94182  eV     1   --> A''            
     e( 13 - 13) =     -1.12181  eV     1   --> A'             
     e( 14 - 14) =      1.11282  eV     1   --> A'             
     e( 15 - 15) =      1.19779  eV     1   --> A'             
     e( 16 - 16) =      1.28328  eV     1   --> A'             
     e( 17 - 17) =      2.73253  eV     1   --> A''            
     e( 18 - 18) =      3.06631  eV     1   --> A''            
     e( 19 - 19) =      3.37118  eV     1   --> A''            
     e( 20 - 20) =      3.50773  eV     1   --> A'             
     e( 21 - 21) =      4.41638  eV     1   --> A'             
     e( 22 - 22) =      4.61748  eV     1   --> A''            
     e( 23 - 23) =      6.50165  eV     1   --> A''            
     e( 24 - 24) =      6.56888  eV     1   --> A'             
     e( 25 - 25) =      8.98750  eV     1   --> A''            
     e( 26 - 26) =      9.83921  eV     1   --> A'             

 **************************************************************************

 **************************************************************************

                    xk=(   0.02222,   0.03849,   0.00000  )

     Band symmetry, C_s (m)     point group:

     e(  1 -  1) =    -50.18349  eV     1   --> A'             
     e(  2 -  2) =    -29.16643  eV     1   --> A''            
     e(  3 -  3) =    -27.66022  eV     1   --> A'             
     e(  4 -  4) =    -27.62457  eV     1   --> A'             
     e(  5 -  5) =    -26.16500  eV     1   --> A'             
     e(  6 -  6) =    -25.03897  eV     1   --> A''            
     e(  7 -  7) =     -8.64182  eV     1   --> A'             
     e(  8 -  8) =     -7.39399  eV     1   --> A'             
     e(  9 -  9) =     -7.36419  eV     1   --> A'             
     e( 10 - 10) =     -7.22958  eV     1   --> A''            
     e( 11 - 11) =     -7.19974  eV     1   --> A''            
     e( 12 - 12) =     -6.96388  eV     1   --> A''            
     e( 13 - 13) =     -1.13151  eV     1   --> A'             
     e( 14 - 14) =      1.11814  eV     1   --> A'             
     e( 15 - 15) =      1.15682  eV     1   --> A'             
     e( 16 - 16) =      1.22452  eV     1   --> A'             
     e( 17 - 17) =      2.84795  eV     1   --> A''            
     e( 18 - 18) =      3.05427  eV     1   --> A''            
     e( 19 - 19) =      3.27635  eV     1   --> A''            
     e( 20 - 20) =      3.46714  eV     1   --> A'             
     e( 21 - 21) =      4.37346  eV     1   --> A'             
     e( 22 - 22) =      4.54947  eV     1   --> A''            
     e( 23 - 23) =      6.43265  eV     1   --> A''            
     e( 24 - 24) =      6.52800  eV     1   --> A'             
     e( 25 - 25) =      8.93635  eV     1   --> A''            
     e( 26 - 26) =      9.79998  eV     1   --> A'             

 **************************************************************************

 **************************************************************************

                    xk=(   0.01111,   0.01925,   0.00000  )

     Band symmetry, C_s (m)     point group:

     e(  1 -  1) =    -50.18517  eV     1   --> A'             
     e(  2 -  2) =    -29.17330  eV     1   --> A''            
     e(  3 -  3) =    -27.63083  eV     1   --> A'             
     e(  4 -  4) =    -27.62172  eV     1   --> A'             
     e(  5 -  5) =    -26.18628  eV     1   --> A'             
     e(  6 -  6) =    -25.03182  eV     1   --> A''            
     e(  7 -  7) =     -8.65394  eV     1   --> A'             
     e(  8 -  8) =     -7.37566  eV     1   --> A'             
     e(  9 -  9) =     -7.36812  eV     1   --> A'             
     e( 10 - 10) =     -7.20178  eV     1   --> A''            
     e( 11 - 11) =     -7.19332  eV     1   --> A''            
     e( 12 - 12) =     -6.98177  eV     1   --> A''            
     e( 13 - 13) =     -1.13810  eV     1   --> A'             
     e( 14 - 14) =      1.12252  eV     1   --> A'             
     e( 15 - 15) =      1.13249  eV     1   --> A'             
     e( 16 - 16) =      1.18873  eV     1   --> A'             
     e( 17 - 17) =      2.95984  eV     1   --> A''            
     e( 18 - 18) =      3.04681  eV     1   --> A''            
     e( 19 - 19) =      3.17982  eV     1   --> A''            
     e( 20 - 20) =      3.44272  eV     1   --> A'             
     e( 21 - 21) =      4.34755  eV     1   --> A'             
     e( 22 - 22) =      4.50636  eV     1   --> A''            
     e( 23 - 23) =      6.39053  eV     1   --> A''            
     e( 24 - 24) =      6.50333  eV     1   --> A'             
     e( 25 - 25) =      8.90562  eV     1   --> A''            
     e( 26 - 26) =      9.77621  eV     1   --> A'             

 **************************************************************************

 **************************************************************************

                    xk=(   0.00000,   0.00000,   0.00000  )

     point group D_3h (-62m)
     there are  6 classes
     the character table:

       E     2C3   3C2   s_h   2S3   3s_v 
A'_1   1.00  1.00  1.00  1.00  1.00  1.00
A'_2   1.00  1.00 -1.00  1.00  1.00 -1.00
E'     2.00 -1.00  0.00  2.00 -1.00  0.00
A''1   1.00  1.00  1.00 -1.00 -1.00 -1.00
A''2   1.00  1.00 -1.00 -1.00 -1.00  1.00
E''    2.00 -1.00  0.00 -2.00  1.00  0.00

     the symmetry operations in each class and the name of the first element:

     E        1
                                                                 
     2C3      3    4
                                                                 
     3C2      2    6    5
                                                                 
     s_h      7
                                                                 
     2S3      9   10
                                                                 
     3s_v     8   11   12
                                                                 

     Band symmetry, D_3h (-62m) point group:

     e(  1 -  1) =    -50.18573  eV     1   --> A'_1           
     e(  2 -  2) =    -29.17559  eV     1   --> A''2           
     e(  3 -  4) =    -27.62078  eV     2   --> E'             
     e(  5 -  5) =    -26.19360  eV     1   --> A'_1           
     e(  6 -  6) =    -25.02944  eV     1   --> A''2           
     e(  7 -  7) =     -8.65803  eV     1   --> A'_1           
     e(  8 -  9) =     -7.36945  eV     2   --> E'             
     e( 10 - 11) =     -7.19120  eV     2   --> E''            
     e( 12 - 12) =     -6.98903  eV     1   --> A''2           
     e( 13 - 13) =     -1.14044  eV     1   --> A'_1           
     e( 14 - 15) =      1.12442  eV     2   --> E'             
     e( 16 - 16) =      1.17647  eV     1   --> A'_1           
     e( 17 - 18) =      3.04427  eV     2   --> E''            
     e( 19 - 19) =      3.10106  eV     1   --> A''2           
     e( 20 - 20) =      3.43457  eV     1   --> A'_1           
     e( 21 - 21) =      4.33889  eV     1   --> A'_1           
     e( 22 - 22) =      4.49156  eV     1   --> A''2           
     e( 23 - 23) =      6.37637  eV     1   --> A''2           
     e( 24 - 24) =      6.49508  eV     1   --> A'_1           
     e( 25 - 25) =      8.89537  eV     1   --> A''2           
     e( 26 - 26) =      9.76824  eV     1   --> A'_1           

 **************************************************************************

     BANDS        :     50.13s CPU     53.09s WALL


   This run was terminated on:  16:48: 6   7Aug2026            

=------------------------------------------------------------------------------=
   JOB DONE.
=------------------------------------------------------------------------------=
