
     Program BANDS v.7.2 starts on  7Aug2026 at 16:48:29 

     This program is part of the open-source Quantum ESPRESSO suite
     for quantum simulation of materials; please cite
         "P. Giannozzi et al., J. Phys.:Condens. Matter 21 395502 (2009);
         "P. Giannozzi et al., J. Phys.:Condens. Matter 29 465901 (2017);
         "P. Giannozzi et al., J. Chem. Phys. 152 154105 (2020);
          URL http://www.quantum-espresso.org", 
     in publications or presentations arising from this work. More details at
     http://www.quantum-espresso.org/quote

     Parallel version (MPI), running on     1 processors

     MPI processes distributed on     1 nodes
     226613 MiB available memory on the printing compute node when the environment starts


     Reading xml data from directory:

     ./out/ZrFBr.save/
     file Zr.pbe-spn-kjpaw_psl.1.0.0.UPF: wavefunction(s)  4S 4P renormalized
     file F.pbe-n-kjpaw_psl.1.0.0.UPF: wavefunction(s)  2S 2P renormalized
     file Br.pbe-n-kjpaw_psl.1.0.0.UPF: wavefunction(s)  4S 4P renormalized

     IMPORTANT: XC functional enforced from input :
     Exchange-correlation= PBE
                           (   1   4   3   4   0   0   0)
     Any further DFT definition will be discarded
     Please, verify this is what you really want


     G-vector sticks info
     --------------------
     sticks:   dense  smooth     PW     G-vecs:    dense   smooth      PW
     Sum         661     661    199                81293    81293   13091

     Using Slab Decomposition


     Check: negative core charge=   -0.000002

     negative rho (up, down):  1.525E-03 0.000E+00
     Reading collected, re-writing distributed wavefunctions
     high-symmetry point:  0.0000 0.0000 0.0000   x coordinate   0.0000
     high-symmetry point:  0.5000 0.2887 0.0000   x coordinate   0.5774
     high-symmetry point:  0.3333 0.5774 0.0000   x coordinate   0.9107
     high-symmetry point:  0.0000 0.0000 0.0000   x coordinate   1.5774

     Plottable bands (eV) written to file bands.dat.gnu
     Bands written to file bands.dat

 **************************************************************************

                    xk=(   0.00000,   0.00000,   0.00000  )

     point group C_3v (3m)  
     there are  3 classes
     the character table:

       E     2C3   3s_v 
A_1    1.00  1.00  1.00
A_2    1.00  1.00 -1.00
E      2.00 -1.00  0.00

     the symmetry operations in each class and the name of the first element:

     E        1
                                                                 
     2C3      2    3
                                                                 
     3s_v     4    5    6
                                                                 

     Band symmetry, C_3v (3m)   point group:

     e(  1 -  1) =    -49.43857  eV     1   --> A_1  L_1       
     e(  2 -  2) =    -27.91914  eV     1   --> A_1  L_1       
     e(  3 -  4) =    -27.14839  eV     2   --> E    L_3       
     e(  5 -  5) =    -24.72206  eV     1   --> A_1  L_1       
     e(  6 -  6) =    -17.05554  eV     1   --> A_1  L_1       
     e(  7 -  7) =     -7.21074  eV     1   --> A_1  L_1       
     e(  8 -  9) =     -6.51978  eV     2   --> E    L_3       
     e( 10 - 10) =     -5.20456  eV     1   --> A_1  L_1       
     e( 11 - 12) =     -2.67114  eV     2   --> E    L_3       
     e( 13 - 13) =     -0.26631  eV     1   --> A_1  L_1       
     e( 14 - 15) =      1.77579  eV     2   --> E    L_3       
     e( 16 - 16) =      1.94908  eV     1   --> A_1  L_1       
     e( 17 - 18) =      2.75247  eV     2   --> E    L_3       
     e( 19 - 19) =      3.41220  eV     1   --> A_1  L_1       
     e( 20 - 20) =      3.71244  eV     1   --> A_1  L_1       
     e( 21 - 21) =      4.51115  eV     1   --> A_1  L_1       
     e( 22 - 22) =      4.93306  eV     1   --> A_1  L_1       
     e( 23 - 23) =      6.17600  eV     1   --> A_1  L_1       
     e( 24 - 24) =      6.82663  eV     1   --> A_1  L_1       
     e( 25 - 25) =      8.32172  eV     1   --> A_1  L_1       
     e( 26 - 26) =      9.85017  eV     1   --> A_1  L_1       

 **************************************************************************

 **************************************************************************

                    xk=(   0.01667,   0.00962,   0.00000  )

     point group C_s (m)    
     there are  2 classes
     the character table:

       E     s    
A'     1.00  1.00
A''    1.00 -1.00

     the symmetry operations in each class and the name of the first element:

     E        1
                                                                 
     s        2
                                                                 

     Band symmetry, C_s (m)     point group:

     e(  1 -  1) =    -49.43841  eV     1   --> A'             
     e(  2 -  2) =    -27.91851  eV     1   --> A'             
     e(  3 -  3) =    -27.15067  eV     1   --> A'             
     e(  4 -  4) =    -27.14874  eV     1   --> A''            
     e(  5 -  5) =    -24.72142  eV     1   --> A'             
     e(  6 -  6) =    -17.05351  eV     1   --> A'             
     e(  7 -  7) =     -7.20822  eV     1   --> A'             
     e(  8 -  8) =     -6.52252  eV     1   --> A'             
     e(  9 -  9) =     -6.51977  eV     1   --> A''            
     e( 10 - 10) =     -5.20286  eV     1   --> A'             
     e( 11 - 11) =     -2.68802  eV     1   --> A'             
     e( 12 - 12) =     -2.67413  eV     1   --> A''            
     e( 13 - 13) =     -0.26505  eV     1   --> A'             
     e( 14 - 14) =      1.77089  eV     1   --> A'             
     e( 15 - 15) =      1.77888  eV     1   --> A''            
     e( 16 - 16) =      1.95695  eV     1   --> A'             
     e( 17 - 17) =      2.74660  eV     1   --> A'             
     e( 18 - 18) =      2.75623  eV     1   --> A''            
     e( 19 - 19) =      3.42175  eV     1   --> A'             
     e( 20 - 20) =      3.71904  eV     1   --> A'             
     e( 21 - 21) =      4.51817  eV     1   --> A'             
     e( 22 - 22) =      4.94363  eV     1   --> A'             
     e( 23 - 23) =      6.18713  eV     1   --> A'             
     e( 24 - 24) =      6.83448  eV     1   --> A'             
     e( 25 - 25) =      8.32620  eV     1   --> A'             
     e( 26 - 26) =      9.85561  eV     1   --> A'             

 **************************************************************************

 **************************************************************************

                    xk=(   0.03333,   0.01925,   0.00000  )

     Band symmetry, C_s (m)     point group:

     e(  1 -  1) =    -49.43792  eV     1   --> A'             
     e(  2 -  2) =    -27.91665  eV     1   --> A'             
     e(  3 -  3) =    -27.15746  eV     1   --> A'             
     e(  4 -  4) =    -27.14979  eV     1   --> A''            
     e(  5 -  5) =    -24.71954  eV     1   --> A'             
     e(  6 -  6) =    -17.04743  eV     1   --> A'             
     e(  7 -  7) =     -7.20079  eV     1   --> A'             
     e(  8 -  8) =     -6.53058  eV     1   --> A'             
     e(  9 -  9) =     -6.51969  eV     1   --> A''            
     e( 10 - 10) =     -5.19786  eV     1   --> A'             
     e( 11 - 11) =     -2.73791  eV     1   --> A'             
     e( 12 - 12) =     -2.68303  eV     1   --> A''            
     e( 13 - 13) =     -0.26146  eV     1   --> A'             
     e( 14 - 14) =      1.75712  eV     1   --> A'             
     e( 15 - 15) =      1.78824  eV     1   --> A''            
     e( 16 - 16) =      1.97860  eV     1   --> A'             
     e( 17 - 17) =      2.73193  eV     1   --> A'             
     e( 18 - 18) =      2.76741  eV     1   --> A''            
     e( 19 - 19) =      3.44894  eV     1   --> A'             
     e( 20 - 20) =      3.73857  eV     1   --> A'             
     e( 21 - 21) =      4.53905  eV     1   --> A'             
     e( 22 - 22) =      4.97462  eV     1   --> A'             
     e( 23 - 23) =      6.22032  eV     1   --> A'             
     e( 24 - 24) =      6.85809  eV     1   --> A'             
     e( 25 - 25) =      8.33962  eV     1   --> A'             
     e( 26 - 26) =      9.87148  eV     1   --> A'             

 **************************************************************************

 **************************************************************************

                    xk=(   0.05000,   0.02887,   0.00000  )

     Band symmetry, C_s (m)     point group:

     e(  1 -  1) =    -49.43711  eV     1   --> A'             
     e(  2 -  2) =    -27.91356  eV     1   --> A'             
     e(  3 -  3) =    -27.16864  eV     1   --> A'             
     e(  4 -  4) =    -27.15151  eV     1   --> A''            
     e(  5 -  5) =    -24.71646  eV     1   --> A'             
     e(  6 -  6) =    -17.03734  eV     1   --> A'             
     e(  7 -  7) =     -7.18854  eV     1   --> A'             
     e(  8 -  8) =     -6.54371  eV     1   --> A'             
     e(  9 -  9) =     -6.51958  eV     1   --> A''            
     e( 10 - 10) =     -5.18979  eV     1   --> A'             
     e( 11 - 11) =     -2.81863  eV     1   --> A'             
     e( 12 - 12) =     -2.69768  eV     1   --> A''            
     e( 13 - 13) =     -0.25601  eV     1   --> A'             
     e( 14 - 14) =      1.73634  eV     1   --> A'             
     e( 15 - 15) =      1.80401  eV     1   --> A''            
     e( 16 - 16) =      2.00912  eV     1   --> A'             
     e( 17 - 17) =      2.71613  eV     1   --> A'             
     e( 18 - 18) =      2.78565  eV     1   --> A''            
     e( 19 - 19) =      3.49052  eV     1   --> A'             
     e( 20 - 20) =      3.77033  eV     1   --> A'             
     e( 21 - 21) =      4.57340  eV     1   --> A'             
     e( 22 - 22) =      5.02401  eV     1   --> A'             
     e( 23 - 23) =      6.27498  eV     1   --> A'             
     e( 24 - 24) =      6.89763  eV     1   --> A'             
     e( 25 - 25) =      8.36187  eV     1   --> A'             
     e( 26 - 26) =      9.89629  eV     1   --> A'             

 **************************************************************************

 **************************************************************************

                    xk=(   0.06667,   0.03849,   0.00000  )

     Band symmetry, C_s (m)     point group:

     e(  1 -  1) =    -49.43599  eV     1   --> A'             
     e(  2 -  2) =    -27.90931  eV     1   --> A'             
     e(  3 -  3) =    -27.18400  eV     1   --> A'             
     e(  4 -  4) =    -27.15390  eV     1   --> A''            
     e(  5 -  5) =    -24.71232  eV     1   --> A'             
     e(  6 -  6) =    -17.02331  eV     1   --> A'             
     e(  7 -  7) =     -7.17180  eV     1   --> A'             
     e(  8 -  8) =     -6.56140  eV     1   --> A'             
     e(  9 -  9) =     -6.51949  eV     1   --> A''            
     e( 10 - 10) =     -5.17905  eV     1   --> A'             
     e( 11 - 11) =     -2.92697  eV     1   --> A'             
     e( 12 - 12) =     -2.71780  eV     1   --> A''            
     e( 13 - 13) =     -0.24948  eV     1   --> A'             
     e( 14 - 14) =      1.71055  eV     1   --> A'             
     e( 15 - 15) =      1.82641  eV     1   --> A''            
     e( 16 - 16) =      2.04191  eV     1   --> A'             
     e( 17 - 17) =      2.70883  eV     1   --> A'             
     e( 18 - 18) =      2.81040  eV     1   --> A''            
     e( 19 - 19) =      3.54344  eV     1   --> A'             
     e( 20 - 20) =      3.81338  eV     1   --> A'             
     e( 21 - 21) =      4.62061  eV     1   --> A'             
     e( 22 - 22) =      5.08887  eV     1   --> A'             
     e( 23 - 23) =      6.34980  eV     1   --> A'             
     e( 24 - 24) =      6.95340  eV     1   --> A'             
     e( 25 - 25) =      8.39273  eV     1   --> A'             
     e( 26 - 26) =      9.92606  eV     1   --> A'             

 **************************************************************************

 **************************************************************************

                    xk=(   0.08333,   0.04811,   0.00000  )

     Band symmetry, C_s (m)     point group:

     e(  1 -  1) =    -49.43456  eV     1   --> A'             
     e(  2 -  2) =    -27.90393  eV     1   --> A'             
     e(  3 -  3) =    -27.20327  eV     1   --> A'             
     e(  4 -  4) =    -27.15693  eV     1   --> A''            
     e(  5 -  5) =    -24.70725  eV     1   --> A'             
     e(  6 -  6) =    -17.00543  eV     1   --> A'             
     e(  7 -  7) =     -7.15090  eV     1   --> A'             
     e(  8 -  8) =     -6.58308  eV     1   --> A'             
     e(  9 -  9) =     -6.51943  eV     1   --> A''            
     e( 10 - 10) =     -5.16609  eV     1   --> A'             
     e( 11 - 11) =     -3.05908  eV     1   --> A'             
     e( 12 - 12) =     -2.74302  eV     1   --> A''            
     e( 13 - 13) =     -0.24287  eV     1   --> A'             
     e( 14 - 14) =      1.68182  eV     1   --> A'             
     e( 15 - 15) =      1.85574  eV     1   --> A''            
     e( 16 - 16) =      2.07017  eV     1   --> A'             
     e( 17 - 17) =      2.71915  eV     1   --> A'             
     e( 18 - 18) =      2.84099  eV     1   --> A''            
     e( 19 - 19) =      3.60574  eV     1   --> A'             
     e( 20 - 20) =      3.86679  eV     1   --> A'             
     e( 21 - 21) =      4.68001  eV     1   --> A'             
     e( 22 - 22) =      5.16597  eV     1   --> A'             
     e( 23 - 23) =      6.44236  eV     1   --> A'             
     e( 24 - 24) =      7.02575  eV     1   --> A'             
     e( 25 - 25) =      8.43178  eV     1   --> A'             
     e( 26 - 26) =      9.94207  eV     1   --> A'             

 **************************************************************************

 **************************************************************************

                    xk=(   0.10000,   0.05774,   0.00000  )

     Band symmetry, C_s (m)     point group:

     e(  1 -  1) =    -49.43286  eV     1   --> A'             
     e(  2 -  2) =    -27.89750  eV     1   --> A'             
     e(  3 -  3) =    -27.22611  eV     1   --> A'             
     e(  4 -  4) =    -27.16055  eV     1   --> A''            
     e(  5 -  5) =    -24.70143  eV     1   --> A'             
     e(  6 -  6) =    -16.98383  eV     1   --> A'             
     e(  7 -  7) =     -7.12639  eV     1   --> A'             
     e(  8 -  8) =     -6.60804  eV     1   --> A'             
     e(  9 -  9) =     -6.51946  eV     1   --> A''            
     e( 10 - 10) =     -5.15148  eV     1   --> A'             
     e( 11 - 11) =     -3.21087  eV     1   --> A'             
     e( 12 - 12) =     -2.77288  eV     1   --> A''            
     e( 13 - 13) =     -0.23733  eV     1   --> A'             
     e( 14 - 14) =      1.65241  eV     1   --> A'             
     e( 15 - 15) =      1.89226  eV     1   --> A''            
     e( 16 - 16) =      2.08927  eV     1   --> A'             
     e( 17 - 17) =      2.75284  eV     1   --> A'             
     e( 18 - 18) =      2.87661  eV     1   --> A''            
     e( 19 - 19) =      3.67648  eV     1   --> A'             
     e( 20 - 20) =      3.92980  eV     1   --> A'             
     e( 21 - 21) =      4.75087  eV     1   --> A'             
     e( 22 - 22) =      5.25236  eV     1   --> A'             
     e( 23 - 23) =      6.54896  eV     1   --> A'             
     e( 24 - 24) =      7.11481  eV     1   --> A'             
     e( 25 - 25) =      8.47822  eV     1   --> A'             
     e( 26 - 26) =      9.84835  eV     1   --> A'             

 **************************************************************************

 **************************************************************************

                    xk=(   0.11667,   0.06736,   0.00000  )

     Band symmetry, C_s (m)     point group:

     e(  1 -  1) =    -49.43088  eV     1   --> A'             
     e(  2 -  2) =    -27.89013  eV     1   --> A'             
     e(  3 -  3) =    -27.25211  eV     1   --> A'             
     e(  4 -  4) =    -27.16474  eV     1   --> A''            
     e(  5 -  5) =    -24.69502  eV     1   --> A'             
     e(  6 -  6) =    -16.95865  eV     1   --> A'             
     e(  7 -  7) =     -7.09889  eV     1   --> A'             
     e(  8 -  8) =     -6.63545  eV     1   --> A'             
     e(  9 -  9) =     -6.51965  eV     1   --> A''            
     e( 10 - 10) =     -5.13579  eV     1   --> A'             
     e( 11 - 11) =     -3.37826  eV     1   --> A'             
     e( 12 - 12) =     -2.80687  eV     1   --> A''            
     e( 13 - 13) =     -0.23415  eV     1   --> A'             
     e( 14 - 14) =      1.62482  eV     1   --> A'             
     e( 15 - 15) =      1.93624  eV     1   --> A''            
     e( 16 - 16) =      2.09906  eV     1   --> A'             
     e( 17 - 17) =      2.81043  eV     1   --> A'             
     e( 18 - 18) =      2.91642  eV     1   --> A''            
     e( 19 - 19) =      3.75530  eV     1   --> A'             
     e( 20 - 20) =      4.00193  eV     1   --> A'             
     e( 21 - 21) =      4.83241  eV     1   --> A'             
     e( 22 - 22) =      5.34573  eV     1   --> A'             
     e( 23 - 23) =      6.66475  eV     1   --> A'             
     e( 24 - 24) =      7.21988  eV     1   --> A'             
     e( 25 - 25) =      8.53056  eV     1   --> A'             
     e( 26 - 26) =      9.70561  eV     1   --> A'             

 **************************************************************************

 **************************************************************************

                    xk=(   0.13333,   0.07698,   0.00000  )

     Band symmetry, C_s (m)     point group:

     e(  1 -  1) =    -49.42867  eV     1   --> A'             
     e(  2 -  2) =    -27.88192  eV     1   --> A'             
     e(  3 -  3) =    -27.28084  eV     1   --> A'             
     e(  4 -  4) =    -27.16943  eV     1   --> A''            
     e(  5 -  5) =    -24.68824  eV     1   --> A'             
     e(  6 -  6) =    -16.93007  eV     1   --> A'             
     e(  7 -  7) =     -7.06921  eV     1   --> A'             
     e(  8 -  8) =     -6.66448  eV     1   --> A'             
     e(  9 -  9) =     -6.52005  eV     1   --> A''            
     e( 10 - 10) =     -5.11966  eV     1   --> A'             
     e( 11 - 11) =     -3.55738  eV     1   --> A'             
     e( 12 - 12) =     -2.84442  eV     1   --> A''            
     e( 13 - 13) =     -0.23454  eV     1   --> A'             
     e( 14 - 14) =      1.60144  eV     1   --> A'             
     e( 15 - 15) =      1.98786  eV     1   --> A''            
     e( 16 - 16) =      2.10323  eV     1   --> A'             
     e( 17 - 17) =      2.88812  eV     1   --> A'             
     e( 18 - 18) =      2.95956  eV     1   --> A''            
     e( 19 - 19) =      3.84209  eV     1   --> A'             
     e( 20 - 20) =      4.08289  eV     1   --> A'             
     e( 21 - 21) =      4.92378  eV     1   --> A'             
     e( 22 - 22) =      5.44458  eV     1   --> A'             
     e( 23 - 23) =      6.78437  eV     1   --> A'             
     e( 24 - 24) =      7.33820  eV     1   --> A'             
     e( 25 - 25) =      8.58610  eV     1   --> A'             
     e( 26 - 26) =      9.57845  eV     1   --> A'             

 **************************************************************************

 **************************************************************************

                    xk=(   0.15000,   0.08660,   0.00000  )

     Band symmetry, C_s (m)     point group:

     e(  1 -  1) =    -49.42623  eV     1   --> A'             
     e(  2 -  2) =    -27.87301  eV     1   --> A'             
     e(  3 -  3) =    -27.31182  eV     1   --> A'             
     e(  4 -  4) =    -27.17460  eV     1   --> A''            
     e(  5 -  5) =    -24.68125  eV     1   --> A'             
     e(  6 -  6) =    -16.89831  eV     1   --> A'             
     e(  7 -  7) =     -7.03844  eV     1   --> A'             
     e(  8 -  8) =     -6.69401  eV     1   --> A'             
     e(  9 -  9) =     -6.52073  eV     1   --> A''            
     e( 10 - 10) =     -5.10382  eV     1   --> A'             
     e( 11 - 11) =     -3.74450  eV     1   --> A'             
     e( 12 - 12) =     -2.88495  eV     1   --> A''            
     e( 13 - 13) =     -0.23955  eV     1   --> A'             
     e( 14 - 14) =      1.58443  eV     1   --> A'             
     e( 15 - 15) =      2.04719  eV     1   --> A''            
     e( 16 - 16) =      2.10676  eV     1   --> A'             
     e( 17 - 17) =      2.98073  eV     1   --> A'             
     e( 18 - 18) =      3.00520  eV     1   --> A''            
     e( 19 - 19) =      3.93680  eV     1   --> A'             
     e( 20 - 20) =      4.17255  eV     1   --> A'             
     e( 21 - 21) =      5.02400  eV     1   --> A'             
     e( 22 - 22) =      5.54811  eV     1   --> A'             
     e( 23 - 23) =      6.90286  eV     1   --> A'             
     e( 24 - 24) =      7.46352  eV     1   --> A'             
     e( 25 - 25) =      8.64071  eV     1   --> A'             
     e( 26 - 26) =      9.48395  eV     1   --> A'             

 **************************************************************************

 **************************************************************************

                    xk=(   0.16667,   0.09623,   0.00000  )

     Band symmetry, C_s (m)     point group:

     e(  1 -  1) =    -49.42359  eV     1   --> A'             
     e(  2 -  2) =    -27.86357  eV     1   --> A'             
     e(  3 -  3) =    -27.34451  eV     1   --> A'             
     e(  4 -  4) =    -27.18015  eV     1   --> A''            
     e(  5 -  5) =    -24.67425  eV     1   --> A'             
     e(  6 -  6) =    -16.86359  eV     1   --> A'             
     e(  7 -  7) =     -7.00805  eV     1   --> A'             
     e(  8 -  8) =     -6.72267  eV     1   --> A'             
     e(  9 -  9) =     -6.52167  eV     1   --> A''            
     e( 10 - 10) =     -5.08920  eV     1   --> A'             
     e( 11 - 11) =     -3.93601  eV     1   --> A'             
     e( 12 - 12) =     -2.92782  eV     1   --> A''            
     e( 13 - 13) =     -0.24992  eV     1   --> A'             
     e( 14 - 14) =      1.57542  eV     1   --> A'             
     e( 15 - 15) =      2.11401  eV     1   --> A'             
     e( 16 - 16) =      2.11425  eV     1   --> A''            
     e( 17 - 17) =      3.05264  eV     1   --> A''            
     e( 18 - 18) =      3.08376  eV     1   --> A'             
     e( 19 - 19) =      4.03935  eV     1   --> A'             
     e( 20 - 20) =      4.27085  eV     1   --> A'             
     e( 21 - 21) =      5.13201  eV     1   --> A'             
     e( 22 - 22) =      5.65596  eV     1   --> A'             
     e( 23 - 23) =      7.01584  eV     1   --> A'             
     e( 24 - 24) =      7.58542  eV     1   --> A'             
     e( 25 - 25) =      8.69053  eV     1   --> A'             
     e( 26 - 26) =      9.43461  eV     1   --> A'             

 **************************************************************************

 **************************************************************************

                    xk=(   0.18333,   0.10585,   0.00000  )

     Band symmetry, C_s (m)     point group:

     e(  1 -  1) =    -49.42079  eV     1   --> A'             
     e(  2 -  2) =    -27.85382  eV     1   --> A'             
     e(  3 -  3) =    -27.37841  eV     1   --> A'             
     e(  4 -  4) =    -27.18605  eV     1   --> A''            
     e(  5 -  5) =    -24.66740  eV     1   --> A'             
     e(  6 -  6) =    -16.82620  eV     1   --> A'             
     e(  7 -  7) =     -6.98040  eV     1   --> A'             
     e(  8 -  8) =     -6.74842  eV     1   --> A'             
     e(  9 -  9) =     -6.52297  eV     1   --> A''            
     e( 10 - 10) =     -5.07727  eV     1   --> A'             
     e( 11 - 11) =     -4.12803  eV     1   --> A'             
     e( 12 - 12) =     -2.97243  eV     1   --> A''            
     e( 13 - 13) =     -0.26595  eV     1   --> A'             
     e( 14 - 14) =      1.57533  eV     1   --> A'             
     e( 15 - 15) =      2.12813  eV     1   --> A'             
     e( 16 - 16) =      2.18883  eV     1   --> A''            
     e( 17 - 17) =      3.10119  eV     1   --> A''            
     e( 18 - 18) =      3.19397  eV     1   --> A'             
     e( 19 - 19) =      4.14966  eV     1   --> A'             
     e( 20 - 20) =      4.37775  eV     1   --> A'             
     e( 21 - 21) =      5.24654  eV     1   --> A'             
     e( 22 - 22) =      5.76800  eV     1   --> A'             
     e( 23 - 23) =      7.11892  eV     1   --> A'             
     e( 24 - 24) =      7.69083  eV     1   --> A'             
     e( 25 - 25) =      8.73746  eV     1   --> A'             
     e( 26 - 26) =      9.42794  eV     1   --> A'             

 **************************************************************************

 **************************************************************************

                    xk=(   0.20000,   0.11547,   0.00000  )

     Band symmetry, C_s (m)     point group:

     e(  1 -  1) =    -49.41785  eV     1   --> A'             
     e(  2 -  2) =    -27.84398  eV     1   --> A'             
     e(  3 -  3) =    -27.41287  eV     1   --> A'             
     e(  4 -  4) =    -27.19221  eV     1   --> A''            
     e(  5 -  5) =    -24.66083  eV     1   --> A'             
     e(  6 -  6) =    -16.78645  eV     1   --> A'             
     e(  7 -  7) =     -6.95917  eV     1   --> A'             
     e(  8 -  8) =     -6.76766  eV     1   --> A'             
     e(  9 -  9) =     -6.52464  eV     1   --> A''            
     e( 10 - 10) =     -5.07064  eV     1   --> A'             
     e( 11 - 11) =     -4.31573  eV     1   --> A'             
     e( 12 - 12) =     -3.01819  eV     1   --> A''            
     e( 13 - 13) =     -0.28737  eV     1   --> A'             
     e( 14 - 14) =      1.58443  eV     1   --> A'             
     e( 15 - 15) =      2.15122  eV     1   --> A'             
     e( 16 - 16) =      2.27062  eV     1   --> A''            
     e( 17 - 17) =      3.15036  eV     1   --> A''            
     e( 18 - 18) =      3.30933  eV     1   --> A'             
     e( 19 - 19) =      4.26758  eV     1   --> A'             
     e( 20 - 20) =      4.49321  eV     1   --> A'             
     e( 21 - 21) =      5.36614  eV     1   --> A'             
     e( 22 - 22) =      5.88414  eV     1   --> A'             
     e( 23 - 23) =      7.20644  eV     1   --> A'             
     e( 24 - 24) =      7.76981  eV     1   --> A'             
     e( 25 - 25) =      8.79243  eV     1   --> A'             
     e( 26 - 26) =      9.41980  eV     1   --> A'             

 **************************************************************************

 **************************************************************************

                    xk=(   0.21667,   0.12509,   0.00000  )

     Band symmetry, C_s (m)     point group:

     e(  1 -  1) =    -49.41481  eV     1   --> A'             
     e(  2 -  2) =    -27.83441  eV     1   --> A'             
     e(  3 -  3) =    -27.44731  eV     1   --> A'             
     e(  4 -  4) =    -27.19859  eV     1   --> A''            
     e(  5 -  5) =    -24.65469  eV     1   --> A'             
     e(  6 -  6) =    -16.74468  eV     1   --> A'             
     e(  7 -  7) =     -6.94954  eV     1   --> A'             
     e(  8 -  8) =     -6.77570  eV     1   --> A'             
     e(  9 -  9) =     -6.52671  eV     1   --> A''            
     e( 10 - 10) =     -5.07490  eV     1   --> A'             
     e( 11 - 11) =     -4.49156  eV     1   --> A'             
     e( 12 - 12) =     -3.06452  eV     1   --> A''            
     e( 13 - 13) =     -0.31352  eV     1   --> A'             
     e( 14 - 14) =      1.60227  eV     1   --> A'             
     e( 15 - 15) =      2.18435  eV     1   --> A'             
     e( 16 - 16) =      2.35907  eV     1   --> A''            
     e( 17 - 17) =      3.19976  eV     1   --> A''            
     e( 18 - 18) =      3.42858  eV     1   --> A'             
     e( 19 - 19) =      4.39298  eV     1   --> A'             
     e( 20 - 20) =      4.61712  eV     1   --> A'             
     e( 21 - 21) =      5.48903  eV     1   --> A'             
     e( 22 - 22) =      6.00416  eV     1   --> A'             
     e( 23 - 23) =      7.27110  eV     1   --> A'             
     e( 24 - 24) =      7.82339  eV     1   --> A'             
     e( 25 - 25) =      8.86548  eV     1   --> A'             
     e( 26 - 26) =      9.36666  eV     1   --> A'             

 **************************************************************************

 **************************************************************************

                    xk=(   0.23333,   0.13472,   0.00000  )

     Band symmetry, C_s (m)     point group:

     e(  1 -  1) =    -49.41170  eV     1   --> A'             
     e(  2 -  2) =    -27.82551  eV     1   --> A'             
     e(  3 -  3) =    -27.48098  eV     1   --> A'             
     e(  4 -  4) =    -27.20510  eV     1   --> A''            
     e(  5 -  5) =    -24.64905  eV     1   --> A'             
     e(  6 -  6) =    -16.70127  eV     1   --> A'             
     e(  7 -  7) =     -6.95443  eV     1   --> A'             
     e(  8 -  8) =     -6.76991  eV     1   --> A'             
     e(  9 -  9) =     -6.52917  eV     1   --> A''            
     e( 10 - 10) =     -5.10214  eV     1   --> A'             
     e( 11 - 11) =     -4.64163  eV     1   --> A'             
     e( 12 - 12) =     -3.11085  eV     1   --> A''            
     e( 13 - 13) =     -0.34331  eV     1   --> A'             
     e( 14 - 14) =      1.62805  eV     1   --> A'             
     e( 15 - 15) =      2.22779  eV     1   --> A'             
     e( 16 - 16) =      2.45343  eV     1   --> A''            
     e( 17 - 17) =      3.24920  eV     1   --> A''            
     e( 18 - 18) =      3.55109  eV     1   --> A'             
     e( 19 - 19) =      4.52568  eV     1   --> A'             
     e( 20 - 20) =      4.74935  eV     1   --> A'             
     e( 21 - 21) =      5.61302  eV     1   --> A'             
     e( 22 - 22) =      6.12763  eV     1   --> A'             
     e( 23 - 23) =      7.30687  eV     1   --> A'             
     e( 24 - 24) =      7.86348  eV     1   --> A'             
     e( 25 - 25) =      8.95398  eV     1   --> A'             
     e( 26 - 26) =      9.30388  eV     1   --> A'             

 **************************************************************************

 **************************************************************************

                    xk=(   0.25000,   0.14434,   0.00000  )

     Band symmetry, C_s (m)     point group:

     e(  1 -  1) =    -49.40856  eV     1   --> A'             
     e(  2 -  2) =    -27.81782  eV     1   --> A'             
     e(  3 -  3) =    -27.51307  eV     1   --> A'             
     e(  4 -  4) =    -27.21166  eV     1   --> A''            
     e(  5 -  5) =    -24.64397  eV     1   --> A'             
     e(  6 -  6) =    -16.65662  eV     1   --> A'             
     e(  7 -  7) =     -6.97089  eV     1   --> A'             
     e(  8 -  8) =     -6.75359  eV     1   --> A'             
     e(  9 -  9) =     -6.53198  eV     1   --> A''            
     e( 10 - 10) =     -5.17138  eV     1   --> A'             
     e( 11 - 11) =     -4.74523  eV     1   --> A'             
     e( 12 - 12) =     -3.15669  eV     1   --> A''            
     e( 13 - 13) =     -0.37547  eV     1   --> A'             
     e( 14 - 14) =      1.66075  eV     1   --> A'             
     e( 15 - 15) =      2.28099  eV     1   --> A'             
     e( 16 - 16) =      2.55266  eV     1   --> A''            
     e( 17 - 17) =      3.29873  eV     1   --> A''            
     e( 18 - 18) =      3.67659  eV     1   --> A'             
     e( 19 - 19) =      4.66544  eV     1   --> A'             
     e( 20 - 20) =      4.88969  eV     1   --> A'             
     e( 21 - 21) =      5.73526  eV     1   --> A'             
     e( 22 - 22) =      6.25382  eV     1   --> A'             
     e( 23 - 23) =      7.31536  eV     1   --> A'             
     e( 24 - 24) =      7.90061  eV     1   --> A'             
     e( 25 - 25) =      9.03854  eV     1   --> A'             
     e( 26 - 26) =      9.27600  eV     1   --> A'             

 **************************************************************************

 **************************************************************************

                    xk=(   0.26667,   0.15396,   0.00000  )

     Band symmetry, C_s (m)     point group:

     e(  1 -  1) =    -49.40540  eV     1   --> A'             
     e(  2 -  2) =    -27.81204  eV     1   --> A'             
     e(  3 -  3) =    -27.54263  eV     1   --> A'             
     e(  4 -  4) =    -27.21822  eV     1   --> A''            
     e(  5 -  5) =    -24.63951  eV     1   --> A'             
     e(  6 -  6) =    -16.61119  eV     1   --> A'             
     e(  7 -  7) =     -6.99375  eV     1   --> A'             
     e(  8 -  8) =     -6.73230  eV     1   --> A'             
     e(  9 -  9) =     -6.53515  eV     1   --> A''            
     e( 10 - 10) =     -5.28783  eV     1   --> A'             
     e( 11 - 11) =     -4.79567  eV     1   --> A'             
     e( 12 - 12) =     -3.20154  eV     1   --> A''            
     e( 13 - 13) =     -0.40869  eV     1   --> A'             
     e( 14 - 14) =      1.69934  eV     1   --> A'             
     e( 15 - 15) =      2.34261  eV     1   --> A'             
     e( 16 - 16) =      2.65535  eV     1   --> A''            
     e( 17 - 17) =      3.34861  eV     1   --> A''            
     e( 18 - 18) =      3.80509  eV     1   --> A'             
     e( 19 - 19) =      4.81193  eV     1   --> A'             
     e( 20 - 20) =      5.03784  eV     1   --> A'             
     e( 21 - 21) =      5.85204  eV     1   --> A'             
     e( 22 - 22) =      6.38164  eV     1   --> A'             
     e( 23 - 23) =      7.30865  eV     1   --> A'             
     e( 24 - 24) =      7.93525  eV     1   --> A'             
     e( 25 - 25) =      9.08884  eV     1   --> A'             
     e( 26 - 26) =      9.32146  eV     1   --> A'             

 **************************************************************************

 **************************************************************************

                    xk=(   0.28333,   0.16358,   0.00000  )

     Band symmetry, C_s (m)     point group:

     e(  1 -  1) =    -49.40229  eV     1   --> A'             
     e(  2 -  2) =    -27.80903  eV     1   --> A'             
     e(  3 -  3) =    -27.56857  eV     1   --> A'             
     e(  4 -  4) =    -27.22469  eV     1   --> A''            
     e(  5 -  5) =    -24.63568  eV     1   --> A'             
     e(  6 -  6) =    -16.56545  eV     1   --> A'             
     e(  7 -  7) =     -7.01944  eV     1   --> A'             
     e(  8 -  8) =     -6.70990  eV     1   --> A'             
     e(  9 -  9) =     -6.53859  eV     1   --> A''            
     e( 10 - 10) =     -5.43161  eV     1   --> A'             
     e( 11 - 11) =     -4.81141  eV     1   --> A'             
     e( 12 - 12) =     -3.24498  eV     1   --> A''            
     e( 13 - 13) =     -0.44170  eV     1   --> A'             
     e( 14 - 14) =      1.74291  eV     1   --> A'             
     e( 15 - 15) =      2.41055  eV     1   --> A'             
     e( 16 - 16) =      2.75966  eV     1   --> A''            
     e( 17 - 17) =      3.39950  eV     1   --> A''            
     e( 18 - 18) =      3.93677  eV     1   --> A'             
     e( 19 - 19) =      4.96457  eV     1   --> A'             
     e( 20 - 20) =      5.19328  eV     1   --> A'             
     e( 21 - 21) =      5.95892  eV     1   --> A'             
     e( 22 - 22) =      6.50972  eV     1   --> A'             
     e( 23 - 23) =      7.30408  eV     1   --> A'             
     e( 24 - 24) =      7.96252  eV     1   --> A'             
     e( 25 - 25) =      9.11995  eV     1   --> A'             
     e( 26 - 26) =      9.42724  eV     1   --> A'             

 **************************************************************************

 **************************************************************************

                    xk=(   0.30000,   0.17321,   0.00000  )

     Band symmetry, C_s (m)     point group:

     e(  1 -  1) =    -49.39923  eV     1   --> A'             
     e(  2 -  2) =    -27.80972  eV     1   --> A'             
     e(  3 -  3) =    -27.58975  eV     1   --> A'             
     e(  4 -  4) =    -27.23101  eV     1   --> A''            
     e(  5 -  5) =    -24.63246  eV     1   --> A'             
     e(  6 -  6) =    -16.51991  eV     1   --> A'             
     e(  7 -  7) =     -7.04607  eV     1   --> A'             
     e(  8 -  8) =     -6.68857  eV     1   --> A'             
     e(  9 -  9) =     -6.54228  eV     1   --> A''            
     e( 10 - 10) =     -5.58336  eV     1   --> A'             
     e( 11 - 11) =     -4.81048  eV     1   --> A'             
     e( 12 - 12) =     -3.28661  eV     1   --> A''            
     e( 13 - 13) =     -0.47344  eV     1   --> A'             
     e( 14 - 14) =      1.79071  eV     1   --> A'             
     e( 15 - 15) =      2.48210  eV     1   --> A'             
     e( 16 - 16) =      2.86319  eV     1   --> A''            
     e( 17 - 17) =      3.45243  eV     1   --> A''            
     e( 18 - 18) =      4.07197  eV     1   --> A'             
     e( 19 - 19) =      5.12240  eV     1   --> A'             
     e( 20 - 20) =      5.35517  eV     1   --> A'             
     e( 21 - 21) =      6.05171  eV     1   --> A'             
     e( 22 - 22) =      6.63662  eV     1   --> A'             
     e( 23 - 23) =      7.31773  eV     1   --> A'             
     e( 24 - 24) =      7.98029  eV     1   --> A'             
     e( 25 - 25) =      9.16587  eV     1   --> A'             
     e( 26 - 26) =      9.55604  eV     1   --> A'             

 **************************************************************************

 **************************************************************************

                    xk=(   0.31667,   0.18283,   0.00000  )

     Band symmetry, C_s (m)     point group:

     e(  1 -  1) =    -49.39628  eV     1   --> A'             
     e(  2 -  2) =    -27.81476  eV     1   --> A'             
     e(  3 -  3) =    -27.60534  eV     1   --> A'             
     e(  4 -  4) =    -27.23711  eV     1   --> A''            
     e(  5 -  5) =    -24.62984  eV     1   --> A'             
     e(  6 -  6) =    -16.47510  eV     1   --> A'             
     e(  7 -  7) =     -7.07270  eV     1   --> A'             
     e(  8 -  8) =     -6.66951  eV     1   --> A'             
     e(  9 -  9) =     -6.54613  eV     1   --> A''            
     e( 10 - 10) =     -5.73286  eV     1   --> A'             
     e( 11 - 11) =     -4.80189  eV     1   --> A'             
     e( 12 - 12) =     -3.32608  eV     1   --> A''            
     e( 13 - 13) =     -0.50302  eV     1   --> A'             
     e( 14 - 14) =      1.84209  eV     1   --> A'             
     e( 15 - 15) =      2.55401  eV     1   --> A'             
     e( 16 - 16) =      2.96299  eV     1   --> A''            
     e( 17 - 17) =      3.50890  eV     1   --> A''            
     e( 18 - 18) =      4.21108  eV     1   --> A'             
     e( 19 - 19) =      5.28361  eV     1   --> A'             
     e( 20 - 20) =      5.52207  eV     1   --> A'             
     e( 21 - 21) =      6.12919  eV     1   --> A'             
     e( 22 - 22) =      6.76100  eV     1   --> A'             
     e( 23 - 23) =      7.36021  eV     1   --> A'             
     e( 24 - 24) =      7.99219  eV     1   --> A'             
     e( 25 - 25) =      9.23373  eV     1   --> A'             
     e( 26 - 26) =      9.69065  eV     1   --> A'             

 **************************************************************************

 **************************************************************************

                    xk=(   0.33333,   0.19245,   0.00000  )

     Band symmetry, C_s (m)     point group:

     e(  1 -  1) =    -49.39346  eV     1   --> A'             
     e(  2 -  2) =    -27.82415  eV     1   --> A'             
     e(  3 -  3) =    -27.61520  eV     1   --> A'             
     e(  4 -  4) =    -27.24292  eV     1   --> A''            
     e(  5 -  5) =    -24.62778  eV     1   --> A'             
     e(  6 -  6) =    -16.43158  eV     1   --> A'             
     e(  7 -  7) =     -7.09880  eV     1   --> A'             
     e(  8 -  8) =     -6.65350  eV     1   --> A'             
     e(  9 -  9) =     -6.55005  eV     1   --> A''            
     e( 10 - 10) =     -5.87483  eV     1   --> A'             
     e( 11 - 11) =     -4.78972  eV     1   --> A'             
     e( 12 - 12) =     -3.36306  eV     1   --> A''            
     e( 13 - 13) =     -0.52983  eV     1   --> A'             
     e( 14 - 14) =      1.89648  eV     1   --> A'             
     e( 15 - 15) =      2.62275  eV     1   --> A'             
     e( 16 - 16) =      3.05567  eV     1   --> A''            
     e( 17 - 17) =      3.57059  eV     1   --> A''            
     e( 18 - 18) =      4.35456  eV     1   --> A'             
     e( 19 - 19) =      5.44468  eV     1   --> A'             
     e( 20 - 20) =      5.69139  eV     1   --> A'             
     e( 21 - 21) =      6.19709  eV     1   --> A'             
     e( 22 - 22) =      6.88134  eV     1   --> A'             
     e( 23 - 23) =      7.43447  eV     1   --> A'             
     e( 24 - 24) =      8.00626  eV     1   --> A'             
     e( 25 - 25) =      9.31720  eV     1   --> A'             
     e( 26 - 26) =      9.81802  eV     1   --> A'             

 **************************************************************************

 **************************************************************************

                    xk=(   0.35000,   0.20207,   0.00000  )

     Band symmetry, C_s (m)     point group:

     e(  1 -  1) =    -49.39080  eV     1   --> A'             
     e(  2 -  2) =    -27.83706  eV     1   --> A'             
     e(  3 -  3) =    -27.62004  eV     1   --> A'             
     e(  4 -  4) =    -27.24839  eV     1   --> A''            
     e(  5 -  5) =    -24.62621  eV     1   --> A'             
     e(  6 -  6) =    -16.38991  eV     1   --> A'             
     e(  7 -  7) =     -7.12411  eV     1   --> A'             
     e(  8 -  8) =     -6.64105  eV     1   --> A'             
     e(  9 -  9) =     -6.55401  eV     1   --> A''            
     e( 10 - 10) =     -6.00603  eV     1   --> A'             
     e( 11 - 11) =     -4.77602  eV     1   --> A'             
     e( 12 - 12) =     -3.39727  eV     1   --> A''            
     e( 13 - 13) =     -0.55347  eV     1   --> A'             
     e( 14 - 14) =      1.95333  eV     1   --> A'             
     e( 15 - 15) =      2.68480  eV     1   --> A'             
     e( 16 - 16) =      3.13799  eV     1   --> A''            
     e( 17 - 17) =      3.63883  eV     1   --> A''            
     e( 18 - 18) =      4.50273  eV     1   --> A'             
     e( 19 - 19) =      5.59852  eV     1   --> A'             
     e( 20 - 20) =      5.85920  eV     1   --> A'             
     e( 21 - 21) =      6.27060  eV     1   --> A'             
     e( 22 - 22) =      6.99499  eV     1   --> A'             
     e( 23 - 23) =      7.53645  eV     1   --> A'             
     e( 24 - 24) =      8.03232  eV     1   --> A'             
     e( 25 - 25) =      9.40409  eV     1   --> A'             
     e( 26 - 26) =      9.90651  eV     1   --> A'             

 **************************************************************************

 **************************************************************************

                    xk=(   0.36667,   0.21170,   0.00000  )

     Band symmetry, C_s (m)     point group:

     e(  1 -  1) =    -49.38834  eV     1   --> A'             
     e(  2 -  2) =    -27.85211  eV     1   --> A'             
     e(  3 -  3) =    -27.62110  eV     1   --> A'             
     e(  4 -  4) =    -27.25346  eV     1   --> A''            
     e(  5 -  5) =    -24.62509  eV     1   --> A'             
     e(  6 -  6) =    -16.35066  eV     1   --> A'             
     e(  7 -  7) =     -7.14841  eV     1   --> A'             
     e(  8 -  8) =     -6.63267  eV     1   --> A'             
     e(  9 -  9) =     -6.55787  eV     1   --> A''            
     e( 10 - 10) =     -6.12403  eV     1   --> A'             
     e( 11 - 11) =     -4.76197  eV     1   --> A'             
     e( 12 - 12) =     -3.42849  eV     1   --> A''            
     e( 13 - 13) =     -0.57376  eV     1   --> A'             
     e( 14 - 14) =      2.01205  eV     1   --> A'             
     e( 15 - 15) =      2.73695  eV     1   --> A'             
     e( 16 - 16) =      3.20781  eV     1   --> A''            
     e( 17 - 17) =      3.71376  eV     1   --> A''            
     e( 18 - 18) =      4.65560  eV     1   --> A'             
     e( 19 - 19) =      5.73242  eV     1   --> A'             
     e( 20 - 20) =      6.02270  eV     1   --> A'             
     e( 21 - 21) =      6.37137  eV     1   --> A'             
     e( 22 - 22) =      7.09803  eV     1   --> A'             
     e( 23 - 23) =      7.65857  eV     1   --> A'             
     e( 24 - 24) =      8.07977  eV     1   --> A'             
     e( 25 - 25) =      9.47466  eV     1   --> A'             
     e( 26 - 26) =      9.86700  eV     1   --> A'             

 **************************************************************************

 **************************************************************************

                    xk=(   0.38333,   0.22132,   0.00000  )

     Band symmetry, C_s (m)     point group:

     e(  1 -  1) =    -49.38610  eV     1   --> A'             
     e(  2 -  2) =    -27.86789  eV     1   --> A'             
     e(  3 -  3) =    -27.61968  eV     1   --> A'             
     e(  4 -  4) =    -27.25805  eV     1   --> A''            
     e(  5 -  5) =    -24.62431  eV     1   --> A'             
     e(  6 -  6) =    -16.31439  eV     1   --> A'             
     e(  7 -  7) =     -7.17152  eV     1   --> A'             
     e(  8 -  8) =     -6.62890  eV     1   --> A'             
     e(  9 -  9) =     -6.56150  eV     1   --> A''            
     e( 10 - 10) =     -6.22672  eV     1   --> A'             
     e( 11 - 11) =     -4.74834  eV     1   --> A'             
     e( 12 - 12) =     -3.45649  eV     1   --> A''            
     e( 13 - 13) =     -0.59069  eV     1   --> A'             
     e( 14 - 14) =      2.07195  eV     1   --> A'             
     e( 15 - 15) =      2.77675  eV     1   --> A'             
     e( 16 - 16) =      3.26466  eV     1   --> A''            
     e( 17 - 17) =      3.79357  eV     1   --> A''            
     e( 18 - 18) =      4.81259  eV     1   --> A'             
     e( 19 - 19) =      5.83257  eV     1   --> A'             
     e( 20 - 20) =      6.18647  eV     1   --> A'             
     e( 21 - 21) =      6.51323  eV     1   --> A'             
     e( 22 - 22) =      7.18736  eV     1   --> A'             
     e( 23 - 23) =      7.79244  eV     1   --> A'             
     e( 24 - 24) =      8.15508  eV     1   --> A'             
     e( 25 - 25) =      9.47967  eV     1   --> A'             
     e( 26 - 26) =      9.70819  eV     1   --> A'             

 **************************************************************************

 **************************************************************************

                    xk=(   0.40000,   0.23094,   0.00000  )

     Band symmetry, C_s (m)     point group:

     e(  1 -  1) =    -49.38410  eV     1   --> A'             
     e(  2 -  2) =    -27.88328  eV     1   --> A'             
     e(  3 -  3) =    -27.61689  eV     1   --> A'             
     e(  4 -  4) =    -27.26214  eV     1   --> A''            
     e(  5 -  5) =    -24.62383  eV     1   --> A'             
     e(  6 -  6) =    -16.28166  eV     1   --> A'             
     e(  7 -  7) =     -7.19328  eV     1   --> A'             
     e(  8 -  8) =     -6.63059  eV     1   --> A'             
     e(  9 -  9) =     -6.56489  eV     1   --> A''            
     e( 10 - 10) =     -6.31208  eV     1   --> A'             
     e( 11 - 11) =     -4.73567  eV     1   --> A'             
     e( 12 - 12) =     -3.48109  eV     1   --> A''            
     e( 13 - 13) =     -0.60442  eV     1   --> A'             
     e( 14 - 14) =      2.13214  eV     1   --> A'             
     e( 15 - 15) =      2.80282  eV     1   --> A'             
     e( 16 - 16) =      3.30956  eV     1   --> A''            
     e( 17 - 17) =      3.87468  eV     1   --> A''            
     e( 18 - 18) =      4.97211  eV     1   --> A'             
     e( 19 - 19) =      5.89809  eV     1   --> A'             
     e( 20 - 20) =      6.35753  eV     1   --> A'             
     e( 21 - 21) =      6.69074  eV     1   --> A'             
     e( 22 - 22) =      7.26429  eV     1   --> A'             
     e( 23 - 23) =      7.92886  eV     1   --> A'             
     e( 24 - 24) =      8.25918  eV     1   --> A'             
     e( 25 - 25) =      9.32599  eV     1   --> A'             
     e( 26 - 26) =      9.60247  eV     1   --> A'             

 **************************************************************************

 **************************************************************************

                    xk=(   0.41667,   0.24056,   0.00000  )

     Band symmetry, C_s (m)     point group:

     e(  1 -  1) =    -49.38237  eV     1   --> A'             
     e(  2 -  2) =    -27.89738  eV     1   --> A'             
     e(  3 -  3) =    -27.61352  eV     1   --> A'             
     e(  4 -  4) =    -27.26567  eV     1   --> A''            
     e(  5 -  5) =    -24.62356  eV     1   --> A'             
     e(  6 -  6) =    -16.25296  eV     1   --> A'             
     e(  7 -  7) =     -7.21331  eV     1   --> A'             
     e(  8 -  8) =     -6.63847  eV     1   --> A'             
     e(  9 -  9) =     -6.56789  eV     1   --> A''            
     e( 10 - 10) =     -6.37845  eV     1   --> A'             
     e( 11 - 11) =     -4.72436  eV     1   --> A'             
     e( 12 - 12) =     -3.50215  eV     1   --> A''            
     e( 13 - 13) =     -0.61523  eV     1   --> A'             
     e( 14 - 14) =      2.19147  eV     1   --> A'             
     e( 15 - 15) =      2.81517  eV     1   --> A'             
     e( 16 - 16) =      3.34428  eV     1   --> A''            
     e( 17 - 17) =      3.95282  eV     1   --> A''            
     e( 18 - 18) =      5.13111  eV     1   --> A'             
     e( 19 - 19) =      5.93997  eV     1   --> A'             
     e( 20 - 20) =      6.53379  eV     1   --> A'             
     e( 21 - 21) =      6.89016  eV     1   --> A'             
     e( 22 - 22) =      7.33643  eV     1   --> A'             
     e( 23 - 23) =      8.05529  eV     1   --> A'             
     e( 24 - 24) =      8.38530  eV     1   --> A'             
     e( 25 - 25) =      9.10289  eV     1   --> A'             
     e( 26 - 26) =      9.48828  eV     1   --> A'             

 **************************************************************************

 **************************************************************************

                    xk=(   0.43333,   0.25019,   0.00000  )

     Band symmetry, C_s (m)     point group:

     e(  1 -  1) =    -49.38093  eV     1   --> A'             
     e(  2 -  2) =    -27.90957  eV     1   --> A'             
     e(  3 -  3) =    -27.61015  eV     1   --> A'             
     e(  4 -  4) =    -27.26860  eV     1   --> A''            
     e(  5 -  5) =    -24.62344  eV     1   --> A'             
     e(  6 -  6) =    -16.22878  eV     1   --> A'             
     e(  7 -  7) =     -7.23109  eV     1   --> A'             
     e(  8 -  8) =     -6.65229  eV     1   --> A'             
     e(  9 -  9) =     -6.57045  eV     1   --> A''            
     e( 10 - 10) =     -6.42551  eV     1   --> A'             
     e( 11 - 11) =     -4.71473  eV     1   --> A'             
     e( 12 - 12) =     -3.51954  eV     1   --> A''            
     e( 13 - 13) =     -0.62342  eV     1   --> A'             
     e( 14 - 14) =      2.24827  eV     1   --> A'             
     e( 15 - 15) =      2.81531  eV     1   --> A'             
     e( 16 - 16) =      3.37054  eV     1   --> A''            
     e( 17 - 17) =      4.02359  eV     1   --> A''            
     e( 18 - 18) =      5.28465  eV     1   --> A'             
     e( 19 - 19) =      5.96752  eV     1   --> A'             
     e( 20 - 20) =      6.70629  eV     1   --> A'             
     e( 21 - 21) =      7.09849  eV     1   --> A'             
     e( 22 - 22) =      7.41769  eV     1   --> A'             
     e( 23 - 23) =      8.15134  eV     1   --> A'             
     e( 24 - 24) =      8.51074  eV     1   --> A'             
     e( 25 - 25) =      8.90895  eV     1   --> A'             
     e( 26 - 26) =      9.32147  eV     1   --> A'             

 **************************************************************************

 **************************************************************************

                    xk=(   0.45000,   0.25981,   0.00000  )

     Band symmetry, C_s (m)     point group:

     e(  1 -  1) =    -49.37979  eV     1   --> A'             
     e(  2 -  2) =    -27.91943  eV     1   --> A'             
     e(  3 -  3) =    -27.60719  eV     1   --> A'             
     e(  4 -  4) =    -27.27092  eV     1   --> A''            
     e(  5 -  5) =    -24.62342  eV     1   --> A'             
     e(  6 -  6) =    -16.20952  eV     1   --> A'             
     e(  7 -  7) =     -7.24603  eV     1   --> A'             
     e(  8 -  8) =     -6.66951  eV     1   --> A'             
     e(  9 -  9) =     -6.57252  eV     1   --> A''            
     e( 10 - 10) =     -6.45553  eV     1   --> A'             
     e( 11 - 11) =     -4.70701  eV     1   --> A'             
     e( 12 - 12) =     -3.53317  eV     1   --> A''            
     e( 13 - 13) =     -0.62934  eV     1   --> A'             
     e( 14 - 14) =      2.30008  eV     1   --> A'             
     e( 15 - 15) =      2.80624  eV     1   --> A'             
     e( 16 - 16) =      3.38971  eV     1   --> A''            
     e( 17 - 17) =      4.08307  eV     1   --> A''            
     e( 18 - 18) =      5.42537  eV     1   --> A'             
     e( 19 - 19) =      5.98455  eV     1   --> A'             
     e( 20 - 20) =      6.86295  eV     1   --> A'             
     e( 21 - 21) =      7.29851  eV     1   --> A'             
     e( 22 - 22) =      7.52882  eV     1   --> A'             
     e( 23 - 23) =      8.18539  eV     1   --> A'             
     e( 24 - 24) =      8.55691  eV     1   --> A'             
     e( 25 - 25) =      8.82726  eV     1   --> A'             
     e( 26 - 26) =      9.14432  eV     1   --> A'             

 **************************************************************************

 **************************************************************************

                    xk=(   0.46667,   0.26943,   0.00000  )

     Band symmetry, C_s (m)     point group:

     e(  1 -  1) =    -49.37897  eV     1   --> A'             
     e(  2 -  2) =    -27.92667  eV     1   --> A'             
     e(  3 -  3) =    -27.60491  eV     1   --> A'             
     e(  4 -  4) =    -27.27259  eV     1   --> A''            
     e(  5 -  5) =    -24.62344  eV     1   --> A'             
     e(  6 -  6) =    -16.19551  eV     1   --> A'             
     e(  7 -  7) =     -7.25740  eV     1   --> A'             
     e(  8 -  8) =     -6.68576  eV     1   --> A'             
     e(  9 -  9) =     -6.57403  eV     1   --> A''            
     e( 10 - 10) =     -6.47287  eV     1   --> A'             
     e( 11 - 11) =     -4.70139  eV     1   --> A'             
     e( 12 - 12) =     -3.54295  eV     1   --> A''            
     e( 13 - 13) =     -0.63331  eV     1   --> A'             
     e( 14 - 14) =      2.34326  eV     1   --> A'             
     e( 15 - 15) =      2.79255  eV     1   --> A'             
     e( 16 - 16) =      3.40278  eV     1   --> A''            
     e( 17 - 17) =      4.12802  eV     1   --> A''            
     e( 18 - 18) =      5.54307  eV     1   --> A'             
     e( 19 - 19) =      5.99209  eV     1   --> A'             
     e( 20 - 20) =      6.99057  eV     1   --> A'             
     e( 21 - 21) =      7.46483  eV     1   --> A'             
     e( 22 - 22) =      7.68919  eV     1   --> A'             
     e( 23 - 23) =      8.14380  eV     1   --> A'             
     e( 24 - 24) =      8.48687  eV     1   --> A'             
     e( 25 - 25) =      8.78730  eV     1   --> A'             
     e( 26 - 26) =      9.03669  eV     1   --> A'             

 **************************************************************************

 **************************************************************************

                    xk=(   0.48333,   0.27905,   0.00000  )

     Band symmetry, C_s (m)     point group:

     e(  1 -  1) =    -49.37847  eV     1   --> A'             
     e(  2 -  2) =    -27.93108  eV     1   --> A'             
     e(  3 -  3) =    -27.60346  eV     1   --> A'             
     e(  4 -  4) =    -27.27360  eV     1   --> A''            
     e(  5 -  5) =    -24.62347  eV     1   --> A'             
     e(  6 -  6) =    -16.18700  eV     1   --> A'             
     e(  7 -  7) =     -7.26454  eV     1   --> A'             
     e(  8 -  8) =     -6.69705  eV     1   --> A'             
     e(  9 -  9) =     -6.57496  eV     1   --> A''            
     e( 10 - 10) =     -6.48161  eV     1   --> A'             
     e( 11 - 11) =     -4.69796  eV     1   --> A'             
     e( 12 - 12) =     -3.54885  eV     1   --> A''            
     e( 13 - 13) =     -0.63559  eV     1   --> A'             
     e( 14 - 14) =      2.37283  eV     1   --> A'             
     e( 15 - 15) =      2.78021  eV     1   --> A'             
     e( 16 - 16) =      3.41039  eV     1   --> A''            
     e( 17 - 17) =      4.15600  eV     1   --> A''            
     e( 18 - 18) =      5.62435  eV     1   --> A'             
     e( 19 - 19) =      5.99227  eV     1   --> A'             
     e( 20 - 20) =      7.07659  eV     1   --> A'             
     e( 21 - 21) =      7.58195  eV     1   --> A'             
     e( 22 - 22) =      7.87309  eV     1   --> A'             
     e( 23 - 23) =      8.08427  eV     1   --> A'             
     e( 24 - 24) =      8.37718  eV     1   --> A'             
     e( 25 - 25) =      8.64067  eV     1   --> A'             
     e( 26 - 26) =      9.01324  eV     1   --> A'             

 **************************************************************************

 **************************************************************************

                    xk=(   0.50000,   0.28868,   0.00000  )

     Band symmetry, C_s (m)     point group:

     e(  1 -  1) =    -49.37831  eV     1   --> A'             
     e(  2 -  2) =    -27.93257  eV     1   --> A'             
     e(  3 -  3) =    -27.60297  eV     1   --> A'             
     e(  4 -  4) =    -27.27394  eV     1   --> A''            
     e(  5 -  5) =    -24.62348  eV     1   --> A'             
     e(  6 -  6) =    -16.18415  eV     1   --> A'             
     e(  7 -  7) =     -7.26699  eV     1   --> A'             
     e(  8 -  8) =     -6.70107  eV     1   --> A'             
     e(  9 -  9) =     -6.57527  eV     1   --> A''            
     e( 10 - 10) =     -6.48426  eV     1   --> A'             
     e( 11 - 11) =     -4.69682  eV     1   --> A'             
     e( 12 - 12) =     -3.55081  eV     1   --> A''            
     e( 13 - 13) =     -0.63632  eV     1   --> A'             
     e( 14 - 14) =      2.38351  eV     1   --> A'             
     e( 15 - 15) =      2.77519  eV     1   --> A'             
     e( 16 - 16) =      3.41289  eV     1   --> A''            
     e( 17 - 17) =      4.16550  eV     1   --> A''            
     e( 18 - 18) =      5.65406  eV     1   --> A'             
     e( 19 - 19) =      5.99091  eV     1   --> A'             
     e( 20 - 20) =      7.10780  eV     1   --> A'             
     e( 21 - 21) =      7.62754  eV     1   --> A'             
     e( 22 - 22) =      7.96673  eV     1   --> A'             
     e( 23 - 23) =      8.07946  eV     1   --> A'             
     e( 24 - 24) =      8.29698  eV     1   --> A'             
     e( 25 - 25) =      8.56035  eV     1   --> A'             
     e( 26 - 26) =      9.00882  eV     1   --> A'             

 **************************************************************************

 **************************************************************************

                    xk=(   0.49444,   0.29830,   0.00000  )

     point group C_1 (1)    
     there are  1 classes
     the character table:

       E    
A      1.00

     the symmetry operations in each class and the name of the first element:

     E        1
                                                                 

     Band symmetry, C_1 (1)     point group:

     e(  1 -  1) =    -49.37829  eV     1   --> A              
     e(  2 -  2) =    -27.93234  eV     1   --> A              
     e(  3 -  3) =    -27.60291  eV     1   --> A              
     e(  4 -  4) =    -27.27450  eV     1   --> A              
     e(  5 -  5) =    -24.62339  eV     1   --> A              
     e(  6 -  6) =    -16.18385  eV     1   --> A              
     e(  7 -  7) =     -7.26610  eV     1   --> A              
     e(  8 -  8) =     -6.70281  eV     1   --> A              
     e(  9 -  9) =     -6.57557  eV     1   --> A              
     e( 10 - 10) =     -6.48181  eV     1   --> A              
     e( 11 - 11) =     -4.69688  eV     1   --> A              
     e( 12 - 12) =     -3.55606  eV     1   --> A              
     e( 13 - 13) =     -0.63346  eV     1   --> A              
     e( 14 - 14) =      2.38458  eV     1   --> A              
     e( 15 - 15) =      2.77521  eV     1   --> A              
     e( 16 - 16) =      3.41070  eV     1   --> A              
     e( 17 - 17) =      4.16038  eV     1   --> A              
     e( 18 - 18) =      5.66160  eV     1   --> A              
     e( 19 - 19) =      5.99634  eV     1   --> A              
     e( 20 - 20) =      7.11072  eV     1   --> A              
     e( 21 - 21) =      7.62869  eV     1   --> A              
     e( 22 - 22) =      7.96812  eV     1   --> A              
     e( 23 - 23) =      8.08108  eV     1   --> A              
     e( 24 - 24) =      8.29835  eV     1   --> A              
     e( 25 - 25) =      8.56156  eV     1   --> A              
     e( 26 - 26) =      9.00926  eV     1   --> A              

 **************************************************************************

 **************************************************************************

                    xk=(   0.48889,   0.30792,   0.00000  )

     Band symmetry, C_1 (1)     point group:

     e(  1 -  1) =    -49.37823  eV     1   --> A              
     e(  2 -  2) =    -27.93163  eV     1   --> A              
     e(  3 -  3) =    -27.60272  eV     1   --> A              
     e(  4 -  4) =    -27.27616  eV     1   --> A              
     e(  5 -  5) =    -24.62313  eV     1   --> A              
     e(  6 -  6) =    -16.18295  eV     1   --> A              
     e(  7 -  7) =     -7.26343  eV     1   --> A              
     e(  8 -  8) =     -6.70786  eV     1   --> A              
     e(  9 -  9) =     -6.57627  eV     1   --> A              
     e( 10 - 10) =     -6.47480  eV     1   --> A              
     e( 11 - 11) =     -4.69705  eV     1   --> A              
     e( 12 - 12) =     -3.57168  eV     1   --> A              
     e( 13 - 13) =     -0.62493  eV     1   --> A              
     e( 14 - 14) =      2.38776  eV     1   --> A              
     e( 15 - 15) =      2.77522  eV     1   --> A              
     e( 16 - 16) =      3.40422  eV     1   --> A              
     e( 17 - 17) =      4.14544  eV     1   --> A              
     e( 18 - 18) =      5.68352  eV     1   --> A              
     e( 19 - 19) =      6.01278  eV     1   --> A              
     e( 20 - 20) =      7.11948  eV     1   --> A              
     e( 21 - 21) =      7.63214  eV     1   --> A              
     e( 22 - 22) =      7.97227  eV     1   --> A              
     e( 23 - 23) =      8.08593  eV     1   --> A              
     e( 24 - 24) =      8.30247  eV     1   --> A              
     e( 25 - 25) =      8.56518  eV     1   --> A              
     e( 26 - 26) =      9.01056  eV     1   --> A              

 **************************************************************************

 **************************************************************************

                    xk=(   0.48333,   0.31754,   0.00000  )

     Band symmetry, C_1 (1)     point group:

     e(  1 -  1) =    -49.37814  eV     1   --> A              
     e(  2 -  2) =    -27.93045  eV     1   --> A              
     e(  3 -  3) =    -27.60240  eV     1   --> A              
     e(  4 -  4) =    -27.27894  eV     1   --> A              
     e(  5 -  5) =    -24.62270  eV     1   --> A              
     e(  6 -  6) =    -16.18145  eV     1   --> A              
     e(  7 -  7) =     -7.25899  eV     1   --> A              
     e(  8 -  8) =     -6.71575  eV     1   --> A              
     e(  9 -  9) =     -6.57706  eV     1   --> A              
     e( 10 - 10) =     -6.46403  eV     1   --> A              
     e( 11 - 11) =     -4.69735  eV     1   --> A              
     e( 12 - 12) =     -3.59739  eV     1   --> A              
     e( 13 - 13) =     -0.61093  eV     1   --> A              
     e( 14 - 14) =      2.39290  eV     1   --> A              
     e( 15 - 15) =      2.77513  eV     1   --> A              
     e( 16 - 16) =      3.39376  eV     1   --> A              
     e( 17 - 17) =      4.12178  eV     1   --> A              
     e( 18 - 18) =      5.71790  eV     1   --> A              
     e( 19 - 19) =      6.04068  eV     1   --> A              
     e( 20 - 20) =      7.13414  eV     1   --> A              
     e( 21 - 21) =      7.63791  eV     1   --> A              
     e( 22 - 22) =      7.97914  eV     1   --> A              
     e( 23 - 23) =      8.09402  eV     1   --> A              
     e( 24 - 24) =      8.30931  eV     1   --> A              
     e( 25 - 25) =      8.57122  eV     1   --> A              
     e( 26 - 26) =      9.01254  eV     1   --> A              

 **************************************************************************

 **************************************************************************

                    xk=(   0.47778,   0.32717,   0.00000  )

     Band symmetry, C_1 (1)     point group:

     e(  1 -  1) =    -49.37802  eV     1   --> A              
     e(  2 -  2) =    -27.92880  eV     1   --> A              
     e(  3 -  3) =    -27.60196  eV     1   --> A              
     e(  4 -  4) =    -27.28277  eV     1   --> A              
     e(  5 -  5) =    -24.62211  eV     1   --> A              
     e(  6 -  6) =    -16.17938  eV     1   --> A              
     e(  7 -  7) =     -7.25287  eV     1   --> A              
     e(  8 -  8) =     -6.72589  eV     1   --> A              
     e(  9 -  9) =     -6.57758  eV     1   --> A              
     e( 10 - 10) =     -6.45035  eV     1   --> A              
     e( 11 - 11) =     -4.69778  eV     1   --> A              
     e( 12 - 12) =     -3.63267  eV     1   --> A              
     e( 13 - 13) =     -0.59176  eV     1   --> A              
     e( 14 - 14) =      2.39976  eV     1   --> A              
     e( 15 - 15) =      2.77480  eV     1   --> A              
     e( 16 - 16) =      3.37986  eV     1   --> A              
     e( 17 - 17) =      4.09101  eV     1   --> A              
     e( 18 - 18) =      5.76185  eV     1   --> A              
     e( 19 - 19) =      6.08077  eV     1   --> A              
     e( 20 - 20) =      7.15483  eV     1   --> A              
     e( 21 - 21) =      7.64603  eV     1   --> A              
     e( 22 - 22) =      7.98863  eV     1   --> A              
     e( 23 - 23) =      8.10535  eV     1   --> A              
     e( 24 - 24) =      8.31886  eV     1   --> A              
     e( 25 - 25) =      8.57965  eV     1   --> A              
     e( 26 - 26) =      9.01494  eV     1   --> A              

 **************************************************************************

 **************************************************************************

                    xk=(   0.47222,   0.33679,   0.00000  )

     Band symmetry, C_1 (1)     point group:

     e(  1 -  1) =    -49.37786  eV     1   --> A              
     e(  2 -  2) =    -27.92670  eV     1   --> A              
     e(  3 -  3) =    -27.60139  eV     1   --> A              
     e(  4 -  4) =    -27.28766  eV     1   --> A              
     e(  5 -  5) =    -24.62137  eV     1   --> A              
     e(  6 -  6) =    -16.17673  eV     1   --> A              
     e(  7 -  7) =     -7.24515  eV     1   --> A              
     e(  8 -  8) =     -6.73767  eV     1   --> A              
     e(  9 -  9) =     -6.57772  eV     1   --> A              
     e( 10 - 10) =     -6.43449  eV     1   --> A              
     e( 11 - 11) =     -4.69834  eV     1   --> A              
     e( 12 - 12) =     -3.67691  eV     1   --> A              
     e( 13 - 13) =     -0.56779  eV     1   --> A              
     e( 14 - 14) =      2.40801  eV     1   --> A              
     e( 15 - 15) =      2.77395  eV     1   --> A              
     e( 16 - 16) =      3.36320  eV     1   --> A              
     e( 17 - 17) =      4.05478  eV     1   --> A              
     e( 18 - 18) =      5.81197  eV     1   --> A              
     e( 19 - 19) =      6.13388  eV     1   --> A              
     e( 20 - 20) =      7.18167  eV     1   --> A              
     e( 21 - 21) =      7.65651  eV     1   --> A              
     e( 22 - 22) =      8.00061  eV     1   --> A              
     e( 23 - 23) =      8.11993  eV     1   --> A              
     e( 24 - 24) =      8.33106  eV     1   --> A              
     e( 25 - 25) =      8.59047  eV     1   --> A              
     e( 26 - 26) =      9.01741  eV     1   --> A              

 **************************************************************************

 **************************************************************************

                    xk=(   0.46667,   0.34641,   0.00000  )

     Band symmetry, C_1 (1)     point group:

     e(  1 -  1) =    -49.37766  eV     1   --> A              
     e(  2 -  2) =    -27.92415  eV     1   --> A              
     e(  3 -  3) =    -27.60072  eV     1   --> A              
     e(  4 -  4) =    -27.29354  eV     1   --> A              
     e(  5 -  5) =    -24.62048  eV     1   --> A              
     e(  6 -  6) =    -16.17355  eV     1   --> A              
     e(  7 -  7) =     -7.23595  eV     1   --> A              
     e(  8 -  8) =     -6.75050  eV     1   --> A              
     e(  9 -  9) =     -6.57742  eV     1   --> A              
     e( 10 - 10) =     -6.41696  eV     1   --> A              
     e( 11 - 11) =     -4.69905  eV     1   --> A              
     e( 12 - 12) =     -3.72934  eV     1   --> A              
     e( 13 - 13) =     -0.53946  eV     1   --> A              
     e( 14 - 14) =      2.41725  eV     1   --> A              
     e( 15 - 15) =      2.77227  eV     1   --> A              
     e( 16 - 16) =      3.34471  eV     1   --> A              
     e( 17 - 17) =      4.01474  eV     1   --> A              
     e( 18 - 18) =      5.86503  eV     1   --> A              
     e( 19 - 19) =      6.20060  eV     1   --> A              
     e( 20 - 20) =      7.21479  eV     1   --> A              
     e( 21 - 21) =      7.66942  eV     1   --> A              
     e( 22 - 22) =      8.01490  eV     1   --> A              
     e( 23 - 23) =      8.13777  eV     1   --> A              
     e( 24 - 24) =      8.34589  eV     1   --> A              
     e( 25 - 25) =      8.60366  eV     1   --> A              
     e( 26 - 26) =      9.01948  eV     1   --> A              

 **************************************************************************

 **************************************************************************

                    xk=(   0.46111,   0.35603,   0.00000  )

     Band symmetry, C_1 (1)     point group:

     e(  1 -  1) =    -49.37744  eV     1   --> A              
     e(  2 -  2) =    -27.92119  eV     1   --> A              
     e(  3 -  3) =    -27.59994  eV     1   --> A              
     e(  4 -  4) =    -27.30038  eV     1   --> A              
     e(  5 -  5) =    -24.61947  eV     1   --> A              
     e(  6 -  6) =    -16.16984  eV     1   --> A              
     e(  7 -  7) =     -7.22543  eV     1   --> A              
     e(  8 -  8) =     -6.76392  eV     1   --> A              
     e(  9 -  9) =     -6.57671  eV     1   --> A              
     e( 10 - 10) =     -6.39814  eV     1   --> A              
     e( 11 - 11) =     -4.69993  eV     1   --> A              
     e( 12 - 12) =     -3.78912  eV     1   --> A              
     e( 13 - 13) =     -0.50723  eV     1   --> A              
     e( 14 - 14) =      2.42704  eV     1   --> A              
     e( 15 - 15) =      2.76935  eV     1   --> A              
     e( 16 - 16) =      3.32546  eV     1   --> A              
     e( 17 - 17) =      3.97228  eV     1   --> A              
     e( 18 - 18) =      5.91849  eV     1   --> A              
     e( 19 - 19) =      6.28081  eV     1   --> A              
     e( 20 - 20) =      7.25435  eV     1   --> A              
     e( 21 - 21) =      7.68483  eV     1   --> A              
     e( 22 - 22) =      8.03127  eV     1   --> A              
     e( 23 - 23) =      8.15890  eV     1   --> A              
     e( 24 - 24) =      8.36327  eV     1   --> A              
     e( 25 - 25) =      8.61918  eV     1   --> A              
     e( 26 - 26) =      9.02070  eV     1   --> A              

 **************************************************************************

 **************************************************************************

                    xk=(   0.45556,   0.36566,   0.00000  )

     Band symmetry, C_1 (1)     point group:

     e(  1 -  1) =    -49.37718  eV     1   --> A              
     e(  2 -  2) =    -27.91780  eV     1   --> A              
     e(  3 -  3) =    -27.59905  eV     1   --> A              
     e(  4 -  4) =    -27.30809  eV     1   --> A              
     e(  5 -  5) =    -24.61834  eV     1   --> A              
     e(  6 -  6) =    -16.16565  eV     1   --> A              
     e(  7 -  7) =     -7.21376  eV     1   --> A              
     e(  8 -  8) =     -6.77747  eV     1   --> A              
     e(  9 -  9) =     -6.57561  eV     1   --> A              
     e( 10 - 10) =     -6.37825  eV     1   --> A              
     e( 11 - 11) =     -4.70099  eV     1   --> A              
     e( 12 - 12) =     -3.85539  eV     1   --> A              
     e( 13 - 13) =     -0.47157  eV     1   --> A              
     e( 14 - 14) =      2.43691  eV     1   --> A              
     e( 15 - 15) =      2.76469  eV     1   --> A              
     e( 16 - 16) =      3.30665  eV     1   --> A              
     e( 17 - 17) =      3.92854  eV     1   --> A              
     e( 18 - 18) =      5.97083  eV     1   --> A              
     e( 19 - 19) =      6.37348  eV     1   --> A              
     e( 20 - 20) =      7.30042  eV     1   --> A              
     e( 21 - 21) =      7.70285  eV     1   --> A              
     e( 22 - 22) =      8.04943  eV     1   --> A              
     e( 23 - 23) =      8.18333  eV     1   --> A              
     e( 24 - 24) =      8.38313  eV     1   --> A              
     e( 25 - 25) =      8.63702  eV     1   --> A              
     e( 26 - 26) =      9.02062  eV     1   --> A              

 **************************************************************************

 **************************************************************************

                    xk=(   0.45000,   0.37528,   0.00000  )

     Band symmetry, C_1 (1)     point group:

     e(  1 -  1) =    -49.37690  eV     1   --> A              
     e(  2 -  2) =    -27.91402  eV     1   --> A              
     e(  3 -  3) =    -27.59807  eV     1   --> A              
     e(  4 -  4) =    -27.31664  eV     1   --> A              
     e(  5 -  5) =    -24.61711  eV     1   --> A              
     e(  6 -  6) =    -16.16099  eV     1   --> A              
     e(  7 -  7) =     -7.20115  eV     1   --> A              
     e(  8 -  8) =     -6.79080  eV     1   --> A              
     e(  9 -  9) =     -6.57416  eV     1   --> A              
     e( 10 - 10) =     -6.35748  eV     1   --> A              
     e( 11 - 11) =     -4.70227  eV     1   --> A              
     e( 12 - 12) =     -3.92723  eV     1   --> A              
     e( 13 - 13) =     -0.43295  eV     1   --> A              
     e( 14 - 14) =      2.44638  eV     1   --> A              
     e( 15 - 15) =      2.75777  eV     1   --> A              
     e( 16 - 16) =      3.28953  eV     1   --> A              
     e( 17 - 17) =      3.88441  eV     1   --> A              
     e( 18 - 18) =      6.02130  eV     1   --> A              
     e( 19 - 19) =      6.47691  eV     1   --> A              
     e( 20 - 20) =      7.35296  eV     1   --> A              
     e( 21 - 21) =      7.72363  eV     1   --> A              
     e( 22 - 22) =      8.06903  eV     1   --> A              
     e( 23 - 23) =      8.21110  eV     1   --> A              
     e( 24 - 24) =      8.40542  eV     1   --> A              
     e( 25 - 25) =      8.65714  eV     1   --> A              
     e( 26 - 26) =      9.01906  eV     1   --> A              

 **************************************************************************

 **************************************************************************

                    xk=(   0.44444,   0.38490,   0.00000  )

     Band symmetry, C_1 (1)     point group:

     e(  1 -  1) =    -49.37660  eV     1   --> A              
     e(  2 -  2) =    -27.90987  eV     1   --> A              
     e(  3 -  3) =    -27.59701  eV     1   --> A              
     e(  4 -  4) =    -27.32594  eV     1   --> A              
     e(  5 -  5) =    -24.61580  eV     1   --> A              
     e(  6 -  6) =    -16.15593  eV     1   --> A              
     e(  7 -  7) =     -7.18793  eV     1   --> A              
     e(  8 -  8) =     -6.80357  eV     1   --> A              
     e(  9 -  9) =     -6.57241  eV     1   --> A              
     e( 10 - 10) =     -6.33594  eV     1   --> A              
     e( 11 - 11) =     -4.70383  eV     1   --> A              
     e( 12 - 12) =     -4.00373  eV     1   --> A              
     e( 13 - 13) =     -0.39180  eV     1   --> A              
     e( 14 - 14) =      2.45497  eV     1   --> A              
     e( 15 - 15) =      2.74808  eV     1   --> A              
     e( 16 - 16) =      3.27531  eV     1   --> A              
     e( 17 - 17) =      3.84053  eV     1   --> A              
     e( 18 - 18) =      6.06955  eV     1   --> A              
     e( 19 - 19) =      6.58905  eV     1   --> A              
     e( 20 - 20) =      7.41169  eV     1   --> A              
     e( 21 - 21) =      7.74739  eV     1   --> A              
     e( 22 - 22) =      8.08975  eV     1   --> A              
     e( 23 - 23) =      8.24223  eV     1   --> A              
     e( 24 - 24) =      8.43006  eV     1   --> A              
     e( 25 - 25) =      8.67952  eV     1   --> A              
     e( 26 - 26) =      9.01618  eV     1   --> A              

 **************************************************************************

 **************************************************************************

                    xk=(   0.43889,   0.39452,   0.00000  )

     Band symmetry, C_1 (1)     point group:

     e(  1 -  1) =    -49.37627  eV     1   --> A              
     e(  2 -  2) =    -27.90537  eV     1   --> A              
     e(  3 -  3) =    -27.59586  eV     1   --> A              
     e(  4 -  4) =    -27.33592  eV     1   --> A              
     e(  5 -  5) =    -24.61443  eV     1   --> A              
     e(  6 -  6) =    -16.15048  eV     1   --> A              
     e(  7 -  7) =     -7.17439  eV     1   --> A              
     e(  8 -  8) =     -6.81543  eV     1   --> A              
     e(  9 -  9) =     -6.57036  eV     1   --> A              
     e( 10 - 10) =     -6.31368  eV     1   --> A              
     e( 11 - 11) =     -4.70576  eV     1   --> A              
     e( 12 - 12) =     -4.08396  eV     1   --> A              
     e( 13 - 13) =     -0.34854  eV     1   --> A              
     e( 14 - 14) =      2.46227  eV     1   --> A              
     e( 15 - 15) =      2.73529  eV     1   --> A              
     e( 16 - 16) =      3.26500  eV     1   --> A              
     e( 17 - 17) =      3.79739  eV     1   --> A              
     e( 18 - 18) =      6.11534  eV     1   --> A              
     e( 19 - 19) =      6.70787  eV     1   --> A              
     e( 20 - 20) =      7.47592  eV     1   --> A              
     e( 21 - 21) =      7.77448  eV     1   --> A              
     e( 22 - 22) =      8.11134  eV     1   --> A              
     e( 23 - 23) =      8.27678  eV     1   --> A              
     e( 24 - 24) =      8.45702  eV     1   --> A              
     e( 25 - 25) =      8.70413  eV     1   --> A              
     e( 26 - 26) =      9.01277  eV     1   --> A              

 **************************************************************************

 **************************************************************************

                    xk=(   0.43333,   0.40415,   0.00000  )

     Band symmetry, C_1 (1)     point group:

     e(  1 -  1) =    -49.37592  eV     1   --> A              
     e(  2 -  2) =    -27.90056  eV     1   --> A              
     e(  3 -  3) =    -27.59465  eV     1   --> A              
     e(  4 -  4) =    -27.34648  eV     1   --> A              
     e(  5 -  5) =    -24.61301  eV     1   --> A              
     e(  6 -  6) =    -16.14471  eV     1   --> A              
     e(  7 -  7) =     -7.16095  eV     1   --> A              
     e(  8 -  8) =     -6.82601  eV     1   --> A              
     e(  9 -  9) =     -6.56804  eV     1   --> A              
     e( 10 - 10) =     -6.29072  eV     1   --> A              
     e( 11 - 11) =     -4.70820  eV     1   --> A              
     e( 12 - 12) =     -4.16698  eV     1   --> A              
     e( 13 - 13) =     -0.30359  eV     1   --> A              
     e( 14 - 14) =      2.46793  eV     1   --> A              
     e( 15 - 15) =      2.71932  eV     1   --> A              
     e( 16 - 16) =      3.25926  eV     1   --> A              
     e( 17 - 17) =      3.75538  eV     1   --> A              
     e( 18 - 18) =      6.15840  eV     1   --> A              
     e( 19 - 19) =      6.83139  eV     1   --> A              
     e( 20 - 20) =      7.54426  eV     1   --> A              
     e( 21 - 21) =      7.80534  eV     1   --> A              
     e( 22 - 22) =      8.13398  eV     1   --> A              
     e( 23 - 23) =      8.31477  eV     1   --> A              
     e( 24 - 24) =      8.48637  eV     1   --> A              
     e( 25 - 25) =      8.73102  eV     1   --> A              
     e( 26 - 26) =      9.01018  eV     1   --> A              

 **************************************************************************

 **************************************************************************

                    xk=(   0.42778,   0.41377,   0.00000  )

     Band symmetry, C_1 (1)     point group:

     e(  1 -  1) =    -49.37556  eV     1   --> A              
     e(  2 -  2) =    -27.89547  eV     1   --> A              
     e(  3 -  3) =    -27.59339  eV     1   --> A              
     e(  4 -  4) =    -27.35753  eV     1   --> A              
     e(  5 -  5) =    -24.61156  eV     1   --> A              
     e(  6 -  6) =    -16.13866  eV     1   --> A              
     e(  7 -  7) =     -7.14806  eV     1   --> A              
     e(  8 -  8) =     -6.83493  eV     1   --> A              
     e(  9 -  9) =     -6.56548  eV     1   --> A              
     e( 10 - 10) =     -6.26708  eV     1   --> A              
     e( 11 - 11) =     -4.71143  eV     1   --> A              
     e( 12 - 12) =     -4.25177  eV     1   --> A              
     e( 13 - 13) =     -0.25733  eV     1   --> A              
     e( 14 - 14) =      2.47164  eV     1   --> A              
     e( 15 - 15) =      2.70044  eV     1   --> A              
     e( 16 - 16) =      3.25830  eV     1   --> A              
     e( 17 - 17) =      3.71479  eV     1   --> A              
     e( 18 - 18) =      6.19844  eV     1   --> A              
     e( 19 - 19) =      6.95773  eV     1   --> A              
     e( 20 - 20) =      7.61420  eV     1   --> A              
     e( 21 - 21) =      7.84043  eV     1   --> A              
     e( 22 - 22) =      8.15875  eV     1   --> A              
     e( 23 - 23) =      8.35619  eV     1   --> A              
     e( 24 - 24) =      8.51828  eV     1   --> A              
     e( 25 - 25) =      8.76028  eV     1   --> A              
     e( 26 - 26) =      9.01028  eV     1   --> A              

 **************************************************************************

 **************************************************************************

                    xk=(   0.42222,   0.42339,   0.00000  )

     Band symmetry, C_1 (1)     point group:

     e(  1 -  1) =    -49.37518  eV     1   --> A              
     e(  2 -  2) =    -27.89015  eV     1   --> A              
     e(  3 -  3) =    -27.59210  eV     1   --> A              
     e(  4 -  4) =    -27.36898  eV     1   --> A              
     e(  5 -  5) =    -24.61012  eV     1   --> A              
     e(  6 -  6) =    -16.13239  eV     1   --> A              
     e(  7 -  7) =     -7.13625  eV     1   --> A              
     e(  8 -  8) =     -6.84183  eV     1   --> A              
     e(  9 -  9) =     -6.56270  eV     1   --> A              
     e( 10 - 10) =     -6.24273  eV     1   --> A              
     e( 11 - 11) =     -4.71593  eV     1   --> A              
     e( 12 - 12) =     -4.33711  eV     1   --> A              
     e( 13 - 13) =     -0.21016  eV     1   --> A              
     e( 14 - 14) =      2.47316  eV     1   --> A              
     e( 15 - 15) =      2.67926  eV     1   --> A              
     e( 16 - 16) =      3.26184  eV     1   --> A              
     e( 17 - 17) =      3.67589  eV     1   --> A              
     e( 18 - 18) =      6.23514  eV     1   --> A              
     e( 19 - 19) =      7.08506  eV     1   --> A              
     e( 20 - 20) =      7.68201  eV     1   --> A              
     e( 21 - 21) =      7.87960  eV     1   --> A              
     e( 22 - 22) =      8.18854  eV     1   --> A              
     e( 23 - 23) =      8.40102  eV     1   --> A              
     e( 24 - 24) =      8.55312  eV     1   --> A              
     e( 25 - 25) =      8.79213  eV     1   --> A              
     e( 26 - 26) =      9.01505  eV     1   --> A              

 **************************************************************************

 **************************************************************************

                    xk=(   0.41667,   0.43301,   0.00000  )

     Band symmetry, C_1 (1)     point group:

     e(  1 -  1) =    -49.37480  eV     1   --> A              
     e(  2 -  2) =    -27.88463  eV     1   --> A              
     e(  3 -  3) =    -27.59079  eV     1   --> A              
     e(  4 -  4) =    -27.38070  eV     1   --> A              
     e(  5 -  5) =    -24.60868  eV     1   --> A              
     e(  6 -  6) =    -16.12595  eV     1   --> A              
     e(  7 -  7) =     -7.12598  eV     1   --> A              
     e(  8 -  8) =     -6.84631  eV     1   --> A              
     e(  9 -  9) =     -6.55969  eV     1   --> A              
     e( 10 - 10) =     -6.21762  eV     1   --> A              
     e( 11 - 11) =     -4.72273  eV     1   --> A              
     e( 12 - 12) =     -4.42128  eV     1   --> A              
     e( 13 - 13) =     -0.16245  eV     1   --> A              
     e( 14 - 14) =      2.47234  eV     1   --> A              
     e( 15 - 15) =      2.65671  eV     1   --> A              
     e( 16 - 16) =      3.26916  eV     1   --> A              
     e( 17 - 17) =      3.63904  eV     1   --> A              
     e( 18 - 18) =      6.26822  eV     1   --> A              
     e( 19 - 19) =      7.21164  eV     1   --> A              
     e( 20 - 20) =      7.74345  eV     1   --> A              
     e( 21 - 21) =      7.92066  eV     1   --> A              
     e( 22 - 22) =      8.22895  eV     1   --> A              
     e( 23 - 23) =      8.44916  eV     1   --> A              
     e( 24 - 24) =      8.59152  eV     1   --> A              
     e( 25 - 25) =      8.82692  eV     1   --> A              
     e( 26 - 26) =      9.02618  eV     1   --> A              

 **************************************************************************

 **************************************************************************

                    xk=(   0.41111,   0.44264,   0.00000  )

     Band symmetry, C_1 (1)     point group:

     e(  1 -  1) =    -49.37441  eV     1   --> A              
     e(  2 -  2) =    -27.87897  eV     1   --> A              
     e(  3 -  3) =    -27.58946  eV     1   --> A              
     e(  4 -  4) =    -27.39259  eV     1   --> A              
     e(  5 -  5) =    -24.60727  eV     1   --> A              
     e(  6 -  6) =    -16.11941  eV     1   --> A              
     e(  7 -  7) =     -7.11772  eV     1   --> A              
     e(  8 -  8) =     -6.84811  eV     1   --> A              
     e(  9 -  9) =     -6.55647  eV     1   --> A              
     e( 10 - 10) =     -6.19169  eV     1   --> A              
     e( 11 - 11) =     -4.73413  eV     1   --> A              
     e( 12 - 12) =     -4.50135  eV     1   --> A              
     e( 13 - 13) =     -0.11462  eV     1   --> A              
     e( 14 - 14) =      2.46905  eV     1   --> A              
     e( 15 - 15) =      2.63385  eV     1   --> A              
     e( 16 - 16) =      3.27919  eV     1   --> A              
     e( 17 - 17) =      3.60470  eV     1   --> A              
     e( 18 - 18) =      6.29741  eV     1   --> A              
     e( 19 - 19) =      7.33561  eV     1   --> A              
     e( 20 - 20) =      7.79566  eV     1   --> A              
     e( 21 - 21) =      7.95893  eV     1   --> A              
     e( 22 - 22) =      8.28701  eV     1   --> A              
     e( 23 - 23) =      8.50042  eV     1   --> A              
     e( 24 - 24) =      8.63440  eV     1   --> A              
     e( 25 - 25) =      8.86511  eV     1   --> A              
     e( 26 - 26) =      9.04471  eV     1   --> A              

 **************************************************************************

 **************************************************************************

                    xk=(   0.40556,   0.45226,   0.00000  )

     Band symmetry, C_1 (1)     point group:

     e(  1 -  1) =    -49.37402  eV     1   --> A              
     e(  2 -  2) =    -27.87321  eV     1   --> A              
     e(  3 -  3) =    -27.58813  eV     1   --> A              
     e(  4 -  4) =    -27.40452  eV     1   --> A              
     e(  5 -  5) =    -24.60590  eV     1   --> A              
     e(  6 -  6) =    -16.11283  eV     1   --> A              
     e(  7 -  7) =     -7.11172  eV     1   --> A              
     e(  8 -  8) =     -6.84713  eV     1   --> A              
     e(  9 -  9) =     -6.55305  eV     1   --> A              
     e( 10 - 10) =     -6.16487  eV     1   --> A              
     e( 11 - 11) =     -4.75536  eV     1   --> A              
     e( 12 - 12) =     -4.57149  eV     1   --> A              
     e( 13 - 13) =     -0.06709  eV     1   --> A              
     e( 14 - 14) =      2.46325  eV     1   --> A              
     e( 15 - 15) =      2.61177  eV     1   --> A              
     e( 16 - 16) =      3.29043  eV     1   --> A              
     e( 17 - 17) =      3.57360  eV     1   --> A              
     e( 18 - 18) =      6.32253  eV     1   --> A              
     e( 19 - 19) =      7.45469  eV     1   --> A              
     e( 20 - 20) =      7.83825  eV     1   --> A              
     e( 21 - 21) =      7.99154  eV     1   --> A              
     e( 22 - 22) =      8.36619  eV     1   --> A              
     e( 23 - 23) =      8.55443  eV     1   --> A              
     e( 24 - 24) =      8.68312  eV     1   --> A              
     e( 25 - 25) =      8.90718  eV     1   --> A              
     e( 26 - 26) =      9.07106  eV     1   --> A              

 **************************************************************************

 **************************************************************************

                    xk=(   0.40000,   0.46188,   0.00000  )

     Band symmetry, C_1 (1)     point group:

     e(  1 -  1) =    -49.37364  eV     1   --> A              
     e(  2 -  2) =    -27.86744  eV     1   --> A              
     e(  3 -  3) =    -27.58683  eV     1   --> A              
     e(  4 -  4) =    -27.41638  eV     1   --> A              
     e(  5 -  5) =    -24.60460  eV     1   --> A              
     e(  6 -  6) =    -16.10629  eV     1   --> A              
     e(  7 -  7) =     -7.10813  eV     1   --> A              
     e(  8 -  8) =     -6.84351  eV     1   --> A              
     e(  9 -  9) =     -6.54948  eV     1   --> A              
     e( 10 - 10) =     -6.13707  eV     1   --> A              
     e( 11 - 11) =     -4.79491  eV     1   --> A              
     e( 12 - 12) =     -4.62262  eV     1   --> A              
     e( 13 - 13) =     -0.02030  eV     1   --> A              
     e( 14 - 14) =      2.45502  eV     1   --> A              
     e( 15 - 15) =      2.59142  eV     1   --> A              
     e( 16 - 16) =      3.30097  eV     1   --> A              
     e( 17 - 17) =      3.54685  eV     1   --> A              
     e( 18 - 18) =      6.34341  eV     1   --> A              
     e( 19 - 19) =      7.56498  eV     1   --> A              
     e( 20 - 20) =      7.87334  eV     1   --> A              
     e( 21 - 21) =      8.02159  eV     1   --> A              
     e( 22 - 22) =      8.46269  eV     1   --> A              
     e( 23 - 23) =      8.61063  eV     1   --> A              
     e( 24 - 24) =      8.73969  eV     1   --> A              
     e( 25 - 25) =      8.95353  eV     1   --> A              
     e( 26 - 26) =      9.10518  eV     1   --> A              

 **************************************************************************

 **************************************************************************

                    xk=(   0.39444,   0.47150,   0.00000  )

     Band symmetry, C_1 (1)     point group:

     e(  1 -  1) =    -49.37326  eV     1   --> A              
     e(  2 -  2) =    -27.86170  eV     1   --> A              
     e(  3 -  3) =    -27.58557  eV     1   --> A              
     e(  4 -  4) =    -27.42801  eV     1   --> A              
     e(  5 -  5) =    -24.60336  eV     1   --> A              
     e(  6 -  6) =    -16.09984  eV     1   --> A              
     e(  7 -  7) =     -7.10674  eV     1   --> A              
     e(  8 -  8) =     -6.83757  eV     1   --> A              
     e(  9 -  9) =     -6.54577  eV     1   --> A              
     e( 10 - 10) =     -6.10820  eV     1   --> A              
     e( 11 - 11) =     -4.85518  eV     1   --> A              
     e( 12 - 12) =     -4.65181  eV     1   --> A              
     e( 13 - 13) =      0.02526  eV     1   --> A              
     e( 14 - 14) =      2.44475  eV     1   --> A              
     e( 15 - 15) =      2.57345  eV     1   --> A              
     e( 16 - 16) =      3.30844  eV     1   --> A              
     e( 17 - 17) =      3.52610  eV     1   --> A              
     e( 18 - 18) =      6.36001  eV     1   --> A              
     e( 19 - 19) =      7.65822  eV     1   --> A              
     e( 20 - 20) =      7.90888  eV     1   --> A              
     e( 21 - 21) =      8.05470  eV     1   --> A              
     e( 22 - 22) =      8.56791  eV     1   --> A              
     e( 23 - 23) =      8.66821  eV     1   --> A              
     e( 24 - 24) =      8.80697  eV     1   --> A              
     e( 25 - 25) =      9.00445  eV     1   --> A              
     e( 26 - 26) =      9.14702  eV     1   --> A              

 **************************************************************************

 **************************************************************************

                    xk=(   0.38889,   0.48113,   0.00000  )

     Band symmetry, C_1 (1)     point group:

     e(  1 -  1) =    -49.37289  eV     1   --> A              
     e(  2 -  2) =    -27.85607  eV     1   --> A              
     e(  3 -  3) =    -27.58435  eV     1   --> A              
     e(  4 -  4) =    -27.43927  eV     1   --> A              
     e(  5 -  5) =    -24.60220  eV     1   --> A              
     e(  6 -  6) =    -16.09355  eV     1   --> A              
     e(  7 -  7) =     -7.10722  eV     1   --> A              
     e(  8 -  8) =     -6.82987  eV     1   --> A              
     e(  9 -  9) =     -6.54193  eV     1   --> A              
     e( 10 - 10) =     -6.07816  eV     1   --> A              
     e( 11 - 11) =     -4.92774  eV     1   --> A              
     e( 12 - 12) =     -4.66693  eV     1   --> A              
     e( 13 - 13) =      0.06910  eV     1   --> A              
     e( 14 - 14) =      2.43312  eV     1   --> A              
     e( 15 - 15) =      2.55810  eV     1   --> A              
     e( 16 - 16) =      3.31037  eV     1   --> A              
     e( 17 - 17) =      3.51317  eV     1   --> A              
     e( 18 - 18) =      6.37238  eV     1   --> A              
     e( 19 - 19) =      7.72030  eV     1   --> A              
     e( 20 - 20) =      7.96144  eV     1   --> A              
     e( 21 - 21) =      8.09366  eV     1   --> A              
     e( 22 - 22) =      8.67228  eV     1   --> A              
     e( 23 - 23) =      8.72628  eV     1   --> A              
     e( 24 - 24) =      8.88792  eV     1   --> A              
     e( 25 - 25) =      9.06005  eV     1   --> A              
     e( 26 - 26) =      9.19688  eV     1   --> A              

 **************************************************************************

 **************************************************************************

                    xk=(   0.38333,   0.49075,   0.00000  )

     Band symmetry, C_1 (1)     point group:

     e(  1 -  1) =    -49.37253  eV     1   --> A              
     e(  2 -  2) =    -27.85064  eV     1   --> A              
     e(  3 -  3) =    -27.58320  eV     1   --> A              
     e(  4 -  4) =    -27.45003  eV     1   --> A              
     e(  5 -  5) =    -24.60114  eV     1   --> A              
     e(  6 -  6) =    -16.08751  eV     1   --> A              
     e(  7 -  7) =     -7.10914  eV     1   --> A              
     e(  8 -  8) =     -6.82105  eV     1   --> A              
     e(  9 -  9) =     -6.53803  eV     1   --> A              
     e( 10 - 10) =     -6.04689  eV     1   --> A              
     e( 11 - 11) =     -5.00474  eV     1   --> A              
     e( 12 - 12) =     -4.67531  eV     1   --> A              
     e( 13 - 13) =      0.11068  eV     1   --> A              
     e( 14 - 14) =      2.42109  eV     1   --> A              
     e( 15 - 15) =      2.54521  eV     1   --> A              
     e( 16 - 16) =      3.30522  eV     1   --> A              
     e( 17 - 17) =      3.50897  eV     1   --> A              
     e( 18 - 18) =      6.38068  eV     1   --> A              
     e( 19 - 19) =      7.74632  eV     1   --> A              
     e( 20 - 20) =      8.04007  eV     1   --> A              
     e( 21 - 21) =      8.13845  eV     1   --> A              
     e( 22 - 22) =      8.76885  eV     1   --> A              
     e( 23 - 23) =      8.78431  eV     1   --> A              
     e( 24 - 24) =      8.98221  eV     1   --> A              
     e( 25 - 25) =      9.12040  eV     1   --> A              
     e( 26 - 26) =      9.25582  eV     1   --> A              

 **************************************************************************

 **************************************************************************

                    xk=(   0.37778,   0.50037,   0.00000  )

     Band symmetry, C_1 (1)     point group:

     e(  1 -  1) =    -49.37220  eV     1   --> A              
     e(  2 -  2) =    -27.84550  eV     1   --> A              
     e(  3 -  3) =    -27.58214  eV     1   --> A              
     e(  4 -  4) =    -27.46015  eV     1   --> A              
     e(  5 -  5) =    -24.60018  eV     1   --> A              
     e(  6 -  6) =    -16.08179  eV     1   --> A              
     e(  7 -  7) =     -7.11208  eV     1   --> A              
     e(  8 -  8) =     -6.81176  eV     1   --> A              
     e(  9 -  9) =     -6.53414  eV     1   --> A              
     e( 10 - 10) =     -6.01437  eV     1   --> A              
     e( 11 - 11) =     -5.08218  eV     1   --> A              
     e( 12 - 12) =     -4.68044  eV     1   --> A              
     e( 13 - 13) =      0.14947  eV     1   --> A              
     e( 14 - 14) =      2.40968  eV     1   --> A              
     e( 15 - 15) =      2.53444  eV     1   --> A              
     e( 16 - 16) =      3.29353  eV     1   --> A              
     e( 17 - 17) =      3.51249  eV     1   --> A              
     e( 18 - 18) =      6.38523  eV     1   --> A              
     e( 19 - 19) =      7.74965  eV     1   --> A              
     e( 20 - 20) =      8.13434  eV     1   --> A              
     e( 21 - 21) =      8.18896  eV     1   --> A              
     e( 22 - 22) =      8.83960  eV     1   --> A              
     e( 23 - 23) =      8.85890  eV     1   --> A              
     e( 24 - 24) =      9.08281  eV     1   --> A              
     e( 25 - 25) =      9.18551  eV     1   --> A              
     e( 26 - 26) =      9.32567  eV     1   --> A              

 **************************************************************************

 **************************************************************************

                    xk=(   0.37222,   0.50999,   0.00000  )

     Band symmetry, C_1 (1)     point group:

     e(  1 -  1) =    -49.37189  eV     1   --> A              
     e(  2 -  2) =    -27.84074  eV     1   --> A              
     e(  3 -  3) =    -27.58119  eV     1   --> A              
     e(  4 -  4) =    -27.46946  eV     1   --> A              
     e(  5 -  5) =    -24.59933  eV     1   --> A              
     e(  6 -  6) =    -16.07647  eV     1   --> A              
     e(  7 -  7) =     -7.11559  eV     1   --> A              
     e(  8 -  8) =     -6.80256  eV     1   --> A              
     e(  9 -  9) =     -6.53037  eV     1   --> A              
     e( 10 - 10) =     -5.98062  eV     1   --> A              
     e( 11 - 11) =     -5.15798  eV     1   --> A              
     e( 12 - 12) =     -4.68383  eV     1   --> A              
     e( 13 - 13) =      0.18493  eV     1   --> A              
     e( 14 - 14) =      2.39979  eV     1   --> A              
     e( 15 - 15) =      2.52540  eV     1   --> A              
     e( 16 - 16) =      3.27740  eV     1   --> A              
     e( 17 - 17) =      3.52123  eV     1   --> A              
     e( 18 - 18) =      6.38648  eV     1   --> A              
     e( 19 - 19) =      7.74315  eV     1   --> A              
     e( 20 - 20) =      8.22513  eV     1   --> A              
     e( 21 - 21) =      8.25335  eV     1   --> A              
     e( 22 - 22) =      8.89418  eV     1   --> A              
     e( 23 - 23) =      8.94243  eV     1   --> A              
     e( 24 - 24) =      9.17953  eV     1   --> A              
     e( 25 - 25) =      9.25531  eV     1   --> A              
     e( 26 - 26) =      9.40741  eV     1   --> A              

 **************************************************************************

 **************************************************************************

                    xk=(   0.36667,   0.51962,   0.00000  )

     Band symmetry, C_1 (1)     point group:

     e(  1 -  1) =    -49.37161  eV     1   --> A              
     e(  2 -  2) =    -27.83645  eV     1   --> A              
     e(  3 -  3) =    -27.58036  eV     1   --> A              
     e(  4 -  4) =    -27.47783  eV     1   --> A              
     e(  5 -  5) =    -24.59859  eV     1   --> A              
     e(  6 -  6) =    -16.07162  eV     1   --> A              
     e(  7 -  7) =     -7.11933  eV     1   --> A              
     e(  8 -  8) =     -6.79394  eV     1   --> A              
     e(  9 -  9) =     -6.52681  eV     1   --> A              
     e( 10 - 10) =     -5.94581  eV     1   --> A              
     e( 11 - 11) =     -5.23082  eV     1   --> A              
     e( 12 - 12) =     -4.68617  eV     1   --> A              
     e( 13 - 13) =      0.21656  eV     1   --> A              
     e( 14 - 14) =      2.39206  eV     1   --> A              
     e( 15 - 15) =      2.51774  eV     1   --> A              
     e( 16 - 16) =      3.25918  eV     1   --> A              
     e( 17 - 17) =      3.53261  eV     1   --> A              
     e( 18 - 18) =      6.38503  eV     1   --> A              
     e( 19 - 19) =      7.73337  eV     1   --> A              
     e( 20 - 20) =      8.28926  eV     1   --> A              
     e( 21 - 21) =      8.34925  eV     1   --> A              
     e( 22 - 22) =      8.94473  eV     1   --> A              
     e( 23 - 23) =      9.02374  eV     1   --> A              
     e( 24 - 24) =      9.26673  eV     1   --> A              
     e( 25 - 25) =      9.32939  eV     1   --> A              
     e( 26 - 26) =      9.49750  eV     1   --> A              

 **************************************************************************

 **************************************************************************

                    xk=(   0.36111,   0.52924,   0.00000  )

     Band symmetry, C_1 (1)     point group:

     e(  1 -  1) =    -49.37136  eV     1   --> A              
     e(  2 -  2) =    -27.83271  eV     1   --> A              
     e(  3 -  3) =    -27.57964  eV     1   --> A              
     e(  4 -  4) =    -27.48511  eV     1   --> A              
     e(  5 -  5) =    -24.59797  eV     1   --> A              
     e(  6 -  6) =    -16.06731  eV     1   --> A              
     e(  7 -  7) =     -7.12297  eV     1   --> A              
     e(  8 -  8) =     -6.78623  eV     1   --> A              
     e(  9 -  9) =     -6.52351  eV     1   --> A              
     e( 10 - 10) =     -5.91025  eV     1   --> A              
     e( 11 - 11) =     -5.29958  eV     1   --> A              
     e( 12 - 12) =     -4.68783  eV     1   --> A              
     e( 13 - 13) =      0.24392  eV     1   --> A              
     e( 14 - 14) =      2.38686  eV     1   --> A              
     e( 15 - 15) =      2.51126  eV     1   --> A              
     e( 16 - 16) =      3.24081  eV     1   --> A              
     e( 17 - 17) =      3.54463  eV     1   --> A              
     e( 18 - 18) =      6.38161  eV     1   --> A              
     e( 19 - 19) =      7.72338  eV     1   --> A              
     e( 20 - 20) =      8.34854  eV     1   --> A              
     e( 21 - 21) =      8.45199  eV     1   --> A              
     e( 22 - 22) =      8.98845  eV     1   --> A              
     e( 23 - 23) =      9.10389  eV     1   --> A              
     e( 24 - 24) =      9.34521  eV     1   --> A              
     e( 25 - 25) =      9.40700  eV     1   --> A              
     e( 26 - 26) =      9.58627  eV     1   --> A              

 **************************************************************************

 **************************************************************************

                    xk=(   0.35556,   0.53886,   0.00000  )

     Band symmetry, C_1 (1)     point group:

     e(  1 -  1) =    -49.37115  eV     1   --> A              
     e(  2 -  2) =    -27.82959  eV     1   --> A              
     e(  3 -  3) =    -27.57905  eV     1   --> A              
     e(  4 -  4) =    -27.49119  eV     1   --> A              
     e(  5 -  5) =    -24.59745  eV     1   --> A              
     e(  6 -  6) =    -16.06362  eV     1   --> A              
     e(  7 -  7) =     -7.12626  eV     1   --> A              
     e(  8 -  8) =     -6.77971  eV     1   --> A              
     e(  9 -  9) =     -6.52063  eV     1   --> A              
     e( 10 - 10) =     -5.87464  eV     1   --> A              
     e( 11 - 11) =     -5.36300  eV     1   --> A              
     e( 12 - 12) =     -4.68900  eV     1   --> A              
     e( 13 - 13) =      0.26662  eV     1   --> A              
     e( 14 - 14) =      2.38421  eV     1   --> A              
     e( 15 - 15) =      2.50577  eV     1   --> A              
     e( 16 - 16) =      3.22374  eV     1   --> A              
     e( 17 - 17) =      3.55585  eV     1   --> A              
     e( 18 - 18) =      6.37705  eV     1   --> A              
     e( 19 - 19) =      7.71467  eV     1   --> A              
     e( 20 - 20) =      8.40860  eV     1   --> A              
     e( 21 - 21) =      8.55378  eV     1   --> A              
     e( 22 - 22) =      9.02019  eV     1   --> A              
     e( 23 - 23) =      9.18307  eV     1   --> A              
     e( 24 - 24) =      9.41734  eV     1   --> A              
     e( 25 - 25) =      9.48746  eV     1   --> A              
     e( 26 - 26) =      9.66086  eV     1   --> A              

 **************************************************************************

 **************************************************************************

                    xk=(   0.35000,   0.54848,   0.00000  )

     Band symmetry, C_1 (1)     point group:

     e(  1 -  1) =    -49.37098  eV     1   --> A              
     e(  2 -  2) =    -27.82713  eV     1   --> A              
     e(  3 -  3) =    -27.57859  eV     1   --> A              
     e(  4 -  4) =    -27.49597  eV     1   --> A              
     e(  5 -  5) =    -24.59706  eV     1   --> A              
     e(  6 -  6) =    -16.06063  eV     1   --> A              
     e(  7 -  7) =     -7.12902  eV     1   --> A              
     e(  8 -  8) =     -6.77456  eV     1   --> A              
     e(  9 -  9) =     -6.51826  eV     1   --> A              
     e( 10 - 10) =     -5.84032  eV     1   --> A              
     e( 11 - 11) =     -5.41934  eV     1   --> A              
     e( 12 - 12) =     -4.68981  eV     1   --> A              
     e( 13 - 13) =      0.28439  eV     1   --> A              
     e( 14 - 14) =      2.38380  eV     1   --> A              
     e( 15 - 15) =      2.50119  eV     1   --> A              
     e( 16 - 16) =      3.20913  eV     1   --> A              
     e( 17 - 17) =      3.56533  eV     1   --> A              
     e( 18 - 18) =      6.37219  eV     1   --> A              
     e( 19 - 19) =      7.70788  eV     1   --> A              
     e( 20 - 20) =      8.46896  eV     1   --> A              
     e( 21 - 21) =      8.65245  eV     1   --> A              
     e( 22 - 22) =      9.03171  eV     1   --> A              
     e( 23 - 23) =      9.26075  eV     1   --> A              
     e( 24 - 24) =      9.48230  eV     1   --> A              
     e( 25 - 25) =      9.56939  eV     1   --> A              
     e( 26 - 26) =      9.69523  eV     1   --> A              

 **************************************************************************

 **************************************************************************

                    xk=(   0.34444,   0.55811,   0.00000  )

     Band symmetry, C_1 (1)     point group:

     e(  1 -  1) =    -49.37085  eV     1   --> A              
     e(  2 -  2) =    -27.82539  eV     1   --> A              
     e(  3 -  3) =    -27.57826  eV     1   --> A              
     e(  4 -  4) =    -27.49939  eV     1   --> A              
     e(  5 -  5) =    -24.59677  eV     1   --> A              
     e(  6 -  6) =    -16.05841  eV     1   --> A              
     e(  7 -  7) =     -7.13111  eV     1   --> A              
     e(  8 -  8) =     -6.77087  eV     1   --> A              
     e(  9 -  9) =     -6.51650  eV     1   --> A              
     e( 10 - 10) =     -5.80981  eV     1   --> A              
     e( 11 - 11) =     -5.46575  eV     1   --> A              
     e( 12 - 12) =     -4.69033  eV     1   --> A              
     e( 13 - 13) =      0.29705  eV     1   --> A              
     e( 14 - 14) =      2.38497  eV     1   --> A              
     e( 15 - 15) =      2.49754  eV     1   --> A              
     e( 16 - 16) =      3.19790  eV     1   --> A              
     e( 17 - 17) =      3.57241  eV     1   --> A              
     e( 18 - 18) =      6.36785  eV     1   --> A              
     e( 19 - 19) =      7.70321  eV     1   --> A              
     e( 20 - 20) =      8.52734  eV     1   --> A              
     e( 21 - 21) =      8.74565  eV     1   --> A              
     e( 22 - 22) =      9.01341  eV     1   --> A              
     e( 23 - 23) =      9.33563  eV     1   --> A              
     e( 24 - 24) =      9.53084  eV     1   --> A              
     e( 25 - 25) =      9.62687  eV     1   --> A              
     e( 26 - 26) =      9.66484  eV     1   --> A              

 **************************************************************************

 **************************************************************************

                    xk=(   0.33889,   0.56773,   0.00000  )

     Band symmetry, C_1 (1)     point group:

     e(  1 -  1) =    -49.37077  eV     1   --> A              
     e(  2 -  2) =    -27.82438  eV     1   --> A              
     e(  3 -  3) =    -27.57806  eV     1   --> A              
     e(  4 -  4) =    -27.50145  eV     1   --> A              
     e(  5 -  5) =    -24.59660  eV     1   --> A              
     e(  6 -  6) =    -16.05702  eV     1   --> A              
     e(  7 -  7) =     -7.13242  eV     1   --> A              
     e(  8 -  8) =     -6.76870  eV     1   --> A              
     e(  9 -  9) =     -6.51542  eV     1   --> A              
     e( 10 - 10) =     -5.78758  eV     1   --> A              
     e( 11 - 11) =     -5.49761  eV     1   --> A              
     e( 12 - 12) =     -4.69062  eV     1   --> A              
     e( 13 - 13) =      0.30458  eV     1   --> A              
     e( 14 - 14) =      2.38670  eV     1   --> A              
     e( 15 - 15) =      2.49501  eV     1   --> A              
     e( 16 - 16) =      3.19080  eV     1   --> A              
     e( 17 - 17) =      3.57674  eV     1   --> A              
     e( 18 - 18) =      6.36481  eV     1   --> A              
     e( 19 - 19) =      7.70059  eV     1   --> A              
     e( 20 - 20) =      8.57766  eV     1   --> A              
     e( 21 - 21) =      8.82921  eV     1   --> A              
     e( 22 - 22) =      8.96334  eV     1   --> A              
     e( 23 - 23) =      9.40500  eV     1   --> A              
     e( 24 - 24) =      9.52785  eV     1   --> A              
     e( 25 - 25) =      9.60597  eV     1   --> A              
     e( 26 - 26) =      9.73544  eV     1   --> A              

 **************************************************************************

 **************************************************************************

                    xk=(   0.33333,   0.57735,   0.00000  )

     point group C_3 (3)    
     there are  3 classes
     the character table:

       E     C3    C3^2 
A      1.00  1.00  1.00
E      1.00 -0.50 -0.50
E*     1.00 -0.50 -0.50
     imaginary part
A      0.00  0.00  0.00
E      0.00  0.87 -0.87
E*     0.00 -0.87  0.87

     the symmetry operations in each class and the name of the first element:

     E        1
                                                                 
     C3       2
                                                                 
     C3^2     3
                                                                 

     Band symmetry, C_3 (3)     point group:

     e(  1 -  1) =    -49.37074  eV     1   --> A              
     e(  2 -  2) =    -27.82405  eV     1   --> E*             
     e(  3 -  3) =    -27.57799  eV     1   --> A              
     e(  4 -  4) =    -27.50213  eV     1   --> E              
     e(  5 -  5) =    -24.59655  eV     1   --> E*             
     e(  6 -  6) =    -16.05655  eV     1   --> E*             
     e(  7 -  7) =     -7.13288  eV     1   --> E              
     e(  8 -  8) =     -6.76800  eV     1   --> A              
     e(  9 -  9) =     -6.51505  eV     1   --> E*             
     e( 10 - 10) =     -5.77928  eV     1   --> E              
     e( 11 - 11) =     -5.50913  eV     1   --> A              
     e( 12 - 12) =     -4.69071  eV     1   --> E*             
     e( 13 - 13) =      0.30705  eV     1   --> E              
     e( 14 - 14) =      2.38762  eV     1   --> A              
     e( 15 - 15) =      2.49403  eV     1   --> E              
     e( 16 - 16) =      3.18837  eV     1   --> E*             
     e( 17 - 17) =      3.57817  eV     1   --> E*             
     e( 18 - 18) =      6.36368  eV     1   --> A              
     e( 19 - 19) =      7.69978  eV     1   --> E              
     e( 20 - 20) =      8.60218  eV     1   --> A              
     e( 21 - 21) =      8.88590  eV     1   --> E*             
     e( 22 - 22) =      8.91104  eV     1   --> E              
     e( 23 - 23) =      9.45203  eV     1   --> A              
     e( 24 - 24) =      9.48977  eV     1   --> E              
     e( 25 - 25) =      9.61200  eV     1   --> E*             
     e( 26 - 26) =      9.79045  eV     1   --> A              

 **************************************************************************

 **************************************************************************

                    xk=(   0.32222,   0.55811,   0.00000  )

     point group C_1 (1)    
     there are  1 classes
     the character table:

       E    
A      1.00

     the symmetry operations in each class and the name of the first element:

     E        1
                                                                 

     Band symmetry, C_1 (1)     point group:

     e(  1 -  1) =    -49.37086  eV     1   --> A              
     e(  2 -  2) =    -27.82519  eV     1   --> A              
     e(  3 -  3) =    -27.57828  eV     1   --> A              
     e(  4 -  4) =    -27.49952  eV     1   --> A              
     e(  5 -  5) =    -24.59676  eV     1   --> A              
     e(  6 -  6) =    -16.05857  eV     1   --> A              
     e(  7 -  7) =     -7.13102  eV     1   --> A              
     e(  8 -  8) =     -6.77056  eV     1   --> A              
     e(  9 -  9) =     -6.51647  eV     1   --> A              
     e( 10 - 10) =     -5.80674  eV     1   --> A              
     e( 11 - 11) =     -5.46889  eV     1   --> A              
     e( 12 - 12) =     -4.69037  eV     1   --> A              
     e( 13 - 13) =      0.29770  eV     1   --> A              
     e( 14 - 14) =      2.38102  eV     1   --> A              
     e( 15 - 15) =      2.49916  eV     1   --> A              
     e( 16 - 16) =      3.19779  eV     1   --> A              
     e( 17 - 17) =      3.57316  eV     1   --> A              
     e( 18 - 18) =      6.36882  eV     1   --> A              
     e( 19 - 19) =      7.70213  eV     1   --> A              
     e( 20 - 20) =      8.46103  eV     1   --> A              
     e( 21 - 21) =      8.82982  eV     1   --> A              
     e( 22 - 22) =      8.97369  eV     1   --> A              
     e( 23 - 23) =      9.39524  eV     1   --> A              
     e( 24 - 24) =      9.42529  eV     1   --> A              
     e( 25 - 25) =      9.56654  eV     1   --> A              
     e( 26 - 26) =      9.74667  eV     1   --> A              

 **************************************************************************

 **************************************************************************

                    xk=(   0.31111,   0.53886,   0.00000  )

     Band symmetry, C_1 (1)     point group:

     e(  1 -  1) =    -49.37122  eV     1   --> A              
     e(  2 -  2) =    -27.82801  eV     1   --> A              
     e(  3 -  3) =    -27.57923  eV     1   --> A              
     e(  4 -  4) =    -27.49209  eV     1   --> A              
     e(  5 -  5) =    -24.59735  eV     1   --> A              
     e(  6 -  6) =    -16.06491  eV     1   --> A              
     e(  7 -  7) =     -7.12542  eV     1   --> A              
     e(  8 -  8) =     -6.77716  eV     1   --> A              
     e(  9 -  9) =     -6.52045  eV     1   --> A              
     e( 10 - 10) =     -5.85800  eV     1   --> A              
     e( 11 - 11) =     -5.38008  eV     1   --> A              
     e( 12 - 12) =     -4.68933  eV     1   --> A              
     e( 13 - 13) =      0.27157  eV     1   --> A              
     e( 14 - 14) =      2.35731  eV     1   --> A              
     e( 15 - 15) =      2.51527  eV     1   --> A              
     e( 16 - 16) =      3.22122  eV     1   --> A              
     e( 17 - 17) =      3.56250  eV     1   --> A              
     e( 18 - 18) =      6.38437  eV     1   --> A              
     e( 19 - 19) =      7.70506  eV     1   --> A              
     e( 20 - 20) =      8.17314  eV     1   --> A              
     e( 21 - 21) =      8.64646  eV     1   --> A              
     e( 22 - 22) =      9.00532  eV     1   --> A              
     e( 23 - 23) =      9.15079  eV     1   --> A              
     e( 24 - 24) =      9.43184  eV     1   --> A              
     e( 25 - 25) =      9.63805  eV     1   --> A              
     e( 26 - 26) =      9.80774  eV     1   --> A              

 **************************************************************************

 **************************************************************************

                    xk=(   0.30000,   0.51962,   0.00000  )

     Band symmetry, C_1 (1)     point group:

     e(  1 -  1) =    -49.37185  eV     1   --> A              
     e(  2 -  2) =    -27.83147  eV     1   --> A              
     e(  3 -  3) =    -27.58094  eV     1   --> A              
     e(  4 -  4) =    -27.48064  eV     1   --> A              
     e(  5 -  5) =    -24.59828  eV     1   --> A              
     e(  6 -  6) =    -16.07594  eV     1   --> A              
     e(  7 -  7) =     -7.11648  eV     1   --> A              
     e(  8 -  8) =     -6.78556  eV     1   --> A              
     e(  9 -  9) =     -6.52642  eV     1   --> A              
     e( 10 - 10) =     -5.90567  eV     1   --> A              
     e( 11 - 11) =     -5.27214  eV     1   --> A              
     e( 12 - 12) =     -4.68727  eV     1   --> A              
     e( 13 - 13) =      0.23203  eV     1   --> A              
     e( 14 - 14) =      2.31736  eV     1   --> A              
     e( 15 - 15) =      2.53956  eV     1   --> A              
     e( 16 - 16) =      3.24289  eV     1   --> A              
     e( 17 - 17) =      3.55844  eV     1   --> A              
     e( 18 - 18) =      6.40756  eV     1   --> A              
     e( 19 - 19) =      7.67971  eV     1   --> A              
     e( 20 - 20) =      7.88052  eV     1   --> A              
     e( 21 - 21) =      8.37667  eV     1   --> A              
     e( 22 - 22) =      8.69252  eV     1   --> A              
     e( 23 - 23) =      9.26924  eV     1   --> A              
     e( 24 - 24) =      9.41949  eV     1   --> A              
     e( 25 - 25) =      9.62216  eV     1   --> A              
     e( 26 - 26) =      9.83996  eV     1   --> A              

 **************************************************************************

 **************************************************************************

                    xk=(   0.28889,   0.50037,   0.00000  )

     Band symmetry, C_1 (1)     point group:

     e(  1 -  1) =    -49.37276  eV     1   --> A              
     e(  2 -  2) =    -27.83459  eV     1   --> A              
     e(  3 -  3) =    -27.58351  eV     1   --> A              
     e(  4 -  4) =    -27.46602  eV     1   --> A              
     e(  5 -  5) =    -24.59950  eV     1   --> A              
     e(  6 -  6) =    -16.09190  eV     1   --> A              
     e(  7 -  7) =     -7.10506  eV     1   --> A              
     e(  8 -  8) =     -6.79294  eV     1   --> A              
     e(  9 -  9) =     -6.53394  eV     1   --> A              
     e( 10 - 10) =     -5.94191  eV     1   --> A              
     e( 11 - 11) =     -5.15616  eV     1   --> A              
     e( 12 - 12) =     -4.68321  eV     1   --> A              
     e( 13 - 13) =      0.18268  eV     1   --> A              
     e( 14 - 14) =      2.26528  eV     1   --> A              
     e( 15 - 15) =      2.56861  eV     1   --> A              
     e( 16 - 16) =      3.24102  eV     1   --> A              
     e( 17 - 17) =      3.57688  eV     1   --> A              
     e( 18 - 18) =      6.43150  eV     1   --> A              
     e( 19 - 19) =      7.45553  eV     1   --> A              
     e( 20 - 20) =      7.76755  eV     1   --> A              
     e( 21 - 21) =      8.09091  eV     1   --> A              
     e( 22 - 22) =      8.37078  eV     1   --> A              
     e( 23 - 23) =      9.28597  eV     1   --> A              
     e( 24 - 24) =      9.41198  eV     1   --> A              
     e( 25 - 25) =      9.48854  eV     1   --> A              
     e( 26 - 26) =      9.87042  eV     1   --> A              

 **************************************************************************

 **************************************************************************

                    xk=(   0.27778,   0.48113,   0.00000  )

     Band symmetry, C_1 (1)     point group:

     e(  1 -  1) =    -49.37397  eV     1   --> A              
     e(  2 -  2) =    -27.83646  eV     1   --> A              
     e(  3 -  3) =    -27.58688  eV     1   --> A              
     e(  4 -  4) =    -27.44907  eV     1   --> A              
     e(  5 -  5) =    -24.60096  eV     1   --> A              
     e(  6 -  6) =    -16.11292  eV     1   --> A              
     e(  7 -  7) =     -7.09230  eV     1   --> A              
     e(  8 -  8) =     -6.79612  eV     1   --> A              
     e(  9 -  9) =     -6.54263  eV     1   --> A              
     e( 10 - 10) =     -5.96475  eV     1   --> A              
     e( 11 - 11) =     -5.03907  eV     1   --> A              
     e( 12 - 12) =     -4.67434  eV     1   --> A              
     e( 13 - 13) =      0.12698  eV     1   --> A              
     e( 14 - 14) =      2.20491  eV     1   --> A              
     e( 15 - 15) =      2.60005  eV     1   --> A              
     e( 16 - 16) =      3.20769  eV     1   --> A              
     e( 17 - 17) =      3.61976  eV     1   --> A              
     e( 18 - 18) =      6.44550  eV     1   --> A              
     e( 19 - 19) =      7.12503  eV     1   --> A              
     e( 20 - 20) =      7.69995  eV     1   --> A              
     e( 21 - 21) =      7.81727  eV     1   --> A              
     e( 22 - 22) =      8.11834  eV     1   --> A              
     e( 23 - 23) =      9.05831  eV     1   --> A              
     e( 24 - 24) =      9.30058  eV     1   --> A              
     e( 25 - 25) =      9.53100  eV     1   --> A              
     e( 26 - 26) =      9.83548  eV     1   --> A              

 **************************************************************************

 **************************************************************************

                    xk=(   0.26667,   0.46188,   0.00000  )

     Band symmetry, C_1 (1)     point group:

     e(  1 -  1) =    -49.37549  eV     1   --> A              
     e(  2 -  2) =    -27.83654  eV     1   --> A              
     e(  3 -  3) =    -27.59094  eV     1   --> A              
     e(  4 -  4) =    -27.43053  eV     1   --> A              
     e(  5 -  5) =    -24.60265  eV     1   --> A              
     e(  6 -  6) =    -16.13903  eV     1   --> A              
     e(  7 -  7) =     -7.07967  eV     1   --> A              
     e(  8 -  8) =     -6.79259  eV     1   --> A              
     e(  9 -  9) =     -6.55244  eV     1   --> A              
     e( 10 - 10) =     -5.97351  eV     1   --> A              
     e( 11 - 11) =     -4.93095  eV     1   --> A              
     e( 12 - 12) =     -4.65298  eV     1   --> A              
     e( 13 - 13) =      0.06806  eV     1   --> A              
     e( 14 - 14) =      2.13920  eV     1   --> A              
     e( 15 - 15) =      2.63152  eV     1   --> A              
     e( 16 - 16) =      3.15290  eV     1   --> A              
     e( 17 - 17) =      3.67239  eV     1   --> A              
     e( 18 - 18) =      6.43543  eV     1   --> A              
     e( 19 - 19) =      6.78497  eV     1   --> A              
     e( 20 - 20) =      7.48603  eV     1   --> A              
     e( 21 - 21) =      7.57694  eV     1   --> A              
     e( 22 - 22) =      8.02578  eV     1   --> A              
     e( 23 - 23) =      8.79685  eV     1   --> A              
     e( 24 - 24) =      9.13066  eV     1   --> A              
     e( 25 - 25) =      9.47381  eV     1   --> A              
     e( 26 - 26) =      9.97105  eV     1   --> A              

 **************************************************************************

 **************************************************************************

                    xk=(   0.25556,   0.44264,   0.00000  )

     Band symmetry, C_1 (1)     point group:

     e(  1 -  1) =    -49.37731  eV     1   --> A              
     e(  2 -  2) =    -27.83445  eV     1   --> A              
     e(  3 -  3) =    -27.59546  eV     1   --> A              
     e(  4 -  4) =    -27.41101  eV     1   --> A              
     e(  5 -  5) =    -24.60454  eV     1   --> A              
     e(  6 -  6) =    -16.17009  eV     1   --> A              
     e(  7 -  7) =     -7.06797  eV     1   --> A              
     e(  8 -  8) =     -6.78109  eV     1   --> A              
     e(  9 -  9) =     -6.56343  eV     1   --> A              
     e( 10 - 10) =     -5.96744  eV     1   --> A              
     e( 11 - 11) =     -4.85042  eV     1   --> A              
     e( 12 - 12) =     -4.60219  eV     1   --> A              
     e( 13 - 13) =      0.00868  eV     1   --> A              
     e( 14 - 14) =      2.07041  eV     1   --> A              
     e( 15 - 15) =      2.65977  eV     1   --> A              
     e( 16 - 16) =      3.08927  eV     1   --> A              
     e( 17 - 17) =      3.71998  eV     1   --> A              
     e( 18 - 18) =      6.36614  eV     1   --> A              
     e( 19 - 19) =      6.46843  eV     1   --> A              
     e( 20 - 20) =      7.21225  eV     1   --> A              
     e( 21 - 21) =      7.33519  eV     1   --> A              
     e( 22 - 22) =      8.03129  eV     1   --> A              
     e( 23 - 23) =      8.54310  eV     1   --> A              
     e( 24 - 24) =      8.93689  eV     1   --> A              
     e( 25 - 25) =      9.42347  eV     1   --> A              
     e( 26 - 26) =     10.16167  eV     1   --> A              

 **************************************************************************

 **************************************************************************

                    xk=(   0.24444,   0.42339,   0.00000  )

     Band symmetry, C_1 (1)     point group:

     e(  1 -  1) =    -49.37942  eV     1   --> A              
     e(  2 -  2) =    -27.83014  eV     1   --> A              
     e(  3 -  3) =    -27.60004  eV     1   --> A              
     e(  4 -  4) =    -27.39100  eV     1   --> A              
     e(  5 -  5) =    -24.60664  eV     1   --> A              
     e(  6 -  6) =    -16.20586  eV     1   --> A              
     e(  7 -  7) =     -7.05726  eV     1   --> A              
     e(  8 -  8) =     -6.76231  eV     1   --> A              
     e(  9 -  9) =     -6.57570  eV     1   --> A              
     e( 10 - 10) =     -5.94539  eV     1   --> A              
     e( 11 - 11) =     -4.81030  eV     1   --> A              
     e( 12 - 12) =     -4.51052  eV     1   --> A              
     e( 13 - 13) =     -0.04877  eV     1   --> A              
     e( 14 - 14) =      2.00032  eV     1   --> A              
     e( 15 - 15) =      2.67946  eV     1   --> A              
     e( 16 - 16) =      3.02744  eV     1   --> A              
     e( 17 - 17) =      3.75282  eV     1   --> A              
     e( 18 - 18) =      6.08148  eV     1   --> A              
     e( 19 - 19) =      6.32624  eV     1   --> A              
     e( 20 - 20) =      6.93263  eV     1   --> A              
     e( 21 - 21) =      7.11711  eV     1   --> A              
     e( 22 - 22) =      8.02247  eV     1   --> A              
     e( 23 - 23) =      8.32799  eV     1   --> A              
     e( 24 - 24) =      8.75604  eV     1   --> A              
     e( 25 - 25) =      9.41365  eV     1   --> A              
     e( 26 - 26) =     10.19428  eV     1   --> A              

 **************************************************************************

 **************************************************************************

                    xk=(   0.23333,   0.40415,   0.00000  )

     Band symmetry, C_1 (1)     point group:

     e(  1 -  1) =    -49.38183  eV     1   --> A              
     e(  2 -  2) =    -27.82386  eV     1   --> A              
     e(  3 -  3) =    -27.60411  eV     1   --> A              
     e(  4 -  4) =    -27.37088  eV     1   --> A              
     e(  5 -  5) =    -24.60896  eV     1   --> A              
     e(  6 -  6) =    -16.24596  eV     1   --> A              
     e(  7 -  7) =     -7.04671  eV     1   --> A              
     e(  8 -  8) =     -6.73861  eV     1   --> A              
     e(  9 -  9) =     -6.58931  eV     1   --> A              
     e( 10 - 10) =     -5.90590  eV     1   --> A              
     e( 11 - 11) =     -4.79757  eV     1   --> A              
     e( 12 - 12) =     -4.39206  eV     1   --> A              
     e( 13 - 13) =     -0.10230  eV     1   --> A              
     e( 14 - 14) =      1.93039  eV     1   --> A              
     e( 15 - 15) =      2.68245  eV     1   --> A              
     e( 16 - 16) =      2.97801  eV     1   --> A              
     e( 17 - 17) =      3.76519  eV     1   --> A              
     e( 18 - 18) =      5.75073  eV     1   --> A              
     e( 19 - 19) =      6.19090  eV     1   --> A              
     e( 20 - 20) =      6.65789  eV     1   --> A              
     e( 21 - 21) =      6.93328  eV     1   --> A              
     e( 22 - 22) =      7.90035  eV     1   --> A              
     e( 23 - 23) =      8.20584  eV     1   --> A              
     e( 24 - 24) =      8.61940  eV     1   --> A              
     e( 25 - 25) =      9.44313  eV     1   --> A              
     e( 26 - 26) =     10.07725  eV     1   --> A              

 **************************************************************************

 **************************************************************************

                    xk=(   0.22222,   0.38490,   0.00000  )

     Band symmetry, C_1 (1)     point group:

     e(  1 -  1) =    -49.38450  eV     1   --> A              
     e(  2 -  2) =    -27.81627  eV     1   --> A              
     e(  3 -  3) =    -27.60685  eV     1   --> A              
     e(  4 -  4) =    -27.35096  eV     1   --> A              
     e(  5 -  5) =    -24.61154  eV     1   --> A              
     e(  6 -  6) =    -16.28996  eV     1   --> A              
     e(  7 -  7) =     -7.03531  eV     1   --> A              
     e(  8 -  8) =     -6.71346  eV     1   --> A              
     e(  9 -  9) =     -6.60391  eV     1   --> A              
     e( 10 - 10) =     -5.84762  eV     1   --> A              
     e( 11 - 11) =     -4.79747  eV     1   --> A              
     e( 12 - 12) =     -4.26247  eV     1   --> A              
     e( 13 - 13) =     -0.15024  eV     1   --> A              
     e( 14 - 14) =      1.86189  eV     1   --> A              
     e( 15 - 15) =      2.66119  eV     1   --> A              
     e( 16 - 16) =      2.94921  eV     1   --> A              
     e( 17 - 17) =      3.75381  eV     1   --> A              
     e( 18 - 18) =      5.42721  eV     1   --> A              
     e( 19 - 19) =      6.02169  eV     1   --> A              
     e( 20 - 20) =      6.39324  eV     1   --> A              
     e( 21 - 21) =      6.77701  eV     1   --> A              
     e( 22 - 22) =      7.69375  eV     1   --> A              
     e( 23 - 23) =      8.12206  eV     1   --> A              
     e( 24 - 24) =      8.54644  eV     1   --> A              
     e( 25 - 25) =      9.49262  eV     1   --> A              
     e( 26 - 26) =      9.93881  eV     1   --> A              

 **************************************************************************

 **************************************************************************

                    xk=(   0.21111,   0.36566,   0.00000  )

     Band symmetry, C_1 (1)     point group:

     e(  1 -  1) =    -49.38743  eV     1   --> A              
     e(  2 -  2) =    -27.80839  eV     1   --> A              
     e(  3 -  3) =    -27.60707  eV     1   --> A              
     e(  4 -  4) =    -27.33148  eV     1   --> A              
     e(  5 -  5) =    -24.61443  eV     1   --> A              
     e(  6 -  6) =    -16.33728  eV     1   --> A              
     e(  7 -  7) =     -7.02215  eV     1   --> A              
     e(  8 -  8) =     -6.69155  eV     1   --> A              
     e(  9 -  9) =     -6.61756  eV     1   --> A              
     e( 10 - 10) =     -5.76981  eV     1   --> A              
     e( 11 - 11) =     -4.80319  eV     1   --> A              
     e( 12 - 12) =     -4.12916  eV     1   --> A              
     e( 13 - 13) =     -0.19131  eV     1   --> A              
     e( 14 - 14) =      1.79605  eV     1   --> A              
     e( 15 - 15) =      2.61755  eV     1   --> A              
     e( 16 - 16) =      2.93874  eV     1   --> A              
     e( 17 - 17) =      3.71730  eV     1   --> A              
     e( 18 - 18) =      5.11770  eV     1   --> A              
     e( 19 - 19) =      5.83071  eV     1   --> A              
     e( 20 - 20) =      6.14085  eV     1   --> A              
     e( 21 - 21) =      6.63573  eV     1   --> A              
     e( 22 - 22) =      7.47239  eV     1   --> A              
     e( 23 - 23) =      8.02341  eV     1   --> A              
     e( 24 - 24) =      8.52175  eV     1   --> A              
     e( 25 - 25) =      9.51642  eV     1   --> A              
     e( 26 - 26) =      9.78622  eV     1   --> A              

 **************************************************************************

 **************************************************************************

                    xk=(   0.20000,   0.34641,   0.00000  )

     Band symmetry, C_1 (1)     point group:

     e(  1 -  1) =    -49.39058  eV     1   --> A              
     e(  2 -  2) =    -27.80162  eV     1   --> A              
     e(  3 -  3) =    -27.60338  eV     1   --> A              
     e(  4 -  4) =    -27.31265  eV     1   --> A              
     e(  5 -  5) =    -24.61769  eV     1   --> A              
     e(  6 -  6) =    -16.38731  eV     1   --> A              
     e(  7 -  7) =     -7.00669  eV     1   --> A              
     e(  8 -  8) =     -6.68184  eV     1   --> A              
     e(  9 -  9) =     -6.62335  eV     1   --> A              
     e( 10 - 10) =     -5.67278  eV     1   --> A              
     e( 11 - 11) =     -4.81145  eV     1   --> A              
     e( 12 - 12) =     -3.99565  eV     1   --> A              
     e( 13 - 13) =     -0.22460  eV     1   --> A              
     e( 14 - 14) =      1.73401  eV     1   --> A              
     e( 15 - 15) =      2.56133  eV     1   --> A              
     e( 16 - 16) =      2.93536  eV     1   --> A              
     e( 17 - 17) =      3.65575  eV     1   --> A              
     e( 18 - 18) =      4.82728  eV     1   --> A              
     e( 19 - 19) =      5.63029  eV     1   --> A              
     e( 20 - 20) =      5.90144  eV     1   --> A              
     e( 21 - 21) =      6.49865  eV     1   --> A              
     e( 22 - 22) =      7.25434  eV     1   --> A              
     e( 23 - 23) =      7.92418  eV     1   --> A              
     e( 24 - 24) =      8.51784  eV     1   --> A              
     e( 25 - 25) =      9.47758  eV     1   --> A              
     e( 26 - 26) =      9.62277  eV     1   --> A              

 **************************************************************************

 **************************************************************************

                    xk=(   0.18889,   0.32717,   0.00000  )

     Band symmetry, C_1 (1)     point group:

     e(  1 -  1) =    -49.39392  eV     1   --> A              
     e(  2 -  2) =    -27.79739  eV     1   --> A              
     e(  3 -  3) =    -27.59434  eV     1   --> A              
     e(  4 -  4) =    -27.29461  eV     1   --> A              
     e(  5 -  5) =    -24.62138  eV     1   --> A              
     e(  6 -  6) =    -16.43939  eV     1   --> A              
     e(  7 -  7) =     -6.98864  eV     1   --> A              
     e(  8 -  8) =     -6.69212  eV     1   --> A              
     e(  9 -  9) =     -6.61445  eV     1   --> A              
     e( 10 - 10) =     -5.55832  eV     1   --> A              
     e( 11 - 11) =     -4.81970  eV     1   --> A              
     e( 12 - 12) =     -3.86402  eV     1   --> A              
     e( 13 - 13) =     -0.24964  eV     1   --> A              
     e( 14 - 14) =      1.67696  eV     1   --> A              
     e( 15 - 15) =      2.50101  eV     1   --> A              
     e( 16 - 16) =      2.92818  eV     1   --> A              
     e( 17 - 17) =      3.57122  eV     1   --> A              
     e( 18 - 18) =      4.56059  eV     1   --> A              
     e( 19 - 19) =      5.42872  eV     1   --> A              
     e( 20 - 20) =      5.67509  eV     1   --> A              
     e( 21 - 21) =      6.35948  eV     1   --> A              
     e( 22 - 22) =      7.04421  eV     1   --> A              
     e( 23 - 23) =      7.83601  eV     1   --> A              
     e( 24 - 24) =      8.52074  eV     1   --> A              
     e( 25 - 25) =      9.38666  eV     1   --> A              
     e( 26 - 26) =      9.46213  eV     1   --> A              

 **************************************************************************

 **************************************************************************

                    xk=(   0.17778,   0.30792,   0.00000  )

     Band symmetry, C_1 (1)     point group:

     e(  1 -  1) =    -49.39741  eV     1   --> A              
     e(  2 -  2) =    -27.79672  eV     1   --> A              
     e(  3 -  3) =    -27.57911  eV     1   --> A              
     e(  4 -  4) =    -27.27749  eV     1   --> A              
     e(  5 -  5) =    -24.62557  eV     1   --> A              
     e(  6 -  6) =    -16.49285  eV     1   --> A              
     e(  7 -  7) =     -6.96814  eV     1   --> A              
     e(  8 -  8) =     -6.71434  eV     1   --> A              
     e(  9 -  9) =     -6.59918  eV     1   --> A              
     e( 10 - 10) =     -5.43029  eV     1   --> A              
     e( 11 - 11) =     -4.82457  eV     1   --> A              
     e( 12 - 12) =     -3.73573  eV     1   --> A              
     e( 13 - 13) =     -0.26637  eV     1   --> A              
     e( 14 - 14) =      1.62606  eV     1   --> A              
     e( 15 - 15) =      2.44131  eV     1   --> A              
     e( 16 - 16) =      2.90845  eV     1   --> A              
     e( 17 - 17) =      3.46879  eV     1   --> A              
     e( 18 - 18) =      4.32097  eV     1   --> A              
     e( 19 - 19) =      5.23090  eV     1   --> A              
     e( 20 - 20) =      5.46165  eV     1   --> A              
     e( 21 - 21) =      6.21564  eV     1   --> A              
     e( 22 - 22) =      6.84354  eV     1   --> A              
     e( 23 - 23) =      7.76006  eV     1   --> A              
     e( 24 - 24) =      8.52287  eV     1   --> A              
     e( 25 - 25) =      9.24178  eV     1   --> A              
     e( 26 - 26) =      9.35138  eV     1   --> A              

 **************************************************************************

 **************************************************************************

                    xk=(   0.16667,   0.28868,   0.00000  )

     Band symmetry, C_1 (1)     point group:

     e(  1 -  1) =    -49.40102  eV     1   --> A              
     e(  2 -  2) =    -27.79978  eV     1   --> A              
     e(  3 -  3) =    -27.55766  eV     1   --> A              
     e(  4 -  4) =    -27.26135  eV     1   --> A              
     e(  5 -  5) =    -24.63033  eV     1   --> A              
     e(  6 -  6) =    -16.54697  eV     1   --> A              
     e(  7 -  7) =     -6.94558  eV     1   --> A              
     e(  8 -  8) =     -6.74172  eV     1   --> A              
     e(  9 -  9) =     -6.58380  eV     1   --> A              
     e( 10 - 10) =     -5.29670  eV     1   --> A              
     e( 11 - 11) =     -4.81919  eV     1   --> A              
     e( 12 - 12) =     -3.61194  eV     1   --> A              
     e( 13 - 13) =     -0.27520  eV     1   --> A              
     e( 14 - 14) =      1.58245  eV     1   --> A              
     e( 15 - 15) =      2.38478  eV     1   --> A              
     e( 16 - 16) =      2.86763  eV     1   --> A              
     e( 17 - 17) =      3.35843  eV     1   --> A              
     e( 18 - 18) =      4.10923  eV     1   --> A              
     e( 19 - 19) =      5.03962  eV     1   --> A              
     e( 20 - 20) =      5.26090  eV     1   --> A              
     e( 21 - 21) =      6.06705  eV     1   --> A              
     e( 22 - 22) =      6.65289  eV     1   --> A              
     e( 23 - 23) =      7.69119  eV     1   --> A              
     e( 24 - 24) =      8.51558  eV     1   --> A              
     e( 25 - 25) =      9.07370  eV     1   --> A              
     e( 26 - 26) =      9.29538  eV     1   --> A              

 **************************************************************************

 **************************************************************************

                    xk=(   0.15556,   0.26943,   0.00000  )

     Band symmetry, C_1 (1)     point group:

     e(  1 -  1) =    -49.40470  eV     1   --> A              
     e(  2 -  2) =    -27.80608  eV     1   --> A              
     e(  3 -  3) =    -27.53075  eV     1   --> A              
     e(  4 -  4) =    -27.24626  eV     1   --> A              
     e(  5 -  5) =    -24.63570  eV     1   --> A              
     e(  6 -  6) =    -16.60108  eV     1   --> A              
     e(  7 -  7) =     -6.92211  eV     1   --> A              
     e(  8 -  8) =     -6.77124  eV     1   --> A              
     e(  9 -  9) =     -6.56998  eV     1   --> A              
     e( 10 - 10) =     -5.17506  eV     1   --> A              
     e( 11 - 11) =     -4.78762  eV     1   --> A              
     e( 12 - 12) =     -3.49363  eV     1   --> A              
     e( 13 - 13) =     -0.27701  eV     1   --> A              
     e( 14 - 14) =      1.54722  eV     1   --> A              
     e( 15 - 15) =      2.33282  eV     1   --> A              
     e( 16 - 16) =      2.79750  eV     1   --> A              
     e( 17 - 17) =      3.25424  eV     1   --> A              
     e( 18 - 18) =      3.92288  eV     1   --> A              
     e( 19 - 19) =      4.85651  eV     1   --> A              
     e( 20 - 20) =      5.07260  eV     1   --> A              
     e( 21 - 21) =      5.91507  eV     1   --> A              
     e( 22 - 22) =      6.47228  eV     1   --> A              
     e( 23 - 23) =      7.62120  eV     1   --> A              
     e( 24 - 24) =      8.48514  eV     1   --> A              
     e( 25 - 25) =      8.91959  eV     1   --> A              
     e( 26 - 26) =      9.28679  eV     1   --> A              

 **************************************************************************

 **************************************************************************

                    xk=(   0.14444,   0.25019,   0.00000  )

     Band symmetry, C_1 (1)     point group:

     e(  1 -  1) =    -49.40840  eV     1   --> A              
     e(  2 -  2) =    -27.81478  eV     1   --> A              
     e(  3 -  3) =    -27.49948  eV     1   --> A              
     e(  4 -  4) =    -27.23227  eV     1   --> A              
     e(  5 -  5) =    -24.64169  eV     1   --> A              
     e(  6 -  6) =    -16.65450  eV     1   --> A              
     e(  7 -  7) =     -6.90135  eV     1   --> A              
     e(  8 -  8) =     -6.79854  eV     1   --> A              
     e(  9 -  9) =     -6.55805  eV     1   --> A              
     e( 10 - 10) =     -5.09372  eV     1   --> A              
     e( 11 - 11) =     -4.70329  eV     1   --> A              
     e( 12 - 12) =     -3.38160  eV     1   --> A              
     e( 13 - 13) =     -0.27311  eV     1   --> A              
     e( 14 - 14) =      1.52135  eV     1   --> A              
     e( 15 - 15) =      2.28628  eV     1   --> A              
     e( 16 - 16) =      2.69607  eV     1   --> A              
     e( 17 - 17) =      3.16685  eV     1   --> A              
     e( 18 - 18) =      3.75722  eV     1   --> A              
     e( 19 - 19) =      4.68251  eV     1   --> A              
     e( 20 - 20) =      4.89654  eV     1   --> A              
     e( 21 - 21) =      5.76173  eV     1   --> A              
     e( 22 - 22) =      6.30147  eV     1   --> A              
     e( 23 - 23) =      7.54189  eV     1   --> A              
     e( 24 - 24) =      8.40861  eV     1   --> A              
     e( 25 - 25) =      8.81048  eV     1   --> A              
     e( 26 - 26) =      9.32487  eV     1   --> A              

 **************************************************************************

 **************************************************************************

                    xk=(   0.13333,   0.23094,   0.00000  )

     Band symmetry, C_1 (1)     point group:

     e(  1 -  1) =    -49.41208  eV     1   --> A              
     e(  2 -  2) =    -27.82509  eV     1   --> A              
     e(  3 -  3) =    -27.46504  eV     1   --> A              
     e(  4 -  4) =    -27.21940  eV     1   --> A              
     e(  5 -  5) =    -24.64829  eV     1   --> A              
     e(  6 -  6) =    -16.70658  eV     1   --> A              
     e(  7 -  7) =     -6.89559  eV     1   --> A              
     e(  8 -  8) =     -6.81098  eV     1   --> A              
     e(  9 -  9) =     -6.54804  eV     1   --> A              
     e( 10 - 10) =     -5.06114  eV     1   --> A              
     e( 11 - 11) =     -4.55975  eV     1   --> A              
     e( 12 - 12) =     -3.27658  eV     1   --> A              
     e( 13 - 13) =     -0.26517  eV     1   --> A              
     e( 14 - 14) =      1.50563  eV     1   --> A              
     e( 15 - 15) =      2.24567  eV     1   --> A              
     e( 16 - 16) =      2.57268  eV     1   --> A              
     e( 17 - 17) =      3.09583  eV     1   --> A              
     e( 18 - 18) =      3.60732  eV     1   --> A              
     e( 19 - 19) =      4.51818  eV     1   --> A              
     e( 20 - 20) =      4.73256  eV     1   --> A              
     e( 21 - 21) =      5.60927  eV     1   --> A              
     e( 22 - 22) =      6.14006  eV     1   --> A              
     e( 23 - 23) =      7.44812  eV     1   --> A              
     e( 24 - 24) =      8.27247  eV     1   --> A              
     e( 25 - 25) =      8.76553  eV     1   --> A              
     e( 26 - 26) =      9.37134  eV     1   --> A              

 **************************************************************************

 **************************************************************************

                    xk=(   0.12222,   0.21170,   0.00000  )

     Band symmetry, C_1 (1)     point group:

     e(  1 -  1) =    -49.41568  eV     1   --> A              
     e(  2 -  2) =    -27.83634  eV     1   --> A              
     e(  3 -  3) =    -27.42852  eV     1   --> A              
     e(  4 -  4) =    -27.20765  eV     1   --> A              
     e(  5 -  5) =    -24.65548  eV     1   --> A              
     e(  6 -  6) =    -16.75673  eV     1   --> A              
     e(  7 -  7) =     -6.91636  eV     1   --> A              
     e(  8 -  8) =     -6.79674  eV     1   --> A              
     e(  9 -  9) =     -6.53987  eV     1   --> A              
     e( 10 - 10) =     -5.05725  eV     1   --> A              
     e( 11 - 11) =     -4.37931  eV     1   --> A              
     e( 12 - 12) =     -3.17913  eV     1   --> A              
     e( 13 - 13) =     -0.25516  eV     1   --> A              
     e( 14 - 14) =      1.50052  eV     1   --> A              
     e( 15 - 15) =      2.21126  eV     1   --> A              
     e( 16 - 16) =      2.44187  eV     1   --> A              
     e( 17 - 17) =      3.03429  eV     1   --> A              
     e( 18 - 18) =      3.46952  eV     1   --> A              
     e( 19 - 19) =      4.36387  eV     1   --> A              
     e( 20 - 20) =      4.58052  eV     1   --> A              
     e( 21 - 21) =      5.45989  eV     1   --> A              
     e( 22 - 22) =      5.98753  eV     1   --> A              
     e( 23 - 23) =      7.33902  eV     1   --> A              
     e( 24 - 24) =      8.09707  eV     1   --> A              
     e( 25 - 25) =      8.76119  eV     1   --> A              
     e( 26 - 26) =      9.29449  eV     1   --> A              

 **************************************************************************

 **************************************************************************

                    xk=(   0.11111,   0.19245,   0.00000  )

     Band symmetry, C_1 (1)     point group:

     e(  1 -  1) =    -49.41917  eV     1   --> A              
     e(  2 -  2) =    -27.84796  eV     1   --> A              
     e(  3 -  3) =    -27.39098  eV     1   --> A              
     e(  4 -  4) =    -27.19704  eV     1   --> A              
     e(  5 -  5) =    -24.66315  eV     1   --> A              
     e(  6 -  6) =    -16.80439  eV     1   --> A              
     e(  7 -  7) =     -6.95065  eV     1   --> A              
     e(  8 -  8) =     -6.76845  eV     1   --> A              
     e(  9 -  9) =     -6.53343  eV     1   --> A              
     e( 10 - 10) =     -5.06622  eV     1   --> A              
     e( 11 - 11) =     -4.18026  eV     1   --> A              
     e( 12 - 12) =     -3.08975  eV     1   --> A              
     e( 13 - 13) =     -0.24506  eV     1   --> A              
     e( 14 - 14) =      1.50610  eV     1   --> A              
     e( 15 - 15) =      2.18291  eV     1   --> A              
     e( 16 - 16) =      2.31545  eV     1   --> A              
     e( 17 - 17) =      2.97638  eV     1   --> A              
     e( 18 - 18) =      3.34187  eV     1   --> A              
     e( 19 - 19) =      4.21984  eV     1   --> A              
     e( 20 - 20) =      4.44032  eV     1   --> A              
     e( 21 - 21) =      5.31566  eV     1   --> A              
     e( 22 - 22) =      5.84333  eV     1   --> A              
     e( 23 - 23) =      7.21672  eV     1   --> A              
     e( 24 - 24) =      7.90601  eV     1   --> A              
     e( 25 - 25) =      8.75728  eV     1   --> A              
     e( 26 - 26) =      9.25827  eV     1   --> A              

 **************************************************************************

 **************************************************************************

                    xk=(   0.10000,   0.17321,   0.00000  )

     Band symmetry, C_1 (1)     point group:

     e(  1 -  1) =    -49.42250  eV     1   --> A              
     e(  2 -  2) =    -27.85954  eV     1   --> A              
     e(  3 -  3) =    -27.35337  eV     1   --> A              
     e(  4 -  4) =    -27.18753  eV     1   --> A              
     e(  5 -  5) =    -24.67118  eV     1   --> A              
     e(  6 -  6) =    -16.84905  eV     1   --> A              
     e(  7 -  7) =     -6.98889  eV     1   --> A              
     e(  8 -  8) =     -6.73545  eV     1   --> A              
     e(  9 -  9) =     -6.52850  eV     1   --> A              
     e( 10 - 10) =     -5.08112  eV     1   --> A              
     e( 11 - 11) =     -3.97239  eV     1   --> A              
     e( 12 - 12) =     -3.00880  eV     1   --> A              
     e( 13 - 13) =     -0.23668  eV     1   --> A              
     e( 14 - 14) =      1.52189  eV     1   --> A              
     e( 15 - 15) =      2.15822  eV     1   --> A              
     e( 16 - 16) =      2.20256  eV     1   --> A              
     e( 17 - 17) =      2.91911  eV     1   --> A              
     e( 18 - 18) =      3.22416  eV     1   --> A              
     e( 19 - 19) =      4.08630  eV     1   --> A              
     e( 20 - 20) =      4.31186  eV     1   --> A              
     e( 21 - 21) =      5.17849  eV     1   --> A              
     e( 22 - 22) =      5.70688  eV     1   --> A              
     e( 23 - 23) =      7.08431  eV     1   --> A              
     e( 24 - 24) =      7.71355  eV     1   --> A              
     e( 25 - 25) =      8.72461  eV     1   --> A              
     e( 26 - 26) =      9.29446  eV     1   --> A              

 **************************************************************************

 **************************************************************************

                    xk=(   0.08889,   0.15396,   0.00000  )

     Band symmetry, C_1 (1)     point group:

     e(  1 -  1) =    -49.42561  eV     1   --> A              
     e(  2 -  2) =    -27.87070  eV     1   --> A              
     e(  3 -  3) =    -27.31660  eV     1   --> A              
     e(  4 -  4) =    -27.17911  eV     1   --> A              
     e(  5 -  5) =    -24.67939  eV     1   --> A              
     e(  6 -  6) =    -16.89022  eV     1   --> A              
     e(  7 -  7) =     -7.02766  eV     1   --> A              
     e(  8 -  8) =     -6.70084  eV     1   --> A              
     e(  9 -  9) =     -6.52491  eV     1   --> A              
     e( 10 - 10) =     -5.09884  eV     1   --> A              
     e( 11 - 11) =     -3.76197  eV     1   --> A              
     e( 12 - 12) =     -2.93653  eV     1   --> A              
     e( 13 - 13) =     -0.23139  eV     1   --> A              
     e( 14 - 14) =      1.54674  eV     1   --> A              
     e( 15 - 15) =      2.09385  eV     1   --> A              
     e( 16 - 16) =      2.14906  eV     1   --> A              
     e( 17 - 17) =      2.86171  eV     1   --> A              
     e( 18 - 18) =      3.11767  eV     1   --> A              
     e( 19 - 19) =      3.96344  eV     1   --> A              
     e( 20 - 20) =      4.19508  eV     1   --> A              
     e( 21 - 21) =      5.05017  eV     1   --> A              
     e( 22 - 22) =      5.57764  eV     1   --> A              
     e( 23 - 23) =      6.94481  eV     1   --> A              
     e( 24 - 24) =      7.52964  eV     1   --> A              
     e( 25 - 25) =      8.66545  eV     1   --> A              
     e( 26 - 26) =      9.39512  eV     1   --> A              

 **************************************************************************

 **************************************************************************

                    xk=(   0.07778,   0.13472,   0.00000  )

     Band symmetry, C_1 (1)     point group:

     e(  1 -  1) =    -49.42847  eV     1   --> A              
     e(  2 -  2) =    -27.88116  eV     1   --> A              
     e(  3 -  3) =    -27.28158  eV     1   --> A              
     e(  4 -  4) =    -27.17177  eV     1   --> A              
     e(  5 -  5) =    -24.68757  eV     1   --> A              
     e(  6 -  6) =    -16.92751  eV     1   --> A              
     e(  7 -  7) =     -7.06526  eV     1   --> A              
     e(  8 -  8) =     -6.66621  eV     1   --> A              
     e(  9 -  9) =     -6.52246  eV     1   --> A              
     e( 10 - 10) =     -5.11774  eV     1   --> A              
     e( 11 - 11) =     -3.55434  eV     1   --> A              
     e( 12 - 12) =     -2.87310  eV     1   --> A              
     e( 13 - 13) =     -0.22992  eV     1   --> A              
     e( 14 - 14) =      1.57877  eV     1   --> A              
     e( 15 - 15) =      2.01058  eV     1   --> A              
     e( 16 - 16) =      2.13305  eV     1   --> A              
     e( 17 - 17) =      2.80572  eV     1   --> A              
     e( 18 - 18) =      3.02457  eV     1   --> A              
     e( 19 - 19) =      3.85141  eV     1   --> A              
     e( 20 - 20) =      4.08992  eV     1   --> A              
     e( 21 - 21) =      4.93233  eV     1   --> A              
     e( 22 - 22) =      5.45527  eV     1   --> A              
     e( 23 - 23) =      6.80158  eV     1   --> A              
     e( 24 - 24) =      7.36213  eV     1   --> A              
     e( 25 - 25) =      8.59642  eV     1   --> A              
     e( 26 - 26) =      9.53849  eV     1   --> A              

 **************************************************************************

 **************************************************************************

                    xk=(   0.06667,   0.11547,   0.00000  )

     Band symmetry, C_1 (1)     point group:

     e(  1 -  1) =    -49.43103  eV     1   --> A              
     e(  2 -  2) =    -27.89067  eV     1   --> A              
     e(  3 -  3) =    -27.24917  eV     1   --> A              
     e(  4 -  4) =    -27.16546  eV     1   --> A              
     e(  5 -  5) =    -24.69546  eV     1   --> A              
     e(  6 -  6) =    -16.96056  eV     1   --> A              
     e(  7 -  7) =     -7.10040  eV     1   --> A              
     e(  8 -  8) =     -6.63279  eV     1   --> A              
     e(  9 -  9) =     -6.52091  eV     1   --> A              
     e( 10 - 10) =     -5.13671  eV     1   --> A              
     e( 11 - 11) =     -3.35480  eV     1   --> A              
     e( 12 - 12) =     -2.81855  eV     1   --> A              
     e( 13 - 13) =     -0.23226  eV     1   --> A              
     e( 14 - 14) =      1.61547  eV     1   --> A              
     e( 15 - 15) =      1.94157  eV     1   --> A              
     e( 16 - 16) =      2.11708  eV     1   --> A              
     e( 17 - 17) =      2.75578  eV     1   --> A              
     e( 18 - 18) =      2.94664  eV     1   --> A              
     e( 19 - 19) =      3.75030  eV     1   --> A              
     e( 20 - 20) =      3.99639  eV     1   --> A              
     e( 21 - 21) =      4.82647  eV     1   --> A              
     e( 22 - 22) =      5.33990  eV     1   --> A              
     e( 23 - 23) =      6.65943  eV     1   --> A              
     e( 24 - 24) =      7.21629  eV     1   --> A              
     e( 25 - 25) =      8.52869  eV     1   --> A              
     e( 26 - 26) =      9.70769  eV     1   --> A              

 **************************************************************************

 **************************************************************************

                    xk=(   0.05556,   0.09623,   0.00000  )

     Band symmetry, C_1 (1)     point group:

     e(  1 -  1) =    -49.43327  eV     1   --> A              
     e(  2 -  2) =    -27.89904  eV     1   --> A              
     e(  3 -  3) =    -27.22015  eV     1   --> A              
     e(  4 -  4) =    -27.16019  eV     1   --> A              
     e(  5 -  5) =    -24.70279  eV     1   --> A              
     e(  6 -  6) =    -16.98904  eV     1   --> A              
     e(  7 -  7) =     -7.13205  eV     1   --> A              
     e(  8 -  8) =     -6.60172  eV     1   --> A              
     e(  9 -  9) =     -6.52008  eV     1   --> A              
     e( 10 - 10) =     -5.15483  eV     1   --> A              
     e( 11 - 11) =     -3.16912  eV     1   --> A              
     e( 12 - 12) =     -2.77284  eV     1   --> A              
     e( 13 - 13) =     -0.23774  eV     1   --> A              
     e( 14 - 14) =      1.65395  eV     1   --> A              
     e( 15 - 15) =      1.88678  eV     1   --> A              
     e( 16 - 16) =      2.09500  eV     1   --> A              
     e( 17 - 17) =      2.71957  eV     1   --> A              
     e( 18 - 18) =      2.88392  eV     1   --> A              
     e( 19 - 19) =      3.66015  eV     1   --> A              
     e( 20 - 20) =      3.91468  eV     1   --> A              
     e( 21 - 21) =      4.73395  eV     1   --> A              
     e( 22 - 22) =      5.23253  eV     1   --> A              
     e( 23 - 23) =      6.52496  eV     1   --> A              
     e( 24 - 24) =      7.09441  eV     1   --> A              
     e( 25 - 25) =      8.46772  eV     1   --> A              
     e( 26 - 26) =      9.88528  eV     1   --> A              

 **************************************************************************

 **************************************************************************

                    xk=(   0.04444,   0.07698,   0.00000  )

     Band symmetry, C_1 (1)     point group:

     e(  1 -  1) =    -49.43514  eV     1   --> A              
     e(  2 -  2) =    -27.90610  eV     1   --> A              
     e(  3 -  3) =    -27.19528  eV     1   --> A              
     e(  4 -  4) =    -27.15591  eV     1   --> A              
     e(  5 -  5) =    -24.70928  eV     1   --> A              
     e(  6 -  6) =    -17.01269  eV     1   --> A              
     e(  7 -  7) =     -7.15927  eV     1   --> A              
     e(  8 -  8) =     -6.57419  eV     1   --> A              
     e(  9 -  9) =     -6.51970  eV     1   --> A              
     e( 10 - 10) =     -5.17123  eV     1   --> A              
     e( 11 - 11) =     -3.00356  eV     1   --> A              
     e( 12 - 12) =     -2.73582  eV     1   --> A              
     e( 13 - 13) =     -0.24514  eV     1   --> A              
     e( 14 - 14) =      1.69121  eV     1   --> A              
     e( 15 - 15) =      1.84470  eV     1   --> A              
     e( 16 - 16) =      2.06360  eV     1   --> A              
     e( 17 - 17) =      2.70379  eV     1   --> A              
     e( 18 - 18) =      2.83502  eV     1   --> A              
     e( 19 - 19) =      3.58110  eV     1   --> A              
     e( 20 - 20) =      3.84525  eV     1   --> A              
     e( 21 - 21) =      4.65600  eV     1   --> A              
     e( 22 - 22) =      5.13546  eV     1   --> A              
     e( 23 - 23) =      6.40550  eV     1   --> A              
     e( 24 - 24) =      6.99646  eV     1   --> A              
     e( 25 - 25) =      8.41611  eV     1   --> A              
     e( 26 - 26) =      9.94493  eV     1   --> A              

 **************************************************************************

 **************************************************************************

                    xk=(   0.03333,   0.05774,   0.00000  )

     Band symmetry, C_1 (1)     point group:

     e(  1 -  1) =    -49.43662  eV     1   --> A              
     e(  2 -  2) =    -27.91173  eV     1   --> A              
     e(  3 -  3) =    -27.17521  eV     1   --> A              
     e(  4 -  4) =    -27.15261  eV     1   --> A              
     e(  5 -  5) =    -24.71467  eV     1   --> A              
     e(  6 -  6) =    -17.03132  eV     1   --> A              
     e(  7 -  7) =     -7.18130  eV     1   --> A              
     e(  8 -  8) =     -6.55132  eV     1   --> A              
     e(  9 -  9) =     -6.51962  eV     1   --> A              
     e( 10 - 10) =     -5.18510  eV     1   --> A              
     e( 11 - 11) =     -2.86481  eV     1   --> A              
     e( 12 - 12) =     -2.70733  eV     1   --> A              
     e( 13 - 13) =     -0.25303  eV     1   --> A              
     e( 14 - 14) =      1.72448  eV     1   --> A              
     e( 15 - 15) =      1.81371  eV     1   --> A              
     e( 16 - 16) =      2.02524  eV     1   --> A              
     e( 17 - 17) =      2.70860  eV     1   --> A              
     e( 18 - 18) =      2.79833  eV     1   --> A              
     e( 19 - 19) =      3.51385  eV     1   --> A              
     e( 20 - 20) =      3.78896  eV     1   --> A              
     e( 21 - 21) =      4.59375  eV     1   --> A              
     e( 22 - 22) =      5.05241  eV     1   --> A              
     e( 23 - 23) =      6.30737  eV     1   --> A              
     e( 24 - 24) =      6.92152  eV     1   --> A              
     e( 25 - 25) =      8.37516  eV     1   --> A              
     e( 26 - 26) =      9.91033  eV     1   --> A              

 **************************************************************************

 **************************************************************************

                    xk=(   0.02222,   0.03849,   0.00000  )

     Band symmetry, C_1 (1)     point group:

     e(  1 -  1) =    -49.43770  eV     1   --> A              
     e(  2 -  2) =    -27.91583  eV     1   --> A              
     e(  3 -  3) =    -27.16045  eV     1   --> A              
     e(  4 -  4) =    -27.15026  eV     1   --> A              
     e(  5 -  5) =    -24.71871  eV     1   --> A              
     e(  6 -  6) =    -17.04473  eV     1   --> A              
     e(  7 -  7) =     -7.19750  eV     1   --> A              
     e(  8 -  8) =     -6.53410  eV     1   --> A              
     e(  9 -  9) =     -6.51968  eV     1   --> A              
     e( 10 - 10) =     -5.19568  eV     1   --> A              
     e( 11 - 11) =     -2.75954  eV     1   --> A              
     e( 12 - 12) =     -2.68716  eV     1   --> A              
     e( 13 - 13) =     -0.25994  eV     1   --> A              
     e( 14 - 14) =      1.75131  eV     1   --> A              
     e( 15 - 15) =      1.79242  eV     1   --> A              
     e( 16 - 16) =      1.98747  eV     1   --> A              
     e( 17 - 17) =      2.72630  eV     1   --> A              
     e( 18 - 18) =      2.77270  eV     1   --> A              
     e( 19 - 19) =      3.46043  eV     1   --> A              
     e( 20 - 20) =      3.74713  eV     1   --> A              
     e( 21 - 21) =      4.54827  eV     1   --> A              
     e( 22 - 22) =      4.98806  eV     1   --> A              
     e( 23 - 23) =      6.23499  eV     1   --> A              
     e( 24 - 24) =      6.86862  eV     1   --> A              
     e( 25 - 25) =      8.34557  eV     1   --> A              
     e( 26 - 26) =      9.87835  eV     1   --> A              

 **************************************************************************

 **************************************************************************

                    xk=(   0.01111,   0.01925,   0.00000  )

     Band symmetry, C_1 (1)     point group:

     e(  1 -  1) =    -49.43835  eV     1   --> A              
     e(  2 -  2) =    -27.91830  eV     1   --> A              
     e(  3 -  3) =    -27.15143  eV     1   --> A              
     e(  4 -  4) =    -27.14886  eV     1   --> A              
     e(  5 -  5) =    -24.72121  eV     1   --> A              
     e(  6 -  6) =    -17.05283  eV     1   --> A              
     e(  7 -  7) =     -7.20739  eV     1   --> A              
     e(  8 -  8) =     -6.52342  eV     1   --> A              
     e(  9 -  9) =     -6.51975  eV     1   --> A              
     e( 10 - 10) =     -5.20230  eV     1   --> A              
     e( 11 - 11) =     -2.69361  eV     1   --> A              
     e( 12 - 12) =     -2.67513  eV     1   --> A              
     e( 13 - 13) =     -0.26464  eV     1   --> A              
     e( 14 - 14) =      1.76930  eV     1   --> A              
     e( 15 - 15) =      1.77992  eV     1   --> A              
     e( 16 - 16) =      1.95950  eV     1   --> A              
     e( 17 - 17) =      2.74473  eV     1   --> A              
     e( 18 - 18) =      2.75751  eV     1   --> A              
     e( 19 - 19) =      3.42488  eV     1   --> A              
     e( 20 - 20) =      3.72123  eV     1   --> A              
     e( 21 - 21) =      4.52050  eV     1   --> A              
     e( 22 - 22) =      4.94713  eV     1   --> A              
     e( 23 - 23) =      6.19083  eV     1   --> A              
     e( 24 - 24) =      6.83710  eV     1   --> A              
     e( 25 - 25) =      8.32770  eV     1   --> A              
     e( 26 - 26) =      9.85740  eV     1   --> A              

 **************************************************************************

 **************************************************************************

                    xk=(   0.00000,   0.00000,   0.00000  )

     point group C_3v (3m)  
     there are  3 classes
     the character table:

       E     2C3   3s_v 
A_1    1.00  1.00  1.00
A_2    1.00  1.00 -1.00
E      2.00 -1.00  0.00

     the symmetry operations in each class and the name of the first element:

     E        1
                                                                 
     2C3      2    3
                                                                 
     3s_v     4    5    6
                                                                 

     Band symmetry, C_3v (3m)   point group:

     e(  1 -  1) =    -49.43857  eV     1   --> A_1  L_1       
     e(  2 -  2) =    -27.91914  eV     1   --> A_1  L_1       
     e(  3 -  4) =    -27.14839  eV     2   --> E    L_3       
     e(  5 -  5) =    -24.72206  eV     1   --> A_1  L_1       
     e(  6 -  6) =    -17.05554  eV     1   --> A_1  L_1       
     e(  7 -  7) =     -7.21074  eV     1   --> A_1  L_1       
     e(  8 -  9) =     -6.51978  eV     2   --> E    L_3       
     e( 10 - 10) =     -5.20456  eV     1   --> A_1  L_1       
     e( 11 - 12) =     -2.67114  eV     2   --> E    L_3       
     e( 13 - 13) =     -0.26631  eV     1   --> A_1  L_1       
     e( 14 - 15) =      1.77579  eV     2   --> E    L_3       
     e( 16 - 16) =      1.94908  eV     1   --> A_1  L_1       
     e( 17 - 18) =      2.75247  eV     2   --> E    L_3       
     e( 19 - 19) =      3.41220  eV     1   --> A_1  L_1       
     e( 20 - 20) =      3.71244  eV     1   --> A_1  L_1       
     e( 21 - 21) =      4.51115  eV     1   --> A_1  L_1       
     e( 22 - 22) =      4.93306  eV     1   --> A_1  L_1       
     e( 23 - 23) =      6.17600  eV     1   --> A_1  L_1       
     e( 24 - 24) =      6.82663  eV     1   --> A_1  L_1       
     e( 25 - 25) =      8.32172  eV     1   --> A_1  L_1       
     e( 26 - 26) =      9.85017  eV     1   --> A_1  L_1       

 **************************************************************************

     BANDS        :     26.38s CPU     28.33s WALL


   This run was terminated on:  16:48:58   7Aug2026            

=------------------------------------------------------------------------------=
   JOB DONE.
=------------------------------------------------------------------------------=
