#  E (eV)   dos(E)     Int dos(E) EFermi =    5.799 eV
 -44.788  0.0000E+00  0.0000E+00
 -44.778  0.2636E+02  0.2353E+00
 -44.768  0.3616E+02  0.5419E+00
 -44.758  0.6554E+02  0.1015E+01
 -44.748  0.0000E+00  0.2000E+01
 -44.738  0.0000E+00  0.2000E+01
 -44.728  0.0000E+00  0.2000E+01
 -44.718  0.0000E+00  0.2000E+01
 -44.708  0.0000E+00  0.2000E+01
 -44.698  0.0000E+00  0.2000E+01
 -44.688  0.0000E+00  0.2000E+01
 -44.678  0.0000E+00  0.2000E+01
 -44.668  0.0000E+00  0.2000E+01
 -44.658  0.0000E+00  0.2000E+01
 -44.648  0.0000E+00  0.2000E+01
 -44.638  0.0000E+00  0.2000E+01
 -44.628  0.0000E+00  0.2000E+01
 -44.618  0.0000E+00  0.2000E+01
 -44.608  0.0000E+00  0.2000E+01
 -44.598  0.0000E+00  0.2000E+01
 -44.588  0.0000E+00  0.2000E+01
 -44.578  0.0000E+00  0.2000E+01
 -44.568  0.0000E+00  0.2000E+01
 -44.558  0.0000E+00  0.2000E+01
 -44.548  0.0000E+00  0.2000E+01
 -44.538  0.0000E+00  0.2000E+01
 -44.528  0.0000E+00  0.2000E+01
 -44.518  0.0000E+00  0.2000E+01
 -44.508  0.0000E+00  0.2000E+01
 -44.498  0.0000E+00  0.2000E+01
 -44.488  0.0000E+00  0.2000E+01
 -44.478  0.0000E+00  0.2000E+01
 -44.468  0.0000E+00  0.2000E+01
 -44.458  0.0000E+00  0.2000E+01
 -44.448  0.0000E+00  0.2000E+01
 -44.438  0.0000E+00  0.2000E+01
 -44.428  0.0000E+00  0.2000E+01
 -44.418  0.0000E+00  0.2000E+01
 -44.408  0.0000E+00  0.2000E+01
 -44.398  0.0000E+00  0.2000E+01
 -44.388  0.0000E+00  0.2000E+01
 -44.378  0.0000E+00  0.2000E+01
 -44.368  0.0000E+00  0.2000E+01
 -44.358  0.0000E+00  0.2000E+01
 -44.348  0.0000E+00  0.2000E+01
 -44.338  0.0000E+00  0.2000E+01
 -44.328  0.0000E+00  0.2000E+01
 -44.318  0.0000E+00  0.2000E+01
 -44.308  0.0000E+00  0.2000E+01
 -44.298  0.0000E+00  0.2000E+01
 -44.288  0.0000E+00  0.2000E+01
 -44.278  0.0000E+00  0.2000E+01
 -44.268  0.0000E+00  0.2000E+01
 -44.258  0.0000E+00  0.2000E+01
 -44.248  0.0000E+00  0.2000E+01
 -44.238  0.0000E+00  0.2000E+01
 -44.228  0.0000E+00  0.2000E+01
 -44.218  0.0000E+00  0.2000E+01
 -44.208  0.0000E+00  0.2000E+01
 -44.198  0.0000E+00  0.2000E+01
 -44.188  0.0000E+00  0.2000E+01
 -44.178  0.0000E+00  0.2000E+01
 -44.168  0.0000E+00  0.2000E+01
 -44.158  0.0000E+00  0.2000E+01
 -44.148  0.0000E+00  0.2000E+01
 -44.138  0.0000E+00  0.2000E+01
 -44.128  0.0000E+00  0.2000E+01
 -44.118  0.0000E+00  0.2000E+01
 -44.108  0.0000E+00  0.2000E+01
 -44.098  0.0000E+00  0.2000E+01
 -44.088  0.0000E+00  0.2000E+01
 -44.078  0.0000E+00  0.2000E+01
 -44.068  0.0000E+00  0.2000E+01
 -44.058  0.0000E+00  0.2000E+01
 -44.048  0.0000E+00  0.2000E+01
 -44.038  0.0000E+00  0.2000E+01
 -44.028  0.0000E+00  0.2000E+01
 -44.018  0.0000E+00  0.2000E+01
 -44.008  0.0000E+00  0.2000E+01
 -43.998  0.0000E+00  0.2000E+01
 -43.988  0.0000E+00  0.2000E+01
 -43.978  0.0000E+00  0.2000E+01
 -43.968  0.0000E+00  0.2000E+01
 -43.958  0.0000E+00  0.2000E+01
 -43.948  0.0000E+00  0.2000E+01
 -43.938  0.0000E+00  0.2000E+01
 -43.928  0.0000E+00  0.2000E+01
 -43.918  0.0000E+00  0.2000E+01
 -43.908  0.0000E+00  0.2000E+01
 -43.898  0.0000E+00  0.2000E+01
 -43.888  0.0000E+00  0.2000E+01
 -43.878  0.0000E+00  0.2000E+01
 -43.868  0.0000E+00  0.2000E+01
 -43.858  0.0000E+00  0.2000E+01
 -43.848  0.0000E+00  0.2000E+01
 -43.838  0.0000E+00  0.2000E+01
 -43.828  0.0000E+00  0.2000E+01
 -43.818  0.0000E+00  0.2000E+01
 -43.808  0.0000E+00  0.2000E+01
 -43.798  0.0000E+00  0.2000E+01
 -43.788  0.0000E+00  0.2000E+01
 -43.778  0.0000E+00  0.2000E+01
 -43.768  0.0000E+00  0.2000E+01
 -43.758  0.0000E+00  0.2000E+01
 -43.748  0.0000E+00  0.2000E+01
 -43.738  0.0000E+00  0.2000E+01
 -43.728  0.0000E+00  0.2000E+01
 -43.718  0.0000E+00  0.2000E+01
 -43.708  0.0000E+00  0.2000E+01
 -43.698  0.0000E+00  0.2000E+01
 -43.688  0.0000E+00  0.2000E+01
 -43.678  0.0000E+00  0.2000E+01
 -43.668  0.0000E+00  0.2000E+01
 -43.658  0.0000E+00  0.2000E+01
 -43.648  0.0000E+00  0.2000E+01
 -43.638  0.0000E+00  0.2000E+01
 -43.628  0.0000E+00  0.2000E+01
 -43.618  0.0000E+00  0.2000E+01
 -43.608  0.0000E+00  0.2000E+01
 -43.598  0.0000E+00  0.2000E+01
 -43.588  0.0000E+00  0.2000E+01
 -43.578  0.0000E+00  0.2000E+01
 -43.568  0.0000E+00  0.2000E+01
 -43.558  0.0000E+00  0.2000E+01
 -43.548  0.0000E+00  0.2000E+01
 -43.538  0.0000E+00  0.2000E+01
 -43.528  0.0000E+00  0.2000E+01
 -43.518  0.0000E+00  0.2000E+01
 -43.508  0.0000E+00  0.2000E+01
 -43.498  0.0000E+00  0.2000E+01
 -43.488  0.0000E+00  0.2000E+01
 -43.478  0.0000E+00  0.2000E+01
 -43.468  0.0000E+00  0.2000E+01
 -43.458  0.0000E+00  0.2000E+01
 -43.448  0.0000E+00  0.2000E+01
 -43.438  0.0000E+00  0.2000E+01
 -43.428  0.0000E+00  0.2000E+01
 -43.418  0.0000E+00  0.2000E+01
 -43.408  0.0000E+00  0.2000E+01
 -43.398  0.0000E+00  0.2000E+01
 -43.388  0.0000E+00  0.2000E+01
 -43.378  0.0000E+00  0.2000E+01
 -43.368  0.0000E+00  0.2000E+01
 -43.358  0.0000E+00  0.2000E+01
 -43.348  0.0000E+00  0.2000E+01
 -43.338  0.0000E+00  0.2000E+01
 -43.328  0.0000E+00  0.2000E+01
 -43.318  0.0000E+00  0.2000E+01
 -43.308  0.0000E+00  0.2000E+01
 -43.298  0.0000E+00  0.2000E+01
 -43.288  0.0000E+00  0.2000E+01
 -43.278  0.0000E+00  0.2000E+01
 -43.268  0.0000E+00  0.2000E+01
 -43.258  0.0000E+00  0.2000E+01
 -43.248  0.0000E+00  0.2000E+01
 -43.238  0.0000E+00  0.2000E+01
 -43.228  0.0000E+00  0.2000E+01
 -43.218  0.0000E+00  0.2000E+01
 -43.208  0.0000E+00  0.2000E+01
 -43.198  0.0000E+00  0.2000E+01
 -43.188  0.0000E+00  0.2000E+01
 -43.178  0.0000E+00  0.2000E+01
 -43.168  0.0000E+00  0.2000E+01
 -43.158  0.0000E+00  0.2000E+01
 -43.148  0.0000E+00  0.2000E+01
 -43.138  0.0000E+00  0.2000E+01
 -43.128  0.0000E+00  0.2000E+01
 -43.118  0.0000E+00  0.2000E+01
 -43.108  0.0000E+00  0.2000E+01
 -43.098  0.0000E+00  0.2000E+01
 -43.088  0.0000E+00  0.2000E+01
 -43.078  0.0000E+00  0.2000E+01
 -43.068  0.0000E+00  0.2000E+01
 -43.058  0.0000E+00  0.2000E+01
 -43.048  0.0000E+00  0.2000E+01
 -43.038  0.0000E+00  0.2000E+01
 -43.028  0.0000E+00  0.2000E+01
 -43.018  0.0000E+00  0.2000E+01
 -43.008  0.0000E+00  0.2000E+01
 -42.998  0.0000E+00  0.2000E+01
 -42.988  0.0000E+00  0.2000E+01
 -42.978  0.0000E+00  0.2000E+01
 -42.968  0.0000E+00  0.2000E+01
 -42.958  0.0000E+00  0.2000E+01
 -42.948  0.0000E+00  0.2000E+01
 -42.938  0.0000E+00  0.2000E+01
 -42.928  0.0000E+00  0.2000E+01
 -42.918  0.0000E+00  0.2000E+01
 -42.908  0.0000E+00  0.2000E+01
 -42.898  0.0000E+00  0.2000E+01
 -42.888  0.0000E+00  0.2000E+01
 -42.878  0.0000E+00  0.2000E+01
 -42.868  0.0000E+00  0.2000E+01
 -42.858  0.0000E+00  0.2000E+01
 -42.848  0.0000E+00  0.2000E+01
 -42.838  0.0000E+00  0.2000E+01
 -42.828  0.0000E+00  0.2000E+01
 -42.818  0.0000E+00  0.2000E+01
 -42.808  0.0000E+00  0.2000E+01
 -42.798  0.0000E+00  0.2000E+01
 -42.788  0.0000E+00  0.2000E+01
 -42.778  0.0000E+00  0.2000E+01
 -42.768  0.0000E+00  0.2000E+01
 -42.758  0.0000E+00  0.2000E+01
 -42.748  0.0000E+00  0.2000E+01
 -42.738  0.0000E+00  0.2000E+01
 -42.728  0.0000E+00  0.2000E+01
 -42.718  0.0000E+00  0.2000E+01
 -42.708  0.0000E+00  0.2000E+01
 -42.698  0.0000E+00  0.2000E+01
 -42.688  0.0000E+00  0.2000E+01
 -42.678  0.0000E+00  0.2000E+01
 -42.668  0.0000E+00  0.2000E+01
 -42.658  0.0000E+00  0.2000E+01
 -42.648  0.0000E+00  0.2000E+01
 -42.638  0.0000E+00  0.2000E+01
 -42.628  0.0000E+00  0.2000E+01
 -42.618  0.0000E+00  0.2000E+01
 -42.608  0.0000E+00  0.2000E+01
 -42.598  0.0000E+00  0.2000E+01
 -42.588  0.0000E+00  0.2000E+01
 -42.578  0.0000E+00  0.2000E+01
 -42.568  0.0000E+00  0.2000E+01
 -42.558  0.0000E+00  0.2000E+01
 -42.548  0.0000E+00  0.2000E+01
 -42.538  0.0000E+00  0.2000E+01
 -42.528  0.0000E+00  0.2000E+01
 -42.518  0.0000E+00  0.2000E+01
 -42.508  0.0000E+00  0.2000E+01
 -42.498  0.0000E+00  0.2000E+01
 -42.488  0.0000E+00  0.2000E+01
 -42.478  0.0000E+00  0.2000E+01
 -42.468  0.0000E+00  0.2000E+01
 -42.458  0.0000E+00  0.2000E+01
 -42.448  0.0000E+00  0.2000E+01
 -42.438  0.0000E+00  0.2000E+01
 -42.428  0.0000E+00  0.2000E+01
 -42.418  0.0000E+00  0.2000E+01
 -42.408  0.0000E+00  0.2000E+01
 -42.398  0.0000E+00  0.2000E+01
 -42.388  0.0000E+00  0.2000E+01
 -42.378  0.0000E+00  0.2000E+01
 -42.368  0.0000E+00  0.2000E+01
 -42.358  0.0000E+00  0.2000E+01
 -42.348  0.0000E+00  0.2000E+01
 -42.338  0.0000E+00  0.2000E+01
 -42.328  0.0000E+00  0.2000E+01
 -42.318  0.0000E+00  0.2000E+01
 -42.308  0.0000E+00  0.2000E+01
 -42.298  0.0000E+00  0.2000E+01
 -42.288  0.0000E+00  0.2000E+01
 -42.278  0.0000E+00  0.2000E+01
 -42.268  0.0000E+00  0.2000E+01
 -42.258  0.0000E+00  0.2000E+01
 -42.248  0.0000E+00  0.2000E+01
 -42.238  0.0000E+00  0.2000E+01
 -42.228  0.0000E+00  0.2000E+01
 -42.218  0.0000E+00  0.2000E+01
 -42.208  0.0000E+00  0.2000E+01
 -42.198  0.0000E+00  0.2000E+01
 -42.188  0.0000E+00  0.2000E+01
 -42.178  0.0000E+00  0.2000E+01
 -42.168  0.0000E+00  0.2000E+01
 -42.158  0.0000E+00  0.2000E+01
 -42.148  0.0000E+00  0.2000E+01
 -42.138  0.0000E+00  0.2000E+01
 -42.128  0.0000E+00  0.2000E+01
 -42.118  0.0000E+00  0.2000E+01
 -42.108  0.0000E+00  0.2000E+01
 -42.098  0.0000E+00  0.2000E+01
 -42.088  0.0000E+00  0.2000E+01
 -42.078  0.0000E+00  0.2000E+01
 -42.068  0.0000E+00  0.2000E+01
 -42.058  0.0000E+00  0.2000E+01
 -42.048  0.0000E+00  0.2000E+01
 -42.038  0.0000E+00  0.2000E+01
 -42.028  0.0000E+00  0.2000E+01
 -42.018  0.0000E+00  0.2000E+01
 -42.008  0.0000E+00  0.2000E+01
 -41.998  0.0000E+00  0.2000E+01
 -41.988  0.0000E+00  0.2000E+01
 -41.978  0.0000E+00  0.2000E+01
 -41.968  0.0000E+00  0.2000E+01
 -41.958  0.0000E+00  0.2000E+01
 -41.948  0.0000E+00  0.2000E+01
 -41.938  0.0000E+00  0.2000E+01
 -41.928  0.0000E+00  0.2000E+01
 -41.918  0.0000E+00  0.2000E+01
 -41.908  0.0000E+00  0.2000E+01
 -41.898  0.0000E+00  0.2000E+01
 -41.888  0.0000E+00  0.2000E+01
 -41.878  0.0000E+00  0.2000E+01
 -41.868  0.0000E+00  0.2000E+01
 -41.858  0.0000E+00  0.2000E+01
 -41.848  0.0000E+00  0.2000E+01
 -41.838  0.0000E+00  0.2000E+01
 -41.828  0.0000E+00  0.2000E+01
 -41.818  0.0000E+00  0.2000E+01
 -41.808  0.0000E+00  0.2000E+01
 -41.798  0.0000E+00  0.2000E+01
 -41.788  0.0000E+00  0.2000E+01
 -41.778  0.0000E+00  0.2000E+01
 -41.768  0.0000E+00  0.2000E+01
 -41.758  0.0000E+00  0.2000E+01
 -41.748  0.0000E+00  0.2000E+01
 -41.738  0.0000E+00  0.2000E+01
 -41.728  0.0000E+00  0.2000E+01
 -41.718  0.0000E+00  0.2000E+01
 -41.708  0.0000E+00  0.2000E+01
 -41.698  0.0000E+00  0.2000E+01
 -41.688  0.0000E+00  0.2000E+01
 -41.678  0.0000E+00  0.2000E+01
 -41.668  0.0000E+00  0.2000E+01
 -41.658  0.0000E+00  0.2000E+01
 -41.648  0.0000E+00  0.2000E+01
 -41.638  0.0000E+00  0.2000E+01
 -41.628  0.0000E+00  0.2000E+01
 -41.618  0.0000E+00  0.2000E+01
 -41.608  0.0000E+00  0.2000E+01
 -41.598  0.0000E+00  0.2000E+01
 -41.588  0.0000E+00  0.2000E+01
 -41.578  0.0000E+00  0.2000E+01
 -41.568  0.0000E+00  0.2000E+01
 -41.558  0.0000E+00  0.2000E+01
 -41.548  0.0000E+00  0.2000E+01
 -41.538  0.0000E+00  0.2000E+01
 -41.528  0.0000E+00  0.2000E+01
 -41.518  0.0000E+00  0.2000E+01
 -41.508  0.0000E+00  0.2000E+01
 -41.498  0.0000E+00  0.2000E+01
 -41.488  0.0000E+00  0.2000E+01
 -41.478  0.0000E+00  0.2000E+01
 -41.468  0.0000E+00  0.2000E+01
 -41.458  0.0000E+00  0.2000E+01
 -41.448  0.0000E+00  0.2000E+01
 -41.438  0.0000E+00  0.2000E+01
 -41.428  0.0000E+00  0.2000E+01
 -41.418  0.0000E+00  0.2000E+01
 -41.408  0.0000E+00  0.2000E+01
 -41.398  0.0000E+00  0.2000E+01
 -41.388  0.0000E+00  0.2000E+01
 -41.378  0.0000E+00  0.2000E+01
 -41.368  0.0000E+00  0.2000E+01
 -41.358  0.0000E+00  0.2000E+01
 -41.348  0.0000E+00  0.2000E+01
 -41.338  0.0000E+00  0.2000E+01
 -41.328  0.0000E+00  0.2000E+01
 -41.318  0.0000E+00  0.2000E+01
 -41.308  0.0000E+00  0.2000E+01
 -41.298  0.0000E+00  0.2000E+01
 -41.288  0.0000E+00  0.2000E+01
 -41.278  0.0000E+00  0.2000E+01
 -41.268  0.0000E+00  0.2000E+01
 -41.258  0.0000E+00  0.2000E+01
 -41.248  0.0000E+00  0.2000E+01
 -41.238  0.0000E+00  0.2000E+01
 -41.228  0.0000E+00  0.2000E+01
 -41.218  0.0000E+00  0.2000E+01
 -41.208  0.0000E+00  0.2000E+01
 -41.198  0.0000E+00  0.2000E+01
 -41.188  0.0000E+00  0.2000E+01
 -41.178  0.0000E+00  0.2000E+01
 -41.168  0.0000E+00  0.2000E+01
 -41.158  0.0000E+00  0.2000E+01
 -41.148  0.0000E+00  0.2000E+01
 -41.138  0.0000E+00  0.2000E+01
 -41.128  0.0000E+00  0.2000E+01
 -41.118  0.0000E+00  0.2000E+01
 -41.108  0.0000E+00  0.2000E+01
 -41.098  0.0000E+00  0.2000E+01
 -41.088  0.0000E+00  0.2000E+01
 -41.078  0.0000E+00  0.2000E+01
 -41.068  0.0000E+00  0.2000E+01
 -41.058  0.0000E+00  0.2000E+01
 -41.048  0.0000E+00  0.2000E+01
 -41.038  0.0000E+00  0.2000E+01
 -41.028  0.0000E+00  0.2000E+01
 -41.018  0.0000E+00  0.2000E+01
 -41.008  0.0000E+00  0.2000E+01
 -40.998  0.0000E+00  0.2000E+01
 -40.988  0.0000E+00  0.2000E+01
 -40.978  0.0000E+00  0.2000E+01
 -40.968  0.0000E+00  0.2000E+01
 -40.958  0.0000E+00  0.2000E+01
 -40.948  0.0000E+00  0.2000E+01
 -40.938  0.0000E+00  0.2000E+01
 -40.928  0.0000E+00  0.2000E+01
 -40.918  0.0000E+00  0.2000E+01
 -40.908  0.0000E+00  0.2000E+01
 -40.898  0.0000E+00  0.2000E+01
 -40.888  0.0000E+00  0.2000E+01
 -40.878  0.0000E+00  0.2000E+01
 -40.868  0.0000E+00  0.2000E+01
 -40.858  0.0000E+00  0.2000E+01
 -40.848  0.0000E+00  0.2000E+01
 -40.838  0.0000E+00  0.2000E+01
 -40.828  0.0000E+00  0.2000E+01
 -40.818  0.0000E+00  0.2000E+01
 -40.808  0.0000E+00  0.2000E+01
 -40.798  0.0000E+00  0.2000E+01
 -40.788  0.0000E+00  0.2000E+01
 -40.778  0.0000E+00  0.2000E+01
 -40.768  0.0000E+00  0.2000E+01
 -40.758  0.0000E+00  0.2000E+01
 -40.748  0.0000E+00  0.2000E+01
 -40.738  0.0000E+00  0.2000E+01
 -40.728  0.0000E+00  0.2000E+01
 -40.718  0.0000E+00  0.2000E+01
 -40.708  0.0000E+00  0.2000E+01
 -40.698  0.0000E+00  0.2000E+01
 -40.688  0.0000E+00  0.2000E+01
 -40.678  0.0000E+00  0.2000E+01
 -40.668  0.0000E+00  0.2000E+01
 -40.658  0.0000E+00  0.2000E+01
 -40.648  0.0000E+00  0.2000E+01
 -40.638  0.0000E+00  0.2000E+01
 -40.628  0.0000E+00  0.2000E+01
 -40.618  0.0000E+00  0.2000E+01
 -40.608  0.0000E+00  0.2000E+01
 -40.598  0.0000E+00  0.2000E+01
 -40.588  0.0000E+00  0.2000E+01
 -40.578  0.0000E+00  0.2000E+01
 -40.568  0.0000E+00  0.2000E+01
 -40.558  0.0000E+00  0.2000E+01
 -40.548  0.0000E+00  0.2000E+01
 -40.538  0.0000E+00  0.2000E+01
 -40.528  0.0000E+00  0.2000E+01
 -40.518  0.0000E+00  0.2000E+01
 -40.508  0.0000E+00  0.2000E+01
 -40.498  0.0000E+00  0.2000E+01
 -40.488  0.0000E+00  0.2000E+01
 -40.478  0.0000E+00  0.2000E+01
 -40.468  0.0000E+00  0.2000E+01
 -40.458  0.0000E+00  0.2000E+01
 -40.448  0.0000E+00  0.2000E+01
 -40.438  0.0000E+00  0.2000E+01
 -40.428  0.0000E+00  0.2000E+01
 -40.418  0.0000E+00  0.2000E+01
 -40.408  0.0000E+00  0.2000E+01
 -40.398  0.0000E+00  0.2000E+01
 -40.388  0.0000E+00  0.2000E+01
 -40.378  0.0000E+00  0.2000E+01
 -40.368  0.0000E+00  0.2000E+01
 -40.358  0.0000E+00  0.2000E+01
 -40.348  0.0000E+00  0.2000E+01
 -40.338  0.0000E+00  0.2000E+01
 -40.328  0.0000E+00  0.2000E+01
 -40.318  0.0000E+00  0.2000E+01
 -40.308  0.0000E+00  0.2000E+01
 -40.298  0.0000E+00  0.2000E+01
 -40.288  0.0000E+00  0.2000E+01
 -40.278  0.0000E+00  0.2000E+01
 -40.268  0.0000E+00  0.2000E+01
 -40.258  0.0000E+00  0.2000E+01
 -40.248  0.0000E+00  0.2000E+01
 -40.238  0.0000E+00  0.2000E+01
 -40.228  0.0000E+00  0.2000E+01
 -40.218  0.0000E+00  0.2000E+01
 -40.208  0.0000E+00  0.2000E+01
 -40.198  0.0000E+00  0.2000E+01
 -40.188  0.0000E+00  0.2000E+01
 -40.178  0.0000E+00  0.2000E+01
 -40.168  0.0000E+00  0.2000E+01
 -40.158  0.0000E+00  0.2000E+01
 -40.148  0.0000E+00  0.2000E+01
 -40.138  0.0000E+00  0.2000E+01
 -40.128  0.0000E+00  0.2000E+01
 -40.118  0.0000E+00  0.2000E+01
 -40.108  0.0000E+00  0.2000E+01
 -40.098  0.0000E+00  0.2000E+01
 -40.088  0.0000E+00  0.2000E+01
 -40.078  0.0000E+00  0.2000E+01
 -40.068  0.0000E+00  0.2000E+01
 -40.058  0.0000E+00  0.2000E+01
 -40.048  0.0000E+00  0.2000E+01
 -40.038  0.0000E+00  0.2000E+01
 -40.028  0.0000E+00  0.2000E+01
 -40.018  0.0000E+00  0.2000E+01
 -40.008  0.0000E+00  0.2000E+01
 -39.998  0.0000E+00  0.2000E+01
 -39.988  0.0000E+00  0.2000E+01
 -39.978  0.0000E+00  0.2000E+01
 -39.968  0.0000E+00  0.2000E+01
 -39.958  0.0000E+00  0.2000E+01
 -39.948  0.0000E+00  0.2000E+01
 -39.938  0.0000E+00  0.2000E+01
 -39.928  0.0000E+00  0.2000E+01
 -39.918  0.0000E+00  0.2000E+01
 -39.908  0.0000E+00  0.2000E+01
 -39.898  0.0000E+00  0.2000E+01
 -39.888  0.0000E+00  0.2000E+01
 -39.878  0.0000E+00  0.2000E+01
 -39.868  0.0000E+00  0.2000E+01
 -39.858  0.0000E+00  0.2000E+01
 -39.848  0.0000E+00  0.2000E+01
 -39.838  0.0000E+00  0.2000E+01
 -39.828  0.0000E+00  0.2000E+01
 -39.818  0.0000E+00  0.2000E+01
 -39.808  0.0000E+00  0.2000E+01
 -39.798  0.0000E+00  0.2000E+01
 -39.788  0.0000E+00  0.2000E+01
 -39.778  0.0000E+00  0.2000E+01
 -39.768  0.0000E+00  0.2000E+01
 -39.758  0.0000E+00  0.2000E+01
 -39.748  0.0000E+00  0.2000E+01
 -39.738  0.0000E+00  0.2000E+01
 -39.728  0.0000E+00  0.2000E+01
 -39.718  0.0000E+00  0.2000E+01
 -39.708  0.0000E+00  0.2000E+01
 -39.698  0.0000E+00  0.2000E+01
 -39.688  0.0000E+00  0.2000E+01
 -39.678  0.0000E+00  0.2000E+01
 -39.668  0.0000E+00  0.2000E+01
 -39.658  0.0000E+00  0.2000E+01
 -39.648  0.0000E+00  0.2000E+01
 -39.638  0.0000E+00  0.2000E+01
 -39.628  0.0000E+00  0.2000E+01
 -39.618  0.0000E+00  0.2000E+01
 -39.608  0.0000E+00  0.2000E+01
 -39.598  0.0000E+00  0.2000E+01
 -39.588  0.0000E+00  0.2000E+01
 -39.578  0.0000E+00  0.2000E+01
 -39.568  0.0000E+00  0.2000E+01
 -39.558  0.0000E+00  0.2000E+01
 -39.548  0.0000E+00  0.2000E+01
 -39.538  0.0000E+00  0.2000E+01
 -39.528  0.0000E+00  0.2000E+01
 -39.518  0.0000E+00  0.2000E+01
 -39.508  0.0000E+00  0.2000E+01
 -39.498  0.0000E+00  0.2000E+01
 -39.488  0.0000E+00  0.2000E+01
 -39.478  0.0000E+00  0.2000E+01
 -39.468  0.0000E+00  0.2000E+01
 -39.458  0.0000E+00  0.2000E+01
 -39.448  0.0000E+00  0.2000E+01
 -39.438  0.0000E+00  0.2000E+01
 -39.428  0.0000E+00  0.2000E+01
 -39.418  0.0000E+00  0.2000E+01
 -39.408  0.0000E+00  0.2000E+01
 -39.398  0.0000E+00  0.2000E+01
 -39.388  0.0000E+00  0.2000E+01
 -39.378  0.0000E+00  0.2000E+01
 -39.368  0.0000E+00  0.2000E+01
 -39.358  0.0000E+00  0.2000E+01
 -39.348  0.0000E+00  0.2000E+01
 -39.338  0.0000E+00  0.2000E+01
 -39.328  0.0000E+00  0.2000E+01
 -39.318  0.0000E+00  0.2000E+01
 -39.308  0.0000E+00  0.2000E+01
 -39.298  0.0000E+00  0.2000E+01
 -39.288  0.0000E+00  0.2000E+01
 -39.278  0.0000E+00  0.2000E+01
 -39.268  0.0000E+00  0.2000E+01
 -39.258  0.0000E+00  0.2000E+01
 -39.248  0.0000E+00  0.2000E+01
 -39.238  0.0000E+00  0.2000E+01
 -39.228  0.0000E+00  0.2000E+01
 -39.218  0.0000E+00  0.2000E+01
 -39.208  0.0000E+00  0.2000E+01
 -39.198  0.0000E+00  0.2000E+01
 -39.188  0.0000E+00  0.2000E+01
 -39.178  0.0000E+00  0.2000E+01
 -39.168  0.0000E+00  0.2000E+01
 -39.158  0.0000E+00  0.2000E+01
 -39.148  0.0000E+00  0.2000E+01
 -39.138  0.0000E+00  0.2000E+01
 -39.128  0.0000E+00  0.2000E+01
 -39.118  0.0000E+00  0.2000E+01
 -39.108  0.0000E+00  0.2000E+01
 -39.098  0.0000E+00  0.2000E+01
 -39.088  0.0000E+00  0.2000E+01
 -39.078  0.0000E+00  0.2000E+01
 -39.068  0.0000E+00  0.2000E+01
 -39.058  0.0000E+00  0.2000E+01
 -39.048  0.0000E+00  0.2000E+01
 -39.038  0.0000E+00  0.2000E+01
 -39.028  0.0000E+00  0.2000E+01
 -39.018  0.0000E+00  0.2000E+01
 -39.008  0.0000E+00  0.2000E+01
 -38.998  0.0000E+00  0.2000E+01
 -38.988  0.0000E+00  0.2000E+01
 -38.978  0.0000E+00  0.2000E+01
 -38.968  0.0000E+00  0.2000E+01
 -38.958  0.0000E+00  0.2000E+01
 -38.948  0.0000E+00  0.2000E+01
 -38.938  0.0000E+00  0.2000E+01
 -38.928  0.0000E+00  0.2000E+01
 -38.918  0.0000E+00  0.2000E+01
 -38.908  0.0000E+00  0.2000E+01
 -38.898  0.0000E+00  0.2000E+01
 -38.888  0.0000E+00  0.2000E+01
 -38.878  0.0000E+00  0.2000E+01
 -38.868  0.0000E+00  0.2000E+01
 -38.858  0.0000E+00  0.2000E+01
 -38.848  0.0000E+00  0.2000E+01
 -38.838  0.0000E+00  0.2000E+01
 -38.828  0.0000E+00  0.2000E+01
 -38.818  0.0000E+00  0.2000E+01
 -38.808  0.0000E+00  0.2000E+01
 -38.798  0.0000E+00  0.2000E+01
 -38.788  0.0000E+00  0.2000E+01
 -38.778  0.0000E+00  0.2000E+01
 -38.768  0.0000E+00  0.2000E+01
 -38.758  0.0000E+00  0.2000E+01
 -38.748  0.0000E+00  0.2000E+01
 -38.738  0.0000E+00  0.2000E+01
 -38.728  0.0000E+00  0.2000E+01
 -38.718  0.0000E+00  0.2000E+01
 -38.708  0.0000E+00  0.2000E+01
 -38.698  0.0000E+00  0.2000E+01
 -38.688  0.0000E+00  0.2000E+01
 -38.678  0.0000E+00  0.2000E+01
 -38.668  0.0000E+00  0.2000E+01
 -38.658  0.0000E+00  0.2000E+01
 -38.648  0.0000E+00  0.2000E+01
 -38.638  0.0000E+00  0.2000E+01
 -38.628  0.0000E+00  0.2000E+01
 -38.618  0.0000E+00  0.2000E+01
 -38.608  0.0000E+00  0.2000E+01
 -38.598  0.0000E+00  0.2000E+01
 -38.588  0.0000E+00  0.2000E+01
 -38.578  0.0000E+00  0.2000E+01
 -38.568  0.0000E+00  0.2000E+01
 -38.558  0.0000E+00  0.2000E+01
 -38.548  0.0000E+00  0.2000E+01
 -38.538  0.0000E+00  0.2000E+01
 -38.528  0.0000E+00  0.2000E+01
 -38.518  0.0000E+00  0.2000E+01
 -38.508  0.0000E+00  0.2000E+01
 -38.498  0.0000E+00  0.2000E+01
 -38.488  0.0000E+00  0.2000E+01
 -38.478  0.0000E+00  0.2000E+01
 -38.468  0.0000E+00  0.2000E+01
 -38.458  0.0000E+00  0.2000E+01
 -38.448  0.0000E+00  0.2000E+01
 -38.438  0.0000E+00  0.2000E+01
 -38.428  0.0000E+00  0.2000E+01
 -38.418  0.0000E+00  0.2000E+01
 -38.408  0.0000E+00  0.2000E+01
 -38.398  0.0000E+00  0.2000E+01
 -38.388  0.0000E+00  0.2000E+01
 -38.378  0.0000E+00  0.2000E+01
 -38.368  0.0000E+00  0.2000E+01
 -38.358  0.0000E+00  0.2000E+01
 -38.348  0.0000E+00  0.2000E+01
 -38.338  0.0000E+00  0.2000E+01
 -38.328  0.0000E+00  0.2000E+01
 -38.318  0.0000E+00  0.2000E+01
 -38.308  0.0000E+00  0.2000E+01
 -38.298  0.0000E+00  0.2000E+01
 -38.288  0.0000E+00  0.2000E+01
 -38.278  0.0000E+00  0.2000E+01
 -38.268  0.0000E+00  0.2000E+01
 -38.258  0.0000E+00  0.2000E+01
 -38.248  0.0000E+00  0.2000E+01
 -38.238  0.0000E+00  0.2000E+01
 -38.228  0.0000E+00  0.2000E+01
 -38.218  0.0000E+00  0.2000E+01
 -38.208  0.0000E+00  0.2000E+01
 -38.198  0.0000E+00  0.2000E+01
 -38.188  0.0000E+00  0.2000E+01
 -38.178  0.0000E+00  0.2000E+01
 -38.168  0.0000E+00  0.2000E+01
 -38.158  0.0000E+00  0.2000E+01
 -38.148  0.0000E+00  0.2000E+01
 -38.138  0.0000E+00  0.2000E+01
 -38.128  0.0000E+00  0.2000E+01
 -38.118  0.0000E+00  0.2000E+01
 -38.108  0.0000E+00  0.2000E+01
 -38.098  0.0000E+00  0.2000E+01
 -38.088  0.0000E+00  0.2000E+01
 -38.078  0.0000E+00  0.2000E+01
 -38.068  0.0000E+00  0.2000E+01
 -38.058  0.0000E+00  0.2000E+01
 -38.048  0.0000E+00  0.2000E+01
 -38.038  0.0000E+00  0.2000E+01
 -38.028  0.0000E+00  0.2000E+01
 -38.018  0.0000E+00  0.2000E+01
 -38.008  0.0000E+00  0.2000E+01
 -37.998  0.0000E+00  0.2000E+01
 -37.988  0.0000E+00  0.2000E+01
 -37.978  0.0000E+00  0.2000E+01
 -37.968  0.0000E+00  0.2000E+01
 -37.958  0.0000E+00  0.2000E+01
 -37.948  0.0000E+00  0.2000E+01
 -37.938  0.0000E+00  0.2000E+01
 -37.928  0.0000E+00  0.2000E+01
 -37.918  0.0000E+00  0.2000E+01
 -37.908  0.0000E+00  0.2000E+01
 -37.898  0.0000E+00  0.2000E+01
 -37.888  0.0000E+00  0.2000E+01
 -37.878  0.0000E+00  0.2000E+01
 -37.868  0.0000E+00  0.2000E+01
 -37.858  0.0000E+00  0.2000E+01
 -37.848  0.0000E+00  0.2000E+01
 -37.838  0.0000E+00  0.2000E+01
 -37.828  0.0000E+00  0.2000E+01
 -37.818  0.0000E+00  0.2000E+01
 -37.808  0.0000E+00  0.2000E+01
 -37.798  0.0000E+00  0.2000E+01
 -37.788  0.0000E+00  0.2000E+01
 -37.778  0.0000E+00  0.2000E+01
 -37.768  0.0000E+00  0.2000E+01
 -37.758  0.0000E+00  0.2000E+01
 -37.748  0.0000E+00  0.2000E+01
 -37.738  0.0000E+00  0.2000E+01
 -37.728  0.0000E+00  0.2000E+01
 -37.718  0.0000E+00  0.2000E+01
 -37.708  0.0000E+00  0.2000E+01
 -37.698  0.0000E+00  0.2000E+01
 -37.688  0.0000E+00  0.2000E+01
 -37.678  0.0000E+00  0.2000E+01
 -37.668  0.0000E+00  0.2000E+01
 -37.658  0.0000E+00  0.2000E+01
 -37.648  0.0000E+00  0.2000E+01
 -37.638  0.0000E+00  0.2000E+01
 -37.628  0.0000E+00  0.2000E+01
 -37.618  0.0000E+00  0.2000E+01
 -37.608  0.0000E+00  0.2000E+01
 -37.598  0.0000E+00  0.2000E+01
 -37.588  0.0000E+00  0.2000E+01
 -37.578  0.0000E+00  0.2000E+01
 -37.568  0.0000E+00  0.2000E+01
 -37.558  0.0000E+00  0.2000E+01
 -37.548  0.0000E+00  0.2000E+01
 -37.538  0.0000E+00  0.2000E+01
 -37.528  0.0000E+00  0.2000E+01
 -37.518  0.0000E+00  0.2000E+01
 -37.508  0.0000E+00  0.2000E+01
 -37.498  0.0000E+00  0.2000E+01
 -37.488  0.0000E+00  0.2000E+01
 -37.478  0.0000E+00  0.2000E+01
 -37.468  0.0000E+00  0.2000E+01
 -37.458  0.0000E+00  0.2000E+01
 -37.448  0.0000E+00  0.2000E+01
 -37.438  0.0000E+00  0.2000E+01
 -37.428  0.0000E+00  0.2000E+01
 -37.418  0.0000E+00  0.2000E+01
 -37.408  0.0000E+00  0.2000E+01
 -37.398  0.0000E+00  0.2000E+01
 -37.388  0.0000E+00  0.2000E+01
 -37.378  0.0000E+00  0.2000E+01
 -37.368  0.0000E+00  0.2000E+01
 -37.358  0.0000E+00  0.2000E+01
 -37.348  0.0000E+00  0.2000E+01
 -37.338  0.0000E+00  0.2000E+01
 -37.328  0.0000E+00  0.2000E+01
 -37.318  0.0000E+00  0.2000E+01
 -37.308  0.0000E+00  0.2000E+01
 -37.298  0.0000E+00  0.2000E+01
 -37.288  0.0000E+00  0.2000E+01
 -37.278  0.0000E+00  0.2000E+01
 -37.268  0.0000E+00  0.2000E+01
 -37.258  0.0000E+00  0.2000E+01
 -37.248  0.0000E+00  0.2000E+01
 -37.238  0.0000E+00  0.2000E+01
 -37.228  0.0000E+00  0.2000E+01
 -37.218  0.0000E+00  0.2000E+01
 -37.208  0.0000E+00  0.2000E+01
 -37.198  0.0000E+00  0.2000E+01
 -37.188  0.0000E+00  0.2000E+01
 -37.178  0.0000E+00  0.2000E+01
 -37.168  0.0000E+00  0.2000E+01
 -37.158  0.0000E+00  0.2000E+01
 -37.148  0.0000E+00  0.2000E+01
 -37.138  0.0000E+00  0.2000E+01
 -37.128  0.0000E+00  0.2000E+01
 -37.118  0.0000E+00  0.2000E+01
 -37.108  0.0000E+00  0.2000E+01
 -37.098  0.0000E+00  0.2000E+01
 -37.088  0.0000E+00  0.2000E+01
 -37.078  0.0000E+00  0.2000E+01
 -37.068  0.0000E+00  0.2000E+01
 -37.058  0.0000E+00  0.2000E+01
 -37.048  0.0000E+00  0.2000E+01
 -37.038  0.0000E+00  0.2000E+01
 -37.028  0.0000E+00  0.2000E+01
 -37.018  0.0000E+00  0.2000E+01
 -37.008  0.0000E+00  0.2000E+01
 -36.998  0.0000E+00  0.2000E+01
 -36.988  0.0000E+00  0.2000E+01
 -36.978  0.0000E+00  0.2000E+01
 -36.968  0.0000E+00  0.2000E+01
 -36.958  0.0000E+00  0.2000E+01
 -36.948  0.0000E+00  0.2000E+01
 -36.938  0.0000E+00  0.2000E+01
 -36.928  0.0000E+00  0.2000E+01
 -36.918  0.0000E+00  0.2000E+01
 -36.908  0.0000E+00  0.2000E+01
 -36.898  0.0000E+00  0.2000E+01
 -36.888  0.0000E+00  0.2000E+01
 -36.878  0.0000E+00  0.2000E+01
 -36.868  0.0000E+00  0.2000E+01
 -36.858  0.0000E+00  0.2000E+01
 -36.848  0.0000E+00  0.2000E+01
 -36.838  0.0000E+00  0.2000E+01
 -36.828  0.0000E+00  0.2000E+01
 -36.818  0.0000E+00  0.2000E+01
 -36.808  0.0000E+00  0.2000E+01
 -36.798  0.0000E+00  0.2000E+01
 -36.788  0.0000E+00  0.2000E+01
 -36.778  0.0000E+00  0.2000E+01
 -36.768  0.0000E+00  0.2000E+01
 -36.758  0.0000E+00  0.2000E+01
 -36.748  0.0000E+00  0.2000E+01
 -36.738  0.0000E+00  0.2000E+01
 -36.728  0.0000E+00  0.2000E+01
 -36.718  0.0000E+00  0.2000E+01
 -36.708  0.0000E+00  0.2000E+01
 -36.698  0.0000E+00  0.2000E+01
 -36.688  0.0000E+00  0.2000E+01
 -36.678  0.0000E+00  0.2000E+01
 -36.668  0.0000E+00  0.2000E+01
 -36.658  0.0000E+00  0.2000E+01
 -36.648  0.0000E+00  0.2000E+01
 -36.638  0.0000E+00  0.2000E+01
 -36.628  0.0000E+00  0.2000E+01
 -36.618  0.0000E+00  0.2000E+01
 -36.608  0.0000E+00  0.2000E+01
 -36.598  0.0000E+00  0.2000E+01
 -36.588  0.0000E+00  0.2000E+01
 -36.578  0.0000E+00  0.2000E+01
 -36.568  0.0000E+00  0.2000E+01
 -36.558  0.0000E+00  0.2000E+01
 -36.548  0.0000E+00  0.2000E+01
 -36.538  0.0000E+00  0.2000E+01
 -36.528  0.0000E+00  0.2000E+01
 -36.518  0.0000E+00  0.2000E+01
 -36.508  0.0000E+00  0.2000E+01
 -36.498  0.0000E+00  0.2000E+01
 -36.488  0.0000E+00  0.2000E+01
 -36.478  0.0000E+00  0.2000E+01
 -36.468  0.0000E+00  0.2000E+01
 -36.458  0.0000E+00  0.2000E+01
 -36.448  0.0000E+00  0.2000E+01
 -36.438  0.0000E+00  0.2000E+01
 -36.428  0.0000E+00  0.2000E+01
 -36.418  0.0000E+00  0.2000E+01
 -36.408  0.0000E+00  0.2000E+01
 -36.398  0.0000E+00  0.2000E+01
 -36.388  0.0000E+00  0.2000E+01
 -36.378  0.0000E+00  0.2000E+01
 -36.368  0.0000E+00  0.2000E+01
 -36.358  0.0000E+00  0.2000E+01
 -36.348  0.0000E+00  0.2000E+01
 -36.338  0.0000E+00  0.2000E+01
 -36.328  0.0000E+00  0.2000E+01
 -36.318  0.0000E+00  0.2000E+01
 -36.308  0.0000E+00  0.2000E+01
 -36.298  0.0000E+00  0.2000E+01
 -36.288  0.0000E+00  0.2000E+01
 -36.278  0.0000E+00  0.2000E+01
 -36.268  0.0000E+00  0.2000E+01
 -36.258  0.0000E+00  0.2000E+01
 -36.248  0.0000E+00  0.2000E+01
 -36.238  0.0000E+00  0.2000E+01
 -36.228  0.0000E+00  0.2000E+01
 -36.218  0.0000E+00  0.2000E+01
 -36.208  0.0000E+00  0.2000E+01
 -36.198  0.0000E+00  0.2000E+01
 -36.188  0.0000E+00  0.2000E+01
 -36.178  0.0000E+00  0.2000E+01
 -36.168  0.0000E+00  0.2000E+01
 -36.158  0.0000E+00  0.2000E+01
 -36.148  0.0000E+00  0.2000E+01
 -36.138  0.0000E+00  0.2000E+01
 -36.128  0.0000E+00  0.2000E+01
 -36.118  0.0000E+00  0.2000E+01
 -36.108  0.0000E+00  0.2000E+01
 -36.098  0.0000E+00  0.2000E+01
 -36.088  0.0000E+00  0.2000E+01
 -36.078  0.0000E+00  0.2000E+01
 -36.068  0.0000E+00  0.2000E+01
 -36.058  0.0000E+00  0.2000E+01
 -36.048  0.0000E+00  0.2000E+01
 -36.038  0.0000E+00  0.2000E+01
 -36.028  0.0000E+00  0.2000E+01
 -36.018  0.0000E+00  0.2000E+01
 -36.008  0.0000E+00  0.2000E+01
 -35.998  0.0000E+00  0.2000E+01
 -35.988  0.0000E+00  0.2000E+01
 -35.978  0.0000E+00  0.2000E+01
 -35.968  0.0000E+00  0.2000E+01
 -35.958  0.0000E+00  0.2000E+01
 -35.948  0.0000E+00  0.2000E+01
 -35.938  0.0000E+00  0.2000E+01
 -35.928  0.0000E+00  0.2000E+01
 -35.918  0.0000E+00  0.2000E+01
 -35.908  0.0000E+00  0.2000E+01
 -35.898  0.0000E+00  0.2000E+01
 -35.888  0.0000E+00  0.2000E+01
 -35.878  0.0000E+00  0.2000E+01
 -35.868  0.0000E+00  0.2000E+01
 -35.858  0.0000E+00  0.2000E+01
 -35.848  0.0000E+00  0.2000E+01
 -35.838  0.0000E+00  0.2000E+01
 -35.828  0.0000E+00  0.2000E+01
 -35.818  0.0000E+00  0.2000E+01
 -35.808  0.0000E+00  0.2000E+01
 -35.798  0.0000E+00  0.2000E+01
 -35.788  0.0000E+00  0.2000E+01
 -35.778  0.0000E+00  0.2000E+01
 -35.768  0.0000E+00  0.2000E+01
 -35.758  0.0000E+00  0.2000E+01
 -35.748  0.0000E+00  0.2000E+01
 -35.738  0.0000E+00  0.2000E+01
 -35.728  0.0000E+00  0.2000E+01
 -35.718  0.0000E+00  0.2000E+01
 -35.708  0.0000E+00  0.2000E+01
 -35.698  0.0000E+00  0.2000E+01
 -35.688  0.0000E+00  0.2000E+01
 -35.678  0.0000E+00  0.2000E+01
 -35.668  0.0000E+00  0.2000E+01
 -35.658  0.0000E+00  0.2000E+01
 -35.648  0.0000E+00  0.2000E+01
 -35.638  0.0000E+00  0.2000E+01
 -35.628  0.0000E+00  0.2000E+01
 -35.618  0.0000E+00  0.2000E+01
 -35.608  0.0000E+00  0.2000E+01
 -35.598  0.0000E+00  0.2000E+01
 -35.588  0.0000E+00  0.2000E+01
 -35.578  0.0000E+00  0.2000E+01
 -35.568  0.0000E+00  0.2000E+01
 -35.558  0.0000E+00  0.2000E+01
 -35.548  0.0000E+00  0.2000E+01
 -35.538  0.0000E+00  0.2000E+01
 -35.528  0.0000E+00  0.2000E+01
 -35.518  0.0000E+00  0.2000E+01
 -35.508  0.0000E+00  0.2000E+01
 -35.498  0.0000E+00  0.2000E+01
 -35.488  0.0000E+00  0.2000E+01
 -35.478  0.0000E+00  0.2000E+01
 -35.468  0.0000E+00  0.2000E+01
 -35.458  0.0000E+00  0.2000E+01
 -35.448  0.0000E+00  0.2000E+01
 -35.438  0.0000E+00  0.2000E+01
 -35.428  0.0000E+00  0.2000E+01
 -35.418  0.0000E+00  0.2000E+01
 -35.408  0.0000E+00  0.2000E+01
 -35.398  0.0000E+00  0.2000E+01
 -35.388  0.0000E+00  0.2000E+01
 -35.378  0.0000E+00  0.2000E+01
 -35.368  0.0000E+00  0.2000E+01
 -35.358  0.0000E+00  0.2000E+01
 -35.348  0.0000E+00  0.2000E+01
 -35.338  0.0000E+00  0.2000E+01
 -35.328  0.0000E+00  0.2000E+01
 -35.318  0.0000E+00  0.2000E+01
 -35.308  0.0000E+00  0.2000E+01
 -35.298  0.0000E+00  0.2000E+01
 -35.288  0.0000E+00  0.2000E+01
 -35.278  0.0000E+00  0.2000E+01
 -35.268  0.0000E+00  0.2000E+01
 -35.258  0.0000E+00  0.2000E+01
 -35.248  0.0000E+00  0.2000E+01
 -35.238  0.0000E+00  0.2000E+01
 -35.228  0.0000E+00  0.2000E+01
 -35.218  0.0000E+00  0.2000E+01
 -35.208  0.0000E+00  0.2000E+01
 -35.198  0.0000E+00  0.2000E+01
 -35.188  0.0000E+00  0.2000E+01
 -35.178  0.0000E+00  0.2000E+01
 -35.168  0.0000E+00  0.2000E+01
 -35.158  0.0000E+00  0.2000E+01
 -35.148  0.0000E+00  0.2000E+01
 -35.138  0.0000E+00  0.2000E+01
 -35.128  0.0000E+00  0.2000E+01
 -35.118  0.0000E+00  0.2000E+01
 -35.108  0.0000E+00  0.2000E+01
 -35.098  0.0000E+00  0.2000E+01
 -35.088  0.0000E+00  0.2000E+01
 -35.078  0.0000E+00  0.2000E+01
 -35.068  0.0000E+00  0.2000E+01
 -35.058  0.0000E+00  0.2000E+01
 -35.048  0.0000E+00  0.2000E+01
 -35.038  0.0000E+00  0.2000E+01
 -35.028  0.0000E+00  0.2000E+01
 -35.018  0.0000E+00  0.2000E+01
 -35.008  0.0000E+00  0.2000E+01
 -34.998  0.0000E+00  0.2000E+01
 -34.988  0.0000E+00  0.2000E+01
 -34.978  0.0000E+00  0.2000E+01
 -34.968  0.0000E+00  0.2000E+01
 -34.958  0.0000E+00  0.2000E+01
 -34.948  0.0000E+00  0.2000E+01
 -34.938  0.0000E+00  0.2000E+01
 -34.928  0.0000E+00  0.2000E+01
 -34.918  0.0000E+00  0.2000E+01
 -34.908  0.0000E+00  0.2000E+01
 -34.898  0.0000E+00  0.2000E+01
 -34.888  0.0000E+00  0.2000E+01
 -34.878  0.0000E+00  0.2000E+01
 -34.868  0.0000E+00  0.2000E+01
 -34.858  0.0000E+00  0.2000E+01
 -34.848  0.0000E+00  0.2000E+01
 -34.838  0.0000E+00  0.2000E+01
 -34.828  0.0000E+00  0.2000E+01
 -34.818  0.0000E+00  0.2000E+01
 -34.808  0.0000E+00  0.2000E+01
 -34.798  0.0000E+00  0.2000E+01
 -34.788  0.0000E+00  0.2000E+01
 -34.778  0.0000E+00  0.2000E+01
 -34.768  0.0000E+00  0.2000E+01
 -34.758  0.0000E+00  0.2000E+01
 -34.748  0.0000E+00  0.2000E+01
 -34.738  0.0000E+00  0.2000E+01
 -34.728  0.0000E+00  0.2000E+01
 -34.718  0.0000E+00  0.2000E+01
 -34.708  0.0000E+00  0.2000E+01
 -34.698  0.0000E+00  0.2000E+01
 -34.688  0.0000E+00  0.2000E+01
 -34.678  0.0000E+00  0.2000E+01
 -34.668  0.0000E+00  0.2000E+01
 -34.658  0.0000E+00  0.2000E+01
 -34.648  0.0000E+00  0.2000E+01
 -34.638  0.0000E+00  0.2000E+01
 -34.628  0.0000E+00  0.2000E+01
 -34.618  0.0000E+00  0.2000E+01
 -34.608  0.0000E+00  0.2000E+01
 -34.598  0.0000E+00  0.2000E+01
 -34.588  0.0000E+00  0.2000E+01
 -34.578  0.0000E+00  0.2000E+01
 -34.568  0.0000E+00  0.2000E+01
 -34.558  0.0000E+00  0.2000E+01
 -34.548  0.0000E+00  0.2000E+01
 -34.538  0.0000E+00  0.2000E+01
 -34.528  0.0000E+00  0.2000E+01
 -34.518  0.0000E+00  0.2000E+01
 -34.508  0.0000E+00  0.2000E+01
 -34.498  0.0000E+00  0.2000E+01
 -34.488  0.0000E+00  0.2000E+01
 -34.478  0.0000E+00  0.2000E+01
 -34.468  0.0000E+00  0.2000E+01
 -34.458  0.0000E+00  0.2000E+01
 -34.448  0.0000E+00  0.2000E+01
 -34.438  0.0000E+00  0.2000E+01
 -34.428  0.0000E+00  0.2000E+01
 -34.418  0.0000E+00  0.2000E+01
 -34.408  0.0000E+00  0.2000E+01
 -34.398  0.0000E+00  0.2000E+01
 -34.388  0.0000E+00  0.2000E+01
 -34.378  0.0000E+00  0.2000E+01
 -34.368  0.0000E+00  0.2000E+01
 -34.358  0.0000E+00  0.2000E+01
 -34.348  0.0000E+00  0.2000E+01
 -34.338  0.0000E+00  0.2000E+01
 -34.328  0.0000E+00  0.2000E+01
 -34.318  0.0000E+00  0.2000E+01
 -34.308  0.0000E+00  0.2000E+01
 -34.298  0.0000E+00  0.2000E+01
 -34.288  0.0000E+00  0.2000E+01
 -34.278  0.0000E+00  0.2000E+01
 -34.268  0.0000E+00  0.2000E+01
 -34.258  0.0000E+00  0.2000E+01
 -34.248  0.0000E+00  0.2000E+01
 -34.238  0.0000E+00  0.2000E+01
 -34.228  0.0000E+00  0.2000E+01
 -34.218  0.0000E+00  0.2000E+01
 -34.208  0.0000E+00  0.2000E+01
 -34.198  0.0000E+00  0.2000E+01
 -34.188  0.0000E+00  0.2000E+01
 -34.178  0.0000E+00  0.2000E+01
 -34.168  0.0000E+00  0.2000E+01
 -34.158  0.0000E+00  0.2000E+01
 -34.148  0.0000E+00  0.2000E+01
 -34.138  0.0000E+00  0.2000E+01
 -34.128  0.0000E+00  0.2000E+01
 -34.118  0.0000E+00  0.2000E+01
 -34.108  0.0000E+00  0.2000E+01
 -34.098  0.0000E+00  0.2000E+01
 -34.088  0.0000E+00  0.2000E+01
 -34.078  0.0000E+00  0.2000E+01
 -34.068  0.0000E+00  0.2000E+01
 -34.058  0.0000E+00  0.2000E+01
 -34.048  0.0000E+00  0.2000E+01
 -34.038  0.0000E+00  0.2000E+01
 -34.028  0.0000E+00  0.2000E+01
 -34.018  0.0000E+00  0.2000E+01
 -34.008  0.0000E+00  0.2000E+01
 -33.998  0.0000E+00  0.2000E+01
 -33.988  0.0000E+00  0.2000E+01
 -33.978  0.0000E+00  0.2000E+01
 -33.968  0.0000E+00  0.2000E+01
 -33.958  0.0000E+00  0.2000E+01
 -33.948  0.0000E+00  0.2000E+01
 -33.938  0.0000E+00  0.2000E+01
 -33.928  0.0000E+00  0.2000E+01
 -33.918  0.0000E+00  0.2000E+01
 -33.908  0.0000E+00  0.2000E+01
 -33.898  0.0000E+00  0.2000E+01
 -33.888  0.0000E+00  0.2000E+01
 -33.878  0.0000E+00  0.2000E+01
 -33.868  0.0000E+00  0.2000E+01
 -33.858  0.0000E+00  0.2000E+01
 -33.848  0.0000E+00  0.2000E+01
 -33.838  0.0000E+00  0.2000E+01
 -33.828  0.0000E+00  0.2000E+01
 -33.818  0.0000E+00  0.2000E+01
 -33.808  0.0000E+00  0.2000E+01
 -33.798  0.0000E+00  0.2000E+01
 -33.788  0.0000E+00  0.2000E+01
 -33.778  0.0000E+00  0.2000E+01
 -33.768  0.0000E+00  0.2000E+01
 -33.758  0.0000E+00  0.2000E+01
 -33.748  0.0000E+00  0.2000E+01
 -33.738  0.0000E+00  0.2000E+01
 -33.728  0.0000E+00  0.2000E+01
 -33.718  0.0000E+00  0.2000E+01
 -33.708  0.0000E+00  0.2000E+01
 -33.698  0.0000E+00  0.2000E+01
 -33.688  0.0000E+00  0.2000E+01
 -33.678  0.0000E+00  0.2000E+01
 -33.668  0.0000E+00  0.2000E+01
 -33.658  0.0000E+00  0.2000E+01
 -33.648  0.0000E+00  0.2000E+01
 -33.638  0.0000E+00  0.2000E+01
 -33.628  0.0000E+00  0.2000E+01
 -33.618  0.0000E+00  0.2000E+01
 -33.608  0.0000E+00  0.2000E+01
 -33.598  0.0000E+00  0.2000E+01
 -33.588  0.0000E+00  0.2000E+01
 -33.578  0.0000E+00  0.2000E+01
 -33.568  0.0000E+00  0.2000E+01
 -33.558  0.0000E+00  0.2000E+01
 -33.548  0.0000E+00  0.2000E+01
 -33.538  0.0000E+00  0.2000E+01
 -33.528  0.0000E+00  0.2000E+01
 -33.518  0.0000E+00  0.2000E+01
 -33.508  0.0000E+00  0.2000E+01
 -33.498  0.0000E+00  0.2000E+01
 -33.488  0.0000E+00  0.2000E+01
 -33.478  0.0000E+00  0.2000E+01
 -33.468  0.0000E+00  0.2000E+01
 -33.458  0.0000E+00  0.2000E+01
 -33.448  0.0000E+00  0.2000E+01
 -33.438  0.0000E+00  0.2000E+01
 -33.428  0.0000E+00  0.2000E+01
 -33.418  0.0000E+00  0.2000E+01
 -33.408  0.0000E+00  0.2000E+01
 -33.398  0.0000E+00  0.2000E+01
 -33.388  0.0000E+00  0.2000E+01
 -33.378  0.0000E+00  0.2000E+01
 -33.368  0.0000E+00  0.2000E+01
 -33.358  0.0000E+00  0.2000E+01
 -33.348  0.0000E+00  0.2000E+01
 -33.338  0.0000E+00  0.2000E+01
 -33.328  0.0000E+00  0.2000E+01
 -33.318  0.0000E+00  0.2000E+01
 -33.308  0.0000E+00  0.2000E+01
 -33.298  0.0000E+00  0.2000E+01
 -33.288  0.0000E+00  0.2000E+01
 -33.278  0.0000E+00  0.2000E+01
 -33.268  0.0000E+00  0.2000E+01
 -33.258  0.0000E+00  0.2000E+01
 -33.248  0.0000E+00  0.2000E+01
 -33.238  0.0000E+00  0.2000E+01
 -33.228  0.0000E+00  0.2000E+01
 -33.218  0.0000E+00  0.2000E+01
 -33.208  0.0000E+00  0.2000E+01
 -33.198  0.0000E+00  0.2000E+01
 -33.188  0.0000E+00  0.2000E+01
 -33.178  0.0000E+00  0.2000E+01
 -33.168  0.0000E+00  0.2000E+01
 -33.158  0.0000E+00  0.2000E+01
 -33.148  0.0000E+00  0.2000E+01
 -33.138  0.0000E+00  0.2000E+01
 -33.128  0.0000E+00  0.2000E+01
 -33.118  0.0000E+00  0.2000E+01
 -33.108  0.0000E+00  0.2000E+01
 -33.098  0.0000E+00  0.2000E+01
 -33.088  0.0000E+00  0.2000E+01
 -33.078  0.0000E+00  0.2000E+01
 -33.068  0.0000E+00  0.2000E+01
 -33.058  0.0000E+00  0.2000E+01
 -33.048  0.0000E+00  0.2000E+01
 -33.038  0.0000E+00  0.2000E+01
 -33.028  0.0000E+00  0.2000E+01
 -33.018  0.0000E+00  0.2000E+01
 -33.008  0.0000E+00  0.2000E+01
 -32.998  0.0000E+00  0.2000E+01
 -32.988  0.0000E+00  0.2000E+01
 -32.978  0.0000E+00  0.2000E+01
 -32.968  0.0000E+00  0.2000E+01
 -32.958  0.0000E+00  0.2000E+01
 -32.948  0.0000E+00  0.2000E+01
 -32.938  0.0000E+00  0.2000E+01
 -32.928  0.0000E+00  0.2000E+01
 -32.918  0.0000E+00  0.2000E+01
 -32.908  0.0000E+00  0.2000E+01
 -32.898  0.0000E+00  0.2000E+01
 -32.888  0.0000E+00  0.2000E+01
 -32.878  0.0000E+00  0.2000E+01
 -32.868  0.0000E+00  0.2000E+01
 -32.858  0.0000E+00  0.2000E+01
 -32.848  0.0000E+00  0.2000E+01
 -32.838  0.0000E+00  0.2000E+01
 -32.828  0.0000E+00  0.2000E+01
 -32.818  0.0000E+00  0.2000E+01
 -32.808  0.0000E+00  0.2000E+01
 -32.798  0.0000E+00  0.2000E+01
 -32.788  0.0000E+00  0.2000E+01
 -32.778  0.0000E+00  0.2000E+01
 -32.768  0.0000E+00  0.2000E+01
 -32.758  0.0000E+00  0.2000E+01
 -32.748  0.0000E+00  0.2000E+01
 -32.738  0.0000E+00  0.2000E+01
 -32.728  0.0000E+00  0.2000E+01
 -32.718  0.0000E+00  0.2000E+01
 -32.708  0.0000E+00  0.2000E+01
 -32.698  0.0000E+00  0.2000E+01
 -32.688  0.0000E+00  0.2000E+01
 -32.678  0.0000E+00  0.2000E+01
 -32.668  0.0000E+00  0.2000E+01
 -32.658  0.0000E+00  0.2000E+01
 -32.648  0.0000E+00  0.2000E+01
 -32.638  0.0000E+00  0.2000E+01
 -32.628  0.0000E+00  0.2000E+01
 -32.618  0.0000E+00  0.2000E+01
 -32.608  0.0000E+00  0.2000E+01
 -32.598  0.0000E+00  0.2000E+01
 -32.588  0.0000E+00  0.2000E+01
 -32.578  0.0000E+00  0.2000E+01
 -32.568  0.0000E+00  0.2000E+01
 -32.558  0.0000E+00  0.2000E+01
 -32.548  0.0000E+00  0.2000E+01
 -32.538  0.0000E+00  0.2000E+01
 -32.528  0.0000E+00  0.2000E+01
 -32.518  0.0000E+00  0.2000E+01
 -32.508  0.0000E+00  0.2000E+01
 -32.498  0.0000E+00  0.2000E+01
 -32.488  0.0000E+00  0.2000E+01
 -32.478  0.0000E+00  0.2000E+01
 -32.468  0.0000E+00  0.2000E+01
 -32.458  0.0000E+00  0.2000E+01
 -32.448  0.0000E+00  0.2000E+01
 -32.438  0.0000E+00  0.2000E+01
 -32.428  0.0000E+00  0.2000E+01
 -32.418  0.0000E+00  0.2000E+01
 -32.408  0.0000E+00  0.2000E+01
 -32.398  0.0000E+00  0.2000E+01
 -32.388  0.0000E+00  0.2000E+01
 -32.378  0.0000E+00  0.2000E+01
 -32.368  0.0000E+00  0.2000E+01
 -32.358  0.0000E+00  0.2000E+01
 -32.348  0.0000E+00  0.2000E+01
 -32.338  0.0000E+00  0.2000E+01
 -32.328  0.0000E+00  0.2000E+01
 -32.318  0.0000E+00  0.2000E+01
 -32.308  0.0000E+00  0.2000E+01
 -32.298  0.0000E+00  0.2000E+01
 -32.288  0.0000E+00  0.2000E+01
 -32.278  0.0000E+00  0.2000E+01
 -32.268  0.0000E+00  0.2000E+01
 -32.258  0.0000E+00  0.2000E+01
 -32.248  0.0000E+00  0.2000E+01
 -32.238  0.0000E+00  0.2000E+01
 -32.228  0.0000E+00  0.2000E+01
 -32.218  0.0000E+00  0.2000E+01
 -32.208  0.0000E+00  0.2000E+01
 -32.198  0.0000E+00  0.2000E+01
 -32.188  0.0000E+00  0.2000E+01
 -32.178  0.0000E+00  0.2000E+01
 -32.168  0.0000E+00  0.2000E+01
 -32.158  0.0000E+00  0.2000E+01
 -32.148  0.0000E+00  0.2000E+01
 -32.138  0.0000E+00  0.2000E+01
 -32.128  0.0000E+00  0.2000E+01
 -32.118  0.0000E+00  0.2000E+01
 -32.108  0.0000E+00  0.2000E+01
 -32.098  0.0000E+00  0.2000E+01
 -32.088  0.0000E+00  0.2000E+01
 -32.078  0.0000E+00  0.2000E+01
 -32.068  0.0000E+00  0.2000E+01
 -32.058  0.0000E+00  0.2000E+01
 -32.048  0.0000E+00  0.2000E+01
 -32.038  0.0000E+00  0.2000E+01
 -32.028  0.0000E+00  0.2000E+01
 -32.018  0.0000E+00  0.2000E+01
 -32.008  0.0000E+00  0.2000E+01
 -31.998  0.0000E+00  0.2000E+01
 -31.988  0.0000E+00  0.2000E+01
 -31.978  0.0000E+00  0.2000E+01
 -31.968  0.0000E+00  0.2000E+01
 -31.958  0.0000E+00  0.2000E+01
 -31.948  0.0000E+00  0.2000E+01
 -31.938  0.0000E+00  0.2000E+01
 -31.928  0.0000E+00  0.2000E+01
 -31.918  0.0000E+00  0.2000E+01
 -31.908  0.0000E+00  0.2000E+01
 -31.898  0.0000E+00  0.2000E+01
 -31.888  0.0000E+00  0.2000E+01
 -31.878  0.0000E+00  0.2000E+01
 -31.868  0.0000E+00  0.2000E+01
 -31.858  0.0000E+00  0.2000E+01
 -31.848  0.0000E+00  0.2000E+01
 -31.838  0.0000E+00  0.2000E+01
 -31.828  0.0000E+00  0.2000E+01
 -31.818  0.0000E+00  0.2000E+01
 -31.808  0.0000E+00  0.2000E+01
 -31.798  0.0000E+00  0.2000E+01
 -31.788  0.0000E+00  0.2000E+01
 -31.778  0.0000E+00  0.2000E+01
 -31.768  0.0000E+00  0.2000E+01
 -31.758  0.0000E+00  0.2000E+01
 -31.748  0.0000E+00  0.2000E+01
 -31.738  0.0000E+00  0.2000E+01
 -31.728  0.0000E+00  0.2000E+01
 -31.718  0.0000E+00  0.2000E+01
 -31.708  0.0000E+00  0.2000E+01
 -31.698  0.0000E+00  0.2000E+01
 -31.688  0.0000E+00  0.2000E+01
 -31.678  0.0000E+00  0.2000E+01
 -31.668  0.0000E+00  0.2000E+01
 -31.658  0.0000E+00  0.2000E+01
 -31.648  0.0000E+00  0.2000E+01
 -31.638  0.0000E+00  0.2000E+01
 -31.628  0.0000E+00  0.2000E+01
 -31.618  0.0000E+00  0.2000E+01
 -31.608  0.0000E+00  0.2000E+01
 -31.598  0.0000E+00  0.2000E+01
 -31.588  0.0000E+00  0.2000E+01
 -31.578  0.0000E+00  0.2000E+01
 -31.568  0.0000E+00  0.2000E+01
 -31.558  0.0000E+00  0.2000E+01
 -31.548  0.0000E+00  0.2000E+01
 -31.538  0.0000E+00  0.2000E+01
 -31.528  0.0000E+00  0.2000E+01
 -31.518  0.0000E+00  0.2000E+01
 -31.508  0.0000E+00  0.2000E+01
 -31.498  0.0000E+00  0.2000E+01
 -31.488  0.0000E+00  0.2000E+01
 -31.478  0.0000E+00  0.2000E+01
 -31.468  0.0000E+00  0.2000E+01
 -31.458  0.0000E+00  0.2000E+01
 -31.448  0.0000E+00  0.2000E+01
 -31.438  0.0000E+00  0.2000E+01
 -31.428  0.0000E+00  0.2000E+01
 -31.418  0.0000E+00  0.2000E+01
 -31.408  0.0000E+00  0.2000E+01
 -31.398  0.0000E+00  0.2000E+01
 -31.388  0.0000E+00  0.2000E+01
 -31.378  0.0000E+00  0.2000E+01
 -31.368  0.0000E+00  0.2000E+01
 -31.358  0.0000E+00  0.2000E+01
 -31.348  0.0000E+00  0.2000E+01
 -31.338  0.0000E+00  0.2000E+01
 -31.328  0.0000E+00  0.2000E+01
 -31.318  0.0000E+00  0.2000E+01
 -31.308  0.0000E+00  0.2000E+01
 -31.298  0.0000E+00  0.2000E+01
 -31.288  0.0000E+00  0.2000E+01
 -31.278  0.0000E+00  0.2000E+01
 -31.268  0.0000E+00  0.2000E+01
 -31.258  0.0000E+00  0.2000E+01
 -31.248  0.0000E+00  0.2000E+01
 -31.238  0.0000E+00  0.2000E+01
 -31.228  0.0000E+00  0.2000E+01
 -31.218  0.0000E+00  0.2000E+01
 -31.208  0.0000E+00  0.2000E+01
 -31.198  0.0000E+00  0.2000E+01
 -31.188  0.0000E+00  0.2000E+01
 -31.178  0.0000E+00  0.2000E+01
 -31.168  0.0000E+00  0.2000E+01
 -31.158  0.0000E+00  0.2000E+01
 -31.148  0.0000E+00  0.2000E+01
 -31.138  0.0000E+00  0.2000E+01
 -31.128  0.0000E+00  0.2000E+01
 -31.118  0.0000E+00  0.2000E+01
 -31.108  0.0000E+00  0.2000E+01
 -31.098  0.0000E+00  0.2000E+01
 -31.088  0.0000E+00  0.2000E+01
 -31.078  0.0000E+00  0.2000E+01
 -31.068  0.0000E+00  0.2000E+01
 -31.058  0.0000E+00  0.2000E+01
 -31.048  0.0000E+00  0.2000E+01
 -31.038  0.0000E+00  0.2000E+01
 -31.028  0.0000E+00  0.2000E+01
 -31.018  0.0000E+00  0.2000E+01
 -31.008  0.0000E+00  0.2000E+01
 -30.998  0.0000E+00  0.2000E+01
 -30.988  0.0000E+00  0.2000E+01
 -30.978  0.0000E+00  0.2000E+01
 -30.968  0.0000E+00  0.2000E+01
 -30.958  0.0000E+00  0.2000E+01
 -30.948  0.0000E+00  0.2000E+01
 -30.938  0.0000E+00  0.2000E+01
 -30.928  0.0000E+00  0.2000E+01
 -30.918  0.0000E+00  0.2000E+01
 -30.908  0.0000E+00  0.2000E+01
 -30.898  0.0000E+00  0.2000E+01
 -30.888  0.0000E+00  0.2000E+01
 -30.878  0.0000E+00  0.2000E+01
 -30.868  0.0000E+00  0.2000E+01
 -30.858  0.0000E+00  0.2000E+01
 -30.848  0.0000E+00  0.2000E+01
 -30.838  0.0000E+00  0.2000E+01
 -30.828  0.0000E+00  0.2000E+01
 -30.818  0.0000E+00  0.2000E+01
 -30.808  0.0000E+00  0.2000E+01
 -30.798  0.0000E+00  0.2000E+01
 -30.788  0.0000E+00  0.2000E+01
 -30.778  0.0000E+00  0.2000E+01
 -30.768  0.0000E+00  0.2000E+01
 -30.758  0.0000E+00  0.2000E+01
 -30.748  0.0000E+00  0.2000E+01
 -30.738  0.0000E+00  0.2000E+01
 -30.728  0.0000E+00  0.2000E+01
 -30.718  0.0000E+00  0.2000E+01
 -30.708  0.0000E+00  0.2000E+01
 -30.698  0.0000E+00  0.2000E+01
 -30.688  0.0000E+00  0.2000E+01
 -30.678  0.0000E+00  0.2000E+01
 -30.668  0.0000E+00  0.2000E+01
 -30.658  0.0000E+00  0.2000E+01
 -30.648  0.0000E+00  0.2000E+01
 -30.638  0.0000E+00  0.2000E+01
 -30.628  0.0000E+00  0.2000E+01
 -30.618  0.0000E+00  0.2000E+01
 -30.608  0.0000E+00  0.2000E+01
 -30.598  0.0000E+00  0.2000E+01
 -30.588  0.0000E+00  0.2000E+01
 -30.578  0.0000E+00  0.2000E+01
 -30.568  0.0000E+00  0.2000E+01
 -30.558  0.0000E+00  0.2000E+01
 -30.548  0.0000E+00  0.2000E+01
 -30.538  0.0000E+00  0.2000E+01
 -30.528  0.0000E+00  0.2000E+01
 -30.518  0.0000E+00  0.2000E+01
 -30.508  0.0000E+00  0.2000E+01
 -30.498  0.0000E+00  0.2000E+01
 -30.488  0.0000E+00  0.2000E+01
 -30.478  0.0000E+00  0.2000E+01
 -30.468  0.0000E+00  0.2000E+01
 -30.458  0.0000E+00  0.2000E+01
 -30.448  0.0000E+00  0.2000E+01
 -30.438  0.0000E+00  0.2000E+01
 -30.428  0.0000E+00  0.2000E+01
 -30.418  0.0000E+00  0.2000E+01
 -30.408  0.0000E+00  0.2000E+01
 -30.398  0.0000E+00  0.2000E+01
 -30.388  0.0000E+00  0.2000E+01
 -30.378  0.0000E+00  0.2000E+01
 -30.368  0.0000E+00  0.2000E+01
 -30.358  0.0000E+00  0.2000E+01
 -30.348  0.0000E+00  0.2000E+01
 -30.338  0.0000E+00  0.2000E+01
 -30.328  0.0000E+00  0.2000E+01
 -30.318  0.0000E+00  0.2000E+01
 -30.308  0.0000E+00  0.2000E+01
 -30.298  0.0000E+00  0.2000E+01
 -30.288  0.0000E+00  0.2000E+01
 -30.278  0.0000E+00  0.2000E+01
 -30.268  0.0000E+00  0.2000E+01
 -30.258  0.0000E+00  0.2000E+01
 -30.248  0.0000E+00  0.2000E+01
 -30.238  0.0000E+00  0.2000E+01
 -30.228  0.0000E+00  0.2000E+01
 -30.218  0.0000E+00  0.2000E+01
 -30.208  0.0000E+00  0.2000E+01
 -30.198  0.0000E+00  0.2000E+01
 -30.188  0.0000E+00  0.2000E+01
 -30.178  0.0000E+00  0.2000E+01
 -30.168  0.0000E+00  0.2000E+01
 -30.158  0.0000E+00  0.2000E+01
 -30.148  0.0000E+00  0.2000E+01
 -30.138  0.0000E+00  0.2000E+01
 -30.128  0.0000E+00  0.2000E+01
 -30.118  0.0000E+00  0.2000E+01
 -30.108  0.0000E+00  0.2000E+01
 -30.098  0.0000E+00  0.2000E+01
 -30.088  0.0000E+00  0.2000E+01
 -30.078  0.0000E+00  0.2000E+01
 -30.068  0.0000E+00  0.2000E+01
 -30.058  0.0000E+00  0.2000E+01
 -30.048  0.0000E+00  0.2000E+01
 -30.038  0.0000E+00  0.2000E+01
 -30.028  0.0000E+00  0.2000E+01
 -30.018  0.0000E+00  0.2000E+01
 -30.008  0.0000E+00  0.2000E+01
 -29.998  0.0000E+00  0.2000E+01
 -29.988  0.0000E+00  0.2000E+01
 -29.978  0.0000E+00  0.2000E+01
 -29.968  0.0000E+00  0.2000E+01
 -29.958  0.0000E+00  0.2000E+01
 -29.948  0.0000E+00  0.2000E+01
 -29.938  0.0000E+00  0.2000E+01
 -29.928  0.0000E+00  0.2000E+01
 -29.918  0.0000E+00  0.2000E+01
 -29.908  0.0000E+00  0.2000E+01
 -29.898  0.0000E+00  0.2000E+01
 -29.888  0.0000E+00  0.2000E+01
 -29.878  0.0000E+00  0.2000E+01
 -29.868  0.0000E+00  0.2000E+01
 -29.858  0.0000E+00  0.2000E+01
 -29.848  0.0000E+00  0.2000E+01
 -29.838  0.0000E+00  0.2000E+01
 -29.828  0.0000E+00  0.2000E+01
 -29.818  0.0000E+00  0.2000E+01
 -29.808  0.0000E+00  0.2000E+01
 -29.798  0.0000E+00  0.2000E+01
 -29.788  0.0000E+00  0.2000E+01
 -29.778  0.0000E+00  0.2000E+01
 -29.768  0.0000E+00  0.2000E+01
 -29.758  0.0000E+00  0.2000E+01
 -29.748  0.0000E+00  0.2000E+01
 -29.738  0.0000E+00  0.2000E+01
 -29.728  0.0000E+00  0.2000E+01
 -29.718  0.0000E+00  0.2000E+01
 -29.708  0.0000E+00  0.2000E+01
 -29.698  0.0000E+00  0.2000E+01
 -29.688  0.0000E+00  0.2000E+01
 -29.678  0.0000E+00  0.2000E+01
 -29.668  0.0000E+00  0.2000E+01
 -29.658  0.0000E+00  0.2000E+01
 -29.648  0.0000E+00  0.2000E+01
 -29.638  0.0000E+00  0.2000E+01
 -29.628  0.0000E+00  0.2000E+01
 -29.618  0.0000E+00  0.2000E+01
 -29.608  0.0000E+00  0.2000E+01
 -29.598  0.0000E+00  0.2000E+01
 -29.588  0.0000E+00  0.2000E+01
 -29.578  0.0000E+00  0.2000E+01
 -29.568  0.0000E+00  0.2000E+01
 -29.558  0.0000E+00  0.2000E+01
 -29.548  0.0000E+00  0.2000E+01
 -29.538  0.0000E+00  0.2000E+01
 -29.528  0.0000E+00  0.2000E+01
 -29.518  0.0000E+00  0.2000E+01
 -29.508  0.0000E+00  0.2000E+01
 -29.498  0.0000E+00  0.2000E+01
 -29.488  0.0000E+00  0.2000E+01
 -29.478  0.0000E+00  0.2000E+01
 -29.468  0.0000E+00  0.2000E+01
 -29.458  0.0000E+00  0.2000E+01
 -29.448  0.0000E+00  0.2000E+01
 -29.438  0.0000E+00  0.2000E+01
 -29.428  0.0000E+00  0.2000E+01
 -29.418  0.0000E+00  0.2000E+01
 -29.408  0.0000E+00  0.2000E+01
 -29.398  0.0000E+00  0.2000E+01
 -29.388  0.0000E+00  0.2000E+01
 -29.378  0.0000E+00  0.2000E+01
 -29.368  0.0000E+00  0.2000E+01
 -29.358  0.0000E+00  0.2000E+01
 -29.348  0.0000E+00  0.2000E+01
 -29.338  0.0000E+00  0.2000E+01
 -29.328  0.0000E+00  0.2000E+01
 -29.318  0.0000E+00  0.2000E+01
 -29.308  0.0000E+00  0.2000E+01
 -29.298  0.0000E+00  0.2000E+01
 -29.288  0.0000E+00  0.2000E+01
 -29.278  0.0000E+00  0.2000E+01
 -29.268  0.0000E+00  0.2000E+01
 -29.258  0.0000E+00  0.2000E+01
 -29.248  0.0000E+00  0.2000E+01
 -29.238  0.0000E+00  0.2000E+01
 -29.228  0.0000E+00  0.2000E+01
 -29.218  0.0000E+00  0.2000E+01
 -29.208  0.0000E+00  0.2000E+01
 -29.198  0.0000E+00  0.2000E+01
 -29.188  0.0000E+00  0.2000E+01
 -29.178  0.0000E+00  0.2000E+01
 -29.168  0.0000E+00  0.2000E+01
 -29.158  0.0000E+00  0.2000E+01
 -29.148  0.0000E+00  0.2000E+01
 -29.138  0.0000E+00  0.2000E+01
 -29.128  0.0000E+00  0.2000E+01
 -29.118  0.0000E+00  0.2000E+01
 -29.108  0.0000E+00  0.2000E+01
 -29.098  0.0000E+00  0.2000E+01
 -29.088  0.0000E+00  0.2000E+01
 -29.078  0.0000E+00  0.2000E+01
 -29.068  0.0000E+00  0.2000E+01
 -29.058  0.0000E+00  0.2000E+01
 -29.048  0.0000E+00  0.2000E+01
 -29.038  0.0000E+00  0.2000E+01
 -29.028  0.0000E+00  0.2000E+01
 -29.018  0.0000E+00  0.2000E+01
 -29.008  0.0000E+00  0.2000E+01
 -28.998  0.0000E+00  0.2000E+01
 -28.988  0.0000E+00  0.2000E+01
 -28.978  0.0000E+00  0.2000E+01
 -28.968  0.0000E+00  0.2000E+01
 -28.958  0.0000E+00  0.2000E+01
 -28.948  0.0000E+00  0.2000E+01
 -28.938  0.0000E+00  0.2000E+01
 -28.928  0.0000E+00  0.2000E+01
 -28.918  0.0000E+00  0.2000E+01
 -28.908  0.0000E+00  0.2000E+01
 -28.898  0.0000E+00  0.2000E+01
 -28.888  0.0000E+00  0.2000E+01
 -28.878  0.0000E+00  0.2000E+01
 -28.868  0.0000E+00  0.2000E+01
 -28.858  0.0000E+00  0.2000E+01
 -28.848  0.0000E+00  0.2000E+01
 -28.838  0.0000E+00  0.2000E+01
 -28.828  0.0000E+00  0.2000E+01
 -28.818  0.0000E+00  0.2000E+01
 -28.808  0.0000E+00  0.2000E+01
 -28.798  0.0000E+00  0.2000E+01
 -28.788  0.0000E+00  0.2000E+01
 -28.778  0.0000E+00  0.2000E+01
 -28.768  0.0000E+00  0.2000E+01
 -28.758  0.0000E+00  0.2000E+01
 -28.748  0.0000E+00  0.2000E+01
 -28.738  0.0000E+00  0.2000E+01
 -28.728  0.0000E+00  0.2000E+01
 -28.718  0.0000E+00  0.2000E+01
 -28.708  0.0000E+00  0.2000E+01
 -28.698  0.0000E+00  0.2000E+01
 -28.688  0.0000E+00  0.2000E+01
 -28.678  0.0000E+00  0.2000E+01
 -28.668  0.0000E+00  0.2000E+01
 -28.658  0.0000E+00  0.2000E+01
 -28.648  0.0000E+00  0.2000E+01
 -28.638  0.0000E+00  0.2000E+01
 -28.628  0.0000E+00  0.2000E+01
 -28.618  0.0000E+00  0.2000E+01
 -28.608  0.0000E+00  0.2000E+01
 -28.598  0.0000E+00  0.2000E+01
 -28.588  0.0000E+00  0.2000E+01
 -28.578  0.0000E+00  0.2000E+01
 -28.568  0.0000E+00  0.2000E+01
 -28.558  0.0000E+00  0.2000E+01
 -28.548  0.0000E+00  0.2000E+01
 -28.538  0.0000E+00  0.2000E+01
 -28.528  0.0000E+00  0.2000E+01
 -28.518  0.0000E+00  0.2000E+01
 -28.508  0.0000E+00  0.2000E+01
 -28.498  0.0000E+00  0.2000E+01
 -28.488  0.0000E+00  0.2000E+01
 -28.478  0.0000E+00  0.2000E+01
 -28.468  0.0000E+00  0.2000E+01
 -28.458  0.0000E+00  0.2000E+01
 -28.448  0.0000E+00  0.2000E+01
 -28.438  0.0000E+00  0.2000E+01
 -28.428  0.0000E+00  0.2000E+01
 -28.418  0.0000E+00  0.2000E+01
 -28.408  0.0000E+00  0.2000E+01
 -28.398  0.0000E+00  0.2000E+01
 -28.388  0.0000E+00  0.2000E+01
 -28.378  0.0000E+00  0.2000E+01
 -28.368  0.0000E+00  0.2000E+01
 -28.358  0.0000E+00  0.2000E+01
 -28.348  0.0000E+00  0.2000E+01
 -28.338  0.0000E+00  0.2000E+01
 -28.328  0.0000E+00  0.2000E+01
 -28.318  0.0000E+00  0.2000E+01
 -28.308  0.0000E+00  0.2000E+01
 -28.298  0.0000E+00  0.2000E+01
 -28.288  0.0000E+00  0.2000E+01
 -28.278  0.0000E+00  0.2000E+01
 -28.268  0.0000E+00  0.2000E+01
 -28.258  0.0000E+00  0.2000E+01
 -28.248  0.0000E+00  0.2000E+01
 -28.238  0.0000E+00  0.2000E+01
 -28.228  0.0000E+00  0.2000E+01
 -28.218  0.0000E+00  0.2000E+01
 -28.208  0.0000E+00  0.2000E+01
 -28.198  0.0000E+00  0.2000E+01
 -28.188  0.0000E+00  0.2000E+01
 -28.178  0.0000E+00  0.2000E+01
 -28.168  0.0000E+00  0.2000E+01
 -28.158  0.0000E+00  0.2000E+01
 -28.148  0.0000E+00  0.2000E+01
 -28.138  0.0000E+00  0.2000E+01
 -28.128  0.0000E+00  0.2000E+01
 -28.118  0.0000E+00  0.2000E+01
 -28.108  0.0000E+00  0.2000E+01
 -28.098  0.0000E+00  0.2000E+01
 -28.088  0.0000E+00  0.2000E+01
 -28.078  0.0000E+00  0.2000E+01
 -28.068  0.0000E+00  0.2000E+01
 -28.058  0.0000E+00  0.2000E+01
 -28.048  0.0000E+00  0.2000E+01
 -28.038  0.0000E+00  0.2000E+01
 -28.028  0.0000E+00  0.2000E+01
 -28.018  0.0000E+00  0.2000E+01
 -28.008  0.0000E+00  0.2000E+01
 -27.998  0.0000E+00  0.2000E+01
 -27.988  0.0000E+00  0.2000E+01
 -27.978  0.0000E+00  0.2000E+01
 -27.968  0.0000E+00  0.2000E+01
 -27.958  0.0000E+00  0.2000E+01
 -27.948  0.0000E+00  0.2000E+01
 -27.938  0.0000E+00  0.2000E+01
 -27.928  0.0000E+00  0.2000E+01
 -27.918  0.0000E+00  0.2000E+01
 -27.908  0.0000E+00  0.2000E+01
 -27.898  0.0000E+00  0.2000E+01
 -27.888  0.0000E+00  0.2000E+01
 -27.878  0.0000E+00  0.2000E+01
 -27.868  0.0000E+00  0.2000E+01
 -27.858  0.0000E+00  0.2000E+01
 -27.848  0.0000E+00  0.2000E+01
 -27.838  0.0000E+00  0.2000E+01
 -27.828  0.0000E+00  0.2000E+01
 -27.818  0.0000E+00  0.2000E+01
 -27.808  0.0000E+00  0.2000E+01
 -27.798  0.0000E+00  0.2000E+01
 -27.788  0.0000E+00  0.2000E+01
 -27.778  0.0000E+00  0.2000E+01
 -27.768  0.0000E+00  0.2000E+01
 -27.758  0.0000E+00  0.2000E+01
 -27.748  0.0000E+00  0.2000E+01
 -27.738  0.0000E+00  0.2000E+01
 -27.728  0.0000E+00  0.2000E+01
 -27.718  0.0000E+00  0.2000E+01
 -27.708  0.0000E+00  0.2000E+01
 -27.698  0.0000E+00  0.2000E+01
 -27.688  0.0000E+00  0.2000E+01
 -27.678  0.0000E+00  0.2000E+01
 -27.668  0.0000E+00  0.2000E+01
 -27.658  0.0000E+00  0.2000E+01
 -27.648  0.0000E+00  0.2000E+01
 -27.638  0.0000E+00  0.2000E+01
 -27.628  0.0000E+00  0.2000E+01
 -27.618  0.0000E+00  0.2000E+01
 -27.608  0.0000E+00  0.2000E+01
 -27.598  0.0000E+00  0.2000E+01
 -27.588  0.0000E+00  0.2000E+01
 -27.578  0.0000E+00  0.2000E+01
 -27.568  0.0000E+00  0.2000E+01
 -27.558  0.0000E+00  0.2000E+01
 -27.548  0.0000E+00  0.2000E+01
 -27.538  0.0000E+00  0.2000E+01
 -27.528  0.0000E+00  0.2000E+01
 -27.518  0.0000E+00  0.2000E+01
 -27.508  0.0000E+00  0.2000E+01
 -27.498  0.0000E+00  0.2000E+01
 -27.488  0.0000E+00  0.2000E+01
 -27.478  0.0000E+00  0.2000E+01
 -27.468  0.0000E+00  0.2000E+01
 -27.458  0.0000E+00  0.2000E+01
 -27.448  0.0000E+00  0.2000E+01
 -27.438  0.0000E+00  0.2000E+01
 -27.428  0.0000E+00  0.2000E+01
 -27.418  0.0000E+00  0.2000E+01
 -27.408  0.0000E+00  0.2000E+01
 -27.398  0.0000E+00  0.2000E+01
 -27.388  0.0000E+00  0.2000E+01
 -27.378  0.0000E+00  0.2000E+01
 -27.368  0.0000E+00  0.2000E+01
 -27.358  0.0000E+00  0.2000E+01
 -27.348  0.0000E+00  0.2000E+01
 -27.338  0.0000E+00  0.2000E+01
 -27.328  0.0000E+00  0.2000E+01
 -27.318  0.0000E+00  0.2000E+01
 -27.308  0.0000E+00  0.2000E+01
 -27.298  0.0000E+00  0.2000E+01
 -27.288  0.0000E+00  0.2000E+01
 -27.278  0.0000E+00  0.2000E+01
 -27.268  0.0000E+00  0.2000E+01
 -27.258  0.0000E+00  0.2000E+01
 -27.248  0.0000E+00  0.2000E+01
 -27.238  0.0000E+00  0.2000E+01
 -27.228  0.0000E+00  0.2000E+01
 -27.218  0.0000E+00  0.2000E+01
 -27.208  0.0000E+00  0.2000E+01
 -27.198  0.0000E+00  0.2000E+01
 -27.188  0.0000E+00  0.2000E+01
 -27.178  0.0000E+00  0.2000E+01
 -27.168  0.0000E+00  0.2000E+01
 -27.158  0.0000E+00  0.2000E+01
 -27.148  0.0000E+00  0.2000E+01
 -27.138  0.0000E+00  0.2000E+01
 -27.128  0.0000E+00  0.2000E+01
 -27.118  0.0000E+00  0.2000E+01
 -27.108  0.0000E+00  0.2000E+01
 -27.098  0.0000E+00  0.2000E+01
 -27.088  0.0000E+00  0.2000E+01
 -27.078  0.0000E+00  0.2000E+01
 -27.068  0.0000E+00  0.2000E+01
 -27.058  0.0000E+00  0.2000E+01
 -27.048  0.0000E+00  0.2000E+01
 -27.038  0.0000E+00  0.2000E+01
 -27.028  0.0000E+00  0.2000E+01
 -27.018  0.0000E+00  0.2000E+01
 -27.008  0.0000E+00  0.2000E+01
 -26.998  0.0000E+00  0.2000E+01
 -26.988  0.0000E+00  0.2000E+01
 -26.978  0.0000E+00  0.2000E+01
 -26.968  0.0000E+00  0.2000E+01
 -26.958  0.0000E+00  0.2000E+01
 -26.948  0.0000E+00  0.2000E+01
 -26.938  0.0000E+00  0.2000E+01
 -26.928  0.0000E+00  0.2000E+01
 -26.918  0.0000E+00  0.2000E+01
 -26.908  0.0000E+00  0.2000E+01
 -26.898  0.0000E+00  0.2000E+01
 -26.888  0.0000E+00  0.2000E+01
 -26.878  0.0000E+00  0.2000E+01
 -26.868  0.0000E+00  0.2000E+01
 -26.858  0.0000E+00  0.2000E+01
 -26.848  0.0000E+00  0.2000E+01
 -26.838  0.0000E+00  0.2000E+01
 -26.828  0.0000E+00  0.2000E+01
 -26.818  0.0000E+00  0.2000E+01
 -26.808  0.0000E+00  0.2000E+01
 -26.798  0.0000E+00  0.2000E+01
 -26.788  0.0000E+00  0.2000E+01
 -26.778  0.0000E+00  0.2000E+01
 -26.768  0.0000E+00  0.2000E+01
 -26.758  0.0000E+00  0.2000E+01
 -26.748  0.0000E+00  0.2000E+01
 -26.738  0.0000E+00  0.2000E+01
 -26.728  0.0000E+00  0.2000E+01
 -26.718  0.0000E+00  0.2000E+01
 -26.708  0.0000E+00  0.2000E+01
 -26.698  0.0000E+00  0.2000E+01
 -26.688  0.0000E+00  0.2000E+01
 -26.678  0.0000E+00  0.2000E+01
 -26.668  0.0000E+00  0.2000E+01
 -26.658  0.0000E+00  0.2000E+01
 -26.648  0.0000E+00  0.2000E+01
 -26.638  0.0000E+00  0.2000E+01
 -26.628  0.0000E+00  0.2000E+01
 -26.618  0.0000E+00  0.2000E+01
 -26.608  0.0000E+00  0.2000E+01
 -26.598  0.0000E+00  0.2000E+01
 -26.588  0.0000E+00  0.2000E+01
 -26.578  0.0000E+00  0.2000E+01
 -26.568  0.0000E+00  0.2000E+01
 -26.558  0.0000E+00  0.2000E+01
 -26.548  0.0000E+00  0.2000E+01
 -26.538  0.0000E+00  0.2000E+01
 -26.528  0.0000E+00  0.2000E+01
 -26.518  0.0000E+00  0.2000E+01
 -26.508  0.0000E+00  0.2000E+01
 -26.498  0.0000E+00  0.2000E+01
 -26.488  0.0000E+00  0.2000E+01
 -26.478  0.0000E+00  0.2000E+01
 -26.468  0.0000E+00  0.2000E+01
 -26.458  0.0000E+00  0.2000E+01
 -26.448  0.0000E+00  0.2000E+01
 -26.438  0.0000E+00  0.2000E+01
 -26.428  0.0000E+00  0.2000E+01
 -26.418  0.0000E+00  0.2000E+01
 -26.408  0.0000E+00  0.2000E+01
 -26.398  0.0000E+00  0.2000E+01
 -26.388  0.0000E+00  0.2000E+01
 -26.378  0.0000E+00  0.2000E+01
 -26.368  0.0000E+00  0.2000E+01
 -26.358  0.0000E+00  0.2000E+01
 -26.348  0.0000E+00  0.2000E+01
 -26.338  0.0000E+00  0.2000E+01
 -26.328  0.0000E+00  0.2000E+01
 -26.318  0.0000E+00  0.2000E+01
 -26.308  0.0000E+00  0.2000E+01
 -26.298  0.0000E+00  0.2000E+01
 -26.288  0.0000E+00  0.2000E+01
 -26.278  0.0000E+00  0.2000E+01
 -26.268  0.0000E+00  0.2000E+01
 -26.258  0.0000E+00  0.2000E+01
 -26.248  0.0000E+00  0.2000E+01
 -26.238  0.0000E+00  0.2000E+01
 -26.228  0.0000E+00  0.2000E+01
 -26.218  0.0000E+00  0.2000E+01
 -26.208  0.0000E+00  0.2000E+01
 -26.198  0.0000E+00  0.2000E+01
 -26.188  0.0000E+00  0.2000E+01
 -26.178  0.0000E+00  0.2000E+01
 -26.168  0.0000E+00  0.2000E+01
 -26.158  0.0000E+00  0.2000E+01
 -26.148  0.0000E+00  0.2000E+01
 -26.138  0.0000E+00  0.2000E+01
 -26.128  0.0000E+00  0.2000E+01
 -26.118  0.0000E+00  0.2000E+01
 -26.108  0.0000E+00  0.2000E+01
 -26.098  0.0000E+00  0.2000E+01
 -26.088  0.0000E+00  0.2000E+01
 -26.078  0.0000E+00  0.2000E+01
 -26.068  0.0000E+00  0.2000E+01
 -26.058  0.0000E+00  0.2000E+01
 -26.048  0.0000E+00  0.2000E+01
 -26.038  0.0000E+00  0.2000E+01
 -26.028  0.0000E+00  0.2000E+01
 -26.018  0.0000E+00  0.2000E+01
 -26.008  0.0000E+00  0.2000E+01
 -25.998  0.0000E+00  0.2000E+01
 -25.988  0.0000E+00  0.2000E+01
 -25.978  0.0000E+00  0.2000E+01
 -25.968  0.0000E+00  0.2000E+01
 -25.958  0.0000E+00  0.2000E+01
 -25.948  0.0000E+00  0.2000E+01
 -25.938  0.0000E+00  0.2000E+01
 -25.928  0.0000E+00  0.2000E+01
 -25.918  0.0000E+00  0.2000E+01
 -25.908  0.0000E+00  0.2000E+01
 -25.898  0.0000E+00  0.2000E+01
 -25.888  0.0000E+00  0.2000E+01
 -25.878  0.0000E+00  0.2000E+01
 -25.868  0.0000E+00  0.2000E+01
 -25.858  0.0000E+00  0.2000E+01
 -25.848  0.0000E+00  0.2000E+01
 -25.838  0.0000E+00  0.2000E+01
 -25.828  0.0000E+00  0.2000E+01
 -25.818  0.0000E+00  0.2000E+01
 -25.808  0.0000E+00  0.2000E+01
 -25.798  0.0000E+00  0.2000E+01
 -25.788  0.0000E+00  0.2000E+01
 -25.778  0.0000E+00  0.2000E+01
 -25.768  0.0000E+00  0.2000E+01
 -25.758  0.0000E+00  0.2000E+01
 -25.748  0.0000E+00  0.2000E+01
 -25.738  0.0000E+00  0.2000E+01
 -25.728  0.0000E+00  0.2000E+01
 -25.718  0.0000E+00  0.2000E+01
 -25.708  0.0000E+00  0.2000E+01
 -25.698  0.0000E+00  0.2000E+01
 -25.688  0.0000E+00  0.2000E+01
 -25.678  0.0000E+00  0.2000E+01
 -25.668  0.0000E+00  0.2000E+01
 -25.658  0.0000E+00  0.2000E+01
 -25.648  0.0000E+00  0.2000E+01
 -25.638  0.0000E+00  0.2000E+01
 -25.628  0.0000E+00  0.2000E+01
 -25.618  0.0000E+00  0.2000E+01
 -25.608  0.0000E+00  0.2000E+01
 -25.598  0.0000E+00  0.2000E+01
 -25.588  0.0000E+00  0.2000E+01
 -25.578  0.0000E+00  0.2000E+01
 -25.568  0.0000E+00  0.2000E+01
 -25.558  0.0000E+00  0.2000E+01
 -25.548  0.0000E+00  0.2000E+01
 -25.538  0.0000E+00  0.2000E+01
 -25.528  0.0000E+00  0.2000E+01
 -25.518  0.0000E+00  0.2000E+01
 -25.508  0.0000E+00  0.2000E+01
 -25.498  0.0000E+00  0.2000E+01
 -25.488  0.0000E+00  0.2000E+01
 -25.478  0.0000E+00  0.2000E+01
 -25.468  0.0000E+00  0.2000E+01
 -25.458  0.0000E+00  0.2000E+01
 -25.448  0.0000E+00  0.2000E+01
 -25.438  0.0000E+00  0.2000E+01
 -25.428  0.0000E+00  0.2000E+01
 -25.418  0.0000E+00  0.2000E+01
 -25.408  0.0000E+00  0.2000E+01
 -25.398  0.0000E+00  0.2000E+01
 -25.388  0.0000E+00  0.2000E+01
 -25.378  0.0000E+00  0.2000E+01
 -25.368  0.0000E+00  0.2000E+01
 -25.358  0.0000E+00  0.2000E+01
 -25.348  0.0000E+00  0.2000E+01
 -25.338  0.0000E+00  0.2000E+01
 -25.328  0.0000E+00  0.2000E+01
 -25.318  0.0000E+00  0.2000E+01
 -25.308  0.0000E+00  0.2000E+01
 -25.298  0.0000E+00  0.2000E+01
 -25.288  0.0000E+00  0.2000E+01
 -25.278  0.0000E+00  0.2000E+01
 -25.268  0.0000E+00  0.2000E+01
 -25.258  0.0000E+00  0.2000E+01
 -25.248  0.0000E+00  0.2000E+01
 -25.238  0.0000E+00  0.2000E+01
 -25.228  0.0000E+00  0.2000E+01
 -25.218  0.0000E+00  0.2000E+01
 -25.208  0.0000E+00  0.2000E+01
 -25.198  0.0000E+00  0.2000E+01
 -25.188  0.0000E+00  0.2000E+01
 -25.178  0.0000E+00  0.2000E+01
 -25.168  0.0000E+00  0.2000E+01
 -25.158  0.0000E+00  0.2000E+01
 -25.148  0.0000E+00  0.2000E+01
 -25.138  0.0000E+00  0.2000E+01
 -25.128  0.0000E+00  0.2000E+01
 -25.118  0.0000E+00  0.2000E+01
 -25.108  0.0000E+00  0.2000E+01
 -25.098  0.0000E+00  0.2000E+01
 -25.088  0.0000E+00  0.2000E+01
 -25.078  0.0000E+00  0.2000E+01
 -25.068  0.0000E+00  0.2000E+01
 -25.058  0.0000E+00  0.2000E+01
 -25.048  0.0000E+00  0.2000E+01
 -25.038  0.0000E+00  0.2000E+01
 -25.028  0.0000E+00  0.2000E+01
 -25.018  0.0000E+00  0.2000E+01
 -25.008  0.0000E+00  0.2000E+01
 -24.998  0.0000E+00  0.2000E+01
 -24.988  0.0000E+00  0.2000E+01
 -24.978  0.0000E+00  0.2000E+01
 -24.968  0.0000E+00  0.2000E+01
 -24.958  0.0000E+00  0.2000E+01
 -24.948  0.0000E+00  0.2000E+01
 -24.938  0.0000E+00  0.2000E+01
 -24.928  0.0000E+00  0.2000E+01
 -24.918  0.0000E+00  0.2000E+01
 -24.908  0.0000E+00  0.2000E+01
 -24.898  0.0000E+00  0.2000E+01
 -24.888  0.0000E+00  0.2000E+01
 -24.878  0.0000E+00  0.2000E+01
 -24.868  0.0000E+00  0.2000E+01
 -24.858  0.0000E+00  0.2000E+01
 -24.848  0.0000E+00  0.2000E+01
 -24.838  0.0000E+00  0.2000E+01
 -24.828  0.0000E+00  0.2000E+01
 -24.818  0.0000E+00  0.2000E+01
 -24.808  0.0000E+00  0.2000E+01
 -24.798  0.0000E+00  0.2000E+01
 -24.788  0.0000E+00  0.2000E+01
 -24.778  0.0000E+00  0.2000E+01
 -24.768  0.0000E+00  0.2000E+01
 -24.758  0.0000E+00  0.2000E+01
 -24.748  0.0000E+00  0.2000E+01
 -24.738  0.0000E+00  0.2000E+01
 -24.728  0.0000E+00  0.2000E+01
 -24.718  0.0000E+00  0.2000E+01
 -24.708  0.0000E+00  0.2000E+01
 -24.698  0.0000E+00  0.2000E+01
 -24.688  0.0000E+00  0.2000E+01
 -24.678  0.0000E+00  0.2000E+01
 -24.668  0.0000E+00  0.2000E+01
 -24.658  0.0000E+00  0.2000E+01
 -24.648  0.0000E+00  0.2000E+01
 -24.638  0.0000E+00  0.2000E+01
 -24.628  0.0000E+00  0.2000E+01
 -24.618  0.0000E+00  0.2000E+01
 -24.608  0.0000E+00  0.2000E+01
 -24.598  0.0000E+00  0.2000E+01
 -24.588  0.0000E+00  0.2000E+01
 -24.578  0.0000E+00  0.2000E+01
 -24.568  0.0000E+00  0.2000E+01
 -24.558  0.0000E+00  0.2000E+01
 -24.548  0.0000E+00  0.2000E+01
 -24.538  0.0000E+00  0.2000E+01
 -24.528  0.0000E+00  0.2000E+01
 -24.518  0.0000E+00  0.2000E+01
 -24.508  0.0000E+00  0.2000E+01
 -24.498  0.0000E+00  0.2000E+01
 -24.488  0.0000E+00  0.2000E+01
 -24.478  0.0000E+00  0.2000E+01
 -24.468  0.0000E+00  0.2000E+01
 -24.458  0.0000E+00  0.2000E+01
 -24.448  0.0000E+00  0.2000E+01
 -24.438  0.0000E+00  0.2000E+01
 -24.428  0.0000E+00  0.2000E+01
 -24.418  0.0000E+00  0.2000E+01
 -24.408  0.0000E+00  0.2000E+01
 -24.398  0.0000E+00  0.2000E+01
 -24.388  0.0000E+00  0.2000E+01
 -24.378  0.0000E+00  0.2000E+01
 -24.368  0.0000E+00  0.2000E+01
 -24.358  0.0000E+00  0.2000E+01
 -24.348  0.0000E+00  0.2000E+01
 -24.338  0.0000E+00  0.2000E+01
 -24.328  0.0000E+00  0.2000E+01
 -24.318  0.0000E+00  0.2000E+01
 -24.308  0.0000E+00  0.2000E+01
 -24.298  0.0000E+00  0.2000E+01
 -24.288  0.0000E+00  0.2000E+01
 -24.278  0.0000E+00  0.2000E+01
 -24.268  0.0000E+00  0.2000E+01
 -24.258  0.0000E+00  0.2000E+01
 -24.248  0.0000E+00  0.2000E+01
 -24.238  0.0000E+00  0.2000E+01
 -24.228  0.0000E+00  0.2000E+01
 -24.218  0.0000E+00  0.2000E+01
 -24.208  0.0000E+00  0.2000E+01
 -24.198  0.0000E+00  0.2000E+01
 -24.188  0.0000E+00  0.2000E+01
 -24.178  0.0000E+00  0.2000E+01
 -24.168  0.0000E+00  0.2000E+01
 -24.158  0.0000E+00  0.2000E+01
 -24.148  0.0000E+00  0.2000E+01
 -24.138  0.0000E+00  0.2000E+01
 -24.128  0.0000E+00  0.2000E+01
 -24.118  0.0000E+00  0.2000E+01
 -24.108  0.0000E+00  0.2000E+01
 -24.098  0.0000E+00  0.2000E+01
 -24.088  0.0000E+00  0.2000E+01
 -24.078  0.0000E+00  0.2000E+01
 -24.068  0.0000E+00  0.2000E+01
 -24.058  0.0000E+00  0.2000E+01
 -24.048  0.0000E+00  0.2000E+01
 -24.038  0.0000E+00  0.2000E+01
 -24.028  0.0000E+00  0.2000E+01
 -24.018  0.0000E+00  0.2000E+01
 -24.008  0.0000E+00  0.2000E+01
 -23.998  0.0000E+00  0.2000E+01
 -23.988  0.0000E+00  0.2000E+01
 -23.978  0.0000E+00  0.2000E+01
 -23.968  0.0000E+00  0.2000E+01
 -23.958  0.0000E+00  0.2000E+01
 -23.948  0.0000E+00  0.2000E+01
 -23.938  0.0000E+00  0.2000E+01
 -23.928  0.0000E+00  0.2000E+01
 -23.918  0.0000E+00  0.2000E+01
 -23.908  0.0000E+00  0.2000E+01
 -23.898  0.0000E+00  0.2000E+01
 -23.888  0.0000E+00  0.2000E+01
 -23.878  0.0000E+00  0.2000E+01
 -23.868  0.0000E+00  0.2000E+01
 -23.858  0.0000E+00  0.2000E+01
 -23.848  0.0000E+00  0.2000E+01
 -23.838  0.0000E+00  0.2000E+01
 -23.828  0.0000E+00  0.2000E+01
 -23.818  0.0000E+00  0.2000E+01
 -23.808  0.0000E+00  0.2000E+01
 -23.798  0.0000E+00  0.2000E+01
 -23.788  0.0000E+00  0.2000E+01
 -23.778  0.0000E+00  0.2000E+01
 -23.768  0.0000E+00  0.2000E+01
 -23.758  0.0000E+00  0.2000E+01
 -23.748  0.0000E+00  0.2000E+01
 -23.738  0.0000E+00  0.2000E+01
 -23.728  0.0000E+00  0.2000E+01
 -23.718  0.0000E+00  0.2000E+01
 -23.708  0.0000E+00  0.2000E+01
 -23.698  0.0000E+00  0.2000E+01
 -23.688  0.0000E+00  0.2000E+01
 -23.678  0.0000E+00  0.2000E+01
 -23.668  0.0000E+00  0.2000E+01
 -23.658  0.0000E+00  0.2000E+01
 -23.648  0.0000E+00  0.2000E+01
 -23.638  0.0000E+00  0.2000E+01
 -23.628  0.0000E+00  0.2000E+01
 -23.618  0.0000E+00  0.2000E+01
 -23.608  0.0000E+00  0.2000E+01
 -23.598  0.0000E+00  0.2000E+01
 -23.588  0.0000E+00  0.2000E+01
 -23.578  0.0000E+00  0.2000E+01
 -23.568  0.0000E+00  0.2000E+01
 -23.558  0.0000E+00  0.2000E+01
 -23.548  0.0000E+00  0.2000E+01
 -23.538  0.0000E+00  0.2000E+01
 -23.528  0.0000E+00  0.2000E+01
 -23.518  0.0000E+00  0.2000E+01
 -23.508  0.0000E+00  0.2000E+01
 -23.498  0.0000E+00  0.2000E+01
 -23.488  0.0000E+00  0.2000E+01
 -23.478  0.0000E+00  0.2000E+01
 -23.468  0.0000E+00  0.2000E+01
 -23.458  0.0000E+00  0.2000E+01
 -23.448  0.0000E+00  0.2000E+01
 -23.438  0.0000E+00  0.2000E+01
 -23.428  0.0000E+00  0.2000E+01
 -23.418  0.0000E+00  0.2000E+01
 -23.408  0.0000E+00  0.2000E+01
 -23.398  0.0000E+00  0.2000E+01
 -23.388  0.0000E+00  0.2000E+01
 -23.378  0.0000E+00  0.2000E+01
 -23.368  0.0000E+00  0.2000E+01
 -23.358  0.0000E+00  0.2000E+01
 -23.348  0.0000E+00  0.2000E+01
 -23.338  0.0000E+00  0.2000E+01
 -23.328  0.0000E+00  0.2000E+01
 -23.318  0.0000E+00  0.2000E+01
 -23.308  0.0000E+00  0.2000E+01
 -23.298  0.0000E+00  0.2000E+01
 -23.288  0.0000E+00  0.2000E+01
 -23.278  0.0000E+00  0.2000E+01
 -23.268  0.0000E+00  0.2000E+01
 -23.258  0.0000E+00  0.2000E+01
 -23.248  0.0000E+00  0.2000E+01
 -23.238  0.0000E+00  0.2000E+01
 -23.228  0.0000E+00  0.2000E+01
 -23.218  0.0000E+00  0.2000E+01
 -23.208  0.0000E+00  0.2000E+01
 -23.198  0.0000E+00  0.2000E+01
 -23.188  0.0000E+00  0.2000E+01
 -23.178  0.0000E+00  0.2000E+01
 -23.168  0.0000E+00  0.2000E+01
 -23.158  0.0000E+00  0.2000E+01
 -23.148  0.0000E+00  0.2000E+01
 -23.138  0.0000E+00  0.2000E+01
 -23.128  0.0000E+00  0.2000E+01
 -23.118  0.0000E+00  0.2000E+01
 -23.108  0.0000E+00  0.2000E+01
 -23.098  0.0000E+00  0.2000E+01
 -23.088  0.0000E+00  0.2000E+01
 -23.078  0.0000E+00  0.2000E+01
 -23.068  0.0000E+00  0.2000E+01
 -23.058  0.0000E+00  0.2000E+01
 -23.048  0.0000E+00  0.2000E+01
 -23.038  0.0000E+00  0.2000E+01
 -23.028  0.0000E+00  0.2000E+01
 -23.018  0.1684E+02  0.2071E+01
 -23.008  0.1718E+02  0.2238E+01
 -22.998  0.1829E+02  0.2416E+01
 -22.988  0.1966E+02  0.2606E+01
 -22.978  0.2144E+02  0.2811E+01
 -22.968  0.2399E+02  0.3037E+01
 -22.958  0.2847E+02  0.3296E+01
 -22.948  0.3383E+02  0.3637E+01
 -22.938  0.3365E+02  0.3935E+01
 -22.928  0.4052E+02  0.4245E+01
 -22.918  0.5610E+02  0.4738E+01
 -22.908  0.3446E+02  0.5151E+01
 -22.898  0.4846E+01  0.5253E+01
 -22.888  0.4480E+01  0.5300E+01
 -22.878  0.4172E+01  0.5343E+01
 -22.868  0.3936E+01  0.5383E+01
 -22.858  0.5656E+01  0.5431E+01
 -22.848  0.5866E+01  0.5488E+01
 -22.838  0.6101E+01  0.5548E+01
 -22.828  0.6388E+01  0.5610E+01
 -22.818  0.6699E+01  0.5676E+01
 -22.808  0.7047E+01  0.5744E+01
 -22.798  0.7459E+01  0.5817E+01
 -22.788  0.7928E+01  0.5894E+01
 -22.778  0.8470E+01  0.5976E+01
 -22.768  0.9116E+01  0.6063E+01
 -22.758  0.9916E+01  0.6158E+01
 -22.748  0.1092E+02  0.6262E+01
 -22.738  0.1229E+02  0.6378E+01
 -22.728  0.1430E+02  0.6510E+01
 -22.718  0.1794E+02  0.6669E+01
 -22.708  0.2300E+02  0.6905E+01
 -22.698  0.1678E+02  0.7095E+01
 -22.688  0.1462E+02  0.7251E+01
 -22.678  0.1332E+02  0.7390E+01
 -22.668  0.1241E+02  0.7518E+01
 -22.658  0.1180E+02  0.7639E+01
 -22.648  0.1114E+02  0.7753E+01
 -22.638  0.1070E+02  0.7863E+01
 -22.628  0.1046E+02  0.7968E+01
 -22.618  0.0000E+00  0.8000E+01
 -22.608  0.0000E+00  0.8000E+01
 -22.598  0.0000E+00  0.8000E+01
 -22.588  0.0000E+00  0.8000E+01
 -22.578  0.0000E+00  0.8000E+01
 -22.568  0.0000E+00  0.8000E+01
 -22.558  0.0000E+00  0.8000E+01
 -22.548  0.0000E+00  0.8000E+01
 -22.538  0.0000E+00  0.8000E+01
 -22.528  0.0000E+00  0.8000E+01
 -22.518  0.0000E+00  0.8000E+01
 -22.508  0.0000E+00  0.8000E+01
 -22.498  0.0000E+00  0.8000E+01
 -22.488  0.0000E+00  0.8000E+01
 -22.478  0.0000E+00  0.8000E+01
 -22.468  0.0000E+00  0.8000E+01
 -22.458  0.0000E+00  0.8000E+01
 -22.448  0.0000E+00  0.8000E+01
 -22.438  0.0000E+00  0.8000E+01
 -22.428  0.0000E+00  0.8000E+01
 -22.418  0.0000E+00  0.8000E+01
 -22.408  0.0000E+00  0.8000E+01
 -22.398  0.0000E+00  0.8000E+01
 -22.388  0.0000E+00  0.8000E+01
 -22.378  0.0000E+00  0.8000E+01
 -22.368  0.0000E+00  0.8000E+01
 -22.358  0.0000E+00  0.8000E+01
 -22.348  0.0000E+00  0.8000E+01
 -22.338  0.0000E+00  0.8000E+01
 -22.328  0.0000E+00  0.8000E+01
 -22.318  0.0000E+00  0.8000E+01
 -22.308  0.0000E+00  0.8000E+01
 -22.298  0.0000E+00  0.8000E+01
 -22.288  0.0000E+00  0.8000E+01
 -22.278  0.0000E+00  0.8000E+01
 -22.268  0.0000E+00  0.8000E+01
 -22.258  0.0000E+00  0.8000E+01
 -22.248  0.0000E+00  0.8000E+01
 -22.238  0.0000E+00  0.8000E+01
 -22.228  0.0000E+00  0.8000E+01
 -22.218  0.0000E+00  0.8000E+01
 -22.208  0.0000E+00  0.8000E+01
 -22.198  0.0000E+00  0.8000E+01
 -22.188  0.0000E+00  0.8000E+01
 -22.178  0.0000E+00  0.8000E+01
 -22.168  0.0000E+00  0.8000E+01
 -22.158  0.0000E+00  0.8000E+01
 -22.148  0.0000E+00  0.8000E+01
 -22.138  0.0000E+00  0.8000E+01
 -22.128  0.0000E+00  0.8000E+01
 -22.118  0.0000E+00  0.8000E+01
 -22.108  0.0000E+00  0.8000E+01
 -22.098  0.0000E+00  0.8000E+01
 -22.088  0.0000E+00  0.8000E+01
 -22.078  0.0000E+00  0.8000E+01
 -22.068  0.0000E+00  0.8000E+01
 -22.058  0.0000E+00  0.8000E+01
 -22.048  0.0000E+00  0.8000E+01
 -22.038  0.0000E+00  0.8000E+01
 -22.028  0.0000E+00  0.8000E+01
 -22.018  0.0000E+00  0.8000E+01
 -22.008  0.0000E+00  0.8000E+01
 -21.998  0.0000E+00  0.8000E+01
 -21.988  0.0000E+00  0.8000E+01
 -21.978  0.0000E+00  0.8000E+01
 -21.968  0.0000E+00  0.8000E+01
 -21.958  0.0000E+00  0.8000E+01
 -21.948  0.0000E+00  0.8000E+01
 -21.938  0.0000E+00  0.8000E+01
 -21.928  0.0000E+00  0.8000E+01
 -21.918  0.0000E+00  0.8000E+01
 -21.908  0.0000E+00  0.8000E+01
 -21.898  0.0000E+00  0.8000E+01
 -21.888  0.0000E+00  0.8000E+01
 -21.878  0.0000E+00  0.8000E+01
 -21.868  0.0000E+00  0.8000E+01
 -21.858  0.0000E+00  0.8000E+01
 -21.848  0.0000E+00  0.8000E+01
 -21.838  0.0000E+00  0.8000E+01
 -21.828  0.0000E+00  0.8000E+01
 -21.818  0.0000E+00  0.8000E+01
 -21.808  0.0000E+00  0.8000E+01
 -21.798  0.0000E+00  0.8000E+01
 -21.788  0.0000E+00  0.8000E+01
 -21.778  0.0000E+00  0.8000E+01
 -21.768  0.0000E+00  0.8000E+01
 -21.758  0.0000E+00  0.8000E+01
 -21.748  0.0000E+00  0.8000E+01
 -21.738  0.0000E+00  0.8000E+01
 -21.728  0.0000E+00  0.8000E+01
 -21.718  0.0000E+00  0.8000E+01
 -21.708  0.0000E+00  0.8000E+01
 -21.698  0.0000E+00  0.8000E+01
 -21.688  0.0000E+00  0.8000E+01
 -21.678  0.0000E+00  0.8000E+01
 -21.668  0.0000E+00  0.8000E+01
 -21.658  0.0000E+00  0.8000E+01
 -21.648  0.0000E+00  0.8000E+01
 -21.638  0.0000E+00  0.8000E+01
 -21.628  0.0000E+00  0.8000E+01
 -21.618  0.0000E+00  0.8000E+01
 -21.608  0.0000E+00  0.8000E+01
 -21.598  0.0000E+00  0.8000E+01
 -21.588  0.0000E+00  0.8000E+01
 -21.578  0.0000E+00  0.8000E+01
 -21.568  0.0000E+00  0.8000E+01
 -21.558  0.0000E+00  0.8000E+01
 -21.548  0.0000E+00  0.8000E+01
 -21.538  0.0000E+00  0.8000E+01
 -21.528  0.0000E+00  0.8000E+01
 -21.518  0.0000E+00  0.8000E+01
 -21.508  0.0000E+00  0.8000E+01
 -21.498  0.0000E+00  0.8000E+01
 -21.488  0.0000E+00  0.8000E+01
 -21.478  0.0000E+00  0.8000E+01
 -21.468  0.0000E+00  0.8000E+01
 -21.458  0.0000E+00  0.8000E+01
 -21.448  0.0000E+00  0.8000E+01
 -21.438  0.0000E+00  0.8000E+01
 -21.428  0.0000E+00  0.8000E+01
 -21.418  0.0000E+00  0.8000E+01
 -21.408  0.0000E+00  0.8000E+01
 -21.398  0.0000E+00  0.8000E+01
 -21.388  0.0000E+00  0.8000E+01
 -21.378  0.0000E+00  0.8000E+01
 -21.368  0.0000E+00  0.8000E+01
 -21.358  0.0000E+00  0.8000E+01
 -21.348  0.0000E+00  0.8000E+01
 -21.338  0.0000E+00  0.8000E+01
 -21.328  0.0000E+00  0.8000E+01
 -21.318  0.0000E+00  0.8000E+01
 -21.308  0.0000E+00  0.8000E+01
 -21.298  0.0000E+00  0.8000E+01
 -21.288  0.0000E+00  0.8000E+01
 -21.278  0.0000E+00  0.8000E+01
 -21.268  0.0000E+00  0.8000E+01
 -21.258  0.0000E+00  0.8000E+01
 -21.248  0.0000E+00  0.8000E+01
 -21.238  0.0000E+00  0.8000E+01
 -21.228  0.0000E+00  0.8000E+01
 -21.218  0.0000E+00  0.8000E+01
 -21.208  0.0000E+00  0.8000E+01
 -21.198  0.0000E+00  0.8000E+01
 -21.188  0.0000E+00  0.8000E+01
 -21.178  0.0000E+00  0.8000E+01
 -21.168  0.0000E+00  0.8000E+01
 -21.158  0.0000E+00  0.8000E+01
 -21.148  0.0000E+00  0.8000E+01
 -21.138  0.0000E+00  0.8000E+01
 -21.128  0.0000E+00  0.8000E+01
 -21.118  0.0000E+00  0.8000E+01
 -21.108  0.0000E+00  0.8000E+01
 -21.098  0.0000E+00  0.8000E+01
 -21.088  0.0000E+00  0.8000E+01
 -21.078  0.0000E+00  0.8000E+01
 -21.068  0.0000E+00  0.8000E+01
 -21.058  0.0000E+00  0.8000E+01
 -21.048  0.0000E+00  0.8000E+01
 -21.038  0.0000E+00  0.8000E+01
 -21.028  0.0000E+00  0.8000E+01
 -21.018  0.0000E+00  0.8000E+01
 -21.008  0.0000E+00  0.8000E+01
 -20.998  0.0000E+00  0.8000E+01
 -20.988  0.0000E+00  0.8000E+01
 -20.978  0.0000E+00  0.8000E+01
 -20.968  0.0000E+00  0.8000E+01
 -20.958  0.0000E+00  0.8000E+01
 -20.948  0.0000E+00  0.8000E+01
 -20.938  0.0000E+00  0.8000E+01
 -20.928  0.0000E+00  0.8000E+01
 -20.918  0.0000E+00  0.8000E+01
 -20.908  0.0000E+00  0.8000E+01
 -20.898  0.0000E+00  0.8000E+01
 -20.888  0.0000E+00  0.8000E+01
 -20.878  0.0000E+00  0.8000E+01
 -20.868  0.0000E+00  0.8000E+01
 -20.858  0.0000E+00  0.8000E+01
 -20.848  0.0000E+00  0.8000E+01
 -20.838  0.0000E+00  0.8000E+01
 -20.828  0.0000E+00  0.8000E+01
 -20.818  0.0000E+00  0.8000E+01
 -20.808  0.0000E+00  0.8000E+01
 -20.798  0.0000E+00  0.8000E+01
 -20.788  0.0000E+00  0.8000E+01
 -20.778  0.0000E+00  0.8000E+01
 -20.768  0.0000E+00  0.8000E+01
 -20.758  0.0000E+00  0.8000E+01
 -20.748  0.0000E+00  0.8000E+01
 -20.738  0.0000E+00  0.8000E+01
 -20.728  0.0000E+00  0.8000E+01
 -20.718  0.0000E+00  0.8000E+01
 -20.708  0.0000E+00  0.8000E+01
 -20.698  0.0000E+00  0.8000E+01
 -20.688  0.0000E+00  0.8000E+01
 -20.678  0.0000E+00  0.8000E+01
 -20.668  0.0000E+00  0.8000E+01
 -20.658  0.0000E+00  0.8000E+01
 -20.648  0.0000E+00  0.8000E+01
 -20.638  0.0000E+00  0.8000E+01
 -20.628  0.0000E+00  0.8000E+01
 -20.618  0.0000E+00  0.8000E+01
 -20.608  0.0000E+00  0.8000E+01
 -20.598  0.0000E+00  0.8000E+01
 -20.588  0.0000E+00  0.8000E+01
 -20.578  0.0000E+00  0.8000E+01
 -20.568  0.0000E+00  0.8000E+01
 -20.558  0.0000E+00  0.8000E+01
 -20.548  0.0000E+00  0.8000E+01
 -20.538  0.0000E+00  0.8000E+01
 -20.528  0.0000E+00  0.8000E+01
 -20.518  0.0000E+00  0.8000E+01
 -20.508  0.0000E+00  0.8000E+01
 -20.498  0.0000E+00  0.8000E+01
 -20.488  0.0000E+00  0.8000E+01
 -20.478  0.0000E+00  0.8000E+01
 -20.468  0.0000E+00  0.8000E+01
 -20.458  0.0000E+00  0.8000E+01
 -20.448  0.0000E+00  0.8000E+01
 -20.438  0.0000E+00  0.8000E+01
 -20.428  0.0000E+00  0.8000E+01
 -20.418  0.0000E+00  0.8000E+01
 -20.408  0.0000E+00  0.8000E+01
 -20.398  0.0000E+00  0.8000E+01
 -20.388  0.0000E+00  0.8000E+01
 -20.378  0.0000E+00  0.8000E+01
 -20.368  0.0000E+00  0.8000E+01
 -20.358  0.0000E+00  0.8000E+01
 -20.348  0.0000E+00  0.8000E+01
 -20.338  0.0000E+00  0.8000E+01
 -20.328  0.0000E+00  0.8000E+01
 -20.318  0.0000E+00  0.8000E+01
 -20.308  0.0000E+00  0.8000E+01
 -20.298  0.0000E+00  0.8000E+01
 -20.288  0.0000E+00  0.8000E+01
 -20.278  0.0000E+00  0.8000E+01
 -20.268  0.0000E+00  0.8000E+01
 -20.258  0.0000E+00  0.8000E+01
 -20.248  0.0000E+00  0.8000E+01
 -20.238  0.0000E+00  0.8000E+01
 -20.228  0.0000E+00  0.8000E+01
 -20.218  0.0000E+00  0.8000E+01
 -20.208  0.0000E+00  0.8000E+01
 -20.198  0.0000E+00  0.8000E+01
 -20.188  0.0000E+00  0.8000E+01
 -20.178  0.0000E+00  0.8000E+01
 -20.168  0.0000E+00  0.8000E+01
 -20.158  0.0000E+00  0.8000E+01
 -20.148  0.0000E+00  0.8000E+01
 -20.138  0.0000E+00  0.8000E+01
 -20.128  0.0000E+00  0.8000E+01
 -20.118  0.0000E+00  0.8000E+01
 -20.108  0.0000E+00  0.8000E+01
 -20.098  0.0000E+00  0.8000E+01
 -20.088  0.0000E+00  0.8000E+01
 -20.078  0.0000E+00  0.8000E+01
 -20.068  0.0000E+00  0.8000E+01
 -20.058  0.0000E+00  0.8000E+01
 -20.048  0.0000E+00  0.8000E+01
 -20.038  0.0000E+00  0.8000E+01
 -20.028  0.0000E+00  0.8000E+01
 -20.018  0.0000E+00  0.8000E+01
 -20.008  0.0000E+00  0.8000E+01
 -19.998  0.0000E+00  0.8000E+01
 -19.988  0.0000E+00  0.8000E+01
 -19.978  0.0000E+00  0.8000E+01
 -19.968  0.0000E+00  0.8000E+01
 -19.958  0.0000E+00  0.8000E+01
 -19.948  0.0000E+00  0.8000E+01
 -19.938  0.0000E+00  0.8000E+01
 -19.928  0.0000E+00  0.8000E+01
 -19.918  0.0000E+00  0.8000E+01
 -19.908  0.0000E+00  0.8000E+01
 -19.898  0.0000E+00  0.8000E+01
 -19.888  0.0000E+00  0.8000E+01
 -19.878  0.0000E+00  0.8000E+01
 -19.868  0.0000E+00  0.8000E+01
 -19.858  0.0000E+00  0.8000E+01
 -19.848  0.0000E+00  0.8000E+01
 -19.838  0.0000E+00  0.8000E+01
 -19.828  0.0000E+00  0.8000E+01
 -19.818  0.0000E+00  0.8000E+01
 -19.808  0.0000E+00  0.8000E+01
 -19.798  0.0000E+00  0.8000E+01
 -19.788  0.0000E+00  0.8000E+01
 -19.778  0.0000E+00  0.8000E+01
 -19.768  0.0000E+00  0.8000E+01
 -19.758  0.0000E+00  0.8000E+01
 -19.748  0.0000E+00  0.8000E+01
 -19.738  0.0000E+00  0.8000E+01
 -19.728  0.0000E+00  0.8000E+01
 -19.718  0.0000E+00  0.8000E+01
 -19.708  0.0000E+00  0.8000E+01
 -19.698  0.0000E+00  0.8000E+01
 -19.688  0.0000E+00  0.8000E+01
 -19.678  0.0000E+00  0.8000E+01
 -19.668  0.0000E+00  0.8000E+01
 -19.658  0.0000E+00  0.8000E+01
 -19.648  0.0000E+00  0.8000E+01
 -19.638  0.0000E+00  0.8000E+01
 -19.628  0.0000E+00  0.8000E+01
 -19.618  0.0000E+00  0.8000E+01
 -19.608  0.0000E+00  0.8000E+01
 -19.598  0.0000E+00  0.8000E+01
 -19.588  0.0000E+00  0.8000E+01
 -19.578  0.0000E+00  0.8000E+01
 -19.568  0.0000E+00  0.8000E+01
 -19.558  0.0000E+00  0.8000E+01
 -19.548  0.0000E+00  0.8000E+01
 -19.538  0.0000E+00  0.8000E+01
 -19.528  0.0000E+00  0.8000E+01
 -19.518  0.0000E+00  0.8000E+01
 -19.508  0.0000E+00  0.8000E+01
 -19.498  0.0000E+00  0.8000E+01
 -19.488  0.0000E+00  0.8000E+01
 -19.478  0.0000E+00  0.8000E+01
 -19.468  0.0000E+00  0.8000E+01
 -19.458  0.0000E+00  0.8000E+01
 -19.448  0.0000E+00  0.8000E+01
 -19.438  0.0000E+00  0.8000E+01
 -19.428  0.0000E+00  0.8000E+01
 -19.418  0.0000E+00  0.8000E+01
 -19.408  0.0000E+00  0.8000E+01
 -19.398  0.0000E+00  0.8000E+01
 -19.388  0.0000E+00  0.8000E+01
 -19.378  0.0000E+00  0.8000E+01
 -19.368  0.0000E+00  0.8000E+01
 -19.358  0.0000E+00  0.8000E+01
 -19.348  0.0000E+00  0.8000E+01
 -19.338  0.0000E+00  0.8000E+01
 -19.328  0.0000E+00  0.8000E+01
 -19.318  0.0000E+00  0.8000E+01
 -19.308  0.0000E+00  0.8000E+01
 -19.298  0.0000E+00  0.8000E+01
 -19.288  0.0000E+00  0.8000E+01
 -19.278  0.0000E+00  0.8000E+01
 -19.268  0.0000E+00  0.8000E+01
 -19.258  0.0000E+00  0.8000E+01
 -19.248  0.0000E+00  0.8000E+01
 -19.238  0.0000E+00  0.8000E+01
 -19.228  0.0000E+00  0.8000E+01
 -19.218  0.0000E+00  0.8000E+01
 -19.208  0.0000E+00  0.8000E+01
 -19.198  0.0000E+00  0.8000E+01
 -19.188  0.0000E+00  0.8000E+01
 -19.178  0.0000E+00  0.8000E+01
 -19.168  0.0000E+00  0.8000E+01
 -19.158  0.0000E+00  0.8000E+01
 -19.148  0.0000E+00  0.8000E+01
 -19.138  0.0000E+00  0.8000E+01
 -19.128  0.0000E+00  0.8000E+01
 -19.118  0.0000E+00  0.8000E+01
 -19.108  0.0000E+00  0.8000E+01
 -19.098  0.0000E+00  0.8000E+01
 -19.088  0.0000E+00  0.8000E+01
 -19.078  0.0000E+00  0.8000E+01
 -19.068  0.0000E+00  0.8000E+01
 -19.058  0.0000E+00  0.8000E+01
 -19.048  0.0000E+00  0.8000E+01
 -19.038  0.0000E+00  0.8000E+01
 -19.028  0.0000E+00  0.8000E+01
 -19.018  0.0000E+00  0.8000E+01
 -19.008  0.0000E+00  0.8000E+01
 -18.998  0.0000E+00  0.8000E+01
 -18.988  0.0000E+00  0.8000E+01
 -18.978  0.0000E+00  0.8000E+01
 -18.968  0.0000E+00  0.8000E+01
 -18.958  0.0000E+00  0.8000E+01
 -18.948  0.0000E+00  0.8000E+01
 -18.938  0.0000E+00  0.8000E+01
 -18.928  0.0000E+00  0.8000E+01
 -18.918  0.0000E+00  0.8000E+01
 -18.908  0.0000E+00  0.8000E+01
 -18.898  0.0000E+00  0.8000E+01
 -18.888  0.0000E+00  0.8000E+01
 -18.878  0.0000E+00  0.8000E+01
 -18.868  0.0000E+00  0.8000E+01
 -18.858  0.0000E+00  0.8000E+01
 -18.848  0.0000E+00  0.8000E+01
 -18.838  0.0000E+00  0.8000E+01
 -18.828  0.0000E+00  0.8000E+01
 -18.818  0.0000E+00  0.8000E+01
 -18.808  0.0000E+00  0.8000E+01
 -18.798  0.0000E+00  0.8000E+01
 -18.788  0.0000E+00  0.8000E+01
 -18.778  0.0000E+00  0.8000E+01
 -18.768  0.0000E+00  0.8000E+01
 -18.758  0.0000E+00  0.8000E+01
 -18.748  0.0000E+00  0.8000E+01
 -18.738  0.0000E+00  0.8000E+01
 -18.728  0.0000E+00  0.8000E+01
 -18.718  0.0000E+00  0.8000E+01
 -18.708  0.0000E+00  0.8000E+01
 -18.698  0.0000E+00  0.8000E+01
 -18.688  0.0000E+00  0.8000E+01
 -18.678  0.0000E+00  0.8000E+01
 -18.668  0.0000E+00  0.8000E+01
 -18.658  0.0000E+00  0.8000E+01
 -18.648  0.0000E+00  0.8000E+01
 -18.638  0.0000E+00  0.8000E+01
 -18.628  0.0000E+00  0.8000E+01
 -18.618  0.0000E+00  0.8000E+01
 -18.608  0.0000E+00  0.8000E+01
 -18.598  0.0000E+00  0.8000E+01
 -18.588  0.0000E+00  0.8000E+01
 -18.578  0.0000E+00  0.8000E+01
 -18.568  0.0000E+00  0.8000E+01
 -18.558  0.0000E+00  0.8000E+01
 -18.548  0.0000E+00  0.8000E+01
 -18.538  0.0000E+00  0.8000E+01
 -18.528  0.0000E+00  0.8000E+01
 -18.518  0.0000E+00  0.8000E+01
 -18.508  0.0000E+00  0.8000E+01
 -18.498  0.0000E+00  0.8000E+01
 -18.488  0.0000E+00  0.8000E+01
 -18.478  0.0000E+00  0.8000E+01
 -18.468  0.0000E+00  0.8000E+01
 -18.458  0.0000E+00  0.8000E+01
 -18.448  0.0000E+00  0.8000E+01
 -18.438  0.0000E+00  0.8000E+01
 -18.428  0.0000E+00  0.8000E+01
 -18.418  0.0000E+00  0.8000E+01
 -18.408  0.0000E+00  0.8000E+01
 -18.398  0.0000E+00  0.8000E+01
 -18.388  0.0000E+00  0.8000E+01
 -18.378  0.0000E+00  0.8000E+01
 -18.368  0.0000E+00  0.8000E+01
 -18.358  0.0000E+00  0.8000E+01
 -18.348  0.0000E+00  0.8000E+01
 -18.338  0.0000E+00  0.8000E+01
 -18.328  0.0000E+00  0.8000E+01
 -18.318  0.0000E+00  0.8000E+01
 -18.308  0.0000E+00  0.8000E+01
 -18.298  0.0000E+00  0.8000E+01
 -18.288  0.0000E+00  0.8000E+01
 -18.278  0.0000E+00  0.8000E+01
 -18.268  0.0000E+00  0.8000E+01
 -18.258  0.0000E+00  0.8000E+01
 -18.248  0.0000E+00  0.8000E+01
 -18.238  0.0000E+00  0.8000E+01
 -18.228  0.0000E+00  0.8000E+01
 -18.218  0.0000E+00  0.8000E+01
 -18.208  0.0000E+00  0.8000E+01
 -18.198  0.0000E+00  0.8000E+01
 -18.188  0.0000E+00  0.8000E+01
 -18.178  0.0000E+00  0.8000E+01
 -18.168  0.0000E+00  0.8000E+01
 -18.158  0.0000E+00  0.8000E+01
 -18.148  0.0000E+00  0.8000E+01
 -18.138  0.0000E+00  0.8000E+01
 -18.128  0.0000E+00  0.8000E+01
 -18.118  0.0000E+00  0.8000E+01
 -18.108  0.0000E+00  0.8000E+01
 -18.098  0.0000E+00  0.8000E+01
 -18.088  0.0000E+00  0.8000E+01
 -18.078  0.0000E+00  0.8000E+01
 -18.068  0.0000E+00  0.8000E+01
 -18.058  0.0000E+00  0.8000E+01
 -18.048  0.0000E+00  0.8000E+01
 -18.038  0.0000E+00  0.8000E+01
 -18.028  0.0000E+00  0.8000E+01
 -18.018  0.0000E+00  0.8000E+01
 -18.008  0.0000E+00  0.8000E+01
 -17.998  0.0000E+00  0.8000E+01
 -17.988  0.0000E+00  0.8000E+01
 -17.978  0.0000E+00  0.8000E+01
 -17.968  0.0000E+00  0.8000E+01
 -17.958  0.0000E+00  0.8000E+01
 -17.948  0.0000E+00  0.8000E+01
 -17.938  0.0000E+00  0.8000E+01
 -17.928  0.0000E+00  0.8000E+01
 -17.918  0.0000E+00  0.8000E+01
 -17.908  0.0000E+00  0.8000E+01
 -17.898  0.0000E+00  0.8000E+01
 -17.888  0.0000E+00  0.8000E+01
 -17.878  0.0000E+00  0.8000E+01
 -17.868  0.0000E+00  0.8000E+01
 -17.858  0.0000E+00  0.8000E+01
 -17.848  0.0000E+00  0.8000E+01
 -17.838  0.0000E+00  0.8000E+01
 -17.828  0.0000E+00  0.8000E+01
 -17.818  0.0000E+00  0.8000E+01
 -17.808  0.0000E+00  0.8000E+01
 -17.798  0.0000E+00  0.8000E+01
 -17.788  0.0000E+00  0.8000E+01
 -17.778  0.0000E+00  0.8000E+01
 -17.768  0.0000E+00  0.8000E+01
 -17.758  0.0000E+00  0.8000E+01
 -17.748  0.0000E+00  0.8000E+01
 -17.738  0.0000E+00  0.8000E+01
 -17.728  0.0000E+00  0.8000E+01
 -17.718  0.0000E+00  0.8000E+01
 -17.708  0.0000E+00  0.8000E+01
 -17.698  0.0000E+00  0.8000E+01
 -17.688  0.0000E+00  0.8000E+01
 -17.678  0.0000E+00  0.8000E+01
 -17.668  0.0000E+00  0.8000E+01
 -17.658  0.0000E+00  0.8000E+01
 -17.648  0.0000E+00  0.8000E+01
 -17.638  0.0000E+00  0.8000E+01
 -17.628  0.0000E+00  0.8000E+01
 -17.618  0.0000E+00  0.8000E+01
 -17.608  0.0000E+00  0.8000E+01
 -17.598  0.0000E+00  0.8000E+01
 -17.588  0.0000E+00  0.8000E+01
 -17.578  0.0000E+00  0.8000E+01
 -17.568  0.0000E+00  0.8000E+01
 -17.558  0.0000E+00  0.8000E+01
 -17.548  0.0000E+00  0.8000E+01
 -17.538  0.0000E+00  0.8000E+01
 -17.528  0.0000E+00  0.8000E+01
 -17.518  0.0000E+00  0.8000E+01
 -17.508  0.0000E+00  0.8000E+01
 -17.498  0.0000E+00  0.8000E+01
 -17.488  0.0000E+00  0.8000E+01
 -17.478  0.0000E+00  0.8000E+01
 -17.468  0.0000E+00  0.8000E+01
 -17.458  0.0000E+00  0.8000E+01
 -17.448  0.0000E+00  0.8000E+01
 -17.438  0.0000E+00  0.8000E+01
 -17.428  0.0000E+00  0.8000E+01
 -17.418  0.0000E+00  0.8000E+01
 -17.408  0.0000E+00  0.8000E+01
 -17.398  0.0000E+00  0.8000E+01
 -17.388  0.0000E+00  0.8000E+01
 -17.378  0.0000E+00  0.8000E+01
 -17.368  0.0000E+00  0.8000E+01
 -17.358  0.0000E+00  0.8000E+01
 -17.348  0.0000E+00  0.8000E+01
 -17.338  0.0000E+00  0.8000E+01
 -17.328  0.0000E+00  0.8000E+01
 -17.318  0.0000E+00  0.8000E+01
 -17.308  0.0000E+00  0.8000E+01
 -17.298  0.0000E+00  0.8000E+01
 -17.288  0.0000E+00  0.8000E+01
 -17.278  0.0000E+00  0.8000E+01
 -17.268  0.0000E+00  0.8000E+01
 -17.258  0.0000E+00  0.8000E+01
 -17.248  0.0000E+00  0.8000E+01
 -17.238  0.0000E+00  0.8000E+01
 -17.228  0.0000E+00  0.8000E+01
 -17.218  0.0000E+00  0.8000E+01
 -17.208  0.0000E+00  0.8000E+01
 -17.198  0.0000E+00  0.8000E+01
 -17.188  0.0000E+00  0.8000E+01
 -17.178  0.0000E+00  0.8000E+01
 -17.168  0.0000E+00  0.8000E+01
 -17.158  0.0000E+00  0.8000E+01
 -17.148  0.0000E+00  0.8000E+01
 -17.138  0.0000E+00  0.8000E+01
 -17.128  0.0000E+00  0.8000E+01
 -17.118  0.0000E+00  0.8000E+01
 -17.108  0.0000E+00  0.8000E+01
 -17.098  0.0000E+00  0.8000E+01
 -17.088  0.0000E+00  0.8000E+01
 -17.078  0.0000E+00  0.8000E+01
 -17.068  0.0000E+00  0.8000E+01
 -17.058  0.0000E+00  0.8000E+01
 -17.048  0.0000E+00  0.8000E+01
 -17.038  0.0000E+00  0.8000E+01
 -17.028  0.0000E+00  0.8000E+01
 -17.018  0.0000E+00  0.8000E+01
 -17.008  0.0000E+00  0.8000E+01
 -16.998  0.0000E+00  0.8000E+01
 -16.988  0.0000E+00  0.8000E+01
 -16.978  0.0000E+00  0.8000E+01
 -16.968  0.0000E+00  0.8000E+01
 -16.958  0.0000E+00  0.8000E+01
 -16.948  0.0000E+00  0.8000E+01
 -16.938  0.0000E+00  0.8000E+01
 -16.928  0.0000E+00  0.8000E+01
 -16.918  0.0000E+00  0.8000E+01
 -16.908  0.0000E+00  0.8000E+01
 -16.898  0.0000E+00  0.8000E+01
 -16.888  0.0000E+00  0.8000E+01
 -16.878  0.0000E+00  0.8000E+01
 -16.868  0.0000E+00  0.8000E+01
 -16.858  0.0000E+00  0.8000E+01
 -16.848  0.0000E+00  0.8000E+01
 -16.838  0.0000E+00  0.8000E+01
 -16.828  0.0000E+00  0.8000E+01
 -16.818  0.0000E+00  0.8000E+01
 -16.808  0.0000E+00  0.8000E+01
 -16.798  0.0000E+00  0.8000E+01
 -16.788  0.0000E+00  0.8000E+01
 -16.778  0.0000E+00  0.8000E+01
 -16.768  0.0000E+00  0.8000E+01
 -16.758  0.0000E+00  0.8000E+01
 -16.748  0.0000E+00  0.8000E+01
 -16.738  0.0000E+00  0.8000E+01
 -16.728  0.0000E+00  0.8000E+01
 -16.718  0.0000E+00  0.8000E+01
 -16.708  0.0000E+00  0.8000E+01
 -16.698  0.0000E+00  0.8000E+01
 -16.688  0.0000E+00  0.8000E+01
 -16.678  0.0000E+00  0.8000E+01
 -16.668  0.0000E+00  0.8000E+01
 -16.658  0.0000E+00  0.8000E+01
 -16.648  0.0000E+00  0.8000E+01
 -16.638  0.0000E+00  0.8000E+01
 -16.628  0.0000E+00  0.8000E+01
 -16.618  0.0000E+00  0.8000E+01
 -16.608  0.0000E+00  0.8000E+01
 -16.598  0.0000E+00  0.8000E+01
 -16.588  0.0000E+00  0.8000E+01
 -16.578  0.0000E+00  0.8000E+01
 -16.568  0.0000E+00  0.8000E+01
 -16.558  0.0000E+00  0.8000E+01
 -16.548  0.0000E+00  0.8000E+01
 -16.538  0.0000E+00  0.8000E+01
 -16.528  0.0000E+00  0.8000E+01
 -16.518  0.0000E+00  0.8000E+01
 -16.508  0.0000E+00  0.8000E+01
 -16.498  0.0000E+00  0.8000E+01
 -16.488  0.0000E+00  0.8000E+01
 -16.478  0.0000E+00  0.8000E+01
 -16.468  0.0000E+00  0.8000E+01
 -16.458  0.0000E+00  0.8000E+01
 -16.448  0.0000E+00  0.8000E+01
 -16.438  0.0000E+00  0.8000E+01
 -16.428  0.0000E+00  0.8000E+01
 -16.418  0.0000E+00  0.8000E+01
 -16.408  0.0000E+00  0.8000E+01
 -16.398  0.0000E+00  0.8000E+01
 -16.388  0.0000E+00  0.8000E+01
 -16.378  0.0000E+00  0.8000E+01
 -16.368  0.0000E+00  0.8000E+01
 -16.358  0.0000E+00  0.8000E+01
 -16.348  0.0000E+00  0.8000E+01
 -16.338  0.0000E+00  0.8000E+01
 -16.328  0.0000E+00  0.8000E+01
 -16.318  0.0000E+00  0.8000E+01
 -16.308  0.0000E+00  0.8000E+01
 -16.298  0.0000E+00  0.8000E+01
 -16.288  0.0000E+00  0.8000E+01
 -16.278  0.0000E+00  0.8000E+01
 -16.268  0.0000E+00  0.8000E+01
 -16.258  0.0000E+00  0.8000E+01
 -16.248  0.0000E+00  0.8000E+01
 -16.238  0.0000E+00  0.8000E+01
 -16.228  0.0000E+00  0.8000E+01
 -16.218  0.0000E+00  0.8000E+01
 -16.208  0.0000E+00  0.8000E+01
 -16.198  0.0000E+00  0.8000E+01
 -16.188  0.0000E+00  0.8000E+01
 -16.178  0.0000E+00  0.8000E+01
 -16.168  0.0000E+00  0.8000E+01
 -16.158  0.0000E+00  0.8000E+01
 -16.148  0.0000E+00  0.8000E+01
 -16.138  0.0000E+00  0.8000E+01
 -16.128  0.0000E+00  0.8000E+01
 -16.118  0.0000E+00  0.8000E+01
 -16.108  0.0000E+00  0.8000E+01
 -16.098  0.0000E+00  0.8000E+01
 -16.088  0.0000E+00  0.8000E+01
 -16.078  0.0000E+00  0.8000E+01
 -16.068  0.0000E+00  0.8000E+01
 -16.058  0.0000E+00  0.8000E+01
 -16.048  0.0000E+00  0.8000E+01
 -16.038  0.0000E+00  0.8000E+01
 -16.028  0.0000E+00  0.8000E+01
 -16.018  0.0000E+00  0.8000E+01
 -16.008  0.0000E+00  0.8000E+01
 -15.998  0.0000E+00  0.8000E+01
 -15.988  0.0000E+00  0.8000E+01
 -15.978  0.0000E+00  0.8000E+01
 -15.968  0.0000E+00  0.8000E+01
 -15.958  0.0000E+00  0.8000E+01
 -15.948  0.0000E+00  0.8000E+01
 -15.938  0.0000E+00  0.8000E+01
 -15.928  0.0000E+00  0.8000E+01
 -15.918  0.0000E+00  0.8000E+01
 -15.908  0.0000E+00  0.8000E+01
 -15.898  0.0000E+00  0.8000E+01
 -15.888  0.0000E+00  0.8000E+01
 -15.878  0.0000E+00  0.8000E+01
 -15.868  0.0000E+00  0.8000E+01
 -15.858  0.0000E+00  0.8000E+01
 -15.848  0.0000E+00  0.8000E+01
 -15.838  0.0000E+00  0.8000E+01
 -15.828  0.0000E+00  0.8000E+01
 -15.818  0.0000E+00  0.8000E+01
 -15.808  0.0000E+00  0.8000E+01
 -15.798  0.0000E+00  0.8000E+01
 -15.788  0.0000E+00  0.8000E+01
 -15.778  0.0000E+00  0.8000E+01
 -15.768  0.0000E+00  0.8000E+01
 -15.758  0.0000E+00  0.8000E+01
 -15.748  0.0000E+00  0.8000E+01
 -15.738  0.0000E+00  0.8000E+01
 -15.728  0.0000E+00  0.8000E+01
 -15.718  0.0000E+00  0.8000E+01
 -15.708  0.0000E+00  0.8000E+01
 -15.698  0.0000E+00  0.8000E+01
 -15.688  0.0000E+00  0.8000E+01
 -15.678  0.0000E+00  0.8000E+01
 -15.668  0.0000E+00  0.8000E+01
 -15.658  0.0000E+00  0.8000E+01
 -15.648  0.0000E+00  0.8000E+01
 -15.638  0.0000E+00  0.8000E+01
 -15.628  0.0000E+00  0.8000E+01
 -15.618  0.0000E+00  0.8000E+01
 -15.608  0.0000E+00  0.8000E+01
 -15.598  0.0000E+00  0.8000E+01
 -15.588  0.0000E+00  0.8000E+01
 -15.578  0.0000E+00  0.8000E+01
 -15.568  0.0000E+00  0.8000E+01
 -15.558  0.0000E+00  0.8000E+01
 -15.548  0.0000E+00  0.8000E+01
 -15.538  0.0000E+00  0.8000E+01
 -15.528  0.0000E+00  0.8000E+01
 -15.518  0.0000E+00  0.8000E+01
 -15.508  0.0000E+00  0.8000E+01
 -15.498  0.0000E+00  0.8000E+01
 -15.488  0.0000E+00  0.8000E+01
 -15.478  0.0000E+00  0.8000E+01
 -15.468  0.0000E+00  0.8000E+01
 -15.458  0.0000E+00  0.8000E+01
 -15.448  0.0000E+00  0.8000E+01
 -15.438  0.0000E+00  0.8000E+01
 -15.428  0.0000E+00  0.8000E+01
 -15.418  0.0000E+00  0.8000E+01
 -15.408  0.0000E+00  0.8000E+01
 -15.398  0.0000E+00  0.8000E+01
 -15.388  0.0000E+00  0.8000E+01
 -15.378  0.0000E+00  0.8000E+01
 -15.368  0.0000E+00  0.8000E+01
 -15.358  0.0000E+00  0.8000E+01
 -15.348  0.0000E+00  0.8000E+01
 -15.338  0.0000E+00  0.8000E+01
 -15.328  0.0000E+00  0.8000E+01
 -15.318  0.0000E+00  0.8000E+01
 -15.308  0.0000E+00  0.8000E+01
 -15.298  0.0000E+00  0.8000E+01
 -15.288  0.0000E+00  0.8000E+01
 -15.278  0.0000E+00  0.8000E+01
 -15.268  0.0000E+00  0.8000E+01
 -15.258  0.0000E+00  0.8000E+01
 -15.248  0.0000E+00  0.8000E+01
 -15.238  0.0000E+00  0.8000E+01
 -15.228  0.0000E+00  0.8000E+01
 -15.218  0.0000E+00  0.8000E+01
 -15.208  0.0000E+00  0.8000E+01
 -15.198  0.0000E+00  0.8000E+01
 -15.188  0.0000E+00  0.8000E+01
 -15.178  0.0000E+00  0.8000E+01
 -15.168  0.0000E+00  0.8000E+01
 -15.158  0.0000E+00  0.8000E+01
 -15.148  0.0000E+00  0.8000E+01
 -15.138  0.0000E+00  0.8000E+01
 -15.128  0.0000E+00  0.8000E+01
 -15.118  0.0000E+00  0.8000E+01
 -15.108  0.0000E+00  0.8000E+01
 -15.098  0.0000E+00  0.8000E+01
 -15.088  0.0000E+00  0.8000E+01
 -15.078  0.0000E+00  0.8000E+01
 -15.068  0.0000E+00  0.8000E+01
 -15.058  0.0000E+00  0.8000E+01
 -15.048  0.0000E+00  0.8000E+01
 -15.038  0.0000E+00  0.8000E+01
 -15.028  0.0000E+00  0.8000E+01
 -15.018  0.0000E+00  0.8000E+01
 -15.008  0.0000E+00  0.8000E+01
 -14.998  0.0000E+00  0.8000E+01
 -14.988  0.0000E+00  0.8000E+01
 -14.978  0.0000E+00  0.8000E+01
 -14.968  0.0000E+00  0.8000E+01
 -14.958  0.0000E+00  0.8000E+01
 -14.948  0.0000E+00  0.8000E+01
 -14.938  0.0000E+00  0.8000E+01
 -14.928  0.0000E+00  0.8000E+01
 -14.918  0.0000E+00  0.8000E+01
 -14.908  0.0000E+00  0.8000E+01
 -14.898  0.0000E+00  0.8000E+01
 -14.888  0.0000E+00  0.8000E+01
 -14.878  0.0000E+00  0.8000E+01
 -14.868  0.0000E+00  0.8000E+01
 -14.858  0.0000E+00  0.8000E+01
 -14.848  0.0000E+00  0.8000E+01
 -14.838  0.0000E+00  0.8000E+01
 -14.828  0.0000E+00  0.8000E+01
 -14.818  0.0000E+00  0.8000E+01
 -14.808  0.0000E+00  0.8000E+01
 -14.798  0.0000E+00  0.8000E+01
 -14.788  0.0000E+00  0.8000E+01
 -14.778  0.0000E+00  0.8000E+01
 -14.768  0.0000E+00  0.8000E+01
 -14.758  0.0000E+00  0.8000E+01
 -14.748  0.0000E+00  0.8000E+01
 -14.738  0.0000E+00  0.8000E+01
 -14.728  0.0000E+00  0.8000E+01
 -14.718  0.0000E+00  0.8000E+01
 -14.708  0.0000E+00  0.8000E+01
 -14.698  0.0000E+00  0.8000E+01
 -14.688  0.0000E+00  0.8000E+01
 -14.678  0.0000E+00  0.8000E+01
 -14.668  0.0000E+00  0.8000E+01
 -14.658  0.0000E+00  0.8000E+01
 -14.648  0.0000E+00  0.8000E+01
 -14.638  0.0000E+00  0.8000E+01
 -14.628  0.0000E+00  0.8000E+01
 -14.618  0.0000E+00  0.8000E+01
 -14.608  0.0000E+00  0.8000E+01
 -14.598  0.0000E+00  0.8000E+01
 -14.588  0.0000E+00  0.8000E+01
 -14.578  0.0000E+00  0.8000E+01
 -14.568  0.0000E+00  0.8000E+01
 -14.558  0.0000E+00  0.8000E+01
 -14.548  0.0000E+00  0.8000E+01
 -14.538  0.0000E+00  0.8000E+01
 -14.528  0.0000E+00  0.8000E+01
 -14.518  0.0000E+00  0.8000E+01
 -14.508  0.0000E+00  0.8000E+01
 -14.498  0.0000E+00  0.8000E+01
 -14.488  0.0000E+00  0.8000E+01
 -14.478  0.0000E+00  0.8000E+01
 -14.468  0.0000E+00  0.8000E+01
 -14.458  0.0000E+00  0.8000E+01
 -14.448  0.0000E+00  0.8000E+01
 -14.438  0.0000E+00  0.8000E+01
 -14.428  0.0000E+00  0.8000E+01
 -14.418  0.0000E+00  0.8000E+01
 -14.408  0.0000E+00  0.8000E+01
 -14.398  0.0000E+00  0.8000E+01
 -14.388  0.0000E+00  0.8000E+01
 -14.378  0.0000E+00  0.8000E+01
 -14.368  0.0000E+00  0.8000E+01
 -14.358  0.0000E+00  0.8000E+01
 -14.348  0.0000E+00  0.8000E+01
 -14.338  0.0000E+00  0.8000E+01
 -14.328  0.0000E+00  0.8000E+01
 -14.318  0.0000E+00  0.8000E+01
 -14.308  0.0000E+00  0.8000E+01
 -14.298  0.0000E+00  0.8000E+01
 -14.288  0.0000E+00  0.8000E+01
 -14.278  0.0000E+00  0.8000E+01
 -14.268  0.0000E+00  0.8000E+01
 -14.258  0.0000E+00  0.8000E+01
 -14.248  0.0000E+00  0.8000E+01
 -14.238  0.0000E+00  0.8000E+01
 -14.228  0.0000E+00  0.8000E+01
 -14.218  0.0000E+00  0.8000E+01
 -14.208  0.0000E+00  0.8000E+01
 -14.198  0.0000E+00  0.8000E+01
 -14.188  0.0000E+00  0.8000E+01
 -14.178  0.0000E+00  0.8000E+01
 -14.168  0.0000E+00  0.8000E+01
 -14.158  0.0000E+00  0.8000E+01
 -14.148  0.0000E+00  0.8000E+01
 -14.138  0.0000E+00  0.8000E+01
 -14.128  0.0000E+00  0.8000E+01
 -14.118  0.0000E+00  0.8000E+01
 -14.108  0.0000E+00  0.8000E+01
 -14.098  0.0000E+00  0.8000E+01
 -14.088  0.0000E+00  0.8000E+01
 -14.078  0.0000E+00  0.8000E+01
 -14.068  0.0000E+00  0.8000E+01
 -14.058  0.0000E+00  0.8000E+01
 -14.048  0.0000E+00  0.8000E+01
 -14.038  0.0000E+00  0.8000E+01
 -14.028  0.0000E+00  0.8000E+01
 -14.018  0.0000E+00  0.8000E+01
 -14.008  0.0000E+00  0.8000E+01
 -13.998  0.0000E+00  0.8000E+01
 -13.988  0.0000E+00  0.8000E+01
 -13.978  0.0000E+00  0.8000E+01
 -13.968  0.0000E+00  0.8000E+01
 -13.958  0.0000E+00  0.8000E+01
 -13.948  0.0000E+00  0.8000E+01
 -13.938  0.0000E+00  0.8000E+01
 -13.928  0.0000E+00  0.8000E+01
 -13.918  0.0000E+00  0.8000E+01
 -13.908  0.0000E+00  0.8000E+01
 -13.898  0.0000E+00  0.8000E+01
 -13.888  0.0000E+00  0.8000E+01
 -13.878  0.0000E+00  0.8000E+01
 -13.868  0.0000E+00  0.8000E+01
 -13.858  0.0000E+00  0.8000E+01
 -13.848  0.0000E+00  0.8000E+01
 -13.838  0.0000E+00  0.8000E+01
 -13.828  0.0000E+00  0.8000E+01
 -13.818  0.0000E+00  0.8000E+01
 -13.808  0.0000E+00  0.8000E+01
 -13.798  0.0000E+00  0.8000E+01
 -13.788  0.0000E+00  0.8000E+01
 -13.778  0.0000E+00  0.8000E+01
 -13.768  0.0000E+00  0.8000E+01
 -13.758  0.0000E+00  0.8000E+01
 -13.748  0.0000E+00  0.8000E+01
 -13.738  0.0000E+00  0.8000E+01
 -13.728  0.0000E+00  0.8000E+01
 -13.718  0.0000E+00  0.8000E+01
 -13.708  0.0000E+00  0.8000E+01
 -13.698  0.0000E+00  0.8000E+01
 -13.688  0.0000E+00  0.8000E+01
 -13.678  0.0000E+00  0.8000E+01
 -13.668  0.0000E+00  0.8000E+01
 -13.658  0.0000E+00  0.8000E+01
 -13.648  0.0000E+00  0.8000E+01
 -13.638  0.0000E+00  0.8000E+01
 -13.628  0.0000E+00  0.8000E+01
 -13.618  0.0000E+00  0.8000E+01
 -13.608  0.0000E+00  0.8000E+01
 -13.598  0.0000E+00  0.8000E+01
 -13.588  0.0000E+00  0.8000E+01
 -13.578  0.0000E+00  0.8000E+01
 -13.568  0.0000E+00  0.8000E+01
 -13.558  0.0000E+00  0.8000E+01
 -13.548  0.0000E+00  0.8000E+01
 -13.538  0.0000E+00  0.8000E+01
 -13.528  0.0000E+00  0.8000E+01
 -13.518  0.0000E+00  0.8000E+01
 -13.508  0.0000E+00  0.8000E+01
 -13.498  0.0000E+00  0.8000E+01
 -13.488  0.0000E+00  0.8000E+01
 -13.478  0.0000E+00  0.8000E+01
 -13.468  0.0000E+00  0.8000E+01
 -13.458  0.0000E+00  0.8000E+01
 -13.448  0.0000E+00  0.8000E+01
 -13.438  0.0000E+00  0.8000E+01
 -13.428  0.0000E+00  0.8000E+01
 -13.418  0.0000E+00  0.8000E+01
 -13.408  0.0000E+00  0.8000E+01
 -13.398  0.0000E+00  0.8000E+01
 -13.388  0.0000E+00  0.8000E+01
 -13.378  0.0000E+00  0.8000E+01
 -13.368  0.0000E+00  0.8000E+01
 -13.358  0.0000E+00  0.8000E+01
 -13.348  0.0000E+00  0.8000E+01
 -13.338  0.0000E+00  0.8000E+01
 -13.328  0.0000E+00  0.8000E+01
 -13.318  0.0000E+00  0.8000E+01
 -13.308  0.0000E+00  0.8000E+01
 -13.298  0.0000E+00  0.8000E+01
 -13.288  0.0000E+00  0.8000E+01
 -13.278  0.0000E+00  0.8000E+01
 -13.268  0.0000E+00  0.8000E+01
 -13.258  0.0000E+00  0.8000E+01
 -13.248  0.0000E+00  0.8000E+01
 -13.238  0.0000E+00  0.8000E+01
 -13.228  0.0000E+00  0.8000E+01
 -13.218  0.0000E+00  0.8000E+01
 -13.208  0.0000E+00  0.8000E+01
 -13.198  0.0000E+00  0.8000E+01
 -13.188  0.0000E+00  0.8000E+01
 -13.178  0.0000E+00  0.8000E+01
 -13.168  0.0000E+00  0.8000E+01
 -13.158  0.0000E+00  0.8000E+01
 -13.148  0.0000E+00  0.8000E+01
 -13.138  0.0000E+00  0.8000E+01
 -13.128  0.0000E+00  0.8000E+01
 -13.118  0.0000E+00  0.8000E+01
 -13.108  0.0000E+00  0.8000E+01
 -13.098  0.0000E+00  0.8000E+01
 -13.088  0.0000E+00  0.8000E+01
 -13.078  0.0000E+00  0.8000E+01
 -13.068  0.0000E+00  0.8000E+01
 -13.058  0.0000E+00  0.8000E+01
 -13.048  0.0000E+00  0.8000E+01
 -13.038  0.0000E+00  0.8000E+01
 -13.028  0.0000E+00  0.8000E+01
 -13.018  0.0000E+00  0.8000E+01
 -13.008  0.0000E+00  0.8000E+01
 -12.998  0.0000E+00  0.8000E+01
 -12.988  0.0000E+00  0.8000E+01
 -12.978  0.0000E+00  0.8000E+01
 -12.968  0.0000E+00  0.8000E+01
 -12.958  0.0000E+00  0.8000E+01
 -12.948  0.0000E+00  0.8000E+01
 -12.938  0.0000E+00  0.8000E+01
 -12.928  0.0000E+00  0.8000E+01
 -12.918  0.0000E+00  0.8000E+01
 -12.908  0.0000E+00  0.8000E+01
 -12.898  0.0000E+00  0.8000E+01
 -12.888  0.0000E+00  0.8000E+01
 -12.878  0.0000E+00  0.8000E+01
 -12.868  0.0000E+00  0.8000E+01
 -12.858  0.0000E+00  0.8000E+01
 -12.848  0.0000E+00  0.8000E+01
 -12.838  0.0000E+00  0.8000E+01
 -12.828  0.0000E+00  0.8000E+01
 -12.818  0.0000E+00  0.8000E+01
 -12.808  0.0000E+00  0.8000E+01
 -12.798  0.0000E+00  0.8000E+01
 -12.788  0.0000E+00  0.8000E+01
 -12.778  0.0000E+00  0.8000E+01
 -12.768  0.0000E+00  0.8000E+01
 -12.758  0.0000E+00  0.8000E+01
 -12.748  0.0000E+00  0.8000E+01
 -12.738  0.0000E+00  0.8000E+01
 -12.728  0.0000E+00  0.8000E+01
 -12.718  0.0000E+00  0.8000E+01
 -12.708  0.0000E+00  0.8000E+01
 -12.698  0.0000E+00  0.8000E+01
 -12.688  0.0000E+00  0.8000E+01
 -12.678  0.0000E+00  0.8000E+01
 -12.668  0.0000E+00  0.8000E+01
 -12.658  0.6458E+00  0.8000E+01
 -12.648  0.1085E+01  0.8011E+01
 -12.638  0.1091E+01  0.8022E+01
 -12.628  0.1116E+01  0.8033E+01
 -12.618  0.1117E+01  0.8044E+01
 -12.608  0.1138E+01  0.8055E+01
 -12.598  0.1145E+01  0.8066E+01
 -12.588  0.1159E+01  0.8078E+01
 -12.578  0.1175E+01  0.8090E+01
 -12.568  0.1190E+01  0.8102E+01
 -12.558  0.1207E+01  0.8114E+01
 -12.548  0.1223E+01  0.8126E+01
 -12.538  0.1241E+01  0.8138E+01
 -12.528  0.1259E+01  0.8151E+01
 -12.518  0.1278E+01  0.8163E+01
 -12.508  0.1299E+01  0.8176E+01
 -12.498  0.1320E+01  0.8189E+01
 -12.488  0.1340E+01  0.8203E+01
 -12.478  0.1362E+01  0.8216E+01
 -12.468  0.1386E+01  0.8230E+01
 -12.458  0.1411E+01  0.8244E+01
 -12.448  0.1436E+01  0.8258E+01
 -12.438  0.1463E+01  0.8272E+01
 -12.428  0.1492E+01  0.8287E+01
 -12.418  0.1522E+01  0.8302E+01
 -12.408  0.1553E+01  0.8318E+01
 -12.398  0.1587E+01  0.8333E+01
 -12.388  0.1622E+01  0.8349E+01
 -12.378  0.1660E+01  0.8366E+01
 -12.368  0.1697E+01  0.8383E+01
 -12.358  0.1741E+01  0.8400E+01
 -12.348  0.1786E+01  0.8417E+01
 -12.338  0.1834E+01  0.8436E+01
 -12.328  0.1882E+01  0.8454E+01
 -12.318  0.1938E+01  0.8473E+01
 -12.308  0.1997E+01  0.8493E+01
 -12.298  0.2060E+01  0.8513E+01
 -12.288  0.2124E+01  0.8534E+01
 -12.278  0.2196E+01  0.8556E+01
 -12.268  0.2277E+01  0.8578E+01
 -12.258  0.2363E+01  0.8601E+01
 -12.248  0.2456E+01  0.8625E+01
 -12.238  0.2555E+01  0.8650E+01
 -12.228  0.2658E+01  0.8676E+01
 -12.218  0.2781E+01  0.8704E+01
 -12.208  0.2917E+01  0.8732E+01
 -12.198  0.3067E+01  0.8762E+01
 -12.188  0.3233E+01  0.8794E+01
 -12.178  0.3420E+01  0.8827E+01
 -12.168  0.3630E+01  0.8862E+01
 -12.158  0.3869E+01  0.8899E+01
 -12.148  0.4144E+01  0.8940E+01
 -12.138  0.4463E+01  0.8983E+01
 -12.128  0.4840E+01  0.9029E+01
 -12.118  0.5341E+01  0.9080E+01
 -12.108  0.5936E+01  0.9136E+01
 -12.098  0.6701E+01  0.9199E+01
 -12.088  0.1030E+02  0.9289E+01
 -12.078  0.1219E+02  0.9401E+01
 -12.068  0.2048E+02  0.9548E+01
 -12.058  0.1327E+02  0.9711E+01
 -12.048  0.1163E+02  0.9835E+01
 -12.038  0.1073E+02  0.9946E+01
 -12.028  0.1010E+02  0.1005E+02
 -12.018  0.9646E+01  0.1015E+02
 -12.008  0.2469E+01  0.1021E+02
 -11.998  0.2478E+01  0.1024E+02
 -11.988  0.2476E+01  0.1026E+02
 -11.978  0.2479E+01  0.1029E+02
 -11.968  0.2485E+01  0.1031E+02
 -11.958  0.2492E+01  0.1034E+02
 -11.948  0.2495E+01  0.1036E+02
 -11.938  0.2499E+01  0.1039E+02
 -11.928  0.2506E+01  0.1041E+02
 -11.918  0.2515E+01  0.1044E+02
 -11.908  0.2526E+01  0.1046E+02
 -11.898  0.2539E+01  0.1049E+02
 -11.888  0.2553E+01  0.1051E+02
 -11.878  0.2570E+01  0.1054E+02
 -11.868  0.2590E+01  0.1057E+02
 -11.858  0.2612E+01  0.1059E+02
 -11.848  0.2639E+01  0.1062E+02
 -11.838  0.2667E+01  0.1064E+02
 -11.828  0.2699E+01  0.1067E+02
 -11.818  0.2735E+01  0.1070E+02
 -11.808  0.2775E+01  0.1073E+02
 -11.798  0.2821E+01  0.1075E+02
 -11.788  0.2873E+01  0.1078E+02
 -11.778  0.2930E+01  0.1081E+02
 -11.768  0.2993E+01  0.1084E+02
 -11.758  0.3065E+01  0.1087E+02
 -11.748  0.3147E+01  0.1090E+02
 -11.738  0.3240E+01  0.1093E+02
 -11.728  0.3345E+01  0.1097E+02
 -11.718  0.3465E+01  0.1100E+02
 -11.708  0.3602E+01  0.1104E+02
 -11.698  0.3760E+01  0.1107E+02
 -11.688  0.3944E+01  0.1111E+02
 -11.678  0.4160E+01  0.1115E+02
 -11.668  0.4433E+01  0.1120E+02
 -11.658  0.4776E+01  0.1124E+02
 -11.648  0.5229E+01  0.1129E+02
 -11.638  0.5876E+01  0.1135E+02
 -11.628  0.6972E+01  0.1141E+02
 -11.618  0.1128E+02  0.1149E+02
 -11.608  0.7438E+01  0.1159E+02
 -11.598  0.6241E+01  0.1166E+02
 -11.588  0.5550E+01  0.1171E+02
 -11.578  0.5120E+01  0.1177E+02
 -11.568  0.4740E+01  0.1182E+02
 -11.558  0.4462E+01  0.1186E+02
 -11.548  0.4222E+01  0.1191E+02
 -11.538  0.4076E+01  0.1195E+02
 -11.528  0.3979E+01  0.1199E+02
 -11.518  0.0000E+00  0.1200E+02
 -11.508  0.0000E+00  0.1200E+02
 -11.498  0.0000E+00  0.1200E+02
 -11.488  0.0000E+00  0.1200E+02
 -11.478  0.0000E+00  0.1200E+02
 -11.468  0.0000E+00  0.1200E+02
 -11.458  0.0000E+00  0.1200E+02
 -11.448  0.0000E+00  0.1200E+02
 -11.438  0.0000E+00  0.1200E+02
 -11.428  0.0000E+00  0.1200E+02
 -11.418  0.0000E+00  0.1200E+02
 -11.408  0.0000E+00  0.1200E+02
 -11.398  0.0000E+00  0.1200E+02
 -11.388  0.0000E+00  0.1200E+02
 -11.378  0.0000E+00  0.1200E+02
 -11.368  0.0000E+00  0.1200E+02
 -11.358  0.0000E+00  0.1200E+02
 -11.348  0.0000E+00  0.1200E+02
 -11.338  0.0000E+00  0.1200E+02
 -11.328  0.0000E+00  0.1200E+02
 -11.318  0.0000E+00  0.1200E+02
 -11.308  0.0000E+00  0.1200E+02
 -11.298  0.0000E+00  0.1200E+02
 -11.288  0.0000E+00  0.1200E+02
 -11.278  0.0000E+00  0.1200E+02
 -11.268  0.0000E+00  0.1200E+02
 -11.258  0.0000E+00  0.1200E+02
 -11.248  0.0000E+00  0.1200E+02
 -11.238  0.0000E+00  0.1200E+02
 -11.228  0.0000E+00  0.1200E+02
 -11.218  0.0000E+00  0.1200E+02
 -11.208  0.0000E+00  0.1200E+02
 -11.198  0.0000E+00  0.1200E+02
 -11.188  0.0000E+00  0.1200E+02
 -11.178  0.0000E+00  0.1200E+02
 -11.168  0.0000E+00  0.1200E+02
 -11.158  0.0000E+00  0.1200E+02
 -11.148  0.0000E+00  0.1200E+02
 -11.138  0.0000E+00  0.1200E+02
 -11.128  0.0000E+00  0.1200E+02
 -11.118  0.0000E+00  0.1200E+02
 -11.108  0.0000E+00  0.1200E+02
 -11.098  0.0000E+00  0.1200E+02
 -11.088  0.0000E+00  0.1200E+02
 -11.078  0.0000E+00  0.1200E+02
 -11.068  0.0000E+00  0.1200E+02
 -11.058  0.0000E+00  0.1200E+02
 -11.048  0.0000E+00  0.1200E+02
 -11.038  0.0000E+00  0.1200E+02
 -11.028  0.0000E+00  0.1200E+02
 -11.018  0.0000E+00  0.1200E+02
 -11.008  0.0000E+00  0.1200E+02
 -10.998  0.0000E+00  0.1200E+02
 -10.988  0.0000E+00  0.1200E+02
 -10.978  0.0000E+00  0.1200E+02
 -10.968  0.0000E+00  0.1200E+02
 -10.958  0.0000E+00  0.1200E+02
 -10.948  0.0000E+00  0.1200E+02
 -10.938  0.0000E+00  0.1200E+02
 -10.928  0.0000E+00  0.1200E+02
 -10.918  0.0000E+00  0.1200E+02
 -10.908  0.0000E+00  0.1200E+02
 -10.898  0.0000E+00  0.1200E+02
 -10.888  0.0000E+00  0.1200E+02
 -10.878  0.0000E+00  0.1200E+02
 -10.868  0.0000E+00  0.1200E+02
 -10.858  0.0000E+00  0.1200E+02
 -10.848  0.0000E+00  0.1200E+02
 -10.838  0.0000E+00  0.1200E+02
 -10.828  0.0000E+00  0.1200E+02
 -10.818  0.0000E+00  0.1200E+02
 -10.808  0.0000E+00  0.1200E+02
 -10.798  0.0000E+00  0.1200E+02
 -10.788  0.0000E+00  0.1200E+02
 -10.778  0.0000E+00  0.1200E+02
 -10.768  0.0000E+00  0.1200E+02
 -10.758  0.0000E+00  0.1200E+02
 -10.748  0.0000E+00  0.1200E+02
 -10.738  0.0000E+00  0.1200E+02
 -10.728  0.0000E+00  0.1200E+02
 -10.718  0.0000E+00  0.1200E+02
 -10.708  0.0000E+00  0.1200E+02
 -10.698  0.0000E+00  0.1200E+02
 -10.688  0.0000E+00  0.1200E+02
 -10.678  0.0000E+00  0.1200E+02
 -10.668  0.0000E+00  0.1200E+02
 -10.658  0.0000E+00  0.1200E+02
 -10.648  0.0000E+00  0.1200E+02
 -10.638  0.0000E+00  0.1200E+02
 -10.628  0.0000E+00  0.1200E+02
 -10.618  0.0000E+00  0.1200E+02
 -10.608  0.0000E+00  0.1200E+02
 -10.598  0.0000E+00  0.1200E+02
 -10.588  0.0000E+00  0.1200E+02
 -10.578  0.0000E+00  0.1200E+02
 -10.568  0.0000E+00  0.1200E+02
 -10.558  0.0000E+00  0.1200E+02
 -10.548  0.0000E+00  0.1200E+02
 -10.538  0.0000E+00  0.1200E+02
 -10.528  0.0000E+00  0.1200E+02
 -10.518  0.0000E+00  0.1200E+02
 -10.508  0.0000E+00  0.1200E+02
 -10.498  0.0000E+00  0.1200E+02
 -10.488  0.0000E+00  0.1200E+02
 -10.478  0.0000E+00  0.1200E+02
 -10.468  0.0000E+00  0.1200E+02
 -10.458  0.0000E+00  0.1200E+02
 -10.448  0.0000E+00  0.1200E+02
 -10.438  0.0000E+00  0.1200E+02
 -10.428  0.0000E+00  0.1200E+02
 -10.418  0.0000E+00  0.1200E+02
 -10.408  0.0000E+00  0.1200E+02
 -10.398  0.0000E+00  0.1200E+02
 -10.388  0.0000E+00  0.1200E+02
 -10.378  0.0000E+00  0.1200E+02
 -10.368  0.0000E+00  0.1200E+02
 -10.358  0.0000E+00  0.1200E+02
 -10.348  0.0000E+00  0.1200E+02
 -10.338  0.0000E+00  0.1200E+02
 -10.328  0.0000E+00  0.1200E+02
 -10.318  0.0000E+00  0.1200E+02
 -10.308  0.0000E+00  0.1200E+02
 -10.298  0.0000E+00  0.1200E+02
 -10.288  0.0000E+00  0.1200E+02
 -10.278  0.0000E+00  0.1200E+02
 -10.268  0.0000E+00  0.1200E+02
 -10.258  0.0000E+00  0.1200E+02
 -10.248  0.0000E+00  0.1200E+02
 -10.238  0.0000E+00  0.1200E+02
 -10.228  0.0000E+00  0.1200E+02
 -10.218  0.0000E+00  0.1200E+02
 -10.208  0.0000E+00  0.1200E+02
 -10.198  0.0000E+00  0.1200E+02
 -10.188  0.0000E+00  0.1200E+02
 -10.178  0.0000E+00  0.1200E+02
 -10.168  0.0000E+00  0.1200E+02
 -10.158  0.0000E+00  0.1200E+02
 -10.148  0.0000E+00  0.1200E+02
 -10.138  0.0000E+00  0.1200E+02
 -10.128  0.0000E+00  0.1200E+02
 -10.118  0.0000E+00  0.1200E+02
 -10.108  0.0000E+00  0.1200E+02
 -10.098  0.0000E+00  0.1200E+02
 -10.088  0.0000E+00  0.1200E+02
 -10.078  0.0000E+00  0.1200E+02
 -10.068  0.0000E+00  0.1200E+02
 -10.058  0.0000E+00  0.1200E+02
 -10.048  0.0000E+00  0.1200E+02
 -10.038  0.0000E+00  0.1200E+02
 -10.028  0.0000E+00  0.1200E+02
 -10.018  0.0000E+00  0.1200E+02
 -10.008  0.0000E+00  0.1200E+02
  -9.998  0.0000E+00  0.1200E+02
  -9.988  0.0000E+00  0.1200E+02
  -9.978  0.0000E+00  0.1200E+02
  -9.968  0.0000E+00  0.1200E+02
  -9.958  0.0000E+00  0.1200E+02
  -9.948  0.0000E+00  0.1200E+02
  -9.938  0.0000E+00  0.1200E+02
  -9.928  0.0000E+00  0.1200E+02
  -9.918  0.0000E+00  0.1200E+02
  -9.908  0.0000E+00  0.1200E+02
  -9.898  0.0000E+00  0.1200E+02
  -9.888  0.0000E+00  0.1200E+02
  -9.878  0.0000E+00  0.1200E+02
  -9.868  0.0000E+00  0.1200E+02
  -9.858  0.0000E+00  0.1200E+02
  -9.848  0.0000E+00  0.1200E+02
  -9.838  0.0000E+00  0.1200E+02
  -9.828  0.0000E+00  0.1200E+02
  -9.818  0.0000E+00  0.1200E+02
  -9.808  0.0000E+00  0.1200E+02
  -9.798  0.0000E+00  0.1200E+02
  -9.788  0.0000E+00  0.1200E+02
  -9.778  0.0000E+00  0.1200E+02
  -9.768  0.0000E+00  0.1200E+02
  -9.758  0.0000E+00  0.1200E+02
  -9.748  0.0000E+00  0.1200E+02
  -9.738  0.0000E+00  0.1200E+02
  -9.728  0.0000E+00  0.1200E+02
  -9.718  0.0000E+00  0.1200E+02
  -9.708  0.0000E+00  0.1200E+02
  -9.698  0.0000E+00  0.1200E+02
  -9.688  0.0000E+00  0.1200E+02
  -9.678  0.0000E+00  0.1200E+02
  -9.668  0.0000E+00  0.1200E+02
  -9.658  0.0000E+00  0.1200E+02
  -9.648  0.0000E+00  0.1200E+02
  -9.638  0.0000E+00  0.1200E+02
  -9.628  0.0000E+00  0.1200E+02
  -9.618  0.0000E+00  0.1200E+02
  -9.608  0.0000E+00  0.1200E+02
  -9.598  0.0000E+00  0.1200E+02
  -9.588  0.0000E+00  0.1200E+02
  -9.578  0.0000E+00  0.1200E+02
  -9.568  0.0000E+00  0.1200E+02
  -9.558  0.0000E+00  0.1200E+02
  -9.548  0.0000E+00  0.1200E+02
  -9.538  0.0000E+00  0.1200E+02
  -9.528  0.0000E+00  0.1200E+02
  -9.518  0.0000E+00  0.1200E+02
  -9.508  0.0000E+00  0.1200E+02
  -9.498  0.0000E+00  0.1200E+02
  -9.488  0.0000E+00  0.1200E+02
  -9.478  0.0000E+00  0.1200E+02
  -9.468  0.0000E+00  0.1200E+02
  -9.458  0.0000E+00  0.1200E+02
  -9.448  0.0000E+00  0.1200E+02
  -9.438  0.0000E+00  0.1200E+02
  -9.428  0.0000E+00  0.1200E+02
  -9.418  0.0000E+00  0.1200E+02
  -9.408  0.0000E+00  0.1200E+02
  -9.398  0.0000E+00  0.1200E+02
  -9.388  0.0000E+00  0.1200E+02
  -9.378  0.0000E+00  0.1200E+02
  -9.368  0.0000E+00  0.1200E+02
  -9.358  0.0000E+00  0.1200E+02
  -9.348  0.0000E+00  0.1200E+02
  -9.338  0.0000E+00  0.1200E+02
  -9.328  0.0000E+00  0.1200E+02
  -9.318  0.0000E+00  0.1200E+02
  -9.308  0.0000E+00  0.1200E+02
  -9.298  0.0000E+00  0.1200E+02
  -9.288  0.0000E+00  0.1200E+02
  -9.278  0.0000E+00  0.1200E+02
  -9.268  0.0000E+00  0.1200E+02
  -9.258  0.0000E+00  0.1200E+02
  -9.248  0.0000E+00  0.1200E+02
  -9.238  0.0000E+00  0.1200E+02
  -9.228  0.0000E+00  0.1200E+02
  -9.218  0.0000E+00  0.1200E+02
  -9.208  0.0000E+00  0.1200E+02
  -9.198  0.0000E+00  0.1200E+02
  -9.188  0.0000E+00  0.1200E+02
  -9.178  0.0000E+00  0.1200E+02
  -9.168  0.0000E+00  0.1200E+02
  -9.158  0.0000E+00  0.1200E+02
  -9.148  0.0000E+00  0.1200E+02
  -9.138  0.0000E+00  0.1200E+02
  -9.128  0.0000E+00  0.1200E+02
  -9.118  0.0000E+00  0.1200E+02
  -9.108  0.0000E+00  0.1200E+02
  -9.098  0.0000E+00  0.1200E+02
  -9.088  0.0000E+00  0.1200E+02
  -9.078  0.0000E+00  0.1200E+02
  -9.068  0.0000E+00  0.1200E+02
  -9.058  0.0000E+00  0.1200E+02
  -9.048  0.0000E+00  0.1200E+02
  -9.038  0.0000E+00  0.1200E+02
  -9.028  0.0000E+00  0.1200E+02
  -9.018  0.0000E+00  0.1200E+02
  -9.008  0.0000E+00  0.1200E+02
  -8.998  0.0000E+00  0.1200E+02
  -8.988  0.0000E+00  0.1200E+02
  -8.978  0.0000E+00  0.1200E+02
  -8.968  0.0000E+00  0.1200E+02
  -8.958  0.0000E+00  0.1200E+02
  -8.948  0.0000E+00  0.1200E+02
  -8.938  0.0000E+00  0.1200E+02
  -8.928  0.0000E+00  0.1200E+02
  -8.918  0.0000E+00  0.1200E+02
  -8.908  0.0000E+00  0.1200E+02
  -8.898  0.0000E+00  0.1200E+02
  -8.888  0.0000E+00  0.1200E+02
  -8.878  0.0000E+00  0.1200E+02
  -8.868  0.0000E+00  0.1200E+02
  -8.858  0.0000E+00  0.1200E+02
  -8.848  0.0000E+00  0.1200E+02
  -8.838  0.0000E+00  0.1200E+02
  -8.828  0.0000E+00  0.1200E+02
  -8.818  0.0000E+00  0.1200E+02
  -8.808  0.0000E+00  0.1200E+02
  -8.798  0.0000E+00  0.1200E+02
  -8.788  0.0000E+00  0.1200E+02
  -8.778  0.0000E+00  0.1200E+02
  -8.768  0.0000E+00  0.1200E+02
  -8.758  0.0000E+00  0.1200E+02
  -8.748  0.0000E+00  0.1200E+02
  -8.738  0.0000E+00  0.1200E+02
  -8.728  0.0000E+00  0.1200E+02
  -8.718  0.0000E+00  0.1200E+02
  -8.708  0.0000E+00  0.1200E+02
  -8.698  0.0000E+00  0.1200E+02
  -8.688  0.0000E+00  0.1200E+02
  -8.678  0.0000E+00  0.1200E+02
  -8.668  0.0000E+00  0.1200E+02
  -8.658  0.0000E+00  0.1200E+02
  -8.648  0.0000E+00  0.1200E+02
  -8.638  0.0000E+00  0.1200E+02
  -8.628  0.0000E+00  0.1200E+02
  -8.618  0.0000E+00  0.1200E+02
  -8.608  0.0000E+00  0.1200E+02
  -8.598  0.0000E+00  0.1200E+02
  -8.588  0.0000E+00  0.1200E+02
  -8.578  0.0000E+00  0.1200E+02
  -8.568  0.0000E+00  0.1200E+02
  -8.558  0.0000E+00  0.1200E+02
  -8.548  0.0000E+00  0.1200E+02
  -8.538  0.0000E+00  0.1200E+02
  -8.528  0.0000E+00  0.1200E+02
  -8.518  0.0000E+00  0.1200E+02
  -8.508  0.0000E+00  0.1200E+02
  -8.498  0.0000E+00  0.1200E+02
  -8.488  0.0000E+00  0.1200E+02
  -8.478  0.0000E+00  0.1200E+02
  -8.468  0.0000E+00  0.1200E+02
  -8.458  0.0000E+00  0.1200E+02
  -8.448  0.0000E+00  0.1200E+02
  -8.438  0.0000E+00  0.1200E+02
  -8.428  0.0000E+00  0.1200E+02
  -8.418  0.0000E+00  0.1200E+02
  -8.408  0.0000E+00  0.1200E+02
  -8.398  0.0000E+00  0.1200E+02
  -8.388  0.0000E+00  0.1200E+02
  -8.378  0.0000E+00  0.1200E+02
  -8.368  0.0000E+00  0.1200E+02
  -8.358  0.0000E+00  0.1200E+02
  -8.348  0.0000E+00  0.1200E+02
  -8.338  0.0000E+00  0.1200E+02
  -8.328  0.0000E+00  0.1200E+02
  -8.318  0.0000E+00  0.1200E+02
  -8.308  0.0000E+00  0.1200E+02
  -8.298  0.0000E+00  0.1200E+02
  -8.288  0.0000E+00  0.1200E+02
  -8.278  0.0000E+00  0.1200E+02
  -8.268  0.0000E+00  0.1200E+02
  -8.258  0.0000E+00  0.1200E+02
  -8.248  0.0000E+00  0.1200E+02
  -8.238  0.0000E+00  0.1200E+02
  -8.228  0.0000E+00  0.1200E+02
  -8.218  0.0000E+00  0.1200E+02
  -8.208  0.0000E+00  0.1200E+02
  -8.198  0.0000E+00  0.1200E+02
  -8.188  0.0000E+00  0.1200E+02
  -8.178  0.0000E+00  0.1200E+02
  -8.168  0.0000E+00  0.1200E+02
  -8.158  0.0000E+00  0.1200E+02
  -8.148  0.0000E+00  0.1200E+02
  -8.138  0.0000E+00  0.1200E+02
  -8.128  0.0000E+00  0.1200E+02
  -8.118  0.0000E+00  0.1200E+02
  -8.108  0.0000E+00  0.1200E+02
  -8.098  0.0000E+00  0.1200E+02
  -8.088  0.0000E+00  0.1200E+02
  -8.078  0.0000E+00  0.1200E+02
  -8.068  0.0000E+00  0.1200E+02
  -8.058  0.0000E+00  0.1200E+02
  -8.048  0.0000E+00  0.1200E+02
  -8.038  0.0000E+00  0.1200E+02
  -8.028  0.0000E+00  0.1200E+02
  -8.018  0.0000E+00  0.1200E+02
  -8.008  0.0000E+00  0.1200E+02
  -7.998  0.0000E+00  0.1200E+02
  -7.988  0.0000E+00  0.1200E+02
  -7.978  0.0000E+00  0.1200E+02
  -7.968  0.0000E+00  0.1200E+02
  -7.958  0.0000E+00  0.1200E+02
  -7.948  0.0000E+00  0.1200E+02
  -7.938  0.0000E+00  0.1200E+02
  -7.928  0.0000E+00  0.1200E+02
  -7.918  0.0000E+00  0.1200E+02
  -7.908  0.0000E+00  0.1200E+02
  -7.898  0.0000E+00  0.1200E+02
  -7.888  0.0000E+00  0.1200E+02
  -7.878  0.0000E+00  0.1200E+02
  -7.868  0.0000E+00  0.1200E+02
  -7.858  0.0000E+00  0.1200E+02
  -7.848  0.0000E+00  0.1200E+02
  -7.838  0.0000E+00  0.1200E+02
  -7.828  0.0000E+00  0.1200E+02
  -7.818  0.0000E+00  0.1200E+02
  -7.808  0.0000E+00  0.1200E+02
  -7.798  0.0000E+00  0.1200E+02
  -7.788  0.0000E+00  0.1200E+02
  -7.778  0.0000E+00  0.1200E+02
  -7.768  0.0000E+00  0.1200E+02
  -7.758  0.0000E+00  0.1200E+02
  -7.748  0.0000E+00  0.1200E+02
  -7.738  0.0000E+00  0.1200E+02
  -7.728  0.0000E+00  0.1200E+02
  -7.718  0.0000E+00  0.1200E+02
  -7.708  0.0000E+00  0.1200E+02
  -7.698  0.0000E+00  0.1200E+02
  -7.688  0.0000E+00  0.1200E+02
  -7.678  0.0000E+00  0.1200E+02
  -7.668  0.0000E+00  0.1200E+02
  -7.658  0.0000E+00  0.1200E+02
  -7.648  0.0000E+00  0.1200E+02
  -7.638  0.0000E+00  0.1200E+02
  -7.628  0.0000E+00  0.1200E+02
  -7.618  0.0000E+00  0.1200E+02
  -7.608  0.0000E+00  0.1200E+02
  -7.598  0.0000E+00  0.1200E+02
  -7.588  0.0000E+00  0.1200E+02
  -7.578  0.0000E+00  0.1200E+02
  -7.568  0.0000E+00  0.1200E+02
  -7.558  0.0000E+00  0.1200E+02
  -7.548  0.0000E+00  0.1200E+02
  -7.538  0.0000E+00  0.1200E+02
  -7.528  0.0000E+00  0.1200E+02
  -7.518  0.0000E+00  0.1200E+02
  -7.508  0.0000E+00  0.1200E+02
  -7.498  0.0000E+00  0.1200E+02
  -7.488  0.0000E+00  0.1200E+02
  -7.478  0.0000E+00  0.1200E+02
  -7.468  0.0000E+00  0.1200E+02
  -7.458  0.0000E+00  0.1200E+02
  -7.448  0.0000E+00  0.1200E+02
  -7.438  0.0000E+00  0.1200E+02
  -7.428  0.0000E+00  0.1200E+02
  -7.418  0.0000E+00  0.1200E+02
  -7.408  0.0000E+00  0.1200E+02
  -7.398  0.0000E+00  0.1200E+02
  -7.388  0.0000E+00  0.1200E+02
  -7.378  0.0000E+00  0.1200E+02
  -7.368  0.0000E+00  0.1200E+02
  -7.358  0.0000E+00  0.1200E+02
  -7.348  0.0000E+00  0.1200E+02
  -7.338  0.0000E+00  0.1200E+02
  -7.328  0.0000E+00  0.1200E+02
  -7.318  0.0000E+00  0.1200E+02
  -7.308  0.0000E+00  0.1200E+02
  -7.298  0.0000E+00  0.1200E+02
  -7.288  0.0000E+00  0.1200E+02
  -7.278  0.0000E+00  0.1200E+02
  -7.268  0.0000E+00  0.1200E+02
  -7.258  0.0000E+00  0.1200E+02
  -7.248  0.0000E+00  0.1200E+02
  -7.238  0.0000E+00  0.1200E+02
  -7.228  0.0000E+00  0.1200E+02
  -7.218  0.0000E+00  0.1200E+02
  -7.208  0.0000E+00  0.1200E+02
  -7.198  0.0000E+00  0.1200E+02
  -7.188  0.0000E+00  0.1200E+02
  -7.178  0.0000E+00  0.1200E+02
  -7.168  0.0000E+00  0.1200E+02
  -7.158  0.0000E+00  0.1200E+02
  -7.148  0.0000E+00  0.1200E+02
  -7.138  0.0000E+00  0.1200E+02
  -7.128  0.0000E+00  0.1200E+02
  -7.118  0.0000E+00  0.1200E+02
  -7.108  0.0000E+00  0.1200E+02
  -7.098  0.0000E+00  0.1200E+02
  -7.088  0.0000E+00  0.1200E+02
  -7.078  0.0000E+00  0.1200E+02
  -7.068  0.0000E+00  0.1200E+02
  -7.058  0.0000E+00  0.1200E+02
  -7.048  0.0000E+00  0.1200E+02
  -7.038  0.0000E+00  0.1200E+02
  -7.028  0.0000E+00  0.1200E+02
  -7.018  0.0000E+00  0.1200E+02
  -7.008  0.0000E+00  0.1200E+02
  -6.998  0.0000E+00  0.1200E+02
  -6.988  0.0000E+00  0.1200E+02
  -6.978  0.0000E+00  0.1200E+02
  -6.968  0.0000E+00  0.1200E+02
  -6.958  0.0000E+00  0.1200E+02
  -6.948  0.0000E+00  0.1200E+02
  -6.938  0.0000E+00  0.1200E+02
  -6.928  0.0000E+00  0.1200E+02
  -6.918  0.0000E+00  0.1200E+02
  -6.908  0.0000E+00  0.1200E+02
  -6.898  0.0000E+00  0.1200E+02
  -6.888  0.0000E+00  0.1200E+02
  -6.878  0.0000E+00  0.1200E+02
  -6.868  0.0000E+00  0.1200E+02
  -6.858  0.0000E+00  0.1200E+02
  -6.848  0.0000E+00  0.1200E+02
  -6.838  0.0000E+00  0.1200E+02
  -6.828  0.0000E+00  0.1200E+02
  -6.818  0.0000E+00  0.1200E+02
  -6.808  0.0000E+00  0.1200E+02
  -6.798  0.0000E+00  0.1200E+02
  -6.788  0.0000E+00  0.1200E+02
  -6.778  0.0000E+00  0.1200E+02
  -6.768  0.0000E+00  0.1200E+02
  -6.758  0.0000E+00  0.1200E+02
  -6.748  0.0000E+00  0.1200E+02
  -6.738  0.0000E+00  0.1200E+02
  -6.728  0.0000E+00  0.1200E+02
  -6.718  0.0000E+00  0.1200E+02
  -6.708  0.0000E+00  0.1200E+02
  -6.698  0.0000E+00  0.1200E+02
  -6.688  0.0000E+00  0.1200E+02
  -6.678  0.0000E+00  0.1200E+02
  -6.668  0.0000E+00  0.1200E+02
  -6.658  0.0000E+00  0.1200E+02
  -6.648  0.0000E+00  0.1200E+02
  -6.638  0.0000E+00  0.1200E+02
  -6.628  0.0000E+00  0.1200E+02
  -6.618  0.0000E+00  0.1200E+02
  -6.608  0.0000E+00  0.1200E+02
  -6.598  0.0000E+00  0.1200E+02
  -6.588  0.0000E+00  0.1200E+02
  -6.578  0.0000E+00  0.1200E+02
  -6.568  0.0000E+00  0.1200E+02
  -6.558  0.0000E+00  0.1200E+02
  -6.548  0.0000E+00  0.1200E+02
  -6.538  0.0000E+00  0.1200E+02
  -6.528  0.0000E+00  0.1200E+02
  -6.518  0.0000E+00  0.1200E+02
  -6.508  0.0000E+00  0.1200E+02
  -6.498  0.0000E+00  0.1200E+02
  -6.488  0.0000E+00  0.1200E+02
  -6.478  0.0000E+00  0.1200E+02
  -6.468  0.0000E+00  0.1200E+02
  -6.458  0.0000E+00  0.1200E+02
  -6.448  0.0000E+00  0.1200E+02
  -6.438  0.0000E+00  0.1200E+02
  -6.428  0.0000E+00  0.1200E+02
  -6.418  0.0000E+00  0.1200E+02
  -6.408  0.0000E+00  0.1200E+02
  -6.398  0.0000E+00  0.1200E+02
  -6.388  0.0000E+00  0.1200E+02
  -6.378  0.0000E+00  0.1200E+02
  -6.368  0.0000E+00  0.1200E+02
  -6.358  0.0000E+00  0.1200E+02
  -6.348  0.0000E+00  0.1200E+02
  -6.338  0.0000E+00  0.1200E+02
  -6.328  0.0000E+00  0.1200E+02
  -6.318  0.0000E+00  0.1200E+02
  -6.308  0.0000E+00  0.1200E+02
  -6.298  0.0000E+00  0.1200E+02
  -6.288  0.0000E+00  0.1200E+02
  -6.278  0.0000E+00  0.1200E+02
  -6.268  0.0000E+00  0.1200E+02
  -6.258  0.0000E+00  0.1200E+02
  -6.248  0.0000E+00  0.1200E+02
  -6.238  0.0000E+00  0.1200E+02
  -6.228  0.0000E+00  0.1200E+02
  -6.218  0.0000E+00  0.1200E+02
  -6.208  0.0000E+00  0.1200E+02
  -6.198  0.0000E+00  0.1200E+02
  -6.188  0.0000E+00  0.1200E+02
  -6.178  0.0000E+00  0.1200E+02
  -6.168  0.0000E+00  0.1200E+02
  -6.158  0.0000E+00  0.1200E+02
  -6.148  0.0000E+00  0.1200E+02
  -6.138  0.0000E+00  0.1200E+02
  -6.128  0.0000E+00  0.1200E+02
  -6.118  0.0000E+00  0.1200E+02
  -6.108  0.0000E+00  0.1200E+02
  -6.098  0.0000E+00  0.1200E+02
  -6.088  0.0000E+00  0.1200E+02
  -6.078  0.0000E+00  0.1200E+02
  -6.068  0.0000E+00  0.1200E+02
  -6.058  0.0000E+00  0.1200E+02
  -6.048  0.0000E+00  0.1200E+02
  -6.038  0.0000E+00  0.1200E+02
  -6.028  0.0000E+00  0.1200E+02
  -6.018  0.0000E+00  0.1200E+02
  -6.008  0.0000E+00  0.1200E+02
  -5.998  0.0000E+00  0.1200E+02
  -5.988  0.0000E+00  0.1200E+02
  -5.978  0.0000E+00  0.1200E+02
  -5.968  0.0000E+00  0.1200E+02
  -5.958  0.0000E+00  0.1200E+02
  -5.948  0.0000E+00  0.1200E+02
  -5.938  0.0000E+00  0.1200E+02
  -5.928  0.0000E+00  0.1200E+02
  -5.918  0.0000E+00  0.1200E+02
  -5.908  0.0000E+00  0.1200E+02
  -5.898  0.0000E+00  0.1200E+02
  -5.888  0.0000E+00  0.1200E+02
  -5.878  0.0000E+00  0.1200E+02
  -5.868  0.0000E+00  0.1200E+02
  -5.858  0.0000E+00  0.1200E+02
  -5.848  0.0000E+00  0.1200E+02
  -5.838  0.0000E+00  0.1200E+02
  -5.828  0.0000E+00  0.1200E+02
  -5.818  0.0000E+00  0.1200E+02
  -5.808  0.0000E+00  0.1200E+02
  -5.798  0.0000E+00  0.1200E+02
  -5.788  0.0000E+00  0.1200E+02
  -5.778  0.0000E+00  0.1200E+02
  -5.768  0.0000E+00  0.1200E+02
  -5.758  0.0000E+00  0.1200E+02
  -5.748  0.0000E+00  0.1200E+02
  -5.738  0.0000E+00  0.1200E+02
  -5.728  0.0000E+00  0.1200E+02
  -5.718  0.0000E+00  0.1200E+02
  -5.708  0.0000E+00  0.1200E+02
  -5.698  0.0000E+00  0.1200E+02
  -5.688  0.0000E+00  0.1200E+02
  -5.678  0.0000E+00  0.1200E+02
  -5.668  0.0000E+00  0.1200E+02
  -5.658  0.0000E+00  0.1200E+02
  -5.648  0.0000E+00  0.1200E+02
  -5.638  0.0000E+00  0.1200E+02
  -5.628  0.0000E+00  0.1200E+02
  -5.618  0.0000E+00  0.1200E+02
  -5.608  0.0000E+00  0.1200E+02
  -5.598  0.0000E+00  0.1200E+02
  -5.588  0.0000E+00  0.1200E+02
  -5.578  0.0000E+00  0.1200E+02
  -5.568  0.0000E+00  0.1200E+02
  -5.558  0.0000E+00  0.1200E+02
  -5.548  0.0000E+00  0.1200E+02
  -5.538  0.0000E+00  0.1200E+02
  -5.528  0.0000E+00  0.1200E+02
  -5.518  0.0000E+00  0.1200E+02
  -5.508  0.0000E+00  0.1200E+02
  -5.498  0.0000E+00  0.1200E+02
  -5.488  0.0000E+00  0.1200E+02
  -5.478  0.0000E+00  0.1200E+02
  -5.468  0.0000E+00  0.1200E+02
  -5.458  0.0000E+00  0.1200E+02
  -5.448  0.0000E+00  0.1200E+02
  -5.438  0.0000E+00  0.1200E+02
  -5.428  0.0000E+00  0.1200E+02
  -5.418  0.0000E+00  0.1200E+02
  -5.408  0.0000E+00  0.1200E+02
  -5.398  0.0000E+00  0.1200E+02
  -5.388  0.0000E+00  0.1200E+02
  -5.378  0.0000E+00  0.1200E+02
  -5.368  0.0000E+00  0.1200E+02
  -5.358  0.0000E+00  0.1200E+02
  -5.348  0.0000E+00  0.1200E+02
  -5.338  0.0000E+00  0.1200E+02
  -5.328  0.0000E+00  0.1200E+02
  -5.318  0.0000E+00  0.1200E+02
  -5.308  0.0000E+00  0.1200E+02
  -5.298  0.0000E+00  0.1200E+02
  -5.288  0.0000E+00  0.1200E+02
  -5.278  0.0000E+00  0.1200E+02
  -5.268  0.0000E+00  0.1200E+02
  -5.258  0.0000E+00  0.1200E+02
  -5.248  0.0000E+00  0.1200E+02
  -5.238  0.0000E+00  0.1200E+02
  -5.228  0.0000E+00  0.1200E+02
  -5.218  0.0000E+00  0.1200E+02
  -5.208  0.0000E+00  0.1200E+02
  -5.198  0.0000E+00  0.1200E+02
  -5.188  0.0000E+00  0.1200E+02
  -5.178  0.0000E+00  0.1200E+02
  -5.168  0.0000E+00  0.1200E+02
  -5.158  0.0000E+00  0.1200E+02
  -5.148  0.0000E+00  0.1200E+02
  -5.138  0.0000E+00  0.1200E+02
  -5.128  0.0000E+00  0.1200E+02
  -5.118  0.0000E+00  0.1200E+02
  -5.108  0.0000E+00  0.1200E+02
  -5.098  0.0000E+00  0.1200E+02
  -5.088  0.0000E+00  0.1200E+02
  -5.078  0.0000E+00  0.1200E+02
  -5.068  0.0000E+00  0.1200E+02
  -5.058  0.0000E+00  0.1200E+02
  -5.048  0.0000E+00  0.1200E+02
  -5.038  0.0000E+00  0.1200E+02
  -5.028  0.0000E+00  0.1200E+02
  -5.018  0.0000E+00  0.1200E+02
  -5.008  0.0000E+00  0.1200E+02
  -4.998  0.0000E+00  0.1200E+02
  -4.988  0.0000E+00  0.1200E+02
  -4.978  0.0000E+00  0.1200E+02
  -4.968  0.0000E+00  0.1200E+02
  -4.958  0.0000E+00  0.1200E+02
  -4.948  0.0000E+00  0.1200E+02
  -4.938  0.0000E+00  0.1200E+02
  -4.928  0.0000E+00  0.1200E+02
  -4.918  0.0000E+00  0.1200E+02
  -4.908  0.0000E+00  0.1200E+02
  -4.898  0.0000E+00  0.1200E+02
  -4.888  0.0000E+00  0.1200E+02
  -4.878  0.0000E+00  0.1200E+02
  -4.868  0.0000E+00  0.1200E+02
  -4.858  0.0000E+00  0.1200E+02
  -4.848  0.0000E+00  0.1200E+02
  -4.838  0.0000E+00  0.1200E+02
  -4.828  0.0000E+00  0.1200E+02
  -4.818  0.0000E+00  0.1200E+02
  -4.808  0.0000E+00  0.1200E+02
  -4.798  0.0000E+00  0.1200E+02
  -4.788  0.0000E+00  0.1200E+02
  -4.778  0.0000E+00  0.1200E+02
  -4.768  0.0000E+00  0.1200E+02
  -4.758  0.0000E+00  0.1200E+02
  -4.748  0.0000E+00  0.1200E+02
  -4.738  0.0000E+00  0.1200E+02
  -4.728  0.0000E+00  0.1200E+02
  -4.718  0.0000E+00  0.1200E+02
  -4.708  0.0000E+00  0.1200E+02
  -4.698  0.0000E+00  0.1200E+02
  -4.688  0.0000E+00  0.1200E+02
  -4.678  0.0000E+00  0.1200E+02
  -4.668  0.0000E+00  0.1200E+02
  -4.658  0.0000E+00  0.1200E+02
  -4.648  0.0000E+00  0.1200E+02
  -4.638  0.0000E+00  0.1200E+02
  -4.628  0.0000E+00  0.1200E+02
  -4.618  0.0000E+00  0.1200E+02
  -4.608  0.0000E+00  0.1200E+02
  -4.598  0.0000E+00  0.1200E+02
  -4.588  0.0000E+00  0.1200E+02
  -4.578  0.0000E+00  0.1200E+02
  -4.568  0.0000E+00  0.1200E+02
  -4.558  0.0000E+00  0.1200E+02
  -4.548  0.0000E+00  0.1200E+02
  -4.538  0.0000E+00  0.1200E+02
  -4.528  0.0000E+00  0.1200E+02
  -4.518  0.0000E+00  0.1200E+02
  -4.508  0.0000E+00  0.1200E+02
  -4.498  0.0000E+00  0.1200E+02
  -4.488  0.0000E+00  0.1200E+02
  -4.478  0.0000E+00  0.1200E+02
  -4.468  0.0000E+00  0.1200E+02
  -4.458  0.0000E+00  0.1200E+02
  -4.448  0.0000E+00  0.1200E+02
  -4.438  0.0000E+00  0.1200E+02
  -4.428  0.0000E+00  0.1200E+02
  -4.418  0.0000E+00  0.1200E+02
  -4.408  0.0000E+00  0.1200E+02
  -4.398  0.0000E+00  0.1200E+02
  -4.388  0.0000E+00  0.1200E+02
  -4.378  0.0000E+00  0.1200E+02
  -4.368  0.0000E+00  0.1200E+02
  -4.358  0.0000E+00  0.1200E+02
  -4.348  0.0000E+00  0.1200E+02
  -4.338  0.0000E+00  0.1200E+02
  -4.328  0.0000E+00  0.1200E+02
  -4.318  0.0000E+00  0.1200E+02
  -4.308  0.0000E+00  0.1200E+02
  -4.298  0.0000E+00  0.1200E+02
  -4.288  0.0000E+00  0.1200E+02
  -4.278  0.0000E+00  0.1200E+02
  -4.268  0.0000E+00  0.1200E+02
  -4.258  0.0000E+00  0.1200E+02
  -4.248  0.0000E+00  0.1200E+02
  -4.238  0.0000E+00  0.1200E+02
  -4.228  0.0000E+00  0.1200E+02
  -4.218  0.0000E+00  0.1200E+02
  -4.208  0.0000E+00  0.1200E+02
  -4.198  0.0000E+00  0.1200E+02
  -4.188  0.0000E+00  0.1200E+02
  -4.178  0.0000E+00  0.1200E+02
  -4.168  0.0000E+00  0.1200E+02
  -4.158  0.0000E+00  0.1200E+02
  -4.148  0.0000E+00  0.1200E+02
  -4.138  0.0000E+00  0.1200E+02
  -4.128  0.0000E+00  0.1200E+02
  -4.118  0.0000E+00  0.1200E+02
  -4.108  0.0000E+00  0.1200E+02
  -4.098  0.0000E+00  0.1200E+02
  -4.088  0.0000E+00  0.1200E+02
  -4.078  0.0000E+00  0.1200E+02
  -4.068  0.0000E+00  0.1200E+02
  -4.058  0.0000E+00  0.1200E+02
  -4.048  0.0000E+00  0.1200E+02
  -4.038  0.0000E+00  0.1200E+02
  -4.028  0.0000E+00  0.1200E+02
  -4.018  0.0000E+00  0.1200E+02
  -4.008  0.0000E+00  0.1200E+02
  -3.998  0.0000E+00  0.1200E+02
  -3.988  0.0000E+00  0.1200E+02
  -3.978  0.0000E+00  0.1200E+02
  -3.968  0.0000E+00  0.1200E+02
  -3.958  0.0000E+00  0.1200E+02
  -3.948  0.0000E+00  0.1200E+02
  -3.938  0.0000E+00  0.1200E+02
  -3.928  0.0000E+00  0.1200E+02
  -3.918  0.0000E+00  0.1200E+02
  -3.908  0.0000E+00  0.1200E+02
  -3.898  0.0000E+00  0.1200E+02
  -3.888  0.0000E+00  0.1200E+02
  -3.878  0.0000E+00  0.1200E+02
  -3.868  0.0000E+00  0.1200E+02
  -3.858  0.0000E+00  0.1200E+02
  -3.848  0.0000E+00  0.1200E+02
  -3.838  0.0000E+00  0.1200E+02
  -3.828  0.0000E+00  0.1200E+02
  -3.818  0.0000E+00  0.1200E+02
  -3.808  0.0000E+00  0.1200E+02
  -3.798  0.0000E+00  0.1200E+02
  -3.788  0.0000E+00  0.1200E+02
  -3.778  0.0000E+00  0.1200E+02
  -3.768  0.0000E+00  0.1200E+02
  -3.758  0.0000E+00  0.1200E+02
  -3.748  0.0000E+00  0.1200E+02
  -3.738  0.0000E+00  0.1200E+02
  -3.728  0.0000E+00  0.1200E+02
  -3.718  0.0000E+00  0.1200E+02
  -3.708  0.0000E+00  0.1200E+02
  -3.698  0.0000E+00  0.1200E+02
  -3.688  0.0000E+00  0.1200E+02
  -3.678  0.0000E+00  0.1200E+02
  -3.668  0.0000E+00  0.1200E+02
  -3.658  0.0000E+00  0.1200E+02
  -3.648  0.0000E+00  0.1200E+02
  -3.638  0.0000E+00  0.1200E+02
  -3.628  0.0000E+00  0.1200E+02
  -3.618  0.0000E+00  0.1200E+02
  -3.608  0.0000E+00  0.1200E+02
  -3.598  0.0000E+00  0.1200E+02
  -3.588  0.0000E+00  0.1200E+02
  -3.578  0.0000E+00  0.1200E+02
  -3.568  0.0000E+00  0.1200E+02
  -3.558  0.0000E+00  0.1200E+02
  -3.548  0.0000E+00  0.1200E+02
  -3.538  0.0000E+00  0.1200E+02
  -3.528  0.0000E+00  0.1200E+02
  -3.518  0.0000E+00  0.1200E+02
  -3.508  0.0000E+00  0.1200E+02
  -3.498  0.0000E+00  0.1200E+02
  -3.488  0.0000E+00  0.1200E+02
  -3.478  0.0000E+00  0.1200E+02
  -3.468  0.0000E+00  0.1200E+02
  -3.458  0.0000E+00  0.1200E+02
  -3.448  0.0000E+00  0.1200E+02
  -3.438  0.0000E+00  0.1200E+02
  -3.428  0.0000E+00  0.1200E+02
  -3.418  0.0000E+00  0.1200E+02
  -3.408  0.0000E+00  0.1200E+02
  -3.398  0.0000E+00  0.1200E+02
  -3.388  0.0000E+00  0.1200E+02
  -3.378  0.0000E+00  0.1200E+02
  -3.368  0.0000E+00  0.1200E+02
  -3.358  0.0000E+00  0.1200E+02
  -3.348  0.0000E+00  0.1200E+02
  -3.338  0.0000E+00  0.1200E+02
  -3.328  0.0000E+00  0.1200E+02
  -3.318  0.0000E+00  0.1200E+02
  -3.308  0.0000E+00  0.1200E+02
  -3.298  0.0000E+00  0.1200E+02
  -3.288  0.0000E+00  0.1200E+02
  -3.278  0.0000E+00  0.1200E+02
  -3.268  0.0000E+00  0.1200E+02
  -3.258  0.0000E+00  0.1200E+02
  -3.248  0.0000E+00  0.1200E+02
  -3.238  0.0000E+00  0.1200E+02
  -3.228  0.0000E+00  0.1200E+02
  -3.218  0.0000E+00  0.1200E+02
  -3.208  0.0000E+00  0.1200E+02
  -3.198  0.0000E+00  0.1200E+02
  -3.188  0.0000E+00  0.1200E+02
  -3.178  0.0000E+00  0.1200E+02
  -3.168  0.0000E+00  0.1200E+02
  -3.158  0.0000E+00  0.1200E+02
  -3.148  0.0000E+00  0.1200E+02
  -3.138  0.0000E+00  0.1200E+02
  -3.128  0.0000E+00  0.1200E+02
  -3.118  0.0000E+00  0.1200E+02
  -3.108  0.0000E+00  0.1200E+02
  -3.098  0.0000E+00  0.1200E+02
  -3.088  0.0000E+00  0.1200E+02
  -3.078  0.0000E+00  0.1200E+02
  -3.068  0.0000E+00  0.1200E+02
  -3.058  0.0000E+00  0.1200E+02
  -3.048  0.0000E+00  0.1200E+02
  -3.038  0.0000E+00  0.1200E+02
  -3.028  0.0000E+00  0.1200E+02
  -3.018  0.0000E+00  0.1200E+02
  -3.008  0.0000E+00  0.1200E+02
  -2.998  0.0000E+00  0.1200E+02
  -2.988  0.0000E+00  0.1200E+02
  -2.978  0.0000E+00  0.1200E+02
  -2.968  0.0000E+00  0.1200E+02
  -2.958  0.0000E+00  0.1200E+02
  -2.948  0.0000E+00  0.1200E+02
  -2.938  0.0000E+00  0.1200E+02
  -2.928  0.0000E+00  0.1200E+02
  -2.918  0.0000E+00  0.1200E+02
  -2.908  0.0000E+00  0.1200E+02
  -2.898  0.0000E+00  0.1200E+02
  -2.888  0.0000E+00  0.1200E+02
  -2.878  0.0000E+00  0.1200E+02
  -2.868  0.0000E+00  0.1200E+02
  -2.858  0.0000E+00  0.1200E+02
  -2.848  0.0000E+00  0.1200E+02
  -2.838  0.0000E+00  0.1200E+02
  -2.828  0.0000E+00  0.1200E+02
  -2.818  0.0000E+00  0.1200E+02
  -2.808  0.0000E+00  0.1200E+02
  -2.798  0.0000E+00  0.1200E+02
  -2.788  0.0000E+00  0.1200E+02
  -2.778  0.0000E+00  0.1200E+02
  -2.768  0.0000E+00  0.1200E+02
  -2.758  0.0000E+00  0.1200E+02
  -2.748  0.0000E+00  0.1200E+02
  -2.738  0.0000E+00  0.1200E+02
  -2.728  0.0000E+00  0.1200E+02
  -2.718  0.0000E+00  0.1200E+02
  -2.708  0.0000E+00  0.1200E+02
  -2.698  0.0000E+00  0.1200E+02
  -2.688  0.0000E+00  0.1200E+02
  -2.678  0.0000E+00  0.1200E+02
  -2.668  0.0000E+00  0.1200E+02
  -2.658  0.0000E+00  0.1200E+02
  -2.648  0.0000E+00  0.1200E+02
  -2.638  0.0000E+00  0.1200E+02
  -2.628  0.0000E+00  0.1200E+02
  -2.618  0.0000E+00  0.1200E+02
  -2.608  0.0000E+00  0.1200E+02
  -2.598  0.0000E+00  0.1200E+02
  -2.588  0.0000E+00  0.1200E+02
  -2.578  0.0000E+00  0.1200E+02
  -2.568  0.0000E+00  0.1200E+02
  -2.558  0.0000E+00  0.1200E+02
  -2.548  0.0000E+00  0.1200E+02
  -2.538  0.0000E+00  0.1200E+02
  -2.528  0.0000E+00  0.1200E+02
  -2.518  0.0000E+00  0.1200E+02
  -2.508  0.0000E+00  0.1200E+02
  -2.498  0.0000E+00  0.1200E+02
  -2.488  0.0000E+00  0.1200E+02
  -2.478  0.0000E+00  0.1200E+02
  -2.468  0.0000E+00  0.1200E+02
  -2.458  0.0000E+00  0.1200E+02
  -2.448  0.0000E+00  0.1200E+02
  -2.438  0.0000E+00  0.1200E+02
  -2.428  0.0000E+00  0.1200E+02
  -2.418  0.0000E+00  0.1200E+02
  -2.408  0.0000E+00  0.1200E+02
  -2.398  0.0000E+00  0.1200E+02
  -2.388  0.0000E+00  0.1200E+02
  -2.378  0.0000E+00  0.1200E+02
  -2.368  0.0000E+00  0.1200E+02
  -2.358  0.0000E+00  0.1200E+02
  -2.348  0.0000E+00  0.1200E+02
  -2.338  0.0000E+00  0.1200E+02
  -2.328  0.0000E+00  0.1200E+02
  -2.318  0.0000E+00  0.1200E+02
  -2.308  0.0000E+00  0.1200E+02
  -2.298  0.0000E+00  0.1200E+02
  -2.288  0.0000E+00  0.1200E+02
  -2.278  0.0000E+00  0.1200E+02
  -2.268  0.0000E+00  0.1200E+02
  -2.258  0.0000E+00  0.1200E+02
  -2.248  0.0000E+00  0.1200E+02
  -2.238  0.0000E+00  0.1200E+02
  -2.228  0.0000E+00  0.1200E+02
  -2.218  0.0000E+00  0.1200E+02
  -2.208  0.0000E+00  0.1200E+02
  -2.198  0.0000E+00  0.1200E+02
  -2.188  0.0000E+00  0.1200E+02
  -2.178  0.0000E+00  0.1200E+02
  -2.168  0.0000E+00  0.1200E+02
  -2.158  0.0000E+00  0.1200E+02
  -2.148  0.0000E+00  0.1200E+02
  -2.138  0.0000E+00  0.1200E+02
  -2.128  0.1329E+01  0.1201E+02
  -2.118  0.1316E+01  0.1202E+02
  -2.108  0.1337E+01  0.1203E+02
  -2.098  0.1350E+01  0.1205E+02
  -2.088  0.1356E+01  0.1206E+02
  -2.078  0.1362E+01  0.1207E+02
  -2.068  0.1385E+01  0.1209E+02
  -2.058  0.1385E+01  0.1210E+02
  -2.048  0.1390E+01  0.1212E+02
  -2.038  0.1411E+01  0.1213E+02
  -2.028  0.1410E+01  0.1214E+02
  -2.018  0.1947E+01  0.1216E+02
  -2.008  0.2048E+01  0.1218E+02
  -1.998  0.2063E+01  0.1220E+02
  -1.988  0.2085E+01  0.1222E+02
  -1.978  0.2102E+01  0.1224E+02
  -1.968  0.2120E+01  0.1226E+02
  -1.958  0.2135E+01  0.1228E+02
  -1.948  0.2150E+01  0.1231E+02
  -1.938  0.2170E+01  0.1233E+02
  -1.928  0.2185E+01  0.1235E+02
  -1.918  0.2210E+01  0.1237E+02
  -1.908  0.2225E+01  0.1239E+02
  -1.898  0.2244E+01  0.1242E+02
  -1.888  0.2270E+01  0.1244E+02
  -1.878  0.2288E+01  0.1246E+02
  -1.868  0.2313E+01  0.1248E+02
  -1.858  0.2337E+01  0.1251E+02
  -1.848  0.2361E+01  0.1253E+02
  -1.838  0.2390E+01  0.1255E+02
  -1.828  0.2416E+01  0.1258E+02
  -1.818  0.2447E+01  0.1260E+02
  -1.808  0.2478E+01  0.1263E+02
  -1.798  0.2511E+01  0.1265E+02
  -1.788  0.2548E+01  0.1268E+02
  -1.778  0.2586E+01  0.1270E+02
  -1.768  0.2627E+01  0.1273E+02
  -1.758  0.2674E+01  0.1276E+02
  -1.748  0.2720E+01  0.1278E+02
  -1.738  0.2779E+01  0.1281E+02
  -1.728  0.2837E+01  0.1284E+02
  -1.718  0.2905E+01  0.1287E+02
  -1.708  0.2985E+01  0.1290E+02
  -1.698  0.3075E+01  0.1293E+02
  -1.688  0.3185E+01  0.1296E+02
  -1.678  0.3313E+01  0.1299E+02
  -1.668  0.3484E+01  0.1302E+02
  -1.658  0.3713E+01  0.1306E+02
  -1.648  0.4013E+01  0.1310E+02
  -1.638  0.4592E+01  0.1314E+02
  -1.628  0.6285E+01  0.1319E+02
  -1.618  0.6401E+01  0.1326E+02
  -1.608  0.7072E+01  0.1335E+02
  -1.598  0.2571E+01  0.1338E+02
  -1.588  0.2492E+01  0.1341E+02
  -1.578  0.5965E+01  0.1346E+02
  -1.568  0.6272E+01  0.1352E+02
  -1.558  0.7040E+01  0.1359E+02
  -1.548  0.7744E+01  0.1367E+02
  -1.538  0.7121E+01  0.1374E+02
  -1.528  0.6598E+01  0.1381E+02
  -1.518  0.6327E+01  0.1387E+02
  -1.508  0.6261E+01  0.1394E+02
  -1.498  0.6219E+01  0.1400E+02
  -1.488  0.6332E+01  0.1406E+02
  -1.478  0.6999E+01  0.1413E+02
  -1.468  0.6583E+01  0.1420E+02
  -1.458  0.6226E+01  0.1426E+02
  -1.448  0.6344E+01  0.1433E+02
  -1.438  0.6315E+01  0.1439E+02
  -1.428  0.5400E+01  0.1445E+02
  -1.418  0.4876E+01  0.1450E+02
  -1.408  0.4425E+01  0.1455E+02
  -1.398  0.4175E+01  0.1459E+02
  -1.388  0.3868E+01  0.1463E+02
  -1.378  0.3558E+01  0.1467E+02
  -1.368  0.3093E+01  0.1470E+02
  -1.358  0.2912E+01  0.1473E+02
  -1.348  0.2726E+01  0.1476E+02
  -1.338  0.2585E+01  0.1479E+02
  -1.328  0.2419E+01  0.1481E+02
  -1.318  0.2273E+01  0.1484E+02
  -1.308  0.1447E+01  0.1486E+02
  -1.298  0.1420E+01  0.1487E+02
  -1.288  0.1395E+01  0.1488E+02
  -1.278  0.1368E+01  0.1490E+02
  -1.268  0.1352E+01  0.1491E+02
  -1.258  0.1335E+01  0.1492E+02
  -1.248  0.1322E+01  0.1494E+02
  -1.238  0.1318E+01  0.1495E+02
  -1.228  0.1317E+01  0.1496E+02
  -1.218  0.1328E+01  0.1498E+02
  -1.208  0.2502E+01  0.1499E+02
  -1.198  0.2865E+01  0.1502E+02
  -1.188  0.4360E+01  0.1505E+02
  -1.178  0.1039E+02  0.1513E+02
  -1.168  0.8305E+01  0.1523E+02
  -1.158  0.5149E+01  0.1529E+02
  -1.148  0.3843E+01  0.1534E+02
  -1.138  0.3236E+01  0.1537E+02
  -1.128  0.2634E+01  0.1540E+02
  -1.118  0.2166E+01  0.1542E+02
  -1.108  0.1772E+01  0.1544E+02
  -1.098  0.1321E+01  0.1546E+02
  -1.088  0.7879E+00  0.1547E+02
  -1.078  0.7636E+00  0.1548E+02
  -1.068  0.1445E+01  0.1549E+02
  -1.058  0.2089E+01  0.1551E+02
  -1.048  0.1045E+02  0.1554E+02
  -1.038  0.7169E+01  0.1564E+02
  -1.028  0.6163E+01  0.1570E+02
  -1.018  0.5907E+01  0.1576E+02
  -1.008  0.5917E+01  0.1582E+02
  -0.998  0.6060E+01  0.1588E+02
  -0.988  0.6321E+01  0.1594E+02
  -0.978  0.6749E+01  0.1601E+02
  -0.968  0.7391E+01  0.1608E+02
  -0.958  0.8460E+01  0.1616E+02
  -0.948  0.1118E+02  0.1625E+02
  -0.938  0.1009E+02  0.1638E+02
  -0.928  0.8629E+01  0.1647E+02
  -0.918  0.7878E+01  0.1655E+02
  -0.908  0.7429E+01  0.1663E+02
  -0.898  0.7029E+01  0.1670E+02
  -0.888  0.6660E+01  0.1677E+02
  -0.878  0.1148E+02  0.1684E+02
  -0.868  0.1295E+01  0.1687E+02
  -0.858  0.1282E+01  0.1688E+02
  -0.848  0.1269E+01  0.1690E+02
  -0.838  0.1573E+01  0.1691E+02
  -0.828  0.1546E+01  0.1693E+02
  -0.818  0.1550E+01  0.1694E+02
  -0.808  0.1539E+01  0.1696E+02
  -0.798  0.1543E+01  0.1698E+02
  -0.788  0.1541E+01  0.1699E+02
  -0.778  0.1551E+01  0.1701E+02
  -0.768  0.1559E+01  0.1702E+02
  -0.758  0.1569E+01  0.1704E+02
  -0.748  0.1583E+01  0.1705E+02
  -0.738  0.1597E+01  0.1707E+02
  -0.728  0.1622E+01  0.1708E+02
  -0.718  0.1644E+01  0.1710E+02
  -0.708  0.1673E+01  0.1712E+02
  -0.698  0.1705E+01  0.1713E+02
  -0.688  0.1750E+01  0.1715E+02
  -0.678  0.1790E+01  0.1717E+02
  -0.668  0.1854E+01  0.1719E+02
  -0.658  0.1916E+01  0.1721E+02
  -0.648  0.1990E+01  0.1723E+02
  -0.638  0.2078E+01  0.1725E+02
  -0.628  0.2192E+01  0.1727E+02
  -0.618  0.2298E+01  0.1729E+02
  -0.608  0.2431E+01  0.1731E+02
  -0.598  0.2554E+01  0.1734E+02
  -0.588  0.2692E+01  0.1737E+02
  -0.578  0.2821E+01  0.1739E+02
  -0.568  0.2930E+01  0.1742E+02
  -0.558  0.3034E+01  0.1745E+02
  -0.548  0.3112E+01  0.1748E+02
  -0.538  0.3179E+01  0.1751E+02
  -0.528  0.3234E+01  0.1755E+02
  -0.518  0.3269E+01  0.1758E+02
  -0.508  0.3293E+01  0.1761E+02
  -0.498  0.3315E+01  0.1764E+02
  -0.488  0.3320E+01  0.1768E+02
  -0.478  0.4123E+01  0.1772E+02
  -0.468  0.4087E+01  0.1776E+02
  -0.458  0.4047E+01  0.1780E+02
  -0.448  0.4014E+01  0.1784E+02
  -0.438  0.3977E+01  0.1788E+02
  -0.428  0.3976E+01  0.1792E+02
  -0.418  0.3946E+01  0.1796E+02
  -0.408  0.3944E+01  0.1800E+02
  -0.398  0.3928E+01  0.1804E+02
  -0.388  0.3929E+01  0.1808E+02
  -0.378  0.3929E+01  0.1812E+02
  -0.368  0.3929E+01  0.1815E+02
  -0.358  0.3947E+01  0.1819E+02
  -0.348  0.3952E+01  0.1823E+02
  -0.338  0.3973E+01  0.1827E+02
  -0.328  0.3997E+01  0.1831E+02
  -0.318  0.4025E+01  0.1835E+02
  -0.308  0.4060E+01  0.1839E+02
  -0.298  0.4097E+01  0.1843E+02
  -0.288  0.4145E+01  0.1848E+02
  -0.278  0.4212E+01  0.1852E+02
  -0.268  0.4284E+01  0.1856E+02
  -0.258  0.4369E+01  0.1860E+02
  -0.248  0.4467E+01  0.1865E+02
  -0.238  0.4617E+01  0.1869E+02
  -0.228  0.4873E+01  0.1874E+02
  -0.218  0.5290E+01  0.1879E+02
  -0.208  0.8377E+01  0.1885E+02
  -0.198  0.5134E+01  0.1891E+02
  -0.188  0.4649E+01  0.1896E+02
  -0.178  0.4381E+01  0.1900E+02
  -0.168  0.4163E+01  0.1904E+02
  -0.158  0.4018E+01  0.1909E+02
  -0.148  0.3890E+01  0.1913E+02
  -0.138  0.3788E+01  0.1916E+02
  -0.128  0.3704E+01  0.1920E+02
  -0.118  0.3624E+01  0.1924E+02
  -0.108  0.3568E+01  0.1927E+02
  -0.098  0.3513E+01  0.1931E+02
  -0.088  0.3468E+01  0.1934E+02
  -0.078  0.3428E+01  0.1938E+02
  -0.068  0.3401E+01  0.1941E+02
  -0.058  0.3383E+01  0.1945E+02
  -0.048  0.3371E+01  0.1948E+02
  -0.038  0.3354E+01  0.1951E+02
  -0.028  0.3344E+01  0.1955E+02
  -0.018  0.3373E+01  0.1958E+02
  -0.008  0.3378E+01  0.1961E+02
   0.002  0.3383E+01  0.1965E+02
   0.012  0.3433E+01  0.1968E+02
   0.022  0.3487E+01  0.1972E+02
   0.032  0.3522E+01  0.1975E+02
   0.042  0.3134E+01  0.1979E+02
   0.052  0.3233E+01  0.1982E+02
   0.062  0.5462E+01  0.1987E+02
   0.072  0.5686E+01  0.1993E+02
   0.082  0.6002E+01  0.1999E+02
   0.092  0.6351E+01  0.2005E+02
   0.102  0.6860E+01  0.2011E+02
   0.112  0.7762E+01  0.2018E+02
   0.122  0.1005E+02  0.2027E+02
   0.132  0.1700E+02  0.2049E+02
   0.142  0.1230E+02  0.2063E+02
   0.152  0.1051E+02  0.2074E+02
   0.162  0.9447E+01  0.2084E+02
   0.172  0.8676E+01  0.2093E+02
   0.182  0.8157E+01  0.2102E+02
   0.192  0.7767E+01  0.2110E+02
   0.202  0.7441E+01  0.2117E+02
   0.212  0.7213E+01  0.2125E+02
   0.222  0.7000E+01  0.2132E+02
   0.232  0.6851E+01  0.2139E+02
   0.242  0.6722E+01  0.2145E+02
   0.252  0.6637E+01  0.2152E+02
   0.262  0.6586E+01  0.2159E+02
   0.272  0.6514E+01  0.2165E+02
   0.282  0.6439E+01  0.2172E+02
   0.292  0.6318E+01  0.2178E+02
   0.302  0.6165E+01  0.2184E+02
   0.312  0.5866E+01  0.2190E+02
   0.322  0.3093E+01  0.2194E+02
   0.332  0.2929E+01  0.2197E+02
   0.342  0.2776E+01  0.2200E+02
   0.352  0.2630E+01  0.2202E+02
   0.362  0.2486E+01  0.2205E+02
   0.372  0.2355E+01  0.2207E+02
   0.382  0.2228E+01  0.2210E+02
   0.392  0.2128E+01  0.2212E+02
   0.402  0.2040E+01  0.2214E+02
   0.412  0.1948E+01  0.2216E+02
   0.422  0.1888E+01  0.2218E+02
   0.432  0.1821E+01  0.2220E+02
   0.442  0.1775E+01  0.2221E+02
   0.452  0.1723E+01  0.2223E+02
   0.462  0.1694E+01  0.2225E+02
   0.472  0.1650E+01  0.2227E+02
   0.482  0.1632E+01  0.2228E+02
   0.492  0.1609E+01  0.2230E+02
   0.502  0.1586E+01  0.2231E+02
   0.512  0.1576E+01  0.2233E+02
   0.522  0.1563E+01  0.2235E+02
   0.532  0.1547E+01  0.2236E+02
   0.542  0.1544E+01  0.2238E+02
   0.552  0.1542E+01  0.2239E+02
   0.562  0.1532E+01  0.2241E+02
   0.572  0.1534E+01  0.2242E+02
   0.582  0.1535E+01  0.2244E+02
   0.592  0.1540E+01  0.2245E+02
   0.602  0.1540E+01  0.2247E+02
   0.612  0.1547E+01  0.2248E+02
   0.622  0.1552E+01  0.2250E+02
   0.632  0.1563E+01  0.2252E+02
   0.642  0.1571E+01  0.2253E+02
   0.652  0.1582E+01  0.2255E+02
   0.662  0.1592E+01  0.2256E+02
   0.672  0.1611E+01  0.2258E+02
   0.682  0.1625E+01  0.2259E+02
   0.692  0.1639E+01  0.2261E+02
   0.702  0.1656E+01  0.2263E+02
   0.712  0.1683E+01  0.2264E+02
   0.722  0.1703E+01  0.2266E+02
   0.732  0.1723E+01  0.2268E+02
   0.742  0.1748E+01  0.2270E+02
   0.752  0.1784E+01  0.2271E+02
   0.762  0.1813E+01  0.2273E+02
   0.772  0.1838E+01  0.2275E+02
   0.782  0.1887E+01  0.2277E+02
   0.792  0.1926E+01  0.2279E+02
   0.802  0.1961E+01  0.2281E+02
   0.812  0.2029E+01  0.2283E+02
   0.822  0.2079E+01  0.2285E+02
   0.832  0.2155E+01  0.2287E+02
   0.842  0.2228E+01  0.2289E+02
   0.852  0.2319E+01  0.2291E+02
   0.862  0.2438E+01  0.2294E+02
   0.872  0.2593E+01  0.2296E+02
   0.882  0.2758E+01  0.2299E+02
   0.892  0.3109E+01  0.2302E+02
   0.902  0.4921E+01  0.2305E+02
   0.912  0.3187E+01  0.2309E+02
   0.922  0.2844E+01  0.2312E+02
   0.932  0.2635E+01  0.2315E+02
   0.942  0.2494E+01  0.2317E+02
   0.952  0.2377E+01  0.2320E+02
   0.962  0.2290E+01  0.2322E+02
   0.972  0.2214E+01  0.2324E+02
   0.982  0.2145E+01  0.2327E+02
   0.992  0.2089E+01  0.2329E+02
   1.002  0.2034E+01  0.2331E+02
   1.012  0.1985E+01  0.2333E+02
   1.022  0.1944E+01  0.2335E+02
   1.032  0.1900E+01  0.2337E+02
   1.042  0.1865E+01  0.2339E+02
   1.052  0.1828E+01  0.2340E+02
   1.062  0.1795E+01  0.2342E+02
   1.072  0.1765E+01  0.2344E+02
   1.082  0.1731E+01  0.2346E+02
   1.092  0.1706E+01  0.2347E+02
   1.102  0.1675E+01  0.2349E+02
   1.112  0.1653E+01  0.2351E+02
   1.122  0.1627E+01  0.2352E+02
   1.132  0.1600E+01  0.2354E+02
   1.142  0.1576E+01  0.2356E+02
   1.152  0.1556E+01  0.2357E+02
   1.162  0.1529E+01  0.2359E+02
   1.172  0.1508E+01  0.2360E+02
   1.182  0.1489E+01  0.2362E+02
   1.192  0.1463E+01  0.2363E+02
   1.202  0.1447E+01  0.2365E+02
   1.212  0.1423E+01  0.2366E+02
   1.222  0.1403E+01  0.2368E+02
   1.232  0.1393E+01  0.2369E+02
   1.242  0.1362E+01  0.2370E+02
   1.252  0.1351E+01  0.2372E+02
   1.262  0.1321E+01  0.2373E+02
   1.272  0.1308E+01  0.2374E+02
   1.282  0.1292E+01  0.2376E+02
   1.292  0.1269E+01  0.2377E+02
   1.302  0.1256E+01  0.2378E+02
   1.312  0.1232E+01  0.2379E+02
   1.322  0.1217E+01  0.2381E+02
   1.332  0.1204E+01  0.2382E+02
   1.342  0.1179E+01  0.2383E+02
   1.352  0.1166E+01  0.2384E+02
   1.362  0.1151E+01  0.2385E+02
   1.372  0.1130E+01  0.2387E+02
   1.382  0.1115E+01  0.2388E+02
   1.392  0.1098E+01  0.2389E+02
   1.402  0.1083E+01  0.2390E+02
   1.412  0.1073E+01  0.2391E+02
   1.422  0.1053E+01  0.2392E+02
   1.432  0.1038E+01  0.2393E+02
   1.442  0.1020E+01  0.2394E+02
   1.452  0.1009E+01  0.2395E+02
   1.462  0.9950E+00  0.2396E+02
   1.472  0.9808E+00  0.2397E+02
   1.482  0.9765E+00  0.2398E+02
   1.492  0.9429E+00  0.2399E+02
   1.502  0.8108E+00  0.2400E+02
   1.512  0.0000E+00  0.2400E+02
   1.522  0.0000E+00  0.2400E+02
   1.532  0.0000E+00  0.2400E+02
   1.542  0.0000E+00  0.2400E+02
   1.552  0.0000E+00  0.2400E+02
   1.562  0.0000E+00  0.2400E+02
   1.572  0.0000E+00  0.2400E+02
   1.582  0.0000E+00  0.2400E+02
   1.592  0.0000E+00  0.2400E+02
   1.602  0.0000E+00  0.2400E+02
   1.612  0.0000E+00  0.2400E+02
   1.622  0.0000E+00  0.2400E+02
   1.632  0.0000E+00  0.2400E+02
   1.642  0.0000E+00  0.2400E+02
   1.652  0.0000E+00  0.2400E+02
   1.662  0.0000E+00  0.2400E+02
   1.672  0.0000E+00  0.2400E+02
   1.682  0.0000E+00  0.2400E+02
   1.692  0.0000E+00  0.2400E+02
   1.702  0.0000E+00  0.2400E+02
   1.712  0.0000E+00  0.2400E+02
   1.722  0.0000E+00  0.2400E+02
   1.732  0.0000E+00  0.2400E+02
   1.742  0.0000E+00  0.2400E+02
   1.752  0.0000E+00  0.2400E+02
   1.762  0.0000E+00  0.2400E+02
   1.772  0.0000E+00  0.2400E+02
   1.782  0.0000E+00  0.2400E+02
   1.792  0.0000E+00  0.2400E+02
   1.802  0.0000E+00  0.2400E+02
   1.812  0.0000E+00  0.2400E+02
   1.822  0.0000E+00  0.2400E+02
   1.832  0.0000E+00  0.2400E+02
   1.842  0.0000E+00  0.2400E+02
   1.852  0.0000E+00  0.2400E+02
   1.862  0.0000E+00  0.2400E+02
   1.872  0.0000E+00  0.2400E+02
   1.882  0.0000E+00  0.2400E+02
   1.892  0.0000E+00  0.2400E+02
   1.902  0.0000E+00  0.2400E+02
   1.912  0.0000E+00  0.2400E+02
   1.922  0.0000E+00  0.2400E+02
   1.932  0.0000E+00  0.2400E+02
   1.942  0.0000E+00  0.2400E+02
   1.952  0.0000E+00  0.2400E+02
   1.962  0.0000E+00  0.2400E+02
   1.972  0.0000E+00  0.2400E+02
   1.982  0.0000E+00  0.2400E+02
   1.992  0.0000E+00  0.2400E+02
   2.002  0.0000E+00  0.2400E+02
   2.012  0.0000E+00  0.2400E+02
   2.022  0.0000E+00  0.2400E+02
   2.032  0.0000E+00  0.2400E+02
   2.042  0.0000E+00  0.2400E+02
   2.052  0.0000E+00  0.2400E+02
   2.062  0.0000E+00  0.2400E+02
   2.072  0.0000E+00  0.2400E+02
   2.082  0.0000E+00  0.2400E+02
   2.092  0.0000E+00  0.2400E+02
   2.102  0.0000E+00  0.2400E+02
   2.112  0.0000E+00  0.2400E+02
   2.122  0.0000E+00  0.2400E+02
   2.132  0.0000E+00  0.2400E+02
   2.142  0.0000E+00  0.2400E+02
   2.152  0.0000E+00  0.2400E+02
   2.162  0.0000E+00  0.2400E+02
   2.172  0.0000E+00  0.2400E+02
   2.182  0.0000E+00  0.2400E+02
   2.192  0.0000E+00  0.2400E+02
   2.202  0.0000E+00  0.2400E+02
   2.212  0.0000E+00  0.2400E+02
   2.222  0.0000E+00  0.2400E+02
   2.232  0.0000E+00  0.2400E+02
   2.242  0.0000E+00  0.2400E+02
   2.252  0.0000E+00  0.2400E+02
   2.262  0.0000E+00  0.2400E+02
   2.272  0.0000E+00  0.2400E+02
   2.282  0.0000E+00  0.2400E+02
   2.292  0.0000E+00  0.2400E+02
   2.302  0.0000E+00  0.2400E+02
   2.312  0.0000E+00  0.2400E+02
   2.322  0.0000E+00  0.2400E+02
   2.332  0.0000E+00  0.2400E+02
   2.342  0.0000E+00  0.2400E+02
   2.352  0.0000E+00  0.2400E+02
   2.362  0.0000E+00  0.2400E+02
   2.372  0.0000E+00  0.2400E+02
   2.382  0.0000E+00  0.2400E+02
   2.392  0.0000E+00  0.2400E+02
   2.402  0.0000E+00  0.2400E+02
   2.412  0.0000E+00  0.2400E+02
   2.422  0.0000E+00  0.2400E+02
   2.432  0.0000E+00  0.2400E+02
   2.442  0.0000E+00  0.2400E+02
   2.452  0.0000E+00  0.2400E+02
   2.462  0.0000E+00  0.2400E+02
   2.472  0.0000E+00  0.2400E+02
   2.482  0.0000E+00  0.2400E+02
   2.492  0.0000E+00  0.2400E+02
   2.502  0.0000E+00  0.2400E+02
   2.512  0.0000E+00  0.2400E+02
   2.522  0.0000E+00  0.2400E+02
   2.532  0.0000E+00  0.2400E+02
   2.542  0.0000E+00  0.2400E+02
   2.552  0.0000E+00  0.2400E+02
   2.562  0.0000E+00  0.2400E+02
   2.572  0.0000E+00  0.2400E+02
   2.582  0.0000E+00  0.2400E+02
   2.592  0.0000E+00  0.2400E+02
   2.602  0.0000E+00  0.2400E+02
   2.612  0.0000E+00  0.2400E+02
   2.622  0.0000E+00  0.2400E+02
   2.632  0.0000E+00  0.2400E+02
   2.642  0.0000E+00  0.2400E+02
   2.652  0.0000E+00  0.2400E+02
   2.662  0.0000E+00  0.2400E+02
   2.672  0.0000E+00  0.2400E+02
   2.682  0.0000E+00  0.2400E+02
   2.692  0.0000E+00  0.2400E+02
   2.702  0.0000E+00  0.2400E+02
   2.712  0.0000E+00  0.2400E+02
   2.722  0.0000E+00  0.2400E+02
   2.732  0.0000E+00  0.2400E+02
   2.742  0.0000E+00  0.2400E+02
   2.752  0.0000E+00  0.2400E+02
   2.762  0.0000E+00  0.2400E+02
   2.772  0.0000E+00  0.2400E+02
   2.782  0.0000E+00  0.2400E+02
   2.792  0.0000E+00  0.2400E+02
   2.802  0.0000E+00  0.2400E+02
   2.812  0.0000E+00  0.2400E+02
   2.822  0.0000E+00  0.2400E+02
   2.832  0.0000E+00  0.2400E+02
   2.842  0.0000E+00  0.2400E+02
   2.852  0.0000E+00  0.2400E+02
   2.862  0.0000E+00  0.2400E+02
   2.872  0.0000E+00  0.2400E+02
   2.882  0.0000E+00  0.2400E+02
   2.892  0.0000E+00  0.2400E+02
   2.902  0.0000E+00  0.2400E+02
   2.912  0.0000E+00  0.2400E+02
   2.922  0.0000E+00  0.2400E+02
   2.932  0.0000E+00  0.2400E+02
   2.942  0.0000E+00  0.2400E+02
   2.952  0.0000E+00  0.2400E+02
   2.962  0.0000E+00  0.2400E+02
   2.972  0.0000E+00  0.2400E+02
   2.982  0.0000E+00  0.2400E+02
   2.992  0.0000E+00  0.2400E+02
   3.002  0.0000E+00  0.2400E+02
   3.012  0.0000E+00  0.2400E+02
   3.022  0.0000E+00  0.2400E+02
   3.032  0.0000E+00  0.2400E+02
   3.042  0.0000E+00  0.2400E+02
   3.052  0.0000E+00  0.2400E+02
   3.062  0.0000E+00  0.2400E+02
   3.072  0.0000E+00  0.2400E+02
   3.082  0.0000E+00  0.2400E+02
   3.092  0.0000E+00  0.2400E+02
   3.102  0.0000E+00  0.2400E+02
   3.112  0.0000E+00  0.2400E+02
   3.122  0.0000E+00  0.2400E+02
   3.132  0.0000E+00  0.2400E+02
   3.142  0.0000E+00  0.2400E+02
   3.152  0.0000E+00  0.2400E+02
   3.162  0.0000E+00  0.2400E+02
   3.172  0.0000E+00  0.2400E+02
   3.182  0.0000E+00  0.2400E+02
   3.192  0.0000E+00  0.2400E+02
   3.202  0.0000E+00  0.2400E+02
   3.212  0.0000E+00  0.2400E+02
   3.222  0.0000E+00  0.2400E+02
   3.232  0.0000E+00  0.2400E+02
   3.242  0.0000E+00  0.2400E+02
   3.252  0.0000E+00  0.2400E+02
   3.262  0.0000E+00  0.2400E+02
   3.272  0.0000E+00  0.2400E+02
   3.282  0.0000E+00  0.2400E+02
   3.292  0.0000E+00  0.2400E+02
   3.302  0.0000E+00  0.2400E+02
   3.312  0.0000E+00  0.2400E+02
   3.322  0.0000E+00  0.2400E+02
   3.332  0.0000E+00  0.2400E+02
   3.342  0.0000E+00  0.2400E+02
   3.352  0.0000E+00  0.2400E+02
   3.362  0.0000E+00  0.2400E+02
   3.372  0.0000E+00  0.2400E+02
   3.382  0.0000E+00  0.2400E+02
   3.392  0.0000E+00  0.2400E+02
   3.402  0.0000E+00  0.2400E+02
   3.412  0.0000E+00  0.2400E+02
   3.422  0.0000E+00  0.2400E+02
   3.432  0.0000E+00  0.2400E+02
   3.442  0.0000E+00  0.2400E+02
   3.452  0.0000E+00  0.2400E+02
   3.462  0.0000E+00  0.2400E+02
   3.472  0.0000E+00  0.2400E+02
   3.482  0.0000E+00  0.2400E+02
   3.492  0.0000E+00  0.2400E+02
   3.502  0.0000E+00  0.2400E+02
   3.512  0.0000E+00  0.2400E+02
   3.522  0.0000E+00  0.2400E+02
   3.532  0.0000E+00  0.2400E+02
   3.542  0.0000E+00  0.2400E+02
   3.552  0.0000E+00  0.2400E+02
   3.562  0.0000E+00  0.2400E+02
   3.572  0.0000E+00  0.2400E+02
   3.582  0.0000E+00  0.2400E+02
   3.592  0.0000E+00  0.2400E+02
   3.602  0.0000E+00  0.2400E+02
   3.612  0.0000E+00  0.2400E+02
   3.622  0.0000E+00  0.2400E+02
   3.632  0.0000E+00  0.2400E+02
   3.642  0.0000E+00  0.2400E+02
   3.652  0.0000E+00  0.2400E+02
   3.662  0.0000E+00  0.2400E+02
   3.672  0.0000E+00  0.2400E+02
   3.682  0.0000E+00  0.2400E+02
   3.692  0.0000E+00  0.2400E+02
   3.702  0.0000E+00  0.2400E+02
   3.712  0.0000E+00  0.2400E+02
   3.722  0.0000E+00  0.2400E+02
   3.732  0.0000E+00  0.2400E+02
   3.742  0.0000E+00  0.2400E+02
   3.752  0.0000E+00  0.2400E+02
   3.762  0.0000E+00  0.2400E+02
   3.772  0.0000E+00  0.2400E+02
   3.782  0.0000E+00  0.2400E+02
   3.792  0.0000E+00  0.2400E+02
   3.802  0.0000E+00  0.2400E+02
   3.812  0.0000E+00  0.2400E+02
   3.822  0.0000E+00  0.2400E+02
   3.832  0.0000E+00  0.2400E+02
   3.842  0.0000E+00  0.2400E+02
   3.852  0.0000E+00  0.2400E+02
   3.862  0.4517E+01  0.2402E+02
   3.872  0.3140E+01  0.2406E+02
   3.882  0.2861E+01  0.2409E+02
   3.892  0.2692E+01  0.2412E+02
   3.902  0.2709E+01  0.2414E+02
   3.912  0.2574E+01  0.2417E+02
   3.922  0.2493E+01  0.2420E+02
   3.932  0.2521E+01  0.2422E+02
   3.942  0.2456E+01  0.2425E+02
   3.952  0.2494E+01  0.2427E+02
   3.962  0.2449E+01  0.2429E+02
   3.972  0.2489E+01  0.2432E+02
   3.982  0.2457E+01  0.2434E+02
   3.992  0.2500E+01  0.2437E+02
   4.002  0.2507E+01  0.2439E+02
   4.012  0.2531E+01  0.2442E+02
   4.022  0.2562E+01  0.2444E+02
   4.032  0.2581E+01  0.2447E+02
   4.042  0.2635E+01  0.2450E+02
   4.052  0.2673E+01  0.2452E+02
   4.062  0.2719E+01  0.2455E+02
   4.072  0.2775E+01  0.2458E+02
   4.082  0.2846E+01  0.2461E+02
   4.092  0.2904E+01  0.2463E+02
   4.102  0.3001E+01  0.2466E+02
   4.112  0.3104E+01  0.2469E+02
   4.122  0.3204E+01  0.2473E+02
   4.132  0.3361E+01  0.2476E+02
   4.142  0.3546E+01  0.2479E+02
   4.152  0.3785E+01  0.2483E+02
   4.162  0.4105E+01  0.2487E+02
   4.172  0.4701E+01  0.2491E+02
   4.182  0.9173E+01  0.2497E+02
   4.192  0.4730E+01  0.2502E+02
   4.202  0.4134E+01  0.2507E+02
   4.212  0.3805E+01  0.2511E+02
   4.222  0.3598E+01  0.2514E+02
   4.232  0.3438E+01  0.2518E+02
   4.242  0.3321E+01  0.2521E+02
   4.252  0.3227E+01  0.2525E+02
   4.262  0.3166E+01  0.2528E+02
   4.272  0.3123E+01  0.2531E+02
   4.282  0.3122E+01  0.2534E+02
   4.292  0.3138E+01  0.2537E+02
   4.302  0.3212E+01  0.2540E+02
   4.312  0.3343E+01  0.2544E+02
   4.322  0.3621E+01  0.2547E+02
   4.332  0.4266E+01  0.2551E+02
   4.342  0.1492E+02  0.2558E+02
   4.352  0.1059E+01  0.2565E+02
   4.362  0.1031E+01  0.2566E+02
   4.372  0.1005E+01  0.2567E+02
   4.382  0.9829E+00  0.2568E+02
   4.392  0.9563E+00  0.2569E+02
   4.402  0.9369E+00  0.2570E+02
   4.412  0.9123E+00  0.2571E+02
   4.422  0.8957E+00  0.2572E+02
   4.432  0.8747E+00  0.2573E+02
   4.442  0.8562E+00  0.2573E+02
   4.452  0.8403E+00  0.2574E+02
   4.462  0.8201E+00  0.2575E+02
   4.472  0.8056E+00  0.2576E+02
   4.482  0.7894E+00  0.2577E+02
   4.492  0.7734E+00  0.2578E+02
   4.502  0.7600E+00  0.2578E+02
   4.512  0.7425E+00  0.2579E+02
   4.522  0.7307E+00  0.2580E+02
   4.532  0.7178E+00  0.2581E+02
   4.542  0.7030E+00  0.2581E+02
   4.552  0.6917E+00  0.2582E+02
   4.562  0.6788E+00  0.2583E+02
   4.572  0.6663E+00  0.2583E+02
   4.582  0.6559E+00  0.2584E+02
   4.592  0.6419E+00  0.2585E+02
   4.602  0.6323E+00  0.2585E+02
   4.612  0.6223E+00  0.2586E+02
   4.622  0.6104E+00  0.2587E+02
   4.632  0.6008E+00  0.2587E+02
   4.642  0.5908E+00  0.2588E+02
   4.652  0.5813E+00  0.2588E+02
   4.662  0.5715E+00  0.2589E+02
   4.672  0.5610E+00  0.2589E+02
   4.682  0.5541E+00  0.2590E+02
   4.692  0.5441E+00  0.2591E+02
   4.702  0.5339E+00  0.2591E+02
   4.712  0.5268E+00  0.2592E+02
   4.722  0.5184E+00  0.2592E+02
   4.732  0.5089E+00  0.2593E+02
   4.742  0.5021E+00  0.2593E+02
   4.752  0.4940E+00  0.2594E+02
   4.762  0.4848E+00  0.2594E+02
   4.772  0.4813E+00  0.2595E+02
   4.782  0.4705E+00  0.2595E+02
   4.792  0.4621E+00  0.2596E+02
   4.802  0.4580E+00  0.2596E+02
   4.812  0.4472E+00  0.2596E+02
   4.822  0.4464E+00  0.2597E+02
   4.832  0.4332E+00  0.2597E+02
   4.842  0.4335E+00  0.2598E+02
   4.852  0.4222E+00  0.2598E+02
   4.862  0.4162E+00  0.2599E+02
   4.872  0.4080E+00  0.2599E+02
   4.882  0.3908E+00  0.2599E+02
   4.892  0.4146E+00  0.2600E+02
   4.902  0.0000E+00  0.2600E+02
   4.912  0.0000E+00  0.2600E+02
   4.922  0.0000E+00  0.2600E+02
   4.932  0.0000E+00  0.2600E+02
   4.942  0.0000E+00  0.2600E+02
   4.952  0.0000E+00  0.2600E+02
   4.962  0.0000E+00  0.2600E+02
   4.972  0.0000E+00  0.2600E+02
   4.982  0.0000E+00  0.2600E+02
   4.992  0.0000E+00  0.2600E+02
   5.002  0.0000E+00  0.2600E+02
   5.012  0.0000E+00  0.2600E+02
   5.022  0.0000E+00  0.2600E+02
   5.032  0.0000E+00  0.2600E+02
   5.042  0.0000E+00  0.2600E+02
   5.052  0.0000E+00  0.2600E+02
   5.062  0.0000E+00  0.2600E+02
   5.072  0.0000E+00  0.2600E+02
   5.082  0.0000E+00  0.2600E+02
   5.092  0.0000E+00  0.2600E+02
   5.102  0.0000E+00  0.2600E+02
   5.112  0.0000E+00  0.2600E+02
   5.122  0.0000E+00  0.2600E+02
   5.132  0.0000E+00  0.2600E+02
   5.142  0.0000E+00  0.2600E+02
   5.152  0.0000E+00  0.2600E+02
   5.162  0.0000E+00  0.2600E+02
   5.172  0.0000E+00  0.2600E+02
   5.182  0.0000E+00  0.2600E+02
   5.192  0.0000E+00  0.2600E+02
   5.202  0.0000E+00  0.2600E+02
   5.212  0.0000E+00  0.2600E+02
   5.222  0.0000E+00  0.2600E+02
   5.232  0.0000E+00  0.2600E+02
   5.242  0.0000E+00  0.2600E+02
   5.252  0.0000E+00  0.2600E+02
   5.262  0.0000E+00  0.2600E+02
   5.272  0.0000E+00  0.2600E+02
   5.282  0.0000E+00  0.2600E+02
   5.292  0.0000E+00  0.2600E+02
   5.302  0.0000E+00  0.2600E+02
   5.312  0.0000E+00  0.2600E+02
   5.322  0.0000E+00  0.2600E+02
   5.332  0.0000E+00  0.2600E+02
   5.342  0.0000E+00  0.2600E+02
   5.352  0.0000E+00  0.2600E+02
   5.362  0.0000E+00  0.2600E+02
   5.372  0.0000E+00  0.2600E+02
   5.382  0.0000E+00  0.2600E+02
   5.392  0.0000E+00  0.2600E+02
   5.402  0.0000E+00  0.2600E+02
   5.412  0.0000E+00  0.2600E+02
   5.422  0.0000E+00  0.2600E+02
   5.432  0.0000E+00  0.2600E+02
   5.442  0.0000E+00  0.2600E+02
   5.452  0.0000E+00  0.2600E+02
   5.462  0.0000E+00  0.2600E+02
   5.472  0.0000E+00  0.2600E+02
   5.482  0.0000E+00  0.2600E+02
   5.492  0.0000E+00  0.2600E+02
   5.502  0.0000E+00  0.2600E+02
   5.512  0.0000E+00  0.2600E+02
   5.522  0.0000E+00  0.2600E+02
   5.532  0.0000E+00  0.2600E+02
   5.542  0.0000E+00  0.2600E+02
   5.552  0.0000E+00  0.2600E+02
   5.562  0.0000E+00  0.2600E+02
   5.572  0.0000E+00  0.2600E+02
   5.582  0.0000E+00  0.2600E+02
   5.592  0.0000E+00  0.2600E+02
   5.602  0.0000E+00  0.2600E+02
   5.612  0.0000E+00  0.2600E+02
   5.622  0.0000E+00  0.2600E+02
   5.632  0.0000E+00  0.2600E+02
   5.642  0.0000E+00  0.2600E+02
   5.652  0.0000E+00  0.2600E+02
   5.662  0.0000E+00  0.2600E+02
   5.672  0.0000E+00  0.2600E+02
   5.682  0.0000E+00  0.2600E+02
   5.692  0.0000E+00  0.2600E+02
   5.702  0.0000E+00  0.2600E+02
   5.712  0.0000E+00  0.2600E+02
   5.722  0.0000E+00  0.2600E+02
   5.732  0.0000E+00  0.2600E+02
   5.742  0.0000E+00  0.2600E+02
   5.752  0.0000E+00  0.2600E+02
   5.762  0.0000E+00  0.2600E+02
   5.772  0.0000E+00  0.2600E+02
   5.782  0.0000E+00  0.2600E+02
   5.792  0.0000E+00  0.2600E+02
   5.802  0.2390E+01  0.2601E+02
   5.812  0.2586E+01  0.2603E+02
   5.822  0.2680E+01  0.2606E+02
   5.832  0.2847E+01  0.2608E+02
   5.842  0.3109E+01  0.2611E+02
   5.852  0.3485E+01  0.2615E+02
   5.862  0.4945E+01  0.2619E+02
   5.872  0.3472E+01  0.2623E+02
   5.882  0.2937E+01  0.2626E+02
   5.892  0.2613E+01  0.2629E+02
   5.902  0.2412E+01  0.2631E+02
   5.912  0.2255E+01  0.2634E+02
   5.922  0.2150E+01  0.2636E+02
   5.932  0.2024E+01  0.2638E+02
   5.942  0.1957E+01  0.2640E+02
   5.952  0.1872E+01  0.2642E+02
   5.962  0.1814E+01  0.2644E+02
   5.972  0.1769E+01  0.2646E+02
   5.982  0.1709E+01  0.2647E+02
   5.992  0.1672E+01  0.2649E+02
   6.002  0.1639E+01  0.2651E+02
   6.012  0.1596E+01  0.2652E+02
   6.022  0.1563E+01  0.2654E+02
   6.032  0.1538E+01  0.2655E+02
   6.042  0.1510E+01  0.2657E+02
   6.052  0.1478E+01  0.2658E+02
   6.062  0.1449E+01  0.2660E+02
   6.072  0.1877E+01  0.2662E+02
   6.082  0.1896E+01  0.2663E+02
   6.092  0.1853E+01  0.2665E+02
   6.102  0.1831E+01  0.2667E+02
   6.112  0.1810E+01  0.2669E+02
   6.122  0.1790E+01  0.2671E+02
   6.132  0.1775E+01  0.2673E+02
   6.142  0.1763E+01  0.2674E+02
   6.152  0.1759E+01  0.2676E+02
   6.162  0.1736E+01  0.2678E+02
   6.172  0.1719E+01  0.2680E+02
   6.182  0.1720E+01  0.2681E+02
   6.192  0.1701E+01  0.2683E+02
   6.202  0.1689E+01  0.2685E+02
   6.212  0.1681E+01  0.2686E+02
   6.222  0.1668E+01  0.2688E+02
   6.232  0.1667E+01  0.2690E+02
   6.242  0.1654E+01  0.2691E+02
   6.252  0.1648E+01  0.2693E+02
   6.262  0.1639E+01  0.2695E+02
   6.272  0.1634E+01  0.2696E+02
   6.282  0.1638E+01  0.2698E+02
   6.292  0.1622E+01  0.2700E+02
   6.302  0.1622E+01  0.2701E+02
   6.312  0.1610E+01  0.2703E+02
   6.322  0.1610E+01  0.2704E+02
   6.332  0.1613E+01  0.2706E+02
   6.342  0.1599E+01  0.2708E+02
   6.352  0.1601E+01  0.2709E+02
   6.362  0.1597E+01  0.2711E+02
   6.372  0.1591E+01  0.2712E+02
   6.382  0.1595E+01  0.2714E+02
   6.392  0.1591E+01  0.2716E+02
   6.402  0.1585E+01  0.2717E+02
   6.412  0.1589E+01  0.2719E+02
   6.422  0.1593E+01  0.2720E+02
   6.432  0.1583E+01  0.2722E+02
   6.442  0.1586E+01  0.2724E+02
   6.452  0.1590E+01  0.2725E+02
   6.462  0.1583E+01  0.2727E+02
   6.472  0.1586E+01  0.2728E+02
   6.482  0.1590E+01  0.2730E+02
   6.492  0.1599E+01  0.2732E+02
   6.502  0.1589E+01  0.2733E+02
   6.512  0.1593E+01  0.2735E+02
   6.522  0.1602E+01  0.2736E+02
   6.532  0.1597E+01  0.2738E+02
   6.542  0.1599E+01  0.2740E+02
   6.552  0.1609E+01  0.2741E+02
   6.562  0.1616E+01  0.2743E+02
   6.572  0.1610E+01  0.2744E+02
   6.582  0.1620E+01  0.2746E+02
   6.592  0.1628E+01  0.2748E+02
   6.602  0.1638E+01  0.2749E+02
   6.612  0.1638E+01  0.2751E+02
   6.622  0.1645E+01  0.2753E+02
   6.632  0.1658E+01  0.2754E+02
   6.642  0.1670E+01  0.2756E+02
   6.652  0.1670E+01  0.2757E+02
   6.662  0.1686E+01  0.2759E+02
   6.672  0.1698E+01  0.2761E+02
   6.682  0.1715E+01  0.2763E+02
   6.692  0.1728E+01  0.2764E+02
   6.702  0.1454E+02  0.2771E+02
   6.712  0.6638E+01  0.2780E+02
   6.722  0.5443E+01  0.2786E+02
   6.732  0.4892E+01  0.2791E+02
   6.742  0.4568E+01  0.2796E+02
   6.752  0.4368E+01  0.2800E+02
   6.762  0.4213E+01  0.2804E+02
   6.772  0.4062E+01  0.2809E+02
   6.782  0.3981E+01  0.2813E+02
   6.792  0.4002E+01  0.2817E+02
   6.802  0.4098E+01  0.2821E+02
   6.812  0.4143E+01  0.2825E+02
   6.822  0.4299E+01  0.2829E+02
   6.832  0.4699E+01  0.2833E+02
   6.842  0.4786E+01  0.2839E+02
   6.852  0.4230E+01  0.2843E+02
   6.862  0.4034E+01  0.2847E+02
   6.872  0.3982E+01  0.2851E+02
   6.882  0.3831E+01  0.2855E+02
   6.892  0.3844E+01  0.2859E+02
   6.902  0.3891E+01  0.2863E+02
   6.912  0.3976E+01  0.2867E+02
   6.922  0.3933E+01  0.2871E+02
   6.932  0.3951E+01  0.2875E+02
   6.942  0.3896E+01  0.2879E+02
   6.952  0.3948E+01  0.2882E+02
   6.962  0.4010E+01  0.2886E+02
   6.972  0.3985E+01  0.2890E+02
   6.982  0.3996E+01  0.2894E+02
   6.992  0.4045E+01  0.2898E+02
   7.002  0.4103E+01  0.2903E+02
   7.012  0.4139E+01  0.2907E+02
   7.022  0.4167E+01  0.2911E+02
   7.032  0.4244E+01  0.2915E+02
   7.042  0.4336E+01  0.2919E+02
   7.052  0.4435E+01  0.2924E+02
   7.062  0.4538E+01  0.2928E+02
   7.072  0.4688E+01  0.2933E+02
   7.082  0.4929E+01  0.2938E+02
   7.092  0.6482E+01  0.2944E+02
   7.102  0.7083E+01  0.2951E+02
   7.112  0.6453E+01  0.2957E+02
   7.122  0.6324E+01  0.2964E+02
   7.132  0.6248E+01  0.2970E+02
   7.142  0.6231E+01  0.2976E+02
   7.152  0.6266E+01  0.2982E+02
   7.162  0.6305E+01  0.2989E+02
   7.172  0.6355E+01  0.2995E+02
   7.182  0.6443E+01  0.3001E+02
   7.192  0.6602E+01  0.3008E+02
   7.202  0.6709E+01  0.3015E+02
   7.212  0.6989E+01  0.3021E+02
   7.222  0.6355E+01  0.3028E+02
   7.232  0.6816E+01  0.3034E+02
   7.242  0.8011E+01  0.3042E+02
   7.252  0.7860E+01  0.3051E+02
   7.262  0.6623E+01  0.3058E+02
   7.272  0.6039E+01  0.3064E+02
   7.282  0.5631E+01  0.3070E+02
   7.292  0.5260E+01  0.3075E+02
   7.302  0.5003E+01  0.3080E+02
   7.312  0.4723E+01  0.3085E+02
   7.322  0.4533E+01  0.3090E+02
   7.332  0.4346E+01  0.3094E+02
   7.342  0.4144E+01  0.3099E+02
   7.352  0.3949E+01  0.3103E+02
   7.362  0.3812E+01  0.3107E+02
   7.372  0.3728E+01  0.3110E+02
   7.382  0.3682E+01  0.3114E+02
   7.392  0.3622E+01  0.3118E+02
   7.402  0.3573E+01  0.3121E+02
   7.412  0.3582E+01  0.3125E+02
   7.422  0.3640E+01  0.3129E+02
   7.432  0.3658E+01  0.3132E+02
   7.442  0.3683E+01  0.3136E+02
   7.452  0.3759E+01  0.3140E+02
   7.462  0.3878E+01  0.3143E+02
   7.472  0.3888E+01  0.3147E+02
   7.482  0.3913E+01  0.3151E+02
   7.492  0.3970E+01  0.3155E+02
   7.502  0.4029E+01  0.3159E+02
   7.512  0.4172E+01  0.3163E+02
   7.522  0.4073E+01  0.3167E+02
   7.532  0.3120E+01  0.3171E+02
   7.542  0.3506E+01  0.3174E+02
   7.552  0.3678E+01  0.3178E+02
   7.562  0.3809E+01  0.3182E+02
   7.572  0.3836E+01  0.3185E+02
   7.582  0.3966E+01  0.3189E+02
   7.592  0.4162E+01  0.3193E+02
   7.602  0.4231E+01  0.3197E+02
   7.612  0.4414E+01  0.3202E+02
   7.622  0.4600E+01  0.3206E+02
   7.632  0.4864E+01  0.3211E+02
   7.642  0.5221E+01  0.3216E+02
   7.652  0.5696E+01  0.3222E+02
   7.662  0.6962E+01  0.3228E+02
   7.672  0.8065E+01  0.3237E+02
   7.682  0.6709E+01  0.3244E+02
   7.692  0.6154E+01  0.3251E+02
   7.702  0.5884E+01  0.3257E+02
   7.712  0.5635E+01  0.3263E+02
   7.722  0.5537E+01  0.3268E+02
   7.732  0.5416E+01  0.3274E+02
   7.742  0.5325E+01  0.3279E+02
   7.752  0.5282E+01  0.3284E+02
   7.762  0.5266E+01  0.3290E+02
   7.772  0.5248E+01  0.3295E+02
   7.782  0.3340E+01  0.3299E+02
   7.792  0.3537E+01  0.3303E+02
   7.802  0.3345E+01  0.3306E+02
   7.812  0.3195E+01  0.3310E+02
   7.822  0.3090E+01  0.3313E+02
   7.832  0.2992E+01  0.3316E+02
   7.842  0.2930E+01  0.3319E+02
   7.852  0.3677E+01  0.3322E+02
   7.862  0.3755E+01  0.3326E+02
   7.872  0.3988E+01  0.3330E+02
   7.882  0.4069E+01  0.3334E+02
   7.892  0.4397E+01  0.3338E+02
   7.902  0.4652E+01  0.3342E+02
   7.912  0.5001E+01  0.3347E+02
   7.922  0.5486E+01  0.3352E+02
   7.932  0.6598E+01  0.3358E+02
   7.942  0.7185E+01  0.3366E+02
   7.952  0.5808E+01  0.3373E+02
   7.962  0.5375E+01  0.3378E+02
   7.972  0.4352E+01  0.3383E+02
   7.982  0.4285E+01  0.3387E+02
   7.992  0.4259E+01  0.3392E+02
   8.002  0.4548E+01  0.3396E+02
   8.012  0.4313E+01  0.3400E+02
   8.022  0.3357E+01  0.3404E+02
   8.032  0.3248E+01  0.3407E+02
   8.042  0.1014E+01  0.3410E+02
   8.052  0.1007E+01  0.3411E+02
   8.062  0.9998E+00  0.3412E+02
   8.072  0.9932E+00  0.3413E+02
   8.082  0.9894E+00  0.3414E+02
   8.092  0.9838E+00  0.3415E+02
   8.102  0.9781E+00  0.3416E+02
   8.112  0.9743E+00  0.3417E+02
   8.122  0.9706E+00  0.3417E+02
   8.132  0.9658E+00  0.3418E+02
   8.142  0.9630E+00  0.3419E+02
   8.152  0.9598E+00  0.3420E+02
   8.162  0.9543E+00  0.3421E+02
   8.172  0.9546E+00  0.3422E+02
   8.182  0.9491E+00  0.3423E+02
   8.192  0.9452E+00  0.3424E+02
   8.202  0.9454E+00  0.3425E+02
   8.212  0.9389E+00  0.3426E+02
   8.222  0.9426E+00  0.3427E+02
   8.232  0.9338E+00  0.3428E+02
   8.242  0.9362E+00  0.3429E+02
   8.252  0.9294E+00  0.3430E+02
   8.262  0.9350E+00  0.3431E+02
   8.272  0.9284E+00  0.3432E+02
   8.282  0.9247E+00  0.3433E+02
   8.292  0.9301E+00  0.3434E+02
   8.302  0.9188E+00  0.3434E+02
   8.312  0.9327E+00  0.3435E+02
   8.322  0.4130E+00  0.3436E+02
   8.332  0.4157E+00  0.3437E+02
   8.342  0.4183E+00  0.3437E+02
   8.352  0.4215E+00  0.3437E+02
   8.362  0.4244E+00  0.3438E+02
   8.372  0.4271E+00  0.3438E+02
   8.382  0.4299E+00  0.3439E+02
   8.392  0.4325E+00  0.3439E+02
   8.402  0.4355E+00  0.3440E+02
   8.412  0.4385E+00  0.3440E+02
   8.422  0.4413E+00  0.3441E+02
   8.432  0.4441E+00  0.3441E+02
   8.442  0.4469E+00  0.3441E+02
   8.452  0.4496E+00  0.3442E+02
   8.462  0.4527E+00  0.3442E+02
   8.472  0.6594E+00  0.3443E+02
   8.482  0.6679E+00  0.3444E+02
   8.492  0.6732E+00  0.3444E+02
   8.502  0.6864E+00  0.3445E+02
   8.512  0.6831E+00  0.3446E+02
   8.522  0.6863E+00  0.3446E+02
   8.532  0.6911E+00  0.3447E+02
   8.542  0.6942E+00  0.3448E+02
   8.552  0.6972E+00  0.3448E+02
   8.562  0.7046E+00  0.3449E+02
   8.572  0.7040E+00  0.3450E+02
   8.582  0.7096E+00  0.3451E+02
   8.592  0.7112E+00  0.3451E+02
   8.602  0.7150E+00  0.3452E+02
   8.612  0.7204E+00  0.3453E+02
   8.622  0.7219E+00  0.3453E+02
   8.632  0.7256E+00  0.3454E+02
   8.642  0.7307E+00  0.3455E+02
   8.652  0.7325E+00  0.3456E+02
   8.662  0.7360E+00  0.3456E+02
   8.672  0.7405E+00  0.3457E+02
   8.682  0.7441E+00  0.3458E+02
   8.692  0.7464E+00  0.3459E+02
   8.702  0.7504E+00  0.3459E+02
   8.712  0.7549E+00  0.3460E+02
   8.722  0.7573E+00  0.3461E+02
   8.732  0.7607E+00  0.3462E+02
   8.742  0.7645E+00  0.3462E+02
   8.752  0.7689E+00  0.3463E+02
   8.762  0.7712E+00  0.3464E+02
   8.772  0.7746E+00  0.3465E+02
   8.782  0.7788E+00  0.3465E+02
   8.792  0.7832E+00  0.3466E+02
   8.802  0.7854E+00  0.3467E+02
   8.812  0.7887E+00  0.3468E+02
   8.822  0.7925E+00  0.3469E+02
   8.832  0.7968E+00  0.3469E+02
   8.842  0.8007E+00  0.3470E+02
   8.852  0.8035E+00  0.3471E+02
   8.862  0.8066E+00  0.3472E+02
   8.872  0.8105E+00  0.3473E+02
   8.882  0.8148E+00  0.3473E+02
   8.892  0.8180E+00  0.3474E+02
   8.902  0.8218E+00  0.3475E+02
   8.912  0.8251E+00  0.3476E+02
   8.922  0.8287E+00  0.3477E+02
   8.932  0.8329E+00  0.3477E+02
   8.942  0.8360E+00  0.3478E+02
   8.952  0.8401E+00  0.3479E+02
   8.962  0.8444E+00  0.3480E+02
   8.972  0.8475E+00  0.3481E+02
   8.982  0.8512E+00  0.3482E+02
   8.992  0.8546E+00  0.3483E+02
   9.002  0.8587E+00  0.3483E+02
   9.012  0.8632E+00  0.3484E+02
   9.022  0.8680E+00  0.3485E+02
   9.032  0.8703E+00  0.3486E+02
   9.042  0.8736E+00  0.3487E+02
   9.052  0.8778E+00  0.3488E+02
   9.062  0.8825E+00  0.3489E+02
   9.072  0.8876E+00  0.3489E+02
   9.082  0.8928E+00  0.3490E+02
   9.092  0.8936E+00  0.3491E+02
   9.102  0.8976E+00  0.3492E+02
   9.112  0.9026E+00  0.3493E+02
   9.122  0.9079E+00  0.3494E+02
   9.132  0.9135E+00  0.3495E+02
   9.142  0.9193E+00  0.3496E+02
   9.152  0.9185E+00  0.3497E+02
   9.162  0.9238E+00  0.3498E+02
   9.172  0.9295E+00  0.3499E+02
   9.182  0.9356E+00  0.3499E+02
   9.192  0.9419E+00  0.3500E+02
   9.202  0.9442E+00  0.3501E+02
   9.212  0.9467E+00  0.3502E+02
   9.222  0.9532E+00  0.3503E+02
   9.232  0.9600E+00  0.3504E+02
   9.242  0.9670E+00  0.3505E+02
   9.252  0.9713E+00  0.3506E+02
   9.262  0.9759E+00  0.3507E+02
   9.272  0.9800E+00  0.3508E+02
   9.282  0.9879E+00  0.3509E+02
   9.292  0.9959E+00  0.3510E+02
   9.302  0.1002E+01  0.3511E+02
   9.312  0.1009E+01  0.3512E+02
   9.322  0.1016E+01  0.3513E+02
   9.332  0.1021E+01  0.3514E+02
   9.342  0.1031E+01  0.3515E+02
   9.352  0.1040E+01  0.3516E+02
   9.362  0.1050E+01  0.3517E+02
   9.372  0.1059E+01  0.3518E+02
   9.382  0.1072E+01  0.3519E+02
   9.392  0.1082E+01  0.3520E+02
   9.402  0.1093E+01  0.3522E+02
   9.412  0.1110E+01  0.3523E+02
   9.422  0.1127E+01  0.3524E+02
   9.432  0.1143E+01  0.3525E+02
   9.442  0.1168E+01  0.3526E+02
   9.452  0.1193E+01  0.3527E+02
   9.462  0.1213E+01  0.3528E+02
   9.472  0.1264E+01  0.3530E+02
   9.482  0.1305E+01  0.3531E+02
   9.492  0.1389E+01  0.3532E+02
   9.502  0.1524E+01  0.3534E+02
   9.512  0.1784E+01  0.3535E+02
   9.522  0.2995E+01  0.3538E+02
   9.532  0.2152E+01  0.3541E+02
   9.542  0.1965E+01  0.3543E+02
   9.552  0.1881E+01  0.3545E+02
   9.562  0.1798E+01  0.3546E+02
   9.572  0.1859E+01  0.3548E+02
   9.582  0.1825E+01  0.3550E+02
   9.592  0.1795E+01  0.3552E+02
   9.602  0.1782E+01  0.3554E+02
   9.612  0.1771E+01  0.3556E+02
   9.622  0.1763E+01  0.3557E+02
   9.632  0.1763E+01  0.3559E+02
   9.642  0.1751E+01  0.3561E+02
   9.652  0.1752E+01  0.3563E+02
   9.662  0.1750E+01  0.3564E+02
   9.672  0.1742E+01  0.3566E+02
   9.682  0.1744E+01  0.3568E+02
   9.692  0.1744E+01  0.3570E+02
   9.702  0.1742E+01  0.3571E+02
   9.712  0.1740E+01  0.3573E+02
   9.722  0.1739E+01  0.3575E+02
   9.732  0.1739E+01  0.3577E+02
   9.742  0.1740E+01  0.3578E+02
   9.752  0.1740E+01  0.3580E+02
   9.762  0.1742E+01  0.3582E+02
   9.772  0.1744E+01  0.3583E+02
   9.782  0.1747E+01  0.3585E+02
   9.792  0.1752E+01  0.3587E+02
   9.802  0.1757E+01  0.3589E+02
   9.812  0.1761E+01  0.3590E+02
   9.822  0.1768E+01  0.3592E+02
   9.832  0.1774E+01  0.3594E+02
   9.842  0.1786E+01  0.3596E+02
   9.852  0.1797E+01  0.3598E+02
   9.862  0.1809E+01  0.3599E+02
   9.872  0.1822E+01  0.3601E+02
   9.882  0.4357E+01  0.3605E+02
   9.892  0.4870E+01  0.3610E+02
   9.902  0.4579E+01  0.3614E+02
   9.912  0.4412E+01  0.3619E+02
   9.922  0.4357E+01  0.3623E+02
   9.932  0.4310E+01  0.3628E+02
   9.942  0.4342E+01  0.3632E+02
   9.952  0.4342E+01  0.3636E+02
   9.962  0.4370E+01  0.3641E+02
   9.972  0.4423E+01  0.3645E+02
   9.982  0.4503E+01  0.3649E+02
   9.992  0.4603E+01  0.3654E+02
  10.002  0.4765E+01  0.3659E+02
  10.012  0.4952E+01  0.3664E+02
  10.022  0.5348E+01  0.3669E+02
  10.032  0.6101E+01  0.3674E+02
  10.042  0.6034E+01  0.3681E+02
  10.052  0.5267E+01  0.3687E+02
  10.062  0.4997E+01  0.3692E+02
  10.072  0.4759E+01  0.3697E+02
  10.082  0.4671E+01  0.3701E+02
  10.092  0.4638E+01  0.3706E+02
  10.102  0.4642E+01  0.3711E+02
  10.112  0.4792E+01  0.3716E+02
  10.122  0.5216E+01  0.3721E+02
  10.132  0.4403E+01  0.3726E+02
  10.142  0.4040E+01  0.3730E+02
  10.152  0.3883E+01  0.3734E+02
  10.162  0.3864E+01  0.3738E+02
  10.172  0.4063E+01  0.3742E+02
  10.182  0.4280E+01  0.3746E+02
  10.192  0.3839E+01  0.3750E+02
  10.202  0.3575E+01  0.3754E+02
  10.212  0.3112E+01  0.3757E+02
  10.222  0.1175E+01  0.3759E+02
  10.232  0.1132E+01  0.3760E+02
  10.242  0.1090E+01  0.3761E+02
  10.252  0.1037E+01  0.3762E+02
  10.262  0.1000E+01  0.3763E+02
  10.272  0.9745E+00  0.3764E+02
  10.282  0.9594E+00  0.3765E+02
  10.292  0.9473E+00  0.3766E+02
  10.302  0.6503E+00  0.3767E+02
  10.312  0.6463E+00  0.3767E+02
  10.322  0.6404E+00  0.3768E+02
  10.332  0.6344E+00  0.3769E+02
  10.342  0.6320E+00  0.3769E+02
  10.352  0.6292E+00  0.3770E+02
  10.362  0.6257E+00  0.3771E+02
  10.372  0.6227E+00  0.3771E+02
  10.382  0.6206E+00  0.3772E+02
  10.392  0.6188E+00  0.3773E+02
  10.402  0.6160E+00  0.3773E+02
  10.412  0.6128E+00  0.3774E+02
  10.422  0.6106E+00  0.3774E+02
  10.432  0.6076E+00  0.3775E+02
  10.442  0.6065E+00  0.3776E+02
  10.452  0.6053E+00  0.3776E+02
  10.462  0.6049E+00  0.3777E+02
  10.472  0.6037E+00  0.3777E+02
  10.482  0.6022E+00  0.3778E+02
  10.492  0.6000E+00  0.3779E+02
  10.502  0.5981E+00  0.3779E+02
  10.512  0.5974E+00  0.3780E+02
  10.522  0.5975E+00  0.3780E+02
  10.532  0.5975E+00  0.3781E+02
  10.542  0.5971E+00  0.3782E+02
  10.552  0.5964E+00  0.3782E+02
  10.562  0.5953E+00  0.3783E+02
  10.572  0.5946E+00  0.3783E+02
  10.582  0.5945E+00  0.3784E+02
  10.592  0.5958E+00  0.3785E+02
  10.602  0.5962E+00  0.3785E+02
  10.612  0.5964E+00  0.3786E+02
  10.622  0.5963E+00  0.3786E+02
  10.632  0.5961E+00  0.3787E+02
  10.642  0.5954E+00  0.3788E+02
  10.652  0.5976E+00  0.3788E+02
  10.662  0.6009E+00  0.3789E+02
  10.672  0.6019E+00  0.3789E+02
  10.682  0.6026E+00  0.3790E+02
  10.692  0.6031E+00  0.3791E+02
  10.702  0.6034E+00  0.3791E+02
  10.712  0.6037E+00  0.3792E+02
  10.722  0.6068E+00  0.3792E+02
  10.732  0.6094E+00  0.3793E+02
  10.742  0.6162E+00  0.3794E+02
  10.752  0.6175E+00  0.3794E+02
  10.762  0.6186E+00  0.3795E+02
  10.772  0.7941E+00  0.3795E+02
  10.782  0.8075E+00  0.3796E+02
  10.792  0.8258E+00  0.3797E+02
  10.802  0.8296E+00  0.3798E+02
  10.812  0.8499E+00  0.3799E+02
  10.822  0.8610E+00  0.3800E+02
  10.832  0.8708E+00  0.3801E+02
  10.842  0.8859E+00  0.3801E+02
  10.852  0.8938E+00  0.3802E+02
  10.862  0.9047E+00  0.3803E+02
  10.872  0.9167E+00  0.3804E+02
  10.882  0.9475E+00  0.3805E+02
  10.892  0.9711E+00  0.3806E+02
  10.902  0.9863E+00  0.3807E+02
  10.912  0.1006E+01  0.3808E+02
  10.922  0.1018E+01  0.3809E+02
  10.932  0.1066E+01  0.3810E+02
  10.942  0.1103E+01  0.3811E+02
  10.952  0.1153E+01  0.3812E+02
  10.962  0.1207E+01  0.3813E+02
  10.972  0.1381E+01  0.3815E+02
  10.982  0.1522E+01  0.3816E+02
  10.992  0.1277E+01  0.3818E+02
  11.002  0.1177E+01  0.3819E+02
  11.012  0.1112E+01  0.3820E+02
  11.022  0.1097E+01  0.3821E+02
  11.032  0.1046E+01  0.3822E+02
  11.042  0.1031E+01  0.3823E+02
  11.052  0.2138E+01  0.3824E+02
  11.062  0.2013E+01  0.3826E+02
  11.072  0.1974E+01  0.3828E+02
  11.082  0.1979E+01  0.3830E+02
  11.092  0.1949E+01  0.3832E+02
  11.102  0.1940E+01  0.3834E+02
  11.112  0.1929E+01  0.3836E+02
  11.122  0.1944E+01  0.3838E+02
  11.132  0.1949E+01  0.3840E+02
  11.142  0.1941E+01  0.3842E+02
  11.152  0.1947E+01  0.3844E+02
  11.162  0.1986E+01  0.3846E+02
  11.172  0.1965E+01  0.3848E+02
  11.182  0.1979E+01  0.3850E+02
  11.192  0.2015E+01  0.3852E+02
  11.202  0.1768E+01  0.3854E+02
  11.212  0.1725E+01  0.3856E+02
  11.222  0.1768E+01  0.3857E+02
  11.232  0.1799E+01  0.3859E+02
  11.242  0.1833E+01  0.3861E+02
  11.252  0.1874E+01  0.3863E+02
  11.262  0.1929E+01  0.3865E+02
  11.272  0.1975E+01  0.3867E+02
  11.282  0.2023E+01  0.3869E+02
  11.292  0.2094E+01  0.3871E+02
  11.302  0.2167E+01  0.3873E+02
  11.312  0.2257E+01  0.3875E+02
  11.322  0.2339E+01  0.3877E+02
  11.332  0.2497E+01  0.3880E+02
  11.342  0.2698E+01  0.3882E+02
  11.352  0.3015E+01  0.3885E+02
  11.362  0.4976E+01  0.3889E+02
  11.372  0.3021E+01  0.3892E+02
  11.382  0.2644E+01  0.3895E+02
  11.392  0.2432E+01  0.3898E+02
  11.402  0.2290E+01  0.3900E+02
  11.412  0.2201E+01  0.3902E+02
  11.422  0.2461E+01  0.3904E+02
  11.432  0.2436E+01  0.3907E+02
  11.442  0.2372E+01  0.3909E+02
  11.452  0.2307E+01  0.3912E+02
  11.462  0.2235E+01  0.3914E+02
  11.472  0.2203E+01  0.3916E+02
  11.482  0.2143E+01  0.3918E+02
  11.492  0.2104E+01  0.3920E+02
  11.502  0.2062E+01  0.3923E+02
  11.512  0.2029E+01  0.3925E+02
  11.522  0.1986E+01  0.3927E+02
  11.532  0.1952E+01  0.3929E+02
  11.542  0.1919E+01  0.3930E+02
  11.552  0.2488E+01  0.3933E+02
  11.562  0.2585E+01  0.3935E+02
  11.572  0.2587E+01  0.3938E+02
  11.582  0.2595E+01  0.3940E+02
  11.592  0.2607E+01  0.3943E+02
  11.602  0.2640E+01  0.3946E+02
  11.612  0.2588E+01  0.3948E+02
  11.622  0.2642E+01  0.3951E+02
  11.632  0.2653E+01  0.3953E+02
  11.642  0.2762E+01  0.3956E+02
  11.652  0.2834E+01  0.3959E+02
  11.662  0.3003E+01  0.3962E+02
  11.672  0.2603E+01  0.3965E+02
  11.682  0.2562E+01  0.3967E+02
  11.692  0.2490E+01  0.3970E+02
  11.702  0.2426E+01  0.3972E+02
  11.712  0.2393E+01  0.3975E+02
  11.722  0.2371E+01  0.3977E+02
  11.732  0.3026E+01  0.3980E+02
  11.742  0.3093E+01  0.3983E+02
  11.752  0.3096E+01  0.3986E+02
  11.762  0.3104E+01  0.3989E+02
  11.772  0.3138E+01  0.3992E+02
  11.782  0.3199E+01  0.3995E+02
  11.792  0.3277E+01  0.3998E+02
  11.802  0.3398E+01  0.4002E+02
  11.812  0.3591E+01  0.4005E+02
  11.822  0.5612E+01  0.4009E+02
  11.832  0.7788E+01  0.4016E+02
  11.842  0.8230E+01  0.4023E+02
  11.852  0.6656E+01  0.4031E+02
  11.862  0.5454E+01  0.4037E+02
  11.872  0.4433E+01  0.4042E+02
  11.882  0.3791E+01  0.4046E+02
  11.892  0.3922E+01  0.4050E+02
  11.902  0.4018E+01  0.4054E+02
  11.912  0.4081E+01  0.4058E+02
  11.922  0.4303E+01  0.4062E+02
  11.932  0.4301E+01  0.4066E+02
  11.942  0.4559E+01  0.4071E+02
  11.952  0.5093E+01  0.4076E+02
  11.962  0.5001E+01  0.4081E+02
  11.972  0.5388E+01  0.4086E+02
  11.982  0.4611E+01  0.4091E+02
  11.992  0.4330E+01  0.4096E+02
  12.002  0.4196E+01  0.4100E+02
  12.012  0.4144E+01  0.4104E+02
  12.022  0.4486E+01  0.4108E+02
  12.032  0.3999E+01  0.4113E+02
  12.042  0.3702E+01  0.4117E+02
  12.052  0.3495E+01  0.4120E+02
  12.062  0.3369E+01  0.4124E+02
  12.072  0.3197E+01  0.4127E+02
  12.082  0.3102E+01  0.4130E+02
  12.092  0.3064E+01  0.4133E+02
  12.102  0.3028E+01  0.4136E+02
  12.112  0.3029E+01  0.4139E+02
  12.122  0.3075E+01  0.4142E+02
  12.132  0.3233E+01  0.4145E+02
  12.142  0.3679E+01  0.4149E+02
  12.152  0.3309E+01  0.4153E+02
  12.162  0.1045E+02  0.4162E+02
  12.172  0.1989E+02  0.4175E+02
  12.182  0.1351E+02  0.4189E+02
  12.192  0.1199E+02  0.4203E+02
  12.202  0.9445E+01  0.4213E+02
  12.212  0.8154E+01  0.4222E+02
  12.222  0.7352E+01  0.4230E+02
  12.232  0.6789E+01  0.4237E+02
  12.242  0.6471E+01  0.4243E+02
  12.252  0.5891E+01  0.4250E+02
  12.262  0.5964E+01  0.4256E+02
  12.272  0.6312E+01  0.4262E+02
  12.282  0.5970E+01  0.4268E+02
  12.292  0.5550E+01  0.4274E+02
  12.302  0.5147E+01  0.4280E+02
  12.312  0.4946E+01  0.4285E+02
  12.322  0.4727E+01  0.4289E+02
  12.332  0.4543E+01  0.4294E+02
  12.342  0.4426E+01  0.4299E+02
  12.352  0.4291E+01  0.4303E+02
  12.362  0.4152E+01  0.4307E+02
  12.372  0.4048E+01  0.4311E+02
  12.382  0.3961E+01  0.4315E+02
  12.392  0.3868E+01  0.4319E+02
  12.402  0.3768E+01  0.4323E+02
  12.412  0.3674E+01  0.4327E+02
  12.422  0.3431E+01  0.4330E+02
  12.432  0.3329E+01  0.4334E+02
  12.442  0.3195E+01  0.4337E+02
  12.452  0.3122E+01  0.4340E+02
  12.462  0.3114E+01  0.4343E+02
  12.472  0.2622E+01  0.4346E+02
  12.482  0.2615E+01  0.4349E+02
  12.492  0.2622E+01  0.4351E+02
  12.502  0.2653E+01  0.4354E+02
  12.512  0.2714E+01  0.4356E+02
  12.522  0.2760E+01  0.4359E+02
  12.532  0.3060E+01  0.4362E+02
  12.542  0.2993E+01  0.4365E+02
  12.552  0.2838E+01  0.4368E+02
  12.562  0.2620E+01  0.4371E+02
  12.572  0.2553E+01  0.4373E+02
  12.582  0.2500E+01  0.4376E+02
  12.592  0.2445E+01  0.4378E+02
  12.602  0.2465E+01  0.4381E+02
  12.612  0.2496E+01  0.4383E+02
  12.622  0.2576E+01  0.4386E+02
  12.632  0.3015E+01  0.4389E+02
  12.642  0.2595E+01  0.4392E+02
  12.652  0.2410E+01  0.4394E+02
  12.662  0.2020E+01  0.4396E+02
  12.672  0.1948E+01  0.4398E+02
  12.682  0.1896E+01  0.4400E+02
  12.692  0.1851E+01  0.4402E+02
  12.702  0.1819E+01  0.4404E+02
  12.712  0.1781E+01  0.4406E+02
  12.722  0.1749E+01  0.4408E+02
  12.732  0.1731E+01  0.4409E+02
  12.742  0.1712E+01  0.4411E+02
  12.752  0.1682E+01  0.4413E+02
  12.762  0.1657E+01  0.4414E+02
  12.772  0.1653E+01  0.4416E+02
  12.782  0.1641E+01  0.4418E+02
  12.792  0.1618E+01  0.4419E+02
  12.802  0.1595E+01  0.4421E+02
  12.812  0.1595E+01  0.4423E+02
  12.822  0.1586E+01  0.4424E+02
  12.832  0.1570E+01  0.4426E+02
  12.842  0.1556E+01  0.4427E+02
  12.852  0.1568E+01  0.4429E+02
  12.862  0.1548E+01  0.4430E+02
  12.872  0.1527E+01  0.4432E+02
  12.882  0.1524E+01  0.4433E+02
  12.892  0.1532E+01  0.4435E+02
  12.902  0.1521E+01  0.4436E+02
  12.912  0.1509E+01  0.4438E+02
  12.922  0.1517E+01  0.4440E+02
  12.932  0.1504E+01  0.4441E+02
  12.942  0.1512E+01  0.4443E+02
  12.952  0.1513E+01  0.4444E+02
  12.962  0.1508E+01  0.4446E+02
  12.972  0.1510E+01  0.4447E+02
  12.982  0.1556E+01  0.4449E+02
  12.992  0.1651E+01  0.4450E+02
  13.002  0.1264E+01  0.4452E+02
  13.012  0.1387E+01  0.4453E+02
  13.022  0.1296E+01  0.4454E+02
  13.032  0.1254E+01  0.4456E+02
  13.042  0.1248E+01  0.4457E+02
  13.052  0.1238E+01  0.4458E+02
  13.062  0.1226E+01  0.4459E+02
  13.072  0.1233E+01  0.4461E+02
  13.082  0.1235E+01  0.4462E+02
  13.092  0.1436E+01  0.4463E+02
  13.102  0.1473E+01  0.4465E+02
  13.112  0.1515E+01  0.4466E+02
  13.122  0.1514E+01  0.4468E+02
  13.132  0.1530E+01  0.4469E+02
  13.142  0.1559E+01  0.4471E+02
  13.152  0.1593E+01  0.4472E+02
  13.162  0.1626E+01  0.4474E+02
  13.172  0.1651E+01  0.4476E+02
  13.182  0.1679E+01  0.4477E+02
  13.192  0.1719E+01  0.4479E+02
  13.202  0.1794E+01  0.4481E+02
  13.212  0.1804E+01  0.4483E+02
  13.222  0.1880E+01  0.4484E+02
  13.232  0.1978E+01  0.4486E+02
  13.242  0.2051E+01  0.4488E+02
  13.252  0.2288E+01  0.4491E+02
  13.262  0.3132E+01  0.4493E+02
  13.272  0.2426E+01  0.4496E+02
  13.282  0.2314E+01  0.4498E+02
  13.292  0.2364E+01  0.4500E+02
  13.302  0.1258E+01  0.4502E+02
  13.312  0.1249E+01  0.4503E+02
  13.322  0.1254E+01  0.4505E+02
  13.332  0.1265E+01  0.4506E+02
  13.342  0.1255E+01  0.4507E+02
  13.352  0.1259E+01  0.4508E+02
  13.362  0.1266E+01  0.4510E+02
  13.372  0.1281E+01  0.4511E+02
  13.382  0.1293E+01  0.4512E+02
  13.392  0.1312E+01  0.4514E+02
  13.402  0.1323E+01  0.4515E+02
  13.412  0.1346E+01  0.4516E+02
  13.422  0.1365E+01  0.4518E+02
  13.432  0.1395E+01  0.4519E+02
  13.442  0.1450E+01  0.4520E+02
  13.452  0.1618E+01  0.4522E+02
  13.462  0.2790E+01  0.4524E+02
  13.472  0.2787E+01  0.4527E+02
  13.482  0.2799E+01  0.4530E+02
  13.492  0.2750E+01  0.4533E+02
  13.502  0.2785E+01  0.4536E+02
  13.512  0.2772E+01  0.4538E+02
  13.522  0.3374E+01  0.4541E+02
  13.532  0.3386E+01  0.4545E+02
  13.542  0.3488E+01  0.4548E+02
  13.552  0.3528E+01  0.4551E+02
  13.562  0.3598E+01  0.4555E+02
  13.572  0.3639E+01  0.4559E+02
  13.582  0.3708E+01  0.4562E+02
  13.592  0.3789E+01  0.4566E+02
  13.602  0.3887E+01  0.4570E+02
  13.612  0.3996E+01  0.4574E+02
  13.622  0.4203E+01  0.4578E+02
  13.632  0.4976E+01  0.4582E+02
  13.642  0.4384E+01  0.4587E+02
  13.652  0.4414E+01  0.4591E+02
  13.662  0.4428E+01  0.4596E+02
  13.672  0.4676E+01  0.4600E+02
  13.682  0.5132E+01  0.4605E+02
  13.692  0.5576E+01  0.4611E+02
  13.702  0.4725E+01  0.4616E+02
  13.712  0.4377E+01  0.4620E+02
  13.722  0.4187E+01  0.4625E+02
  13.732  0.4190E+01  0.4629E+02
  13.742  0.4303E+01  0.4633E+02
  13.752  0.4346E+01  0.4637E+02
  13.762  0.5401E+01  0.4642E+02
  13.772  0.4234E+01  0.4647E+02
  13.782  0.4220E+01  0.4651E+02
  13.792  0.3995E+01  0.4655E+02
  13.802  0.3819E+01  0.4659E+02
  13.812  0.3710E+01  0.4663E+02
  13.822  0.3969E+01  0.4666E+02
  13.832  0.3802E+01  0.4670E+02
  13.842  0.3747E+01  0.4674E+02
  13.852  0.3646E+01  0.4678E+02
  13.862  0.3598E+01  0.4681E+02
  13.872  0.3566E+01  0.4685E+02
  13.882  0.3612E+01  0.4689E+02
  13.892  0.3073E+01  0.4692E+02
  13.902  0.2766E+01  0.4695E+02
  13.912  0.2729E+01  0.4698E+02
  13.922  0.2801E+01  0.4700E+02
  13.932  0.2645E+01  0.4703E+02
  13.942  0.2661E+01  0.4706E+02
  13.952  0.2029E+01  0.4708E+02
  13.962  0.2043E+01  0.4710E+02
  13.972  0.2050E+01  0.4712E+02
  13.982  0.2080E+01  0.4714E+02
  13.992  0.2071E+01  0.4717E+02
  14.002  0.2085E+01  0.4719E+02
  14.012  0.2097E+01  0.4721E+02
  14.022  0.2132E+01  0.4723E+02
  14.032  0.2162E+01  0.4725E+02
  14.042  0.2234E+01  0.4727E+02
  14.052  0.2231E+01  0.4729E+02
  14.062  0.2294E+01  0.4732E+02
  14.072  0.2405E+01  0.4734E+02
  14.082  0.2508E+01  0.4736E+02
  14.092  0.2540E+01  0.4739E+02
  14.102  0.2440E+01  0.4741E+02
  14.112  0.2460E+01  0.4744E+02
  14.122  0.2621E+01  0.4746E+02
  14.132  0.3010E+01  0.4749E+02
  14.142  0.2851E+01  0.4752E+02
  14.152  0.2678E+01  0.4755E+02
  14.162  0.2574E+01  0.4758E+02
  14.172  0.2470E+01  0.4760E+02
  14.182  0.2435E+01  0.4763E+02
  14.192  0.2922E+01  0.4765E+02
  14.202  0.3186E+01  0.4768E+02
  14.212  0.3532E+01  0.4772E+02
  14.222  0.3411E+01  0.4775E+02
  14.232  0.3489E+01  0.4779E+02
  14.242  0.3671E+01  0.4783E+02
  14.252  0.3353E+01  0.4786E+02
  14.262  0.3194E+01  0.4789E+02
  14.272  0.3454E+01  0.4792E+02
  14.282  0.3499E+01  0.4796E+02
  14.292  0.3609E+01  0.4800E+02
  14.302  0.3633E+01  0.4803E+02
  14.312  0.3703E+01  0.4807E+02
  14.322  0.3939E+01  0.4811E+02
  14.332  0.5458E+01  0.4815E+02
  14.342  0.5594E+01  0.4821E+02
  14.352  0.5812E+01  0.4827E+02
  14.362  0.6042E+01  0.4832E+02
  14.372  0.6314E+01  0.4839E+02
  14.382  0.6899E+01  0.4845E+02
  14.392  0.6796E+01  0.4852E+02
  14.402  0.6300E+01  0.4859E+02
  14.412  0.6436E+01  0.4865E+02
  14.422  0.5462E+01  0.4870E+02
  14.432  0.5642E+01  0.4876E+02
  14.442  0.5882E+01  0.4882E+02
  14.452  0.6414E+01  0.4888E+02
  14.462  0.7519E+01  0.4895E+02
  14.472  0.9391E+01  0.4904E+02
  14.482  0.7244E+01  0.4912E+02
  14.492  0.6435E+01  0.4919E+02
  14.502  0.5734E+01  0.4925E+02
  14.512  0.4865E+01  0.4930E+02
  14.522  0.4003E+01  0.4934E+02
  14.532  0.3521E+01  0.4938E+02
  14.542  0.3030E+01  0.4941E+02
  14.552  0.3098E+01  0.4944E+02
  14.562  0.3132E+01  0.4948E+02
  14.572  0.2908E+01  0.4951E+02
  14.582  0.2966E+01  0.4954E+02
  14.592  0.3076E+01  0.4957E+02
  14.602  0.3313E+01  0.4960E+02
  14.612  0.5032E+01  0.4964E+02
  14.622  0.5771E+01  0.4970E+02
  14.632  0.5827E+01  0.4976E+02
  14.642  0.6233E+01  0.4982E+02
  14.652  0.5769E+01  0.4987E+02
  14.662  0.6360E+01  0.4994E+02
  14.672  0.7189E+01  0.5001E+02
  14.682  0.5533E+01  0.5007E+02
  14.692  0.5146E+01  0.5012E+02
  14.702  0.4887E+01  0.5017E+02
  14.712  0.4782E+01  0.5022E+02
  14.722  0.4695E+01  0.5027E+02
  14.732  0.4609E+01  0.5031E+02
  14.742  0.4618E+01  0.5036E+02
  14.752  0.5578E+01  0.5041E+02
  14.762  0.5518E+01  0.5046E+02
  14.772  0.4218E+01  0.5052E+02
  14.782  0.4046E+01  0.5056E+02
  14.792  0.3781E+01  0.5060E+02
  14.802  0.3683E+01  0.5064E+02
  14.812  0.3598E+01  0.5068E+02
  14.822  0.3582E+01  0.5071E+02
  14.832  0.3516E+01  0.5075E+02
  14.842  0.3447E+01  0.5078E+02
  14.852  0.4645E+01  0.5082E+02
  14.862  0.4237E+01  0.5087E+02
  14.872  0.3596E+01  0.5091E+02
  14.882  0.3197E+01  0.5094E+02
  14.892  0.2945E+01  0.5097E+02
  14.902  0.2785E+01  0.5100E+02
  14.912  0.2749E+01  0.5103E+02
  14.922  0.2691E+01  0.5105E+02
  14.932  0.2711E+01  0.5108E+02
  14.942  0.2702E+01  0.5111E+02
  14.952  0.2817E+01  0.5114E+02
  14.962  0.2983E+01  0.5117E+02
  14.972  0.3331E+01  0.5120E+02
  14.982  0.3639E+01  0.5123E+02
  14.992  0.3697E+01  0.5127E+02
  15.002  0.3595E+01  0.5130E+02
  15.012  0.4110E+01  0.5134E+02
  15.022  0.3478E+01  0.5138E+02
  15.032  0.2979E+01  0.5142E+02
  15.042  0.2719E+01  0.5145E+02
  15.052  0.2572E+01  0.5147E+02
  15.062  0.2524E+01  0.5150E+02
  15.072  0.2495E+01  0.5152E+02
  15.082  0.2476E+01  0.5155E+02
  15.092  0.2513E+01  0.5157E+02
  15.102  0.2478E+01  0.5160E+02
  15.112  0.2271E+01  0.5162E+02
  15.122  0.2195E+01  0.5164E+02
  15.132  0.2021E+01  0.5166E+02
  15.142  0.1883E+01  0.5168E+02
  15.152  0.1805E+01  0.5170E+02
  15.162  0.1694E+01  0.5172E+02
  15.172  0.1659E+01  0.5174E+02
  15.182  0.1668E+01  0.5175E+02
  15.192  0.1832E+01  0.5177E+02
  15.202  0.2330E+01  0.5179E+02
  15.212  0.2099E+01  0.5182E+02
  15.222  0.2113E+01  0.5184E+02
  15.232  0.2218E+01  0.5186E+02
  15.242  0.2528E+01  0.5188E+02
  15.252  0.2200E+01  0.5190E+02
  15.262  0.2274E+01  0.5193E+02
  15.272  0.1904E+01  0.5194E+02
  15.282  0.1997E+01  0.5197E+02
  15.292  0.1434E+01  0.5198E+02
  15.302  0.9427E+00  0.5200E+02
  15.312  0.5101E-01  0.5200E+02
  15.322  0.4825E-01  0.5200E+02
  15.332  0.4548E-01  0.5200E+02
  15.342  0.5171E-01  0.5200E+02
  15.352  0.4483E-01  0.5200E+02
  15.362  0.6798E-01  0.5200E+02
