
     Program BANDS v.7.2 starts on  7Aug2026 at 16:47: 5 

     This program is part of the open-source Quantum ESPRESSO suite
     for quantum simulation of materials; please cite
         "P. Giannozzi et al., J. Phys.:Condens. Matter 21 395502 (2009);
         "P. Giannozzi et al., J. Phys.:Condens. Matter 29 465901 (2017);
         "P. Giannozzi et al., J. Chem. Phys. 152 154105 (2020);
          URL http://www.quantum-espresso.org", 
     in publications or presentations arising from this work. More details at
     http://www.quantum-espresso.org/quote

     Parallel version (MPI), running on     1 processors

     MPI processes distributed on     1 nodes
     227344 MiB available memory on the printing compute node when the environment starts


     Reading xml data from directory:

     ./out/ZrClBr.save/
     file Zr.pbe-spn-kjpaw_psl.1.0.0.UPF: wavefunction(s)  4S 4P renormalized
     file Cl.pbe-n-kjpaw_psl.1.0.0.UPF: wavefunction(s)  3S 3P renormalized
     file Br.pbe-n-kjpaw_psl.1.0.0.UPF: wavefunction(s)  4S 4P renormalized

     IMPORTANT: XC functional enforced from input :
     Exchange-correlation= PBE
                           (   1   4   3   4   0   0   0)
     Any further DFT definition will be discarded
     Please, verify this is what you really want


     G-vector sticks info
     --------------------
     sticks:   dense  smooth     PW     G-vecs:    dense   smooth      PW
     Sum         661     661    199                80247    80247   12945

     Using Slab Decomposition


     negative rho (up, down):  9.010E-04 0.000E+00
     Reading collected, re-writing distributed wavefunctions
     high-symmetry point:  0.0000 0.0000 0.0000   x coordinate   0.0000
     high-symmetry point:  0.5000 0.2887 0.0000   x coordinate   0.5774
     high-symmetry point:  0.3333 0.5774 0.0000   x coordinate   0.9107
     high-symmetry point:  0.0000 0.0000 0.0000   x coordinate   1.5774

     Plottable bands (eV) written to file bands.dat.gnu
     Bands written to file bands.dat

 **************************************************************************

                    xk=(   0.00000,   0.00000,   0.00000  )

     point group C_3v (3m)  
     there are  3 classes
     the character table:

       E     2C3   3s_v 
A_1    1.00  1.00  1.00
A_2    1.00  1.00 -1.00
E      2.00 -1.00  0.00

     the symmetry operations in each class and the name of the first element:

     E        1
                                                                 
     2C3      2    3
                                                                 
     3s_v     4    5    6
                                                                 

     Band symmetry, C_3v (3m)   point group:

     e(  1 -  1) =    -49.26320  eV     1   --> A_1  L_1       
     e(  2 -  2) =    -27.50150  eV     1   --> A_1  L_1       
     e(  3 -  4) =    -27.09955  eV     2   --> E    L_3       
     e(  5 -  5) =    -17.12944  eV     1   --> A_1  L_1       
     e(  6 -  6) =    -16.57723  eV     1   --> A_1  L_1       
     e(  7 -  7) =     -6.49039  eV     1   --> A_1  L_1       
     e(  8 -  8) =     -4.44985  eV     1   --> A_1  L_1       
     e(  9 - 10) =     -4.15125  eV     2   --> E    L_3       
     e( 11 - 12) =     -2.98487  eV     2   --> E    L_3       
     e( 13 - 13) =     -0.11459  eV     1   --> A_1  L_1       
     e( 14 - 15) =      1.59173  eV     2   --> E    L_3       
     e( 16 - 17) =      2.29373  eV     2   --> E    L_3       
     e( 18 - 18) =      2.55492  eV     1   --> A_1  L_1       
     e( 19 - 19) =      3.65567  eV     1   --> A_1  L_1       
     e( 20 - 20) =      3.82424  eV     1   --> A_1  L_1       
     e( 21 - 21) =      4.57103  eV     1   --> A_1  L_1       
     e( 22 - 22) =      5.07691  eV     1   --> A_1  L_1       
     e( 23 - 23) =      5.89133  eV     1   --> A_1  L_1       
     e( 24 - 24) =      6.65908  eV     1   --> A_1  L_1       
     e( 25 - 25) =      8.29905  eV     1   --> A_1  L_1       
     e( 26 - 26) =      9.25676  eV     1   -->   ?

 **************************************************************************

 **************************************************************************

                    xk=(   0.01667,   0.00962,   0.00000  )

     point group C_s (m)    
     there are  2 classes
     the character table:

       E     s    
A'     1.00  1.00
A''    1.00 -1.00

     the symmetry operations in each class and the name of the first element:

     E        1
                                                                 
     s        2
                                                                 

     Band symmetry, C_s (m)     point group:

     e(  1 -  1) =    -49.26310  eV     1   --> A'             
     e(  2 -  2) =    -27.50120  eV     1   --> A'             
     e(  3 -  3) =    -27.10067  eV     1   --> A'             
     e(  4 -  4) =    -27.09978  eV     1   --> A''            
     e(  5 -  5) =    -17.12753  eV     1   --> A'             
     e(  6 -  6) =    -16.57643  eV     1   --> A'             
     e(  7 -  7) =     -6.48713  eV     1   --> A'             
     e(  8 -  8) =     -4.45367  eV     1   --> A'             
     e(  9 -  9) =     -4.15626  eV     1   --> A'             
     e( 10 - 10) =     -4.15215  eV     1   --> A''            
     e( 11 - 11) =     -2.99694  eV     1   --> A'             
     e( 12 - 12) =     -2.98749  eV     1   --> A''            
     e( 13 - 13) =     -0.11430  eV     1   --> A'             
     e( 14 - 14) =      1.58717  eV     1   --> A'             
     e( 15 - 15) =      1.59418  eV     1   --> A''            
     e( 16 - 16) =      2.28987  eV     1   --> A'             
     e( 17 - 17) =      2.29807  eV     1   --> A''            
     e( 18 - 18) =      2.56936  eV     1   --> A'             
     e( 19 - 19) =      3.66253  eV     1   --> A'             
     e( 20 - 20) =      3.83022  eV     1   --> A'             
     e( 21 - 21) =      4.57730  eV     1   --> A'             
     e( 22 - 22) =      5.08805  eV     1   --> A'             
     e( 23 - 23) =      5.90188  eV     1   --> A'             
     e( 24 - 24) =      6.66472  eV     1   --> A'             
     e( 25 - 25) =      8.30260  eV     1   --> A'             
     e( 26 - 26) =      9.19171  eV     1   --> A'             

 **************************************************************************

 **************************************************************************

                    xk=(   0.03333,   0.01925,   0.00000  )

     Band symmetry, C_s (m)     point group:

     e(  1 -  1) =    -49.26282  eV     1   --> A'             
     e(  2 -  2) =    -27.50035  eV     1   --> A'             
     e(  3 -  3) =    -27.10406  eV     1   --> A'             
     e(  4 -  4) =    -27.10050  eV     1   --> A''            
     e(  5 -  5) =    -17.12185  eV     1   --> A'             
     e(  6 -  6) =    -16.57401  eV     1   --> A'             
     e(  7 -  7) =     -6.47741  eV     1   --> A'             
     e(  8 -  8) =     -4.46542  eV     1   --> A'             
     e(  9 -  9) =     -4.17091  eV     1   --> A'             
     e( 10 - 10) =     -4.15486  eV     1   --> A''            
     e( 11 - 11) =     -3.03265  eV     1   --> A'             
     e( 12 - 12) =     -2.99529  eV     1   --> A''            
     e( 13 - 13) =     -0.11360  eV     1   --> A'             
     e( 14 - 14) =      1.57392  eV     1   --> A'             
     e( 15 - 15) =      1.60155  eV     1   --> A''            
     e( 16 - 16) =      2.27908  eV     1   --> A'             
     e( 17 - 17) =      2.31099  eV     1   --> A''            
     e( 18 - 18) =      2.61197  eV     1   --> A'             
     e( 19 - 19) =      3.68277  eV     1   --> A'             
     e( 20 - 20) =      3.84800  eV     1   --> A'             
     e( 21 - 21) =      4.59606  eV     1   --> A'             
     e( 22 - 22) =      5.12056  eV     1   --> A'             
     e( 23 - 23) =      5.93388  eV     1   --> A'             
     e( 24 - 24) =      6.68159  eV     1   --> A'             
     e( 25 - 25) =      8.31310  eV     1   --> A'             
     e( 26 - 26) =      9.06579  eV     1   --> A'             

 **************************************************************************

 **************************************************************************

                    xk=(   0.05000,   0.02887,   0.00000  )

     Band symmetry, C_s (m)     point group:

     e(  1 -  1) =    -49.26235  eV     1   --> A'             
     e(  2 -  2) =    -27.49891  eV     1   --> A'             
     e(  3 -  3) =    -27.10964  eV     1   --> A'             
     e(  4 -  4) =    -27.10167  eV     1   --> A''            
     e(  5 -  5) =    -17.11245  eV     1   --> A'             
     e(  6 -  6) =    -16.56999  eV     1   --> A'             
     e(  7 -  7) =     -6.46133  eV     1   --> A'             
     e(  8 -  8) =     -4.48589  eV     1   --> A'             
     e(  9 -  9) =     -4.19402  eV     1   --> A'             
     e( 10 - 10) =     -4.15943  eV     1   --> A''            
     e( 11 - 11) =     -3.09040  eV     1   --> A'             
     e( 12 - 12) =     -3.00801  eV     1   --> A''            
     e( 13 - 13) =     -0.11288  eV     1   --> A'             
     e( 14 - 14) =      1.55325  eV     1   --> A'             
     e( 15 - 15) =      1.61397  eV     1   --> A''            
     e( 16 - 16) =      2.26346  eV     1   --> A'             
     e( 17 - 17) =      2.33216  eV     1   --> A''            
     e( 18 - 18) =      2.68076  eV     1   --> A'             
     e( 19 - 19) =      3.71557  eV     1   --> A'             
     e( 20 - 20) =      3.87705  eV     1   --> A'             
     e( 21 - 21) =      4.62713  eV     1   --> A'             
     e( 22 - 22) =      5.17186  eV     1   --> A'             
     e( 23 - 23) =      5.98828  eV     1   --> A'             
     e( 24 - 24) =      6.70946  eV     1   --> A'             
     e( 25 - 25) =      8.33005  eV     1   --> A'             
     e( 26 - 26) =      8.92166  eV     1   --> A'             

 **************************************************************************

 **************************************************************************

                    xk=(   0.06667,   0.03849,   0.00000  )

     Band symmetry, C_s (m)     point group:

     e(  1 -  1) =    -49.26170  eV     1   --> A'             
     e(  2 -  2) =    -27.49693  eV     1   --> A'             
     e(  3 -  3) =    -27.11736  eV     1   --> A'             
     e(  4 -  4) =    -27.10329  eV     1   --> A''            
     e(  5 -  5) =    -17.09945  eV     1   --> A'             
     e(  6 -  6) =    -16.56436  eV     1   --> A'             
     e(  7 -  7) =     -6.43913  eV     1   --> A'             
     e(  8 -  8) =     -4.51633  eV     1   --> A'             
     e(  9 -  9) =     -4.22381  eV     1   --> A'             
     e( 10 - 10) =     -4.16594  eV     1   --> A''            
     e( 11 - 11) =     -3.16780  eV     1   --> A'             
     e( 12 - 12) =     -3.02530  eV     1   --> A''            
     e( 13 - 13) =     -0.11282  eV     1   --> A'             
     e( 14 - 14) =      1.52720  eV     1   --> A'             
     e( 15 - 15) =      1.63167  eV     1   --> A''            
     e( 16 - 16) =      2.24576  eV     1   --> A'             
     e( 17 - 17) =      2.36102  eV     1   --> A''            
     e( 18 - 18) =      2.77270  eV     1   --> A'             
     e( 19 - 19) =      3.75998  eV     1   --> A'             
     e( 20 - 20) =      3.91667  eV     1   --> A'             
     e( 21 - 21) =      4.67029  eV     1   --> A'             
     e( 22 - 22) =      5.23815  eV     1   --> A'             
     e( 23 - 23) =      6.06624  eV     1   --> A'             
     e( 24 - 24) =      6.74797  eV     1   --> A'             
     e( 25 - 25) =      8.35217  eV     1   --> A'             
     e( 26 - 26) =      8.77155  eV     1   --> A'             

 **************************************************************************

 **************************************************************************

                    xk=(   0.08333,   0.04811,   0.00000  )

     Band symmetry, C_s (m)     point group:

     e(  1 -  1) =    -49.26087  eV     1   --> A'             
     e(  2 -  2) =    -27.49441  eV     1   --> A'             
     e(  3 -  3) =    -27.12710  eV     1   --> A'             
     e(  4 -  4) =    -27.10535  eV     1   --> A''            
     e(  5 -  5) =    -17.08300  eV     1   --> A'             
     e(  6 -  6) =    -16.55714  eV     1   --> A'             
     e(  7 -  7) =     -6.41109  eV     1   --> A'             
     e(  8 -  8) =     -4.55813  eV     1   --> A'             
     e(  9 -  9) =     -4.25817  eV     1   --> A'             
     e( 10 - 10) =     -4.17446  eV     1   --> A''            
     e( 11 - 11) =     -3.26178  eV     1   --> A'             
     e( 12 - 12) =     -3.04664  eV     1   --> A''            
     e( 13 - 13) =     -0.11433  eV     1   --> A'             
     e( 14 - 14) =      1.49840  eV     1   --> A'             
     e( 15 - 15) =      1.65490  eV     1   --> A''            
     e( 16 - 16) =      2.22878  eV     1   --> A'             
     e( 17 - 17) =      2.39688  eV     1   --> A''            
     e( 18 - 18) =      2.88397  eV     1   --> A'             
     e( 19 - 19) =      3.81523  eV     1   --> A'             
     e( 20 - 20) =      3.96613  eV     1   --> A'             
     e( 21 - 21) =      4.72522  eV     1   --> A'             
     e( 22 - 22) =      5.31515  eV     1   --> A'             
     e( 23 - 23) =      6.16852  eV     1   --> A'             
     e( 24 - 24) =      6.79663  eV     1   --> A'             
     e( 25 - 25) =      8.37532  eV     1   --> A'             
     e( 26 - 26) =      8.62474  eV     1   --> A'             

 **************************************************************************

 **************************************************************************

                    xk=(   0.10000,   0.05774,   0.00000  )

     Band symmetry, C_s (m)     point group:

     e(  1 -  1) =    -49.25988  eV     1   --> A'             
     e(  2 -  2) =    -27.49140  eV     1   --> A'             
     e(  3 -  3) =    -27.13878  eV     1   --> A'             
     e(  4 -  4) =    -27.10782  eV     1   --> A''            
     e(  5 -  5) =    -17.06333  eV     1   --> A'             
     e(  6 -  6) =    -16.54834  eV     1   --> A'             
     e(  7 -  7) =     -6.37760  eV     1   --> A'             
     e(  8 -  8) =     -4.61236  eV     1   --> A'             
     e(  9 -  9) =     -4.29540  eV     1   --> A'             
     e( 10 - 10) =     -4.18511  eV     1   --> A''            
     e( 11 - 11) =     -3.36885  eV     1   --> A'             
     e( 12 - 12) =     -3.07147  eV     1   --> A''            
     e( 13 - 13) =     -0.11852  eV     1   --> A'             
     e( 14 - 14) =      1.46991  eV     1   --> A'             
     e( 15 - 15) =      1.68395  eV     1   --> A''            
     e( 16 - 16) =      2.21489  eV     1   --> A'             
     e( 17 - 17) =      2.43888  eV     1   --> A''            
     e( 18 - 18) =      3.01026  eV     1   --> A'             
     e( 19 - 19) =      3.88080  eV     1   --> A'             
     e( 20 - 20) =      4.02483  eV     1   --> A'             
     e( 21 - 21) =      4.79159  eV     1   --> A'             
     e( 22 - 22) =      5.39905  eV     1   --> A'             
     e( 23 - 23) =      6.29461  eV     1   --> A'             
     e( 24 - 24) =      6.85481  eV     1   --> A'             
     e( 25 - 25) =      8.37530  eV     1   --> A'             
     e( 26 - 26) =      8.50839  eV     1   --> A'             

 **************************************************************************

 **************************************************************************

                    xk=(   0.11667,   0.06736,   0.00000  )

     Band symmetry, C_s (m)     point group:

     e(  1 -  1) =    -49.25874  eV     1   --> A'             
     e(  2 -  2) =    -27.48790  eV     1   --> A'             
     e(  3 -  3) =    -27.15223  eV     1   --> A'             
     e(  4 -  4) =    -27.11066  eV     1   --> A''            
     e(  5 -  5) =    -17.04066  eV     1   --> A'             
     e(  6 -  6) =    -16.53796  eV     1   --> A'             
     e(  7 -  7) =     -6.33914  eV     1   --> A'             
     e(  8 -  8) =     -4.67914  eV     1   --> A'             
     e(  9 -  9) =     -4.33481  eV     1   --> A'             
     e( 10 - 10) =     -4.19795  eV     1   --> A''            
     e( 11 - 11) =     -3.48511  eV     1   --> A'             
     e( 12 - 12) =     -3.09913  eV     1   --> A''            
     e( 13 - 13) =     -0.12653  eV     1   --> A'             
     e( 14 - 14) =      1.44500  eV     1   --> A'             
     e( 15 - 15) =      1.71918  eV     1   --> A''            
     e( 16 - 16) =      2.20591  eV     1   --> A'             
     e( 17 - 17) =      2.48606  eV     1   --> A''            
     e( 18 - 18) =      3.14707  eV     1   --> A'             
     e( 19 - 19) =      3.95632  eV     1   --> A'             
     e( 20 - 20) =      4.09242  eV     1   --> A'             
     e( 21 - 21) =      4.86898  eV     1   --> A'             
     e( 22 - 22) =      5.48722  eV     1   --> A'             
     e( 23 - 23) =      6.44205  eV     1   --> A'             
     e( 24 - 24) =      6.92166  eV     1   --> A'             
     e( 25 - 25) =      8.28486  eV     1   --> A'             
     e( 26 - 26) =      8.49138  eV     1   --> A'             

 **************************************************************************

 **************************************************************************

                    xk=(   0.13333,   0.07698,   0.00000  )

     Band symmetry, C_s (m)     point group:

     e(  1 -  1) =    -49.25745  eV     1   --> A'             
     e(  2 -  2) =    -27.48398  eV     1   --> A'             
     e(  3 -  3) =    -27.16727  eV     1   --> A'             
     e(  4 -  4) =    -27.11385  eV     1   --> A''            
     e(  5 -  5) =    -17.01529  eV     1   --> A'             
     e(  6 -  6) =    -16.52602  eV     1   --> A'             
     e(  7 -  7) =     -6.29627  eV     1   --> A'             
     e(  8 -  8) =     -4.75756  eV     1   --> A'             
     e(  9 -  9) =     -4.37713  eV     1   --> A'             
     e( 10 - 10) =     -4.21306  eV     1   --> A''            
     e( 11 - 11) =     -3.60629  eV     1   --> A'             
     e( 12 - 12) =     -3.12897  eV     1   --> A''            
     e( 13 - 13) =     -0.13948  eV     1   --> A'             
     e( 14 - 14) =      1.42684  eV     1   --> A'             
     e( 15 - 15) =      1.76088  eV     1   --> A''            
     e( 16 - 16) =      2.20300  eV     1   --> A'             
     e( 17 - 17) =      2.53740  eV     1   --> A''            
     e( 18 - 18) =      3.28998  eV     1   --> A'             
     e( 19 - 19) =      4.04133  eV     1   --> A'             
     e( 20 - 20) =      4.16884  eV     1   --> A'             
     e( 21 - 21) =      4.95683  eV     1   --> A'             
     e( 22 - 22) =      5.57835  eV     1   --> A'             
     e( 23 - 23) =      6.60608  eV     1   --> A'             
     e( 24 - 24) =      6.99599  eV     1   --> A'             
     e( 25 - 25) =      8.16064  eV     1   --> A'             
     e( 26 - 26) =      8.51703  eV     1   --> A'             

 **************************************************************************

 **************************************************************************

                    xk=(   0.15000,   0.08660,   0.00000  )

     Band symmetry, C_s (m)     point group:

     e(  1 -  1) =    -49.25604  eV     1   --> A'             
     e(  2 -  2) =    -27.47966  eV     1   --> A'             
     e(  3 -  3) =    -27.18376  eV     1   --> A'             
     e(  4 -  4) =    -27.11736  eV     1   --> A''            
     e(  5 -  5) =    -16.98757  eV     1   --> A'             
     e(  6 -  6) =    -16.51253  eV     1   --> A'             
     e(  7 -  7) =     -6.24966  eV     1   --> A'             
     e(  8 -  8) =     -4.84597  eV     1   --> A'             
     e(  9 -  9) =     -4.42445  eV     1   --> A'             
     e( 10 - 10) =     -4.23047  eV     1   --> A''            
     e( 11 - 11) =     -3.72762  eV     1   --> A'             
     e( 12 - 12) =     -3.16033  eV     1   --> A''            
     e( 13 - 13) =     -0.15817  eV     1   --> A'             
     e( 14 - 14) =      1.41824  eV     1   --> A'             
     e( 15 - 15) =      1.80932  eV     1   --> A''            
     e( 16 - 16) =      2.20673  eV     1   --> A'             
     e( 17 - 17) =      2.59185  eV     1   --> A''            
     e( 18 - 18) =      3.43502  eV     1   --> A'             
     e( 19 - 19) =      4.13501  eV     1   --> A'             
     e( 20 - 20) =      4.25429  eV     1   --> A'             
     e( 21 - 21) =      5.05429  eV     1   --> A'             
     e( 22 - 22) =      5.67218  eV     1   --> A'             
     e( 23 - 23) =      6.77932  eV     1   --> A'             
     e( 24 - 24) =      7.07582  eV     1   --> A'             
     e( 25 - 25) =      8.04478  eV     1   --> A'             
     e( 26 - 26) =      8.54118  eV     1   --> A'             

 **************************************************************************

 **************************************************************************

                    xk=(   0.16667,   0.09623,   0.00000  )

     Band symmetry, C_s (m)     point group:

     e(  1 -  1) =    -49.25451  eV     1   --> A'             
     e(  2 -  2) =    -27.47499  eV     1   --> A'             
     e(  3 -  3) =    -27.20147  eV     1   --> A'             
     e(  4 -  4) =    -27.12115  eV     1   --> A''            
     e(  5 -  5) =    -16.95787  eV     1   --> A'             
     e(  6 -  6) =    -16.49748  eV     1   --> A'             
     e(  7 -  7) =     -6.20007  eV     1   --> A'             
     e(  8 -  8) =     -4.94235  eV     1   --> A'             
     e(  9 -  9) =     -4.47998  eV     1   --> A'             
     e( 10 - 10) =     -4.25015  eV     1   --> A''            
     e( 11 - 11) =     -3.84372  eV     1   --> A'             
     e( 12 - 12) =     -3.19260  eV     1   --> A''            
     e( 13 - 13) =     -0.18297  eV     1   --> A'             
     e( 14 - 14) =      1.42142  eV     1   --> A'             
     e( 15 - 15) =      1.86476  eV     1   --> A''            
     e( 16 - 16) =      2.21722  eV     1   --> A'             
     e( 17 - 17) =      2.64835  eV     1   --> A''            
     e( 18 - 18) =      3.57906  eV     1   --> A'             
     e( 19 - 19) =      4.23603  eV     1   --> A'             
     e( 20 - 20) =      4.34908  eV     1   --> A'             
     e( 21 - 21) =      5.15998  eV     1   --> A'             
     e( 22 - 22) =      5.76903  eV     1   --> A'             
     e( 23 - 23) =      6.95122  eV     1   --> A'             
     e( 24 - 24) =      7.15766  eV     1   --> A'             
     e( 25 - 25) =      7.94977  eV     1   --> A'             
     e( 26 - 26) =      8.54867  eV     1   --> A'             

 **************************************************************************

 **************************************************************************

                    xk=(   0.18333,   0.10585,   0.00000  )

     Band symmetry, C_s (m)     point group:

     e(  1 -  1) =    -49.25289  eV     1   --> A'             
     e(  2 -  2) =    -27.47002  eV     1   --> A'             
     e(  3 -  3) =    -27.22020  eV     1   --> A'             
     e(  4 -  4) =    -27.12516  eV     1   --> A''            
     e(  5 -  5) =    -16.92660  eV     1   --> A'             
     e(  6 -  6) =    -16.48089  eV     1   --> A'             
     e(  7 -  7) =     -6.14844  eV     1   --> A'             
     e(  8 -  8) =     -5.04462  eV     1   --> A'             
     e(  9 -  9) =     -4.54741  eV     1   --> A'             
     e( 10 - 10) =     -4.27201  eV     1   --> A''            
     e( 11 - 11) =     -3.94898  eV     1   --> A'             
     e( 12 - 12) =     -3.22520  eV     1   --> A''            
     e( 13 - 13) =     -0.21364  eV     1   --> A'             
     e( 14 - 14) =      1.43781  eV     1   --> A'             
     e( 15 - 15) =      1.92734  eV     1   --> A''            
     e( 16 - 16) =      2.23420  eV     1   --> A'             
     e( 17 - 17) =      2.70590  eV     1   --> A''            
     e( 18 - 18) =      3.72003  eV     1   --> A'             
     e( 19 - 19) =      4.34274  eV     1   --> A'             
     e( 20 - 20) =      4.45327  eV     1   --> A'             
     e( 21 - 21) =      5.27185  eV     1   --> A'             
     e( 22 - 22) =      5.86937  eV     1   --> A'             
     e( 23 - 23) =      7.10591  eV     1   --> A'             
     e( 24 - 24) =      7.23607  eV     1   --> A'             
     e( 25 - 25) =      7.88759  eV     1   --> A'             
     e( 26 - 26) =      8.53252  eV     1   --> A'             

 **************************************************************************

 **************************************************************************

                    xk=(   0.20000,   0.11547,   0.00000  )

     Band symmetry, C_s (m)     point group:

     e(  1 -  1) =    -49.25119  eV     1   --> A'             
     e(  2 -  2) =    -27.46482  eV     1   --> A'             
     e(  3 -  3) =    -27.23976  eV     1   --> A'             
     e(  4 -  4) =    -27.12935  eV     1   --> A''            
     e(  5 -  5) =    -16.89422  eV     1   --> A'             
     e(  6 -  6) =    -16.46278  eV     1   --> A'             
     e(  7 -  7) =     -6.09583  eV     1   --> A'             
     e(  8 -  8) =     -5.15070  eV     1   --> A'             
     e(  9 -  9) =     -4.62958  eV     1   --> A'             
     e( 10 - 10) =     -4.29589  eV     1   --> A''            
     e( 11 - 11) =     -4.03876  eV     1   --> A'             
     e( 12 - 12) =     -3.25764  eV     1   --> A''            
     e( 13 - 13) =     -0.24936  eV     1   --> A'             
     e( 14 - 14) =      1.46800  eV     1   --> A'             
     e( 15 - 15) =      1.99710  eV     1   --> A''            
     e( 16 - 16) =      2.25712  eV     1   --> A'             
     e( 17 - 17) =      2.76356  eV     1   --> A''            
     e( 18 - 18) =      3.85691  eV     1   --> A'             
     e( 19 - 19) =      4.45378  eV     1   --> A'             
     e( 20 - 20) =      4.56619  eV     1   --> A'             
     e( 21 - 21) =      5.38693  eV     1   --> A'             
     e( 22 - 22) =      5.97363  eV     1   --> A'             
     e( 23 - 23) =      7.21528  eV     1   --> A'             
     e( 24 - 24) =      7.31165  eV     1   --> A'             
     e( 25 - 25) =      7.87024  eV     1   --> A'             
     e( 26 - 26) =      8.50489  eV     1   --> A'             

 **************************************************************************

 **************************************************************************

                    xk=(   0.21667,   0.12509,   0.00000  )

     Band symmetry, C_s (m)     point group:

     e(  1 -  1) =    -49.24943  eV     1   --> A'             
     e(  2 -  2) =    -27.45943  eV     1   --> A'             
     e(  3 -  3) =    -27.25990  eV     1   --> A'             
     e(  4 -  4) =    -27.13370  eV     1   --> A''            
     e(  5 -  5) =    -16.86121  eV     1   --> A'             
     e(  6 -  6) =    -16.44316  eV     1   --> A'             
     e(  7 -  7) =     -6.04366  eV     1   --> A'             
     e(  8 -  8) =     -5.25839  eV     1   --> A'             
     e(  9 -  9) =     -4.72676  eV     1   --> A'             
     e( 10 - 10) =     -4.32157  eV     1   --> A''            
     e( 11 - 11) =     -4.11113  eV     1   --> A'             
     e( 12 - 12) =     -3.28952  eV     1   --> A''            
     e( 13 - 13) =     -0.28886  eV     1   --> A'             
     e( 14 - 14) =      1.51189  eV     1   --> A'             
     e( 15 - 15) =      2.07400  eV     1   --> A''            
     e( 16 - 16) =      2.28527  eV     1   --> A'             
     e( 17 - 17) =      2.82044  eV     1   --> A''            
     e( 18 - 18) =      3.98947  eV     1   --> A'             
     e( 19 - 19) =      4.56852  eV     1   --> A'             
     e( 20 - 20) =      4.68622  eV     1   --> A'             
     e( 21 - 21) =      5.50144  eV     1   --> A'             
     e( 22 - 22) =      6.08208  eV     1   --> A'             
     e( 23 - 23) =      7.25456  eV     1   --> A'             
     e( 24 - 24) =      7.38842  eV     1   --> A'             
     e( 25 - 25) =      7.89730  eV     1   --> A'             
     e( 26 - 26) =      8.49617  eV     1   --> A'             

 **************************************************************************

 **************************************************************************

                    xk=(   0.23333,   0.13472,   0.00000  )

     Band symmetry, C_s (m)     point group:

     e(  1 -  1) =    -49.24763  eV     1   --> A'             
     e(  2 -  2) =    -27.45391  eV     1   --> A'             
     e(  3 -  3) =    -27.28040  eV     1   --> A'             
     e(  4 -  4) =    -27.13813  eV     1   --> A''            
     e(  5 -  5) =    -16.82805  eV     1   --> A'             
     e(  6 -  6) =    -16.42206  eV     1   --> A'             
     e(  7 -  7) =     -5.99392  eV     1   --> A'             
     e(  8 -  8) =     -5.36513  eV     1   --> A'             
     e(  9 -  9) =     -4.83605  eV     1   --> A'             
     e( 10 - 10) =     -4.34877  eV     1   --> A''            
     e( 11 - 11) =     -4.16736  eV     1   --> A'             
     e( 12 - 12) =     -3.32050  eV     1   --> A''            
     e( 13 - 13) =     -0.33054  eV     1   --> A'             
     e( 14 - 14) =      1.56880  eV     1   --> A'             
     e( 15 - 15) =      2.15781  eV     1   --> A''            
     e( 16 - 16) =      2.31777  eV     1   --> A'             
     e( 17 - 17) =      2.87580  eV     1   --> A''            
     e( 18 - 18) =      4.11778  eV     1   --> A'             
     e( 19 - 19) =      4.68689  eV     1   --> A'             
     e( 20 - 20) =      4.81131  eV     1   --> A'             
     e( 21 - 21) =      5.61110  eV     1   --> A'             
     e( 22 - 22) =      6.19474  eV     1   --> A'             
     e( 23 - 23) =      7.25217  eV     1   --> A'             
     e( 24 - 24) =      7.43564  eV     1   --> A'             
     e( 25 - 25) =      7.95497  eV     1   --> A'             
     e( 26 - 26) =      8.53143  eV     1   --> A'             

 **************************************************************************

 **************************************************************************

                    xk=(   0.25000,   0.14434,   0.00000  )

     Band symmetry, C_s (m)     point group:

     e(  1 -  1) =    -49.24581  eV     1   --> A'             
     e(  2 -  2) =    -27.44833  eV     1   --> A'             
     e(  3 -  3) =    -27.30104  eV     1   --> A'             
     e(  4 -  4) =    -27.14262  eV     1   --> A''            
     e(  5 -  5) =    -16.79522  eV     1   --> A'             
     e(  6 -  6) =    -16.39957  eV     1   --> A'             
     e(  7 -  7) =     -5.94995  eV     1   --> A'             
     e(  8 -  8) =     -5.46717  eV     1   --> A'             
     e(  9 -  9) =     -4.95286  eV     1   --> A'             
     e( 10 - 10) =     -4.37711  eV     1   --> A''            
     e( 11 - 11) =     -4.21057  eV     1   --> A'             
     e( 12 - 12) =     -3.35031  eV     1   --> A''            
     e( 13 - 13) =     -0.37275  eV     1   --> A'             
     e( 14 - 14) =      1.63767  eV     1   --> A'             
     e( 15 - 15) =      2.24818  eV     1   --> A''            
     e( 16 - 16) =      2.35372  eV     1   --> A'             
     e( 17 - 17) =      2.92897  eV     1   --> A''            
     e( 18 - 18) =      4.24182  eV     1   --> A'             
     e( 19 - 19) =      4.80888  eV     1   --> A'             
     e( 20 - 20) =      4.93966  eV     1   --> A'             
     e( 21 - 21) =      5.71190  eV     1   --> A'             
     e( 22 - 22) =      6.31137  eV     1   --> A'             
     e( 23 - 23) =      7.23661  eV     1   --> A'             
     e( 24 - 24) =      7.43576  eV     1   --> A'             
     e( 25 - 25) =      8.03781  eV     1   --> A'             
     e( 26 - 26) =      8.60827  eV     1   --> A'             

 **************************************************************************

 **************************************************************************

                    xk=(   0.26667,   0.15396,   0.00000  )

     Band symmetry, C_s (m)     point group:

     e(  1 -  1) =    -49.24398  eV     1   --> A'             
     e(  2 -  2) =    -27.44274  eV     1   --> A'             
     e(  3 -  3) =    -27.32156  eV     1   --> A'             
     e(  4 -  4) =    -27.14708  eV     1   --> A''            
     e(  5 -  5) =    -16.76321  eV     1   --> A'             
     e(  6 -  6) =    -16.37576  eV     1   --> A'             
     e(  7 -  7) =     -5.91856  eV     1   --> A'             
     e(  8 -  8) =     -5.55744  eV     1   --> A'             
     e(  9 -  9) =     -5.07251  eV     1   --> A'             
     e( 10 - 10) =     -4.40621  eV     1   --> A''            
     e( 11 - 11) =     -4.24397  eV     1   --> A'             
     e( 12 - 12) =     -3.37874  eV     1   --> A''            
     e( 13 - 13) =     -0.41393  eV     1   --> A'             
     e( 14 - 14) =      1.71718  eV     1   --> A'             
     e( 15 - 15) =      2.34460  eV     1   --> A''            
     e( 16 - 16) =      2.39222  eV     1   --> A'             
     e( 17 - 17) =      2.97944  eV     1   --> A''            
     e( 18 - 18) =      4.36111  eV     1   --> A'             
     e( 19 - 19) =      4.93413  eV     1   --> A'             
     e( 20 - 20) =      5.07004  eV     1   --> A'             
     e( 21 - 21) =      5.80104  eV     1   --> A'             
     e( 22 - 22) =      6.43122  eV     1   --> A'             
     e( 23 - 23) =      7.21998  eV     1   --> A'             
     e( 24 - 24) =      7.39997  eV     1   --> A'             
     e( 25 - 25) =      8.14349  eV     1   --> A'             
     e( 26 - 26) =      8.70471  eV     1   --> A'             

 **************************************************************************

 **************************************************************************

                    xk=(   0.28333,   0.16358,   0.00000  )

     Band symmetry, C_s (m)     point group:

     e(  1 -  1) =    -49.24218  eV     1   --> A'             
     e(  2 -  2) =    -27.43722  eV     1   --> A'             
     e(  3 -  3) =    -27.34177  eV     1   --> A'             
     e(  4 -  4) =    -27.15150  eV     1   --> A''            
     e(  5 -  5) =    -16.73243  eV     1   --> A'             
     e(  6 -  6) =    -16.35085  eV     1   --> A'             
     e(  7 -  7) =     -5.91364  eV     1   --> A'             
     e(  8 -  8) =     -5.62201  eV     1   --> A'             
     e(  9 -  9) =     -5.19102  eV     1   --> A'             
     e( 10 - 10) =     -4.43564  eV     1   --> A''            
     e( 11 - 11) =     -4.27011  eV     1   --> A'             
     e( 12 - 12) =     -3.40565  eV     1   --> A''            
     e( 13 - 13) =     -0.45273  eV     1   --> A'             
     e( 14 - 14) =      1.80575  eV     1   --> A'             
     e( 15 - 15) =      2.43244  eV     1   --> A'             
     e( 16 - 16) =      2.44634  eV     1   --> A''            
     e( 17 - 17) =      3.02679  eV     1   --> A''            
     e( 18 - 18) =      4.47461  eV     1   --> A'             
     e( 19 - 19) =      5.06171  eV     1   --> A'             
     e( 20 - 20) =      5.20175  eV     1   --> A'             
     e( 21 - 21) =      5.87792  eV     1   --> A'             
     e( 22 - 22) =      6.55266  eV     1   --> A'             
     e( 23 - 23) =      7.20252  eV     1   --> A'             
     e( 24 - 24) =      7.35439  eV     1   --> A'             
     e( 25 - 25) =      8.26311  eV     1   --> A'             
     e( 26 - 26) =      8.80018  eV     1   --> A'             

 **************************************************************************

 **************************************************************************

                    xk=(   0.30000,   0.17321,   0.00000  )

     Band symmetry, C_s (m)     point group:

     e(  1 -  1) =    -49.24042  eV     1   --> A'             
     e(  2 -  2) =    -27.43183  eV     1   --> A'             
     e(  3 -  3) =    -27.36144  eV     1   --> A'             
     e(  4 -  4) =    -27.15582  eV     1   --> A''            
     e(  5 -  5) =    -16.70327  eV     1   --> A'             
     e(  6 -  6) =    -16.32505  eV     1   --> A'             
     e(  7 -  7) =     -5.94976  eV     1   --> A'             
     e(  8 -  8) =     -5.64669  eV     1   --> A'             
     e(  9 -  9) =     -5.30486  eV     1   --> A'             
     e( 10 - 10) =     -4.46496  eV     1   --> A''            
     e( 11 - 11) =     -4.29080  eV     1   --> A'             
     e( 12 - 12) =     -3.43093  eV     1   --> A''            
     e( 13 - 13) =     -0.48805  eV     1   --> A'             
     e( 14 - 14) =      1.90164  eV     1   --> A'             
     e( 15 - 15) =      2.47372  eV     1   --> A'             
     e( 16 - 16) =      2.55244  eV     1   --> A''            
     e( 17 - 17) =      3.07074  eV     1   --> A''            
     e( 18 - 18) =      4.58078  eV     1   --> A'             
     e( 19 - 19) =      5.18982  eV     1   --> A'             
     e( 20 - 20) =      5.33437  eV     1   --> A'             
     e( 21 - 21) =      5.94482  eV     1   --> A'             
     e( 22 - 22) =      6.67188  eV     1   --> A'             
     e( 23 - 23) =      7.17697  eV     1   --> A'             
     e( 24 - 24) =      7.32665  eV     1   --> A'             
     e( 25 - 25) =      8.38626  eV     1   --> A'             
     e( 26 - 26) =      8.88192  eV     1   --> A'             

 **************************************************************************

 **************************************************************************

                    xk=(   0.31667,   0.18283,   0.00000  )

     Band symmetry, C_s (m)     point group:

     e(  1 -  1) =    -49.23871  eV     1   --> A'             
     e(  2 -  2) =    -27.42663  eV     1   --> A'             
     e(  3 -  3) =    -27.38033  eV     1   --> A'             
     e(  4 -  4) =    -27.15999  eV     1   --> A''            
     e(  5 -  5) =    -16.67601  eV     1   --> A'             
     e(  6 -  6) =    -16.29869  eV     1   --> A'             
     e(  7 -  7) =     -6.01843  eV     1   --> A'             
     e(  8 -  8) =     -5.64183  eV     1   --> A'             
     e(  9 -  9) =     -5.40966  eV     1   --> A'             
     e( 10 - 10) =     -4.49373  eV     1   --> A''            
     e( 11 - 11) =     -4.30726  eV     1   --> A'             
     e( 12 - 12) =     -3.45449  eV     1   --> A''            
     e( 13 - 13) =     -0.51914  eV     1   --> A'             
     e( 14 - 14) =      2.00277  eV     1   --> A'             
     e( 15 - 15) =      2.51570  eV     1   --> A'             
     e( 16 - 16) =      2.66172  eV     1   --> A''            
     e( 17 - 17) =      3.11112  eV     1   --> A''            
     e( 18 - 18) =      4.67782  eV     1   --> A'             
     e( 19 - 19) =      5.31520  eV     1   --> A'             
     e( 20 - 20) =      5.46738  eV     1   --> A'             
     e( 21 - 21) =      6.00727  eV     1   --> A'             
     e( 22 - 22) =      6.77886  eV     1   --> A'             
     e( 23 - 23) =      7.14932  eV     1   --> A'             
     e( 24 - 24) =      7.32935  eV     1   --> A'             
     e( 25 - 25) =      8.50317  eV     1   --> A'             
     e( 26 - 26) =      8.94197  eV     1   --> A'             

 **************************************************************************

 **************************************************************************

                    xk=(   0.33333,   0.19245,   0.00000  )

     Band symmetry, C_s (m)     point group:

     e(  1 -  1) =    -49.23708  eV     1   --> A'             
     e(  2 -  2) =    -27.42177  eV     1   --> A'             
     e(  3 -  3) =    -27.39817  eV     1   --> A'             
     e(  4 -  4) =    -27.16397  eV     1   --> A''            
     e(  5 -  5) =    -16.65088  eV     1   --> A'             
     e(  6 -  6) =    -16.27218  eV     1   --> A'             
     e(  7 -  7) =     -6.10028  eV     1   --> A'             
     e(  8 -  8) =     -5.63596  eV     1   --> A'             
     e(  9 -  9) =     -5.49426  eV     1   --> A'             
     e( 10 - 10) =     -4.52152  eV     1   --> A''            
     e( 11 - 11) =     -4.32036  eV     1   --> A'             
     e( 12 - 12) =     -3.47625  eV     1   --> A''            
     e( 13 - 13) =     -0.54553  eV     1   --> A'             
     e( 14 - 14) =      2.10655  eV     1   --> A'             
     e( 15 - 15) =      2.55845  eV     1   --> A'             
     e( 16 - 16) =      2.77273  eV     1   --> A''            
     e( 17 - 17) =      3.14790  eV     1   --> A''            
     e( 18 - 18) =      4.76407  eV     1   --> A'             
     e( 19 - 19) =      5.43190  eV     1   --> A'             
     e( 20 - 20) =      5.60013  eV     1   --> A'             
     e( 21 - 21) =      6.07422  eV     1   --> A'             
     e( 22 - 22) =      6.84898  eV     1   --> A'             
     e( 23 - 23) =      7.15384  eV     1   --> A'             
     e( 24 - 24) =      7.35731  eV     1   --> A'             
     e( 25 - 25) =      8.60344  eV     1   --> A'             
     e( 26 - 26) =      8.97372  eV     1   --> A'             

 **************************************************************************

 **************************************************************************

                    xk=(   0.35000,   0.20207,   0.00000  )

     Band symmetry, C_s (m)     point group:

     e(  1 -  1) =    -49.23555  eV     1   --> A'             
     e(  2 -  2) =    -27.41892  eV     1   --> A'             
     e(  3 -  3) =    -27.41317  eV     1   --> A'             
     e(  4 -  4) =    -27.16771  eV     1   --> A''            
     e(  5 -  5) =    -16.62804  eV     1   --> A'             
     e(  6 -  6) =    -16.24600  eV     1   --> A'             
     e(  7 -  7) =     -6.18422  eV     1   --> A'             
     e(  8 -  8) =     -5.66918  eV     1   --> A'             
     e(  9 -  9) =     -5.52795  eV     1   --> A'             
     e( 10 - 10) =     -4.54793  eV     1   --> A''            
     e( 11 - 11) =     -4.33074  eV     1   --> A'             
     e( 12 - 12) =     -3.49615  eV     1   --> A''            
     e( 13 - 13) =     -0.56710  eV     1   --> A'             
     e( 14 - 14) =      2.20962  eV     1   --> A'             
     e( 15 - 15) =      2.60273  eV     1   --> A'             
     e( 16 - 16) =      2.88364  eV     1   --> A''            
     e( 17 - 17) =      3.18122  eV     1   --> A''            
     e( 18 - 18) =      4.83853  eV     1   --> A'             
     e( 19 - 19) =      5.53016  eV     1   --> A'             
     e( 20 - 20) =      5.73264  eV     1   --> A'             
     e( 21 - 21) =      6.15723  eV     1   --> A'             
     e( 22 - 22) =      6.86094  eV     1   --> A'             
     e( 23 - 23) =      7.21794  eV     1   --> A'             
     e( 24 - 24) =      7.40701  eV     1   --> A'             
     e( 25 - 25) =      8.67329  eV     1   --> A'             
     e( 26 - 26) =      8.97239  eV     1   --> A'             

 **************************************************************************

 **************************************************************************

                    xk=(   0.36667,   0.21170,   0.00000  )

     Band symmetry, C_s (m)     point group:

     e(  1 -  1) =    -49.23412  eV     1   --> A'             
     e(  2 -  2) =    -27.43138  eV     1   --> A'             
     e(  3 -  3) =    -27.41190  eV     1   --> A'             
     e(  4 -  4) =    -27.17117  eV     1   --> A''            
     e(  5 -  5) =    -16.60756  eV     1   --> A'             
     e(  6 -  6) =    -16.22066  eV     1   --> A'             
     e(  7 -  7) =     -6.26514  eV     1   --> A'             
     e(  8 -  8) =     -5.73811  eV     1   --> A'             
     e(  9 -  9) =     -5.51766  eV     1   --> A'             
     e( 10 - 10) =     -4.57258  eV     1   --> A''            
     e( 11 - 11) =     -4.33888  eV     1   --> A'             
     e( 12 - 12) =     -3.51414  eV     1   --> A''            
     e( 13 - 13) =     -0.58395  eV     1   --> A'             
     e( 14 - 14) =      2.30753  eV     1   --> A'             
     e( 15 - 15) =      2.65033  eV     1   --> A'             
     e( 16 - 16) =      2.99216  eV     1   --> A''            
     e( 17 - 17) =      3.21153  eV     1   --> A''            
     e( 18 - 18) =      4.90122  eV     1   --> A'             
     e( 19 - 19) =      5.59932  eV     1   --> A'             
     e( 20 - 20) =      5.86630  eV     1   --> A'             
     e( 21 - 21) =      6.26615  eV     1   --> A'             
     e( 22 - 22) =      6.83922  eV     1   --> A'             
     e( 23 - 23) =      7.31688  eV     1   --> A'             
     e( 24 - 24) =      7.48013  eV     1   --> A'             
     e( 25 - 25) =      8.69416  eV     1   --> A'             
     e( 26 - 26) =      8.94258  eV     1   --> A'             

 **************************************************************************

 **************************************************************************

                    xk=(   0.38333,   0.22132,   0.00000  )

     Band symmetry, C_s (m)     point group:

     e(  1 -  1) =    -49.23283  eV     1   --> A'             
     e(  2 -  2) =    -27.44533  eV     1   --> A'             
     e(  3 -  3) =    -27.40811  eV     1   --> A'             
     e(  4 -  4) =    -27.17432  eV     1   --> A''            
     e(  5 -  5) =    -16.58950  eV     1   --> A'             
     e(  6 -  6) =    -16.19671  eV     1   --> A'             
     e(  7 -  7) =     -6.34036  eV     1   --> A'             
     e(  8 -  8) =     -5.81031  eV     1   --> A'             
     e(  9 -  9) =     -5.49715  eV     1   --> A'             
     e( 10 - 10) =     -4.59513  eV     1   --> A''            
     e( 11 - 11) =     -4.34519  eV     1   --> A'             
     e( 12 - 12) =     -3.53017  eV     1   --> A''            
     e( 13 - 13) =     -0.59649  eV     1   --> A'             
     e( 14 - 14) =      2.39466  eV     1   --> A'             
     e( 15 - 15) =      2.70395  eV     1   --> A'             
     e( 16 - 16) =      3.09482  eV     1   --> A''            
     e( 17 - 17) =      3.24013  eV     1   --> A''            
     e( 18 - 18) =      4.95324  eV     1   --> A'             
     e( 19 - 19) =      5.63567  eV     1   --> A'             
     e( 20 - 20) =      6.00127  eV     1   --> A'             
     e( 21 - 21) =      6.40303  eV     1   --> A'             
     e( 22 - 22) =      6.81273  eV     1   --> A'             
     e( 23 - 23) =      7.42079  eV     1   --> A'             
     e( 24 - 24) =      7.57734  eV     1   --> A'             
     e( 25 - 25) =      8.65567  eV     1   --> A'             
     e( 26 - 26) =      8.89723  eV     1   --> A'             

 **************************************************************************

 **************************************************************************

                    xk=(   0.40000,   0.23094,   0.00000  )

     Band symmetry, C_s (m)     point group:

     e(  1 -  1) =    -49.23168  eV     1   --> A'             
     e(  2 -  2) =    -27.45781  eV     1   --> A'             
     e(  3 -  3) =    -27.40461  eV     1   --> A'             
     e(  4 -  4) =    -27.17711  eV     1   --> A''            
     e(  5 -  5) =    -16.57387  eV     1   --> A'             
     e(  6 -  6) =    -16.17466  eV     1   --> A'             
     e(  7 -  7) =     -6.40818  eV     1   --> A'             
     e(  8 -  8) =     -5.87621  eV     1   --> A'             
     e(  9 -  9) =     -5.47635  eV     1   --> A'             
     e( 10 - 10) =     -4.61527  eV     1   --> A''            
     e( 11 - 11) =     -4.34998  eV     1   --> A'             
     e( 12 - 12) =     -3.54419  eV     1   --> A''            
     e( 13 - 13) =     -0.60524  eV     1   --> A'             
     e( 14 - 14) =      2.46583  eV     1   --> A'             
     e( 15 - 15) =      2.76569  eV     1   --> A'             
     e( 16 - 16) =      3.18426  eV     1   --> A''            
     e( 17 - 17) =      3.27212  eV     1   --> A''            
     e( 18 - 18) =      4.99652  eV     1   --> A'             
     e( 19 - 19) =      5.64410  eV     1   --> A'             
     e( 20 - 20) =      6.13350  eV     1   --> A'             
     e( 21 - 21) =      6.56157  eV     1   --> A'             
     e( 22 - 22) =      6.79801  eV     1   --> A'             
     e( 23 - 23) =      7.52006  eV     1   --> A'             
     e( 24 - 24) =      7.68957  eV     1   --> A'             
     e( 25 - 25) =      8.57917  eV     1   --> A'             
     e( 26 - 26) =      8.83694  eV     1   --> A'             

 **************************************************************************

 **************************************************************************

                    xk=(   0.41667,   0.24056,   0.00000  )

     Band symmetry, C_s (m)     point group:

     e(  1 -  1) =    -49.23068  eV     1   --> A'             
     e(  2 -  2) =    -27.46860  eV     1   --> A'             
     e(  3 -  3) =    -27.40156  eV     1   --> A'             
     e(  4 -  4) =    -27.17953  eV     1   --> A''            
     e(  5 -  5) =    -16.56067  eV     1   --> A'             
     e(  6 -  6) =    -16.15504  eV     1   --> A'             
     e(  7 -  7) =     -6.46737  eV     1   --> A'             
     e(  8 -  8) =     -5.93332  eV     1   --> A'             
     e(  9 -  9) =     -5.45783  eV     1   --> A'             
     e( 10 - 10) =     -4.63276  eV     1   --> A''            
     e( 11 - 11) =     -4.35354  eV     1   --> A'             
     e( 12 - 12) =     -3.55614  eV     1   --> A''            
     e( 13 - 13) =     -0.61089  eV     1   --> A'             
     e( 14 - 14) =      2.51909  eV     1   --> A'             
     e( 15 - 15) =      2.83411  eV     1   --> A'             
     e( 16 - 16) =      3.24223  eV     1   --> A''            
     e( 17 - 17) =      3.32320  eV     1   --> A''            
     e( 18 - 18) =      5.03325  eV     1   --> A'             
     e( 19 - 19) =      5.63239  eV     1   --> A'             
     e( 20 - 20) =      6.25398  eV     1   --> A'             
     e( 21 - 21) =      6.71981  eV     1   --> A'             
     e( 22 - 22) =      6.82181  eV     1   --> A'             
     e( 23 - 23) =      7.61180  eV     1   --> A'             
     e( 24 - 24) =      7.79838  eV     1   --> A'             
     e( 25 - 25) =      8.50301  eV     1   --> A'             
     e( 26 - 26) =      8.75905  eV     1   --> A'             

 **************************************************************************

 **************************************************************************

                    xk=(   0.43333,   0.25019,   0.00000  )

     Band symmetry, C_s (m)     point group:

     e(  1 -  1) =    -49.22985  eV     1   --> A'             
     e(  2 -  2) =    -27.47759  eV     1   --> A'             
     e(  3 -  3) =    -27.39900  eV     1   --> A'             
     e(  4 -  4) =    -27.18155  eV     1   --> A''            
     e(  5 -  5) =    -16.54988  eV     1   --> A'             
     e(  6 -  6) =    -16.13832  eV     1   --> A'             
     e(  7 -  7) =     -6.51700  eV     1   --> A'             
     e(  8 -  8) =     -5.98069  eV     1   --> A'             
     e(  9 -  9) =     -5.44241  eV     1   --> A'             
     e( 10 - 10) =     -4.64737  eV     1   --> A''            
     e( 11 - 11) =     -4.35612  eV     1   --> A'             
     e( 12 - 12) =     -3.56599  eV     1   --> A''            
     e( 13 - 13) =     -0.61419  eV     1   --> A'             
     e( 14 - 14) =      2.55662  eV     1   --> A'             
     e( 15 - 15) =      2.90342  eV     1   --> A'             
     e( 16 - 16) =      3.26910  eV     1   --> A''            
     e( 17 - 17) =      3.39041  eV     1   --> A''            
     e( 18 - 18) =      5.06533  eV     1   --> A'             
     e( 19 - 19) =      5.60775  eV     1   --> A'             
     e( 20 - 20) =      6.34979  eV     1   --> A'             
     e( 21 - 21) =      6.80423  eV     1   --> A'             
     e( 22 - 22) =      6.96299  eV     1   --> A'             
     e( 23 - 23) =      7.68628  eV     1   --> A'             
     e( 24 - 24) =      7.88271  eV     1   --> A'             
     e( 25 - 25) =      8.45881  eV     1   --> A'             
     e( 26 - 26) =      8.67496  eV     1   --> A'             

 **************************************************************************

 **************************************************************************

                    xk=(   0.45000,   0.25981,   0.00000  )

     Band symmetry, C_s (m)     point group:

     e(  1 -  1) =    -49.22919  eV     1   --> A'             
     e(  2 -  2) =    -27.48468  eV     1   --> A'             
     e(  3 -  3) =    -27.39698  eV     1   --> A'             
     e(  4 -  4) =    -27.18313  eV     1   --> A''            
     e(  5 -  5) =    -16.54151  eV     1   --> A'             
     e(  6 -  6) =    -16.12487  eV     1   --> A'             
     e(  7 -  7) =     -6.55635  eV     1   --> A'             
     e(  8 -  8) =     -6.01786  eV     1   --> A'             
     e(  9 -  9) =     -5.43036  eV     1   --> A'             
     e( 10 - 10) =     -4.65891  eV     1   --> A''            
     e( 11 - 11) =     -4.35791  eV     1   --> A'             
     e( 12 - 12) =     -3.57369  eV     1   --> A''            
     e( 13 - 13) =     -0.61584  eV     1   --> A'             
     e( 14 - 14) =      2.58209  eV     1   --> A'             
     e( 15 - 15) =      2.96623  eV     1   --> A'             
     e( 16 - 16) =      3.28419  eV     1   --> A''            
     e( 17 - 17) =      3.45187  eV     1   --> A''            
     e( 18 - 18) =      5.09373  eV     1   --> A'             
     e( 19 - 19) =      5.57674  eV     1   --> A'             
     e( 20 - 20) =      6.41214  eV     1   --> A'             
     e( 21 - 21) =      6.87672  eV     1   --> A'             
     e( 22 - 22) =      7.15714  eV     1   --> A'             
     e( 23 - 23) =      7.72667  eV     1   --> A'             
     e( 24 - 24) =      7.93011  eV     1   --> A'             
     e( 25 - 25) =      8.43964  eV     1   --> A'             
     e( 26 - 26) =      8.61990  eV     1   --> A'             

 **************************************************************************

 **************************************************************************

                    xk=(   0.46667,   0.26943,   0.00000  )

     Band symmetry, C_s (m)     point group:

     e(  1 -  1) =    -49.22872  eV     1   --> A'             
     e(  2 -  2) =    -27.48979  eV     1   --> A'             
     e(  3 -  3) =    -27.39553  eV     1   --> A'             
     e(  4 -  4) =    -27.18427  eV     1   --> A''            
     e(  5 -  5) =    -16.53554  eV     1   --> A'             
     e(  6 -  6) =    -16.11503  eV     1   --> A'             
     e(  7 -  7) =     -6.58484  eV     1   --> A'             
     e(  8 -  8) =     -6.04455  eV     1   --> A'             
     e(  9 -  9) =     -5.42178  eV     1   --> A'             
     e( 10 - 10) =     -4.66726  eV     1   --> A''            
     e( 11 - 11) =     -4.35907  eV     1   --> A'             
     e( 12 - 12) =     -3.57922  eV     1   --> A''            
     e( 13 - 13) =     -0.61651  eV     1   --> A'             
     e( 14 - 14) =      2.59851  eV     1   --> A'             
     e( 15 - 15) =      3.01600  eV     1   --> A'             
     e( 16 - 16) =      3.29366  eV     1   --> A''            
     e( 17 - 17) =      3.49902  eV     1   --> A''            
     e( 18 - 18) =      5.11779  eV     1   --> A'             
     e( 19 - 19) =      5.54609  eV     1   --> A'             
     e( 20 - 20) =      6.44571  eV     1   --> A'             
     e( 21 - 21) =      6.96152  eV     1   --> A'             
     e( 22 - 22) =      7.35575  eV     1   --> A'             
     e( 23 - 23) =      7.72857  eV     1   --> A'             
     e( 24 - 24) =      7.94367  eV     1   --> A'             
     e( 25 - 25) =      8.36934  eV     1   --> A'             
     e( 26 - 26) =      8.64480  eV     1   --> A'             

 **************************************************************************

 **************************************************************************

                    xk=(   0.48333,   0.27905,   0.00000  )

     Band symmetry, C_s (m)     point group:

     e(  1 -  1) =    -49.22843  eV     1   --> A'             
     e(  2 -  2) =    -27.49287  eV     1   --> A'             
     e(  3 -  3) =    -27.39464  eV     1   --> A'             
     e(  4 -  4) =    -27.18497  eV     1   --> A''            
     e(  5 -  5) =    -16.53195  eV     1   --> A'             
     e(  6 -  6) =    -16.10903  eV     1   --> A'             
     e(  7 -  7) =     -6.60209  eV     1   --> A'             
     e(  8 -  8) =     -6.06062  eV     1   --> A'             
     e(  9 -  9) =     -5.41664  eV     1   --> A'             
     e( 10 - 10) =     -4.67231  eV     1   --> A''            
     e( 11 - 11) =     -4.35973  eV     1   --> A'             
     e( 12 - 12) =     -3.58254  eV     1   --> A''            
     e( 13 - 13) =     -0.61669  eV     1   --> A'             
     e( 14 - 14) =      2.60772  eV     1   --> A'             
     e( 15 - 15) =      3.04787  eV     1   --> A'             
     e( 16 - 16) =      3.29904  eV     1   --> A''            
     e( 17 - 17) =      3.52846  eV     1   --> A''            
     e( 18 - 18) =      5.13487  eV     1   --> A'             
     e( 19 - 19) =      5.52308  eV     1   --> A'             
     e( 20 - 20) =      6.46132  eV     1   --> A'             
     e( 21 - 21) =      7.03309  eV     1   --> A'             
     e( 22 - 22) =      7.53371  eV     1   --> A'             
     e( 23 - 23) =      7.71277  eV     1   --> A'             
     e( 24 - 24) =      7.93188  eV     1   --> A'             
     e( 25 - 25) =      8.24842  eV     1   --> A'             
     e( 26 - 26) =      8.70020  eV     1   --> A'             

 **************************************************************************

 **************************************************************************

                    xk=(   0.50000,   0.28868,   0.00000  )

     Band symmetry, C_s (m)     point group:

     e(  1 -  1) =    -49.22834  eV     1   --> A'             
     e(  2 -  2) =    -27.49392  eV     1   --> A'             
     e(  3 -  3) =    -27.39435  eV     1   --> A'             
     e(  4 -  4) =    -27.18520  eV     1   --> A''            
     e(  5 -  5) =    -16.53076  eV     1   --> A'             
     e(  6 -  6) =    -16.10701  eV     1   --> A'             
     e(  7 -  7) =     -6.60788  eV     1   --> A'             
     e(  8 -  8) =     -6.06598  eV     1   --> A'             
     e(  9 -  9) =     -5.41493  eV     1   --> A'             
     e( 10 - 10) =     -4.67400  eV     1   --> A''            
     e( 11 - 11) =     -4.35994  eV     1   --> A'             
     e( 12 - 12) =     -3.58366  eV     1   --> A''            
     e( 13 - 13) =     -0.61671  eV     1   --> A'             
     e( 14 - 14) =      2.61069  eV     1   --> A'             
     e( 15 - 15) =      3.05883  eV     1   --> A'             
     e( 16 - 16) =      3.30079  eV     1   --> A''            
     e( 17 - 17) =      3.53845  eV     1   --> A''            
     e( 18 - 18) =      5.14121  eV     1   --> A'             
     e( 19 - 19) =      5.51443  eV     1   --> A'             
     e( 20 - 20) =      6.46585  eV     1   --> A'             
     e( 21 - 21) =      7.06172  eV     1   --> A'             
     e( 22 - 22) =      7.62051  eV     1   --> A'             
     e( 23 - 23) =      7.70401  eV     1   --> A'             
     e( 24 - 24) =      7.91849  eV     1   --> A'             
     e( 25 - 25) =      8.17994  eV     1   --> A'             
     e( 26 - 26) =      8.72087  eV     1   --> A'             

 **************************************************************************

 **************************************************************************

                    xk=(   0.49444,   0.29830,   0.00000  )

     point group C_1 (1)    
     there are  1 classes
     the character table:

       E    
A      1.00

     the symmetry operations in each class and the name of the first element:

     E        1
                                                                 

     Band symmetry, C_1 (1)     point group:

     e(  1 -  1) =    -49.22832  eV     1   --> A              
     e(  2 -  2) =    -27.49376  eV     1   --> A              
     e(  3 -  3) =    -27.39432  eV     1   --> A              
     e(  4 -  4) =    -27.18551  eV     1   --> A              
     e(  5 -  5) =    -16.53062  eV     1   --> A              
     e(  6 -  6) =    -16.10680  eV     1   --> A              
     e(  7 -  7) =     -6.60666  eV     1   --> A              
     e(  8 -  8) =     -6.06578  eV     1   --> A              
     e(  9 -  9) =     -5.41471  eV     1   --> A              
     e( 10 - 10) =     -4.67576  eV     1   --> A              
     e( 11 - 11) =     -4.35982  eV     1   --> A              
     e( 12 - 12) =     -3.58793  eV     1   --> A              
     e( 13 - 13) =     -0.61407  eV     1   --> A              
     e( 14 - 14) =      2.61303  eV     1   --> A              
     e( 15 - 15) =      3.05790  eV     1   --> A              
     e( 16 - 16) =      3.29893  eV     1   --> A              
     e( 17 - 17) =      3.53637  eV     1   --> A              
     e( 18 - 18) =      5.14375  eV     1   --> A              
     e( 19 - 19) =      5.51954  eV     1   --> A              
     e( 20 - 20) =      6.47020  eV     1   --> A              
     e( 21 - 21) =      7.06306  eV     1   --> A              
     e( 22 - 22) =      7.62197  eV     1   --> A              
     e( 23 - 23) =      7.70528  eV     1   --> A              
     e( 24 - 24) =      7.91973  eV     1   --> A              
     e( 25 - 25) =      8.18122  eV     1   --> A              
     e( 26 - 26) =      8.72026  eV     1   --> A              

 **************************************************************************

 **************************************************************************

                    xk=(   0.48889,   0.30792,   0.00000  )

     Band symmetry, C_1 (1)     point group:

     e(  1 -  1) =    -49.22829  eV     1   --> A              
     e(  2 -  2) =    -27.49332  eV     1   --> A              
     e(  3 -  3) =    -27.39422  eV     1   --> A              
     e(  4 -  4) =    -27.18644  eV     1   --> A              
     e(  5 -  5) =    -16.53021  eV     1   --> A              
     e(  6 -  6) =    -16.10615  eV     1   --> A              
     e(  7 -  7) =     -6.60301  eV     1   --> A              
     e(  8 -  8) =     -6.06516  eV     1   --> A              
     e(  9 -  9) =     -5.41405  eV     1   --> A              
     e( 10 - 10) =     -4.68098  eV     1   --> A              
     e( 11 - 11) =     -4.35950  eV     1   --> A              
     e( 12 - 12) =     -3.60066  eV     1   --> A              
     e( 13 - 13) =     -0.60618  eV     1   --> A              
     e( 14 - 14) =      2.61992  eV     1   --> A              
     e( 15 - 15) =      3.05509  eV     1   --> A              
     e( 16 - 16) =      3.29336  eV     1   --> A              
     e( 17 - 17) =      3.53034  eV     1   --> A              
     e( 18 - 18) =      5.15109  eV     1   --> A              
     e( 19 - 19) =      5.53497  eV     1   --> A              
     e( 20 - 20) =      6.48317  eV     1   --> A              
     e( 21 - 21) =      7.06708  eV     1   --> A              
     e( 22 - 22) =      7.62634  eV     1   --> A              
     e( 23 - 23) =      7.70908  eV     1   --> A              
     e( 24 - 24) =      7.92344  eV     1   --> A              
     e( 25 - 25) =      8.18502  eV     1   --> A              
     e( 26 - 26) =      8.71731  eV     1   --> A              

 **************************************************************************

 **************************************************************************

                    xk=(   0.48333,   0.31754,   0.00000  )

     Band symmetry, C_1 (1)     point group:

     e(  1 -  1) =    -49.22824  eV     1   --> A              
     e(  2 -  2) =    -27.49258  eV     1   --> A              
     e(  3 -  3) =    -27.39406  eV     1   --> A              
     e(  4 -  4) =    -27.18796  eV     1   --> A              
     e(  5 -  5) =    -16.52952  eV     1   --> A              
     e(  6 -  6) =    -16.10507  eV     1   --> A              
     e(  7 -  7) =     -6.59694  eV     1   --> A              
     e(  8 -  8) =     -6.06415  eV     1   --> A              
     e(  9 -  9) =     -5.41295  eV     1   --> A              
     e( 10 - 10) =     -4.68952  eV     1   --> A              
     e( 11 - 11) =     -4.35908  eV     1   --> A              
     e( 12 - 12) =     -3.62163  eV     1   --> A              
     e( 13 - 13) =     -0.59318  eV     1   --> A              
     e( 14 - 14) =      2.63105  eV     1   --> A              
     e( 15 - 15) =      3.05041  eV     1   --> A              
     e( 16 - 16) =      3.28417  eV     1   --> A              
     e( 17 - 17) =      3.52098  eV     1   --> A              
     e( 18 - 18) =      5.16251  eV     1   --> A              
     e( 19 - 19) =      5.56096  eV     1   --> A              
     e( 20 - 20) =      6.50460  eV     1   --> A              
     e( 21 - 21) =      7.07374  eV     1   --> A              
     e( 22 - 22) =      7.63361  eV     1   --> A              
     e( 23 - 23) =      7.71536  eV     1   --> A              
     e( 24 - 24) =      7.92952  eV     1   --> A              
     e( 25 - 25) =      8.19121  eV     1   --> A              
     e( 26 - 26) =      8.70891  eV     1   --> A              

 **************************************************************************

 **************************************************************************

                    xk=(   0.47778,   0.32717,   0.00000  )

     Band symmetry, C_1 (1)     point group:

     e(  1 -  1) =    -49.22817  eV     1   --> A              
     e(  2 -  2) =    -27.49155  eV     1   --> A              
     e(  3 -  3) =    -27.39384  eV     1   --> A              
     e(  4 -  4) =    -27.19008  eV     1   --> A              
     e(  5 -  5) =    -16.52856  eV     1   --> A              
     e(  6 -  6) =    -16.10358  eV     1   --> A              
     e(  7 -  7) =     -6.58846  eV     1   --> A              
     e(  8 -  8) =     -6.06276  eV     1   --> A              
     e(  9 -  9) =     -5.41144  eV     1   --> A              
     e( 10 - 10) =     -4.70111  eV     1   --> A              
     e( 11 - 11) =     -4.35870  eV     1   --> A              
     e( 12 - 12) =     -3.65048  eV     1   --> A              
     e( 13 - 13) =     -0.57526  eV     1   --> A              
     e( 14 - 14) =      2.64583  eV     1   --> A              
     e( 15 - 15) =      3.04395  eV     1   --> A              
     e( 16 - 16) =      3.27154  eV     1   --> A              
     e( 17 - 17) =      3.50923  eV     1   --> A              
     e( 18 - 18) =      5.17703  eV     1   --> A              
     e( 19 - 19) =      5.59770  eV     1   --> A              
     e( 20 - 20) =      6.53424  eV     1   --> A              
     e( 21 - 21) =      7.08303  eV     1   --> A              
     e( 22 - 22) =      7.64376  eV     1   --> A              
     e( 23 - 23) =      7.72406  eV     1   --> A              
     e( 24 - 24) =      7.93783  eV     1   --> A              
     e( 25 - 25) =      8.19956  eV     1   --> A              
     e( 26 - 26) =      8.69178  eV     1   --> A              

 **************************************************************************

 **************************************************************************

                    xk=(   0.47222,   0.33679,   0.00000  )

     Band symmetry, C_1 (1)     point group:

     e(  1 -  1) =    -49.22808  eV     1   --> A              
     e(  2 -  2) =    -27.49023  eV     1   --> A              
     e(  3 -  3) =    -27.39356  eV     1   --> A              
     e(  4 -  4) =    -27.19278  eV     1   --> A              
     e(  5 -  5) =    -16.52735  eV     1   --> A              
     e(  6 -  6) =    -16.10168  eV     1   --> A              
     e(  7 -  7) =     -6.57761  eV     1   --> A              
     e(  8 -  8) =     -6.06104  eV     1   --> A              
     e(  9 -  9) =     -5.40953  eV     1   --> A              
     e( 10 - 10) =     -4.71548  eV     1   --> A              
     e( 11 - 11) =     -4.35854  eV     1   --> A              
     e( 12 - 12) =     -3.68671  eV     1   --> A              
     e( 13 - 13) =     -0.55268  eV     1   --> A              
     e( 14 - 14) =      2.66337  eV     1   --> A              
     e( 15 - 15) =      3.03591  eV     1   --> A              
     e( 16 - 16) =      3.25582  eV     1   --> A              
     e( 17 - 17) =      3.49608  eV     1   --> A              
     e( 18 - 18) =      5.19373  eV     1   --> A              
     e( 19 - 19) =      5.64519  eV     1   --> A              
     e( 20 - 20) =      6.57172  eV     1   --> A              
     e( 21 - 21) =      7.09489  eV     1   --> A              
     e( 22 - 22) =      7.65671  eV     1   --> A              
     e( 23 - 23) =      7.73504  eV     1   --> A              
     e( 24 - 24) =      7.94810  eV     1   --> A              
     e( 25 - 25) =      8.20967  eV     1   --> A              
     e( 26 - 26) =      8.66476  eV     1   --> A              

 **************************************************************************

 **************************************************************************

                    xk=(   0.46667,   0.34641,   0.00000  )

     Band symmetry, C_1 (1)     point group:

     e(  1 -  1) =    -49.22796  eV     1   --> A              
     e(  2 -  2) =    -27.48863  eV     1   --> A              
     e(  3 -  3) =    -27.39323  eV     1   --> A              
     e(  4 -  4) =    -27.19605  eV     1   --> A              
     e(  5 -  5) =    -16.52590  eV     1   --> A              
     e(  6 -  6) =    -16.09938  eV     1   --> A              
     e(  7 -  7) =     -6.56441  eV     1   --> A              
     e(  8 -  8) =     -6.05901  eV     1   --> A              
     e(  9 -  9) =     -5.40726  eV     1   --> A              
     e( 10 - 10) =     -4.73227  eV     1   --> A              
     e( 11 - 11) =     -4.35876  eV     1   --> A              
     e( 12 - 12) =     -3.72975  eV     1   --> A              
     e( 13 - 13) =     -0.52573  eV     1   --> A              
     e( 14 - 14) =      2.68236  eV     1   --> A              
     e( 15 - 15) =      3.02667  eV     1   --> A              
     e( 16 - 16) =      3.23769  eV     1   --> A              
     e( 17 - 17) =      3.48247  eV     1   --> A              
     e( 18 - 18) =      5.21193  eV     1   --> A              
     e( 19 - 19) =      5.70306  eV     1   --> A              
     e( 20 - 20) =      6.61657  eV     1   --> A              
     e( 21 - 21) =      7.10929  eV     1   --> A              
     e( 22 - 22) =      7.67235  eV     1   --> A              
     e( 23 - 23) =      7.74808  eV     1   --> A              
     e( 24 - 24) =      7.95993  eV     1   --> A              
     e( 25 - 25) =      8.22087  eV     1   --> A              
     e( 26 - 26) =      8.62920  eV     1   --> A              

 **************************************************************************

 **************************************************************************

                    xk=(   0.46111,   0.35603,   0.00000  )

     Band symmetry, C_1 (1)     point group:

     e(  1 -  1) =    -49.22783  eV     1   --> A              
     e(  2 -  2) =    -27.48675  eV     1   --> A              
     e(  3 -  3) =    -27.39283  eV     1   --> A              
     e(  4 -  4) =    -27.19985  eV     1   --> A              
     e(  5 -  5) =    -16.52421  eV     1   --> A              
     e(  6 -  6) =    -16.09671  eV     1   --> A              
     e(  7 -  7) =     -6.54891  eV     1   --> A              
     e(  8 -  8) =     -6.05672  eV     1   --> A              
     e(  9 -  9) =     -5.40465  eV     1   --> A              
     e( 10 - 10) =     -4.75113  eV     1   --> A              
     e( 11 - 11) =     -4.35955  eV     1   --> A              
     e( 12 - 12) =     -3.77893  eV     1   --> A              
     e( 13 - 13) =     -0.49474  eV     1   --> A              
     e( 14 - 14) =      2.70097  eV     1   --> A              
     e( 15 - 15) =      3.01681  eV     1   --> A              
     e( 16 - 16) =      3.21839  eV     1   --> A              
     e( 17 - 17) =      3.46906  eV     1   --> A              
     e( 18 - 18) =      5.23125  eV     1   --> A              
     e( 19 - 19) =      5.77062  eV     1   --> A              
     e( 20 - 20) =      6.66822  eV     1   --> A              
     e( 21 - 21) =      7.12619  eV     1   --> A              
     e( 22 - 22) =      7.69039  eV     1   --> A              
     e( 23 - 23) =      7.76285  eV     1   --> A              
     e( 24 - 24) =      7.97270  eV     1   --> A              
     e( 25 - 25) =      8.23214  eV     1   --> A              
     e( 26 - 26) =      8.58887  eV     1   --> A              

 **************************************************************************

 **************************************************************************

                    xk=(   0.45556,   0.36566,   0.00000  )

     Band symmetry, C_1 (1)     point group:

     e(  1 -  1) =    -49.22769  eV     1   --> A              
     e(  2 -  2) =    -27.48459  eV     1   --> A              
     e(  3 -  3) =    -27.39239  eV     1   --> A              
     e(  4 -  4) =    -27.20420  eV     1   --> A              
     e(  5 -  5) =    -16.52231  eV     1   --> A              
     e(  6 -  6) =    -16.09368  eV     1   --> A              
     e(  7 -  7) =     -6.53115  eV     1   --> A              
     e(  8 -  8) =     -6.05424  eV     1   --> A              
     e(  9 -  9) =     -5.40174  eV     1   --> A              
     e( 10 - 10) =     -4.77173  eV     1   --> A              
     e( 11 - 11) =     -4.36108  eV     1   --> A              
     e( 12 - 12) =     -3.83353  eV     1   --> A              
     e( 13 - 13) =     -0.46005  eV     1   --> A              
     e( 14 - 14) =      2.71680  eV     1   --> A              
     e( 15 - 15) =      3.00680  eV     1   --> A              
     e( 16 - 16) =      3.20001  eV     1   --> A              
     e( 17 - 17) =      3.45619  eV     1   --> A              
     e( 18 - 18) =      5.25160  eV     1   --> A              
     e( 19 - 19) =      5.84690  eV     1   --> A              
     e( 20 - 20) =      6.72599  eV     1   --> A              
     e( 21 - 21) =      7.14558  eV     1   --> A              
     e( 22 - 22) =      7.71017  eV     1   --> A              
     e( 23 - 23) =      7.77893  eV     1   --> A              
     e( 24 - 24) =      7.98547  eV     1   --> A              
     e( 25 - 25) =      8.24201  eV     1   --> A              
     e( 26 - 26) =      8.54978  eV     1   --> A              

 **************************************************************************

 **************************************************************************

                    xk=(   0.45000,   0.37528,   0.00000  )

     Band symmetry, C_1 (1)     point group:

     e(  1 -  1) =    -49.22752  eV     1   --> A              
     e(  2 -  2) =    -27.48215  eV     1   --> A              
     e(  3 -  3) =    -27.39190  eV     1   --> A              
     e(  4 -  4) =    -27.20904  eV     1   --> A              
     e(  5 -  5) =    -16.52020  eV     1   --> A              
     e(  6 -  6) =    -16.09032  eV     1   --> A              
     e(  7 -  7) =     -6.51119  eV     1   --> A              
     e(  8 -  8) =     -6.05162  eV     1   --> A              
     e(  9 -  9) =     -5.39858  eV     1   --> A              
     e( 10 - 10) =     -4.79370  eV     1   --> A              
     e( 11 - 11) =     -4.36351  eV     1   --> A              
     e( 12 - 12) =     -3.89274  eV     1   --> A              
     e( 13 - 13) =     -0.42200  eV     1   --> A              
     e( 14 - 14) =      2.72718  eV     1   --> A              
     e( 15 - 15) =      2.99644  eV     1   --> A              
     e( 16 - 16) =      3.18585  eV     1   --> A              
     e( 17 - 17) =      3.44386  eV     1   --> A              
     e( 18 - 18) =      5.27306  eV     1   --> A              
     e( 19 - 19) =      5.93072  eV     1   --> A              
     e( 20 - 20) =      6.78908  eV     1   --> A              
     e( 21 - 21) =      7.16751  eV     1   --> A              
     e( 22 - 22) =      7.72995  eV     1   --> A              
     e( 23 - 23) =      7.79603  eV     1   --> A              
     e( 24 - 24) =      7.99716  eV     1   --> A              
     e( 25 - 25) =      8.24913  eV     1   --> A              
     e( 26 - 26) =      8.51922  eV     1   --> A              

 **************************************************************************

 **************************************************************************

                    xk=(   0.44444,   0.38490,   0.00000  )

     Band symmetry, C_1 (1)     point group:

     e(  1 -  1) =    -49.22735  eV     1   --> A              
     e(  2 -  2) =    -27.47946  eV     1   --> A              
     e(  3 -  3) =    -27.39136  eV     1   --> A              
     e(  4 -  4) =    -27.21436  eV     1   --> A              
     e(  5 -  5) =    -16.51793  eV     1   --> A              
     e(  6 -  6) =    -16.08666  eV     1   --> A              
     e(  7 -  7) =     -6.48911  eV     1   --> A              
     e(  8 -  8) =     -6.04894  eV     1   --> A              
     e(  9 -  9) =     -5.39521  eV     1   --> A              
     e( 10 - 10) =     -4.81671  eV     1   --> A              
     e( 11 - 11) =     -4.36707  eV     1   --> A              
     e( 12 - 12) =     -3.95570  eV     1   --> A              
     e( 13 - 13) =     -0.38094  eV     1   --> A              
     e( 14 - 14) =      2.72986  eV     1   --> A              
     e( 15 - 15) =      2.98412  eV     1   --> A              
     e( 16 - 16) =      3.18024  eV     1   --> A              
     e( 17 - 17) =      3.43187  eV     1   --> A              
     e( 18 - 18) =      5.29578  eV     1   --> A              
     e( 19 - 19) =      6.02080  eV     1   --> A              
     e( 20 - 20) =      6.85646  eV     1   --> A              
     e( 21 - 21) =      7.19214  eV     1   --> A              
     e( 22 - 22) =      7.74542  eV     1   --> A              
     e( 23 - 23) =      7.81504  eV     1   --> A              
     e( 24 - 24) =      8.00717  eV     1   --> A              
     e( 25 - 25) =      8.25402  eV     1   --> A              
     e( 26 - 26) =      8.50343  eV     1   --> A              

 **************************************************************************

 **************************************************************************

                    xk=(   0.43889,   0.39452,   0.00000  )

     Band symmetry, C_1 (1)     point group:

     e(  1 -  1) =    -49.22716  eV     1   --> A              
     e(  2 -  2) =    -27.47651  eV     1   --> A              
     e(  3 -  3) =    -27.39079  eV     1   --> A              
     e(  4 -  4) =    -27.22010  eV     1   --> A              
     e(  5 -  5) =    -16.51550  eV     1   --> A              
     e(  6 -  6) =    -16.08272  eV     1   --> A              
     e(  7 -  7) =     -6.46497  eV     1   --> A              
     e(  8 -  8) =     -6.04625  eV     1   --> A              
     e(  9 -  9) =     -5.39168  eV     1   --> A              
     e( 10 - 10) =     -4.84045  eV     1   --> A              
     e( 11 - 11) =     -4.37204  eV     1   --> A              
     e( 12 - 12) =     -4.02141  eV     1   --> A              
     e( 13 - 13) =     -0.33719  eV     1   --> A              
     e( 14 - 14) =      2.72398  eV     1   --> A              
     e( 15 - 15) =      2.96751  eV     1   --> A              
     e( 16 - 16) =      3.18693  eV     1   --> A              
     e( 17 - 17) =      3.41992  eV     1   --> A              
     e( 18 - 18) =      5.31996  eV     1   --> A              
     e( 19 - 19) =      6.11576  eV     1   --> A              
     e( 20 - 20) =      6.92685  eV     1   --> A              
     e( 21 - 21) =      7.21987  eV     1   --> A              
     e( 22 - 22) =      7.74859  eV     1   --> A              
     e( 23 - 23) =      7.83901  eV     1   --> A              
     e( 24 - 24) =      8.01700  eV     1   --> A              
     e( 25 - 25) =      8.26059  eV     1   --> A              
     e( 26 - 26) =      8.50440  eV     1   --> A              

 **************************************************************************

 **************************************************************************

                    xk=(   0.43333,   0.40415,   0.00000  )

     Band symmetry, C_1 (1)     point group:

     e(  1 -  1) =    -49.22696  eV     1   --> A              
     e(  2 -  2) =    -27.47332  eV     1   --> A              
     e(  3 -  3) =    -27.39018  eV     1   --> A              
     e(  4 -  4) =    -27.22624  eV     1   --> A              
     e(  5 -  5) =    -16.51294  eV     1   --> A              
     e(  6 -  6) =    -16.07854  eV     1   --> A              
     e(  7 -  7) =     -6.43887  eV     1   --> A              
     e(  8 -  8) =     -6.04363  eV     1   --> A              
     e(  9 -  9) =     -5.38803  eV     1   --> A              
     e( 10 - 10) =     -4.86463  eV     1   --> A              
     e( 11 - 11) =     -4.37895  eV     1   --> A              
     e( 12 - 12) =     -4.08866  eV     1   --> A              
     e( 13 - 13) =     -0.29107  eV     1   --> A              
     e( 14 - 14) =      2.71019  eV     1   --> A              
     e( 15 - 15) =      2.94556  eV     1   --> A              
     e( 16 - 16) =      3.20667  eV     1   --> A              
     e( 17 - 17) =      3.40774  eV     1   --> A              
     e( 18 - 18) =      5.34572  eV     1   --> A              
     e( 19 - 19) =      6.21406  eV     1   --> A              
     e( 20 - 20) =      6.99845  eV     1   --> A              
     e( 21 - 21) =      7.25150  eV     1   --> A              
     e( 22 - 22) =      7.73283  eV     1   --> A              
     e( 23 - 23) =      7.87025  eV     1   --> A              
     e( 24 - 24) =      8.03066  eV     1   --> A              
     e( 25 - 25) =      8.27380  eV     1   --> A              
     e( 26 - 26) =      8.51969  eV     1   --> A              

 **************************************************************************

 **************************************************************************

                    xk=(   0.42778,   0.41377,   0.00000  )

     Band symmetry, C_1 (1)     point group:

     e(  1 -  1) =    -49.22675  eV     1   --> A              
     e(  2 -  2) =    -27.46989  eV     1   --> A              
     e(  3 -  3) =    -27.38955  eV     1   --> A              
     e(  4 -  4) =    -27.23274  eV     1   --> A              
     e(  5 -  5) =    -16.51027  eV     1   --> A              
     e(  6 -  6) =    -16.07415  eV     1   --> A              
     e(  7 -  7) =     -6.41090  eV     1   --> A              
     e(  8 -  8) =     -6.04115  eV     1   --> A              
     e(  9 -  9) =     -5.38431  eV     1   --> A              
     e( 10 - 10) =     -4.88898  eV     1   --> A              
     e( 11 - 11) =     -4.38880  eV     1   --> A              
     e( 12 - 12) =     -4.15570  eV     1   --> A              
     e( 13 - 13) =     -0.24293  eV     1   --> A              
     e( 14 - 14) =      2.69008  eV     1   --> A              
     e( 15 - 15) =      2.91924  eV     1   --> A              
     e( 16 - 16) =      3.23703  eV     1   --> A              
     e( 17 - 17) =      3.39534  eV     1   --> A              
     e( 18 - 18) =      5.37318  eV     1   --> A              
     e( 19 - 19) =      6.31396  eV     1   --> A              
     e( 20 - 20) =      7.06875  eV     1   --> A              
     e( 21 - 21) =      7.28847  eV     1   --> A              
     e( 22 - 22) =      7.69873  eV     1   --> A              
     e( 23 - 23) =      7.90823  eV     1   --> A              
     e( 24 - 24) =      8.05183  eV     1   --> A              
     e( 25 - 25) =      8.29593  eV     1   --> A              
     e( 26 - 26) =      8.54557  eV     1   --> A              

 **************************************************************************

 **************************************************************************

                    xk=(   0.42222,   0.42339,   0.00000  )

     Band symmetry, C_1 (1)     point group:

     e(  1 -  1) =    -49.22653  eV     1   --> A              
     e(  2 -  2) =    -27.46623  eV     1   --> A              
     e(  3 -  3) =    -27.38889  eV     1   --> A              
     e(  4 -  4) =    -27.23956  eV     1   --> A              
     e(  5 -  5) =    -16.50752  eV     1   --> A              
     e(  6 -  6) =    -16.06960  eV     1   --> A              
     e(  7 -  7) =     -6.38121  eV     1   --> A              
     e(  8 -  8) =     -6.03886  eV     1   --> A              
     e(  9 -  9) =     -5.38056  eV     1   --> A              
     e( 10 - 10) =     -4.91330  eV     1   --> A              
     e( 11 - 11) =     -4.40379  eV     1   --> A              
     e( 12 - 12) =     -4.21961  eV     1   --> A              
     e( 13 - 13) =     -0.19310  eV     1   --> A              
     e( 14 - 14) =      2.66538  eV     1   --> A              
     e( 15 - 15) =      2.89024  eV     1   --> A              
     e( 16 - 16) =      3.27381  eV     1   --> A              
     e( 17 - 17) =      3.38353  eV     1   --> A              
     e( 18 - 18) =      5.40236  eV     1   --> A              
     e( 19 - 19) =      6.41324  eV     1   --> A              
     e( 20 - 20) =      7.13446  eV     1   --> A              
     e( 21 - 21) =      7.33293  eV     1   --> A              
     e( 22 - 22) =      7.65241  eV     1   --> A              
     e( 23 - 23) =      7.95185  eV     1   --> A              
     e( 24 - 24) =      8.08138  eV     1   --> A              
     e( 25 - 25) =      8.32655  eV     1   --> A              
     e( 26 - 26) =      8.57906  eV     1   --> A              

 **************************************************************************

 **************************************************************************

                    xk=(   0.41667,   0.43301,   0.00000  )

     Band symmetry, C_1 (1)     point group:

     e(  1 -  1) =    -49.22631  eV     1   --> A              
     e(  2 -  2) =    -27.46235  eV     1   --> A              
     e(  3 -  3) =    -27.38822  eV     1   --> A              
     e(  4 -  4) =    -27.24668  eV     1   --> A              
     e(  5 -  5) =    -16.50471  eV     1   --> A              
     e(  6 -  6) =    -16.06492  eV     1   --> A              
     e(  7 -  7) =     -6.34995  eV     1   --> A              
     e(  8 -  8) =     -6.03680  eV     1   --> A              
     e(  9 -  9) =     -5.37683  eV     1   --> A              
     e( 10 - 10) =     -4.93743  eV     1   --> A              
     e( 11 - 11) =     -4.42825  eV     1   --> A              
     e( 12 - 12) =     -4.27526  eV     1   --> A              
     e( 13 - 13) =     -0.14193  eV     1   --> A              
     e( 14 - 14) =      2.63757  eV     1   --> A              
     e( 15 - 15) =      2.86008  eV     1   --> A              
     e( 16 - 16) =      3.30917  eV     1   --> A              
     e( 17 - 17) =      3.37720  eV     1   --> A              
     e( 18 - 18) =      5.43324  eV     1   --> A              
     e( 19 - 19) =      6.50894  eV     1   --> A              
     e( 20 - 20) =      7.19246  eV     1   --> A              
     e( 21 - 21) =      7.38669  eV     1   --> A              
     e( 22 - 22) =      7.60186  eV     1   --> A              
     e( 23 - 23) =      8.00034  eV     1   --> A              
     e( 24 - 24) =      8.11849  eV     1   --> A              
     e( 25 - 25) =      8.36440  eV     1   --> A              
     e( 26 - 26) =      8.61820  eV     1   --> A              

 **************************************************************************

 **************************************************************************

                    xk=(   0.41111,   0.44264,   0.00000  )

     Band symmetry, C_1 (1)     point group:

     e(  1 -  1) =    -49.22609  eV     1   --> A              
     e(  2 -  2) =    -27.45828  eV     1   --> A              
     e(  3 -  3) =    -27.38754  eV     1   --> A              
     e(  4 -  4) =    -27.25401  eV     1   --> A              
     e(  5 -  5) =    -16.50189  eV     1   --> A              
     e(  6 -  6) =    -16.06017  eV     1   --> A              
     e(  7 -  7) =     -6.31730  eV     1   --> A              
     e(  8 -  8) =     -6.03495  eV     1   --> A              
     e(  9 -  9) =     -5.37316  eV     1   --> A              
     e( 10 - 10) =     -4.96130  eV     1   --> A              
     e( 11 - 11) =     -4.46751  eV     1   --> A              
     e( 12 - 12) =     -4.31650  eV     1   --> A              
     e( 13 - 13) =     -0.08980  eV     1   --> A              
     e( 14 - 14) =      2.60787  eV     1   --> A              
     e( 15 - 15) =      2.82988  eV     1   --> A              
     e( 16 - 16) =      3.32251  eV     1   --> A              
     e( 17 - 17) =      3.39471  eV     1   --> A              
     e( 18 - 18) =      5.46574  eV     1   --> A              
     e( 19 - 19) =      6.59685  eV     1   --> A              
     e( 20 - 20) =      7.24198  eV     1   --> A              
     e( 21 - 21) =      7.44837  eV     1   --> A              
     e( 22 - 22) =      7.55607  eV     1   --> A              
     e( 23 - 23) =      8.05309  eV     1   --> A              
     e( 24 - 24) =      8.16226  eV     1   --> A              
     e( 25 - 25) =      8.40835  eV     1   --> A              
     e( 26 - 26) =      8.66171  eV     1   --> A              

 **************************************************************************

 **************************************************************************

                    xk=(   0.40556,   0.45226,   0.00000  )

     Band symmetry, C_1 (1)     point group:

     e(  1 -  1) =    -49.22586  eV     1   --> A              
     e(  2 -  2) =    -27.45403  eV     1   --> A              
     e(  3 -  3) =    -27.38686  eV     1   --> A              
     e(  4 -  4) =    -27.26153  eV     1   --> A              
     e(  5 -  5) =    -16.49906  eV     1   --> A              
     e(  6 -  6) =    -16.05538  eV     1   --> A              
     e(  7 -  7) =     -6.28354  eV     1   --> A              
     e(  8 -  8) =     -6.03327  eV     1   --> A              
     e(  9 -  9) =     -5.36958  eV     1   --> A              
     e( 10 - 10) =     -4.98494  eV     1   --> A              
     e( 11 - 11) =     -4.52107  eV     1   --> A              
     e( 12 - 12) =     -4.34295  eV     1   --> A              
     e( 13 - 13) =     -0.03712  eV     1   --> A              
     e( 14 - 14) =      2.57725  eV     1   --> A              
     e( 15 - 15) =      2.80040  eV     1   --> A              
     e( 16 - 16) =      3.31220  eV     1   --> A              
     e( 17 - 17) =      3.43606  eV     1   --> A              
     e( 18 - 18) =      5.49972  eV     1   --> A              
     e( 19 - 19) =      6.67096  eV     1   --> A              
     e( 20 - 20) =      7.28564  eV     1   --> A              
     e( 21 - 21) =      7.49474  eV     1   --> A              
     e( 22 - 22) =      7.54296  eV     1   --> A              
     e( 23 - 23) =      8.10927  eV     1   --> A              
     e( 24 - 24) =      8.21232  eV     1   --> A              
     e( 25 - 25) =      8.45763  eV     1   --> A              
     e( 26 - 26) =      8.70869  eV     1   --> A              

 **************************************************************************

 **************************************************************************

                    xk=(   0.40000,   0.46188,   0.00000  )

     Band symmetry, C_1 (1)     point group:

     e(  1 -  1) =    -49.22564  eV     1   --> A              
     e(  2 -  2) =    -27.44962  eV     1   --> A              
     e(  3 -  3) =    -27.38619  eV     1   --> A              
     e(  4 -  4) =    -27.26917  eV     1   --> A              
     e(  5 -  5) =    -16.49627  eV     1   --> A              
     e(  6 -  6) =    -16.05060  eV     1   --> A              
     e(  7 -  7) =     -6.24902  eV     1   --> A              
     e(  8 -  8) =     -6.03160  eV     1   --> A              
     e(  9 -  9) =     -5.36612  eV     1   --> A              
     e( 10 - 10) =     -5.00853  eV     1   --> A              
     e( 11 - 11) =     -4.58236  eV     1   --> A              
     e( 12 - 12) =     -4.36019  eV     1   --> A              
     e( 13 - 13) =      0.01563  eV     1   --> A              
     e( 14 - 14) =      2.54653  eV     1   --> A              
     e( 15 - 15) =      2.77218  eV     1   --> A              
     e( 16 - 16) =      3.29452  eV     1   --> A              
     e( 17 - 17) =      3.48376  eV     1   --> A              
     e( 18 - 18) =      5.53500  eV     1   --> A              
     e( 19 - 19) =      6.72380  eV     1   --> A              
     e( 20 - 20) =      7.32820  eV     1   --> A              
     e( 21 - 21) =      7.48632  eV     1   --> A              
     e( 22 - 22) =      7.60529  eV     1   --> A              
     e( 23 - 23) =      8.16776  eV     1   --> A              
     e( 24 - 24) =      8.26873  eV     1   --> A              
     e( 25 - 25) =      8.51172  eV     1   --> A              
     e( 26 - 26) =      8.75841  eV     1   --> A              

 **************************************************************************

 **************************************************************************

                    xk=(   0.39444,   0.47150,   0.00000  )

     Band symmetry, C_1 (1)     point group:

     e(  1 -  1) =    -49.22542  eV     1   --> A              
     e(  2 -  2) =    -27.44508  eV     1   --> A              
     e(  3 -  3) =    -27.38552  eV     1   --> A              
     e(  4 -  4) =    -27.27689  eV     1   --> A              
     e(  5 -  5) =    -16.49354  eV     1   --> A              
     e(  6 -  6) =    -16.04589  eV     1   --> A              
     e(  7 -  7) =     -6.21430  eV     1   --> A              
     e(  8 -  8) =     -6.02959  eV     1   --> A              
     e(  9 -  9) =     -5.36280  eV     1   --> A              
     e( 10 - 10) =     -5.03246  eV     1   --> A              
     e( 11 - 11) =     -4.64559  eV     1   --> A              
     e( 12 - 12) =     -4.37283  eV     1   --> A              
     e( 13 - 13) =      0.06794  eV     1   --> A              
     e( 14 - 14) =      2.51644  eV     1   --> A              
     e( 15 - 15) =      2.74560  eV     1   --> A              
     e( 16 - 16) =      3.27404  eV     1   --> A              
     e( 17 - 17) =      3.53233  eV     1   --> A              
     e( 18 - 18) =      5.57134  eV     1   --> A              
     e( 19 - 19) =      6.74906  eV     1   --> A              
     e( 20 - 20) =      7.37374  eV     1   --> A              
     e( 21 - 21) =      7.48875  eV     1   --> A              
     e( 22 - 22) =      7.67970  eV     1   --> A              
     e( 23 - 23) =      8.22725  eV     1   --> A              
     e( 24 - 24) =      8.33169  eV     1   --> A              
     e( 25 - 25) =      8.57027  eV     1   --> A              
     e( 26 - 26) =      8.81022  eV     1   --> A              

 **************************************************************************

 **************************************************************************

                    xk=(   0.38889,   0.48113,   0.00000  )

     Band symmetry, C_1 (1)     point group:

     e(  1 -  1) =    -49.22521  eV     1   --> A              
     e(  2 -  2) =    -27.44043  eV     1   --> A              
     e(  3 -  3) =    -27.38486  eV     1   --> A              
     e(  4 -  4) =    -27.28460  eV     1   --> A              
     e(  5 -  5) =    -16.49090  eV     1   --> A              
     e(  6 -  6) =    -16.04131  eV     1   --> A              
     e(  7 -  7) =     -6.18027  eV     1   --> A              
     e(  8 -  8) =     -6.02658  eV     1   --> A              
     e(  9 -  9) =     -5.35965  eV     1   --> A              
     e( 10 - 10) =     -5.05731  eV     1   --> A              
     e( 11 - 11) =     -4.70715  eV     1   --> A              
     e( 12 - 12) =     -4.38313  eV     1   --> A              
     e( 13 - 13) =      0.11922  eV     1   --> A              
     e( 14 - 14) =      2.48766  eV     1   --> A              
     e( 15 - 15) =      2.72093  eV     1   --> A              
     e( 16 - 16) =      3.25200  eV     1   --> A              
     e( 17 - 17) =      3.57986  eV     1   --> A              
     e( 18 - 18) =      5.60848  eV     1   --> A              
     e( 19 - 19) =      6.74603  eV     1   --> A              
     e( 20 - 20) =      7.41928  eV     1   --> A              
     e( 21 - 21) =      7.51742  eV     1   --> A              
     e( 22 - 22) =      7.75444  eV     1   --> A              
     e( 23 - 23) =      8.28660  eV     1   --> A              
     e( 24 - 24) =      8.40091  eV     1   --> A              
     e( 25 - 25) =      8.63303  eV     1   --> A              
     e( 26 - 26) =      8.86348  eV     1   --> A              

 **************************************************************************

 **************************************************************************

                    xk=(   0.38333,   0.49075,   0.00000  )

     Band symmetry, C_1 (1)     point group:

     e(  1 -  1) =    -49.22500  eV     1   --> A              
     e(  2 -  2) =    -27.43571  eV     1   --> A              
     e(  3 -  3) =    -27.38424  eV     1   --> A              
     e(  4 -  4) =    -27.29225  eV     1   --> A              
     e(  5 -  5) =    -16.48839  eV     1   --> A              
     e(  6 -  6) =    -16.03689  eV     1   --> A              
     e(  7 -  7) =     -6.14850  eV     1   --> A              
     e(  8 -  8) =     -6.02125  eV     1   --> A              
     e(  9 -  9) =     -5.35669  eV     1   --> A              
     e( 10 - 10) =     -5.08392  eV     1   --> A              
     e( 11 - 11) =     -4.76448  eV     1   --> A              
     e( 12 - 12) =     -4.39208  eV     1   --> A              
     e( 13 - 13) =      0.16884  eV     1   --> A              
     e( 14 - 14) =      2.46080  eV     1   --> A              
     e( 15 - 15) =      2.69836  eV     1   --> A              
     e( 16 - 16) =      3.22903  eV     1   --> A              
     e( 17 - 17) =      3.62520  eV     1   --> A              
     e( 18 - 18) =      5.64607  eV     1   --> A              
     e( 19 - 19) =      6.72039  eV     1   --> A              
     e( 20 - 20) =      7.45589  eV     1   --> A              
     e( 21 - 21) =      7.57760  eV     1   --> A              
     e( 22 - 22) =      7.82740  eV     1   --> A              
     e( 23 - 23) =      8.34518  eV     1   --> A              
     e( 24 - 24) =      8.47536  eV     1   --> A              
     e( 25 - 25) =      8.69978  eV     1   --> A              
     e( 26 - 26) =      8.91752  eV     1   --> A              

 **************************************************************************

 **************************************************************************

                    xk=(   0.37778,   0.50037,   0.00000  )

     Band symmetry, C_1 (1)     point group:

     e(  1 -  1) =    -49.22481  eV     1   --> A              
     e(  2 -  2) =    -27.43097  eV     1   --> A              
     e(  3 -  3) =    -27.38365  eV     1   --> A              
     e(  4 -  4) =    -27.29976  eV     1   --> A              
     e(  5 -  5) =    -16.48602  eV     1   --> A              
     e(  6 -  6) =    -16.03271  eV     1   --> A              
     e(  7 -  7) =     -6.12153  eV     1   --> A              
     e(  8 -  8) =     -6.01137  eV     1   --> A              
     e(  9 -  9) =     -5.35396  eV     1   --> A              
     e( 10 - 10) =     -5.11314  eV     1   --> A              
     e( 11 - 11) =     -4.81549  eV     1   --> A              
     e( 12 - 12) =     -4.40011  eV     1   --> A              
     e( 13 - 13) =      0.21607  eV     1   --> A              
     e( 14 - 14) =      2.43648  eV     1   --> A              
     e( 15 - 15) =      2.67801  eV     1   --> A              
     e( 16 - 16) =      3.20562  eV     1   --> A              
     e( 17 - 17) =      3.66752  eV     1   --> A              
     e( 18 - 18) =      5.68371  eV     1   --> A              
     e( 19 - 19) =      6.68016  eV     1   --> A              
     e( 20 - 20) =      7.48507  eV     1   --> A              
     e( 21 - 21) =      7.66072  eV     1   --> A              
     e( 22 - 22) =      7.89756  eV     1   --> A              
     e( 23 - 23) =      8.40263  eV     1   --> A              
     e( 24 - 24) =      8.55332  eV     1   --> A              
     e( 25 - 25) =      8.77027  eV     1   --> A              
     e( 26 - 26) =      8.97166  eV     1   --> A              

 **************************************************************************

 **************************************************************************

                    xk=(   0.37222,   0.50999,   0.00000  )

     Band symmetry, C_1 (1)     point group:

     e(  1 -  1) =    -49.22463  eV     1   --> A              
     e(  2 -  2) =    -27.42626  eV     1   --> A              
     e(  3 -  3) =    -27.38311  eV     1   --> A              
     e(  4 -  4) =    -27.30702  eV     1   --> A              
     e(  5 -  5) =    -16.48383  eV     1   --> A              
     e(  6 -  6) =    -16.02881  eV     1   --> A              
     e(  7 -  7) =     -6.10222  eV     1   --> A              
     e(  8 -  8) =     -5.99446  eV     1   --> A              
     e(  9 -  9) =     -5.35154  eV     1   --> A              
     e( 10 - 10) =     -5.14551  eV     1   --> A              
     e( 11 - 11) =     -4.85863  eV     1   --> A              
     e( 12 - 12) =     -4.40738  eV     1   --> A              
     e( 13 - 13) =      0.26016  eV     1   --> A              
     e( 14 - 14) =      2.41523  eV     1   --> A              
     e( 15 - 15) =      2.65996  eV     1   --> A              
     e( 16 - 16) =      3.18225  eV     1   --> A              
     e( 17 - 17) =      3.70615  eV     1   --> A              
     e( 18 - 18) =      5.72087  eV     1   --> A              
     e( 19 - 19) =      6.63226  eV     1   --> A              
     e( 20 - 20) =      7.51146  eV     1   --> A              
     e( 21 - 21) =      7.75574  eV     1   --> A              
     e( 22 - 22) =      7.96421  eV     1   --> A              
     e( 23 - 23) =      8.45859  eV     1   --> A              
     e( 24 - 24) =      8.63283  eV     1   --> A              
     e( 25 - 25) =      8.84418  eV     1   --> A              
     e( 26 - 26) =      9.02506  eV     1   --> A              

 **************************************************************************

 **************************************************************************

                    xk=(   0.36667,   0.51962,   0.00000  )

     Band symmetry, C_1 (1)     point group:

     e(  1 -  1) =    -49.22447  eV     1   --> A              
     e(  2 -  2) =    -27.42167  eV     1   --> A              
     e(  3 -  3) =    -27.38261  eV     1   --> A              
     e(  4 -  4) =    -27.31393  eV     1   --> A              
     e(  5 -  5) =    -16.48184  eV     1   --> A              
     e(  6 -  6) =    -16.02526  eV     1   --> A              
     e(  7 -  7) =     -6.09113  eV     1   --> A              
     e(  8 -  8) =     -5.97046  eV     1   --> A              
     e(  9 -  9) =     -5.34952  eV     1   --> A              
     e( 10 - 10) =     -5.18069  eV     1   --> A              
     e( 11 - 11) =     -4.89322  eV     1   --> A              
     e( 12 - 12) =     -4.41392  eV     1   --> A              
     e( 13 - 13) =      0.30032  eV     1   --> A              
     e( 14 - 14) =      2.39752  eV     1   --> A              
     e( 15 - 15) =      2.64426  eV     1   --> A              
     e( 16 - 16) =      3.15945  eV     1   --> A              
     e( 17 - 17) =      3.74052  eV     1   --> A              
     e( 18 - 18) =      5.75689  eV     1   --> A              
     e( 19 - 19) =      6.58182  eV     1   --> A              
     e( 20 - 20) =      7.53642  eV     1   --> A              
     e( 21 - 21) =      7.85653  eV     1   --> A              
     e( 22 - 22) =      8.02664  eV     1   --> A              
     e( 23 - 23) =      8.51251  eV     1   --> A              
     e( 24 - 24) =      8.71187  eV     1   --> A              
     e( 25 - 25) =      8.92112  eV     1   --> A              
     e( 26 - 26) =      9.07629  eV     1   --> A              

 **************************************************************************

 **************************************************************************

                    xk=(   0.36111,   0.52924,   0.00000  )

     Band symmetry, C_1 (1)     point group:

     e(  1 -  1) =    -49.22432  eV     1   --> A              
     e(  2 -  2) =    -27.41730  eV     1   --> A              
     e(  3 -  3) =    -27.38217  eV     1   --> A              
     e(  4 -  4) =    -27.32034  eV     1   --> A              
     e(  5 -  5) =    -16.48009  eV     1   --> A              
     e(  6 -  6) =    -16.02210  eV     1   --> A              
     e(  7 -  7) =     -6.08598  eV     1   --> A              
     e(  8 -  8) =     -5.94239  eV     1   --> A              
     e(  9 -  9) =     -5.34812  eV     1   --> A              
     e( 10 - 10) =     -5.21710  eV     1   --> A              
     e( 11 - 11) =     -4.91959  eV     1   --> A              
     e( 12 - 12) =     -4.41970  eV     1   --> A              
     e( 13 - 13) =      0.33575  eV     1   --> A              
     e( 14 - 14) =      2.38367  eV     1   --> A              
     e( 15 - 15) =      2.63094  eV     1   --> A              
     e( 16 - 16) =      3.13779  eV     1   --> A              
     e( 17 - 17) =      3.77017  eV     1   --> A              
     e( 18 - 18) =      5.79090  eV     1   --> A              
     e( 19 - 19) =      6.53258  eV     1   --> A              
     e( 20 - 20) =      7.55986  eV     1   --> A              
     e( 21 - 21) =      7.95951  eV     1   --> A              
     e( 22 - 22) =      8.08397  eV     1   --> A              
     e( 23 - 23) =      8.56358  eV     1   --> A              
     e( 24 - 24) =      8.78829  eV     1   --> A              
     e( 25 - 25) =      9.00051  eV     1   --> A              
     e( 26 - 26) =      9.12059  eV     1   --> A              

 **************************************************************************

 **************************************************************************

                    xk=(   0.35556,   0.53886,   0.00000  )

     Band symmetry, C_1 (1)     point group:

     e(  1 -  1) =    -49.22420  eV     1   --> A              
     e(  2 -  2) =    -27.41329  eV     1   --> A              
     e(  3 -  3) =    -27.38180  eV     1   --> A              
     e(  4 -  4) =    -27.32609  eV     1   --> A              
     e(  5 -  5) =    -16.47861  eV     1   --> A              
     e(  6 -  6) =    -16.01940  eV     1   --> A              
     e(  7 -  7) =     -6.08415  eV     1   --> A              
     e(  8 -  8) =     -5.91383  eV     1   --> A              
     e(  9 -  9) =     -5.34776  eV     1   --> A              
     e( 10 - 10) =     -5.25201  eV     1   --> A              
     e( 11 - 11) =     -4.93882  eV     1   --> A              
     e( 12 - 12) =     -4.42465  eV     1   --> A              
     e( 13 - 13) =      0.36571  eV     1   --> A              
     e( 14 - 14) =      2.37378  eV     1   --> A              
     e( 15 - 15) =      2.62000  eV     1   --> A              
     e( 16 - 16) =      3.11795  eV     1   --> A              
     e( 17 - 17) =      3.79475  eV     1   --> A              
     e( 18 - 18) =      5.82177  eV     1   --> A              
     e( 19 - 19) =      6.48751  eV     1   --> A              
     e( 20 - 20) =      7.58125  eV     1   --> A              
     e( 21 - 21) =      8.06196  eV     1   --> A              
     e( 22 - 22) =      8.13505  eV     1   --> A              
     e( 23 - 23) =      8.61083  eV     1   --> A              
     e( 24 - 24) =      8.85967  eV     1   --> A              
     e( 25 - 25) =      9.08071  eV     1   --> A              
     e( 26 - 26) =      9.13511  eV     1   --> A              

 **************************************************************************

 **************************************************************************

                    xk=(   0.35000,   0.54848,   0.00000  )

     Band symmetry, C_1 (1)     point group:

     e(  1 -  1) =    -49.22410  eV     1   --> A              
     e(  2 -  2) =    -27.40983  eV     1   --> A              
     e(  3 -  3) =    -27.38150  eV     1   --> A              
     e(  4 -  4) =    -27.33097  eV     1   --> A              
     e(  5 -  5) =    -16.47741  eV     1   --> A              
     e(  6 -  6) =    -16.01721  eV     1   --> A              
     e(  7 -  7) =     -6.08398  eV     1   --> A              
     e(  8 -  8) =     -5.88780  eV     1   --> A              
     e(  9 -  9) =     -5.34923  eV     1   --> A              
     e( 10 - 10) =     -5.28179  eV     1   --> A              
     e( 11 - 11) =     -4.95220  eV     1   --> A              
     e( 12 - 12) =     -4.42869  eV     1   --> A              
     e( 13 - 13) =      0.38956  eV     1   --> A              
     e( 14 - 14) =      2.36765  eV     1   --> A              
     e( 15 - 15) =      2.61147  eV     1   --> A              
     e( 16 - 16) =      3.10074  eV     1   --> A              
     e( 17 - 17) =      3.81401  eV     1   --> A              
     e( 18 - 18) =      5.84804  eV     1   --> A              
     e( 19 - 19) =      6.44925  eV     1   --> A              
     e( 20 - 20) =      7.59980  eV     1   --> A              
     e( 21 - 21) =      8.16050  eV     1   --> A              
     e( 22 - 22) =      8.17869  eV     1   --> A              
     e( 23 - 23) =      8.65304  eV     1   --> A              
     e( 24 - 24) =      8.92271  eV     1   --> A              
     e( 25 - 25) =      9.07323  eV     1   --> A              
     e( 26 - 26) =      9.16826  eV     1   --> A              

 **************************************************************************

 **************************************************************************

                    xk=(   0.34444,   0.55811,   0.00000  )

     Band symmetry, C_1 (1)     point group:

     e(  1 -  1) =    -49.22403  eV     1   --> A              
     e(  2 -  2) =    -27.40714  eV     1   --> A              
     e(  3 -  3) =    -27.38127  eV     1   --> A              
     e(  4 -  4) =    -27.33470  eV     1   --> A              
     e(  5 -  5) =    -16.47652  eV     1   --> A              
     e(  6 -  6) =    -16.01559  eV     1   --> A              
     e(  7 -  7) =     -6.08447  eV     1   --> A              
     e(  8 -  8) =     -5.86693  eV     1   --> A              
     e(  9 -  9) =     -5.35352  eV     1   --> A              
     e( 10 - 10) =     -5.30253  eV     1   --> A              
     e( 11 - 11) =     -4.96086  eV     1   --> A              
     e( 12 - 12) =     -4.43170  eV     1   --> A              
     e( 13 - 13) =      0.40683  eV     1   --> A              
     e( 14 - 14) =      2.36473  eV     1   --> A              
     e( 15 - 15) =      2.60534  eV     1   --> A              
     e( 16 - 16) =      3.08707  eV     1   --> A              
     e( 17 - 17) =      3.82778  eV     1   --> A              
     e( 18 - 18) =      5.86811  eV     1   --> A              
     e( 19 - 19) =      6.42018  eV     1   --> A              
     e( 20 - 20) =      7.61456  eV     1   --> A              
     e( 21 - 21) =      8.21106  eV     1   --> A              
     e( 22 - 22) =      8.25224  eV     1   --> A              
     e( 23 - 23) =      8.68798  eV     1   --> A              
     e( 24 - 24) =      8.96549  eV     1   --> A              
     e( 25 - 25) =      8.99267  eV     1   --> A              
     e( 26 - 26) =      9.25217  eV     1   --> A              

 **************************************************************************

 **************************************************************************

                    xk=(   0.33889,   0.56773,   0.00000  )

     Band symmetry, C_1 (1)     point group:

     e(  1 -  1) =    -49.22399  eV     1   --> A              
     e(  2 -  2) =    -27.40543  eV     1   --> A              
     e(  3 -  3) =    -27.38114  eV     1   --> A              
     e(  4 -  4) =    -27.33705  eV     1   --> A              
     e(  5 -  5) =    -16.47597  eV     1   --> A              
     e(  6 -  6) =    -16.01457  eV     1   --> A              
     e(  7 -  7) =     -6.08504  eV     1   --> A              
     e(  8 -  8) =     -5.85347  eV     1   --> A              
     e(  9 -  9) =     -5.35934  eV     1   --> A              
     e( 10 - 10) =     -5.31284  eV     1   --> A              
     e( 11 - 11) =     -4.96567  eV     1   --> A              
     e( 12 - 12) =     -4.43358  eV     1   --> A              
     e( 13 - 13) =      0.41721  eV     1   --> A              
     e( 14 - 14) =      2.36402  eV     1   --> A              
     e( 15 - 15) =      2.60165  eV     1   --> A              
     e( 16 - 16) =      3.07802  eV     1   --> A              
     e( 17 - 17) =      3.83602  eV     1   --> A              
     e( 18 - 18) =      5.88053  eV     1   --> A              
     e( 19 - 19) =      6.40220  eV     1   --> A              
     e( 20 - 20) =      7.62438  eV     1   --> A              
     e( 21 - 21) =      8.23264  eV     1   --> A              
     e( 22 - 22) =      8.32429  eV     1   --> A              
     e( 23 - 23) =      8.70962  eV     1   --> A              
     e( 24 - 24) =      8.90337  eV     1   --> A              
     e( 25 - 25) =      9.01073  eV     1   --> A              
     e( 26 - 26) =      9.33726  eV     1   --> A              

 **************************************************************************

 **************************************************************************

                    xk=(   0.33333,   0.57735,   0.00000  )

     point group C_3 (3)    
     there are  3 classes
     the character table:

       E     C3    C3^2 
A      1.00  1.00  1.00
E      1.00 -0.50 -0.50
E*     1.00 -0.50 -0.50
     imaginary part
A      0.00  0.00  0.00
E      0.00  0.87 -0.87
E*     0.00 -0.87  0.87

     the symmetry operations in each class and the name of the first element:

     E        1
                                                                 
     C3       2
                                                                 
     C3^2     3
                                                                 

     Band symmetry, C_3 (3)     point group:

     e(  1 -  1) =    -49.22397  eV     1   --> A              
     e(  2 -  2) =    -27.40485  eV     1   --> E*             
     e(  3 -  3) =    -27.38109  eV     1   --> A              
     e(  4 -  4) =    -27.33785  eV     1   --> E              
     e(  5 -  5) =    -16.47578  eV     1   --> E*             
     e(  6 -  6) =    -16.01423  eV     1   --> E*             
     e(  7 -  7) =     -6.08530  eV     1   --> E              
     e(  8 -  8) =     -5.84888  eV     1   --> A              
     e(  9 -  9) =     -5.36209  eV     1   --> E              
     e( 10 - 10) =     -5.31562  eV     1   --> E*             
     e( 11 - 11) =     -4.96719  eV     1   --> A              
     e( 12 - 12) =     -4.43423  eV     1   --> E*             
     e( 13 - 13) =      0.42065  eV     1   --> E              
     e( 14 - 14) =      2.36414  eV     1   --> A              
     e( 15 - 15) =      2.60042  eV     1   --> E              
     e( 16 - 16) =      3.07475  eV     1   --> E*             
     e( 17 - 17) =      3.83874  eV     1   --> E*             
     e( 18 - 18) =      5.88462  eV     1   --> A              
     e( 19 - 19) =      6.39623  eV     1   --> E              
     e( 20 - 20) =      7.62796  eV     1   --> A              
     e( 21 - 21) =      8.24023  eV     1   --> E              
     e( 22 - 22) =      8.35530  eV     1   --> E*             
     e( 23 - 23) =      8.71239  eV     1   --> A              
     e( 24 - 24) =      8.87438  eV     1   --> E              
     e( 25 - 25) =      9.02181  eV     1   --> E*             
     e( 26 - 26) =      9.41233  eV     1   -->   ?

 **************************************************************************

 **************************************************************************

                    xk=(   0.32222,   0.55811,   0.00000  )

     point group C_1 (1)    
     there are  1 classes
     the character table:

       E    
A      1.00

     the symmetry operations in each class and the name of the first element:

     E        1
                                                                 

     Band symmetry, C_1 (1)     point group:

     e(  1 -  1) =    -49.22404  eV     1   --> A              
     e(  2 -  2) =    -27.40689  eV     1   --> A              
     e(  3 -  3) =    -27.38129  eV     1   --> A              
     e(  4 -  4) =    -27.33487  eV     1   --> A              
     e(  5 -  5) =    -16.47658  eV     1   --> A              
     e(  6 -  6) =    -16.01570  eV     1   --> A              
     e(  7 -  7) =     -6.08390  eV     1   --> A              
     e(  8 -  8) =     -5.86504  eV     1   --> A              
     e(  9 -  9) =     -5.35408  eV     1   --> A              
     e( 10 - 10) =     -5.30366  eV     1   --> A              
     e( 11 - 11) =     -4.96144  eV     1   --> A              
     e( 12 - 12) =     -4.43145  eV     1   --> A              
     e( 13 - 13) =      0.40752  eV     1   --> A              
     e( 14 - 14) =      2.36034  eV     1   --> A              
     e( 15 - 15) =      2.60523  eV     1   --> A              
     e( 16 - 16) =      3.08984  eV     1   --> A              
     e( 17 - 17) =      3.82818  eV     1   --> A              
     e( 18 - 18) =      5.87113  eV     1   --> A              
     e( 19 - 19) =      6.41707  eV     1   --> A              
     e( 20 - 20) =      7.61071  eV     1   --> A              
     e( 21 - 21) =      8.19215  eV     1   --> A              
     e( 22 - 22) =      8.24755  eV     1   --> A              
     e( 23 - 23) =      8.75314  eV     1   --> A              
     e( 24 - 24) =      8.93321  eV     1   --> A              
     e( 25 - 25) =      8.98991  eV     1   --> A              
     e( 26 - 26) =      9.14070  eV     1   --> A              

 **************************************************************************

 **************************************************************************

                    xk=(   0.31111,   0.53886,   0.00000  )

     Band symmetry, C_1 (1)     point group:

     e(  1 -  1) =    -49.22424  eV     1   --> A              
     e(  2 -  2) =    -27.41163  eV     1   --> A              
     e(  3 -  3) =    -27.38192  eV     1   --> A              
     e(  4 -  4) =    -27.32723  eV     1   --> A              
     e(  5 -  5) =    -16.47908  eV     1   --> A              
     e(  6 -  6) =    -16.02034  eV     1   --> A              
     e(  7 -  7) =     -6.07943  eV     1   --> A              
     e(  8 -  8) =     -5.90140  eV     1   --> A              
     e(  9 -  9) =     -5.34968  eV     1   --> A              
     e( 10 - 10) =     -5.26078  eV     1   --> A              
     e( 11 - 11) =     -4.94368  eV     1   --> A              
     e( 12 - 12) =     -4.42270  eV     1   --> A              
     e( 13 - 13) =      0.37087  eV     1   --> A              
     e( 14 - 14) =      2.34204  eV     1   --> A              
     e( 15 - 15) =      2.61857  eV     1   --> A              
     e( 16 - 16) =      3.13766  eV     1   --> A              
     e( 17 - 17) =      3.79780  eV     1   --> A              
     e( 18 - 18) =      5.84176  eV     1   --> A              
     e( 19 - 19) =      6.46671  eV     1   --> A              
     e( 20 - 20) =      7.55179  eV     1   --> A              
     e( 21 - 21) =      7.95951  eV     1   --> A              
     e( 22 - 22) =      8.15899  eV     1   --> A              
     e( 23 - 23) =      8.73815  eV     1   --> A              
     e( 24 - 24) =      8.84616  eV     1   --> A              
     e( 25 - 25) =      8.93905  eV     1   --> A              
     e( 26 - 26) =      9.13706  eV     1   --> A              

 **************************************************************************

 **************************************************************************

                    xk=(   0.30000,   0.51962,   0.00000  )

     Band symmetry, C_1 (1)     point group:

     e(  1 -  1) =    -49.22461  eV     1   --> A              
     e(  2 -  2) =    -27.41699  eV     1   --> A              
     e(  3 -  3) =    -27.38303  eV     1   --> A              
     e(  4 -  4) =    -27.31686  eV     1   --> A              
     e(  5 -  5) =    -16.48343  eV     1   --> A              
     e(  6 -  6) =    -16.02839  eV     1   --> A              
     e(  7 -  7) =     -6.07362  eV     1   --> A              
     e(  8 -  8) =     -5.93823  eV     1   --> A              
     e(  9 -  9) =     -5.35458  eV     1   --> A              
     e( 10 - 10) =     -5.20206  eV     1   --> A              
     e( 11 - 11) =     -4.91093  eV     1   --> A              
     e( 12 - 12) =     -4.40753  eV     1   --> A              
     e( 13 - 13) =      0.31595  eV     1   --> A              
     e( 14 - 14) =      2.30487  eV     1   --> A              
     e( 15 - 15) =      2.63785  eV     1   --> A              
     e( 16 - 16) =      3.21478  eV     1   --> A              
     e( 17 - 17) =      3.75009  eV     1   --> A              
     e( 18 - 18) =      5.81086  eV     1   --> A              
     e( 19 - 19) =      6.52461  eV     1   --> A              
     e( 20 - 20) =      7.44437  eV     1   --> A              
     e( 21 - 21) =      7.69332  eV     1   --> A              
     e( 22 - 22) =      8.06777  eV     1   --> A              
     e( 23 - 23) =      8.45840  eV     1   --> A              
     e( 24 - 24) =      8.79440  eV     1   --> A              
     e( 25 - 25) =      8.93794  eV     1   --> A              
     e( 26 - 26) =      9.31931  eV     1   --> A              

 **************************************************************************

 **************************************************************************

                    xk=(   0.28889,   0.50037,   0.00000  )

     Band symmetry, C_1 (1)     point group:

     e(  1 -  1) =    -49.22513  eV     1   --> A              
     e(  2 -  2) =    -27.42158  eV     1   --> A              
     e(  3 -  3) =    -27.38464  eV     1   --> A              
     e(  4 -  4) =    -27.30503  eV     1   --> A              
     e(  5 -  5) =    -16.48978  eV     1   --> A              
     e(  6 -  6) =    -16.04001  eV     1   --> A              
     e(  7 -  7) =     -6.07279  eV     1   --> A              
     e(  8 -  8) =     -5.95750  eV     1   --> A              
     e(  9 -  9) =     -5.36498  eV     1   --> A              
     e( 10 - 10) =     -5.14727  eV     1   --> A              
     e( 11 - 11) =     -4.85897  eV     1   --> A              
     e( 12 - 12) =     -4.38566  eV     1   --> A              
     e( 13 - 13) =      0.24851  eV     1   --> A              
     e( 14 - 14) =      2.25090  eV     1   --> A              
     e( 15 - 15) =      2.66069  eV     1   --> A              
     e( 16 - 16) =      3.30932  eV     1   --> A              
     e( 17 - 17) =      3.68797  eV     1   --> A              
     e( 18 - 18) =      5.78594  eV     1   --> A              
     e( 19 - 19) =      6.56732  eV     1   --> A              
     e( 20 - 20) =      7.29096  eV     1   --> A              
     e( 21 - 21) =      7.45093  eV     1   --> A              
     e( 22 - 22) =      7.97378  eV     1   --> A              
     e( 23 - 23) =      8.16510  eV     1   --> A              
     e( 24 - 24) =      8.70517  eV     1   --> A              
     e( 25 - 25) =      8.95089  eV     1   --> A              
     e( 26 - 26) =      9.47958  eV     1   --> A              

 **************************************************************************

 **************************************************************************

                    xk=(   0.27778,   0.48113,   0.00000  )

     Band symmetry, C_1 (1)     point group:

     e(  1 -  1) =    -49.22583  eV     1   --> A              
     e(  2 -  2) =    -27.42460  eV     1   --> A              
     e(  3 -  3) =    -27.38677  eV     1   --> A              
     e(  4 -  4) =    -27.29243  eV     1   --> A              
     e(  5 -  5) =    -16.49825  eV     1   --> A              
     e(  6 -  6) =    -16.05525  eV     1   --> A              
     e(  7 -  7) =     -6.08156  eV     1   --> A              
     e(  8 -  8) =     -5.94814  eV     1   --> A              
     e(  9 -  9) =     -5.37986  eV     1   --> A              
     e( 10 - 10) =     -5.10459  eV     1   --> A              
     e( 11 - 11) =     -4.78751  eV     1   --> A              
     e( 12 - 12) =     -4.35683  eV     1   --> A              
     e( 13 - 13) =      0.17387  eV     1   --> A              
     e( 14 - 14) =      2.18445  eV     1   --> A              
     e( 15 - 15) =      2.68532  eV     1   --> A              
     e( 16 - 16) =      3.40567  eV     1   --> A              
     e( 17 - 17) =      3.61465  eV     1   --> A              
     e( 18 - 18) =      5.76922  eV     1   --> A              
     e( 19 - 19) =      6.55524  eV     1   --> A              
     e( 20 - 20) =      7.11165  eV     1   --> A              
     e( 21 - 21) =      7.26560  eV     1   --> A              
     e( 22 - 22) =      7.86349  eV     1   --> A              
     e( 23 - 23) =      7.91281  eV     1   --> A              
     e( 24 - 24) =      8.57491  eV     1   --> A              
     e( 25 - 25) =      8.95013  eV     1   --> A              
     e( 26 - 26) =      9.32122  eV     1   --> A              

 **************************************************************************

 **************************************************************************

                    xk=(   0.26667,   0.46188,   0.00000  )

     Band symmetry, C_1 (1)     point group:

     e(  1 -  1) =    -49.22671  eV     1   --> A              
     e(  2 -  2) =    -27.42564  eV     1   --> A              
     e(  3 -  3) =    -27.38944  eV     1   --> A              
     e(  4 -  4) =    -27.27950  eV     1   --> A              
     e(  5 -  5) =    -16.50896  eV     1   --> A              
     e(  6 -  6) =    -16.07406  eV     1   --> A              
     e(  7 -  7) =     -6.09151  eV     1   --> A              
     e(  8 -  8) =     -5.91506  eV     1   --> A              
     e(  9 -  9) =     -5.39906  eV     1   --> A              
     e( 10 - 10) =     -5.07265  eV     1   --> A              
     e( 11 - 11) =     -4.70271  eV     1   --> A              
     e( 12 - 12) =     -4.32056  eV     1   --> A              
     e( 13 - 13) =      0.09667  eV     1   --> A              
     e( 14 - 14) =      2.10970  eV     1   --> A              
     e( 15 - 15) =      2.70997  eV     1   --> A              
     e( 16 - 16) =      3.48713  eV     1   --> A              
     e( 17 - 17) =      3.53464  eV     1   --> A              
     e( 18 - 18) =      5.75969  eV     1   --> A              
     e( 19 - 19) =      6.44447  eV     1   --> A              
     e( 20 - 20) =      6.92368  eV     1   --> A              
     e( 21 - 21) =      7.16395  eV     1   --> A              
     e( 22 - 22) =      7.64410  eV     1   --> A              
     e( 23 - 23) =      7.81928  eV     1   --> A              
     e( 24 - 24) =      8.41231  eV     1   --> A              
     e( 25 - 25) =      8.93235  eV     1   --> A              
     e( 26 - 26) =      9.11540  eV     1   --> A              

 **************************************************************************

 **************************************************************************

                    xk=(   0.25556,   0.44264,   0.00000  )

     Band symmetry, C_1 (1)     point group:

     e(  1 -  1) =    -49.22775  eV     1   --> A              
     e(  2 -  2) =    -27.42444  eV     1   --> A              
     e(  3 -  3) =    -27.39264  eV     1   --> A              
     e(  4 -  4) =    -27.26643  eV     1   --> A              
     e(  5 -  5) =    -16.52201  eV     1   --> A              
     e(  6 -  6) =    -16.09626  eV     1   --> A              
     e(  7 -  7) =     -6.09336  eV     1   --> A              
     e(  8 -  8) =     -5.86567  eV     1   --> A              
     e(  9 -  9) =     -5.42263  eV     1   --> A              
     e( 10 - 10) =     -5.04670  eV     1   --> A              
     e( 11 - 11) =     -4.61321  eV     1   --> A              
     e( 12 - 12) =     -4.27579  eV     1   --> A              
     e( 13 - 13) =      0.02069  eV     1   --> A              
     e( 14 - 14) =      2.03010  eV     1   --> A              
     e( 15 - 15) =      2.73252  eV     1   --> A              
     e( 16 - 16) =      3.44462  eV     1   --> A              
     e( 17 - 17) =      3.54699  eV     1   --> A              
     e( 18 - 18) =      5.75431  eV     1   --> A              
     e( 19 - 19) =      6.25624  eV     1   --> A              
     e( 20 - 20) =      6.72302  eV     1   --> A              
     e( 21 - 21) =      7.08095  eV     1   --> A              
     e( 22 - 22) =      7.50964  eV     1   --> A              
     e( 23 - 23) =      7.75298  eV     1   --> A              
     e( 24 - 24) =      8.23740  eV     1   --> A              
     e( 25 - 25) =      8.84472  eV     1   --> A              
     e( 26 - 26) =      8.98908  eV     1   --> A              

 **************************************************************************

 **************************************************************************

                    xk=(   0.24444,   0.42339,   0.00000  )

     Band symmetry, C_1 (1)     point group:

     e(  1 -  1) =    -49.22898  eV     1   --> A              
     e(  2 -  2) =    -27.42086  eV     1   --> A              
     e(  3 -  3) =    -27.39634  eV     1   --> A              
     e(  4 -  4) =    -27.25343  eV     1   --> A              
     e(  5 -  5) =    -16.53750  eV     1   --> A              
     e(  6 -  6) =    -16.12155  eV     1   --> A              
     e(  7 -  7) =     -6.08304  eV     1   --> A              
     e(  8 -  8) =     -5.80322  eV     1   --> A              
     e(  9 -  9) =     -5.45070  eV     1   --> A              
     e( 10 - 10) =     -5.02270  eV     1   --> A              
     e( 11 - 11) =     -4.52686  eV     1   --> A              
     e( 12 - 12) =     -4.22077  eV     1   --> A              
     e( 13 - 13) =     -0.05096  eV     1   --> A              
     e( 14 - 14) =      1.94840  eV     1   --> A              
     e( 15 - 15) =      2.75031  eV     1   --> A              
     e( 16 - 16) =      3.35653  eV     1   --> A              
     e( 17 - 17) =      3.56689  eV     1   --> A              
     e( 18 - 18) =      5.74698  eV     1   --> A              
     e( 19 - 19) =      6.04448  eV     1   --> A              
     e( 20 - 20) =      6.51672  eV     1   --> A              
     e( 21 - 21) =      6.91607  eV     1   --> A              
     e( 22 - 22) =      7.51140  eV     1   --> A              
     e( 23 - 23) =      7.70282  eV     1   --> A              
     e( 24 - 24) =      8.07251  eV     1   --> A              
     e( 25 - 25) =      8.68397  eV     1   --> A              
     e( 26 - 26) =      8.96121  eV     1   --> A              

 **************************************************************************

 **************************************************************************

                    xk=(   0.23333,   0.40415,   0.00000  )

     Band symmetry, C_1 (1)     point group:

     e(  1 -  1) =    -49.23036  eV     1   --> A              
     e(  2 -  2) =    -27.41498  eV     1   --> A              
     e(  3 -  3) =    -27.40043  eV     1   --> A              
     e(  4 -  4) =    -27.24064  eV     1   --> A              
     e(  5 -  5) =    -16.55555  eV     1   --> A              
     e(  6 -  6) =    -16.14952  eV     1   --> A              
     e(  7 -  7) =     -6.05918  eV     1   --> A              
     e(  8 -  8) =     -5.72905  eV     1   --> A              
     e(  9 -  9) =     -5.48335  eV     1   --> A              
     e( 10 - 10) =     -4.99796  eV     1   --> A              
     e( 11 - 11) =     -4.44965  eV     1   --> A              
     e( 12 - 12) =     -4.15388  eV     1   --> A              
     e( 13 - 13) =     -0.11586  eV     1   --> A              
     e( 14 - 14) =      1.86689  eV     1   --> A              
     e( 15 - 15) =      2.76006  eV     1   --> A              
     e( 16 - 16) =      3.26972  eV     1   --> A              
     e( 17 - 17) =      3.54596  eV     1   --> A              
     e( 18 - 18) =      5.71301  eV     1   --> A              
     e( 19 - 19) =      5.85582  eV     1   --> A              
     e( 20 - 20) =      6.31164  eV     1   --> A              
     e( 21 - 21) =      6.71174  eV     1   --> A              
     e( 22 - 22) =      7.50969  eV     1   --> A              
     e( 23 - 23) =      7.70183  eV     1   --> A              
     e( 24 - 24) =      7.94413  eV     1   --> A              
     e( 25 - 25) =      8.55512  eV     1   --> A              
     e( 26 - 26) =      8.94945  eV     1   --> A              

 **************************************************************************

 **************************************************************************

                    xk=(   0.22222,   0.38490,   0.00000  )

     Band symmetry, C_1 (1)     point group:

     e(  1 -  1) =    -49.23191  eV     1   --> A              
     e(  2 -  2) =    -27.40824  eV     1   --> A              
     e(  3 -  3) =    -27.40340  eV     1   --> A              
     e(  4 -  4) =    -27.22814  eV     1   --> A              
     e(  5 -  5) =    -16.57623  eV     1   --> A              
     e(  6 -  6) =    -16.17962  eV     1   --> A              
     e(  7 -  7) =     -6.02154  eV     1   --> A              
     e(  8 -  8) =     -5.64409  eV     1   --> A              
     e(  9 -  9) =     -5.52047  eV     1   --> A              
     e( 10 - 10) =     -4.97068  eV     1   --> A              
     e( 11 - 11) =     -4.38444  eV     1   --> A              
     e( 12 - 12) =     -4.07543  eV     1   --> A              
     e( 13 - 13) =     -0.17211  eV     1   --> A              
     e( 14 - 14) =      1.78749  eV     1   --> A              
     e( 15 - 15) =      2.75782  eV     1   --> A              
     e( 16 - 16) =      3.18822  eV     1   --> A              
     e( 17 - 17) =      3.48448  eV     1   --> A              
     e( 18 - 18) =      5.57087  eV     1   --> A              
     e( 19 - 19) =      5.77309  eV     1   --> A              
     e( 20 - 20) =      6.11290  eV     1   --> A              
     e( 21 - 21) =      6.51062  eV     1   --> A              
     e( 22 - 22) =      7.41217  eV     1   --> A              
     e( 23 - 23) =      7.73345  eV     1   --> A              
     e( 24 - 24) =      7.86823  eV     1   --> A              
     e( 25 - 25) =      8.51216  eV     1   --> A              
     e( 26 - 26) =      8.94413  eV     1   --> A              

 **************************************************************************

 **************************************************************************

                    xk=(   0.21111,   0.36566,   0.00000  )

     Band symmetry, C_1 (1)     point group:

     e(  1 -  1) =    -49.23360  eV     1   --> A              
     e(  2 -  2) =    -27.41115  eV     1   --> A              
     e(  3 -  3) =    -27.39486  eV     1   --> A              
     e(  4 -  4) =    -27.21602  eV     1   --> A              
     e(  5 -  5) =    -16.59963  eV     1   --> A              
     e(  6 -  6) =    -16.21128  eV     1   --> A              
     e(  7 -  7) =     -5.97068  eV     1   --> A              
     e(  8 -  8) =     -5.56714  eV     1   --> A              
     e(  9 -  9) =     -5.54376  eV     1   --> A              
     e( 10 - 10) =     -4.93963  eV     1   --> A              
     e( 11 - 11) =     -4.33058  eV     1   --> A              
     e( 12 - 12) =     -3.98849  eV     1   --> A              
     e( 13 - 13) =     -0.21837  eV     1   --> A              
     e( 14 - 14) =      1.71178  eV     1   --> A              
     e( 15 - 15) =      2.73961  eV     1   --> A              
     e( 16 - 16) =      3.11509  eV     1   --> A              
     e( 17 - 17) =      3.38837  eV     1   --> A              
     e( 18 - 18) =      5.38104  eV     1   --> A              
     e( 19 - 19) =      5.72133  eV     1   --> A              
     e( 20 - 20) =      5.92756  eV     1   --> A              
     e( 21 - 21) =      6.33209  eV     1   --> A              
     e( 22 - 22) =      7.26603  eV     1   --> A              
     e( 23 - 23) =      7.72251  eV     1   --> A              
     e( 24 - 24) =      7.82010  eV     1   --> A              
     e( 25 - 25) =      8.56408  eV     1   --> A              
     e( 26 - 26) =      8.96574  eV     1   --> A              

 **************************************************************************

 **************************************************************************

                    xk=(   0.20000,   0.34641,   0.00000  )

     Band symmetry, C_1 (1)     point group:

     e(  1 -  1) =    -49.23542  eV     1   --> A              
     e(  2 -  2) =    -27.41655  eV     1   --> A              
     e(  3 -  3) =    -27.38200  eV     1   --> A              
     e(  4 -  4) =    -27.20434  eV     1   --> A              
     e(  5 -  5) =    -16.62579  eV     1   --> A              
     e(  6 -  6) =    -16.24381  eV     1   --> A              
     e(  7 -  7) =     -5.90791  eV     1   --> A              
     e(  8 -  8) =     -5.60922  eV     1   --> A              
     e(  9 -  9) =     -5.44226  eV     1   --> A              
     e( 10 - 10) =     -4.90393  eV     1   --> A              
     e( 11 - 11) =     -4.28562  eV     1   --> A              
     e( 12 - 12) =     -3.89737  eV     1   --> A              
     e( 13 - 13) =     -0.25374  eV     1   --> A              
     e( 14 - 14) =      1.64110  eV     1   --> A              
     e( 15 - 15) =      2.70334  eV     1   --> A              
     e( 16 - 16) =      3.04943  eV     1   --> A              
     e( 17 - 17) =      3.26889  eV     1   --> A              
     e( 18 - 18) =      5.19233  eV     1   --> A              
     e( 19 - 19) =      5.62341  eV     1   --> A              
     e( 20 - 20) =      5.76733  eV     1   --> A              
     e( 21 - 21) =      6.19139  eV     1   --> A              
     e( 22 - 22) =      7.10346  eV     1   --> A              
     e( 23 - 23) =      7.64871  eV     1   --> A              
     e( 24 - 24) =      7.81322  eV     1   --> A              
     e( 25 - 25) =      8.60093  eV     1   --> A              
     e( 26 - 26) =      9.05867  eV     1   --> A              

 **************************************************************************

 **************************************************************************

                    xk=(   0.18889,   0.32717,   0.00000  )

     Band symmetry, C_1 (1)     point group:

     e(  1 -  1) =    -49.23735  eV     1   --> A              
     e(  2 -  2) =    -27.42241  eV     1   --> A              
     e(  3 -  3) =    -27.36695  eV     1   --> A              
     e(  4 -  4) =    -27.19316  eV     1   --> A              
     e(  5 -  5) =    -16.65470  eV     1   --> A              
     e(  6 -  6) =    -16.27654  eV     1   --> A              
     e(  7 -  7) =     -5.83686  eV     1   --> A              
     e(  8 -  8) =     -5.65552  eV     1   --> A              
     e(  9 -  9) =     -5.32899  eV     1   --> A              
     e( 10 - 10) =     -4.86286  eV     1   --> A              
     e( 11 - 11) =     -4.24711  eV     1   --> A              
     e( 12 - 12) =     -3.80583  eV     1   --> A              
     e( 13 - 13) =     -0.27781  eV     1   --> A              
     e( 14 - 14) =      1.57656  eV     1   --> A              
     e( 15 - 15) =      2.65109  eV     1   --> A              
     e( 16 - 16) =      2.97889  eV     1   --> A              
     e( 17 - 17) =      3.14583  eV     1   --> A              
     e( 18 - 18) =      5.00921  eV     1   --> A              
     e( 19 - 19) =      5.47385  eV     1   --> A              
     e( 20 - 20) =      5.62227  eV     1   --> A              
     e( 21 - 21) =      6.09263  eV     1   --> A              
     e( 22 - 22) =      6.93800  eV     1   --> A              
     e( 23 - 23) =      7.55043  eV     1   --> A              
     e( 24 - 24) =      7.83843  eV     1   --> A              
     e( 25 - 25) =      8.54527  eV     1   --> A              
     e( 26 - 26) =      8.93743  eV     1   --> A              

 **************************************************************************

 **************************************************************************

                    xk=(   0.17778,   0.30792,   0.00000  )

     Band symmetry, C_1 (1)     point group:

     e(  1 -  1) =    -49.23936  eV     1   --> A              
     e(  2 -  2) =    -27.42859  eV     1   --> A              
     e(  3 -  3) =    -27.35003  eV     1   --> A              
     e(  4 -  4) =    -27.18252  eV     1   --> A              
     e(  5 -  5) =    -16.68623  eV     1   --> A              
     e(  6 -  6) =    -16.30885  eV     1   --> A              
     e(  7 -  7) =     -5.77957  eV     1   --> A              
     e(  8 -  8) =     -5.68155  eV     1   --> A              
     e(  9 -  9) =     -5.20876  eV     1   --> A              
     e( 10 - 10) =     -4.81575  eV     1   --> A              
     e( 11 - 11) =     -4.21321  eV     1   --> A              
     e( 12 - 12) =     -3.71658  eV     1   --> A              
     e( 13 - 13) =     -0.29066  eV     1   --> A              
     e( 14 - 14) =      1.51904  eV     1   --> A              
     e( 15 - 15) =      2.58830  eV     1   --> A              
     e( 16 - 16) =      2.87526  eV     1   --> A              
     e( 17 - 17) =      3.05130  eV     1   --> A              
     e( 18 - 18) =      4.83137  eV     1   --> A              
     e( 19 - 19) =      5.30783  eV     1   --> A              
     e( 20 - 20) =      5.46745  eV     1   --> A              
     e( 21 - 21) =      6.01722  eV     1   --> A              
     e( 22 - 22) =      6.77525  eV     1   --> A              
     e( 23 - 23) =      7.46271  eV     1   --> A              
     e( 24 - 24) =      7.87567  eV     1   --> A              
     e( 25 - 25) =      8.42991  eV     1   --> A              
     e( 26 - 26) =      8.80264  eV     1   --> A              

 **************************************************************************

 **************************************************************************

                    xk=(   0.16667,   0.28868,   0.00000  )

     Band symmetry, C_1 (1)     point group:

     e(  1 -  1) =    -49.24145  eV     1   --> A              
     e(  2 -  2) =    -27.43498  eV     1   --> A              
     e(  3 -  3) =    -27.33155  eV     1   --> A              
     e(  4 -  4) =    -27.17247  eV     1   --> A              
     e(  5 -  5) =    -16.72016  eV     1   --> A              
     e(  6 -  6) =    -16.34018  eV     1   --> A              
     e(  7 -  7) =     -5.80143  eV     1   --> A              
     e(  8 -  8) =     -5.62267  eV     1   --> A              
     e(  9 -  9) =     -5.08420  eV     1   --> A              
     e( 10 - 10) =     -4.76160  eV     1   --> A              
     e( 11 - 11) =     -4.18234  eV     1   --> A              
     e( 12 - 12) =     -3.63137  eV     1   --> A              
     e( 13 - 13) =     -0.29287  eV     1   --> A              
     e( 14 - 14) =      1.46925  eV     1   --> A              
     e( 15 - 15) =      2.52047  eV     1   --> A              
     e( 16 - 16) =      2.73649  eV     1   --> A              
     e( 17 - 17) =      2.99016  eV     1   --> A              
     e( 18 - 18) =      4.65794  eV     1   --> A              
     e( 19 - 19) =      5.14245  eV     1   --> A              
     e( 20 - 20) =      5.30349  eV     1   --> A              
     e( 21 - 21) =      5.94053  eV     1   --> A              
     e( 22 - 22) =      6.61763  eV     1   --> A              
     e( 23 - 23) =      7.39978  eV     1   --> A              
     e( 24 - 24) =      7.90870  eV     1   --> A              
     e( 25 - 25) =      8.28988  eV     1   --> A              
     e( 26 - 26) =      8.66839  eV     1   --> A              

 **************************************************************************

 **************************************************************************

                    xk=(   0.15556,   0.26943,   0.00000  )

     Band symmetry, C_1 (1)     point group:

     e(  1 -  1) =    -49.24357  eV     1   --> A              
     e(  2 -  2) =    -27.44149  eV     1   --> A              
     e(  3 -  3) =    -27.31177  eV     1   --> A              
     e(  4 -  4) =    -27.16302  eV     1   --> A              
     e(  5 -  5) =    -16.75611  eV     1   --> A              
     e(  6 -  6) =    -16.37010  eV     1   --> A              
     e(  7 -  7) =     -5.85749  eV     1   --> A              
     e(  8 -  8) =     -5.52468  eV     1   --> A              
     e(  9 -  9) =     -4.95950  eV     1   --> A              
     e( 10 - 10) =     -4.69853  eV     1   --> A              
     e( 11 - 11) =     -4.15287  eV     1   --> A              
     e( 12 - 12) =     -3.55125  eV     1   --> A              
     e( 13 - 13) =     -0.28551  eV     1   --> A              
     e( 14 - 14) =      1.42779  eV     1   --> A              
     e( 15 - 15) =      2.45057  eV     1   --> A              
     e( 16 - 16) =      2.58909  eV     1   --> A              
     e( 17 - 17) =      2.94012  eV     1   --> A              
     e( 18 - 18) =      4.48801  eV     1   --> A              
     e( 19 - 19) =      4.98245  eV     1   --> A              
     e( 20 - 20) =      5.13699  eV     1   --> A              
     e( 21 - 21) =      5.84830  eV     1   --> A              
     e( 22 - 22) =      6.46623  eV     1   --> A              
     e( 23 - 23) =      7.36608  eV     1   --> A              
     e( 24 - 24) =      7.90893  eV     1   --> A              
     e( 25 - 25) =      8.14721  eV     1   --> A              
     e( 26 - 26) =      8.55684  eV     1   --> A              

 **************************************************************************

 **************************************************************************

                    xk=(   0.14444,   0.25019,   0.00000  )

     Band symmetry, C_1 (1)     point group:

     e(  1 -  1) =    -49.24571  eV     1   --> A              
     e(  2 -  2) =    -27.44805  eV     1   --> A              
     e(  3 -  3) =    -27.29105  eV     1   --> A              
     e(  4 -  4) =    -27.15420  eV     1   --> A              
     e(  5 -  5) =    -16.79359  eV     1   --> A              
     e(  6 -  6) =    -16.39829  eV     1   --> A              
     e(  7 -  7) =     -5.92019  eV     1   --> A              
     e(  8 -  8) =     -5.41609  eV     1   --> A              
     e(  9 -  9) =     -4.84143  eV     1   --> A              
     e( 10 - 10) =     -4.62327  eV     1   --> A              
     e( 11 - 11) =     -4.12243  eV     1   --> A              
     e( 12 - 12) =     -3.47676  eV     1   --> A              
     e( 13 - 13) =     -0.27016  eV     1   --> A              
     e( 14 - 14) =      1.39518  eV     1   --> A              
     e( 15 - 15) =      2.37330  eV     1   --> A              
     e( 16 - 16) =      2.45529  eV     1   --> A              
     e( 17 - 17) =      2.89034  eV     1   --> A              
     e( 18 - 18) =      4.32059  eV     1   --> A              
     e( 19 - 19) =      4.82916  eV     1   --> A              
     e( 20 - 20) =      4.97228  eV     1   --> A              
     e( 21 - 21) =      5.73715  eV     1   --> A              
     e( 22 - 22) =      6.32155  eV     1   --> A              
     e( 23 - 23) =      7.35689  eV     1   --> A              
     e( 24 - 24) =      7.84193  eV     1   --> A              
     e( 25 - 25) =      8.01019  eV     1   --> A              
     e( 26 - 26) =      8.50864  eV     1   --> A              

 **************************************************************************

 **************************************************************************

                    xk=(   0.13333,   0.23094,   0.00000  )

     Band symmetry, C_1 (1)     point group:

     e(  1 -  1) =    -49.24784  eV     1   --> A              
     e(  2 -  2) =    -27.45458  eV     1   --> A              
     e(  3 -  3) =    -27.26975  eV     1   --> A              
     e(  4 -  4) =    -27.14604  eV     1   --> A              
     e(  5 -  5) =    -16.83198  eV     1   --> A              
     e(  6 -  6) =    -16.42456  eV     1   --> A              
     e(  7 -  7) =     -5.98517  eV     1   --> A              
     e(  8 -  8) =     -5.30230  eV     1   --> A              
     e(  9 -  9) =     -4.73789  eV     1   --> A              
     e( 10 - 10) =     -4.53347  eV     1   --> A              
     e( 11 - 11) =     -4.08702  eV     1   --> A              
     e( 12 - 12) =     -3.40802  eV     1   --> A              
     e( 13 - 13) =     -0.24883  eV     1   --> A              
     e( 14 - 14) =      1.37186  eV     1   --> A              
     e( 15 - 15) =      2.26716  eV     1   --> A              
     e( 16 - 16) =      2.36511  eV     1   --> A              
     e( 17 - 17) =      2.83751  eV     1   --> A              
     e( 18 - 18) =      4.15447  eV     1   --> A              
     e( 19 - 19) =      4.68276  eV     1   --> A              
     e( 20 - 20) =      4.81241  eV     1   --> A              
     e( 21 - 21) =      5.61065  eV     1   --> A              
     e( 22 - 22) =      6.18372  eV     1   --> A              
     e( 23 - 23) =      7.35629  eV     1   --> A              
     e( 24 - 24) =      7.70800  eV     1   --> A              
     e( 25 - 25) =      7.88657  eV     1   --> A              
     e( 26 - 26) =      8.53121  eV     1   --> A              

 **************************************************************************

 **************************************************************************

                    xk=(   0.12222,   0.21170,   0.00000  )

     Band symmetry, C_1 (1)     point group:

     e(  1 -  1) =    -49.24993  eV     1   --> A              
     e(  2 -  2) =    -27.46098  eV     1   --> A              
     e(  3 -  3) =    -27.24823  eV     1   --> A              
     e(  4 -  4) =    -27.13855  eV     1   --> A              
     e(  5 -  5) =    -16.87060  eV     1   --> A              
     e(  6 -  6) =    -16.44881  eV     1   --> A              
     e(  7 -  7) =     -6.05062  eV     1   --> A              
     e(  8 -  8) =     -5.18629  eV     1   --> A              
     e(  9 -  9) =     -4.65145  eV     1   --> A              
     e( 10 - 10) =     -4.43558  eV     1   --> A              
     e( 11 - 11) =     -4.03954  eV     1   --> A              
     e( 12 - 12) =     -3.34489  eV     1   --> A              
     e( 13 - 13) =     -0.22389  eV     1   --> A              
     e( 14 - 14) =      1.35825  eV     1   --> A              
     e( 15 - 15) =      2.14726  eV     1   --> A              
     e( 16 - 16) =      2.30849  eV     1   --> A              
     e( 17 - 17) =      2.78098  eV     1   --> A              
     e( 18 - 18) =      3.98822  eV     1   --> A              
     e( 19 - 19) =      4.54279  eV     1   --> A              
     e( 20 - 20) =      4.66027  eV     1   --> A              
     e( 21 - 21) =      5.47534  eV     1   --> A              
     e( 22 - 22) =      6.05265  eV     1   --> A              
     e( 23 - 23) =      7.33520  eV     1   --> A              
     e( 24 - 24) =      7.52289  eV     1   --> A              
     e( 25 - 25) =      7.81929  eV     1   --> A              
     e( 26 - 26) =      8.58235  eV     1   --> A              

 **************************************************************************

 **************************************************************************

                    xk=(   0.11111,   0.19245,   0.00000  )

     Band symmetry, C_1 (1)     point group:

     e(  1 -  1) =    -49.25195  eV     1   --> A              
     e(  2 -  2) =    -27.46716  eV     1   --> A              
     e(  3 -  3) =    -27.22686  eV     1   --> A              
     e(  4 -  4) =    -27.13171  eV     1   --> A              
     e(  5 -  5) =    -16.90871  eV     1   --> A              
     e(  6 -  6) =    -16.47097  eV     1   --> A              
     e(  7 -  7) =     -6.11520  eV     1   --> A              
     e(  8 -  8) =     -5.07070  eV     1   --> A              
     e(  9 -  9) =     -4.57771  eV     1   --> A              
     e( 10 - 10) =     -4.34662  eV     1   --> A              
     e( 11 - 11) =     -3.96952  eV     1   --> A              
     e( 12 - 12) =     -3.28705  eV     1   --> A              
     e( 13 - 13) =     -0.19785  eV     1   --> A              
     e( 14 - 14) =      1.35469  eV     1   --> A              
     e( 15 - 15) =      2.03551  eV     1   --> A              
     e( 16 - 16) =      2.26670  eV     1   --> A              
     e( 17 - 17) =      2.72132  eV     1   --> A              
     e( 18 - 18) =      3.82046  eV     1   --> A              
     e( 19 - 19) =      4.40865  eV     1   --> A              
     e( 20 - 20) =      4.51896  eV     1   --> A              
     e( 21 - 21) =      5.33804  eV     1   --> A              
     e( 22 - 22) =      5.92803  eV     1   --> A              
     e( 23 - 23) =      7.26123  eV     1   --> A              
     e( 24 - 24) =      7.31996  eV     1   --> A              
     e( 25 - 25) =      7.83219  eV     1   --> A              
     e( 26 - 26) =      8.61442  eV     1   --> A              

 **************************************************************************

 **************************************************************************

                    xk=(   0.10000,   0.17321,   0.00000  )

     Band symmetry, C_1 (1)     point group:

     e(  1 -  1) =    -49.25388  eV     1   --> A              
     e(  2 -  2) =    -27.47305  eV     1   --> A              
     e(  3 -  3) =    -27.20604  eV     1   --> A              
     e(  4 -  4) =    -27.12554  eV     1   --> A              
     e(  5 -  5) =    -16.94561  eV     1   --> A              
     e(  6 -  6) =    -16.49105  eV     1   --> A              
     e(  7 -  7) =     -6.17771  eV     1   --> A              
     e(  8 -  8) =     -4.95824  eV     1   --> A              
     e(  9 -  9) =     -4.51183  eV     1   --> A              
     e( 10 - 10) =     -4.28086  eV     1   --> A              
     e( 11 - 11) =     -3.87003  eV     1   --> A              
     e( 12 - 12) =     -3.23414  eV     1   --> A              
     e( 13 - 13) =     -0.17313  eV     1   --> A              
     e( 14 - 14) =      1.36128  eV     1   --> A              
     e( 15 - 15) =      1.93706  eV     1   --> A              
     e( 16 - 16) =      2.23633  eV     1   --> A              
     e( 17 - 17) =      2.65973  eV     1   --> A              
     e( 18 - 18) =      3.65036  eV     1   --> A              
     e( 19 - 19) =      4.28050  eV     1   --> A              
     e( 20 - 20) =      4.39088  eV     1   --> A              
     e( 21 - 21) =      5.20450  eV     1   --> A              
     e( 22 - 22) =      5.80931  eV     1   --> A              
     e( 23 - 23) =      7.06671  eV     1   --> A              
     e( 24 - 24) =      7.19821  eV     1   --> A              
     e( 25 - 25) =      7.90729  eV     1   --> A              
     e( 26 - 26) =      8.60699  eV     1   --> A              

 **************************************************************************

 **************************************************************************

                    xk=(   0.08889,   0.15396,   0.00000  )

     Band symmetry, C_1 (1)     point group:

     e(  1 -  1) =    -49.25568  eV     1   --> A              
     e(  2 -  2) =    -27.47856  eV     1   --> A              
     e(  3 -  3) =    -27.18615  eV     1   --> A              
     e(  4 -  4) =    -27.12004  eV     1   --> A              
     e(  5 -  5) =    -16.98060  eV     1   --> A              
     e(  6 -  6) =    -16.50904  eV     1   --> A              
     e(  7 -  7) =     -6.23701  eV     1   --> A              
     e(  8 -  8) =     -4.85175  eV     1   --> A              
     e(  9 -  9) =     -4.45121  eV     1   --> A              
     e( 10 - 10) =     -4.23834  eV     1   --> A              
     e( 11 - 11) =     -3.74631  eV     1   --> A              
     e( 12 - 12) =     -3.18585  eV     1   --> A              
     e( 13 - 13) =     -0.15174  eV     1   --> A              
     e( 14 - 14) =      1.37765  eV     1   --> A              
     e( 15 - 15) =      1.85300  eV     1   --> A              
     e( 16 - 16) =      2.21685  eV     1   --> A              
     e( 17 - 17) =      2.59773  eV     1   --> A              
     e( 18 - 18) =      3.47832  eV     1   --> A              
     e( 19 - 19) =      4.15996  eV     1   --> A              
     e( 20 - 20) =      4.27674  eV     1   --> A              
     e( 21 - 21) =      5.07904  eV     1   --> A              
     e( 22 - 22) =      5.69576  eV     1   --> A              
     e( 23 - 23) =      6.84317  eV     1   --> A              
     e( 24 - 24) =      7.09872  eV     1   --> A              
     e( 25 - 25) =      8.02015  eV     1   --> A              
     e( 26 - 26) =      8.57295  eV     1   --> A              

 **************************************************************************

 **************************************************************************

                    xk=(   0.07778,   0.13472,   0.00000  )

     Band symmetry, C_1 (1)     point group:

     e(  1 -  1) =    -49.25734  eV     1   --> A              
     e(  2 -  2) =    -27.48362  eV     1   --> A              
     e(  3 -  3) =    -27.16756  eV     1   --> A              
     e(  4 -  4) =    -27.11519  eV     1   --> A              
     e(  5 -  5) =    -17.01304  eV     1   --> A              
     e(  6 -  6) =    -16.52494  eV     1   --> A              
     e(  7 -  7) =     -6.29205  eV     1   --> A              
     e(  8 -  8) =     -4.75414  eV     1   --> A              
     e(  9 -  9) =     -4.39467  eV     1   --> A              
     e( 10 - 10) =     -4.21123  eV     1   --> A              
     e( 11 - 11) =     -3.61038  eV     1   --> A              
     e( 12 - 12) =     -3.14205  eV     1   --> A              
     e( 13 - 13) =     -0.13497  eV     1   --> A              
     e( 14 - 14) =      1.40277  eV     1   --> A              
     e( 15 - 15) =      1.78309  eV     1   --> A              
     e( 16 - 16) =      2.20802  eV     1   --> A              
     e( 17 - 17) =      2.53711  eV     1   --> A              
     e( 18 - 18) =      3.30655  eV     1   --> A              
     e( 19 - 19) =      4.04944  eV     1   --> A              
     e( 20 - 20) =      4.17588  eV     1   --> A              
     e( 21 - 21) =      4.96460  eV     1   --> A              
     e( 22 - 22) =      5.58653  eV     1   --> A              
     e( 23 - 23) =      6.62900  eV     1   --> A              
     e( 24 - 24) =      7.00381  eV     1   --> A              
     e( 25 - 25) =      8.15556  eV     1   --> A              
     e( 26 - 26) =      8.52972  eV     1   --> A              

 **************************************************************************

 **************************************************************************

                    xk=(   0.06667,   0.11547,   0.00000  )

     Band symmetry, C_1 (1)     point group:

     e(  1 -  1) =    -49.25882  eV     1   --> A              
     e(  2 -  2) =    -27.48816  eV     1   --> A              
     e(  3 -  3) =    -27.15063  eV     1   --> A              
     e(  4 -  4) =    -27.11102  eV     1   --> A              
     e(  5 -  5) =    -17.04236  eV     1   --> A              
     e(  6 -  6) =    -16.53875  eV     1   --> A              
     e(  7 -  7) =     -6.34186  eV     1   --> A              
     e(  8 -  8) =     -4.66827  eV     1   --> A              
     e(  9 -  9) =     -4.34168  eV     1   --> A              
     e( 10 - 10) =     -4.19292  eV     1   --> A              
     e( 11 - 11) =     -3.47279  eV     1   --> A              
     e( 12 - 12) =     -3.10280  eV     1   --> A              
     e( 13 - 13) =     -0.12330  eV     1   --> A              
     e( 14 - 14) =      1.43472  eV     1   --> A              
     e( 15 - 15) =      1.72638  eV     1   --> A              
     e( 16 - 16) =      2.20922  eV     1   --> A              
     e( 17 - 17) =      2.47969  eV     1   --> A              
     e( 18 - 18) =      3.13908  eV     1   --> A              
     e( 19 - 19) =      3.95082  eV     1   --> A              
     e( 20 - 20) =      4.08738  eV     1   --> A              
     e( 21 - 21) =      4.86305  eV     1   --> A              
     e( 22 - 22) =      5.48105  eV     1   --> A              
     e( 23 - 23) =      6.43390  eV     1   --> A              
     e( 24 - 24) =      6.91713  eV     1   --> A              
     e( 25 - 25) =      8.29875  eV     1   --> A              
     e( 26 - 26) =      8.49370  eV     1   --> A              

 **************************************************************************

 **************************************************************************

                    xk=(   0.05556,   0.09623,   0.00000  )

     Band symmetry, C_1 (1)     point group:

     e(  1 -  1) =    -49.26012  eV     1   --> A              
     e(  2 -  2) =    -27.49211  eV     1   --> A              
     e(  3 -  3) =    -27.13569  eV     1   --> A              
     e(  4 -  4) =    -27.10750  eV     1   --> A              
     e(  5 -  5) =    -17.06805  eV     1   --> A              
     e(  6 -  6) =    -16.55046  eV     1   --> A              
     e(  7 -  7) =     -6.38558  eV     1   --> A              
     e(  8 -  8) =     -4.59647  eV     1   --> A              
     e(  9 -  9) =     -4.29218  eV     1   --> A              
     e( 10 - 10) =     -4.17963  eV     1   --> A              
     e( 11 - 11) =     -3.34155  eV     1   --> A              
     e( 12 - 12) =     -3.06839  eV     1   --> A              
     e( 13 - 13) =     -0.11639  eV     1   --> A              
     e( 14 - 14) =      1.47074  eV     1   --> A              
     e( 15 - 15) =      1.68158  eV     1   --> A              
     e( 16 - 16) =      2.21919  eV     1   --> A              
     e( 17 - 17) =      2.42731  eV     1   --> A              
     e( 18 - 18) =      2.98139  eV     1   --> A              
     e( 19 - 19) =      3.86514  eV     1   --> A              
     e( 20 - 20) =      4.01078  eV     1   --> A              
     e( 21 - 21) =      4.77557  eV     1   --> A              
     e( 22 - 22) =      5.37973  eV     1   --> A              
     e( 23 - 23) =      6.26496  eV     1   --> A              
     e( 24 - 24) =      6.84102  eV     1   --> A              
     e( 25 - 25) =      8.38316  eV     1   --> A              
     e( 26 - 26) =      8.53120  eV     1   --> A              

 **************************************************************************

 **************************************************************************

                    xk=(   0.04444,   0.07698,   0.00000  )

     Band symmetry, C_1 (1)     point group:

     e(  1 -  1) =    -49.26121  eV     1   --> A              
     e(  2 -  2) =    -27.49544  eV     1   --> A              
     e(  3 -  3) =    -27.12304  eV     1   --> A              
     e(  4 -  4) =    -27.10463  eV     1   --> A              
     e(  5 -  5) =    -17.08967  eV     1   --> A              
     e(  6 -  6) =    -16.56008  eV     1   --> A              
     e(  7 -  7) =     -6.42243  eV     1   --> A              
     e(  8 -  8) =     -4.53997  eV     1   --> A              
     e(  9 -  9) =     -4.24697  eV     1   --> A              
     e( 10 - 10) =     -4.16948  eV     1   --> A              
     e( 11 - 11) =     -3.22323  eV     1   --> A              
     e( 12 - 12) =     -3.03924  eV     1   --> A              
     e( 13 - 13) =     -0.11326  eV     1   --> A              
     e( 14 - 14) =      1.50741  eV     1   --> A              
     e( 15 - 15) =      1.64727  eV     1   --> A              
     e( 16 - 16) =      2.23572  eV     1   --> A              
     e( 17 - 17) =      2.38167  eV     1   --> A              
     e( 18 - 18) =      2.83980  eV     1   --> A              
     e( 19 - 19) =      3.79295  eV     1   --> A              
     e( 20 - 20) =      3.94617  eV     1   --> A              
     e( 21 - 21) =      4.70291  eV     1   --> A              
     e( 22 - 22) =      5.28484  eV     1   --> A              
     e( 23 - 23) =      6.12687  eV     1   --> A              
     e( 24 - 24) =      6.77697  eV     1   --> A              
     e( 25 - 25) =      8.36730  eV     1   --> A              
     e( 26 - 26) =      8.68182  eV     1   --> A              

 **************************************************************************

 **************************************************************************

                    xk=(   0.03333,   0.05774,   0.00000  )

     Band symmetry, C_1 (1)     point group:

     e(  1 -  1) =    -49.26207  eV     1   --> A              
     e(  2 -  2) =    -27.49806  eV     1   --> A              
     e(  3 -  3) =    -27.11292  eV     1   --> A              
     e(  4 -  4) =    -27.10240  eV     1   --> A              
     e(  5 -  5) =    -17.10685  eV     1   --> A              
     e(  6 -  6) =    -16.56757  eV     1   --> A              
     e(  7 -  7) =     -6.45177  eV     1   --> A              
     e(  8 -  8) =     -4.49852  eV     1   --> A              
     e(  9 -  9) =     -4.20786  eV     1   --> A              
     e( 10 - 10) =     -4.16166  eV     1   --> A              
     e( 11 - 11) =     -3.12371  eV     1   --> A              
     e( 12 - 12) =     -3.01588  eV     1   --> A              
     e( 13 - 13) =     -0.11268  eV     1   --> A              
     e( 14 - 14) =      1.54106  eV     1   --> A              
     e( 15 - 15) =      1.62211  eV     1   --> A              
     e( 16 - 16) =      2.25560  eV     1   --> A              
     e( 17 - 17) =      2.34435  eV     1   --> A              
     e( 18 - 18) =      2.72083  eV     1   --> A              
     e( 19 - 19) =      3.73479  eV     1   --> A              
     e( 20 - 20) =      3.89417  eV     1   --> A              
     e( 21 - 21) =      4.64568  eV     1   --> A              
     e( 22 - 22) =      5.20103  eV     1   --> A              
     e( 23 - 23) =      6.02150  eV     1   --> A              
     e( 24 - 24) =      6.72605  eV     1   --> A              
     e( 25 - 25) =      8.33986  eV     1   --> A              
     e( 26 - 26) =      8.85332  eV     1   --> A              

 **************************************************************************

 **************************************************************************

                    xk=(   0.02222,   0.03849,   0.00000  )

     Band symmetry, C_1 (1)     point group:

     e(  1 -  1) =    -49.26269  eV     1   --> A              
     e(  2 -  2) =    -27.49996  eV     1   --> A              
     e(  3 -  3) =    -27.10554  eV     1   --> A              
     e(  4 -  4) =    -27.10081  eV     1   --> A              
     e(  5 -  5) =    -17.11933  eV     1   --> A              
     e(  6 -  6) =    -16.57294  eV     1   --> A              
     e(  7 -  7) =     -6.47310  eV     1   --> A              
     e(  8 -  8) =     -4.47075  eV     1   --> A              
     e(  9 -  9) =     -4.17736  eV     1   --> A              
     e( 10 - 10) =     -4.15595  eV     1   --> A              
     e( 11 - 11) =     -3.04818  eV     1   --> A              
     e( 12 - 12) =     -2.99879  eV     1   --> A              
     e( 13 - 13) =     -0.11335  eV     1   --> A              
     e( 14 - 14) =      1.56812  eV     1   --> A              
     e( 15 - 15) =      1.60496  eV     1   --> A              
     e( 16 - 16) =      2.27471  eV     1   --> A              
     e( 17 - 17) =      2.31662  eV     1   --> A              
     e( 18 - 18) =      2.63059  eV     1   --> A              
     e( 19 - 19) =      3.69162  eV     1   --> A              
     e( 20 - 20) =      3.85581  eV     1   --> A              
     e( 21 - 21) =      4.60437  eV     1   --> A              
     e( 22 - 22) =      5.13458  eV     1   --> A              
     e( 23 - 23) =      5.94827  eV     1   --> A              
     e( 24 - 24) =      6.68905  eV     1   --> A              
     e( 25 - 25) =      8.31770  eV     1   --> A              
     e( 26 - 26) =      9.02272  eV     1   --> A              

 **************************************************************************

 **************************************************************************

                    xk=(   0.01111,   0.01925,   0.00000  )

     Band symmetry, C_1 (1)     point group:

     e(  1 -  1) =    -49.26307  eV     1   --> A              
     e(  2 -  2) =    -27.50111  eV     1   --> A              
     e(  3 -  3) =    -27.10105  eV     1   --> A              
     e(  4 -  4) =    -27.09986  eV     1   --> A              
     e(  5 -  5) =    -17.12690  eV     1   --> A              
     e(  6 -  6) =    -16.57616  eV     1   --> A              
     e(  7 -  7) =     -6.48605  eV     1   --> A              
     e(  8 -  8) =     -4.45496  eV     1   --> A              
     e(  9 -  9) =     -4.15792  eV     1   --> A              
     e( 10 - 10) =     -4.15244  eV     1   --> A              
     e( 11 - 11) =     -3.00095  eV     1   --> A              
     e( 12 - 12) =     -2.98837  eV     1   --> A              
     e( 13 - 13) =     -0.11422  eV     1   --> A              
     e( 14 - 14) =      1.58566  eV     1   --> A              
     e( 15 - 15) =      1.59500  eV     1   --> A              
     e( 16 - 16) =      2.28862  eV     1   --> A              
     e( 17 - 17) =      2.29951  eV     1   --> A              
     e( 18 - 18) =      2.57415  eV     1   --> A              
     e( 19 - 19) =      3.66480  eV     1   --> A              
     e( 20 - 20) =      3.83221  eV     1   --> A              
     e( 21 - 21) =      4.57939  eV     1   --> A              
     e( 22 - 22) =      5.09172  eV     1   --> A              
     e( 23 - 23) =      5.90541  eV     1   --> A              
     e( 24 - 24) =      6.66660  eV     1   --> A              
     e( 25 - 25) =      8.30377  eV     1   --> A              
     e( 26 - 26) =      9.17439  eV     1   --> A              

 **************************************************************************

 **************************************************************************

                    xk=(   0.00000,   0.00000,   0.00000  )

     point group C_3v (3m)  
     there are  3 classes
     the character table:

       E     2C3   3s_v 
A_1    1.00  1.00  1.00
A_2    1.00  1.00 -1.00
E      2.00 -1.00  0.00

     the symmetry operations in each class and the name of the first element:

     E        1
                                                                 
     2C3      2    3
                                                                 
     3s_v     4    5    6
                                                                 

     Band symmetry, C_3v (3m)   point group:

     e(  1 -  1) =    -49.26320  eV     1   --> A_1  L_1       
     e(  2 -  2) =    -27.50150  eV     1   --> A_1  L_1       
     e(  3 -  4) =    -27.09955  eV     2   --> E    L_3       
     e(  5 -  5) =    -17.12944  eV     1   --> A_1  L_1       
     e(  6 -  6) =    -16.57723  eV     1   --> A_1  L_1       
     e(  7 -  7) =     -6.49039  eV     1   --> A_1  L_1       
     e(  8 -  8) =     -4.44985  eV     1   --> A_1  L_1       
     e(  9 - 10) =     -4.15125  eV     2   --> E    L_3       
     e( 11 - 12) =     -2.98487  eV     2   --> E    L_3       
     e( 13 - 13) =     -0.11459  eV     1   --> A_1  L_1       
     e( 14 - 15) =      1.59173  eV     2   --> E    L_3       
     e( 16 - 17) =      2.29373  eV     2   --> E    L_3       
     e( 18 - 18) =      2.55492  eV     1   --> A_1  L_1       
     e( 19 - 19) =      3.65567  eV     1   --> A_1  L_1       
     e( 20 - 20) =      3.82424  eV     1   --> A_1  L_1       
     e( 21 - 21) =      4.57103  eV     1   --> A_1  L_1       
     e( 22 - 22) =      5.07691  eV     1   --> A_1  L_1       
     e( 23 - 23) =      5.89133  eV     1   --> A_1  L_1       
     e( 24 - 24) =      6.65908  eV     1   --> A_1  L_1       
     e( 25 - 25) =      8.29905  eV     1   --> A_1  L_1       
     e( 26 - 26) =      9.25676  eV     1   -->   ?

 **************************************************************************

     BANDS        :     27.51s CPU     29.23s WALL


   This run was terminated on:  16:47:35   7Aug2026            

=------------------------------------------------------------------------------=
   JOB DONE.
=------------------------------------------------------------------------------=
