 &plot nbnd=  26, nks=   361 /
            0.000000  0.000000  0.000000
  -45.375  -23.858  -23.085  -23.085  -20.678  -12.986   -3.163   -2.477   -2.477   -1.138
    1.397    1.397    3.787    5.838    5.838    5.921    6.814    6.814    7.944    8.800
   11.155   14.011   14.721   14.721   15.328   17.256
            0.004167  0.002406  0.000000
  -45.375  -23.858  -23.085  -23.085  -20.678  -12.986   -3.162   -2.477   -2.477   -1.137
    1.396    1.397    3.787    5.837    5.838    5.922    6.814    6.815    7.944    8.801
   11.156   14.011   14.718   14.721   15.327   17.258
            0.008333  0.004811  0.000000
  -45.375  -23.858  -23.086  -23.085  -20.678  -12.986   -3.162   -2.478   -2.477   -1.137
    1.393    1.396    3.787    5.836    5.839    5.924    6.813    6.815    7.946    8.804
   11.157   14.013   14.712   14.723   15.326   17.262
            0.012500  0.007217  0.000000
  -45.375  -23.858  -23.086  -23.085  -20.678  -12.985   -3.161   -2.479   -2.477   -1.137
    1.387    1.395    3.788    5.834    5.840    5.927    6.811    6.817    7.949    8.810
   11.161   14.014   14.701   14.726   15.324   17.268
            0.016667  0.009623  0.000000
  -45.375  -23.857  -23.087  -23.085  -20.677  -12.984   -3.160   -2.480   -2.477   -1.136
    1.380    1.394    3.788    5.831    5.841    5.931    6.809    6.818    7.953    8.817
   11.165   14.017   14.685   14.730   15.321   17.278
            0.020833  0.012028  0.000000
  -45.375  -23.857  -23.089  -23.086  -20.677  -12.983   -3.159   -2.481   -2.477   -1.135
    1.371    1.392    3.789    5.828    5.843    5.936    6.806    6.820    7.958    8.827
   11.170   14.020   14.666   14.736   15.317   17.289
            0.025000  0.014434  0.000000
  -45.374  -23.856  -23.090  -23.086  -20.677  -12.982   -3.157   -2.483   -2.477   -1.134
    1.359    1.390    3.790    5.824    5.845    5.942    6.803    6.823    7.965    8.838
   11.177   14.024   14.643   14.742   15.312   17.303
            0.029167  0.016839  0.000000
  -45.374  -23.856  -23.092  -23.086  -20.676  -12.980   -3.155   -2.485   -2.477   -1.132
    1.346    1.388    3.791    5.819    5.847    5.949    6.799    6.826    7.972    8.852
   11.185   14.028   14.617   14.750   15.305   17.318
            0.033333  0.019245  0.000000
  -45.374  -23.855  -23.094  -23.086  -20.675  -12.978   -3.153   -2.488   -2.477   -1.131
    1.330    1.385    3.792    5.814    5.850    5.956    6.795    6.829    7.981    8.868
   11.194   14.033   14.588   14.759   15.297   17.336
            0.037500  0.021651  0.000000
  -45.374  -23.855  -23.096  -23.087  -20.675  -12.976   -3.150   -2.491   -2.477   -1.129
    1.313    1.382    3.794    5.809    5.854    5.964    6.790    6.833    7.991    8.885
   11.205   14.038   14.557   14.769   15.288   17.354
            0.041667  0.024056  0.000000
  -45.374  -23.854  -23.099  -23.087  -20.674  -12.974   -3.147   -2.494   -2.477   -1.127
    1.293    1.378    3.795    5.804    5.857    5.972    6.786    6.838    8.001    8.904
   11.216   14.044   14.523   14.781   15.277   17.374
            0.045833  0.026462  0.000000
  -45.374  -23.853  -23.102  -23.088  -20.673  -12.971   -3.144   -2.497   -2.477   -1.125
    1.272    1.375    3.797    5.798    5.862    5.981    6.781    6.842    8.013    8.925
   11.229   14.050   14.488   14.793   15.265   17.395
            0.050000  0.028868  0.000000
  -45.373  -23.852  -23.105  -23.088  -20.672  -12.968   -3.140   -2.501   -2.477   -1.123
    1.249    1.370    3.798    5.792    5.866    5.990    6.777    6.848    8.026    8.947
   11.243   14.056   14.451   14.807   15.251   17.415
            0.054167  0.031273  0.000000
  -45.373  -23.851  -23.109  -23.089  -20.671  -12.965   -3.137   -2.505   -2.477   -1.120
    1.225    1.366    3.800    5.786    5.871    5.999    6.773    6.853    8.040    8.971
   11.258   14.062   14.413   14.822   15.236   17.436
            0.058333  0.033679  0.000000
  -45.373  -23.850  -23.112  -23.089  -20.670  -12.962   -3.133   -2.509   -2.477   -1.118
    1.199    1.361    3.802    5.779    5.876    6.008    6.769    6.859    8.055    8.996
   11.275   14.067   14.374   14.838   15.220   17.457
            0.062500  0.036084  0.000000
  -45.372  -23.849  -23.116  -23.090  -20.669  -12.958   -3.128   -2.514   -2.477   -1.115
    1.171    1.356    3.804    5.772    5.882    6.018    6.765    6.866    8.071    9.022
   11.293   14.072   14.335   14.856   15.203   17.476
            0.066667  0.038490  0.000000
  -45.372  -23.848  -23.121  -23.090  -20.668  -12.954   -3.124   -2.518   -2.477   -1.112
    1.141    1.350    3.805    5.765    5.888    6.027    6.763    6.872    8.088    9.049
   11.312   14.075   14.296   14.874   15.185   17.495
            0.070833  0.040896  0.000000
  -45.372  -23.847  -23.125  -23.091  -20.667  -12.950   -3.119   -2.524   -2.477   -1.109
    1.110    1.344    3.807    5.758    5.895    6.036    6.761    6.879    8.106    9.078
   11.332   14.076   14.259   14.894   15.167   17.513
            0.075000  0.043301  0.000000
  -45.372  -23.846  -23.130  -23.092  -20.666  -12.946   -3.114   -2.529   -2.477   -1.106
    1.078    1.338    3.809    5.751    5.902    6.045    6.760    6.887    8.125    9.107
   11.353   14.072   14.225   14.915   15.149   17.529
            0.079167  0.045707  0.000000
  -45.371  -23.844  -23.135  -23.093  -20.664  -12.941   -3.109   -2.534   -2.477   -1.102
    1.044    1.332    3.811    5.744    5.910    6.054    6.760    6.895    8.144    9.137
   11.376   14.061   14.198   14.937   15.132   17.543
            0.083333  0.048113  0.000000
  -45.371  -23.843  -23.140  -23.093  -20.663  -12.936   -3.103   -2.540   -2.477   -1.099
    1.009    1.325    3.813    5.737    5.918    6.063    6.761    6.903    8.165    9.168
   11.400   14.040   14.178   14.960   15.114   17.556
            0.087500  0.050518  0.000000
  -45.370  -23.841  -23.145  -23.094  -20.662  -12.931   -3.097   -2.546   -2.477   -1.096
    0.973    1.318    3.815    5.730    5.926    6.071    6.763    6.911    8.186    9.199
   11.425   14.011   14.166   14.985   15.098   17.567
            0.091667  0.052924  0.000000
  -45.370  -23.840  -23.151  -23.095  -20.660  -12.926   -3.091   -2.552   -2.477   -1.092
    0.935    1.311    3.816    5.722    5.935    6.078    6.766    6.920    8.209    9.231
   11.450   13.976   14.159   15.010   15.083   17.577
            0.095833  0.055329  0.000000
  -45.369  -23.838  -23.157  -23.096  -20.659  -12.920   -3.085   -2.558   -2.477   -1.088
    0.897    1.303    3.818    5.715    5.945    6.085    6.771    6.929    8.232    9.264
   11.477   13.937   14.153   15.037   15.069   17.584
            0.100000  0.057735  0.000000
  -45.369  -23.836  -23.163  -23.097  -20.657  -12.915   -3.079   -2.565   -2.477   -1.084
    0.857    1.295    3.819    5.708    5.954    6.092    6.777    6.938    8.255    9.297
   11.505   13.896   14.148   15.057   15.065   17.590
            0.104167  0.060141  0.000000
  -45.369  -23.835  -23.169  -23.098  -20.656  -12.909   -3.072   -2.572   -2.477   -1.081
    0.817    1.287    3.820    5.701    5.965    6.097    6.784    6.948    8.280    9.330
   11.534   13.855   14.141   15.048   15.094   17.594
            0.108333  0.062546  0.000000
  -45.368  -23.833  -23.176  -23.099  -20.654  -12.902   -3.066   -2.578   -2.477   -1.077
    0.775    1.279    3.822    5.694    5.975    6.103    6.793    6.958    8.305    9.364
   11.564   13.814   14.133   15.041   15.124   17.597
            0.112500  0.064952  0.000000
  -45.368  -23.831  -23.182  -23.100  -20.653  -12.896   -3.059   -2.585   -2.477   -1.073
    0.733    1.270    3.823    5.688    5.987    6.108    6.803    6.968    8.331    9.398
   11.595   13.772   14.123   15.037   15.156   17.598
            0.116667  0.067358  0.000000
  -45.367  -23.829  -23.189  -23.101  -20.651  -12.889   -3.052   -2.592   -2.477   -1.069
    0.690    1.261    3.823    5.682    5.998    6.112    6.814    6.978    8.358    9.432
   11.626   13.731   14.110   15.037   15.188   17.597
            0.120833  0.069763  0.000000
  -45.367  -23.827  -23.196  -23.102  -20.649  -12.883   -3.044   -2.599   -2.477   -1.065
    0.646    1.252    3.824    5.676    6.011    6.116    6.827    6.989    8.385    9.465
   11.658   13.691   14.096   15.039   15.222   17.594
            0.125000  0.072169  0.000000
  -45.366  -23.825  -23.203  -23.104  -20.647  -12.876   -3.037   -2.607   -2.477   -1.061
    0.602    1.243    3.824    5.670    6.023    6.119    6.840    6.999    8.413    9.499
   11.690   13.652   14.078   15.044   15.257   17.590
            0.129167  0.074574  0.000000
  -45.365  -23.823  -23.210  -23.105  -20.646  -12.868   -3.030   -2.614   -2.477   -1.057
    0.557    1.234    3.824    5.665    6.036    6.123    6.855    7.010    8.442    9.533
   11.723   13.614   14.059   15.053   15.292   17.585
            0.133333  0.076980  0.000000
  -45.365  -23.821  -23.218  -23.106  -20.644  -12.861   -3.022   -2.621   -2.477   -1.052
    0.511    1.224    3.824    5.660    6.050    6.126    6.871    7.021    8.471    9.567
   11.755   13.577   14.037   15.064   15.329   17.578
            0.137500  0.079386  0.000000
  -45.364  -23.818  -23.225  -23.107  -20.642  -12.853   -3.015   -2.629   -2.478   -1.048
    0.465    1.214    3.823    5.655    6.064    6.128    6.889    7.033    8.500    9.601
   11.788   13.541   14.013   15.079   15.368   17.569
            0.141667  0.081791  0.000000
  -45.364  -23.816  -23.233  -23.109  -20.641  -12.845   -3.007   -2.636   -2.478   -1.044
    0.418    1.204    3.822    5.651    6.079    6.131    6.907    7.044    8.530    9.635
   11.820   13.508   13.988   15.096   15.407   17.558
            0.145833  0.084197  0.000000
  -45.363  -23.814  -23.241  -23.110  -20.639  -12.837   -2.999   -2.643   -2.478   -1.040
    0.371    1.194    3.821    5.648    6.094    6.134    6.926    7.055    8.561    9.668
   11.852   13.476   13.962   15.115   15.447   17.546
            0.150000  0.086603  0.000000
  -45.362  -23.812  -23.249  -23.111  -20.637  -12.829   -2.992   -2.651   -2.478   -1.037
    0.324    1.183    3.819    5.645    6.109    6.136    6.946    7.067    8.592    9.701
   11.883   13.446   13.934   15.137   15.489   17.529
            0.154167  0.089008  0.000000
  -45.362  -23.809  -23.257  -23.113  -20.635  -12.821   -2.984   -2.658   -2.478   -1.033
    0.276    1.173    3.818    5.642    6.125    6.139    6.966    7.079    8.623    9.734
   11.912   13.419   13.906   15.161   15.531   17.508
            0.158333  0.091414  0.000000
  -45.361  -23.807  -23.265  -23.114  -20.634  -12.812   -2.976   -2.665   -2.479   -1.029
    0.228    1.162    3.815    5.640    6.142    6.142    6.988    7.090    8.655    9.767
   11.941   13.394   13.877   15.187   15.575   17.486
            0.162500  0.093819  0.000000
  -45.360  -23.805  -23.273  -23.115  -20.632  -12.803   -2.969   -2.672   -2.479   -1.025
    0.180    1.151    3.813    5.639    6.145    6.159    7.010    7.102    8.687    9.800
   11.967   13.371   13.849   15.214   15.619   17.464
            0.166667  0.096225  0.000000
  -45.360  -23.802  -23.281  -23.117  -20.630  -12.794   -2.962   -2.679   -2.479   -1.022
    0.132    1.141    3.810    5.638    6.149    6.176    7.032    7.114    8.719    9.832
   11.991   13.351   13.821   15.244   15.665   17.441
            0.170833  0.098631  0.000000
  -45.359  -23.800  -23.290  -23.118  -20.628  -12.785   -2.954   -2.686   -2.479   -1.018
    0.084    1.130    3.806    5.637    6.153    6.194    7.056    7.126    8.752    9.863
   12.013   13.334   13.794   15.274   15.712   17.418
            0.175000  0.101036  0.000000
  -45.358  -23.797  -23.298  -23.120  -20.627  -12.776   -2.947   -2.693   -2.480   -1.015
    0.036    1.118    3.803    5.637    6.157    6.213    7.080    7.139    8.785    9.895
   12.031   13.320   13.769   15.306   15.759   17.395
            0.179167  0.103442  0.000000
  -45.358  -23.795  -23.307  -23.121  -20.625  -12.767   -2.941   -2.699   -2.480   -1.012
   -0.012    1.107    3.799    5.638    6.162    6.232    7.104    7.151    8.818    9.926
   12.047   13.307   13.747   15.339   15.808   17.371
            0.183333  0.105848  0.000000
  -45.357  -23.793  -23.315  -23.123  -20.623  -12.757   -2.934   -2.705   -2.480   -1.010
   -0.060    1.096    3.794    5.640    6.167    6.251    7.129    7.163    8.851    9.957
   12.059   13.296   13.728   15.374   15.858   17.345
            0.187500  0.108253  0.000000
  -45.356  -23.790  -23.324  -23.124  -20.621  -12.747   -2.928   -2.711   -2.481   -1.007
   -0.107    1.085    3.789    5.642    6.172    6.271    7.154    7.175    8.884    9.987
   12.068   13.285   13.713   15.409   15.908   17.310
            0.191667  0.110659  0.000000
  -45.356  -23.788  -23.333  -23.126  -20.620  -12.737   -2.923   -2.716   -2.481   -1.005
   -0.155    1.073    3.784    5.644    6.178    6.291    7.180    7.187    8.917   10.017
   12.074   13.274   13.704   15.445   15.960   17.272
            0.195833  0.113064  0.000000
  -45.355  -23.785  -23.341  -23.127  -20.618  -12.727   -2.918   -2.720   -2.482   -1.004
   -0.201    1.062    3.779    5.647    6.185    6.312    7.200    7.206    8.951   10.047
   12.076   13.263   13.701   15.481   16.012   17.230
            0.200000  0.115470  0.000000
  -45.354  -23.783  -23.350  -23.129  -20.617  -12.717   -2.914   -2.724   -2.482   -1.003
   -0.248    1.050    3.773    5.651    6.192    6.333    7.212    7.232    8.984   10.076
   12.075   13.249   13.706   15.518   16.065   17.185
            0.204167  0.117876  0.000000
  -45.353  -23.780  -23.359  -23.130  -20.615  -12.707   -2.910   -2.727   -2.483   -1.002
   -0.293    1.039    3.767    5.655    6.200    6.354    7.224    7.259    9.017   10.105
   12.071   13.232   13.718   15.556   16.120   17.137
            0.208333  0.120281  0.000000
  -45.353  -23.778  -23.367  -23.132  -20.613  -12.697   -2.907   -2.730   -2.483   -1.003
   -0.338    1.027    3.761    5.660    6.209    6.376    7.237    7.286    9.050   10.133
   12.064   13.213   13.737   15.594   16.174   17.086
            0.212500  0.122687  0.000000
  -45.352  -23.775  -23.376  -23.134  -20.612  -12.686   -2.905   -2.731   -2.484   -1.004
   -0.381    1.016    3.754    5.665    6.218    6.399    7.249    7.314    9.084   10.161
   12.055   13.192   13.762   15.632   16.230   17.031
            0.216667  0.125093  0.000000
  -45.351  -23.773  -23.384  -23.135  -20.610  -12.675   -2.905   -2.732   -2.484   -1.007
   -0.423    1.004    3.747    5.671    6.228    6.421    7.261    7.342    9.117   10.188
   12.044   13.169   13.794   15.670   16.286   16.973
            0.220833  0.127498  0.000000
  -45.350  -23.771  -23.393  -23.137  -20.609  -12.665   -2.905   -2.732   -2.485   -1.011
   -0.464    0.992    3.740    5.677    6.238    6.445    7.274    7.370    9.149   10.215
   12.032   13.144   13.832   15.708   16.343   16.913
            0.225000  0.129904  0.000000
  -45.349  -23.769  -23.401  -23.138  -20.608  -12.654   -2.905   -2.731   -2.485   -1.016
   -0.503    0.981    3.733    5.683    6.249    6.468    7.286    7.398    9.182   10.241
   12.018   13.117   13.874   15.745   16.399   16.850
            0.229167  0.132309  0.000000
  -45.349  -23.766  -23.410  -23.140  -20.606  -12.643   -2.907   -2.729   -2.486   -1.024
   -0.540    0.969    3.725    5.691    6.261    6.492    7.298    7.427    9.214   10.267
   12.003   13.090   13.920   15.781   16.456   16.787
            0.233333  0.134715  0.000000
  -45.348  -23.764  -23.418  -23.142  -20.605  -12.632   -2.910   -2.726   -2.487   -1.033
   -0.574    0.958    3.718    5.698    6.273    6.516    7.311    7.456    9.246   10.293
   11.987   13.063   13.969   15.816   16.512   16.722
            0.237500  0.137121  0.000000
  -45.347  -23.762  -23.426  -23.143  -20.603  -12.621   -2.913   -2.723   -2.487   -1.046
   -0.605    0.946    3.710    5.706    6.286    6.540    7.323    7.486    9.277   10.318
   11.971   13.035   14.022   15.848   16.567   16.657
            0.241667  0.139526  0.000000
  -45.346  -23.760  -23.434  -23.145  -20.602  -12.610   -2.917   -2.719   -2.488   -1.062
   -0.633    0.935    3.702    5.714    6.300    6.565    7.335    7.516    9.308   10.342
   11.954   13.007   14.076   15.877   16.595   16.618
            0.245833  0.141932  0.000000
  -45.346  -23.758  -23.442  -23.147  -20.601  -12.599   -2.922   -2.714   -2.489   -1.080
   -0.657    0.923    3.694    5.723    6.314    6.590    7.348    7.546    9.339   10.366
   11.938   12.979   14.133   15.902   16.535   16.665
            0.250000  0.144338  0.000000
  -45.345  -23.757  -23.450  -23.148  -20.600  -12.587   -2.927   -2.710   -2.490   -1.102
   -0.677    0.912    3.685    5.732    6.328    6.615    7.360    7.576    9.369   10.389
   11.922   12.952   14.191   15.919   16.482   16.702
            0.254167  0.146743  0.000000
  -45.344  -23.755  -23.458  -23.150  -20.599  -12.576   -2.932   -2.705   -2.490   -1.127
   -0.695    0.900    3.677    5.741    6.344    6.641    7.373    7.607    9.398   10.411
   11.907   12.925   14.250   15.925   16.437   16.726
            0.258333  0.149149  0.000000
  -45.343  -23.753  -23.465  -23.152  -20.597  -12.565   -2.938   -2.699   -2.491   -1.155
   -0.709    0.889    3.669    5.751    6.359    6.666    7.385    7.638    9.427   10.433
   11.892   12.899   14.309   15.919   16.405   16.734
            0.262500  0.151554  0.000000
  -45.342  -23.752  -23.473  -23.153  -20.596  -12.553   -2.944   -2.694   -2.492   -1.186
   -0.719    0.878    3.661    5.761    6.375    6.692    7.397    7.669    9.455   10.455
   11.877   12.873   14.369   15.896   16.388   16.729
            0.266667  0.153960  0.000000
  -45.342  -23.751  -23.480  -23.155  -20.595  -12.542   -2.950   -2.688   -2.493   -1.219
   -0.728    0.867    3.652    5.771    6.392    6.718    7.410    7.701    9.483   10.476
   11.864   12.848   14.429   15.859   16.384   16.714
            0.270833  0.156366  0.000000
  -45.341  -23.750  -23.487  -23.156  -20.594  -12.531   -2.956   -2.683   -2.494   -1.253
   -0.734    0.856    3.644    5.782    6.409    6.744    7.423    7.733    9.509   10.496
   11.852   12.823   14.488   15.810   16.391   16.693
            0.275000  0.158771  0.000000
  -45.340  -23.749  -23.493  -23.158  -20.593  -12.519   -2.962   -2.677   -2.494   -1.289
   -0.739    0.845    3.636    5.793    6.426    6.770    7.435    7.765    9.535   10.515
   11.841   12.800   14.545   15.752   16.406   16.669
            0.279167  0.161177  0.000000
  -45.339  -23.748  -23.499  -23.160  -20.592  -12.508   -2.969   -2.672   -2.495   -1.325
   -0.742    0.834    3.627    5.804    6.444    6.796    7.448    7.798    9.560   10.534
   11.830   12.777   14.601   15.690   16.424   16.642
            0.283333  0.163583  0.000000
  -45.338  -23.748  -23.506  -23.161  -20.591  -12.496   -2.975   -2.666   -2.496   -1.362
   -0.743    0.824    3.619    5.815    6.462    6.822    7.461    7.831    9.584   10.553
   11.822   12.756   14.655   15.624   16.444   16.614
            0.287500  0.165988  0.000000
  -45.338  -23.748  -23.511  -23.163  -20.591  -12.485   -2.982   -2.661   -2.497   -1.400
   -0.744    0.813    3.611    5.827    6.480    6.848    7.474    7.864    9.607   10.571
   11.814   12.735   14.704   15.558   16.464   16.584
            0.291667  0.168394  0.000000
  -45.337  -23.748  -23.517  -23.165  -20.590  -12.473   -2.989   -2.655   -2.498   -1.438
   -0.744    0.802    3.603    5.839    6.499    6.874    7.487    7.898    9.630   10.588
   11.808   12.715   14.749   15.492   16.480   16.553
            0.295833  0.170799  0.000000
  -45.336  -23.748  -23.522  -23.166  -20.589  -12.462   -2.995   -2.650   -2.499   -1.476
   -0.744    0.792    3.595    5.851    6.517    6.900    7.500    7.932    9.651   10.605
   11.803   12.697   14.786   15.430   16.491   16.522
            0.300000  0.173205  0.000000
  -45.335  -23.749  -23.527  -23.168  -20.588  -12.451   -3.002   -2.645   -2.500   -1.514
   -0.742    0.782    3.588    5.863    6.536    6.926    7.514    7.967    9.671   10.621
   11.800   12.679   14.814   15.374   16.490   16.495
            0.304167  0.175611  0.000000
  -45.335  -23.749  -23.531  -23.169  -20.588  -12.439   -3.009   -2.640   -2.501   -1.552
   -0.741    0.772    3.580    5.876    6.554    6.952    7.527    8.002    9.690   10.637
   11.798   12.663   14.829   15.328   16.457   16.491
            0.308333  0.178016  0.000000
  -45.334  -23.751  -23.535  -23.171  -20.587  -12.428   -3.015   -2.635   -2.502   -1.590
   -0.739    0.762    3.572    5.888    6.573    6.977    7.541    8.037    9.708   10.653
   11.797   12.648   14.827   15.294   16.425   16.478
            0.312500  0.180422  0.000000
  -45.333  -23.752  -23.539  -23.172  -20.586  -12.417   -3.022   -2.631   -2.503   -1.627
   -0.736    0.752    3.565    5.901    6.591    7.002    7.556    8.073    9.725   10.669
   11.798   12.634   14.807   15.275   16.391   16.457
            0.316667  0.182828  0.000000
  -45.332  -23.754  -23.542  -23.174  -20.586  -12.406   -3.029   -2.626   -2.504   -1.664
   -0.734    0.742    3.558    5.914    6.609    7.026    7.570    8.109    9.740   10.684
   11.799   12.621   14.769   15.269   16.358   16.429
            0.320833  0.185233  0.000000
  -45.332  -23.756  -23.545  -23.175  -20.585  -12.395   -3.035   -2.622   -2.505   -1.700
   -0.731    0.733    3.551    5.928    6.627    7.050    7.585    8.146    9.755   10.699
   11.802   12.609   14.718   15.271   16.324   16.394
            0.325000  0.187639  0.000000
  -45.331  -23.758  -23.548  -23.177  -20.585  -12.384   -3.042   -2.618   -2.506   -1.736
   -0.728    0.724    3.544    5.941    6.645    7.073    7.600    8.183    9.769   10.713
   11.807   12.599   14.657   15.278   16.289   16.354
            0.329167  0.190044  0.000000
  -45.330  -23.760  -23.550  -23.178  -20.584  -12.373   -3.048   -2.614   -2.507   -1.771
   -0.725    0.714    3.538    5.955    6.663    7.096    7.616    8.221    9.782   10.728
   11.812   12.590   14.591   15.285   16.255   16.311
            0.333333  0.192450  0.000000
  -45.330  -23.763  -23.552  -23.180  -20.584  -12.362   -3.054   -2.610   -2.508   -1.806
   -0.721    0.705    3.531    5.968    6.680    7.119    7.632    8.259    9.793   10.742
   11.818   12.582   14.522   15.292   16.221   16.264
            0.337500  0.194856  0.000000
  -45.329  -23.766  -23.554  -23.181  -20.583  -12.352   -3.061   -2.607   -2.509   -1.840
   -0.718    0.697    3.525    5.982    6.696    7.140    7.648    8.297    9.804   10.756
   11.825   12.575   14.449   15.296   16.186   16.214
            0.341667  0.197261  0.000000
  -45.328  -23.769  -23.555  -23.182  -20.583  -12.341   -3.067   -2.604   -2.510   -1.873
   -0.714    0.688    3.519    5.996    6.712    7.161    7.665    8.336    9.814   10.770
   11.832   12.570   14.376   15.297   16.151   16.161
            0.345833  0.199667  0.000000
  -45.328  -23.772  -23.556  -23.184  -20.582  -12.331   -3.073   -2.601   -2.511   -1.906
   -0.711    0.679    3.513    6.010    6.728    7.182    7.682    8.376    9.824   10.784
   11.841   12.565   14.302   15.294   16.107   16.117
            0.350000  0.202073  0.000000
  -45.327  -23.776  -23.557  -23.185  -20.582  -12.321   -3.080   -2.598   -2.512   -1.938
   -0.707    0.671    3.508    6.025    6.743    7.201    7.700    8.416    9.833   10.798
   11.850   12.562   14.227   15.288   16.050   16.082
            0.354167  0.204478  0.000000
  -45.326  -23.780  -23.558  -23.186  -20.582  -12.311   -3.086   -2.596   -2.513   -1.968
   -0.704    0.663    3.502    6.039    6.757    7.220    7.718    8.456    9.841   10.811
   11.859   12.560   14.153   15.278   15.992   16.047
            0.358333  0.206884  0.000000
  -45.326  -23.783  -23.558  -23.188  -20.581  -12.301   -3.092   -2.593   -2.514   -1.999
   -0.700    0.655    3.497    6.054    6.771    7.238    7.737    8.497    9.848   10.825
   11.869   12.559   14.079   15.264   15.933   16.013
            0.362500  0.209289  0.000000
  -45.325  -23.787  -23.558  -23.189  -20.581  -12.291   -3.098   -2.591   -2.515   -2.028
   -0.697    0.647    3.492    6.068    6.784    7.255    7.756    8.538    9.855   10.838
   11.879   12.559   14.005   15.248   15.873   15.979
            0.366667  0.211695  0.000000
  -45.325  -23.791  -23.558  -23.190  -20.581  -12.282   -3.104   -2.590   -2.515   -2.056
   -0.693    0.640    3.487    6.083    6.796    7.271    7.775    8.580    9.862   10.851
   11.890   12.560   13.932   15.229   15.813   15.945
            0.370833  0.214101  0.000000
  -45.324  -23.795  -23.558  -23.191  -20.581  -12.272   -3.109   -2.588   -2.516   -2.083
   -0.690    0.633    3.483    6.097    6.807    7.286    7.795    8.622    9.868   10.863
   11.900   12.562   13.861   15.207   15.752   15.911
            0.375000  0.216506  0.000000
  -45.323  -23.799  -23.558  -23.192  -20.581  -12.263   -3.115   -2.587   -2.517   -2.110
   -0.686    0.626    3.479    6.112    6.818    7.301    7.815    8.664    9.875   10.876
   11.910   12.564   13.791   15.184   15.691   15.877
            0.379167  0.218912  0.000000
  -45.323  -23.803  -23.557  -23.194  -20.580  -12.254   -3.121   -2.586   -2.518   -2.135
   -0.683    0.619    3.474    6.127    6.828    7.315    7.835    8.707    9.881   10.888
   11.921   12.567   13.722   15.158   15.631   15.844
            0.383333  0.221318  0.000000
  -45.322  -23.807  -23.557  -23.195  -20.580  -12.245   -3.126   -2.586   -2.519   -2.159
   -0.680    0.612    3.470    6.142    6.836    7.328    7.855    8.750    9.886   10.900
   11.931   12.570   13.655   15.130   15.571   15.811
            0.387500  0.223723  0.000000
  -45.322  -23.811  -23.556  -23.196  -20.580  -12.237   -3.132   -2.585   -2.520   -2.183
   -0.676    0.605    3.467    6.157    6.844    7.340    7.875    8.793    9.892   10.912
   11.940   12.573   13.591   15.101   15.512   15.779
            0.391667  0.226129  0.000000
  -45.321  -23.814  -23.555  -23.197  -20.580  -12.228   -3.137   -2.585   -2.521   -2.205
   -0.673    0.599    3.463    6.172    6.851    7.352    7.896    8.837    9.898   10.923
   11.949   12.576   13.529   15.070   15.454   15.747
            0.395833  0.228534  0.000000
  -45.321  -23.818  -23.555  -23.198  -20.580  -12.220   -3.142   -2.586   -2.522   -2.226
   -0.670    0.593    3.460    6.187    6.858    7.362    7.916    8.881    9.904   10.934
   11.957   12.579   13.470   15.037   15.398   15.716
            0.400000  0.230940  0.000000
  -45.320  -23.822  -23.554  -23.199  -20.580  -12.213   -3.148   -2.586   -2.522   -2.246
   -0.667    0.587    3.457    6.202    6.863    7.373    7.936    8.924    9.909   10.945
   11.965   12.580   13.415   15.003   15.343   15.685
            0.404167  0.233346  0.000000
  -45.320  -23.826  -23.553  -23.200  -20.580  -12.205   -3.153   -2.588   -2.523   -2.265
   -0.664    0.582    3.454    6.216    6.867    7.382    7.956    8.968    9.915   10.956
   11.971   12.581   13.365   14.967   15.291   15.655
            0.408333  0.235751  0.000000
  -45.319  -23.829  -23.552  -23.201  -20.580  -12.198   -3.158   -2.589   -2.524   -2.283
   -0.661    0.576    3.451    6.231    6.871    7.391    7.976    9.012    9.921   10.967
   11.976   12.579   13.319   14.929   15.241   15.626
            0.412500  0.238157  0.000000
  -45.319  -23.833  -23.551  -23.201  -20.579  -12.191   -3.162   -2.591   -2.525   -2.299
   -0.658    0.571    3.448    6.246    6.874    7.399    7.995    9.056    9.927   10.977
   11.979   12.575   13.278   14.890   15.194   15.597
            0.416667  0.240563  0.000000
  -45.319  -23.836  -23.551  -23.202  -20.579  -12.184   -3.167   -2.593   -2.525   -2.314
   -0.656    0.566    3.446    6.260    6.876    7.407    8.014    9.100    9.933   10.987
   11.980   12.569   13.244   14.849   15.151   15.570
            0.420833  0.242968  0.000000
  -45.318  -23.839  -23.550  -23.203  -20.579  -12.177   -3.172   -2.595   -2.526   -2.329
   -0.653    0.562    3.444    6.275    6.877    7.414    8.033    9.143    9.939   10.997
   11.979   12.561   13.216   14.806   15.110   15.543
            0.425000  0.245374  0.000000
  -45.318  -23.842  -23.549  -23.204  -20.579  -12.171   -3.176   -2.598   -2.527   -2.342
   -0.651    0.557    3.442    6.289    6.878    7.421    8.051    9.186    9.945   11.007
   11.976   12.550   13.194   14.762   15.073   15.517
            0.429167  0.247779  0.000000
  -45.317  -23.845  -23.548  -23.205  -20.579  -12.165   -3.180   -2.601   -2.527   -2.353
   -0.648    0.553    3.440    6.303    6.877    7.428    8.069    9.228    9.951   11.017
   11.969   12.537   13.179   14.716   15.039   15.493
            0.433333  0.250185  0.000000
  -45.317  -23.848  -23.547  -23.205  -20.579  -12.160   -3.185   -2.605   -2.528   -2.364
   -0.646    0.549    3.438    6.316    6.876    7.433    8.085    9.270    9.957   11.027
   11.960   12.523   13.170   14.670   15.008   15.469
            0.437500  0.252591  0.000000
  -45.317  -23.851  -23.546  -23.206  -20.579  -12.154   -3.188   -2.608   -2.529   -2.374
   -0.644    0.545    3.436    6.330    6.875    7.439    8.101    9.310    9.963   11.038
   11.946   12.508   13.167   14.624   14.980   15.447
            0.441667  0.254996  0.000000
  -45.316  -23.853  -23.546  -23.207  -20.579  -12.149   -3.192   -2.612   -2.529   -2.382
   -0.642    0.542    3.435    6.343    6.873    7.444    8.117    9.350    9.968   11.048
   11.930   12.494   13.169   14.577   14.954   15.425
            0.445833  0.257402  0.000000
  -45.316  -23.856  -23.545  -23.207  -20.579  -12.145   -3.196   -2.616   -2.530   -2.390
   -0.640    0.538    3.433    6.355    6.871    7.448    8.131    9.389    9.974   11.059
   11.910   12.480   13.175   14.531   14.931   15.405
            0.450000  0.259808  0.000000
  -45.316  -23.858  -23.544  -23.208  -20.579  -12.140   -3.199   -2.620   -2.530   -2.397
   -0.638    0.535    3.432    6.368    6.868    7.452    8.145    9.425    9.980   11.070
   11.886   12.467   13.184   14.485   14.909   15.387
            0.454167  0.262213  0.000000
  -45.316  -23.860  -23.544  -23.208  -20.579  -12.136   -3.202   -2.623   -2.531   -2.403
   -0.637    0.532    3.431    6.379    6.865    7.456    8.158    9.461    9.985   11.081
   11.860   12.457   13.196   14.441   14.890   15.369
            0.458333  0.264619  0.000000
  -45.316  -23.862  -23.543  -23.209  -20.579  -12.133   -3.205   -2.627   -2.531   -2.408
   -0.635    0.530    3.430    6.390    6.861    7.460    8.169    9.494    9.990   11.093
   11.832   12.447   13.210   14.398   14.873   15.353
            0.462500  0.267024  0.000000
  -45.315  -23.864  -23.542  -23.209  -20.579  -12.129   -3.208   -2.631   -2.531   -2.413
   -0.634    0.528    3.429    6.401    6.858    7.463    8.180    9.525    9.994   11.105
   11.803   12.440   13.226   14.357   14.858   15.338
            0.466667  0.269430  0.000000
  -45.315  -23.865  -23.542  -23.209  -20.579  -12.126   -3.210   -2.634   -2.532   -2.417
   -0.633    0.525    3.428    6.410    6.855    7.466    8.190    9.554    9.998   11.117
   11.773   12.434   13.242   14.319   14.844   15.325
            0.470833  0.271836  0.000000
  -45.315  -23.867  -23.542  -23.210  -20.579  -12.124   -3.212   -2.637   -2.532   -2.420
   -0.632    0.524    3.427    6.419    6.851    7.468    8.199    9.580   10.002   11.130
   11.742   12.429   13.259   14.283   14.832   15.313
            0.475000  0.274241  0.000000
  -45.315  -23.868  -23.541  -23.210  -20.579  -12.121   -3.214   -2.640   -2.532   -2.423
   -0.631    0.522    3.427    6.427    6.848    7.470    8.206    9.604   10.006   11.142
   11.713   12.425   13.275   14.250   14.822   15.303
            0.479167  0.276647  0.000000
  -45.315  -23.869  -23.541  -23.210  -20.579  -12.120   -3.216   -2.642   -2.532   -2.425
   -0.630    0.521    3.426    6.434    6.845    7.472    8.213    9.624   10.009   11.154
   11.686   12.422   13.290   14.221   14.814   15.294
            0.483333  0.279053  0.000000
  -45.315  -23.870  -23.541  -23.210  -20.579  -12.118   -3.217   -2.644   -2.533   -2.427
   -0.629    0.520    3.426    6.439    6.843    7.473    8.218    9.641   10.011   11.166
   11.662   12.420   13.303   14.196   14.807   15.287
            0.487500  0.281458  0.000000
  -45.315  -23.870  -23.540  -23.210  -20.579  -12.117   -3.218   -2.646   -2.533   -2.428
   -0.629    0.519    3.425    6.444    6.840    7.474    8.222    9.654   10.013   11.175
   11.642   12.419   13.315   14.176   14.801   15.282
            0.491667  0.283864  0.000000
  -45.315  -23.871  -23.540  -23.211  -20.579  -12.116   -3.219   -2.647   -2.533   -2.429
   -0.628    0.518    3.425    6.447    6.839    7.475    8.225    9.664   10.014   11.183
   11.626   12.418   13.323   14.161   14.798   15.278
            0.495833  0.286270  0.000000
  -45.314  -23.871  -23.540  -23.211  -20.579  -12.115   -3.219   -2.648   -2.533   -2.430
   -0.628    0.518    3.425    6.449    6.838    7.475    8.227    9.670   10.015   11.188
   11.616   12.417   13.329   14.152   14.795   15.275
            0.500000  0.288675  0.000000
  -45.314  -23.871  -23.540  -23.211  -20.579  -12.115   -3.219   -2.648   -2.533   -2.430
   -0.628    0.518    3.425    6.450    6.838    7.476    8.227    9.672   10.015   11.190
   11.613   12.417   13.330   14.149   14.795   15.274
            0.498611  0.291081  0.000000
  -45.314  -23.871  -23.540  -23.211  -20.579  -12.115   -3.219   -2.648   -2.533   -2.430
   -0.628    0.517    3.425    6.450    6.838    7.475    8.227    9.672   10.016   11.190
   11.613   12.417   13.330   14.149   14.795   15.274
            0.497222  0.293486  0.000000
  -45.314  -23.871  -23.540  -23.211  -20.579  -12.115   -3.219   -2.648   -2.533   -2.429
   -0.628    0.516    3.426    6.450    6.838    7.475    8.226    9.674   10.017   11.191
   11.613   12.417   13.330   14.149   14.795   15.274
            0.495833  0.295892  0.000000
  -45.314  -23.871  -23.540  -23.211  -20.579  -12.115   -3.219   -2.649   -2.533   -2.428
   -0.628    0.515    3.427    6.451    6.838    7.474    8.224    9.676   10.018   11.192
   11.613   12.417   13.330   14.148   14.795   15.273
            0.494444  0.298298  0.000000
  -45.314  -23.871  -23.540  -23.211  -20.579  -12.115   -3.218   -2.650   -2.533   -2.427
   -0.628    0.512    3.428    6.451    6.838    7.473    8.222    9.679   10.020   11.193
   11.614   12.418   13.330   14.148   14.795   15.272
            0.493056  0.300703  0.000000
  -45.314  -23.871  -23.540  -23.211  -20.579  -12.115   -3.218   -2.651   -2.533   -2.426
   -0.628    0.509    3.430    6.452    6.838    7.472    8.219    9.684   10.023   11.195
   11.614   12.418   13.330   14.147   14.796   15.270
            0.491667  0.303109  0.000000
  -45.314  -23.871  -23.540  -23.212  -20.579  -12.114   -3.217   -2.652   -2.534   -2.424
   -0.628    0.506    3.431    6.452    6.838    7.471    8.216    9.689   10.027   11.197
   11.615   12.419   13.330   14.145   14.796   15.268
            0.490278  0.305515  0.000000
  -45.314  -23.870  -23.540  -23.212  -20.579  -12.114   -3.217   -2.653   -2.534   -2.422
   -0.628    0.502    3.434    6.453    6.838    7.469    8.212    9.695   10.031   11.199
   11.615   12.419   13.330   14.144   14.797   15.266
            0.488889  0.307920  0.000000
  -45.314  -23.870  -23.540  -23.213  -20.579  -12.114   -3.216   -2.655   -2.534   -2.420
   -0.628    0.497    3.436    6.454    6.838    7.467    8.207    9.702   10.036   11.202
   11.616   12.420   13.330   14.142   14.797   15.264
            0.487500  0.310326  0.000000
  -45.314  -23.870  -23.540  -23.213  -20.579  -12.114   -3.215   -2.656   -2.534   -2.418
   -0.628    0.491    3.439    6.455    6.838    7.465    8.202    9.710   10.042   11.205
   11.617   12.421   13.330   14.140   14.798   15.261
            0.486111  0.312731  0.000000
  -45.314  -23.870  -23.540  -23.214  -20.579  -12.113   -3.214   -2.658   -2.534   -2.415
   -0.628    0.485    3.443    6.457    6.838    7.462    8.196    9.719   10.048   11.209
   11.617   12.422   13.329   14.138   14.799   15.258
            0.484722  0.315137  0.000000
  -45.314  -23.869  -23.540  -23.215  -20.579  -12.113   -3.213   -2.660   -2.535   -2.412
   -0.628    0.478    3.446    6.458    6.837    7.460    8.190    9.728   10.055   11.213
   11.618   12.423   13.329   14.136   14.800   15.255
            0.483333  0.317543  0.000000
  -45.314  -23.869  -23.539  -23.216  -20.579  -12.112   -3.211   -2.663   -2.535   -2.409
   -0.629    0.471    3.450    6.459    6.837    7.457    8.183    9.738   10.062   11.218
   11.619   12.424   13.329   14.134   14.801   15.251
            0.481944  0.319948  0.000000
  -45.314  -23.869  -23.539  -23.216  -20.578  -12.112   -3.210   -2.665   -2.535   -2.406
   -0.629    0.463    3.455    6.461    6.837    7.454    8.176    9.749   10.071   11.222
   11.621   12.425   13.329   14.131   14.802   15.248
            0.480556  0.322354  0.000000
  -45.314  -23.868  -23.539  -23.217  -20.578  -12.111   -3.209   -2.667   -2.535   -2.402
   -0.629    0.455    3.459    6.463    6.837    7.450    8.168    9.760   10.080   11.228
   11.622   12.426   13.328   14.128   14.803   15.244
            0.479167  0.324760  0.000000
  -45.314  -23.868  -23.539  -23.218  -20.578  -12.111   -3.207   -2.670   -2.535   -2.399
   -0.629    0.445    3.464    6.464    6.837    7.447    8.160    9.772   10.089   11.233
   11.623   12.428   13.328   14.126   14.805   15.240
            0.477778  0.327165  0.000000
  -45.314  -23.867  -23.539  -23.219  -20.578  -12.110   -3.205   -2.673   -2.535   -2.395
   -0.629    0.436    3.470    6.466    6.837    7.443    8.152    9.784   10.100   11.239
   11.624   12.429   13.327   14.123   14.806   15.235
            0.476389  0.329571  0.000000
  -45.314  -23.867  -23.539  -23.221  -20.578  -12.110   -3.204   -2.676   -2.536   -2.391
   -0.629    0.425    3.475    6.468    6.837    7.439    8.143    9.797   10.111   11.246
   11.626   12.430   13.327   14.120   14.808   15.231
            0.475000  0.331976  0.000000
  -45.314  -23.866  -23.539  -23.222  -20.578  -12.109   -3.202   -2.678   -2.536   -2.387
   -0.629    0.415    3.481    6.470    6.837    7.435    8.134    9.810   10.123   11.253
   11.628   12.432   13.326   14.117   14.809   15.226
            0.473611  0.334382  0.000000
  -45.314  -23.866  -23.539  -23.223  -20.577  -12.108   -3.200   -2.681   -2.536   -2.383
   -0.629    0.403    3.487    6.472    6.836    7.431    8.124    9.823   10.136   11.260
   11.629   12.433   13.325   14.114   14.811   15.222
            0.472222  0.336788  0.000000
  -45.314  -23.865  -23.538  -23.224  -20.577  -12.108   -3.198   -2.685   -2.536   -2.379
   -0.629    0.392    3.494    6.474    6.836    7.426    8.115    9.837   10.150   11.268
   11.631   12.435   13.325   14.110   14.812   15.217
            0.470833  0.339193  0.000000
  -45.314  -23.865  -23.538  -23.226  -20.577  -12.107   -3.196   -2.688   -2.536   -2.375
   -0.630    0.379    3.500    6.477    6.836    7.422    8.105    9.850   10.164   11.276
   11.633   12.437   13.324   14.107   14.814   15.212
            0.469444  0.341599  0.000000
  -45.314  -23.864  -23.538  -23.227  -20.577  -12.106   -3.194   -2.691   -2.536   -2.370
   -0.630    0.366    3.507    6.479    6.835    7.417    8.095    9.865   10.179   11.284
   11.635   12.438   13.323   14.104   14.816   15.208
            0.468056  0.344005  0.000000
  -45.314  -23.863  -23.538  -23.229  -20.577  -12.105   -3.191   -2.694   -2.536   -2.366
   -0.630    0.353    3.514    6.481    6.835    7.413    8.085    9.879   10.195   11.293
   11.637   12.440   13.322   14.101   14.818   15.203
            0.466667  0.346410  0.000000
  -45.314  -23.863  -23.538  -23.230  -20.576  -12.104   -3.189   -2.697   -2.535   -2.361
   -0.630    0.339    3.522    6.484    6.834    7.408    8.074    9.893   10.212   11.303
   11.639   12.441   13.321   14.098   14.820   15.198
            0.465278  0.348816  0.000000
  -45.314  -23.862  -23.538  -23.232  -20.576  -12.104   -3.186   -2.701   -2.535   -2.356
   -0.630    0.325    3.530    6.486    6.833    7.404    8.064    9.907   10.230   11.312
   11.641   12.443   13.319   14.095   14.822   15.193
            0.463889  0.351221  0.000000
  -45.314  -23.861  -23.537  -23.234  -20.576  -12.103   -3.184   -2.704   -2.535   -2.352
   -0.631    0.310    3.538    6.488    6.833    7.399    8.053    9.921   10.248   11.323
   11.643   12.445   13.318   14.092   14.824   15.188
            0.462500  0.353627  0.000000
  -45.314  -23.861  -23.537  -23.235  -20.576  -12.102   -3.181   -2.707   -2.535   -2.347
   -0.631    0.295    3.546    6.491    6.832    7.394    8.042    9.936   10.267   11.334
   11.646   12.446   13.317   14.089   14.826   15.184
            0.461111  0.356033  0.000000
  -45.314  -23.860  -23.537  -23.237  -20.575  -12.101   -3.179   -2.711   -2.535   -2.342
   -0.631    0.279    3.554    6.493    6.831    7.389    8.031    9.950   10.287   11.345
   11.648   12.448   13.315   14.086   14.828   15.179
            0.459722  0.358438  0.000000
  -45.314  -23.859  -23.537  -23.239  -20.575  -12.100   -3.176   -2.714   -2.535   -2.337
   -0.631    0.263    3.563    6.496    6.830    7.385    8.021    9.964   10.308   11.356
   11.651   12.450   13.314   14.084   14.830   15.174
            0.458333  0.360844  0.000000
  -45.313  -23.858  -23.537  -23.241  -20.575  -12.099   -3.173   -2.718   -2.534   -2.332
   -0.631    0.247    3.572    6.498    6.829    7.380    8.010    9.978   10.329   11.369
   11.653   12.451   13.312   14.081   14.832   15.170
            0.456944  0.363250  0.000000
  -45.313  -23.857  -23.536  -23.243  -20.575  -12.098   -3.170   -2.721   -2.534   -2.327
   -0.632    0.230    3.581    6.501    6.827    7.375    7.998    9.992   10.351   11.381
   11.656   12.453   13.311   14.079   14.834   15.166
            0.455556  0.365655  0.000000
  -45.313  -23.856  -23.536  -23.245  -20.574  -12.097   -3.167   -2.725   -2.534   -2.322
   -0.632    0.213    3.590    6.503    6.826    7.371    7.987   10.006   10.374   11.394
   11.659   12.454   13.309   14.077   14.836   15.161
            0.454167  0.368061  0.000000
  -45.313  -23.856  -23.536  -23.247  -20.574  -12.095   -3.164   -2.728   -2.533   -2.317
   -0.632    0.196    3.599    6.506    6.824    7.366    7.976   10.020   10.398   11.408
   11.662   12.455   13.307   14.076   14.838   15.157
            0.452778  0.370466  0.000000
  -45.313  -23.855  -23.536  -23.249  -20.574  -12.094   -3.161   -2.731   -2.533   -2.311
   -0.633    0.178    3.609    6.508    6.823    7.362    7.965   10.033   10.422   11.422
   11.665   12.457   13.305   14.074   14.840   15.153
            0.451389  0.372872  0.000000
  -45.313  -23.854  -23.535  -23.251  -20.573  -12.093   -3.158   -2.735   -2.533   -2.306
   -0.633    0.160    3.619    6.510    6.821    7.358    7.954   10.047   10.446   11.436
   11.668   12.458   13.303   14.073   14.842   15.150
            0.450000  0.375278  0.000000
  -45.313  -23.853  -23.535  -23.253  -20.573  -12.092   -3.155   -2.738   -2.532   -2.301
   -0.633    0.141    3.628    6.513    6.819    7.354    7.943   10.060   10.471   11.451
   11.672   12.459   13.302   14.072   14.844   15.146
            0.448611  0.377683  0.000000
  -45.313  -23.852  -23.535  -23.256  -20.573  -12.091   -3.152   -2.741   -2.532   -2.295
   -0.634    0.123    3.639    6.515    6.816    7.350    7.932   10.073   10.497   11.466
   11.675   12.460   13.300   14.071   14.846   15.143
            0.447222  0.380089  0.000000
  -45.313  -23.851  -23.535  -23.258  -20.572  -12.089   -3.149   -2.744   -2.531   -2.290
   -0.634    0.104    3.649    6.517    6.814    7.347    7.921   10.086   10.523   11.482
   11.678   12.460   13.298   14.071   14.848   15.140
            0.445833  0.382495  0.000000
  -45.313  -23.850  -23.534  -23.260  -20.572  -12.088   -3.145   -2.748   -2.531   -2.284
   -0.634    0.084    3.659    6.519    6.811    7.343    7.910   10.099   10.550   11.499
   11.682   12.461   13.297   14.071   14.849   15.137
            0.444444  0.384900  0.000000
  -45.313  -23.848  -23.534  -23.263  -20.572  -12.087   -3.142   -2.751   -2.531   -2.279
   -0.635    0.065    3.670    6.521    6.809    7.340    7.899   10.112   10.577   11.515
   11.686   12.462   13.295   14.071   14.851   15.135
            0.443056  0.387306  0.000000
  -45.313  -23.847  -23.534  -23.265  -20.571  -12.086   -3.139   -2.754   -2.530   -2.273
   -0.635    0.045    3.680    6.523    6.806    7.337    7.888   10.124   10.604   11.533
   11.690   12.462   13.294   14.072   14.852   15.132
            0.441667  0.389711  0.000000
  -45.313  -23.846  -23.533  -23.268  -20.571  -12.084   -3.136   -2.757   -2.530   -2.267
   -0.636    0.025    3.691    6.525    6.802    7.335    7.877   10.137   10.632   11.550
   11.693   12.462   13.293   14.073   14.854   15.130
            0.440278  0.392117  0.000000
  -45.313  -23.845  -23.533  -23.270  -20.571  -12.083   -3.132   -2.760   -2.529   -2.262
   -0.636    0.005    3.702    6.527    6.799    7.332    7.866   10.149   10.660   11.568
   11.698   12.462   13.292   14.074   14.855   15.129
            0.438889  0.394523  0.000000
  -45.312  -23.844  -23.533  -23.273  -20.570  -12.081   -3.129   -2.763   -2.529   -2.256
   -0.637   -0.015    3.713    6.528    6.795    7.330    7.856   10.161   10.688   11.587
   11.702   12.462   13.291   14.075   14.855   15.127
            0.437500  0.396928  0.000000
  -45.312  -23.843  -23.533  -23.275  -20.570  -12.080   -3.126   -2.766   -2.528   -2.250
   -0.637   -0.036    3.724    6.530    6.792    7.328    7.845   10.173   10.717   11.606
   11.706   12.462   13.290   14.077   14.856   15.126
            0.436111  0.399334  0.000000
  -45.312  -23.842  -23.532  -23.278  -20.570  -12.079   -3.123   -2.768   -2.527   -2.244
   -0.638   -0.057    3.735    6.531    6.788    7.327    7.835   10.185   10.745   11.625
   11.711   12.462   13.290   14.079   14.856   15.126
            0.434722  0.401740  0.000000
  -45.312  -23.840  -23.532  -23.281  -20.569  -12.077   -3.119   -2.771   -2.527   -2.238
   -0.638   -0.078    3.746    6.533    6.783    7.326    7.824   10.196   10.774   11.644
   11.716   12.461   13.290   14.082   14.857   15.125
            0.433333  0.404145  0.000000
  -45.312  -23.839  -23.532  -23.283  -20.569  -12.076   -3.116   -2.773   -2.526   -2.233
   -0.639   -0.098    3.758    6.534    6.779    7.325    7.814   10.208   10.803   11.663
   11.722   12.461   13.290   14.084   14.856   15.125
            0.431944  0.406551  0.000000
  -45.312  -23.838  -23.531  -23.286  -20.569  -12.074   -3.113   -2.776   -2.526   -2.227
   -0.640   -0.120    3.769    6.535    6.774    7.324    7.803   10.219   10.833   11.682
   11.728   12.460   13.291   14.087   14.856   15.126
            0.430556  0.408956  0.000000
  -45.312  -23.837  -23.531  -23.289  -20.568  -12.073   -3.110   -2.778   -2.525   -2.221
   -0.641   -0.141    3.781    6.536    6.770    7.324    7.793   10.230   10.862   11.699
   11.737   12.459   13.292   14.091   14.855   15.127
            0.429167  0.411362  0.000000
  -45.312  -23.835  -23.531  -23.291  -20.568  -12.071   -3.107   -2.780   -2.524   -2.215
   -0.641   -0.162    3.792    6.537    6.765    7.324    7.783   10.241   10.891   11.714
   11.748   12.459   13.293   14.094   14.854   15.128
            0.427778  0.413768  0.000000
  -45.312  -23.834  -23.530  -23.294  -20.567  -12.070   -3.104   -2.783   -2.524   -2.208
   -0.642   -0.183    3.804    6.538    6.760    7.324    7.773   10.251   10.921   11.724
   11.764   12.458   13.295   14.098   14.852   15.129
            0.426389  0.416173  0.000000
  -45.312  -23.833  -23.530  -23.297  -20.567  -12.068   -3.101   -2.784   -2.523   -2.202
   -0.643   -0.205    3.816    6.538    6.755    7.325    7.763   10.262   10.951   11.733
   11.782   12.458   13.297   14.102   14.851   15.131
            0.425000  0.418579  0.000000
  -45.312  -23.831  -23.530  -23.300  -20.567  -12.066   -3.098   -2.786   -2.522   -2.196
   -0.644   -0.226    3.828    6.539    6.749    7.325    7.754   10.272   10.980   11.739
   11.802   12.458   13.300   14.106   14.848   15.134
            0.423611  0.420985  0.000000
  -45.311  -23.830  -23.529  -23.303  -20.566  -12.065   -3.095   -2.788   -2.521   -2.190
   -0.645   -0.247    3.839    6.539    6.744    7.327    7.744   10.282   11.010   11.746
   11.823   12.458   13.303   14.111   14.846   15.136
            0.422222  0.423390  0.000000
  -45.311  -23.829  -23.529  -23.306  -20.566  -12.063   -3.092   -2.790   -2.521   -2.184
   -0.647   -0.269    3.851    6.539    6.738    7.328    7.734   10.292   11.039   11.752
   11.843   12.458   13.307   14.115   14.843   15.140
            0.420833  0.425796  0.000000
  -45.311  -23.827  -23.529  -23.309  -20.566  -12.062   -3.090   -2.791   -2.520   -2.177
   -0.648   -0.290    3.863    6.539    6.733    7.329    7.725   10.301   11.069   11.757
   11.864   12.460   13.311   14.120   14.839   15.143
            0.419444  0.428201  0.000000
  -45.311  -23.826  -23.528  -23.312  -20.565  -12.060   -3.087   -2.792   -2.519   -2.171
   -0.650   -0.311    3.875    6.539    6.727    7.331    7.716   10.311   11.098   11.763
   11.885   12.461   13.315   14.125   14.836   15.147
            0.418056  0.430607  0.000000
  -45.311  -23.825  -23.528  -23.315  -20.565  -12.058   -3.085   -2.793   -2.518   -2.164
   -0.651   -0.332    3.887    6.539    6.721    7.333    7.707   10.320   11.128   11.769
   11.905   12.464   13.320   14.130   14.831   15.151
            0.416667  0.433013  0.000000
  -45.311  -23.823  -23.528  -23.317  -20.565  -12.057   -3.082   -2.794   -2.518   -2.158
   -0.653   -0.353    3.899    6.538    6.716    7.335    7.698   10.329   11.157   11.775
   11.925   12.468   13.326   14.135   14.827   15.156
            0.415278  0.435418  0.000000
  -45.311  -23.822  -23.527  -23.320  -20.564  -12.055   -3.080   -2.795   -2.517   -2.151
   -0.656   -0.373    3.911    6.538    6.710    7.337    7.689   10.337   11.186   11.781
   11.944   12.473   13.332   14.140   14.822   15.160
            0.413889  0.437824  0.000000
  -45.311  -23.820  -23.527  -23.323  -20.564  -12.054   -3.078   -2.796   -2.516   -2.145
   -0.658   -0.393    3.923    6.537    6.704    7.340    7.680   10.346   11.215   11.787
   11.962   12.479   13.338   14.145   14.816   15.165
            0.412500  0.440230  0.000000
  -45.311  -23.819  -23.527  -23.326  -20.563  -12.052   -3.076   -2.796   -2.515   -2.138
   -0.661   -0.413    3.935    6.536    6.698    7.342    7.672   10.354   11.244   11.793
   11.978   12.487   13.345   14.150   14.811   15.171
            0.411111  0.442635  0.000000
  -45.311  -23.818  -23.526  -23.329  -20.563  -12.050   -3.074   -2.797   -2.514   -2.132
   -0.665   -0.433    3.947    6.535    6.693    7.345    7.664   10.362   11.273   11.799
   11.994   12.496   13.352   14.155   14.804   15.176
            0.409722  0.445041  0.000000
  -45.310  -23.816  -23.526  -23.332  -20.563  -12.049   -3.073   -2.797   -2.514   -2.125
   -0.669   -0.451    3.959    6.533    6.687    7.348    7.656   10.369   11.302   11.806
   12.008   12.507   13.360   14.159   14.798   15.182
            0.408333  0.447446  0.000000
  -45.310  -23.815  -23.526  -23.335  -20.562  -12.047   -3.071   -2.797   -2.513   -2.118
   -0.674   -0.469    3.971    6.532    6.682    7.350    7.648   10.377   11.330   11.812
   12.020   12.521   13.368   14.164   14.791   15.188
            0.406944  0.449852  0.000000
  -45.310  -23.813  -23.526  -23.338  -20.562  -12.045   -3.070   -2.797   -2.512   -2.111
   -0.680   -0.487    3.983    6.530    6.676    7.353    7.640   10.384   11.359   11.819
   12.031   12.536   13.377   14.168   14.784   15.194
            0.405556  0.452258  0.000000
  -45.310  -23.812  -23.525  -23.341  -20.562  -12.044   -3.068   -2.796   -2.511   -2.104
   -0.686   -0.503    3.994    6.529    6.671    7.356    7.633   10.390   11.387   11.825
   12.041   12.554   13.386   14.173   14.776   15.200
            0.404167  0.454663  0.000000
  -45.310  -23.810  -23.525  -23.344  -20.561  -12.042   -3.067   -2.796   -2.510   -2.097
   -0.694   -0.517    4.006    6.527    6.666    7.358    7.626   10.397   11.414   11.832
   12.048   12.573   13.395   14.176   14.768   15.207
            0.402778  0.457069  0.000000
  -45.310  -23.809  -23.525  -23.347  -20.561  -12.040   -3.066   -2.795   -2.509   -2.090
   -0.703   -0.531    4.018    6.525    6.661    7.361    7.620   10.403   11.442   11.839
   12.055   12.594   13.405   14.180   14.760   15.213
            0.401389  0.459475  0.000000
  -45.310  -23.808  -23.524  -23.350  -20.561  -12.039   -3.066   -2.794   -2.508   -2.083
   -0.714   -0.543    4.030    6.522    6.656    7.363    7.613   10.409   11.470   11.846
   12.060   12.618   13.415   14.183   14.751   15.220
            0.400000  0.461880  0.000000
  -45.310  -23.806  -23.524  -23.353  -20.560  -12.037   -3.065   -2.793   -2.507   -2.076
   -0.726   -0.554    4.041    6.520    6.651    7.365    7.607   10.415   11.497   11.853
   12.063   12.642   13.425   14.185   14.743   15.226
            0.398611  0.464286  0.000000
  -45.310  -23.805  -23.524  -23.356  -20.560  -12.036   -3.064   -2.792   -2.506   -2.069
   -0.739   -0.563    4.053    6.518    6.646    7.367    7.602   10.420   11.523   11.860
   12.066   12.669   13.436   14.187   14.734   15.233
            0.397222  0.466691  0.000000
  -45.310  -23.803  -23.523  -23.359  -20.560  -12.034   -3.064   -2.791   -2.505   -2.061
   -0.754   -0.570    4.064    6.515    6.642    7.369    7.597   10.425   11.550   11.868
   12.068   12.696   13.447   14.188   14.726   15.239
            0.395833  0.469097  0.000000
  -45.310  -23.802  -23.523  -23.362  -20.559  -12.032   -3.064   -2.789   -2.505   -2.054
   -0.770   -0.577    4.076    6.512    6.637    7.371    7.592   10.430   11.576   11.875
   12.070   12.725   13.458   14.188   14.717   15.245
            0.394444  0.471503  0.000000
  -45.309  -23.800  -23.523  -23.365  -20.559  -12.031   -3.063   -2.788   -2.504   -2.046
   -0.786   -0.582    4.087    6.509    6.633    7.372    7.588   10.434   11.602   11.883
   12.070   12.755   13.469   14.187   14.709   15.251
            0.393056  0.473908  0.000000
  -45.309  -23.799  -23.522  -23.368  -20.559  -12.029   -3.063   -2.786   -2.503   -2.039
   -0.804   -0.587    4.098    6.506    6.629    7.373    7.584   10.439   11.627   11.890
   12.071   12.786   13.481   14.185   14.700   15.256
            0.391667  0.476314  0.000000
  -45.309  -23.798  -23.522  -23.370  -20.559  -12.028   -3.063   -2.785   -2.502   -2.031
   -0.822   -0.591    4.109    6.503    6.626    7.373    7.581   10.442   11.651   11.899
   12.071   12.818   13.492   14.182   14.693   15.261
            0.390278  0.478720  0.000000
  -45.309  -23.796  -23.522  -23.373  -20.558  -12.026   -3.063   -2.783   -2.501   -2.023
   -0.840   -0.595    4.120    6.500    6.622    7.373    7.578   10.446   11.675   11.907
   12.072   12.850   13.504   14.178   14.685   15.266
            0.388889  0.481125  0.000000
  -45.309  -23.795  -23.521  -23.376  -20.558  -12.024   -3.064   -2.781   -2.500   -2.016
   -0.859   -0.597    4.131    6.497    6.619    7.372    7.576   10.449   11.697   11.916
   12.072   12.883   13.516   14.172   14.679   15.270
            0.387500  0.483531  0.000000
  -45.309  -23.793  -23.521  -23.379  -20.558  -12.023   -3.064   -2.779   -2.499   -2.008
   -0.878   -0.600    4.141    6.494    6.615    7.371    7.575   10.453   11.719   11.925
   12.073   12.916   13.527   14.166   14.673   15.274
            0.386111  0.485936  0.000000
  -45.309  -23.792  -23.521  -23.382  -20.557  -12.021   -3.064   -2.777   -2.498   -2.000
   -0.897   -0.602    4.152    6.491    6.612    7.370    7.574   10.455   11.740   11.936
   12.074   12.949   13.539   14.158   14.668   15.277
            0.384722  0.488342  0.000000
  -45.309  -23.791  -23.521  -23.384  -20.557  -12.020   -3.065   -2.775   -2.497   -1.992
   -0.917   -0.604    4.162    6.488    6.609    7.368    7.573   10.458   11.758   11.947
   12.076   12.982   13.550   14.149   14.663   15.279
            0.383333  0.490748  0.000000
  -45.309  -23.789  -23.520  -23.387  -20.557  -12.018   -3.065   -2.773   -2.496   -1.984
   -0.936   -0.606    4.172    6.484    6.606    7.366    7.573   10.460   11.775   11.959
   12.078   13.016   13.561   14.138   14.660   15.281
            0.381944  0.493153  0.000000
  -45.309  -23.788  -23.520  -23.389  -20.557  -12.017   -3.066   -2.771   -2.495   -1.976
   -0.956   -0.607    4.182    6.481    6.603    7.363    7.574   10.462   11.790   11.973
   12.081   13.049   13.572   14.127   14.657   15.282
            0.380556  0.495559  0.000000
  -45.309  -23.787  -23.520  -23.392  -20.556  -12.016   -3.067   -2.769   -2.494   -1.967
   -0.975   -0.608    4.192    6.478    6.601    7.360    7.575   10.464   11.803   11.988
   12.085   13.081   13.582   14.115   14.655   15.283
            0.379167  0.497965  0.000000
  -45.308  -23.785  -23.519  -23.394  -20.556  -12.014   -3.067   -2.767   -2.493   -1.959
   -0.994   -0.610    4.202    6.475    6.598    7.357    7.576   10.465   11.814   12.004
   12.089   13.114   13.591   14.103   14.655   15.284
            0.377778  0.500370  0.000000
  -45.308  -23.784  -23.519  -23.397  -20.556  -12.013   -3.068   -2.765   -2.492   -1.951
   -1.014   -0.611    4.211    6.473    6.596    7.353    7.578   10.467   11.823   12.022
   12.095   13.145   13.600   14.090   14.655   15.285
            0.376389  0.502776  0.000000
  -45.308  -23.783  -23.519  -23.399  -20.556  -12.011   -3.069   -2.763   -2.491   -1.942
   -1.033   -0.612    4.220    6.470    6.594    7.349    7.580   10.468   11.830   12.042
   12.100   13.176   13.608   14.077   14.655   15.286
            0.375000  0.505181  0.000000
  -45.308  -23.782  -23.519  -23.402  -20.556  -12.010   -3.070   -2.760   -2.490   -1.934
   -1.052   -0.613    4.229    6.467    6.592    7.345    7.582   10.468   11.835   12.062
   12.107   13.206   13.616   14.065   14.657   15.287
            0.373611  0.507587  0.000000
  -45.308  -23.781  -23.518  -23.404  -20.555  -12.009   -3.071   -2.758   -2.489   -1.925
   -1.071   -0.613    4.238    6.465    6.589    7.341    7.584   10.469   11.839   12.083
   12.114   13.234   13.622   14.053   14.659   15.289
            0.372222  0.509993  0.000000
  -45.308  -23.779  -23.518  -23.406  -20.555  -12.007   -3.071   -2.756   -2.488   -1.916
   -1.090   -0.614    4.247    6.462    6.587    7.336    7.587   10.469   11.842   12.105
   12.122   13.260   13.628   14.042   14.662   15.291
            0.370833  0.512398  0.000000
  -45.308  -23.778  -23.518  -23.408  -20.555  -12.006   -3.072   -2.754   -2.487   -1.908
   -1.108   -0.615    4.255    6.460    6.585    7.332    7.590   10.470   11.843   12.128
   12.131   13.284   13.633   14.033   14.665   15.293
            0.369444  0.514804  0.000000
  -45.308  -23.777  -23.518  -23.411  -20.555  -12.005   -3.073   -2.752   -2.486   -1.899
   -1.127   -0.615    4.263    6.458    6.584    7.327    7.593   10.470   11.844   12.140
   12.151   13.305   13.638   14.025   14.669   15.296
            0.368056  0.517210  0.000000
  -45.308  -23.776  -23.518  -23.413  -20.555  -12.004   -3.074   -2.750   -2.485   -1.890
   -1.145   -0.616    4.271    6.456    6.582    7.323    7.596   10.470   11.845   12.150
   12.175   13.322   13.643   14.019   14.674   15.300
            0.366667  0.519615  0.000000
  -45.308  -23.775  -23.517  -23.415  -20.554  -12.003   -3.075   -2.748   -2.485   -1.881
   -1.163   -0.616    4.278    6.454    6.580    7.318    7.599   10.469   11.845   12.160
   12.198   13.334   13.649   14.015   14.679   15.304
            0.365278  0.522021  0.000000
  -45.308  -23.774  -23.517  -23.416  -20.554  -12.001   -3.076   -2.746   -2.484   -1.872
   -1.180   -0.617    4.285    6.452    6.579    7.313    7.602   10.469   11.844   12.170
   12.222   13.342   13.657   14.012   14.684   15.310
            0.363889  0.524426  0.000000
  -45.308  -23.773  -23.517  -23.418  -20.554  -12.000   -3.077   -2.745   -2.483   -1.863
   -1.198   -0.617    4.292    6.451    6.577    7.309    7.605   10.468   11.844   12.181
   12.246   13.344   13.667   14.012   14.690   15.316
            0.362500  0.526832  0.000000
  -45.308  -23.772  -23.517  -23.420  -20.554  -11.999   -3.078   -2.743   -2.482   -1.854
   -1.215   -0.618    4.299    6.450    6.576    7.304    7.608   10.468   11.843   12.192
   12.270   13.341   13.679   14.013   14.696   15.322
            0.361111  0.529238  0.000000
  -45.308  -23.771  -23.517  -23.422  -20.554  -11.998   -3.078   -2.741   -2.481   -1.845
   -1.231   -0.618    4.306    6.449    6.574    7.299    7.611   10.467   11.842   12.204
   12.294   13.332   13.693   14.015   14.703   15.329
            0.359722  0.531643  0.000000
  -45.307  -23.771  -23.517  -23.423  -20.554  -11.997   -3.079   -2.739   -2.481   -1.836
   -1.248   -0.618    4.312    6.448    6.573    7.295    7.614   10.466   11.840   12.216
   12.319   13.319   13.708   14.018   14.710   15.337
            0.358333  0.534049  0.000000
  -45.307  -23.770  -23.516  -23.425  -20.553  -11.996   -3.080   -2.738   -2.480   -1.827
   -1.264   -0.619    4.318    6.447    6.571    7.291    7.616   10.465   11.839   12.228
   12.343   13.301   13.726   14.022   14.717   15.346
            0.356944  0.536455  0.000000
  -45.307  -23.769  -23.516  -23.426  -20.553  -11.995   -3.081   -2.736   -2.479   -1.818
   -1.280   -0.619    4.323    6.446    6.570    7.286    7.619   10.464   11.838   12.241
   12.367   13.280   13.744   14.027   14.724   15.355
            0.355556  0.538860  0.000000
  -45.307  -23.768  -23.516  -23.428  -20.553  -11.995   -3.082   -2.735   -2.478   -1.809
   -1.295   -0.619    4.328    6.446    6.569    7.282    7.622   10.463   11.836   12.253
   12.391   13.256   13.762   14.032   14.732   15.365
            0.354167  0.541266  0.000000
  -45.307  -23.768  -23.516  -23.429  -20.553  -11.994   -3.082   -2.734   -2.478   -1.800
   -1.310   -0.619    4.333    6.445    6.568    7.278    7.624   10.462   11.835   12.266
   12.415   13.230   13.780   14.037   14.741   15.375
            0.352778  0.543672  0.000000
  -45.307  -23.767  -23.516  -23.430  -20.553  -11.993   -3.083   -2.732   -2.477   -1.791
   -1.324   -0.620    4.338    6.445    6.567    7.275    7.627   10.461   11.834   12.279
   12.440   13.202   13.799   14.042   14.749   15.385
            0.351389  0.546077  0.000000
  -45.307  -23.766  -23.516  -23.432  -20.553  -11.992   -3.084   -2.731   -2.477   -1.783
   -1.338   -0.620    4.342    6.445    6.566    7.271    7.629   10.460   11.833   12.293
   12.464   13.173   13.816   14.048   14.758   15.395
            0.350000  0.548483  0.000000
  -45.307  -23.766  -23.516  -23.433  -20.553  -11.992   -3.084   -2.730   -2.476   -1.774
   -1.351   -0.620    4.346    6.445    6.565    7.268    7.631   10.459   11.831   12.306
   12.488   13.142   13.833   14.053   14.766   15.405
            0.348611  0.550888  0.000000
  -45.307  -23.765  -23.516  -23.434  -20.553  -11.991   -3.085   -2.729   -2.476   -1.766
   -1.364   -0.620    4.350    6.445    6.564    7.264    7.633   10.458   11.830   12.319
   12.511   13.110   13.849   14.059   14.775   15.415
            0.347222  0.553294  0.000000
  -45.307  -23.765  -23.515  -23.435  -20.553  -11.990   -3.085   -2.728   -2.475   -1.758
   -1.376   -0.620    4.353    6.445    6.563    7.261    7.635   10.457   11.829   12.333
   12.535   13.078   13.864   14.064   14.784   15.423
            0.345833  0.555700  0.000000
  -45.307  -23.765  -23.515  -23.435  -20.553  -11.990   -3.086   -2.728   -2.475   -1.750
   -1.388   -0.620    4.356    6.446    6.562    7.259    7.637   10.456   11.829   12.346
   12.559   13.045   13.878   14.068   14.792   15.430
            0.344444  0.558105  0.000000
  -45.307  -23.764  -23.515  -23.436  -20.553  -11.989   -3.086   -2.727   -2.474   -1.743
   -1.398   -0.620    4.359    6.446    6.561    7.256    7.638   10.455   11.828   12.359
   12.582   13.012   13.890   14.073   14.800   15.435
            0.343056  0.560511  0.000000
  -45.307  -23.764  -23.515  -23.437  -20.552  -11.989   -3.087   -2.726   -2.474   -1.737
   -1.408   -0.620    4.361    6.446    6.560    7.254    7.640   10.454   11.827   12.372
   12.605   12.979   13.901   14.077   14.808   15.437
            0.341667  0.562917  0.000000
  -45.307  -23.764  -23.515  -23.437  -20.552  -11.989   -3.087   -2.726   -2.474   -1.731
   -1.416   -0.621    4.363    6.447    6.560    7.252    7.641   10.453   11.826   12.384
   12.628   12.945   13.910   14.081   14.815   15.437
            0.340278  0.565322  0.000000
  -45.307  -23.763  -23.515  -23.438  -20.552  -11.988   -3.087   -2.725   -2.474   -1.725
   -1.424   -0.621    4.365    6.447    6.559    7.251    7.642   10.452   11.826   12.396
   12.651   12.913   13.918   14.084   14.821   15.434
            0.338889  0.567728  0.000000
  -45.307  -23.763  -23.515  -23.438  -20.552  -11.988   -3.088   -2.725   -2.473   -1.721
   -1.430   -0.621    4.366    6.448    6.559    7.249    7.643   10.452   11.825   12.407
   12.673   12.881   13.925   14.087   14.826   15.431
            0.337500  0.570133  0.000000
  -45.307  -23.763  -23.515  -23.438  -20.552  -11.988   -3.088   -2.724   -2.473   -1.717
   -1.435   -0.621    4.367    6.448    6.558    7.248    7.643   10.451   11.825   12.416
   12.695   12.851   13.930   14.090   14.830   15.427
            0.336111  0.572539  0.000000
  -45.307  -23.763  -23.515  -23.439  -20.552  -11.988   -3.088   -2.724   -2.473   -1.714
   -1.439   -0.621    4.368    6.448    6.558    7.247    7.644   10.451   11.825   12.424
   12.716   12.823   13.933   14.092   14.833   15.424
            0.334722  0.574945  0.000000
  -45.307  -23.763  -23.515  -23.439  -20.552  -11.988   -3.088   -2.724   -2.473   -1.713
   -1.441   -0.621    4.369    6.448    6.558    7.247    7.644   10.451   11.825   12.429
   12.733   12.801   13.935   14.093   14.835   15.421
            0.333333  0.577350  0.000000
  -45.307  -23.763  -23.515  -23.439  -20.552  -11.987   -3.088   -2.724   -2.473   -1.712
   -1.442   -0.621    4.369    6.448    6.558    7.247    7.644   10.451   11.825   12.431
   12.741   12.791   13.936   14.093   14.836   15.420
            0.330556  0.572539  0.000000
  -45.307  -23.763  -23.515  -23.439  -20.552  -11.988   -3.088   -2.724   -2.473   -1.714
   -1.439   -0.621    4.368    6.448    6.558    7.247    7.644   10.451   11.825   12.421
   12.725   12.817   13.933   14.091   14.833   15.424
            0.327778  0.567728  0.000000
  -45.307  -23.763  -23.515  -23.438  -20.552  -11.988   -3.088   -2.725   -2.473   -1.720
   -1.431   -0.621    4.366    6.447    6.559    7.249    7.643   10.452   11.825   12.390
   12.715   12.856   13.927   14.085   14.827   15.435
            0.325000  0.562917  0.000000
  -45.307  -23.763  -23.515  -23.437  -20.552  -11.989   -3.087   -2.725   -2.474   -1.729
   -1.418   -0.621    4.363    6.445    6.560    7.252    7.641   10.453   11.826   12.340
   12.722   12.896   13.916   14.075   14.818   15.452
            0.322222  0.558105  0.000000
  -45.307  -23.764  -23.515  -23.436  -20.553  -11.989   -3.086   -2.726   -2.474   -1.740
   -1.401   -0.620    4.359    6.442    6.563    7.256    7.639   10.456   11.828   12.277
   12.741   12.935   13.902   14.059   14.807   15.468
            0.319444  0.553294  0.000000
  -45.307  -23.765  -23.515  -23.435  -20.553  -11.991   -3.085   -2.728   -2.475   -1.752
   -1.382   -0.620    4.354    6.438    6.566    7.261    7.637   10.458   11.829   12.207
   12.767   12.972   13.886   14.040   14.795   15.463
            0.316667  0.548483  0.000000
  -45.307  -23.765  -23.516  -23.433  -20.553  -11.992   -3.084   -2.729   -2.476   -1.766
   -1.360   -0.620    4.348    6.433    6.569    7.267    7.634   10.462   11.831   12.133
   12.798   13.007   13.866   14.018   14.782   15.433
            0.313889  0.543672  0.000000
  -45.307  -23.766  -23.516  -23.431  -20.553  -11.994   -3.083   -2.731   -2.477   -1.779
   -1.337   -0.620    4.341    6.426    6.573    7.273    7.631   10.466   11.833   12.056
   12.831   13.039   13.844   13.993   14.769   15.398
            0.311111  0.538860  0.000000
  -45.307  -23.767  -23.516  -23.429  -20.553  -11.996   -3.081   -2.733   -2.478   -1.792
   -1.312   -0.619    4.333    6.419    6.578    7.280    7.628   10.470   11.836   11.978
   12.864   13.069   13.819   13.969   14.756   15.363
            0.308333  0.534049  0.000000
  -45.308  -23.768  -23.517  -23.426  -20.553  -11.998   -3.079   -2.735   -2.480   -1.805
   -1.286   -0.619    4.324    6.410    6.584    7.286    7.626   10.475   11.839   11.898
   12.898   13.097   13.791   13.946   14.741   15.331
            0.305556  0.529238  0.000000
  -45.308  -23.768  -23.517  -23.424  -20.554  -12.001   -3.077   -2.737   -2.481   -1.817
   -1.259   -0.619    4.315    6.401    6.589    7.292    7.624   10.480   11.817   11.843
   12.929   13.122   13.760   13.926   14.726   15.302
            0.302778  0.524426  0.000000
  -45.308  -23.769  -23.517  -23.421  -20.554  -12.004   -3.075   -2.738   -2.482   -1.829
   -1.232   -0.618    4.305    6.391    6.596    7.298    7.623   10.485   11.736   11.846
   12.957   13.147   13.728   13.908   14.710   15.276
            0.300000  0.519615  0.000000
  -45.308  -23.770  -23.518  -23.417  -20.554  -12.007   -3.072   -2.740   -2.484   -1.840
   -1.204   -0.617    4.294    6.379    6.602    7.302    7.624   10.490   11.655   11.850
   12.979   13.171   13.693   13.895   14.694   15.254
            0.297222  0.514804  0.000000
  -45.308  -23.771  -23.519  -23.414  -20.554  -12.010   -3.070   -2.742   -2.486   -1.851
   -1.175   -0.617    4.282    6.367    6.609    7.305    7.625   10.495   11.574   11.855
   12.992   13.198   13.658   13.885   14.679   15.234
            0.294444  0.509993  0.000000
  -45.308  -23.772  -23.519  -23.410  -20.555  -12.014   -3.067   -2.744   -2.488   -1.860
   -1.146   -0.616    4.270    6.355    6.616    7.306    7.629   10.500   11.493   11.860
   12.996   13.229   13.623   13.878   14.664   15.217
            0.291667  0.505181  0.000000
  -45.309  -23.773  -23.520  -23.407  -20.555  -12.018   -3.064   -2.746   -2.489   -1.869
   -1.117   -0.615    4.257    6.342    6.623    7.305    7.634   10.504   11.412   11.865
   12.988   13.264   13.588   13.874   14.651   15.202
            0.288889  0.500370  0.000000
  -45.309  -23.773  -23.521  -23.403  -20.555  -12.023   -3.061   -2.747   -2.491   -1.877
   -1.088   -0.614    4.244    6.328    6.631    7.302    7.640   10.507   11.332   11.871
   12.972   13.302   13.553   13.873   14.641   15.188
            0.286111  0.495559  0.000000
  -45.309  -23.774  -23.521  -23.399  -20.556  -12.028   -3.058   -2.748   -2.493   -1.884
   -1.058   -0.612    4.231    6.313    6.638    7.297    7.649   10.509   11.252   11.878
   12.948   13.342   13.519   13.874   14.633   15.176
            0.283333  0.490748  0.000000
  -45.310  -23.774  -23.522  -23.395  -20.556  -12.033   -3.055   -2.749   -2.496   -1.890
   -1.029   -0.610    4.217    6.298    6.646    7.290    7.658   10.510   11.173   11.885
   12.918   13.383   13.486   13.876   14.629   15.165
            0.280556  0.485936  0.000000
  -45.310  -23.775  -23.523  -23.390  -20.556  -12.038   -3.052   -2.750   -2.498   -1.896
   -0.999   -0.608    4.203    6.283    6.654    7.281    7.669   10.508   11.095   11.893
   12.884   13.424   13.453   13.880   14.629   15.156
            0.277778  0.481125  0.000000
  -45.310  -23.775  -23.524  -23.386  -20.557  -12.044   -3.049   -2.750   -2.500   -1.900
   -0.970   -0.605    4.189    6.268    6.662    7.271    7.681   10.503   11.019   11.901
   12.846   13.417   13.468   13.886   14.632   15.147
            0.275000  0.476314  0.000000
  -45.310  -23.775  -23.525  -23.381  -20.557  -12.050   -3.046   -2.749   -2.502   -1.904
   -0.942   -0.601    4.174    6.252    6.670    7.259    7.693   10.495   10.945   11.910
   12.805   13.384   13.507   13.895   14.639   15.140
            0.272222  0.471503  0.000000
  -45.311  -23.775  -23.526  -23.377  -20.558  -12.056   -3.042   -2.749   -2.505   -1.907
   -0.914   -0.597    4.159    6.235    6.678    7.246    7.706   10.481   10.876   11.919
   12.764   13.351   13.544   13.907   14.647   15.134
            0.269444  0.466691  0.000000
  -45.311  -23.775  -23.527  -23.372  -20.558  -12.063   -3.039   -2.748   -2.507   -1.908
   -0.887   -0.591    4.144    6.219    6.685    7.233    7.719   10.460   10.812   11.928
   12.722   13.318   13.578   13.924   14.657   15.131
            0.266667  0.461880  0.000000
  -45.312  -23.775  -23.528  -23.367  -20.558  -12.070   -3.036   -2.746   -2.510   -1.909
   -0.862   -0.584    4.130    6.202    6.693    7.218    7.731   10.431   10.755   11.937
   12.679   13.284   13.607   13.947   14.667   15.130
            0.263889  0.457069  0.000000
  -45.312  -23.775  -23.529  -23.362  -20.559  -12.077   -3.033   -2.744   -2.512   -1.909
   -0.838   -0.575    4.115    6.185    6.700    7.203    7.744   10.391   10.708   11.945
   12.638   13.250   13.631   13.976   14.676   15.134
            0.261111  0.452258  0.000000
  -45.313  -23.775  -23.530  -23.358  -20.559  -12.085   -3.031   -2.741   -2.515   -1.908
   -0.817   -0.564    4.100    6.168    6.708    7.188    7.756   10.340   10.669   11.953
   12.599   13.217   13.651   14.012   14.683   15.142
            0.258333  0.447446  0.000000
  -45.313  -23.774  -23.531  -23.353  -20.560  -12.093   -3.028   -2.738   -2.518   -1.906
   -0.798   -0.550    4.085    6.151    6.715    7.172    7.767   10.280   10.638   11.958
   12.561   13.183   13.668   14.053   14.685   15.156
            0.255556  0.442635  0.000000
  -45.313  -23.773  -23.532  -23.348  -20.560  -12.101   -3.025   -2.734   -2.521   -1.903
   -0.781   -0.533    4.070    6.134    6.721    7.156    7.777   10.214   10.612   11.962
   12.527   13.150   13.682   14.100   14.684   15.175
            0.252778  0.437824  0.000000
  -45.314  -23.772  -23.534  -23.343  -20.561  -12.110   -3.022   -2.730   -2.523   -1.899
   -0.768   -0.514    4.055    6.116    6.727    7.140    7.786   10.143   10.589   11.962
   12.497   13.118   13.695   14.151   14.678   15.200
            0.250000  0.433013  0.000000
  -45.315  -23.771  -23.535  -23.338  -20.561  -12.118   -3.020   -2.726   -2.526   -1.894
   -0.756   -0.492    4.041    6.099    6.732    7.125    7.795   10.069   10.567   11.958
   12.471   13.085   13.708   14.205   14.667   15.231
            0.247222  0.428201  0.000000
  -45.315  -23.770  -23.536  -23.333  -20.562  -12.127   -3.017   -2.721   -2.529   -1.887
   -0.748   -0.468    4.027    6.081    6.737    7.110    7.802    9.993   10.547   11.949
   12.451   13.054   13.721   14.262   14.653   15.266
            0.244444  0.423390  0.000000
  -45.316  -23.769  -23.537  -23.328  -20.562  -12.137   -3.014   -2.716   -2.533   -1.880
   -0.741   -0.442    4.013    6.064    6.740    7.096    7.808    9.916   10.526   11.935
   12.436   13.023   13.737   14.321   14.634   15.305
            0.241667  0.418579  0.000000
  -45.316  -23.768  -23.538  -23.323  -20.563  -12.146   -3.012   -2.711   -2.536   -1.872
   -0.736   -0.414    3.999    6.046    6.743    7.082    7.813    9.837   10.505   11.916
   12.427   12.992   13.754   14.382   14.613   15.348
            0.238889  0.413768  0.000000
  -45.317  -23.766  -23.539  -23.318  -20.564  -12.156   -3.009   -2.705   -2.539   -1.862
   -0.732   -0.385    3.985    6.029    6.744    7.069    7.816    9.759   10.483   11.892
   12.422   12.963   13.773   14.445   14.589   15.394
            0.236111  0.408956  0.000000
  -45.317  -23.764  -23.540  -23.313  -20.564  -12.166   -3.007   -2.699   -2.543   -1.852
   -0.730   -0.355    3.972    6.011    6.745    7.057    7.818    9.680   10.460   11.864
   12.422   12.935   13.796   14.509   14.563   15.442
            0.233333  0.404145  0.000000
  -45.318  -23.763  -23.541  -23.308  -20.565  -12.177   -3.004   -2.693   -2.546   -1.840
   -0.728   -0.323    3.959    5.994    6.743    7.047    7.819    9.601   10.437   11.832
   12.425   12.908   13.821   14.533   14.576   15.491
            0.230556  0.399334  0.000000
  -45.319  -23.761  -23.542  -23.303  -20.565  -12.187   -3.001   -2.687   -2.550   -1.827
   -0.728   -0.292    3.946    5.977    6.741    7.037    7.818    9.522   10.413   11.798
   12.430   12.883   13.849   14.504   14.642   15.542
            0.227778  0.394523  0.000000
  -45.319  -23.759  -23.543  -23.298  -20.566  -12.198   -2.998   -2.681   -2.553   -1.813
   -0.727   -0.259    3.934    5.959    6.736    7.029    7.816    9.444   10.389   11.761
   12.438   12.859   13.879   14.473   14.710   15.595
            0.225000  0.389711  0.000000
  -45.320  -23.757  -23.543  -23.293  -20.567  -12.209   -2.996   -2.674   -2.557   -1.798
   -0.728   -0.227    3.922    5.942    6.730    7.023    7.812    9.366   10.363   11.722
   12.446   12.836   13.913   14.442   14.779   15.648
            0.222222  0.384900  0.000000
  -45.321  -23.755  -23.544  -23.288  -20.567  -12.221   -2.993   -2.668   -2.561   -1.781
   -0.728   -0.194    3.911    5.925    6.723    7.017    7.807    9.288   10.337   11.682
   12.455   12.815   13.948   14.410   14.849   15.701
            0.219444  0.380089  0.000000
  -45.321  -23.753  -23.544  -23.283  -20.568  -12.232   -2.989   -2.663   -2.564   -1.763
   -0.729   -0.161    3.900    5.909    6.714    7.013    7.800    9.211   10.310   11.641
   12.464   12.796   13.985   14.378   14.920   15.755
            0.216667  0.375278  0.000000
  -45.322  -23.751  -23.544  -23.278  -20.569  -12.244   -2.986   -2.657   -2.568   -1.744
   -0.731   -0.127    3.890    5.892    6.704    7.010    7.791    9.135   10.283   11.599
   12.473   12.779   14.023   14.348   14.992   15.808
            0.213889  0.370466  0.000000
  -45.323  -23.749  -23.544  -23.273  -20.569  -12.256   -2.983   -2.652   -2.571   -1.724
   -0.732   -0.094    3.879    5.876    6.693    7.008    7.782    9.060   10.255   11.557
   12.481   12.763   14.058   14.322   15.064   15.861
            0.211111  0.365655  0.000000
  -45.324  -23.747  -23.544  -23.268  -20.570  -12.268   -2.979   -2.647   -2.574   -1.703
   -0.734   -0.061    3.870    5.860    6.681    7.006    7.770    8.985   10.227   11.515
   12.489   12.750   14.087   14.304   15.138   15.914
            0.208333  0.360844  0.000000
  -45.324  -23.745  -23.543  -23.263  -20.571  -12.280   -2.976   -2.643   -2.577   -1.680
   -0.736   -0.027    3.861    5.844    6.668    7.005    7.757    8.912   10.198   11.472
   12.496   12.740   14.100   14.304   15.213   15.965
            0.205556  0.356033  0.000000
  -45.325  -23.744  -23.543  -23.259  -20.572  -12.293   -2.972   -2.640   -2.579   -1.656
   -0.738    0.006    3.852    5.828    6.654    7.004    7.743    8.839   10.168   11.429
   12.502   12.732   14.093   14.325   15.288   16.016
            0.202778  0.351221  0.000000
  -45.326  -23.742  -23.542  -23.254  -20.573  -12.305   -2.968   -2.638   -2.580   -1.631
   -0.741    0.040    3.844    5.813    6.640    7.003    7.728    8.768   10.139   11.386
   12.507   12.726   14.070   14.363   15.364   16.064
            0.200000  0.346410  0.000000
  -45.327  -23.741  -23.540  -23.249  -20.573  -12.318   -2.964   -2.637   -2.580   -1.605
   -0.743    0.073    3.837    5.798    6.625    7.002    7.710    8.698   10.108   11.343
   12.511   12.724   14.039   14.411   15.441   16.110
            0.197222  0.341599  0.000000
  -45.328  -23.739  -23.539  -23.245  -20.574  -12.331   -2.960   -2.638   -2.579   -1.578
   -0.745    0.106    3.830    5.783    6.611    7.000    7.692    8.629   10.077   11.300
   12.514   12.724   14.003   14.465   15.518   16.153
            0.194444  0.336788  0.000000
  -45.328  -23.738  -23.536  -23.240  -20.575  -12.344   -2.955   -2.640   -2.577   -1.549
   -0.747    0.139    3.823    5.769    6.596    6.999    7.672    8.562   10.046   11.257
   12.517   12.726   13.964   14.523   15.596   16.192
            0.191667  0.331976  0.000000
  -45.329  -23.737  -23.534  -23.236  -20.576  -12.357   -2.951   -2.643   -2.575   -1.520
   -0.749    0.172    3.817    5.754    6.581    6.996    7.651    8.496   10.015   11.214
   12.519   12.731   13.924   14.583   15.675   16.227
            0.188889  0.327165  0.000000
  -45.330  -23.736  -23.531  -23.231  -20.577  -12.370   -2.946   -2.647   -2.572   -1.490
   -0.751    0.205    3.812    5.741    6.566    6.993    7.629    8.432    9.983   11.171
   12.521   12.738   13.882   14.645   15.754   16.257
            0.186111  0.322354  0.000000
  -45.331  -23.736  -23.528  -23.227  -20.578  -12.383   -2.941   -2.652   -2.568   -1.459
   -0.753    0.237    3.807    5.727    6.550    6.990    7.605    8.369    9.950   11.129
   12.523   12.747   13.839   14.708   15.834   16.281
            0.183333  0.317543  0.000000
  -45.332  -23.735  -23.524  -23.223  -20.579  -12.397   -2.936   -2.657   -2.564   -1.427
   -0.754    0.269    3.802    5.714    6.535    6.985    7.581    8.308    9.917   11.087
   12.525   12.758   13.795   14.771   15.915   16.298
            0.180556  0.312731  0.000000
  -45.333  -23.735  -23.520  -23.218  -20.580  -12.410   -2.931   -2.663   -2.560   -1.395
   -0.756    0.301    3.798    5.702    6.521    6.980    7.555    8.249    9.884   11.045
   12.528   12.770   13.751   14.836   15.996   16.308
            0.177778  0.307920  0.000000
  -45.334  -23.736  -23.516  -23.214  -20.581  -12.424   -2.926   -2.669   -2.556   -1.362
   -0.756    0.333    3.795    5.690    6.506    6.973    7.529    8.192    9.850   11.003
   12.532   12.783   13.707   14.900   16.077   16.312
            0.175000  0.303109  0.000000
  -45.334  -23.736  -23.511  -23.210  -20.582  -12.437   -2.920   -2.676   -2.553   -1.328
   -0.756    0.364    3.792    5.678    6.491    6.965    7.502    8.137    9.816   10.962
   12.536   12.798   13.662   14.964   16.159   16.310
            0.172222  0.298298  0.000000
  -45.335  -23.737  -23.506  -23.206  -20.584  -12.451   -2.915   -2.682   -2.549   -1.295
   -0.756    0.395    3.789    5.667    6.477    6.956    7.475    8.084    9.781   10.921
   12.542   12.813   13.617   15.028   16.240   16.303
            0.169444  0.293486  0.000000
  -45.336  -23.738  -23.501  -23.202  -20.585  -12.464   -2.909   -2.689   -2.545   -1.261
   -0.754    0.426    3.787    5.656    6.463    6.945    7.447    8.033    9.746   10.880
   12.549   12.830   13.572   15.090   16.288   16.326
            0.166667  0.288675  0.000000
  -45.337  -23.739  -23.495  -23.198  -20.586  -12.478   -2.903   -2.696   -2.541   -1.228
   -0.751    0.457    3.786    5.646    6.449    6.932    7.420    7.983    9.710   10.839
   12.556   12.846   13.528   15.151   16.275   16.407
            0.163889  0.283864  0.000000
  -45.338  -23.740  -23.488  -23.194  -20.587  -12.491   -2.897   -2.704   -2.538   -1.195
   -0.747    0.487    3.785    5.636    6.435    6.917    7.392    7.936    9.674   10.799
   12.566   12.863   13.484   15.210   16.259   16.489
            0.161111  0.279053  0.000000
  -45.339  -23.741  -23.482  -23.190  -20.589  -12.505   -2.891   -2.711   -2.534   -1.164
   -0.740    0.517    3.784    5.627    6.421    6.901    7.365    7.890    9.638   10.759
   12.576   12.880   13.442   15.266   16.242   16.571
            0.158333  0.274241  0.000000
  -45.340  -23.743  -23.475  -23.187  -20.590  -12.518   -2.886   -2.718   -2.531   -1.134
   -0.732    0.546    3.784    5.619    6.408    6.882    7.339    7.847    9.601   10.719
   12.588   12.895   13.401   15.318   16.226   16.653
            0.155556  0.269430  0.000000
  -45.341  -23.745  -23.468  -23.183  -20.591  -12.532   -2.880   -2.726   -2.527   -1.106
   -0.720    0.575    3.784    5.611    6.395    6.861    7.313    7.804    9.564   10.679
   12.601   12.909   13.363   15.366   16.213   16.734
            0.152778  0.264619  0.000000
  -45.342  -23.747  -23.460  -23.179  -20.593  -12.545   -2.874   -2.733   -2.524   -1.081
   -0.705    0.604    3.785    5.603    6.383    6.839    7.288    7.764    9.526   10.640
   12.615   12.920   13.330   15.408   16.204   16.814
            0.150000  0.259808  0.000000
  -45.343  -23.749  -23.453  -23.176  -20.594  -12.559   -2.869   -2.740   -2.521   -1.059
   -0.686    0.632    3.785    5.596    6.371    6.814    7.265    7.725    9.488   10.601
   12.630   12.925   13.302   15.442   16.200   16.891
            0.147222  0.254996  0.000000
  -45.344  -23.751  -23.445  -23.172  -20.596  -12.572   -2.863   -2.746   -2.518   -1.040
   -0.663    0.660    3.787    5.590    6.359    6.787    7.242    7.687    9.450   10.562
   12.646   12.924   13.282   15.468   16.203   16.966
            0.144444  0.250185  0.000000
  -45.345  -23.754  -23.437  -23.169  -20.597  -12.585   -2.859   -2.753   -2.516   -1.025
   -0.635    0.687    3.788    5.584    6.347    6.759    7.221    7.651    9.411   10.523
   12.663   12.915   13.272   15.485   16.214   17.032
            0.141667  0.245374  0.000000
  -45.346  -23.756  -23.428  -23.166  -20.599  -12.598   -2.855   -2.758   -2.513   -1.013
   -0.604    0.714    3.790    5.579    6.336    6.729    7.200    7.616    9.372   10.484
   12.681   12.898   13.272   15.493   16.233   17.075
            0.138889  0.240563  0.000000
  -45.346  -23.759  -23.420  -23.162  -20.601  -12.612   -2.853   -2.762   -2.510   -1.004
   -0.570    0.740    3.791    5.575    6.325    6.698    7.180    7.582    9.333   10.445
   12.696   12.875   13.281   15.492   16.259   17.055
            0.136111  0.235751  0.000000
  -45.347  -23.761  -23.411  -23.159  -20.602  -12.625   -2.852   -2.765   -2.508   -0.997
   -0.532    0.766    3.794    5.571    6.314    6.666    7.161    7.549    9.293   10.407
   12.708   12.851   13.297   15.483   16.291   16.990
            0.133333  0.230940  0.000000
  -45.348  -23.764  -23.402  -23.156  -20.604  -12.637   -2.852   -2.766   -2.506   -0.993
   -0.492    0.792    3.796    5.568    6.304    6.634    7.143    7.518    9.254   10.368
   12.708   12.836   13.319   15.468   16.328   16.916
            0.130556  0.226129  0.000000
  -45.349  -23.767  -23.393  -23.153  -20.606  -12.650   -2.855   -2.765   -2.503   -0.990
   -0.449    0.817    3.798    5.566    6.294    6.601    7.125    7.487    9.214   10.329
   12.691   12.836   13.345   15.448   16.366   16.842
            0.127778  0.221318  0.000000
  -45.350  -23.769  -23.384  -23.150  -20.608  -12.663   -2.859   -2.762   -2.501   -0.989
   -0.405    0.842    3.801    5.564    6.285    6.567    7.108    7.457    9.174   10.291
   12.658   12.850   13.375   15.424   16.402   16.774
            0.125000  0.216506  0.000000
  -45.351  -23.772  -23.375  -23.147  -20.609  -12.675   -2.865   -2.758   -2.499   -0.989
   -0.359    0.866    3.803    5.563    6.275    6.534    7.091    7.428    9.134   10.253
   12.617   12.872   13.406   15.397   16.428   16.719
            0.122222  0.211695  0.000000
  -45.352  -23.775  -23.366  -23.144  -20.611  -12.688   -2.872   -2.752   -2.497   -0.989
   -0.311    0.889    3.806    5.563    6.267    6.501    7.074    7.400    9.094   10.214
   12.571   12.899   13.440   15.368   16.429   16.690
            0.119444  0.206884  0.000000
  -45.353  -23.778  -23.356  -23.142  -20.613  -12.700   -2.879   -2.746   -2.496   -0.991
   -0.263    0.912    3.808    5.563    6.258    6.468    7.057    7.373    9.054   10.176
   12.523   12.928   13.475   15.338   16.399   16.696
            0.116667  0.202073  0.000000
  -45.354  -23.781  -23.347  -23.139  -20.615  -12.712   -2.887   -2.740   -2.494   -0.993
   -0.213    0.935    3.811    5.564    6.250    6.436    7.040    7.347    9.014   10.137
   12.474   12.960   13.512   15.307   16.345   16.727
            0.113889  0.197261  0.000000
  -45.354  -23.784  -23.337  -23.136  -20.617  -12.724   -2.896   -2.732   -2.492   -0.995
   -0.163    0.957    3.813    5.565    6.242    6.404    7.024    7.321    8.974   10.098
   12.424   12.994   13.549   15.275   16.281   16.770
            0.111111  0.192450  0.000000
  -45.355  -23.787  -23.328  -23.134  -20.619  -12.735   -2.905   -2.725   -2.491   -0.998
   -0.112    0.979    3.815    5.567    6.234    6.373    7.007    7.296    8.934   10.059
   12.373   13.029   13.588   15.244   16.212   16.819
            0.108333  0.187639  0.000000
  -45.356  -23.790  -23.319  -23.131  -20.621  -12.747   -2.914   -2.717   -2.489   -1.002
   -0.061    1.000    3.817    5.570    6.227    6.342    6.991    7.272    8.895   10.021
   12.322   13.065   13.626   15.213   16.143   16.870
            0.105556  0.182828  0.000000
  -45.357  -23.792  -23.309  -23.129  -20.623  -12.758   -2.924   -2.709   -2.488   -1.006
   -0.009    1.020    3.820    5.574    6.220    6.313    6.974    7.249    8.855    9.982
   12.272   13.103   13.665   15.182   16.073   16.923
            0.102778  0.178016  0.000000
  -45.358  -23.795  -23.300  -23.126  -20.625  -12.769   -2.933   -2.700   -2.487   -1.009
    0.043    1.040    3.821    5.578    6.213    6.284    6.958    7.226    8.816    9.943
   12.221   13.142   13.705   15.153   16.004   16.976
            0.100000  0.173205  0.000000
  -45.359  -23.798  -23.290  -23.124  -20.627  -12.780   -2.943   -2.692   -2.486   -1.014
    0.096    1.060    3.823    5.582    6.207    6.256    6.941    7.204    8.777    9.903
   12.170   13.182   13.744   15.124   15.937   17.029
            0.097222  0.168394  0.000000
  -45.359  -23.801  -23.281  -23.122  -20.629  -12.790   -2.952   -2.683   -2.485   -1.018
    0.148    1.078    3.825    5.587    6.200    6.229    6.925    7.183    8.739    9.864
   12.120   13.224   13.783   15.097   15.870   17.081
            0.094444  0.163583  0.000000
  -45.360  -23.804  -23.272  -23.120  -20.631  -12.801   -2.962   -2.675   -2.484   -1.022
    0.201    1.097    3.826    5.593    6.194    6.204    6.909    7.163    8.701    9.824
   12.071   13.267   13.821   15.071   15.806   17.132
            0.091667  0.158771  0.000000
  -45.361  -23.807  -23.263  -23.118  -20.633  -12.811   -2.971   -2.666   -2.483   -1.027
    0.254    1.115    3.827    5.599    6.179    6.188    6.894    7.143    8.663    9.785
   12.022   13.310   13.858   15.047   15.743   17.182
            0.088889  0.153960  0.000000
  -45.362  -23.809  -23.254  -23.116  -20.635  -12.821   -2.981   -2.658   -2.482   -1.032
    0.306    1.132    3.828    5.606    6.155    6.182    6.878    7.123    8.626    9.745
   11.974   13.355   13.894   15.025   15.682   17.231
            0.086111  0.149149  0.000000
  -45.363  -23.812  -23.245  -23.114  -20.637  -12.831   -2.990   -2.649   -2.482   -1.036
    0.359    1.148    3.828    5.613    6.132    6.176    6.863    7.105    8.589    9.705
   11.926   13.401   13.929   15.005   15.623   17.278
            0.083333  0.144338  0.000000
  -45.363  -23.815  -23.236  -23.112  -20.639  -12.840   -3.000   -2.640   -2.481   -1.041
    0.411    1.165    3.829    5.621    6.110    6.170    6.849    7.087    8.553    9.665
   11.880   13.447   13.962   14.988   15.566   17.324
            0.080556  0.139526  0.000000
  -45.364  -23.817  -23.227  -23.110  -20.641  -12.849   -3.009   -2.632   -2.480   -1.046
    0.463    1.180    3.829    5.629    6.090    6.164    6.835    7.069    8.518    9.625
   11.834   13.495   13.993   14.974   15.511   17.368
            0.077778  0.134715  0.000000
  -45.365  -23.820  -23.218  -23.108  -20.643  -12.858   -3.018   -2.623   -2.480   -1.051
    0.514    1.195    3.828    5.637    6.070    6.158    6.822    7.052    8.483    9.585
   11.790   13.543   14.021   14.963   15.459   17.410
            0.075000  0.129904  0.000000
  -45.365  -23.822  -23.210  -23.107  -20.645  -12.867   -3.027   -2.615   -2.479   -1.055
    0.565    1.210    3.828    5.645    6.051    6.151    6.810    7.036    8.449    9.544
   11.747   13.592   14.046   14.954   15.409   17.450
            0.072222  0.125093  0.000000
  -45.366  -23.825  -23.202  -23.105  -20.647  -12.875   -3.036   -2.606   -2.479   -1.060
    0.615    1.224    3.827    5.654    6.034    6.144    6.799    7.020    8.416    9.504
   11.705   13.642   14.068   14.949   15.361   17.487
            0.069444  0.120281  0.000000
  -45.367  -23.827  -23.194  -23.104  -20.649  -12.883   -3.045   -2.598   -2.479   -1.065
    0.665    1.237    3.826    5.663    6.017    6.137    6.789    7.005    8.383    9.464
   11.664   13.692   14.087   14.948   15.316   17.520
            0.066667  0.115470  0.000000
  -45.367  -23.829  -23.186  -23.102  -20.651  -12.891   -3.053   -2.590   -2.478   -1.070
    0.713    1.250    3.825    5.672    6.001    6.130    6.780    6.990    8.351    9.424
   11.625   13.742   14.103   14.949   15.273   17.549
            0.063889  0.110659  0.000000
  -45.368  -23.832  -23.178  -23.101  -20.653  -12.899   -3.061   -2.582   -2.478   -1.074
    0.761    1.262    3.824    5.682    5.987    6.122    6.773    6.976    8.321    9.385
   11.587   13.793   14.116   14.952   15.235   17.572
            0.061111  0.105848  0.000000
  -45.368  -23.834  -23.171  -23.099  -20.655  -12.906   -3.069   -2.574   -2.478   -1.079
    0.808    1.274    3.822    5.691    5.973    6.113    6.766    6.963    8.291    9.346
   11.551   13.843   14.125   14.957   15.200   17.586
            0.058333  0.101036  0.000000
  -45.369  -23.836  -23.164  -23.098  -20.657  -12.913   -3.077   -2.566   -2.478   -1.083
    0.854    1.285    3.820    5.700    5.960    6.104    6.761    6.950    8.262    9.307
   11.516   13.894   14.132   14.962   15.171   17.591
            0.055556  0.096225  0.000000
  -45.369  -23.838  -23.157  -23.097  -20.659  -12.920   -3.084   -2.559   -2.477   -1.088
    0.899    1.295    3.819    5.710    5.947    6.095    6.757    6.938    8.234    9.268
   11.482   13.943   14.137   14.964   15.149   17.589
            0.052778  0.091414  0.000000
  -45.370  -23.840  -23.150  -23.096  -20.660  -12.926   -3.092   -2.551   -2.477   -1.092
    0.943    1.305    3.817    5.719    5.936    6.085    6.754    6.926    8.208    9.230
   11.451   13.990   14.142   14.960   15.136   17.581
            0.050000  0.086603  0.000000
  -45.370  -23.842  -23.144  -23.094  -20.662  -12.932   -3.099   -2.544   -2.477   -1.096
    0.985    1.315    3.815    5.728    5.925    6.075    6.753    6.915    8.182    9.193
   11.420   14.032   14.150   14.950   15.134   17.570
            0.047222  0.081791  0.000000
  -45.371  -23.843  -23.138  -23.093  -20.664  -12.938   -3.105   -2.538   -2.477   -1.100
    1.025    1.324    3.812    5.737    5.915    6.064    6.753    6.904    8.158    9.157
   11.392   14.063   14.168   14.935   15.140   17.556
            0.044444  0.076980  0.000000
  -45.371  -23.845  -23.132  -23.092  -20.665  -12.943   -3.111   -2.531   -2.477   -1.104
    1.065    1.332    3.810    5.746    5.906    6.053    6.754    6.894    8.134    9.121
   11.365   14.078   14.199   14.916   15.153   17.539
            0.041667  0.072169  0.000000
  -45.372  -23.846  -23.126  -23.092  -20.667  -12.949   -3.117   -2.525   -2.477   -1.108
    1.102    1.340    3.808    5.755    5.897    6.042    6.756    6.884    8.112    9.087
   11.339   14.081   14.239   14.895   15.169   17.521
            0.038889  0.067358  0.000000
  -45.372  -23.848  -23.121  -23.091  -20.668  -12.953   -3.123   -2.519   -2.477   -1.112
    1.138    1.348    3.806    5.764    5.889    6.031    6.759    6.875    8.091    9.054
   11.315   14.079   14.285   14.875   15.187   17.500
            0.036111  0.062546  0.000000
  -45.372  -23.849  -23.116  -23.090  -20.669  -12.958   -3.128   -2.514   -2.477   -1.115
    1.171    1.354    3.804    5.772    5.882    6.019    6.763    6.867    8.071    9.022
   11.293   14.074   14.331   14.855   15.205   17.478
            0.033333  0.057735  0.000000
  -45.373  -23.851  -23.112  -23.089  -20.671  -12.962   -3.133   -2.508   -2.477   -1.118
    1.203    1.361    3.801    5.780    5.875    6.008    6.768    6.859    8.053    8.992
   11.273   14.068   14.377   14.835   15.224   17.454
            0.030556  0.052924  0.000000
  -45.373  -23.852  -23.108  -23.088  -20.672  -12.966   -3.138   -2.504   -2.477   -1.121
    1.233    1.367    3.799    5.787    5.869    5.997    6.773    6.852    8.036    8.963
   11.254   14.061   14.423   14.817   15.241   17.430
            0.027778  0.048113  0.000000
  -45.373  -23.853  -23.104  -23.088  -20.673  -12.969   -3.142   -2.499   -2.477   -1.124
    1.260    1.372    3.797    5.795    5.864    5.986    6.778    6.846    8.020    8.937
   11.237   14.054   14.467   14.801   15.258   17.406
            0.025000  0.043301  0.000000
  -45.374  -23.854  -23.100  -23.087  -20.674  -12.973   -3.146   -2.495   -2.477   -1.126
    1.286    1.377    3.796    5.802    5.859    5.976    6.784    6.840    8.006    8.912
   11.221   14.047   14.509   14.786   15.273   17.382
            0.022222  0.038490  0.000000
  -45.374  -23.855  -23.097  -23.087  -20.675  -12.975   -3.149   -2.491   -2.477   -1.129
    1.309    1.381    3.794    5.808    5.854    5.966    6.789    6.834    7.993    8.889
   11.207   14.040   14.549   14.772   15.286   17.359
            0.019444  0.033679  0.000000
  -45.374  -23.855  -23.094  -23.086  -20.675  -12.978   -3.152   -2.488   -2.477   -1.131
    1.329    1.385    3.792    5.814    5.851    5.957    6.794    6.830    7.982    8.869
   11.195   14.034   14.586   14.760   15.297   17.337
            0.016667  0.028868  0.000000
  -45.374  -23.856  -23.092  -23.086  -20.676  -12.980   -3.155   -2.485   -2.477   -1.133
    1.347    1.388    3.791    5.820    5.847    5.948    6.799    6.826    7.972    8.851
   11.184   14.028   14.619   14.750   15.306   17.317
            0.013889  0.024056  0.000000
  -45.374  -23.857  -23.090  -23.086  -20.677  -12.982   -3.157   -2.483   -2.477   -1.134
    1.362    1.391    3.790    5.825    5.844    5.941    6.803    6.822    7.963    8.836
   11.175   14.023   14.649   14.741   15.313   17.299
            0.011111  0.019245  0.000000
  -45.375  -23.857  -23.088  -23.085  -20.677  -12.984   -3.159   -2.481   -2.477   -1.135
    1.374    1.393    3.789    5.829    5.842    5.934    6.807    6.819    7.956    8.823
   11.168   14.019   14.674   14.734   15.319   17.284
            0.008333  0.014434  0.000000
  -45.375  -23.857  -23.087  -23.085  -20.678  -12.985   -3.161   -2.479   -2.477   -1.136
    1.384    1.395    3.788    5.833    5.840    5.929    6.810    6.817    7.951    8.813
   11.162   14.015   14.694   14.728   15.323   17.272
            0.005556  0.009623  0.000000
  -45.375  -23.858  -23.086  -23.085  -20.678  -12.986   -3.162   -2.478   -2.477   -1.137
    1.391    1.396    3.787    5.836    5.839    5.925    6.813    6.816    7.947    8.806
   11.158   14.013   14.709   14.724   15.326   17.264
            0.002778  0.004811  0.000000
  -45.375  -23.858  -23.085  -23.085  -20.678  -12.986   -3.162   -2.477   -2.477   -1.137
    1.396    1.397    3.787    5.837    5.838    5.922    6.814    6.815    7.944    8.801
   11.156   14.012   14.718   14.722   15.327   17.258
            0.000000  0.000000  0.000000
  -45.375  -23.858  -23.085  -23.085  -20.678  -12.986   -3.163   -2.477   -2.477   -1.138
    1.397    1.397    3.787    5.838    5.838    5.921    6.814    6.814    7.944    8.800
   11.155   14.011   14.721   14.721   15.328   17.256
