
     Program BANDS v.7.2 starts on 18Sep2026 at  8:28: 2 

     This program is part of the open-source Quantum ESPRESSO suite
     for quantum simulation of materials; please cite
         "P. Giannozzi et al., J. Phys.:Condens. Matter 21 395502 (2009);
         "P. Giannozzi et al., J. Phys.:Condens. Matter 29 465901 (2017);
         "P. Giannozzi et al., J. Chem. Phys. 152 154105 (2020);
          URL http://www.quantum-espresso.org", 
     in publications or presentations arising from this work. More details at
     http://www.quantum-espresso.org/quote

     Parallel version (MPI), running on    32 processors

     MPI processes distributed on     1 nodes
     R & G space division:  proc/nbgrp/npool/nimage =      32
     223706 MiB available memory on the printing compute node when the environment starts


     Reading xml data from directory:

     ./tmp/ZrFBr.save/
     file Zr.pbe-spn-kjpaw_psl.1.0.0.UPF: wavefunction(s)  4S 4P renormalized
     file F.pbe-n-kjpaw_psl.1.0.0.UPF: wavefunction(s)  2S 2P renormalized
     file Br.pbe-n-kjpaw_psl.1.0.0.UPF: wavefunction(s)  4S 4P renormalized

     IMPORTANT: XC functional enforced from input :
     Exchange-correlation= PBE
                           (   1   4   3   4   0   0   0)
     Any further DFT definition will be discarded
     Please, verify this is what you really want


     Parallelization info
     --------------------
     sticks:   dense  smooth     PW     G-vecs:    dense   smooth      PW
     Min          22      22      6                 1442     1442     224
     Max          23      23      7                 1450     1450     239
     Sum         721     721    211                46261    46261    7355

     Using Slab Decomposition


     Check: negative core charge=   -0.000002

     negative rho (up, down):  3.004E-05 0.000E+00
     Reading collected, re-writing distributed wavefunctions
     high-symmetry point:  0.0000 0.0000 0.0000   x coordinate   0.0000
     high-symmetry point:  0.5000 0.2887 0.0000   x coordinate   0.5774
     high-symmetry point:  0.3333 0.5774 0.0000   x coordinate   0.9107
     high-symmetry point:  0.0000 0.0000 0.0000   x coordinate   1.5774

     Plottable bands (eV) written to file bands.dat.gnu
     Bands written to file bands.dat

 **************************************************************************

                    xk=(   0.00000,   0.00000,   0.00000  )

     point group C_3v (3m)  
     there are  3 classes
     the character table:

       E     2C3   3s_v 
A_1    1.00  1.00  1.00
A_2    1.00  1.00 -1.00
E      2.00 -1.00  0.00

     the symmetry operations in each class and the name of the first element:

     E        1
                                                                 
     2C3      2    3
                                                                 
     3s_v     4    5    6
                                                                 

     Band symmetry, C_3v (3m)   point group:

     e(  1 -  1) =    -45.37477  eV     1   --> A_1  L_1       
     e(  2 -  2) =    -23.85792  eV     1   --> A_1  L_1       
     e(  3 -  4) =    -23.08495  eV     2   --> E    L_3       
     e(  5 -  5) =    -20.67802  eV     1   --> A_1  L_1       
     e(  6 -  6) =    -12.98625  eV     1   --> A_1  L_1       
     e(  7 -  7) =     -3.16254  eV     1   --> A_1  L_1       
     e(  8 -  9) =     -2.47697  eV     2   --> E    L_3       
     e( 10 - 10) =     -1.13756  eV     1   --> A_1  L_1       
     e( 11 - 12) =      1.39693  eV     2   --> E    L_3       
     e( 13 - 13) =      3.78698  eV     1   --> A_1  L_1       
     e( 14 - 15) =      5.83789  eV     2   --> E    L_3       
     e( 16 - 16) =      5.92125  eV     1   --> A_1  L_1       
     e( 17 - 18) =      6.81439  eV     2   --> E    L_3       
     e( 19 - 19) =      7.94362  eV     1   --> A_1  L_1       
     e( 20 - 20) =      8.79970  eV     1   --> A_1  L_1       
     e( 21 - 21) =     11.15506  eV     1   --> A_1  L_1       
     e( 22 - 22) =     14.01110  eV     1   --> A_1  L_1       
     e( 23 - 24) =     14.72073  eV     2   --> E    L_3       
     e( 25 - 25) =     15.32784  eV     1   --> A_1  L_1       
     e( 26 - 26) =     17.25644  eV     1   --> A_1  L_1       

 **************************************************************************

 **************************************************************************

                    xk=(   0.00417,   0.00241,   0.00000  )

     point group C_s (m)    
     there are  2 classes
     the character table:

       E     s    
A'     1.00  1.00
A''    1.00 -1.00

     the symmetry operations in each class and the name of the first element:

     E        1
                                                                 
     s        2
                                                                 

     Band symmetry, C_s (m)     point group:

     e(  1 -  1) =    -45.37476  eV     1   --> A'             
     e(  2 -  2) =    -23.85788  eV     1   --> A'             
     e(  3 -  3) =    -23.08511  eV     1   --> A'             
     e(  4 -  4) =    -23.08498  eV     1   --> A''            
     e(  5 -  5) =    -20.67798  eV     1   --> A'             
     e(  6 -  6) =    -12.98613  eV     1   --> A'             
     e(  7 -  7) =     -3.16237  eV     1   --> A'             
     e(  8 -  8) =     -2.47719  eV     1   --> A'             
     e(  9 -  9) =     -2.47699  eV     1   --> A''            
     e( 10 - 10) =     -1.13745  eV     1   --> A'             
     e( 11 - 11) =      1.39586  eV     1   --> A'             
     e( 12 - 12) =      1.39674  eV     1   --> A''            
     e( 13 - 13) =      3.78708  eV     1   --> A'             
     e( 14 - 14) =      5.83742  eV     1   --> A'             
     e( 15 - 15) =      5.83805  eV     1   --> A''            
     e( 16 - 16) =      5.92190  eV     1   --> A'             
     e( 17 - 17) =      6.81404  eV     1   --> A'             
     e( 18 - 18) =      6.81463  eV     1   --> A''            
     e( 19 - 19) =      7.94421  eV     1   --> A'             
     e( 20 - 20) =      8.80080  eV     1   --> A'             
     e( 21 - 21) =     11.15566  eV     1   --> A'             
     e( 22 - 22) =     14.01146  eV     1   --> A'             
     e( 23 - 23) =     14.71845  eV     1   --> A'             
     e( 24 - 24) =     14.72133  eV     1   --> A''            
     e( 25 - 25) =     15.32747  eV     1   --> A'             
     e( 26 - 26) =     17.25778  eV     1   --> A'             

 **************************************************************************

 **************************************************************************

                    xk=(   0.00833,   0.00481,   0.00000  )

     Band symmetry, C_s (m)     point group:

     e(  1 -  1) =    -45.37473  eV     1   --> A'             
     e(  2 -  2) =    -23.85775  eV     1   --> A'             
     e(  3 -  3) =    -23.08554  eV     1   --> A'             
     e(  4 -  4) =    -23.08505  eV     1   --> A''            
     e(  5 -  5) =    -20.67786  eV     1   --> A'             
     e(  6 -  6) =    -12.98575  eV     1   --> A'             
     e(  7 -  7) =     -3.16189  eV     1   --> A'             
     e(  8 -  8) =     -2.47768  eV     1   --> A'             
     e(  9 -  9) =     -2.47700  eV     1   --> A''            
     e( 10 - 10) =     -1.13712  eV     1   --> A'             
     e( 11 - 11) =      1.39269  eV     1   --> A'             
     e( 12 - 12) =      1.39618  eV     1   --> A''            
     e( 13 - 13) =      3.78734  eV     1   --> A'             
     e( 14 - 14) =      5.83609  eV     1   --> A'             
     e( 15 - 15) =      5.83864  eV     1   --> A''            
     e( 16 - 16) =      5.92379  eV     1   --> A'             
     e( 17 - 17) =      6.81302  eV     1   --> A'             
     e( 18 - 18) =      6.81534  eV     1   --> A''            
     e( 19 - 19) =      7.94597  eV     1   --> A'             
     e( 20 - 20) =      8.80408  eV     1   --> A'             
     e( 21 - 21) =     11.15749  eV     1   --> A'             
     e( 22 - 22) =     14.01255  eV     1   --> A'             
     e( 23 - 23) =     14.71168  eV     1   --> A'             
     e( 24 - 24) =     14.72313  eV     1   --> A''            
     e( 25 - 25) =     15.32631  eV     1   --> A'             
     e( 26 - 26) =     17.26180  eV     1   --> A'             

 **************************************************************************

 **************************************************************************

                    xk=(   0.01250,   0.00722,   0.00000  )

     Band symmetry, C_s (m)     point group:

     e(  1 -  1) =    -45.37468  eV     1   --> A'             
     e(  2 -  2) =    -23.85756  eV     1   --> A'             
     e(  3 -  3) =    -23.08625  eV     1   --> A'             
     e(  4 -  4) =    -23.08516  eV     1   --> A''            
     e(  5 -  5) =    -20.67766  eV     1   --> A'             
     e(  6 -  6) =    -12.98511  eV     1   --> A'             
     e(  7 -  7) =     -3.16112  eV     1   --> A'             
     e(  8 -  8) =     -2.47853  eV     1   --> A'             
     e(  9 -  9) =     -2.47699  eV     1   --> A''            
     e( 10 - 10) =     -1.13659  eV     1   --> A'             
     e( 11 - 11) =      1.38741  eV     1   --> A'             
     e( 12 - 12) =      1.39524  eV     1   --> A''            
     e( 13 - 13) =      3.78777  eV     1   --> A'             
     e( 14 - 14) =      5.83396  eV     1   --> A'             
     e( 15 - 15) =      5.83960  eV     1   --> A''            
     e( 16 - 16) =      5.92686  eV     1   --> A'             
     e( 17 - 17) =      6.81131  eV     1   --> A'             
     e( 18 - 18) =      6.81652  eV     1   --> A''            
     e( 19 - 19) =      7.94890  eV     1   --> A'             
     e( 20 - 20) =      8.80952  eV     1   --> A'             
     e( 21 - 21) =     11.16055  eV     1   --> A'             
     e( 22 - 22) =     14.01436  eV     1   --> A'             
     e( 23 - 23) =     14.70053  eV     1   --> A'             
     e( 24 - 24) =     14.72614  eV     1   --> A''            
     e( 25 - 25) =     15.32429  eV     1   --> A'             
     e( 26 - 26) =     17.26842  eV     1   --> A'             

 **************************************************************************

 **************************************************************************

                    xk=(   0.01667,   0.00962,   0.00000  )

     Band symmetry, C_s (m)     point group:

     e(  1 -  1) =    -45.37460  eV     1   --> A'             
     e(  2 -  2) =    -23.85728  eV     1   --> A'             
     e(  3 -  3) =    -23.08725  eV     1   --> A'             
     e(  4 -  4) =    -23.08531  eV     1   --> A''            
     e(  5 -  5) =    -20.67738  eV     1   --> A'             
     e(  6 -  6) =    -12.98422  eV     1   --> A'             
     e(  7 -  7) =     -3.16003  eV     1   --> A'             
     e(  8 -  8) =     -2.47971  eV     1   --> A'             
     e(  9 -  9) =     -2.47698  eV     1   --> A''            
     e( 10 - 10) =     -1.13585  eV     1   --> A'             
     e( 11 - 11) =      1.38004  eV     1   --> A'             
     e( 12 - 12) =      1.39394  eV     1   --> A''            
     e( 13 - 13) =      3.78836  eV     1   --> A'             
     e( 14 - 14) =      5.83113  eV     1   --> A'             
     e( 15 - 15) =      5.84097  eV     1   --> A''            
     e( 16 - 16) =      5.93100  eV     1   --> A'             
     e( 17 - 17) =      6.80897  eV     1   --> A'             
     e( 18 - 18) =      6.81817  eV     1   --> A''            
     e( 19 - 19) =      7.95300  eV     1   --> A'             
     e( 20 - 20) =      8.81709  eV     1   --> A'             
     e( 21 - 21) =     11.16482  eV     1   --> A'             
     e( 22 - 22) =     14.01687  eV     1   --> A'             
     e( 23 - 23) =     14.68523  eV     1   --> A'             
     e( 24 - 24) =     14.73034  eV     1   --> A''            
     e( 25 - 25) =     15.32132  eV     1   --> A'             
     e( 26 - 26) =     17.27755  eV     1   --> A'             

 **************************************************************************

 **************************************************************************

                    xk=(   0.02083,   0.01203,   0.00000  )

     Band symmetry, C_s (m)     point group:

     e(  1 -  1) =    -45.37451  eV     1   --> A'             
     e(  2 -  2) =    -23.85693  eV     1   --> A'             
     e(  3 -  3) =    -23.08852  eV     1   --> A'             
     e(  4 -  4) =    -23.08551  eV     1   --> A''            
     e(  5 -  5) =    -20.67702  eV     1   --> A'             
     e(  6 -  6) =    -12.98308  eV     1   --> A'             
     e(  7 -  7) =     -3.15864  eV     1   --> A'             
     e(  8 -  8) =     -2.48121  eV     1   --> A'             
     e(  9 -  9) =     -2.47696  eV     1   --> A''            
     e( 10 - 10) =     -1.13491  eV     1   --> A'             
     e( 11 - 11) =      1.37060  eV     1   --> A'             
     e( 12 - 12) =      1.39227  eV     1   --> A''            
     e( 13 - 13) =      3.78912  eV     1   --> A'             
     e( 14 - 14) =      5.82769  eV     1   --> A'             
     e( 15 - 15) =      5.84272  eV     1   --> A''            
     e( 16 - 16) =      5.93608  eV     1   --> A'             
     e( 17 - 17) =      6.80606  eV     1   --> A'             
     e( 18 - 18) =      6.82027  eV     1   --> A''            
     e( 19 - 19) =      7.95826  eV     1   --> A'             
     e( 20 - 20) =      8.82675  eV     1   --> A'             
     e( 21 - 21) =     11.17032  eV     1   --> A'             
     e( 22 - 22) =     14.02004  eV     1   --> A'             
     e( 23 - 23) =     14.66605  eV     1   --> A'             
     e( 24 - 24) =     14.73575  eV     1   --> A''            
     e( 25 - 25) =     15.31726  eV     1   --> A'             
     e( 26 - 26) =     17.28903  eV     1   --> A'             

 **************************************************************************

 **************************************************************************

                    xk=(   0.02500,   0.01443,   0.00000  )

     Band symmetry, C_s (m)     point group:

     e(  1 -  1) =    -45.37439  eV     1   --> A'             
     e(  2 -  2) =    -23.85650  eV     1   --> A'             
     e(  3 -  3) =    -23.09006  eV     1   --> A'             
     e(  4 -  4) =    -23.08574  eV     1   --> A''            
     e(  5 -  5) =    -20.67658  eV     1   --> A'             
     e(  6 -  6) =    -12.98168  eV     1   --> A'             
     e(  7 -  7) =     -3.15693  eV     1   --> A'             
     e(  8 -  8) =     -2.48302  eV     1   --> A'             
     e(  9 -  9) =     -2.47693  eV     1   --> A''            
     e( 10 - 10) =     -1.13375  eV     1   --> A'             
     e( 11 - 11) =      1.35912  eV     1   --> A'             
     e( 12 - 12) =      1.39023  eV     1   --> A''            
     e( 13 - 13) =      3.79003  eV     1   --> A'             
     e( 14 - 14) =      5.82373  eV     1   --> A'             
     e( 15 - 15) =      5.84488  eV     1   --> A''            
     e( 16 - 16) =      5.94199  eV     1   --> A'             
     e( 17 - 17) =      6.80266  eV     1   --> A'             
     e( 18 - 18) =      6.82285  eV     1   --> A''            
     e( 19 - 19) =      7.96466  eV     1   --> A'             
     e( 20 - 20) =      8.83844  eV     1   --> A'             
     e( 21 - 21) =     11.17704  eV     1   --> A'             
     e( 22 - 22) =     14.02384  eV     1   --> A'             
     e( 23 - 23) =     14.64330  eV     1   --> A'             
     e( 24 - 24) =     14.74236  eV     1   --> A''            
     e( 25 - 25) =     15.31199  eV     1   --> A'             
     e( 26 - 26) =     17.30270  eV     1   --> A'             

 **************************************************************************

 **************************************************************************

                    xk=(   0.02917,   0.01684,   0.00000  )

     Band symmetry, C_s (m)     point group:

     e(  1 -  1) =    -45.37426  eV     1   --> A'             
     e(  2 -  2) =    -23.85599  eV     1   --> A'             
     e(  3 -  3) =    -23.09191  eV     1   --> A'             
     e(  4 -  4) =    -23.08602  eV     1   --> A''            
     e(  5 -  5) =    -20.67606  eV     1   --> A'             
     e(  6 -  6) =    -12.98004  eV     1   --> A'             
     e(  7 -  7) =     -3.15493  eV     1   --> A'             
     e(  8 -  8) =     -2.48520  eV     1   --> A'             
     e(  9 -  9) =     -2.47691  eV     1   --> A''            
     e( 10 - 10) =     -1.13240  eV     1   --> A'             
     e( 11 - 11) =      1.34563  eV     1   --> A'             
     e( 12 - 12) =      1.38782  eV     1   --> A''            
     e( 13 - 13) =      3.79108  eV     1   --> A'             
     e( 14 - 14) =      5.81930  eV     1   --> A'             
     e( 15 - 15) =      5.84741  eV     1   --> A''            
     e( 16 - 16) =      5.94863  eV     1   --> A'             
     e( 17 - 17) =      6.79881  eV     1   --> A'             
     e( 18 - 18) =      6.82587  eV     1   --> A''            
     e( 19 - 19) =      7.97219  eV     1   --> A'             
     e( 20 - 20) =      8.85210  eV     1   --> A'             
     e( 21 - 21) =     11.18498  eV     1   --> A'             
     e( 22 - 22) =     14.02823  eV     1   --> A'             
     e( 23 - 23) =     14.61731  eV     1   --> A'             
     e( 24 - 24) =     14.75017  eV     1   --> A''            
     e( 25 - 25) =     15.30539  eV     1   --> A'             
     e( 26 - 26) =     17.31830  eV     1   --> A'             

 **************************************************************************

 **************************************************************************

                    xk=(   0.03333,   0.01925,   0.00000  )

     Band symmetry, C_s (m)     point group:

     e(  1 -  1) =    -45.37411  eV     1   --> A'             
     e(  2 -  2) =    -23.85541  eV     1   --> A'             
     e(  3 -  3) =    -23.09404  eV     1   --> A'             
     e(  4 -  4) =    -23.08635  eV     1   --> A''            
     e(  5 -  5) =    -20.67548  eV     1   --> A'             
     e(  6 -  6) =    -12.97814  eV     1   --> A'             
     e(  7 -  7) =     -3.15263  eV     1   --> A'             
     e(  8 -  8) =     -2.48771  eV     1   --> A'             
     e(  9 -  9) =     -2.47689  eV     1   --> A''            
     e( 10 - 10) =     -1.13085  eV     1   --> A'             
     e( 11 - 11) =      1.33016  eV     1   --> A'             
     e( 12 - 12) =      1.38505  eV     1   --> A''            
     e( 13 - 13) =      3.79228  eV     1   --> A'             
     e( 14 - 14) =      5.81447  eV     1   --> A'             
     e( 15 - 15) =      5.85034  eV     1   --> A''            
     e( 16 - 16) =      5.95591  eV     1   --> A'             
     e( 17 - 17) =      6.79464  eV     1   --> A'             
     e( 18 - 18) =      6.82934  eV     1   --> A''            
     e( 19 - 19) =      7.98084  eV     1   --> A'             
     e( 20 - 20) =      8.86764  eV     1   --> A'             
     e( 21 - 21) =     11.19416  eV     1   --> A'             
     e( 22 - 22) =     14.03314  eV     1   --> A'             
     e( 23 - 23) =     14.58843  eV     1   --> A'             
     e( 24 - 24) =     14.75917  eV     1   --> A''            
     e( 25 - 25) =     15.29738  eV     1   --> A'             
     e( 26 - 26) =     17.33560  eV     1   --> A'             

 **************************************************************************

 **************************************************************************

                    xk=(   0.03750,   0.02165,   0.00000  )

     Band symmetry, C_s (m)     point group:

     e(  1 -  1) =    -45.37393  eV     1   --> A'             
     e(  2 -  2) =    -23.85476  eV     1   --> A'             
     e(  3 -  3) =    -23.09644  eV     1   --> A'             
     e(  4 -  4) =    -23.08671  eV     1   --> A''            
     e(  5 -  5) =    -20.67481  eV     1   --> A'             
     e(  6 -  6) =    -12.97599  eV     1   --> A'             
     e(  7 -  7) =     -3.15003  eV     1   --> A'             
     e(  8 -  8) =     -2.49054  eV     1   --> A'             
     e(  9 -  9) =     -2.47686  eV     1   --> A''            
     e( 10 - 10) =     -1.12911  eV     1   --> A'             
     e( 11 - 11) =      1.31276  eV     1   --> A'             
     e( 12 - 12) =      1.38193  eV     1   --> A''            
     e( 13 - 13) =      3.79360  eV     1   --> A'             
     e( 14 - 14) =      5.80927  eV     1   --> A'             
     e( 15 - 15) =      5.85368  eV     1   --> A''            
     e( 16 - 16) =      5.96374  eV     1   --> A'             
     e( 17 - 17) =      6.79023  eV     1   --> A'             
     e( 18 - 18) =      6.83325  eV     1   --> A''            
     e( 19 - 19) =      7.99058  eV     1   --> A'             
     e( 20 - 20) =      8.88500  eV     1   --> A'             
     e( 21 - 21) =     11.20456  eV     1   --> A'             
     e( 22 - 22) =     14.03850  eV     1   --> A'             
     e( 23 - 23) =     14.55701  eV     1   --> A'             
     e( 24 - 24) =     14.76937  eV     1   --> A''            
     e( 25 - 25) =     15.28791  eV     1   --> A'             
     e( 26 - 26) =     17.35428  eV     1   --> A'             

 **************************************************************************

 **************************************************************************

                    xk=(   0.04167,   0.02406,   0.00000  )

     Band symmetry, C_s (m)     point group:

     e(  1 -  1) =    -45.37374  eV     1   --> A'             
     e(  2 -  2) =    -23.85402  eV     1   --> A'             
     e(  3 -  3) =    -23.09911  eV     1   --> A'             
     e(  4 -  4) =    -23.08712  eV     1   --> A''            
     e(  5 -  5) =    -20.67408  eV     1   --> A'             
     e(  6 -  6) =    -12.97360  eV     1   --> A'             
     e(  7 -  7) =     -3.14713  eV     1   --> A'             
     e(  8 -  8) =     -2.49367  eV     1   --> A'             
     e(  9 -  9) =     -2.47684  eV     1   --> A''            
     e( 10 - 10) =     -1.12718  eV     1   --> A'             
     e( 11 - 11) =      1.29348  eV     1   --> A'             
     e( 12 - 12) =      1.37844  eV     1   --> A''            
     e( 13 - 13) =      3.79504  eV     1   --> A'             
     e( 14 - 14) =      5.80376  eV     1   --> A'             
     e( 15 - 15) =      5.85741  eV     1   --> A''            
     e( 16 - 16) =      5.97204  eV     1   --> A'             
     e( 17 - 17) =      6.78570  eV     1   --> A'             
     e( 18 - 18) =      6.83761  eV     1   --> A''            
     e( 19 - 19) =      8.00142  eV     1   --> A'             
     e( 20 - 20) =      8.90407  eV     1   --> A'             
     e( 21 - 21) =     11.21620  eV     1   --> A'             
     e( 22 - 22) =     14.04420  eV     1   --> A'             
     e( 23 - 23) =     14.52340  eV     1   --> A'             
     e( 24 - 24) =     14.78077  eV     1   --> A''            
     e( 25 - 25) =     15.27698  eV     1   --> A'             
     e( 26 - 26) =     17.37403  eV     1   --> A'             

 **************************************************************************

 **************************************************************************

                    xk=(   0.04583,   0.02646,   0.00000  )

     Band symmetry, C_s (m)     point group:

     e(  1 -  1) =    -45.37353  eV     1   --> A'             
     e(  2 -  2) =    -23.85321  eV     1   --> A'             
     e(  3 -  3) =    -23.10205  eV     1   --> A'             
     e(  4 -  4) =    -23.08758  eV     1   --> A''            
     e(  5 -  5) =    -20.67327  eV     1   --> A'             
     e(  6 -  6) =    -12.97095  eV     1   --> A'             
     e(  7 -  7) =     -3.14395  eV     1   --> A'             
     e(  8 -  8) =     -2.49709  eV     1   --> A'             
     e(  9 -  9) =     -2.47681  eV     1   --> A''            
     e( 10 - 10) =     -1.12507  eV     1   --> A'             
     e( 11 - 11) =      1.27235  eV     1   --> A'             
     e( 12 - 12) =      1.37461  eV     1   --> A''            
     e( 13 - 13) =      3.79659  eV     1   --> A'             
     e( 14 - 14) =      5.79796  eV     1   --> A'             
     e( 15 - 15) =      5.86155  eV     1   --> A''            
     e( 16 - 16) =      5.98073  eV     1   --> A'             
     e( 17 - 17) =      6.78117  eV     1   --> A'             
     e( 18 - 18) =      6.84239  eV     1   --> A''            
     e( 19 - 19) =      8.01331  eV     1   --> A'             
     e( 20 - 20) =      8.92477  eV     1   --> A'             
     e( 21 - 21) =     11.22907  eV     1   --> A'             
     e( 22 - 22) =     14.05014  eV     1   --> A'             
     e( 23 - 23) =     14.48792  eV     1   --> A'             
     e( 24 - 24) =     14.79337  eV     1   --> A''            
     e( 25 - 25) =     15.26462  eV     1   --> A'             
     e( 26 - 26) =     17.39450  eV     1   --> A'             

 **************************************************************************

 **************************************************************************

                    xk=(   0.05000,   0.02887,   0.00000  )

     Band symmetry, C_s (m)     point group:

     e(  1 -  1) =    -45.37329  eV     1   --> A'             
     e(  2 -  2) =    -23.85233  eV     1   --> A'             
     e(  3 -  3) =    -23.10525  eV     1   --> A'             
     e(  4 -  4) =    -23.08807  eV     1   --> A''            
     e(  5 -  5) =    -20.67239  eV     1   --> A'             
     e(  6 -  6) =    -12.96806  eV     1   --> A'             
     e(  7 -  7) =     -3.14048  eV     1   --> A'             
     e(  8 -  8) =     -2.50080  eV     1   --> A'             
     e(  9 -  9) =     -2.47678  eV     1   --> A''            
     e( 10 - 10) =     -1.12279  eV     1   --> A'             
     e( 11 - 11) =      1.24945  eV     1   --> A'             
     e( 12 - 12) =      1.37043  eV     1   --> A''            
     e( 13 - 13) =      3.79823  eV     1   --> A'             
     e( 14 - 14) =      5.79189  eV     1   --> A'             
     e( 15 - 15) =      5.86611  eV     1   --> A''            
     e( 16 - 16) =      5.98973  eV     1   --> A'             
     e( 17 - 17) =      6.77676  eV     1   --> A'             
     e( 18 - 18) =      6.84758  eV     1   --> A''            
     e( 19 - 19) =      8.02625  eV     1   --> A'             
     e( 20 - 20) =      8.94700  eV     1   --> A'             
     e( 21 - 21) =     11.24316  eV     1   --> A'             
     e( 22 - 22) =     14.05615  eV     1   --> A'             
     e( 23 - 23) =     14.45094  eV     1   --> A'             
     e( 24 - 24) =     14.80716  eV     1   --> A''            
     e( 25 - 25) =     15.25090  eV     1   --> A'             
     e( 26 - 26) =     17.41533  eV     1   --> A'             

 **************************************************************************

 **************************************************************************

                    xk=(   0.05417,   0.03127,   0.00000  )

     Band symmetry, C_s (m)     point group:

     e(  1 -  1) =    -45.37304  eV     1   --> A'             
     e(  2 -  2) =    -23.85137  eV     1   --> A'             
     e(  3 -  3) =    -23.10872  eV     1   --> A'             
     e(  4 -  4) =    -23.08860  eV     1   --> A''            
     e(  5 -  5) =    -20.67145  eV     1   --> A'             
     e(  6 -  6) =    -12.96492  eV     1   --> A'             
     e(  7 -  7) =     -3.13673  eV     1   --> A'             
     e(  8 -  8) =     -2.50481  eV     1   --> A'             
     e(  9 -  9) =     -2.47676  eV     1   --> A''            
     e( 10 - 10) =     -1.12034  eV     1   --> A'             
     e( 11 - 11) =      1.22481  eV     1   --> A'             
     e( 12 - 12) =      1.36590  eV     1   --> A''            
     e( 13 - 13) =      3.79995  eV     1   --> A'             
     e( 14 - 14) =      5.78557  eV     1   --> A'             
     e( 15 - 15) =      5.87108  eV     1   --> A''            
     e( 16 - 16) =      5.99896  eV     1   --> A'             
     e( 17 - 17) =      6.77258  eV     1   --> A'             
     e( 18 - 18) =      6.85318  eV     1   --> A''            
     e( 19 - 19) =      8.04022  eV     1   --> A'             
     e( 20 - 20) =      8.97066  eV     1   --> A'             
     e( 21 - 21) =     11.25849  eV     1   --> A'             
     e( 22 - 22) =     14.06203  eV     1   --> A'             
     e( 23 - 23) =     14.41279  eV     1   --> A'             
     e( 24 - 24) =     14.82213  eV     1   --> A''            
     e( 25 - 25) =     15.23596  eV     1   --> A'             
     e( 26 - 26) =     17.43614  eV     1   --> A'             

 **************************************************************************

 **************************************************************************

                    xk=(   0.05833,   0.03368,   0.00000  )

     Band symmetry, C_s (m)     point group:

     e(  1 -  1) =    -45.37277  eV     1   --> A'             
     e(  2 -  2) =    -23.85034  eV     1   --> A'             
     e(  3 -  3) =    -23.11244  eV     1   --> A'             
     e(  4 -  4) =    -23.08917  eV     1   --> A''            
     e(  5 -  5) =    -20.67044  eV     1   --> A'             
     e(  6 -  6) =    -12.96153  eV     1   --> A'             
     e(  7 -  7) =     -3.13270  eV     1   --> A'             
     e(  8 -  8) =     -2.50909  eV     1   --> A'             
     e(  9 -  9) =     -2.47672  eV     1   --> A''            
     e( 10 - 10) =     -1.11772  eV     1   --> A'             
     e( 11 - 11) =      1.19850  eV     1   --> A'             
     e( 12 - 12) =      1.36104  eV     1   --> A''            
     e( 13 - 13) =      3.80174  eV     1   --> A'             
     e( 14 - 14) =      5.77904  eV     1   --> A'             
     e( 15 - 15) =      5.87647  eV     1   --> A''            
     e( 16 - 16) =      6.00832  eV     1   --> A'             
     e( 17 - 17) =      6.76878  eV     1   --> A'             
     e( 18 - 18) =      6.85919  eV     1   --> A''            
     e( 19 - 19) =      8.05519  eV     1   --> A'             
     e( 20 - 20) =      8.99565  eV     1   --> A'             
     e( 21 - 21) =     11.27505  eV     1   --> A'             
     e( 22 - 22) =     14.06749  eV     1   --> A'             
     e( 23 - 23) =     14.37390  eV     1   --> A'             
     e( 24 - 24) =     14.83830  eV     1   --> A''            
     e( 25 - 25) =     15.21993  eV     1   --> A'             
     e( 26 - 26) =     17.45661  eV     1   --> A'             

 **************************************************************************

 **************************************************************************

                    xk=(   0.06250,   0.03608,   0.00000  )

     Band symmetry, C_s (m)     point group:

     e(  1 -  1) =    -45.37248  eV     1   --> A'             
     e(  2 -  2) =    -23.84924  eV     1   --> A'             
     e(  3 -  3) =    -23.11643  eV     1   --> A'             
     e(  4 -  4) =    -23.08980  eV     1   --> A''            
     e(  5 -  5) =    -20.66937  eV     1   --> A'             
     e(  6 -  6) =    -12.95790  eV     1   --> A'             
     e(  7 -  7) =     -3.12841  eV     1   --> A'             
     e(  8 -  8) =     -2.51365  eV     1   --> A'             
     e(  9 -  9) =     -2.47673  eV     1   --> A''            
     e( 10 - 10) =     -1.11496  eV     1   --> A'             
     e( 11 - 11) =      1.17059  eV     1   --> A'             
     e( 12 - 12) =      1.35585  eV     1   --> A''            
     e( 13 - 13) =      3.80357  eV     1   --> A'             
     e( 14 - 14) =      5.77231  eV     1   --> A'             
     e( 15 - 15) =      5.88226  eV     1   --> A''            
     e( 16 - 16) =      6.01773  eV     1   --> A'             
     e( 17 - 17) =      6.76547  eV     1   --> A'             
     e( 18 - 18) =      6.86556  eV     1   --> A''            
     e( 19 - 19) =      8.07115  eV     1   --> A'             
     e( 20 - 20) =      9.02186  eV     1   --> A'             
     e( 21 - 21) =     11.29282  eV     1   --> A'             
     e( 22 - 22) =     14.07210  eV     1   --> A'             
     e( 23 - 23) =     14.33477  eV     1   --> A'             
     e( 24 - 24) =     14.85566  eV     1   --> A''            
     e( 25 - 25) =     15.20303  eV     1   --> A'             
     e( 26 - 26) =     17.47638  eV     1   --> A'             

 **************************************************************************

 **************************************************************************

                    xk=(   0.06667,   0.03849,   0.00000  )

     Band symmetry, C_s (m)     point group:

     e(  1 -  1) =    -45.37218  eV     1   --> A'             
     e(  2 -  2) =    -23.84807  eV     1   --> A'             
     e(  3 -  3) =    -23.12066  eV     1   --> A'             
     e(  4 -  4) =    -23.09047  eV     1   --> A''            
     e(  5 -  5) =    -20.66824  eV     1   --> A'             
     e(  6 -  6) =    -12.95403  eV     1   --> A'             
     e(  7 -  7) =     -3.12386  eV     1   --> A'             
     e(  8 -  8) =     -2.51847  eV     1   --> A'             
     e(  9 -  9) =     -2.47671  eV     1   --> A''            
     e( 10 - 10) =     -1.11204  eV     1   --> A'             
     e( 11 - 11) =      1.14112  eV     1   --> A'             
     e( 12 - 12) =      1.35033  eV     1   --> A''            
     e( 13 - 13) =      3.80543  eV     1   --> A'             
     e( 14 - 14) =      5.76541  eV     1   --> A'             
     e( 15 - 15) =      5.88849  eV     1   --> A''            
     e( 16 - 16) =      6.02711  eV     1   --> A'             
     e( 17 - 17) =      6.76279  eV     1   --> A'             
     e( 18 - 18) =      6.87232  eV     1   --> A''            
     e( 19 - 19) =      8.08807  eV     1   --> A'             
     e( 20 - 20) =      9.04921  eV     1   --> A'             
     e( 21 - 21) =     11.31182  eV     1   --> A'             
     e( 22 - 22) =     14.07520  eV     1   --> A'             
     e( 23 - 23) =     14.29610  eV     1   --> A'             
     e( 24 - 24) =     14.87420  eV     1   --> A''            
     e( 25 - 25) =     15.18546  eV     1   --> A'             
     e( 26 - 26) =     17.49518  eV     1   --> A'             

 **************************************************************************

 **************************************************************************

                    xk=(   0.07083,   0.04090,   0.00000  )

     Band symmetry, C_s (m)     point group:

     e(  1 -  1) =    -45.37185  eV     1   --> A'             
     e(  2 -  2) =    -23.84682  eV     1   --> A'             
     e(  3 -  3) =    -23.12513  eV     1   --> A'             
     e(  4 -  4) =    -23.09116  eV     1   --> A''            
     e(  5 -  5) =    -20.66704  eV     1   --> A'             
     e(  6 -  6) =    -12.94992  eV     1   --> A'             
     e(  7 -  7) =     -3.11904  eV     1   --> A'             
     e(  8 -  8) =     -2.52353  eV     1   --> A'             
     e(  9 -  9) =     -2.47670  eV     1   --> A''            
     e( 10 - 10) =     -1.10899  eV     1   --> A'             
     e( 11 - 11) =      1.11017  eV     1   --> A'             
     e( 12 - 12) =      1.34450  eV     1   --> A''            
     e( 13 - 13) =      3.80731  eV     1   --> A'             
     e( 14 - 14) =      5.75838  eV     1   --> A'             
     e( 15 - 15) =      5.89516  eV     1   --> A''            
     e( 16 - 16) =      6.03637  eV     1   --> A'             
     e( 17 - 17) =      6.76085  eV     1   --> A'             
     e( 18 - 18) =      6.87945  eV     1   --> A''            
     e( 19 - 19) =      8.10593  eV     1   --> A'             
     e( 20 - 20) =      9.07758  eV     1   --> A'             
     e( 21 - 21) =     11.33202  eV     1   --> A'             
     e( 22 - 22) =     14.07570  eV     1   --> A'             
     e( 23 - 23) =     14.25900  eV     1   --> A'             
     e( 24 - 24) =     14.89392  eV     1   --> A''            
     e( 25 - 25) =     15.16749  eV     1   --> A'             
     e( 26 - 26) =     17.51275  eV     1   --> A'             

 **************************************************************************

 **************************************************************************

                    xk=(   0.07500,   0.04330,   0.00000  )

     Band symmetry, C_s (m)     point group:

     e(  1 -  1) =    -45.37150  eV     1   --> A'             
     e(  2 -  2) =    -23.84551  eV     1   --> A'             
     e(  3 -  3) =    -23.12985  eV     1   --> A'             
     e(  4 -  4) =    -23.09190  eV     1   --> A''            
     e(  5 -  5) =    -20.66580  eV     1   --> A'             
     e(  6 -  6) =    -12.94557  eV     1   --> A'             
     e(  7 -  7) =     -3.11397  eV     1   --> A'             
     e(  8 -  8) =     -2.52883  eV     1   --> A'             
     e(  9 -  9) =     -2.47669  eV     1   --> A''            
     e( 10 - 10) =     -1.10580  eV     1   --> A'             
     e( 11 - 11) =      1.07779  eV     1   --> A'             
     e( 12 - 12) =      1.33835  eV     1   --> A''            
     e( 13 - 13) =      3.80918  eV     1   --> A'             
     e( 14 - 14) =      5.75125  eV     1   --> A'             
     e( 15 - 15) =      5.90227  eV     1   --> A''            
     e( 16 - 16) =      6.04542  eV     1   --> A'             
     e( 17 - 17) =      6.75978  eV     1   --> A'             
     e( 18 - 18) =      6.88693  eV     1   --> A''            
     e( 19 - 19) =      8.12472  eV     1   --> A'             
     e( 20 - 20) =      9.10687  eV     1   --> A'             
     e( 21 - 21) =     11.35341  eV     1   --> A'             
     e( 22 - 22) =     14.07174  eV     1   --> A'             
     e( 23 - 23) =     14.22531  eV     1   --> A'             
     e( 24 - 24) =     14.91483  eV     1   --> A''            
     e( 25 - 25) =     15.14941  eV     1   --> A'             
     e( 26 - 26) =     17.52888  eV     1   --> A'             

 **************************************************************************

 **************************************************************************

                    xk=(   0.07917,   0.04571,   0.00000  )

     Band symmetry, C_s (m)     point group:

     e(  1 -  1) =    -45.37114  eV     1   --> A'             
     e(  2 -  2) =    -23.84413  eV     1   --> A'             
     e(  3 -  3) =    -23.13480  eV     1   --> A'             
     e(  4 -  4) =    -23.09268  eV     1   --> A''            
     e(  5 -  5) =    -20.66450  eV     1   --> A'             
     e(  6 -  6) =    -12.94099  eV     1   --> A'             
     e(  7 -  7) =     -3.10867  eV     1   --> A'             
     e(  8 -  8) =     -2.53437  eV     1   --> A'             
     e(  9 -  9) =     -2.47669  eV     1   --> A''            
     e( 10 - 10) =     -1.10250  eV     1   --> A'             
     e( 11 - 11) =      1.04406  eV     1   --> A'             
     e( 12 - 12) =      1.33190  eV     1   --> A''            
     e( 13 - 13) =      3.81102  eV     1   --> A'             
     e( 14 - 14) =      5.74403  eV     1   --> A'             
     e( 15 - 15) =      5.90981  eV     1   --> A''            
     e( 16 - 16) =      6.05418  eV     1   --> A'             
     e( 17 - 17) =      6.75967  eV     1   --> A'             
     e( 18 - 18) =      6.89474  eV     1   --> A''            
     e( 19 - 19) =      8.14440  eV     1   --> A'             
     e( 20 - 20) =      9.13700  eV     1   --> A'             
     e( 21 - 21) =     11.37597  eV     1   --> A'             
     e( 22 - 22) =     14.06064  eV     1   --> A'             
     e( 23 - 23) =     14.19764  eV     1   --> A'             
     e( 24 - 24) =     14.93691  eV     1   --> A''            
     e( 25 - 25) =     15.13153  eV     1   --> A'             
     e( 26 - 26) =     17.54344  eV     1   --> A'             

 **************************************************************************

 **************************************************************************

                    xk=(   0.08333,   0.04811,   0.00000  )

     Band symmetry, C_s (m)     point group:

     e(  1 -  1) =    -45.37075  eV     1   --> A'             
     e(  2 -  2) =    -23.84269  eV     1   --> A'             
     e(  3 -  3) =    -23.13998  eV     1   --> A'             
     e(  4 -  4) =    -23.09350  eV     1   --> A''            
     e(  5 -  5) =    -20.66315  eV     1   --> A'             
     e(  6 -  6) =    -12.93616  eV     1   --> A'             
     e(  7 -  7) =     -3.10313  eV     1   --> A'             
     e(  8 -  8) =     -2.54010  eV     1   --> A'             
     e(  9 -  9) =     -2.47670  eV     1   --> A''            
     e( 10 - 10) =     -1.09908  eV     1   --> A'             
     e( 11 - 11) =      1.00903  eV     1   --> A'             
     e( 12 - 12) =      1.32515  eV     1   --> A''            
     e( 13 - 13) =      3.81283  eV     1   --> A'             
     e( 14 - 14) =      5.73678  eV     1   --> A'             
     e( 15 - 15) =      5.91782  eV     1   --> A''            
     e( 16 - 16) =      6.06259  eV     1   --> A'             
     e( 17 - 17) =      6.76063  eV     1   --> A'             
     e( 18 - 18) =      6.90288  eV     1   --> A''            
     e( 19 - 19) =      8.16495  eV     1   --> A'             
     e( 20 - 20) =      9.16788  eV     1   --> A'             
     e( 21 - 21) =     11.39969  eV     1   --> A'             
     e( 22 - 22) =     14.04020  eV     1   --> A'             
     e( 23 - 23) =     14.17813  eV     1   --> A'             
     e( 24 - 24) =     14.96017  eV     1   --> A''            
     e( 25 - 25) =     15.11418  eV     1   --> A'             
     e( 26 - 26) =     17.55632  eV     1   --> A'             

 **************************************************************************

 **************************************************************************

                    xk=(   0.08750,   0.05052,   0.00000  )

     Band symmetry, C_s (m)     point group:

     e(  1 -  1) =    -45.37035  eV     1   --> A'             
     e(  2 -  2) =    -23.84118  eV     1   --> A'             
     e(  3 -  3) =    -23.14538  eV     1   --> A'             
     e(  4 -  4) =    -23.09435  eV     1   --> A''            
     e(  5 -  5) =    -20.66175  eV     1   --> A'             
     e(  6 -  6) =    -12.93111  eV     1   --> A'             
     e(  7 -  7) =     -3.09737  eV     1   --> A'             
     e(  8 -  8) =     -2.54604  eV     1   --> A'             
     e(  9 -  9) =     -2.47670  eV     1   --> A''            
     e( 10 - 10) =     -1.09555  eV     1   --> A'             
     e( 11 - 11) =      0.97278  eV     1   --> A'             
     e( 12 - 12) =      1.31811  eV     1   --> A''            
     e( 13 - 13) =      3.81457  eV     1   --> A'             
     e( 14 - 14) =      5.72953  eV     1   --> A'             
     e( 15 - 15) =      5.92626  eV     1   --> A''            
     e( 16 - 16) =      6.07057  eV     1   --> A'             
     e( 17 - 17) =      6.76275  eV     1   --> A'             
     e( 18 - 18) =      6.91134  eV     1   --> A''            
     e( 19 - 19) =      8.18635  eV     1   --> A'             
     e( 20 - 20) =      9.19940  eV     1   --> A'             
     e( 21 - 21) =     11.42453  eV     1   --> A'             
     e( 22 - 22) =     14.01094  eV     1   --> A'             
     e( 23 - 23) =     14.16611  eV     1   --> A'             
     e( 24 - 24) =     14.98460  eV     1   --> A''            
     e( 25 - 25) =     15.09772  eV     1   --> A'             
     e( 26 - 26) =     17.56746  eV     1   --> A'             

 **************************************************************************

 **************************************************************************

                    xk=(   0.09167,   0.05292,   0.00000  )

     Band symmetry, C_s (m)     point group:

     e(  1 -  1) =    -45.36994  eV     1   --> A'             
     e(  2 -  2) =    -23.83960  eV     1   --> A'             
     e(  3 -  3) =    -23.15099  eV     1   --> A'             
     e(  4 -  4) =    -23.09524  eV     1   --> A''            
     e(  5 -  5) =    -20.66030  eV     1   --> A'             
     e(  6 -  6) =    -12.92582  eV     1   --> A'             
     e(  7 -  7) =     -3.09138  eV     1   --> A'             
     e(  8 -  8) =     -2.55218  eV     1   --> A'             
     e(  9 -  9) =     -2.47672  eV     1   --> A''            
     e( 10 - 10) =     -1.09193  eV     1   --> A'             
     e( 11 - 11) =      0.93536  eV     1   --> A'             
     e( 12 - 12) =      1.31078  eV     1   --> A''            
     e( 13 - 13) =      3.81623  eV     1   --> A'             
     e( 14 - 14) =      5.72230  eV     1   --> A'             
     e( 15 - 15) =      5.93516  eV     1   --> A''            
     e( 16 - 16) =      6.07807  eV     1   --> A'             
     e( 17 - 17) =      6.76610  eV     1   --> A'             
     e( 18 - 18) =      6.92010  eV     1   --> A''            
     e( 19 - 19) =      8.20859  eV     1   --> A'             
     e( 20 - 20) =      9.23149  eV     1   --> A'             
     e( 21 - 21) =     11.45047  eV     1   --> A'             
     e( 22 - 22) =     13.97566  eV     1   --> A'             
     e( 23 - 23) =     14.15869  eV     1   --> A'             
     e( 24 - 24) =     15.01020  eV     1   --> A''            
     e( 25 - 25) =     15.08251  eV     1   --> A'             
     e( 26 - 26) =     17.57683  eV     1   --> A'             

 **************************************************************************

 **************************************************************************

                    xk=(   0.09583,   0.05533,   0.00000  )

     Band symmetry, C_s (m)     point group:

     e(  1 -  1) =    -45.36950  eV     1   --> A'             
     e(  2 -  2) =    -23.83796  eV     1   --> A'             
     e(  3 -  3) =    -23.15682  eV     1   --> A'             
     e(  4 -  4) =    -23.09617  eV     1   --> A''            
     e(  5 -  5) =    -20.65882  eV     1   --> A'             
     e(  6 -  6) =    -12.92030  eV     1   --> A'             
     e(  7 -  7) =     -3.08519  eV     1   --> A'             
     e(  8 -  8) =     -2.55850  eV     1   --> A'             
     e(  9 -  9) =     -2.47674  eV     1   --> A''            
     e( 10 - 10) =     -1.08822  eV     1   --> A'             
     e( 11 - 11) =      0.89684  eV     1   --> A'             
     e( 12 - 12) =      1.30319  eV     1   --> A''            
     e( 13 - 13) =      3.81778  eV     1   --> A'             
     e( 14 - 14) =      5.71514  eV     1   --> A'             
     e( 15 - 15) =      5.94452  eV     1   --> A''            
     e( 16 - 16) =      6.08506  eV     1   --> A'             
     e( 17 - 17) =      6.77074  eV     1   --> A'             
     e( 18 - 18) =      6.92916  eV     1   --> A''            
     e( 19 - 19) =      8.23162  eV     1   --> A'             
     e( 20 - 20) =      9.26406  eV     1   --> A'             
     e( 21 - 21) =     11.47745  eV     1   --> A'             
     e( 22 - 22) =     13.93695  eV     1   --> A'             
     e( 23 - 23) =     14.15313  eV     1   --> A'             
     e( 24 - 24) =     15.03696  eV     1   --> A''            
     e( 25 - 25) =     15.06892  eV     1   --> A'             
     e( 26 - 26) =     17.58445  eV     1   --> A'             

 **************************************************************************

 **************************************************************************

                    xk=(   0.10000,   0.05774,   0.00000  )

     Band symmetry, C_s (m)     point group:

     e(  1 -  1) =    -45.36905  eV     1   --> A'             
     e(  2 -  2) =    -23.83627  eV     1   --> A'             
     e(  3 -  3) =    -23.16286  eV     1   --> A'             
     e(  4 -  4) =    -23.09714  eV     1   --> A''            
     e(  5 -  5) =    -20.65730  eV     1   --> A'             
     e(  6 -  6) =    -12.91456  eV     1   --> A'             
     e(  7 -  7) =     -3.07882  eV     1   --> A'             
     e(  8 -  8) =     -2.56499  eV     1   --> A'             
     e(  9 -  9) =     -2.47679  eV     1   --> A''            
     e( 10 - 10) =     -1.08444  eV     1   --> A'             
     e( 11 - 11) =      0.85728  eV     1   --> A'             
     e( 12 - 12) =      1.29532  eV     1   --> A''            
     e( 13 - 13) =      3.81920  eV     1   --> A'             
     e( 14 - 14) =      5.70808  eV     1   --> A'             
     e( 15 - 15) =      5.95434  eV     1   --> A''            
     e( 16 - 16) =      6.09150  eV     1   --> A'             
     e( 17 - 17) =      6.77668  eV     1   --> A'             
     e( 18 - 18) =      6.93847  eV     1   --> A''            
     e( 19 - 19) =      8.25543  eV     1   --> A'             
     e( 20 - 20) =      9.29703  eV     1   --> A'             
     e( 21 - 21) =     11.50543  eV     1   --> A'             
     e( 22 - 22) =     13.89646  eV     1   --> A'             
     e( 23 - 23) =     14.14764  eV     1   --> A'             
     e( 24 - 24) =     15.05731  eV     1   --> A'             
     e( 25 - 25) =     15.06488  eV     1   --> A''            
     e( 26 - 26) =     17.59032  eV     1   --> A'             

 **************************************************************************

 **************************************************************************

                    xk=(   0.10417,   0.06014,   0.00000  )

     Band symmetry, C_s (m)     point group:

     e(  1 -  1) =    -45.36858  eV     1   --> A'             
     e(  2 -  2) =    -23.83450  eV     1   --> A'             
     e(  3 -  3) =    -23.16909  eV     1   --> A'             
     e(  4 -  4) =    -23.09813  eV     1   --> A''            
     e(  5 -  5) =    -20.65574  eV     1   --> A'             
     e(  6 -  6) =    -12.90860  eV     1   --> A'             
     e(  7 -  7) =     -3.07225  eV     1   --> A'             
     e(  8 -  8) =     -2.57161  eV     1   --> A'             
     e(  9 -  9) =     -2.47682  eV     1   --> A''            
     e( 10 - 10) =     -1.08058  eV     1   --> A'             
     e( 11 - 11) =      0.81675  eV     1   --> A'             
     e( 12 - 12) =      1.28720  eV     1   --> A''            
     e( 13 - 13) =      3.82049  eV     1   --> A'             
     e( 14 - 14) =      5.70116  eV     1   --> A'             
     e( 15 - 15) =      5.96463  eV     1   --> A''            
     e( 16 - 16) =      6.09741  eV     1   --> A'             
     e( 17 - 17) =      6.78399  eV     1   --> A'             
     e( 18 - 18) =      6.94806  eV     1   --> A''            
     e( 19 - 19) =      8.27999  eV     1   --> A'             
     e( 20 - 20) =      9.33033  eV     1   --> A'             
     e( 21 - 21) =     11.53435  eV     1   --> A'             
     e( 22 - 22) =     13.85516  eV     1   --> A'             
     e( 23 - 23) =     14.14116  eV     1   --> A'             
     e( 24 - 24) =     15.04801  eV     1   --> A'             
     e( 25 - 25) =     15.09396  eV     1   --> A''            
     e( 26 - 26) =     17.59447  eV     1   --> A'             

 **************************************************************************

 **************************************************************************

                    xk=(   0.10833,   0.06255,   0.00000  )

     Band symmetry, C_s (m)     point group:

     e(  1 -  1) =    -45.36809  eV     1   --> A'             
     e(  2 -  2) =    -23.83269  eV     1   --> A'             
     e(  3 -  3) =    -23.17551  eV     1   --> A'             
     e(  4 -  4) =    -23.09916  eV     1   --> A''            
     e(  5 -  5) =    -20.65414  eV     1   --> A'             
     e(  6 -  6) =    -12.90241  eV     1   --> A'             
     e(  7 -  7) =     -3.06550  eV     1   --> A'             
     e(  8 -  8) =     -2.57839  eV     1   --> A'             
     e(  9 -  9) =     -2.47687  eV     1   --> A''            
     e( 10 - 10) =     -1.07666  eV     1   --> A'             
     e( 11 - 11) =      0.77530  eV     1   --> A'             
     e( 12 - 12) =      1.27883  eV     1   --> A''            
     e( 13 - 13) =      3.82161  eV     1   --> A'             
     e( 14 - 14) =      5.69443  eV     1   --> A'             
     e( 15 - 15) =      5.97539  eV     1   --> A''            
     e( 16 - 16) =      6.10277  eV     1   --> A'             
     e( 17 - 17) =      6.79265  eV     1   --> A'             
     e( 18 - 18) =      6.95789  eV     1   --> A''            
     e( 19 - 19) =      8.30528  eV     1   --> A'             
     e( 20 - 20) =      9.36390  eV     1   --> A'             
     e( 21 - 21) =     11.56414  eV     1   --> A'             
     e( 22 - 22) =     13.81363  eV     1   --> A'             
     e( 23 - 23) =     14.13302  eV     1   --> A'             
     e( 24 - 24) =     15.04132  eV     1   --> A'             
     e( 25 - 25) =     15.12419  eV     1   --> A''            
     e( 26 - 26) =     17.59693  eV     1   --> A'             

 **************************************************************************

 **************************************************************************

                    xk=(   0.11250,   0.06495,   0.00000  )

     Band symmetry, C_s (m)     point group:

     e(  1 -  1) =    -45.36759  eV     1   --> A'             
     e(  2 -  2) =    -23.83081  eV     1   --> A'             
     e(  3 -  3) =    -23.18212  eV     1   --> A'             
     e(  4 -  4) =    -23.10023  eV     1   --> A''            
     e(  5 -  5) =    -20.65252  eV     1   --> A'             
     e(  6 -  6) =    -12.89601  eV     1   --> A'             
     e(  7 -  7) =     -3.05860  eV     1   --> A'             
     e(  8 -  8) =     -2.58530  eV     1   --> A'             
     e(  9 -  9) =     -2.47693  eV     1   --> A''            
     e( 10 - 10) =     -1.07269  eV     1   --> A'             
     e( 11 - 11) =      0.73301  eV     1   --> A'             
     e( 12 - 12) =      1.27022  eV     1   --> A''            
     e( 13 - 13) =      3.82254  eV     1   --> A'             
     e( 14 - 14) =      5.68790  eV     1   --> A'             
     e( 15 - 15) =      5.98663  eV     1   --> A''            
     e( 16 - 16) =      6.10760  eV     1   --> A'             
     e( 17 - 17) =      6.80264  eV     1   --> A'             
     e( 18 - 18) =      6.96796  eV     1   --> A''            
     e( 19 - 19) =      8.33126  eV     1   --> A'             
     e( 20 - 20) =      9.39765  eV     1   --> A'             
     e( 21 - 21) =     11.59472  eV     1   --> A'             
     e( 22 - 22) =     13.77226  eV     1   --> A'             
     e( 23 - 23) =     14.12284  eV     1   --> A'             
     e( 24 - 24) =     15.03747  eV     1   --> A'             
     e( 25 - 25) =     15.15557  eV     1   --> A''            
     e( 26 - 26) =     17.59773  eV     1   --> A'             

 **************************************************************************

 **************************************************************************

                    xk=(   0.11667,   0.06736,   0.00000  )

     Band symmetry, C_s (m)     point group:

     e(  1 -  1) =    -45.36707  eV     1   --> A'             
     e(  2 -  2) =    -23.82888  eV     1   --> A'             
     e(  3 -  3) =    -23.18891  eV     1   --> A'             
     e(  4 -  4) =    -23.10132  eV     1   --> A''            
     e(  5 -  5) =    -20.65086  eV     1   --> A'             
     e(  6 -  6) =    -12.88938  eV     1   --> A'             
     e(  7 -  7) =     -3.05154  eV     1   --> A'             
     e(  8 -  8) =     -2.59232  eV     1   --> A'             
     e(  9 -  9) =     -2.47699  eV     1   --> A''            
     e( 10 - 10) =     -1.06869  eV     1   --> A'             
     e( 11 - 11) =      0.68992  eV     1   --> A'             
     e( 12 - 12) =      1.26137  eV     1   --> A''            
     e( 13 - 13) =      3.82327  eV     1   --> A'             
     e( 14 - 14) =      5.68164  eV     1   --> A'             
     e( 15 - 15) =      5.99834  eV     1   --> A''            
     e( 16 - 16) =      6.11196  eV     1   --> A'             
     e( 17 - 17) =      6.81396  eV     1   --> A'             
     e( 18 - 18) =      6.97825  eV     1   --> A''            
     e( 19 - 19) =      8.35792  eV     1   --> A'             
     e( 20 - 20) =      9.43154  eV     1   --> A'             
     e( 21 - 21) =     11.62598  eV     1   --> A'             
     e( 22 - 22) =     13.73135  eV     1   --> A'             
     e( 23 - 23) =     14.11037  eV     1   --> A'             
     e( 24 - 24) =     15.03663  eV     1   --> A'             
     e( 25 - 25) =     15.18809  eV     1   --> A''            
     e( 26 - 26) =     17.59691  eV     1   --> A'             

 **************************************************************************

 **************************************************************************

                    xk=(   0.12083,   0.06976,   0.00000  )

     Band symmetry, C_s (m)     point group:

     e(  1 -  1) =    -45.36654  eV     1   --> A'             
     e(  2 -  2) =    -23.82690  eV     1   --> A'             
     e(  3 -  3) =    -23.19586  eV     1   --> A'             
     e(  4 -  4) =    -23.10244  eV     1   --> A''            
     e(  5 -  5) =    -20.64919  eV     1   --> A'             
     e(  6 -  6) =    -12.88255  eV     1   --> A'             
     e(  7 -  7) =     -3.04435  eV     1   --> A'             
     e(  8 -  8) =     -2.59944  eV     1   --> A'             
     e(  9 -  9) =     -2.47706  eV     1   --> A''            
     e( 10 - 10) =     -1.06465  eV     1   --> A'             
     e( 11 - 11) =      0.64610  eV     1   --> A'             
     e( 12 - 12) =      1.25231  eV     1   --> A''            
     e( 13 - 13) =      3.82376  eV     1   --> A'             
     e( 14 - 14) =      5.67566  eV     1   --> A'             
     e( 15 - 15) =      6.01054  eV     1   --> A''            
     e( 16 - 16) =      6.11587  eV     1   --> A'             
     e( 17 - 17) =      6.82655  eV     1   --> A'             
     e( 18 - 18) =      6.98875  eV     1   --> A''            
     e( 19 - 19) =      8.38521  eV     1   --> A'             
     e( 20 - 20) =      9.46550  eV     1   --> A'             
     e( 21 - 21) =     11.65782  eV     1   --> A'             
     e( 22 - 22) =     13.69113  eV     1   --> A'             
     e( 23 - 23) =     14.09550  eV     1   --> A'             
     e( 24 - 24) =     15.03890  eV     1   --> A'             
     e( 25 - 25) =     15.22174  eV     1   --> A''            
     e( 26 - 26) =     17.59446  eV     1   --> A'             

 **************************************************************************

 **************************************************************************

                    xk=(   0.12500,   0.07217,   0.00000  )

     Band symmetry, C_s (m)     point group:

     e(  1 -  1) =    -45.36599  eV     1   --> A'             
     e(  2 -  2) =    -23.82487  eV     1   --> A'             
     e(  3 -  3) =    -23.20298  eV     1   --> A'             
     e(  4 -  4) =    -23.10360  eV     1   --> A''            
     e(  5 -  5) =    -20.64749  eV     1   --> A'             
     e(  6 -  6) =    -12.87551  eV     1   --> A'             
     e(  7 -  7) =     -3.03704  eV     1   --> A'             
     e(  8 -  8) =     -2.60665  eV     1   --> A'             
     e(  9 -  9) =     -2.47716  eV     1   --> A''            
     e( 10 - 10) =     -1.06059  eV     1   --> A'             
     e( 11 - 11) =      0.60161  eV     1   --> A'             
     e( 12 - 12) =      1.24302  eV     1   --> A''            
     e( 13 - 13) =      3.82402  eV     1   --> A'             
     e( 14 - 14) =      5.67000  eV     1   --> A'             
     e( 15 - 15) =      6.02320  eV     1   --> A''            
     e( 16 - 16) =      6.11941  eV     1   --> A'             
     e( 17 - 17) =      6.84036  eV     1   --> A'             
     e( 18 - 18) =      6.99945  eV     1   --> A''            
     e( 19 - 19) =      8.41312  eV     1   --> A'             
     e( 20 - 20) =      9.49948  eV     1   --> A'             
     e( 21 - 21) =     11.69009  eV     1   --> A'             
     e( 22 - 22) =     13.65182  eV     1   --> A'             
     e( 23 - 23) =     14.07825  eV     1   --> A'             
     e( 24 - 24) =     15.04431  eV     1   --> A'             
     e( 25 - 25) =     15.25653  eV     1   --> A''            
     e( 26 - 26) =     17.59042  eV     1   --> A'             

 **************************************************************************

 **************************************************************************

                    xk=(   0.12917,   0.07457,   0.00000  )

     Band symmetry, C_s (m)     point group:

     e(  1 -  1) =    -45.36543  eV     1   --> A'             
     e(  2 -  2) =    -23.82278  eV     1   --> A'             
     e(  3 -  3) =    -23.21026  eV     1   --> A'             
     e(  4 -  4) =    -23.10479  eV     1   --> A''            
     e(  5 -  5) =    -20.64578  eV     1   --> A'             
     e(  6 -  6) =    -12.86826  eV     1   --> A'             
     e(  7 -  7) =     -3.02961  eV     1   --> A'             
     e(  8 -  8) =     -2.61393  eV     1   --> A'             
     e(  9 -  9) =     -2.47728  eV     1   --> A''            
     e( 10 - 10) =     -1.05653  eV     1   --> A'             
     e( 11 - 11) =      0.55651  eV     1   --> A'             
     e( 12 - 12) =      1.23354  eV     1   --> A''            
     e( 13 - 13) =      3.82401  eV     1   --> A'             
     e( 14 - 14) =      5.66469  eV     1   --> A'             
     e( 15 - 15) =      6.03635  eV     1   --> A''            
     e( 16 - 16) =      6.12263  eV     1   --> A'             
     e( 17 - 17) =      6.85536  eV     1   --> A'             
     e( 18 - 18) =      7.01032  eV     1   --> A''            
     e( 19 - 19) =      8.44162  eV     1   --> A'             
     e( 20 - 20) =      9.53344  eV     1   --> A'             
     e( 21 - 21) =     11.72266  eV     1   --> A'             
     e( 22 - 22) =     13.61361  eV     1   --> A'             
     e( 23 - 23) =     14.05870  eV     1   --> A'             
     e( 24 - 24) =     15.05280  eV     1   --> A'             
     e( 25 - 25) =     15.29243  eV     1   --> A''            
     e( 26 - 26) =     17.58477  eV     1   --> A'             

 **************************************************************************

 **************************************************************************

                    xk=(   0.13333,   0.07698,   0.00000  )

     Band symmetry, C_s (m)     point group:

     e(  1 -  1) =    -45.36485  eV     1   --> A'             
     e(  2 -  2) =    -23.82066  eV     1   --> A'             
     e(  3 -  3) =    -23.21769  eV     1   --> A'             
     e(  4 -  4) =    -23.10601  eV     1   --> A''            
     e(  5 -  5) =    -20.64405  eV     1   --> A'             
     e(  6 -  6) =    -12.86081  eV     1   --> A'             
     e(  7 -  7) =     -3.02211  eV     1   --> A'             
     e(  8 -  8) =     -2.62126  eV     1   --> A'             
     e(  9 -  9) =     -2.47741  eV     1   --> A''            
     e( 10 - 10) =     -1.05247  eV     1   --> A'             
     e( 11 - 11) =      0.51084  eV     1   --> A'             
     e( 12 - 12) =      1.22386  eV     1   --> A''            
     e( 13 - 13) =      3.82372  eV     1   --> A'             
     e( 14 - 14) =      5.65978  eV     1   --> A'             
     e( 15 - 15) =      6.04999  eV     1   --> A''            
     e( 16 - 16) =      6.12560  eV     1   --> A'             
     e( 17 - 17) =      6.87145  eV     1   --> A'             
     e( 18 - 18) =      7.02137  eV     1   --> A''            
     e( 19 - 19) =      8.47066  eV     1   --> A'             
     e( 20 - 20) =      9.56732  eV     1   --> A'             
     e( 21 - 21) =     11.75532  eV     1   --> A'             
     e( 22 - 22) =     13.57671  eV     1   --> A'             
     e( 23 - 23) =     14.03702  eV     1   --> A'             
     e( 24 - 24) =     15.06429  eV     1   --> A'             
     e( 25 - 25) =     15.32946  eV     1   --> A''            
     e( 26 - 26) =     17.57751  eV     1   --> A'             

 **************************************************************************

 **************************************************************************

                    xk=(   0.13750,   0.07939,   0.00000  )

     Band symmetry, C_s (m)     point group:

     e(  1 -  1) =    -45.36426  eV     1   --> A'             
     e(  2 -  2) =    -23.81849  eV     1   --> A'             
     e(  3 -  3) =    -23.22525  eV     1   --> A'             
     e(  4 -  4) =    -23.10726  eV     1   --> A''            
     e(  5 -  5) =    -20.64231  eV     1   --> A'             
     e(  6 -  6) =    -12.85316  eV     1   --> A'             
     e(  7 -  7) =     -3.01454  eV     1   --> A'             
     e(  8 -  8) =     -2.62863  eV     1   --> A'             
     e(  9 -  9) =     -2.47755  eV     1   --> A''            
     e( 10 - 10) =     -1.04842  eV     1   --> A'             
     e( 11 - 11) =      0.46468  eV     1   --> A'             
     e( 12 - 12) =      1.21399  eV     1   --> A''            
     e( 13 - 13) =      3.82313  eV     1   --> A'             
     e( 14 - 14) =      5.65529  eV     1   --> A'             
     e( 15 - 15) =      6.06410  eV     1   --> A''            
     e( 16 - 16) =      6.12839  eV     1   --> A'             
     e( 17 - 17) =      6.88859  eV     1   --> A'             
     e( 18 - 18) =      7.03257  eV     1   --> A''            
     e( 19 - 19) =      8.50023  eV     1   --> A'             
     e( 20 - 20) =      9.60110  eV     1   --> A'             
     e( 21 - 21) =     11.78790  eV     1   --> A'             
     e( 22 - 22) =     13.54130  eV     1   --> A'             
     e( 23 - 23) =     14.01343  eV     1   --> A'             
     e( 24 - 24) =     15.07863  eV     1   --> A'             
     e( 25 - 25) =     15.36760  eV     1   --> A''            
     e( 26 - 26) =     17.56862  eV     1   --> A'             

 **************************************************************************

 **************************************************************************

                    xk=(   0.14167,   0.08179,   0.00000  )

     Band symmetry, C_s (m)     point group:

     e(  1 -  1) =    -45.36366  eV     1   --> A'             
     e(  2 -  2) =    -23.81628  eV     1   --> A'             
     e(  3 -  3) =    -23.23296  eV     1   --> A'             
     e(  4 -  4) =    -23.10854  eV     1   --> A''            
     e(  5 -  5) =    -20.64056  eV     1   --> A'             
     e(  6 -  6) =    -12.84531  eV     1   --> A'             
     e(  7 -  7) =     -3.00694  eV     1   --> A'             
     e(  8 -  8) =     -2.63603  eV     1   --> A'             
     e(  9 -  9) =     -2.47772  eV     1   --> A''            
     e( 10 - 10) =     -1.04440  eV     1   --> A'             
     e( 11 - 11) =      0.41807  eV     1   --> A'             
     e( 12 - 12) =      1.20395  eV     1   --> A''            
     e( 13 - 13) =      3.82223  eV     1   --> A'             
     e( 14 - 14) =      5.65124  eV     1   --> A'             
     e( 15 - 15) =      6.07870  eV     1   --> A''            
     e( 16 - 16) =      6.13107  eV     1   --> A'             
     e( 17 - 17) =      6.90671  eV     1   --> A'             
     e( 18 - 18) =      7.04391  eV     1   --> A''            
     e( 19 - 19) =      8.53029  eV     1   --> A'             
     e( 20 - 20) =      9.63472  eV     1   --> A'             
     e( 21 - 21) =     11.82016  eV     1   --> A'             
     e( 22 - 22) =     13.50758  eV     1   --> A'             
     e( 23 - 23) =     13.98820  eV     1   --> A'             
     e( 24 - 24) =     15.09564  eV     1   --> A'             
     e( 25 - 25) =     15.40683  eV     1   --> A''            
     e( 26 - 26) =     17.55806  eV     1   --> A'             

 **************************************************************************

 **************************************************************************

                    xk=(   0.14583,   0.08420,   0.00000  )

     Band symmetry, C_s (m)     point group:

     e(  1 -  1) =    -45.36305  eV     1   --> A'             
     e(  2 -  2) =    -23.81404  eV     1   --> A'             
     e(  3 -  3) =    -23.24079  eV     1   --> A'             
     e(  4 -  4) =    -23.10985  eV     1   --> A''            
     e(  5 -  5) =    -20.63881  eV     1   --> A'             
     e(  6 -  6) =    -12.83728  eV     1   --> A'             
     e(  7 -  7) =     -2.99930  eV     1   --> A'             
     e(  8 -  8) =     -2.64342  eV     1   --> A'             
     e(  9 -  9) =     -2.47792  eV     1   --> A''            
     e( 10 - 10) =     -1.04043  eV     1   --> A'             
     e( 11 - 11) =      0.37107  eV     1   --> A'             
     e( 12 - 12) =      1.19374  eV     1   --> A''            
     e( 13 - 13) =      3.82100  eV     1   --> A'             
     e( 14 - 14) =      5.64766  eV     1   --> A'             
     e( 15 - 15) =      6.09377  eV     1   --> A''            
     e( 16 - 16) =      6.13373  eV     1   --> A'             
     e( 17 - 17) =      6.92574  eV     1   --> A'             
     e( 18 - 18) =      7.05536  eV     1   --> A''            
     e( 19 - 19) =      8.56081  eV     1   --> A'             
     e( 20 - 20) =      9.66816  eV     1   --> A'             
     e( 21 - 21) =     11.85185  eV     1   --> A'             
     e( 22 - 22) =     13.47576  eV     1   --> A'             
     e( 23 - 23) =     13.96163  eV     1   --> A'             
     e( 24 - 24) =     15.11515  eV     1   --> A'             
     e( 25 - 25) =     15.44716  eV     1   --> A''            
     e( 26 - 26) =     17.54581  eV     1   --> A'             

 **************************************************************************

 **************************************************************************

                    xk=(   0.15000,   0.08660,   0.00000  )

     Band symmetry, C_s (m)     point group:

     e(  1 -  1) =    -45.36242  eV     1   --> A'             
     e(  2 -  2) =    -23.81175  eV     1   --> A'             
     e(  3 -  3) =    -23.24874  eV     1   --> A'             
     e(  4 -  4) =    -23.11119  eV     1   --> A''            
     e(  5 -  5) =    -20.63705  eV     1   --> A'             
     e(  6 -  6) =    -12.82905  eV     1   --> A'             
     e(  7 -  7) =     -2.99165  eV     1   --> A'             
     e(  8 -  8) =     -2.65079  eV     1   --> A'             
     e(  9 -  9) =     -2.47813  eV     1   --> A''            
     e( 10 - 10) =     -1.03651  eV     1   --> A'             
     e( 11 - 11) =      0.32375  eV     1   --> A'             
     e( 12 - 12) =      1.18338  eV     1   --> A''            
     e( 13 - 13) =      3.81944  eV     1   --> A'             
     e( 14 - 14) =      5.64457  eV     1   --> A'             
     e( 15 - 15) =      6.10933  eV     1   --> A''            
     e( 16 - 16) =      6.13642  eV     1   --> A'             
     e( 17 - 17) =      6.94561  eV     1   --> A'             
     e( 18 - 18) =      7.06696  eV     1   --> A''            
     e( 19 - 19) =      8.59176  eV     1   --> A'             
     e( 20 - 20) =      9.70139  eV     1   --> A'             
     e( 21 - 21) =     11.88267  eV     1   --> A'             
     e( 22 - 22) =     13.44603  eV     1   --> A'             
     e( 23 - 23) =     13.93403  eV     1   --> A'             
     e( 24 - 24) =     15.13697  eV     1   --> A'             
     e( 25 - 25) =     15.48858  eV     1   --> A''            
     e( 26 - 26) =     17.52920  eV     1   --> A''            

 **************************************************************************

 **************************************************************************

                    xk=(   0.15417,   0.08901,   0.00000  )

     Band symmetry, C_s (m)     point group:

     e(  1 -  1) =    -45.36178  eV     1   --> A'             
     e(  2 -  2) =    -23.80943  eV     1   --> A'             
     e(  3 -  3) =    -23.25678  eV     1   --> A'             
     e(  4 -  4) =    -23.11254  eV     1   --> A''            
     e(  5 -  5) =    -20.63529  eV     1   --> A'             
     e(  6 -  6) =    -12.82064  eV     1   --> A'             
     e(  7 -  7) =     -2.98403  eV     1   --> A'             
     e(  8 -  8) =     -2.65809  eV     1   --> A'             
     e(  9 -  9) =     -2.47834  eV     1   --> A''            
     e( 10 - 10) =     -1.03266  eV     1   --> A'             
     e( 11 - 11) =      0.27614  eV     1   --> A'             
     e( 12 - 12) =      1.17286  eV     1   --> A''            
     e( 13 - 13) =      3.81754  eV     1   --> A'             
     e( 14 - 14) =      5.64201  eV     1   --> A'             
     e( 15 - 15) =      6.12538  eV     1   --> A''            
     e( 16 - 16) =      6.13922  eV     1   --> A'             
     e( 17 - 17) =      6.96628  eV     1   --> A'             
     e( 18 - 18) =      7.07867  eV     1   --> A''            
     e( 19 - 19) =      8.62310  eV     1   --> A'             
     e( 20 - 20) =      9.73437  eV     1   --> A'             
     e( 21 - 21) =     11.91234  eV     1   --> A'             
     e( 22 - 22) =     13.41859  eV     1   --> A'             
     e( 23 - 23) =     13.90576  eV     1   --> A'             
     e( 24 - 24) =     15.16091  eV     1   --> A'             
     e( 25 - 25) =     15.53107  eV     1   --> A''            
     e( 26 - 26) =     17.50768  eV     1   --> A''            

 **************************************************************************

 **************************************************************************

                    xk=(   0.15833,   0.09141,   0.00000  )

     Band symmetry, C_s (m)     point group:

     e(  1 -  1) =    -45.36112  eV     1   --> A'             
     e(  2 -  2) =    -23.80708  eV     1   --> A'             
     e(  3 -  3) =    -23.26493  eV     1   --> A'             
     e(  4 -  4) =    -23.11392  eV     1   --> A''            
     e(  5 -  5) =    -20.63353  eV     1   --> A'             
     e(  6 -  6) =    -12.81205  eV     1   --> A'             
     e(  7 -  7) =     -2.97646  eV     1   --> A'             
     e(  8 -  8) =     -2.66531  eV     1   --> A'             
     e(  9 -  9) =     -2.47858  eV     1   --> A''            
     e( 10 - 10) =     -1.02890  eV     1   --> A'             
     e( 11 - 11) =      0.22832  eV     1   --> A'             
     e( 12 - 12) =      1.16221  eV     1   --> A''            
     e( 13 - 13) =      3.81528  eV     1   --> A'             
     e( 14 - 14) =      5.63998  eV     1   --> A'             
     e( 15 - 15) =      6.14192  eV     1   --> A''            
     e( 16 - 16) =      6.14219  eV     1   --> A'             
     e( 17 - 17) =      6.98768  eV     1   --> A'             
     e( 18 - 18) =      7.09048  eV     1   --> A''            
     e( 19 - 19) =      8.65480  eV     1   --> A'             
     e( 20 - 20) =      9.76710  eV     1   --> A'             
     e( 21 - 21) =     11.94050  eV     1   --> A'             
     e( 22 - 22) =     13.39360  eV     1   --> A'             
     e( 23 - 23) =     13.87721  eV     1   --> A'             
     e( 24 - 24) =     15.18678  eV     1   --> A'             
     e( 25 - 25) =     15.57463  eV     1   --> A''            
     e( 26 - 26) =     17.48579  eV     1   --> A''            

 **************************************************************************

 **************************************************************************

                    xk=(   0.16250,   0.09382,   0.00000  )

     Band symmetry, C_s (m)     point group:

     e(  1 -  1) =    -45.36046  eV     1   --> A'             
     e(  2 -  2) =    -23.80471  eV     1   --> A'             
     e(  3 -  3) =    -23.27317  eV     1   --> A'             
     e(  4 -  4) =    -23.11532  eV     1   --> A''            
     e(  5 -  5) =    -20.63177  eV     1   --> A'             
     e(  6 -  6) =    -12.80328  eV     1   --> A'             
     e(  7 -  7) =     -2.96897  eV     1   --> A'             
     e(  8 -  8) =     -2.67242  eV     1   --> A'             
     e(  9 -  9) =     -2.47883  eV     1   --> A''            
     e( 10 - 10) =     -1.02525  eV     1   --> A'             
     e( 11 - 11) =      0.18034  eV     1   --> A'             
     e( 12 - 12) =      1.15144  eV     1   --> A''            
     e( 13 - 13) =      3.81267  eV     1   --> A'             
     e( 14 - 14) =      5.63850  eV     1   --> A'             
     e( 15 - 15) =      6.14540  eV     1   --> A'             
     e( 16 - 16) =      6.15893  eV     1   --> A''            
     e( 17 - 17) =      7.00976  eV     1   --> A'             
     e( 18 - 18) =      7.10237  eV     1   --> A''            
     e( 19 - 19) =      8.68683  eV     1   --> A'             
     e( 20 - 20) =      9.79954  eV     1   --> A'             
     e( 21 - 21) =     11.96682  eV     1   --> A'             
     e( 22 - 22) =     13.37119  eV     1   --> A'             
     e( 23 - 23) =     13.84877  eV     1   --> A'             
     e( 24 - 24) =     15.21441  eV     1   --> A'             
     e( 25 - 25) =     15.61924  eV     1   --> A''            
     e( 26 - 26) =     17.46356  eV     1   --> A''            

 **************************************************************************

 **************************************************************************

                    xk=(   0.16667,   0.09623,   0.00000  )

     Band symmetry, C_s (m)     point group:

     e(  1 -  1) =    -45.35978  eV     1   --> A'             
     e(  2 -  2) =    -23.80231  eV     1   --> A'             
     e(  3 -  3) =    -23.28149  eV     1   --> A'             
     e(  4 -  4) =    -23.11675  eV     1   --> A''            
     e(  5 -  5) =    -20.63003  eV     1   --> A'             
     e(  6 -  6) =    -12.79434  eV     1   --> A'             
     e(  7 -  7) =     -2.96161  eV     1   --> A'             
     e(  8 -  8) =     -2.67940  eV     1   --> A'             
     e(  9 -  9) =     -2.47912  eV     1   --> A''            
     e( 10 - 10) =     -1.02174  eV     1   --> A'             
     e( 11 - 11) =      0.13226  eV     1   --> A'             
     e( 12 - 12) =      1.14054  eV     1   --> A''            
     e( 13 - 13) =      3.80969  eV     1   --> A'             
     e( 14 - 14) =      5.63758  eV     1   --> A'             
     e( 15 - 15) =      6.14889  eV     1   --> A'             
     e( 16 - 16) =      6.17641  eV     1   --> A''            
     e( 17 - 17) =      7.03246  eV     1   --> A'             
     e( 18 - 18) =      7.11435  eV     1   --> A''            
     e( 19 - 19) =      8.71915  eV     1   --> A'             
     e( 20 - 20) =      9.83167  eV     1   --> A'             
     e( 21 - 21) =     11.99095  eV     1   --> A'             
     e( 22 - 22) =     13.35142  eV     1   --> A'             
     e( 23 - 23) =     13.82093  eV     1   --> A'             
     e( 24 - 24) =     15.24364  eV     1   --> A'             
     e( 25 - 25) =     15.66490  eV     1   --> A''            
     e( 26 - 26) =     17.44097  eV     1   --> A''            

 **************************************************************************

 **************************************************************************

                    xk=(   0.17083,   0.09863,   0.00000  )

     Band symmetry, C_s (m)     point group:

     e(  1 -  1) =    -45.35910  eV     1   --> A'             
     e(  2 -  2) =    -23.79988  eV     1   --> A'             
     e(  3 -  3) =    -23.28988  eV     1   --> A'             
     e(  4 -  4) =    -23.11820  eV     1   --> A''            
     e(  5 -  5) =    -20.62829  eV     1   --> A'             
     e(  6 -  6) =    -12.78524  eV     1   --> A'             
     e(  7 -  7) =     -2.95441  eV     1   --> A'             
     e(  8 -  8) =     -2.68617  eV     1   --> A'             
     e(  9 -  9) =     -2.47942  eV     1   --> A''            
     e( 10 - 10) =     -1.01838  eV     1   --> A'             
     e( 11 - 11) =      0.08414  eV     1   --> A'             
     e( 12 - 12) =      1.12953  eV     1   --> A''            
     e( 13 - 13) =      3.80636  eV     1   --> A'             
     e( 14 - 14) =      5.63724  eV     1   --> A'             
     e( 15 - 15) =      6.15272  eV     1   --> A'             
     e( 16 - 16) =      6.19437  eV     1   --> A''            
     e( 17 - 17) =      7.05577  eV     1   --> A'             
     e( 18 - 18) =      7.12640  eV     1   --> A''            
     e( 19 - 19) =      8.75173  eV     1   --> A'             
     e( 20 - 20) =      9.86348  eV     1   --> A'             
     e( 21 - 21) =     12.01254  eV     1   --> A'             
     e( 22 - 22) =     13.33426  eV     1   --> A'             
     e( 23 - 23) =     13.79422  eV     1   --> A'             
     e( 24 - 24) =     15.27432  eV     1   --> A'             
     e( 25 - 25) =     15.71157  eV     1   --> A''            
     e( 26 - 26) =     17.41806  eV     1   -->   ?

 **************************************************************************

 **************************************************************************

                    xk=(   0.17500,   0.10104,   0.00000  )

     Band symmetry, C_s (m)     point group:

     e(  1 -  1) =    -45.35840  eV     1   --> A'             
     e(  2 -  2) =    -23.79745  eV     1   --> A'             
     e(  3 -  3) =    -23.29834  eV     1   --> A'             
     e(  4 -  4) =    -23.11966  eV     1   --> A''            
     e(  5 -  5) =    -20.62656  eV     1   --> A'             
     e(  6 -  6) =    -12.77597  eV     1   --> A'             
     e(  7 -  7) =     -2.94743  eV     1   --> A'             
     e(  8 -  8) =     -2.69274  eV     1   --> A'             
     e(  9 -  9) =     -2.47974  eV     1   --> A''            
     e( 10 - 10) =     -1.01521  eV     1   --> A'             
     e( 11 - 11) =      0.03605  eV     1   --> A'             
     e( 12 - 12) =      1.11843  eV     1   --> A''            
     e( 13 - 13) =      3.80265  eV     1   --> A'             
     e( 14 - 14) =      5.63746  eV     1   --> A'             
     e( 15 - 15) =      6.15694  eV     1   --> A'             
     e( 16 - 16) =      6.21280  eV     1   --> A''            
     e( 17 - 17) =      7.07960  eV     1   --> A'             
     e( 18 - 18) =      7.13850  eV     1   --> A''            
     e( 19 - 19) =      8.78452  eV     1   --> A'             
     e( 20 - 20) =      9.89495  eV     1   --> A'             
     e( 21 - 21) =     12.03128  eV     1   --> A'             
     e( 22 - 22) =     13.31953  eV     1   --> A'             
     e( 23 - 23) =     13.76929  eV     1   --> A'             
     e( 24 - 24) =     15.30630  eV     1   --> A'             
     e( 25 - 25) =     15.75926  eV     1   --> A''            
     e( 26 - 26) =     17.39481  eV     1   --> A''            

 **************************************************************************

 **************************************************************************

                    xk=(   0.17917,   0.10344,   0.00000  )

     Band symmetry, C_s (m)     point group:

     e(  1 -  1) =    -45.35770  eV     1   --> A'             
     e(  2 -  2) =    -23.79500  eV     1   --> A'             
     e(  3 -  3) =    -23.30685  eV     1   --> A'             
     e(  4 -  4) =    -23.12115  eV     1   --> A''            
     e(  5 -  5) =    -20.62485  eV     1   --> A'             
     e(  6 -  6) =    -12.76654  eV     1   --> A'             
     e(  7 -  7) =     -2.94072  eV     1   --> A'             
     e(  8 -  8) =     -2.69903  eV     1   --> A'             
     e(  9 -  9) =     -2.48009  eV     1   --> A''            
     e( 10 - 10) =     -1.01227  eV     1   --> A'             
     e( 11 - 11) =     -0.01195  eV     1   --> A'             
     e( 12 - 12) =      1.10723  eV     1   --> A''            
     e( 13 - 13) =      3.79859  eV     1   --> A'             
     e( 14 - 14) =      5.63827  eV     1   --> A'             
     e( 15 - 15) =      6.16158  eV     1   --> A'             
     e( 16 - 16) =      6.23169  eV     1   --> A''            
     e( 17 - 17) =      7.10394  eV     1   --> A'             
     e( 18 - 18) =      7.15066  eV     1   --> A''            
     e( 19 - 19) =      8.81751  eV     1   --> A'             
     e( 20 - 20) =      9.92607  eV     1   --> A'             
     e( 21 - 21) =     12.04692  eV     1   --> A'             
     e( 22 - 22) =     13.30685  eV     1   --> A'             
     e( 23 - 23) =     13.74688  eV     1   --> A'             
     e( 24 - 24) =     15.33946  eV     1   --> A'             
     e( 25 - 25) =     15.80795  eV     1   --> A''            
     e( 26 - 26) =     17.37127  eV     1   --> A''            

 **************************************************************************

 **************************************************************************

                    xk=(   0.18333,   0.10585,   0.00000  )

     Band symmetry, C_s (m)     point group:

     e(  1 -  1) =    -45.35698  eV     1   --> A'             
     e(  2 -  2) =    -23.79254  eV     1   --> A'             
     e(  3 -  3) =    -23.31541  eV     1   --> A'             
     e(  4 -  4) =    -23.12265  eV     1   --> A''            
     e(  5 -  5) =    -20.62316  eV     1   --> A'             
     e(  6 -  6) =    -12.75696  eV     1   --> A'             
     e(  7 -  7) =     -2.93433  eV     1   --> A'             
     e(  8 -  8) =     -2.70499  eV     1   --> A'             
     e(  9 -  9) =     -2.48045  eV     1   --> A''            
     e( 10 - 10) =     -1.00959  eV     1   --> A'             
     e( 11 - 11) =     -0.05977  eV     1   --> A'             
     e( 12 - 12) =      1.09596  eV     1   --> A''            
     e( 13 - 13) =      3.79417  eV     1   --> A'             
     e( 14 - 14) =      5.63965  eV     1   --> A'             
     e( 15 - 15) =      6.16670  eV     1   --> A'             
     e( 16 - 16) =      6.25105  eV     1   --> A''            
     e( 17 - 17) =      7.12876  eV     1   --> A'             
     e( 18 - 18) =      7.16286  eV     1   --> A''            
     e( 19 - 19) =      8.85064  eV     1   --> A'             
     e( 20 - 20) =      9.95683  eV     1   --> A'             
     e( 21 - 21) =     12.05925  eV     1   --> A'             
     e( 22 - 22) =     13.29566  eV     1   --> A'             
     e( 23 - 23) =     13.72788  eV     1   --> A'             
     e( 24 - 24) =     15.37366  eV     1   --> A'             
     e( 25 - 25) =     15.85761  eV     1   --> A''            
     e( 26 - 26) =     17.34452  eV     1   --> A'             

 **************************************************************************

 **************************************************************************

                    xk=(   0.18750,   0.10825,   0.00000  )

     Band symmetry, C_s (m)     point group:

     e(  1 -  1) =    -45.35626  eV     1   --> A'             
     e(  2 -  2) =    -23.79008  eV     1   --> A'             
     e(  3 -  3) =    -23.32401  eV     1   --> A'             
     e(  4 -  4) =    -23.12416  eV     1   --> A''            
     e(  5 -  5) =    -20.62148  eV     1   --> A'             
     e(  6 -  6) =    -12.74723  eV     1   --> A'             
     e(  7 -  7) =     -2.92834  eV     1   --> A'             
     e(  8 -  8) =     -2.71054  eV     1   --> A'             
     e(  9 -  9) =     -2.48083  eV     1   --> A''            
     e( 10 - 10) =     -1.00723  eV     1   --> A'             
     e( 11 - 11) =     -0.10733  eV     1   --> A'             
     e( 12 - 12) =      1.08461  eV     1   --> A''            
     e( 13 - 13) =      3.78940  eV     1   --> A'             
     e( 14 - 14) =      5.64161  eV     1   --> A'             
     e( 15 - 15) =      6.17232  eV     1   --> A'             
     e( 16 - 16) =      6.27086  eV     1   --> A''            
     e( 17 - 17) =      7.15403  eV     1   --> A'             
     e( 18 - 18) =      7.17512  eV     1   --> A''            
     e( 19 - 19) =      8.88389  eV     1   --> A'             
     e( 20 - 20) =      9.98720  eV     1   --> A'             
     e( 21 - 21) =     12.06817  eV     1   --> A'             
     e( 22 - 22) =     13.28516  eV     1   --> A'             
     e( 23 - 23) =     13.71330  eV     1   --> A'             
     e( 24 - 24) =     15.40878  eV     1   --> A'             
     e( 25 - 25) =     15.90822  eV     1   --> A''            
     e( 26 - 26) =     17.30959  eV     1   --> A'             

 **************************************************************************

 **************************************************************************

                    xk=(   0.19167,   0.11066,   0.00000  )

     Band symmetry, C_s (m)     point group:

     e(  1 -  1) =    -45.35553  eV     1   --> A'             
     e(  2 -  2) =    -23.78762  eV     1   --> A'             
     e(  3 -  3) =    -23.33264  eV     1   --> A'             
     e(  4 -  4) =    -23.12570  eV     1   --> A''            
     e(  5 -  5) =    -20.61983  eV     1   --> A'             
     e(  6 -  6) =    -12.73737  eV     1   --> A'             
     e(  7 -  7) =     -2.92284  eV     1   --> A'             
     e(  8 -  8) =     -2.71564  eV     1   --> A'             
     e(  9 -  9) =     -2.48125  eV     1   --> A''            
     e( 10 - 10) =     -1.00525  eV     1   --> A'             
     e( 11 - 11) =     -0.15455  eV     1   --> A'             
     e( 12 - 12) =      1.07320  eV     1   --> A''            
     e( 13 - 13) =      3.78429  eV     1   --> A'             
     e( 14 - 14) =      5.64413  eV     1   --> A'             
     e( 15 - 15) =      6.17847  eV     1   --> A'             
     e( 16 - 16) =      6.29110  eV     1   --> A''            
     e( 17 - 17) =      7.17972  eV     1   --> A'             
     e( 18 - 18) =      7.18738  eV     1   --> A''            
     e( 19 - 19) =      8.91721  eV     1   --> A'             
     e( 20 - 20) =     10.01718  eV     1   --> A'             
     e( 21 - 21) =     12.07367  eV     1   --> A'             
     e( 22 - 22) =     13.27443  eV     1   --> A'             
     e( 23 - 23) =     13.70417  eV     1   --> A'             
     e( 24 - 24) =     15.44470  eV     1   --> A'             
     e( 25 - 25) =     15.95975  eV     1   --> A''            
     e( 26 - 26) =     17.27154  eV     1   --> A'             

 **************************************************************************

 **************************************************************************

                    xk=(   0.19583,   0.11306,   0.00000  )

     Band symmetry, C_s (m)     point group:

     e(  1 -  1) =    -45.35479  eV     1   --> A'             
     e(  2 -  2) =    -23.78516  eV     1   --> A'             
     e(  3 -  3) =    -23.34128  eV     1   --> A'             
     e(  4 -  4) =    -23.12725  eV     1   --> A''            
     e(  5 -  5) =    -20.61819  eV     1   --> A'             
     e(  6 -  6) =    -12.72736  eV     1   --> A'             
     e(  7 -  7) =     -2.91789  eV     1   --> A'             
     e(  8 -  8) =     -2.72018  eV     1   --> A'             
     e(  9 -  9) =     -2.48168  eV     1   --> A''            
     e( 10 - 10) =     -1.00371  eV     1   --> A'             
     e( 11 - 11) =     -0.20132  eV     1   --> A'             
     e( 12 - 12) =      1.06174  eV     1   --> A''            
     e( 13 - 13) =      3.77885  eV     1   --> A'             
     e( 14 - 14) =      5.64721  eV     1   --> A'             
     e( 15 - 15) =      6.18518  eV     1   --> A'             
     e( 16 - 16) =      6.31178  eV     1   --> A''            
     e( 17 - 17) =      7.19968  eV     1   --> A''            
     e( 18 - 18) =      7.20582  eV     1   --> A'             
     e( 19 - 19) =      8.95056  eV     1   --> A'             
     e( 20 - 20) =     10.04676  eV     1   --> A'             
     e( 21 - 21) =     12.07581  eV     1   --> A'             
     e( 22 - 22) =     13.26251  eV     1   --> A'             
     e( 23 - 23) =     13.70143  eV     1   --> A'             
     e( 24 - 24) =     15.48131  eV     1   --> A'             
     e( 25 - 25) =     16.01218  eV     1   --> A''            
     e( 26 - 26) =     17.23019  eV     1   --> A'             

 **************************************************************************

 **************************************************************************

                    xk=(   0.20000,   0.11547,   0.00000  )

     Band symmetry, C_s (m)     point group:

     e(  1 -  1) =    -45.35404  eV     1   --> A'             
     e(  2 -  2) =    -23.78272  eV     1   --> A'             
     e(  3 -  3) =    -23.34993  eV     1   --> A'             
     e(  4 -  4) =    -23.12882  eV     1   --> A''            
     e(  5 -  5) =    -20.61659  eV     1   --> A'             
     e(  6 -  6) =    -12.71722  eV     1   --> A'             
     e(  7 -  7) =     -2.91360  eV     1   --> A'             
     e(  8 -  8) =     -2.72409  eV     1   --> A'             
     e(  9 -  9) =     -2.48215  eV     1   --> A''            
     e( 10 - 10) =     -1.00271  eV     1   --> A'             
     e( 11 - 11) =     -0.24751  eV     1   --> A'             
     e( 12 - 12) =      1.05023  eV     1   --> A''            
     e( 13 - 13) =      3.77309  eV     1   --> A'             
     e( 14 - 14) =      5.65085  eV     1   --> A'             
     e( 15 - 15) =      6.19247  eV     1   --> A'             
     e( 16 - 16) =      6.33289  eV     1   --> A''            
     e( 17 - 17) =      7.21198  eV     1   --> A''            
     e( 18 - 18) =      7.23229  eV     1   --> A'             
     e( 19 - 19) =      8.98392  eV     1   --> A'             
     e( 20 - 20) =     10.07592  eV     1   --> A'             
     e( 21 - 21) =     12.07477  eV     1   --> A'             
     e( 22 - 22) =     13.24861  eV     1   --> A'             
     e( 23 - 23) =     13.70578  eV     1   --> A'             
     e( 24 - 24) =     15.51848  eV     1   --> A'             
     e( 25 - 25) =     16.06546  eV     1   --> A''            
     e( 26 - 26) =     17.18547  eV     1   --> A'             

 **************************************************************************

 **************************************************************************

                    xk=(   0.20417,   0.11788,   0.00000  )

     Band symmetry, C_s (m)     point group:

     e(  1 -  1) =    -45.35329  eV     1   --> A'             
     e(  2 -  2) =    -23.78029  eV     1   --> A'             
     e(  3 -  3) =    -23.35858  eV     1   --> A'             
     e(  4 -  4) =    -23.13039  eV     1   --> A''            
     e(  5 -  5) =    -20.61500  eV     1   --> A'             
     e(  6 -  6) =    -12.70695  eV     1   --> A'             
     e(  7 -  7) =     -2.91004  eV     1   --> A'             
     e(  8 -  8) =     -2.72729  eV     1   --> A'             
     e(  9 -  9) =     -2.48261  eV     1   --> A''            
     e( 10 - 10) =     -1.00236  eV     1   --> A'             
     e( 11 - 11) =     -0.29300  eV     1   --> A'             
     e( 12 - 12) =      1.03869  eV     1   --> A''            
     e( 13 - 13) =      3.76703  eV     1   --> A'             
     e( 14 - 14) =      5.65502  eV     1   --> A'             
     e( 15 - 15) =      6.20037  eV     1   --> A'             
     e( 16 - 16) =      6.35443  eV     1   --> A''            
     e( 17 - 17) =      7.22432  eV     1   --> A''            
     e( 18 - 18) =      7.25913  eV     1   --> A'             
     e( 19 - 19) =      9.01723  eV     1   --> A'             
     e( 20 - 20) =     10.10466  eV     1   --> A'             
     e( 21 - 21) =     12.07078  eV     1   --> A'             
     e( 22 - 22) =     13.23226  eV     1   --> A'             
     e( 23 - 23) =     13.71752  eV     1   --> A'             
     e( 24 - 24) =     15.55608  eV     1   --> A'             
     e( 25 - 25) =     16.11956  eV     1   --> A''            
     e( 26 - 26) =     17.13731  eV     1   --> A'             

 **************************************************************************

 **************************************************************************

                    xk=(   0.20833,   0.12028,   0.00000  )

     Band symmetry, C_s (m)     point group:

     e(  1 -  1) =    -45.35253  eV     1   --> A'             
     e(  2 -  2) =    -23.77788  eV     1   --> A'             
     e(  3 -  3) =    -23.36721  eV     1   --> A'             
     e(  4 -  4) =    -23.13198  eV     1   --> A''            
     e(  5 -  5) =    -20.61345  eV     1   --> A'             
     e(  6 -  6) =    -12.69657  eV     1   --> A'             
     e(  7 -  7) =     -2.90730  eV     1   --> A'             
     e(  8 -  8) =     -2.72968  eV     1   --> A'             
     e(  9 -  9) =     -2.48312  eV     1   --> A''            
     e( 10 - 10) =     -1.00278  eV     1   --> A'             
     e( 11 - 11) =     -0.33762  eV     1   --> A'             
     e( 12 - 12) =      1.02712  eV     1   --> A''            
     e( 13 - 13) =      3.76068  eV     1   --> A'             
     e( 14 - 14) =      5.65972  eV     1   --> A'             
     e( 15 - 15) =      6.20888  eV     1   --> A'             
     e( 16 - 16) =      6.37637  eV     1   --> A''            
     e( 17 - 17) =      7.23666  eV     1   --> A''            
     e( 18 - 18) =      7.28632  eV     1   --> A'             
     e( 19 - 19) =      9.05046  eV     1   --> A'             
     e( 20 - 20) =     10.13296  eV     1   --> A'             
     e( 21 - 21) =     12.06413  eV     1   --> A'             
     e( 22 - 22) =     13.21334  eV     1   --> A'             
     e( 23 - 23) =     13.73654  eV     1   --> A'             
     e( 24 - 24) =     15.59398  eV     1   --> A'             
     e( 25 - 25) =     16.17440  eV     1   --> A''            
     e( 26 - 26) =     17.08578  eV     1   --> A'             

 **************************************************************************

 **************************************************************************

                    xk=(   0.21250,   0.12269,   0.00000  )

     Band symmetry, C_s (m)     point group:

     e(  1 -  1) =    -45.35177  eV     1   --> A'             
     e(  2 -  2) =    -23.77550  eV     1   --> A'             
     e(  3 -  3) =    -23.37582  eV     1   --> A'             
     e(  4 -  4) =    -23.13358  eV     1   --> A''            
     e(  5 -  5) =    -20.61192  eV     1   --> A'             
     e(  6 -  6) =    -12.68607  eV     1   --> A'             
     e(  7 -  7) =     -2.90545  eV     1   --> A'             
     e(  8 -  8) =     -2.73122  eV     1   --> A'             
     e(  9 -  9) =     -2.48365  eV     1   --> A''            
     e( 10 - 10) =     -1.00414  eV     1   --> A'             
     e( 11 - 11) =     -0.38118  eV     1   --> A'             
     e( 12 - 12) =      1.01553  eV     1   --> A''            
     e( 13 - 13) =      3.75406  eV     1   --> A'             
     e( 14 - 14) =      5.66493  eV     1   --> A'             
     e( 15 - 15) =      6.21802  eV     1   --> A'             
     e( 16 - 16) =      6.39871  eV     1   --> A''            
     e( 17 - 17) =      7.24901  eV     1   --> A''            
     e( 18 - 18) =      7.31386  eV     1   --> A'             
     e( 19 - 19) =      9.08356  eV     1   --> A'             
     e( 20 - 20) =     10.16080  eV     1   --> A'             
     e( 21 - 21) =     12.05514  eV     1   --> A'             
     e( 22 - 22) =     13.19201  eV     1   --> A'             
     e( 23 - 23) =     13.76237  eV     1   --> A'             
     e( 24 - 24) =     15.63200  eV     1   --> A'             
     e( 25 - 25) =     16.22991  eV     1   --> A''            
     e( 26 - 26) =     17.03101  eV     1   --> A'             

 **************************************************************************

 **************************************************************************

                    xk=(   0.21667,   0.12509,   0.00000  )

     Band symmetry, C_s (m)     point group:

     e(  1 -  1) =    -45.35100  eV     1   --> A'             
     e(  2 -  2) =    -23.77315  eV     1   --> A'             
     e(  3 -  3) =    -23.38438  eV     1   --> A'             
     e(  4 -  4) =    -23.13518  eV     1   --> A''            
     e(  5 -  5) =    -20.61042  eV     1   --> A'             
     e(  6 -  6) =    -12.67546  eV     1   --> A'             
     e(  7 -  7) =     -2.90452  eV     1   --> A'             
     e(  8 -  8) =     -2.73186  eV     1   --> A'             
     e(  9 -  9) =     -2.48421  eV     1   --> A''            
     e( 10 - 10) =     -1.00664  eV     1   --> A'             
     e( 11 - 11) =     -0.42346  eV     1   --> A'             
     e( 12 - 12) =      1.00393  eV     1   --> A''            
     e( 13 - 13) =      3.74718  eV     1   --> A'             
     e( 14 - 14) =      5.67064  eV     1   --> A'             
     e( 15 - 15) =      6.22779  eV     1   --> A'             
     e( 16 - 16) =      6.42144  eV     1   --> A''            
     e( 17 - 17) =      7.26135  eV     1   --> A''            
     e( 18 - 18) =      7.34172  eV     1   --> A'             
     e( 19 - 19) =      9.11651  eV     1   --> A'             
     e( 20 - 20) =     10.18818  eV     1   --> A'             
     e( 21 - 21) =     12.04416  eV     1   --> A'             
     e( 22 - 22) =     13.16863  eV     1   --> A'             
     e( 23 - 23) =     13.79436  eV     1   --> A'             
     e( 24 - 24) =     15.66998  eV     1   --> A'             
     e( 25 - 25) =     16.28600  eV     1   --> A''            
     e( 26 - 26) =     16.97327  eV     1   --> A'             

 **************************************************************************

 **************************************************************************

                    xk=(   0.22083,   0.12750,   0.00000  )

     Band symmetry, C_s (m)     point group:

     e(  1 -  1) =    -45.35023  eV     1   --> A'             
     e(  2 -  2) =    -23.77085  eV     1   --> A'             
     e(  3 -  3) =    -23.39291  eV     1   --> A'             
     e(  4 -  4) =    -23.13680  eV     1   --> A''            
     e(  5 -  5) =    -20.60896  eV     1   --> A'             
     e(  6 -  6) =    -12.66475  eV     1   --> A'             
     e(  7 -  7) =     -2.90455  eV     1   --> A'             
     e(  8 -  8) =     -2.73163  eV     1   --> A'             
     e(  9 -  9) =     -2.48479  eV     1   --> A''            
     e( 10 - 10) =     -1.01052  eV     1   --> A'             
     e( 11 - 11) =     -0.46418  eV     1   --> A'             
     e( 12 - 12) =      0.99233  eV     1   --> A''            
     e( 13 - 13) =      3.74007  eV     1   --> A'             
     e( 14 - 14) =      5.67682  eV     1   --> A'             
     e( 15 - 15) =      6.23819  eV     1   --> A'             
     e( 16 - 16) =      6.44453  eV     1   --> A''            
     e( 17 - 17) =      7.27369  eV     1   --> A''            
     e( 18 - 18) =      7.36990  eV     1   --> A'             
     e( 19 - 19) =      9.14924  eV     1   --> A'             
     e( 20 - 20) =     10.21508  eV     1   --> A'             
     e( 21 - 21) =     12.03152  eV     1   --> A'             
     e( 22 - 22) =     13.14362  eV     1   --> A'             
     e( 23 - 23) =     13.83177  eV     1   --> A'             
     e( 24 - 24) =     15.70767  eV     1   --> A'             
     e( 25 - 25) =     16.34250  eV     1   --> A''            
     e( 26 - 26) =     16.91292  eV     1   --> A'             

 **************************************************************************

 **************************************************************************

                    xk=(   0.22500,   0.12990,   0.00000  )

     Band symmetry, C_s (m)     point group:

     e(  1 -  1) =    -45.34945  eV     1   --> A'             
     e(  2 -  2) =    -23.76860  eV     1   --> A'             
     e(  3 -  3) =    -23.40137  eV     1   --> A'             
     e(  4 -  4) =    -23.13843  eV     1   --> A''            
     e(  5 -  5) =    -20.60753  eV     1   --> A'             
     e(  6 -  6) =    -12.65394  eV     1   --> A'             
     e(  7 -  7) =     -2.90549  eV     1   --> A'             
     e(  8 -  8) =     -2.73051  eV     1   --> A'             
     e(  9 -  9) =     -2.48540  eV     1   --> A''            
     e( 10 - 10) =     -1.01606  eV     1   --> A'             
     e( 11 - 11) =     -0.50303  eV     1   --> A'             
     e( 12 - 12) =      0.98074  eV     1   --> A''            
     e( 13 - 13) =      3.73275  eV     1   --> A'             
     e( 14 - 14) =      5.68346  eV     1   --> A'             
     e( 15 - 15) =      6.24923  eV     1   --> A'             
     e( 16 - 16) =      6.46798  eV     1   --> A''            
     e( 17 - 17) =      7.28604  eV     1   --> A''            
     e( 18 - 18) =      7.39841  eV     1   --> A'             
     e( 19 - 19) =      9.18173  eV     1   --> A'             
     e( 20 - 20) =     10.24149  eV     1   --> A'             
     e( 21 - 21) =     12.01755  eV     1   --> A'             
     e( 22 - 22) =     13.11740  eV     1   --> A'             
     e( 23 - 23) =     13.87387  eV     1   --> A'             
     e( 24 - 24) =     15.74478  eV     1   --> A'             
     e( 25 - 25) =     16.39922  eV     1   --> A''            
     e( 26 - 26) =     16.85047  eV     1   --> A'             

 **************************************************************************

 **************************************************************************

                    xk=(   0.22917,   0.13231,   0.00000  )

     Band symmetry, C_s (m)     point group:

     e(  1 -  1) =    -45.34867  eV     1   --> A'             
     e(  2 -  2) =    -23.76640  eV     1   --> A'             
     e(  3 -  3) =    -23.40976  eV     1   --> A'             
     e(  4 -  4) =    -23.14006  eV     1   --> A''            
     e(  5 -  5) =    -20.60614  eV     1   --> A'             
     e(  6 -  6) =    -12.64304  eV     1   --> A'             
     e(  7 -  7) =     -2.90730  eV     1   --> A'             
     e(  8 -  8) =     -2.72857  eV     1   --> A'             
     e(  9 -  9) =     -2.48603  eV     1   --> A''            
     e( 10 - 10) =     -1.02359  eV     1   --> A'             
     e( 11 - 11) =     -0.53967  eV     1   --> A'             
     e( 12 - 12) =      0.96917  eV     1   --> A''            
     e( 13 - 13) =      3.72523  eV     1   --> A'             
     e( 14 - 14) =      5.69055  eV     1   --> A'             
     e( 15 - 15) =      6.26091  eV     1   --> A'             
     e( 16 - 16) =      6.49177  eV     1   --> A''            
     e( 17 - 17) =      7.29839  eV     1   --> A''            
     e( 18 - 18) =      7.42723  eV     1   --> A'             
     e( 19 - 19) =      9.21393  eV     1   --> A'             
     e( 20 - 20) =     10.26739  eV     1   --> A'             
     e( 21 - 21) =     12.00259  eV     1   --> A'             
     e( 22 - 22) =     13.09034  eV     1   --> A'             
     e( 23 - 23) =     13.91997  eV     1   --> A'             
     e( 24 - 24) =     15.78095  eV     1   --> A'             
     e( 25 - 25) =     16.45585  eV     1   --> A''            
     e( 26 - 26) =     16.78652  eV     1   --> A'             

 **************************************************************************

 **************************************************************************

                    xk=(   0.23333,   0.13472,   0.00000  )

     Band symmetry, C_s (m)     point group:

     e(  1 -  1) =    -45.34789  eV     1   --> A'             
     e(  2 -  2) =    -23.76427  eV     1   --> A'             
     e(  3 -  3) =    -23.41806  eV     1   --> A'             
     e(  4 -  4) =    -23.14169  eV     1   --> A''            
     e(  5 -  5) =    -20.60478  eV     1   --> A'             
     e(  6 -  6) =    -12.63205  eV     1   --> A'             
     e(  7 -  7) =     -2.90992  eV     1   --> A'             
     e(  8 -  8) =     -2.72588  eV     1   --> A'             
     e(  9 -  9) =     -2.48668  eV     1   --> A''            
     e( 10 - 10) =     -1.03346  eV     1   --> A'             
     e( 11 - 11) =     -0.57372  eV     1   --> A'             
     e( 12 - 12) =      0.95761  eV     1   --> A''            
     e( 13 - 13) =      3.71754  eV     1   --> A'             
     e( 14 - 14) =      5.69806  eV     1   --> A'             
     e( 15 - 15) =      6.27321  eV     1   --> A'             
     e( 16 - 16) =      6.51589  eV     1   --> A''            
     e( 17 - 17) =      7.31074  eV     1   --> A''            
     e( 18 - 18) =      7.45637  eV     1   --> A'             
     e( 19 - 19) =      9.24578  eV     1   --> A'             
     e( 20 - 20) =     10.29277  eV     1   --> A'             
     e( 21 - 21) =     11.98691  eV     1   --> A'             
     e( 22 - 22) =     13.06276  eV     1   --> A'             
     e( 23 - 23) =     13.96946  eV     1   --> A'             
     e( 24 - 24) =     15.81563  eV     1   --> A'             
     e( 25 - 25) =     16.51188  eV     1   --> A''            
     e( 26 - 26) =     16.72186  eV     1   --> A'             

 **************************************************************************

 **************************************************************************

                    xk=(   0.23750,   0.13712,   0.00000  )

     Band symmetry, C_s (m)     point group:

     e(  1 -  1) =    -45.34711  eV     1   --> A'             
     e(  2 -  2) =    -23.76222  eV     1   --> A'             
     e(  3 -  3) =    -23.42627  eV     1   --> A'             
     e(  4 -  4) =    -23.14334  eV     1   --> A''            
     e(  5 -  5) =    -20.60346  eV     1   --> A'             
     e(  6 -  6) =    -12.62099  eV     1   --> A'             
     e(  7 -  7) =     -2.91326  eV     1   --> A'             
     e(  8 -  8) =     -2.72255  eV     1   --> A'             
     e(  9 -  9) =     -2.48736  eV     1   --> A''            
     e( 10 - 10) =     -1.04602  eV     1   --> A'             
     e( 11 - 11) =     -0.60479  eV     1   --> A'             
     e( 12 - 12) =      0.94609  eV     1   --> A''            
     e( 13 - 13) =      3.70969  eV     1   --> A'             
     e( 14 - 14) =      5.70597  eV     1   --> A'             
     e( 15 - 15) =      6.28613  eV     1   --> A'             
     e( 16 - 16) =      6.54030  eV     1   --> A''            
     e( 17 - 17) =      7.32309  eV     1   --> A''            
     e( 18 - 18) =      7.48581  eV     1   --> A'             
     e( 19 - 19) =      9.27725  eV     1   --> A'             
     e( 20 - 20) =     10.31762  eV     1   --> A'             
     e( 21 - 21) =     11.97079  eV     1   --> A'             
     e( 22 - 22) =     13.03492  eV     1   --> A'             
     e( 23 - 23) =     14.02177  eV     1   --> A'             
     e( 24 - 24) =     15.84809  eV     1   --> A'             
     e( 25 - 25) =     16.56651  eV     1   --> A''            
     e( 26 - 26) =     16.65747  eV     1   --> A'             

 **************************************************************************

 **************************************************************************

                    xk=(   0.24167,   0.13953,   0.00000  )

     Band symmetry, C_s (m)     point group:

     e(  1 -  1) =    -45.34632  eV     1   --> A'             
     e(  2 -  2) =    -23.76024  eV     1   --> A'             
     e(  3 -  3) =    -23.43435  eV     1   --> A'             
     e(  4 -  4) =    -23.14498  eV     1   --> A''            
     e(  5 -  5) =    -20.60217  eV     1   --> A'             
     e(  6 -  6) =    -12.60986  eV     1   --> A'             
     e(  7 -  7) =     -2.91722  eV     1   --> A'             
     e(  8 -  8) =     -2.71865  eV     1   --> A'             
     e(  9 -  9) =     -2.48806  eV     1   --> A''            
     e( 10 - 10) =     -1.06158  eV     1   --> A'             
     e( 11 - 11) =     -0.63257  eV     1   --> A'             
     e( 12 - 12) =      0.93461  eV     1   --> A''            
     e( 13 - 13) =      3.70172  eV     1   --> A'             
     e( 14 - 14) =      5.71429  eV     1   --> A'             
     e( 15 - 15) =      6.29965  eV     1   --> A'             
     e( 16 - 16) =      6.56501  eV     1   --> A''            
     e( 17 - 17) =      7.33544  eV     1   --> A''            
     e( 18 - 18) =      7.51557  eV     1   --> A'             
     e( 19 - 19) =      9.30830  eV     1   --> A'             
     e( 20 - 20) =     10.34192  eV     1   --> A'             
     e( 21 - 21) =     11.95448  eV     1   --> A'             
     e( 22 - 22) =     13.00706  eV     1   --> A'             
     e( 23 - 23) =     14.07640  eV     1   --> A'             
     e( 24 - 24) =     15.87725  eV     1   --> A'             
     e( 25 - 25) =     16.59468  eV     1   --> A'             
     e( 26 - 26) =     16.61833  eV     1   --> A''            

 **************************************************************************

 **************************************************************************

                    xk=(   0.24583,   0.14193,   0.00000  )

     Band symmetry, C_s (m)     point group:

     e(  1 -  1) =    -45.34553  eV     1   --> A'             
     e(  2 -  2) =    -23.75837  eV     1   --> A'             
     e(  3 -  3) =    -23.44231  eV     1   --> A'             
     e(  4 -  4) =    -23.14662  eV     1   --> A''            
     e(  5 -  5) =    -20.60092  eV     1   --> A'             
     e(  6 -  6) =    -12.59867  eV     1   --> A'             
     e(  7 -  7) =     -2.92172  eV     1   --> A'             
     e(  8 -  8) =     -2.71429  eV     1   --> A'             
     e(  9 -  9) =     -2.48878  eV     1   --> A''            
     e( 10 - 10) =     -1.08033  eV     1   --> A'             
     e( 11 - 11) =     -0.65683  eV     1   --> A'             
     e( 12 - 12) =      0.92318  eV     1   --> A''            
     e( 13 - 13) =      3.69363  eV     1   --> A'             
     e( 14 - 14) =      5.72297  eV     1   --> A'             
     e( 15 - 15) =      6.31374  eV     1   --> A'             
     e( 16 - 16) =      6.58999  eV     1   --> A''            
     e( 17 - 17) =      7.34781  eV     1   --> A''            
     e( 18 - 18) =      7.54564  eV     1   --> A'             
     e( 19 - 19) =      9.33886  eV     1   --> A'             
     e( 20 - 20) =     10.36565  eV     1   --> A'             
     e( 21 - 21) =     11.93822  eV     1   --> A'             
     e( 22 - 22) =     12.97934  eV     1   --> A'             
     e( 23 - 23) =     14.13289  eV     1   --> A'             
     e( 24 - 24) =     15.90150  eV     1   --> A'             
     e( 25 - 25) =     16.53528  eV     1   --> A'             
     e( 26 - 26) =     16.66493  eV     1   --> A''            

 **************************************************************************

 **************************************************************************

                    xk=(   0.25000,   0.14434,   0.00000  )

     Band symmetry, C_s (m)     point group:

     e(  1 -  1) =    -45.34474  eV     1   --> A'             
     e(  2 -  2) =    -23.75660  eV     1   --> A'             
     e(  3 -  3) =    -23.45013  eV     1   --> A'             
     e(  4 -  4) =    -23.14827  eV     1   --> A''            
     e(  5 -  5) =    -20.59971  eV     1   --> A'             
     e(  6 -  6) =    -12.58742  eV     1   --> A'             
     e(  7 -  7) =     -2.92667  eV     1   --> A'             
     e(  8 -  8) =     -2.70956  eV     1   --> A'             
     e(  9 -  9) =     -2.48954  eV     1   --> A''            
     e( 10 - 10) =     -1.10233  eV     1   --> A'             
     e( 11 - 11) =     -0.67748  eV     1   --> A'             
     e( 12 - 12) =      0.91179  eV     1   --> A''            
     e( 13 - 13) =      3.68545  eV     1   --> A'             
     e( 14 - 14) =      5.73200  eV     1   --> A'             
     e( 15 - 15) =      6.32840  eV     1   --> A'             
     e( 16 - 16) =      6.61521  eV     1   --> A''            
     e( 17 - 17) =      7.36019  eV     1   --> A''            
     e( 18 - 18) =      7.57602  eV     1   --> A'             
     e( 19 - 19) =      9.36889  eV     1   --> A'             
     e( 20 - 20) =     10.38880  eV     1   --> A'             
     e( 21 - 21) =     11.92220  eV     1   --> A'             
     e( 22 - 22) =     12.95193  eV     1   --> A'             
     e( 23 - 23) =     14.19082  eV     1   --> A'             
     e( 24 - 24) =     15.91853  eV     1   --> A'             
     e( 25 - 25) =     16.48175  eV     1   --> A'             
     e( 26 - 26) =     16.70247  eV     1   --> A''            

 **************************************************************************

 **************************************************************************

                    xk=(   0.25417,   0.14674,   0.00000  )

     Band symmetry, C_s (m)     point group:

     e(  1 -  1) =    -45.34395  eV     1   --> A'             
     e(  2 -  2) =    -23.75496  eV     1   --> A'             
     e(  3 -  3) =    -23.45780  eV     1   --> A'             
     e(  4 -  4) =    -23.14992  eV     1   --> A''            
     e(  5 -  5) =    -20.59853  eV     1   --> A'             
     e(  6 -  6) =    -12.57612  eV     1   --> A'             
     e(  7 -  7) =     -2.93201  eV     1   --> A'             
     e(  8 -  8) =     -2.70454  eV     1   --> A'             
     e(  9 -  9) =     -2.49031  eV     1   --> A''            
     e( 10 - 10) =     -1.12748  eV     1   --> A'             
     e( 11 - 11) =     -0.69463  eV     1   --> A'             
     e( 12 - 12) =      0.90047  eV     1   --> A''            
     e( 13 - 13) =      3.67721  eV     1   --> A'             
     e( 14 - 14) =      5.74138  eV     1   --> A'             
     e( 15 - 15) =      6.34359  eV     1   --> A'             
     e( 16 - 16) =      6.64063  eV     1   --> A''            
     e( 17 - 17) =      7.37259  eV     1   --> A''            
     e( 18 - 18) =      7.60672  eV     1   --> A'             
     e( 19 - 19) =      9.39836  eV     1   --> A'             
     e( 20 - 20) =     10.41137  eV     1   --> A'             
     e( 21 - 21) =     11.90662  eV     1   --> A'             
     e( 22 - 22) =     12.92495  eV     1   --> A'             
     e( 23 - 23) =     14.24978  eV     1   --> A'             
     e( 24 - 24) =     15.92529  eV     1   --> A'             
     e( 25 - 25) =     16.43730  eV     1   --> A'             
     e( 26 - 26) =     16.72638  eV     1   --> A''            

 **************************************************************************

 **************************************************************************

                    xk=(   0.25833,   0.14915,   0.00000  )

     Band symmetry, C_s (m)     point group:

     e(  1 -  1) =    -45.34316  eV     1   --> A'             
     e(  2 -  2) =    -23.75344  eV     1   --> A'             
     e(  3 -  3) =    -23.46528  eV     1   --> A'             
     e(  4 -  4) =    -23.15156  eV     1   --> A''            
     e(  5 -  5) =    -20.59740  eV     1   --> A'             
     e(  6 -  6) =    -12.56478  eV     1   --> A'             
     e(  7 -  7) =     -2.93765  eV     1   --> A'             
     e(  8 -  8) =     -2.69930  eV     1   --> A'             
     e(  9 -  9) =     -2.49110  eV     1   --> A''            
     e( 10 - 10) =     -1.15549  eV     1   --> A'             
     e( 11 - 11) =     -0.70851  eV     1   --> A'             
     e( 12 - 12) =      0.88922  eV     1   --> A''            
     e( 13 - 13) =      3.66892  eV     1   --> A'             
     e( 14 - 14) =      5.75108  eV     1   --> A'             
     e( 15 - 15) =      6.35928  eV     1   --> A'             
     e( 16 - 16) =      6.66626  eV     1   --> A''            
     e( 17 - 17) =      7.38502  eV     1   --> A''            
     e( 18 - 18) =      7.63774  eV     1   --> A'             
     e( 19 - 19) =      9.42719  eV     1   --> A'             
     e( 20 - 20) =     10.43335  eV     1   --> A'             
     e( 21 - 21) =     11.89165  eV     1   --> A'             
     e( 22 - 22) =     12.89851  eV     1   --> A'             
     e( 23 - 23) =     14.30936  eV     1   --> A'             
     e( 24 - 24) =     15.91852  eV     1   --> A'             
     e( 25 - 25) =     16.40526  eV     1   --> A'             
     e( 26 - 26) =     16.73445  eV     1   --> A''            

 **************************************************************************

 **************************************************************************

                    xk=(   0.26250,   0.15155,   0.00000  )

     Band symmetry, C_s (m)     point group:

     e(  1 -  1) =    -45.34237  eV     1   --> A'             
     e(  2 -  2) =    -23.75207  eV     1   --> A'             
     e(  3 -  3) =    -23.47257  eV     1   --> A'             
     e(  4 -  4) =    -23.15320  eV     1   --> A''            
     e(  5 -  5) =    -20.59630  eV     1   --> A'             
     e(  6 -  6) =    -12.55340  eV     1   --> A'             
     e(  7 -  7) =     -2.94354  eV     1   --> A'             
     e(  8 -  8) =     -2.69390  eV     1   --> A'             
     e(  9 -  9) =     -2.49189  eV     1   --> A''            
     e( 10 - 10) =     -1.18602  eV     1   --> A'             
     e( 11 - 11) =     -0.71946  eV     1   --> A'             
     e( 12 - 12) =      0.87804  eV     1   --> A''            
     e( 13 - 13) =      3.66060  eV     1   --> A'             
     e( 14 - 14) =      5.76110  eV     1   --> A'             
     e( 15 - 15) =      6.37545  eV     1   --> A'             
     e( 16 - 16) =      6.69207  eV     1   --> A''            
     e( 17 - 17) =      7.39749  eV     1   --> A''            
     e( 18 - 18) =      7.66909  eV     1   --> A'             
     e( 19 - 19) =      9.45535  eV     1   --> A'             
     e( 20 - 20) =     10.45473  eV     1   --> A'             
     e( 21 - 21) =     11.87742  eV     1   --> A'             
     e( 22 - 22) =     12.87270  eV     1   --> A'             
     e( 23 - 23) =     14.36916  eV     1   --> A'             
     e( 24 - 24) =     15.89626  eV     1   --> A'             
     e( 25 - 25) =     16.38768  eV     1   --> A'             
     e( 26 - 26) =     16.72892  eV     1   --> A''            

 **************************************************************************

 **************************************************************************

                    xk=(   0.26667,   0.15396,   0.00000  )

     Band symmetry, C_s (m)     point group:

     e(  1 -  1) =    -45.34159  eV     1   --> A'             
     e(  2 -  2) =    -23.75086  eV     1   --> A'             
     e(  3 -  3) =    -23.47966  eV     1   --> A'             
     e(  4 -  4) =    -23.15484  eV     1   --> A''            
     e(  5 -  5) =    -20.59525  eV     1   --> A'             
     e(  6 -  6) =    -12.54200  eV     1   --> A'             
     e(  7 -  7) =     -2.94965  eV     1   --> A'             
     e(  8 -  8) =     -2.68840  eV     1   --> A'             
     e(  9 -  9) =     -2.49272  eV     1   --> A''            
     e( 10 - 10) =     -1.21864  eV     1   --> A'             
     e( 11 - 11) =     -0.72787  eV     1   --> A'             
     e( 12 - 12) =      0.86695  eV     1   --> A''            
     e( 13 - 13) =      3.65227  eV     1   --> A'             
     e( 14 - 14) =      5.77140  eV     1   --> A'             
     e( 15 - 15) =      6.39205  eV     1   --> A'             
     e( 16 - 16) =      6.71799  eV     1   --> A''            
     e( 17 - 17) =      7.41000  eV     1   --> A''            
     e( 18 - 18) =      7.70077  eV     1   --> A'             
     e( 19 - 19) =      9.48279  eV     1   --> A'             
     e( 20 - 20) =     10.47551  eV     1   --> A'             
     e( 21 - 21) =     11.86408  eV     1   --> A'             
     e( 22 - 22) =     12.84759  eV     1   --> A'             
     e( 23 - 23) =     14.42875  eV     1   --> A'             
     e( 24 - 24) =     15.85912  eV     1   --> A'             
     e( 25 - 25) =     16.38395  eV     1   --> A'             
     e( 26 - 26) =     16.71406  eV     1   --> A''            

 **************************************************************************

 **************************************************************************

                    xk=(   0.27083,   0.15637,   0.00000  )

     Band symmetry, C_s (m)     point group:

     e(  1 -  1) =    -45.34081  eV     1   --> A'             
     e(  2 -  2) =    -23.74982  eV     1   --> A'             
     e(  3 -  3) =    -23.48651  eV     1   --> A'             
     e(  4 -  4) =    -23.15647  eV     1   --> A''            
     e(  5 -  5) =    -20.59423  eV     1   --> A'             
     e(  6 -  6) =    -12.53057  eV     1   --> A'             
     e(  7 -  7) =     -2.95591  eV     1   --> A'             
     e(  8 -  8) =     -2.68284  eV     1   --> A'             
     e(  9 -  9) =     -2.49357  eV     1   --> A''            
     e( 10 - 10) =     -1.25295  eV     1   --> A'             
     e( 11 - 11) =     -0.73414  eV     1   --> A'             
     e( 12 - 12) =      0.85594  eV     1   --> A''            
     e( 13 - 13) =      3.64396  eV     1   --> A'             
     e( 14 - 14) =      5.78200  eV     1   --> A'             
     e( 15 - 15) =      6.40906  eV     1   --> A'             
     e( 16 - 16) =      6.74403  eV     1   --> A''            
     e( 17 - 17) =      7.42258  eV     1   --> A''            
     e( 18 - 18) =      7.73279  eV     1   --> A'             
     e( 19 - 19) =      9.50945  eV     1   --> A'             
     e( 20 - 20) =     10.49568  eV     1   --> A'             
     e( 21 - 21) =     11.85175  eV     1   --> A'             
     e( 22 - 22) =     12.82327  eV     1   --> A'             
     e( 23 - 23) =     14.48767  eV     1   --> A'             
     e( 24 - 24) =     15.81001  eV     1   --> A'             
     e( 25 - 25) =     16.39116  eV     1   --> A'             
     e( 26 - 26) =     16.69337  eV     1   --> A''            

 **************************************************************************

 **************************************************************************

                    xk=(   0.27500,   0.15877,   0.00000  )

     Band symmetry, C_s (m)     point group:

     e(  1 -  1) =    -45.34002  eV     1   --> A'             
     e(  2 -  2) =    -23.74897  eV     1   --> A'             
     e(  3 -  3) =    -23.49312  eV     1   --> A'             
     e(  4 -  4) =    -23.15809  eV     1   --> A''            
     e(  5 -  5) =    -20.59326  eV     1   --> A'             
     e(  6 -  6) =    -12.51914  eV     1   --> A'             
     e(  7 -  7) =     -2.96230  eV     1   --> A'             
     e(  8 -  8) =     -2.67727  eV     1   --> A'             
     e(  9 -  9) =     -2.49443  eV     1   --> A''            
     e( 10 - 10) =     -1.28857  eV     1   --> A'             
     e( 11 - 11) =     -0.73862  eV     1   --> A'             
     e( 12 - 12) =      0.84502  eV     1   --> A''            
     e( 13 - 13) =      3.63568  eV     1   --> A'             
     e( 14 - 14) =      5.79287  eV     1   --> A'             
     e( 15 - 15) =      6.42642  eV     1   --> A'             
     e( 16 - 16) =      6.77014  eV     1   --> A''            
     e( 17 - 17) =      7.43523  eV     1   --> A''            
     e( 18 - 18) =      7.76515  eV     1   --> A'             
     e( 19 - 19) =      9.53529  eV     1   --> A'             
     e( 20 - 20) =     10.51527  eV     1   --> A'             
     e( 21 - 21) =     11.84052  eV     1   --> A'             
     e( 22 - 22) =     12.79978  eV     1   --> A'             
     e( 23 - 23) =     14.54537  eV     1   --> A'             
     e( 24 - 24) =     15.75247  eV     1   --> A'             
     e( 25 - 25) =     16.40569  eV     1   --> A'             
     e( 26 - 26) =     16.66900  eV     1   --> A''            

 **************************************************************************

 **************************************************************************

                    xk=(   0.27917,   0.16118,   0.00000  )

     Band symmetry, C_s (m)     point group:

     e(  1 -  1) =    -45.33925  eV     1   --> A'             
     e(  2 -  2) =    -23.74833  eV     1   --> A'             
     e(  3 -  3) =    -23.49947  eV     1   --> A'             
     e(  4 -  4) =    -23.15971  eV     1   --> A''            
     e(  5 -  5) =    -20.59232  eV     1   --> A'             
     e(  6 -  6) =    -12.50770  eV     1   --> A'             
     e(  7 -  7) =     -2.96880  eV     1   --> A'             
     e(  8 -  8) =     -2.67171  eV     1   --> A'             
     e(  9 -  9) =     -2.49531  eV     1   --> A''            
     e( 10 - 10) =     -1.32516  eV     1   --> A'             
     e( 11 - 11) =     -0.74163  eV     1   --> A'             
     e( 12 - 12) =      0.83421  eV     1   --> A''            
     e( 13 - 13) =      3.62745  eV     1   --> A'             
     e( 14 - 14) =      5.80400  eV     1   --> A'             
     e( 15 - 15) =      6.44411  eV     1   --> A'             
     e( 16 - 16) =      6.79627  eV     1   --> A''            
     e( 17 - 17) =      7.44797  eV     1   --> A''            
     e( 18 - 18) =      7.79786  eV     1   --> A'             
     e( 19 - 19) =      9.56027  eV     1   --> A'             
     e( 20 - 20) =     10.53428  eV     1   --> A'             
     e( 21 - 21) =     11.83048  eV     1   --> A'             
     e( 22 - 22) =     12.77719  eV     1   --> A'             
     e( 23 - 23) =     14.60125  eV     1   --> A'             
     e( 24 - 24) =     15.68964  eV     1   --> A'             
     e( 25 - 25) =     16.42428  eV     1   --> A'             
     e( 26 - 26) =     16.64221  eV     1   --> A''            

 **************************************************************************

 **************************************************************************

                    xk=(   0.28333,   0.16358,   0.00000  )

     Band symmetry, C_s (m)     point group:

     e(  1 -  1) =    -45.33847  eV     1   --> A'             
     e(  2 -  2) =    -23.74790  eV     1   --> A'             
     e(  3 -  3) =    -23.50554  eV     1   --> A'             
     e(  4 -  4) =    -23.16132  eV     1   --> A''            
     e(  5 -  5) =    -20.59142  eV     1   --> A'             
     e(  6 -  6) =    -12.49627  eV     1   --> A'             
     e(  7 -  7) =     -2.97536  eV     1   --> A'             
     e(  8 -  8) =     -2.66620  eV     1   --> A'             
     e(  9 -  9) =     -2.49620  eV     1   --> A''            
     e( 10 - 10) =     -1.36244  eV     1   --> A'             
     e( 11 - 11) =     -0.74343  eV     1   --> A'             
     e( 12 - 12) =      0.82351  eV     1   --> A''            
     e( 13 - 13) =      3.61928  eV     1   --> A'             
     e( 14 - 14) =      5.81538  eV     1   --> A'             
     e( 15 - 15) =      6.46206  eV     1   --> A'             
     e( 16 - 16) =      6.82241  eV     1   --> A''            
     e( 17 - 17) =      7.46082  eV     1   --> A''            
     e( 18 - 18) =      7.83093  eV     1   --> A'             
     e( 19 - 19) =      9.58433  eV     1   --> A'             
     e( 20 - 20) =     10.55272  eV     1   --> A'             
     e( 21 - 21) =     11.82169  eV     1   --> A'             
     e( 22 - 22) =     12.75555  eV     1   --> A'             
     e( 23 - 23) =     14.65451  eV     1   --> A'             
     e( 24 - 24) =     15.62398  eV     1   --> A'             
     e( 25 - 25) =     16.44430  eV     1   --> A'             
     e( 26 - 26) =     16.61374  eV     1   --> A''            

 **************************************************************************

 **************************************************************************

                    xk=(   0.28750,   0.16599,   0.00000  )

     Band symmetry, C_s (m)     point group:

     e(  1 -  1) =    -45.33770  eV     1   --> A'             
     e(  2 -  2) =    -23.74770  eV     1   --> A'             
     e(  3 -  3) =    -23.51131  eV     1   --> A'             
     e(  4 -  4) =    -23.16292  eV     1   --> A''            
     e(  5 -  5) =    -20.59056  eV     1   --> A'             
     e(  6 -  6) =    -12.48484  eV     1   --> A'             
     e(  7 -  7) =     -2.98197  eV     1   --> A'             
     e(  8 -  8) =     -2.66077  eV     1   --> A'             
     e(  9 -  9) =     -2.49711  eV     1   --> A''            
     e( 10 - 10) =     -1.40017  eV     1   --> A'             
     e( 11 - 11) =     -0.74423  eV     1   --> A'             
     e( 12 - 12) =      0.81292  eV     1   --> A''            
     e( 13 - 13) =      3.61120  eV     1   --> A'             
     e( 14 - 14) =      5.82701  eV     1   --> A'             
     e( 15 - 15) =      6.48024  eV     1   --> A'             
     e( 16 - 16) =      6.84850  eV     1   --> A''            
     e( 17 - 17) =      7.47379  eV     1   --> A''            
     e( 18 - 18) =      7.86438  eV     1   --> A'             
     e( 19 - 19) =      9.60745  eV     1   --> A'             
     e( 20 - 20) =     10.57063  eV     1   --> A'             
     e( 21 - 21) =     11.81421  eV     1   --> A'             
     e( 22 - 22) =     12.73489  eV     1   --> A'             
     e( 23 - 23) =     14.70414  eV     1   --> A'             
     e( 24 - 24) =     15.55752  eV     1   --> A'             
     e( 25 - 25) =     16.46351  eV     1   --> A'             
     e( 26 - 26) =     16.58405  eV     1   --> A''            

 **************************************************************************

 **************************************************************************

                    xk=(   0.29167,   0.16839,   0.00000  )

     Band symmetry, C_s (m)     point group:

     e(  1 -  1) =    -45.33693  eV     1   --> A'             
     e(  2 -  2) =    -23.74774  eV     1   --> A'             
     e(  3 -  3) =    -23.51676  eV     1   --> A'             
     e(  4 -  4) =    -23.16451  eV     1   --> A''            
     e(  5 -  5) =    -20.58975  eV     1   --> A'             
     e(  6 -  6) =    -12.47344  eV     1   --> A'             
     e(  7 -  7) =     -2.98861  eV     1   --> A'             
     e(  8 -  8) =     -2.65542  eV     1   --> A'             
     e(  9 -  9) =     -2.49803  eV     1   --> A''            
     e( 10 - 10) =     -1.43816  eV     1   --> A'             
     e( 11 - 11) =     -0.74423  eV     1   --> A'             
     e( 12 - 12) =      0.80244  eV     1   --> A''            
     e( 13 - 13) =      3.60321  eV     1   --> A'             
     e( 14 - 14) =      5.83887  eV     1   --> A'             
     e( 15 - 15) =      6.49859  eV     1   --> A'             
     e( 16 - 16) =      6.87450  eV     1   --> A''            
     e( 17 - 17) =      7.48691  eV     1   --> A''            
     e( 18 - 18) =      7.89819  eV     1   --> A'             
     e( 19 - 19) =      9.62958  eV     1   --> A'             
     e( 20 - 20) =     10.58802  eV     1   --> A'             
     e( 21 - 21) =     11.80807  eV     1   --> A'             
     e( 22 - 22) =     12.71527  eV     1   --> A'             
     e( 23 - 23) =     14.74877  eV     1   --> A'             
     e( 24 - 24) =     15.49218  eV     1   --> A'             
     e( 25 - 25) =     16.47981  eV     1   --> A'             
     e( 26 - 26) =     16.55341  eV     1   --> A''            

 **************************************************************************

 **************************************************************************

                    xk=(   0.29583,   0.17080,   0.00000  )

     Band symmetry, C_s (m)     point group:

     e(  1 -  1) =    -45.33617  eV     1   --> A'             
     e(  2 -  2) =    -23.74805  eV     1   --> A'             
     e(  3 -  3) =    -23.52190  eV     1   --> A'             
     e(  4 -  4) =    -23.16608  eV     1   --> A''            
     e(  5 -  5) =    -20.58897  eV     1   --> A'             
     e(  6 -  6) =    -12.46207  eV     1   --> A'             
     e(  7 -  7) =     -2.99529  eV     1   --> A'             
     e(  8 -  8) =     -2.65020  eV     1   --> A'             
     e(  9 -  9) =     -2.49896  eV     1   --> A''            
     e( 10 - 10) =     -1.47624  eV     1   --> A'             
     e( 11 - 11) =     -0.74355  eV     1   --> A'             
     e( 12 - 12) =      0.79210  eV     1   --> A''            
     e( 13 - 13) =      3.59532  eV     1   --> A'             
     e( 14 - 14) =      5.85093  eV     1   --> A'             
     e( 15 - 15) =      6.51704  eV     1   --> A'             
     e( 16 - 16) =      6.90037  eV     1   --> A''            
     e( 17 - 17) =      7.50021  eV     1   --> A''            
     e( 18 - 18) =      7.93239  eV     1   --> A'             
     e( 19 - 19) =      9.65068  eV     1   --> A'             
     e( 20 - 20) =     10.60494  eV     1   --> A'             
     e( 21 - 21) =     11.80329  eV     1   --> A'             
     e( 22 - 22) =     12.69670  eV     1   --> A'             
     e( 23 - 23) =     14.78646  eV     1   --> A'             
     e( 24 - 24) =     15.43015  eV     1   --> A'             
     e( 25 - 25) =     16.49112  eV     1   --> A'             
     e( 26 - 26) =     16.52202  eV     1   --> A''            

 **************************************************************************

 **************************************************************************

                    xk=(   0.30000,   0.17321,   0.00000  )

     Band symmetry, C_s (m)     point group:

     e(  1 -  1) =    -45.33542  eV     1   --> A'             
     e(  2 -  2) =    -23.74863  eV     1   --> A'             
     e(  3 -  3) =    -23.52669  eV     1   --> A'             
     e(  4 -  4) =    -23.16765  eV     1   --> A''            
     e(  5 -  5) =    -20.58823  eV     1   --> A'             
     e(  6 -  6) =    -12.45074  eV     1   --> A'             
     e(  7 -  7) =     -3.00197  eV     1   --> A'             
     e(  8 -  8) =     -2.64511  eV     1   --> A'             
     e(  9 -  9) =     -2.49990  eV     1   --> A''            
     e( 10 - 10) =     -1.51428  eV     1   --> A'             
     e( 11 - 11) =     -0.74232  eV     1   --> A'             
     e( 12 - 12) =      0.78188  eV     1   --> A''            
     e( 13 - 13) =      3.58756  eV     1   --> A'             
     e( 14 - 14) =      5.86323  eV     1   --> A'             
     e( 15 - 15) =      6.53557  eV     1   --> A'             
     e( 16 - 16) =      6.92605  eV     1   --> A''            
     e( 17 - 17) =      7.51369  eV     1   --> A''            
     e( 18 - 18) =      7.96699  eV     1   --> A'             
     e( 19 - 19) =      9.67075  eV     1   --> A'             
     e( 20 - 20) =     10.62141  eV     1   --> A'             
     e( 21 - 21) =     11.79988  eV     1   --> A'             
     e( 22 - 22) =     12.67924  eV     1   --> A'             
     e( 23 - 23) =     14.81448  eV     1   --> A'             
     e( 24 - 24) =     15.37416  eV     1   --> A'             
     e( 25 - 25) =     16.49001  eV     1   --> A''            
     e( 26 - 26) =     16.49548  eV     1   --> A'             

 **************************************************************************

 **************************************************************************

                    xk=(   0.30417,   0.17561,   0.00000  )

     Band symmetry, C_s (m)     point group:

     e(  1 -  1) =    -45.33467  eV     1   --> A'             
     e(  2 -  2) =    -23.74948  eV     1   --> A'             
     e(  3 -  3) =    -23.53113  eV     1   --> A'             
     e(  4 -  4) =    -23.16920  eV     1   --> A''            
     e(  5 -  5) =    -20.58752  eV     1   --> A'             
     e(  6 -  6) =    -12.43945  eV     1   --> A'             
     e(  7 -  7) =     -3.00864  eV     1   --> A'             
     e(  8 -  8) =     -2.64016  eV     1   --> A'             
     e(  9 -  9) =     -2.50086  eV     1   --> A''            
     e( 10 - 10) =     -1.55215  eV     1   --> A'             
     e( 11 - 11) =     -0.74064  eV     1   --> A'             
     e( 12 - 12) =      0.77179  eV     1   --> A''            
     e( 13 - 13) =      3.57994  eV     1   --> A'             
     e( 14 - 14) =      5.87572  eV     1   --> A'             
     e( 15 - 15) =      6.55411  eV     1   --> A'             
     e( 16 - 16) =      6.95150  eV     1   --> A''            
     e( 17 - 17) =      7.52739  eV     1   --> A''            
     e( 18 - 18) =      8.00198  eV     1   --> A'             
     e( 19 - 19) =      9.68975  eV     1   --> A'             
     e( 20 - 20) =     10.63748  eV     1   --> A'             
     e( 21 - 21) =     11.79782  eV     1   --> A'             
     e( 22 - 22) =     12.66290  eV     1   --> A'             
     e( 23 - 23) =     14.82929  eV     1   --> A'             
     e( 24 - 24) =     15.32766  eV     1   --> A'             
     e( 25 - 25) =     16.45748  eV     1   --> A''            
     e( 26 - 26) =     16.49144  eV     1   --> A'             

 **************************************************************************

 **************************************************************************

                    xk=(   0.30833,   0.17802,   0.00000  )

     Band symmetry, C_s (m)     point group:

     e(  1 -  1) =    -45.33393  eV     1   --> A'             
     e(  2 -  2) =    -23.75060  eV     1   --> A'             
     e(  3 -  3) =    -23.53520  eV     1   --> A'             
     e(  4 -  4) =    -23.17073  eV     1   --> A''            
     e(  5 -  5) =    -20.58686  eV     1   --> A'             
     e(  6 -  6) =    -12.42822  eV     1   --> A'             
     e(  7 -  7) =     -3.01529  eV     1   --> A'             
     e(  8 -  8) =     -2.63537  eV     1   --> A'             
     e(  9 -  9) =     -2.50182  eV     1   --> A''            
     e( 10 - 10) =     -1.58977  eV     1   --> A'             
     e( 11 - 11) =     -0.73858  eV     1   --> A'             
     e( 12 - 12) =      0.76185  eV     1   --> A''            
     e( 13 - 13) =      3.57246  eV     1   --> A'             
     e( 14 - 14) =      5.88841  eV     1   --> A'             
     e( 15 - 15) =      6.57262  eV     1   --> A'             
     e( 16 - 16) =      6.97668  eV     1   --> A''            
     e( 17 - 17) =      7.54134  eV     1   --> A''            
     e( 18 - 18) =      8.03740  eV     1   --> A'             
     e( 19 - 19) =      9.70768  eV     1   --> A'             
     e( 20 - 20) =     10.65319  eV     1   --> A'             
     e( 21 - 21) =     11.79710  eV     1   --> A'             
     e( 22 - 22) =     12.64772  eV     1   --> A'             
     e( 23 - 23) =     14.82725  eV     1   --> A'             
     e( 24 - 24) =     15.29410  eV     1   --> A'             
     e( 25 - 25) =     16.42452  eV     1   --> A''            
     e( 26 - 26) =     16.47849  eV     1   --> A'             

 **************************************************************************

 **************************************************************************

                    xk=(   0.31250,   0.18042,   0.00000  )

     Band symmetry, C_s (m)     point group:

     e(  1 -  1) =    -45.33320  eV     1   --> A'             
     e(  2 -  2) =    -23.75201  eV     1   --> A'             
     e(  3 -  3) =    -23.53891  eV     1   --> A'             
     e(  4 -  4) =    -23.17225  eV     1   --> A''            
     e(  5 -  5) =    -20.58623  eV     1   --> A'             
     e(  6 -  6) =    -12.41704  eV     1   --> A'             
     e(  7 -  7) =     -3.02191  eV     1   --> A'             
     e(  8 -  8) =     -2.63074  eV     1   --> A'             
     e(  9 -  9) =     -2.50279  eV     1   --> A''            
     e( 10 - 10) =     -1.62705  eV     1   --> A'             
     e( 11 - 11) =     -0.73620  eV     1   --> A'             
     e( 12 - 12) =      0.75206  eV     1   --> A''            
     e( 13 - 13) =      3.56514  eV     1   --> A'             
     e( 14 - 14) =      5.90130  eV     1   --> A'             
     e( 15 - 15) =      6.59102  eV     1   --> A'             
     e( 16 - 16) =      7.00150  eV     1   --> A''            
     e( 17 - 17) =      7.55556  eV     1   --> A''            
     e( 18 - 18) =      8.07323  eV     1   --> A'             
     e( 19 - 19) =      9.72455  eV     1   --> A'             
     e( 20 - 20) =     10.66858  eV     1   --> A'             
     e( 21 - 21) =     11.79767  eV     1   --> A'             
     e( 22 - 22) =     12.63372  eV     1   --> A'             
     e( 23 - 23) =     14.80654  eV     1   --> A'             
     e( 24 - 24) =     15.27506  eV     1   --> A'             
     e( 25 - 25) =     16.39118  eV     1   --> A''            
     e( 26 - 26) =     16.45715  eV     1   --> A'             

 **************************************************************************

 **************************************************************************

                    xk=(   0.31667,   0.18283,   0.00000  )

     Band symmetry, C_s (m)     point group:

     e(  1 -  1) =    -45.33247  eV     1   --> A'             
     e(  2 -  2) =    -23.75369  eV     1   --> A'             
     e(  3 -  3) =    -23.54226  eV     1   --> A'             
     e(  4 -  4) =    -23.17376  eV     1   --> A''            
     e(  5 -  5) =    -20.58563  eV     1   --> A'             
     e(  6 -  6) =    -12.40594  eV     1   --> A'             
     e(  7 -  7) =     -3.02850  eV     1   --> A'             
     e(  8 -  8) =     -2.62629  eV     1   --> A'             
     e(  9 -  9) =     -2.50377  eV     1   --> A''            
     e( 10 - 10) =     -1.66391  eV     1   --> A'             
     e( 11 - 11) =     -0.73357  eV     1   --> A'             
     e( 12 - 12) =      0.74241  eV     1   --> A''            
     e( 13 - 13) =      3.55799  eV     1   --> A'             
     e( 14 - 14) =      5.91437  eV     1   --> A'             
     e( 15 - 15) =      6.60927  eV     1   --> A'             
     e( 16 - 16) =      7.02594  eV     1   --> A''            
     e( 17 - 17) =      7.57009  eV     1   --> A''            
     e( 18 - 18) =      8.10949  eV     1   --> A'             
     e( 19 - 19) =      9.74034  eV     1   --> A'             
     e( 20 - 20) =     10.68368  eV     1   --> A'             
     e( 21 - 21) =     11.79948  eV     1   --> A'             
     e( 22 - 22) =     12.62091  eV     1   --> A'             
     e( 23 - 23) =     14.76867  eV     1   --> A'             
     e( 24 - 24) =     15.26880  eV     1   --> A'             
     e( 25 - 25) =     16.35753  eV     1   --> A''            
     e( 26 - 26) =     16.42855  eV     1   --> A'             

 **************************************************************************

 **************************************************************************

                    xk=(   0.32083,   0.18523,   0.00000  )

     Band symmetry, C_s (m)     point group:

     e(  1 -  1) =    -45.33175  eV     1   --> A'             
     e(  2 -  2) =    -23.75565  eV     1   --> A'             
     e(  3 -  3) =    -23.54524  eV     1   --> A'             
     e(  4 -  4) =    -23.17524  eV     1   --> A''            
     e(  5 -  5) =    -20.58507  eV     1   --> A'             
     e(  6 -  6) =    -12.39492  eV     1   --> A'             
     e(  7 -  7) =     -3.03504  eV     1   --> A'             
     e(  8 -  8) =     -2.62203  eV     1   --> A'             
     e(  9 -  9) =     -2.50475  eV     1   --> A''            
     e( 10 - 10) =     -1.70030  eV     1   --> A'             
     e( 11 - 11) =     -0.73072  eV     1   --> A'             
     e( 12 - 12) =      0.73292  eV     1   --> A''            
     e( 13 - 13) =      3.55101  eV     1   --> A'             
     e( 14 - 14) =      5.92763  eV     1   --> A'             
     e( 15 - 15) =      6.62731  eV     1   --> A'             
     e( 16 - 16) =      7.04994  eV     1   --> A''            
     e( 17 - 17) =      7.58495  eV     1   --> A''            
     e( 18 - 18) =      8.14618  eV     1   --> A'             
     e( 19 - 19) =      9.75510  eV     1   --> A'             
     e( 20 - 20) =     10.69854  eV     1   --> A'             
     e( 21 - 21) =     11.80247  eV     1   --> A'             
     e( 22 - 22) =     12.60931  eV     1   --> A'             
     e( 23 - 23) =     14.71757  eV     1   --> A'             
     e( 24 - 24) =     15.27114  eV     1   --> A'             
     e( 25 - 25) =     16.32360  eV     1   --> A''            
     e( 26 - 26) =     16.39394  eV     1   --> A'             

 **************************************************************************

 **************************************************************************

                    xk=(   0.32500,   0.18764,   0.00000  )

     Band symmetry, C_s (m)     point group:

     e(  1 -  1) =    -45.33104  eV     1   --> A'             
     e(  2 -  2) =    -23.75787  eV     1   --> A'             
     e(  3 -  3) =    -23.54786  eV     1   --> A'             
     e(  4 -  4) =    -23.17670  eV     1   --> A''            
     e(  5 -  5) =    -20.58454  eV     1   --> A'             
     e(  6 -  6) =    -12.38399  eV     1   --> A'             
     e(  7 -  7) =     -3.04155  eV     1   --> A'             
     e(  8 -  8) =     -2.61795  eV     1   --> A'             
     e(  9 -  9) =     -2.50573  eV     1   --> A''            
     e( 10 - 10) =     -1.73616  eV     1   --> A'             
     e( 11 - 11) =     -0.72770  eV     1   --> A'             
     e( 12 - 12) =      0.72359  eV     1   --> A''            
     e( 13 - 13) =      3.54422  eV     1   --> A'             
     e( 14 - 14) =      5.94105  eV     1   --> A'             
     e( 15 - 15) =      6.64508  eV     1   --> A'             
     e( 16 - 16) =      7.07344  eV     1   --> A''            
     e( 17 - 17) =      7.60016  eV     1   --> A''            
     e( 18 - 18) =      8.18332  eV     1   --> A'             
     e( 19 - 19) =      9.76884  eV     1   --> A'             
     e( 20 - 20) =     10.71319  eV     1   --> A'             
     e( 21 - 21) =     11.80658  eV     1   --> A'             
     e( 22 - 22) =     12.59894  eV     1   --> A'             
     e( 23 - 23) =     14.65739  eV     1   --> A'             
     e( 24 - 24) =     15.27777  eV     1   --> A'             
     e( 25 - 25) =     16.28944  eV     1   --> A''            
     e( 26 - 26) =     16.35442  eV     1   --> A'             

 **************************************************************************

 **************************************************************************

                    xk=(   0.32917,   0.19004,   0.00000  )

     Band symmetry, C_s (m)     point group:

     e(  1 -  1) =    -45.33034  eV     1   --> A'             
     e(  2 -  2) =    -23.76035  eV     1   --> A'             
     e(  3 -  3) =    -23.55015  eV     1   --> A'             
     e(  4 -  4) =    -23.17815  eV     1   --> A''            
     e(  5 -  5) =    -20.58404  eV     1   --> A'             
     e(  6 -  6) =    -12.37315  eV     1   --> A'             
     e(  7 -  7) =     -3.04801  eV     1   --> A'             
     e(  8 -  8) =     -2.61409  eV     1   --> A'             
     e(  9 -  9) =     -2.50671  eV     1   --> A''            
     e( 10 - 10) =     -1.77143  eV     1   --> A'             
     e( 11 - 11) =     -0.72453  eV     1   --> A'             
     e( 12 - 12) =      0.71442  eV     1   --> A''            
     e( 13 - 13) =      3.53762  eV     1   --> A'             
     e( 14 - 14) =      5.95462  eV     1   --> A'             
     e( 15 - 15) =      6.66251  eV     1   --> A'             
     e( 16 - 16) =      7.09638  eV     1   --> A''            
     e( 17 - 17) =      7.61575  eV     1   --> A''            
     e( 18 - 18) =      8.22091  eV     1   --> A'             
     e( 19 - 19) =      9.78159  eV     1   --> A'             
     e( 20 - 20) =     10.72765  eV     1   --> A'             
     e( 21 - 21) =     11.81172  eV     1   --> A'             
     e( 22 - 22) =     12.58980  eV     1   --> A'             
     e( 23 - 23) =     14.59133  eV     1   --> A'             
     e( 24 - 24) =     15.28539  eV     1   --> A'             
     e( 25 - 25) =     16.25510  eV     1   --> A''            
     e( 26 - 26) =     16.31081  eV     1   --> A'             

 **************************************************************************

 **************************************************************************

                    xk=(   0.33333,   0.19245,   0.00000  )

     Band symmetry, C_s (m)     point group:

     e(  1 -  1) =    -45.32965  eV     1   --> A'             
     e(  2 -  2) =    -23.76307  eV     1   --> A'             
     e(  3 -  3) =    -23.55211  eV     1   --> A'             
     e(  4 -  4) =    -23.17957  eV     1   --> A''            
     e(  5 -  5) =    -20.58358  eV     1   --> A'             
     e(  6 -  6) =    -12.36243  eV     1   --> A'             
     e(  7 -  7) =     -3.05443  eV     1   --> A'             
     e(  8 -  8) =     -2.61045  eV     1   --> A'             
     e(  9 -  9) =     -2.50770  eV     1   --> A''            
     e( 10 - 10) =     -1.80608  eV     1   --> A'             
     e( 11 - 11) =     -0.72126  eV     1   --> A'             
     e( 12 - 12) =      0.70542  eV     1   --> A''            
     e( 13 - 13) =      3.53121  eV     1   --> A'             
     e( 14 - 14) =      5.96835  eV     1   --> A'             
     e( 15 - 15) =      6.67955  eV     1   --> A'             
     e( 16 - 16) =      7.11871  eV     1   --> A''            
     e( 17 - 17) =      7.63174  eV     1   --> A''            
     e( 18 - 18) =      8.25895  eV     1   --> A'             
     e( 19 - 19) =      9.79341  eV     1   --> A'             
     e( 20 - 20) =     10.74194  eV     1   --> A'             
     e( 21 - 21) =     11.81781  eV     1   --> A'             
     e( 22 - 22) =     12.58188  eV     1   --> A'             
     e( 23 - 23) =     14.52153  eV     1   --> A'             
     e( 24 - 24) =     15.29185  eV     1   --> A'             
     e( 25 - 25) =     16.22061  eV     1   --> A''            
     e( 26 - 26) =     16.26376  eV     1   --> A'             

 **************************************************************************

 **************************************************************************

                    xk=(   0.33750,   0.19486,   0.00000  )

     Band symmetry, C_s (m)     point group:

     e(  1 -  1) =    -45.32897  eV     1   --> A'             
     e(  2 -  2) =    -23.76600  eV     1   --> A'             
     e(  3 -  3) =    -23.55375  eV     1   --> A'             
     e(  4 -  4) =    -23.18097  eV     1   --> A''            
     e(  5 -  5) =    -20.58315  eV     1   --> A'             
     e(  6 -  6) =    -12.35182  eV     1   --> A'             
     e(  7 -  7) =     -3.06078  eV     1   --> A'             
     e(  8 -  8) =     -2.60701  eV     1   --> A'             
     e(  9 -  9) =     -2.50869  eV     1   --> A''            
     e( 10 - 10) =     -1.84005  eV     1   --> A'             
     e( 11 - 11) =     -0.71789  eV     1   --> A'             
     e( 12 - 12) =      0.69660  eV     1   --> A''            
     e( 13 - 13) =      3.52500  eV     1   --> A'             
     e( 14 - 14) =      5.98223  eV     1   --> A'             
     e( 15 - 15) =      6.69616  eV     1   --> A'             
     e( 16 - 16) =      7.14040  eV     1   --> A''            
     e( 17 - 17) =      7.64816  eV     1   --> A''            
     e( 18 - 18) =      8.29745  eV     1   --> A'             
     e( 19 - 19) =      9.80435  eV     1   --> A'             
     e( 20 - 20) =     10.75607  eV     1   --> A'             
     e( 21 - 21) =     11.82476  eV     1   --> A'             
     e( 22 - 22) =     12.57519  eV     1   --> A'             
     e( 23 - 23) =     14.44942  eV     1   --> A'             
     e( 24 - 24) =     15.29583  eV     1   --> A'             
     e( 25 - 25) =     16.18602  eV     1   --> A''            
     e( 26 - 26) =     16.21378  eV     1   --> A'             

 **************************************************************************

 **************************************************************************

                    xk=(   0.34167,   0.19726,   0.00000  )

     Band symmetry, C_s (m)     point group:

     e(  1 -  1) =    -45.32830  eV     1   --> A'             
     e(  2 -  2) =    -23.76914  eV     1   --> A'             
     e(  3 -  3) =    -23.55509  eV     1   --> A'             
     e(  4 -  4) =    -23.18235  eV     1   --> A''            
     e(  5 -  5) =    -20.58275  eV     1   --> A'             
     e(  6 -  6) =    -12.34133  eV     1   --> A'             
     e(  7 -  7) =     -3.06708  eV     1   --> A'             
     e(  8 -  8) =     -2.60381  eV     1   --> A'             
     e(  9 -  9) =     -2.50967  eV     1   --> A''            
     e( 10 - 10) =     -1.87332  eV     1   --> A'             
     e( 11 - 11) =     -0.71445  eV     1   --> A'             
     e( 12 - 12) =      0.68795  eV     1   --> A''            
     e( 13 - 13) =      3.51899  eV     1   --> A'             
     e( 14 - 14) =      5.99624  eV     1   --> A'             
     e( 15 - 15) =      6.71227  eV     1   --> A'             
     e( 16 - 16) =      7.16138  eV     1   --> A''            
     e( 17 - 17) =      7.66501  eV     1   --> A''            
     e( 18 - 18) =      8.33641  eV     1   --> A'             
     e( 19 - 19) =      9.81447  eV     1   --> A'             
     e( 20 - 20) =     10.77006  eV     1   --> A'             
     e( 21 - 21) =     11.83249  eV     1   --> A'             
     e( 22 - 22) =     12.56971  eV     1   --> A'             
     e( 23 - 23) =     14.37591  eV     1   --> A'             
     e( 24 - 24) =     15.29662  eV     1   --> A'             
     e( 25 - 25) =     16.15136  eV     1   --> A''            
     e( 26 - 26) =     16.16128  eV     1   --> A'             

 **************************************************************************

 **************************************************************************

                    xk=(   0.34583,   0.19967,   0.00000  )

     Band symmetry, C_s (m)     point group:

     e(  1 -  1) =    -45.32764  eV     1   --> A'             
     e(  2 -  2) =    -23.77245  eV     1   --> A'             
     e(  3 -  3) =    -23.55615  eV     1   --> A'             
     e(  4 -  4) =    -23.18371  eV     1   --> A''            
     e(  5 -  5) =    -20.58237  eV     1   --> A'             
     e(  6 -  6) =    -12.33097  eV     1   --> A'             
     e(  7 -  7) =     -3.07332  eV     1   --> A'             
     e(  8 -  8) =     -2.60082  eV     1   --> A'             
     e(  9 -  9) =     -2.51064  eV     1   --> A''            
     e( 10 - 10) =     -1.90584  eV     1   --> A'             
     e( 11 - 11) =     -0.71096  eV     1   --> A'             
     e( 12 - 12) =      0.67948  eV     1   --> A''            
     e( 13 - 13) =      3.51319  eV     1   --> A'             
     e( 14 - 14) =      6.01039  eV     1   --> A'             
     e( 15 - 15) =      6.72784  eV     1   --> A'             
     e( 16 - 16) =      7.18163  eV     1   --> A''            
     e( 17 - 17) =      7.68230  eV     1   --> A''            
     e( 18 - 18) =      8.37583  eV     1   --> A'             
     e( 19 - 19) =      9.82384  eV     1   --> A'             
     e( 20 - 20) =     10.78391  eV     1   --> A'             
     e( 21 - 21) =     11.84090  eV     1   --> A'             
     e( 22 - 22) =     12.56541  eV     1   --> A'             
     e( 23 - 23) =     14.30166  eV     1   --> A'             
     e( 24 - 24) =     15.29387  eV     1   --> A'             
     e( 25 - 25) =     16.10665  eV     1   --> A'             
     e( 26 - 26) =     16.11668  eV     1   --> A''            

 **************************************************************************

 **************************************************************************

                    xk=(   0.35000,   0.20207,   0.00000  )

     Band symmetry, C_s (m)     point group:

     e(  1 -  1) =    -45.32699  eV     1   --> A'             
     e(  2 -  2) =    -23.77593  eV     1   --> A'             
     e(  3 -  3) =    -23.55696  eV     1   --> A'             
     e(  4 -  4) =    -23.18504  eV     1   --> A''            
     e(  5 -  5) =    -20.58203  eV     1   --> A'             
     e(  6 -  6) =    -12.32076  eV     1   --> A'             
     e(  7 -  7) =     -3.07950  eV     1   --> A'             
     e(  8 -  8) =     -2.59810  eV     1   --> A'             
     e(  9 -  9) =     -2.51163  eV     1   --> A''            
     e( 10 - 10) =     -1.93758  eV     1   --> A'             
     e( 11 - 11) =     -0.70745  eV     1   --> A'             
     e( 12 - 12) =      0.67119  eV     1   --> A''            
     e( 13 - 13) =      3.50760  eV     1   --> A'             
     e( 14 - 14) =      6.02465  eV     1   --> A'             
     e( 15 - 15) =      6.74281  eV     1   --> A'             
     e( 16 - 16) =      7.20110  eV     1   --> A''            
     e( 17 - 17) =      7.70002  eV     1   --> A''            
     e( 18 - 18) =      8.41570  eV     1   --> A'             
     e( 19 - 19) =      9.83253  eV     1   --> A'             
     e( 20 - 20) =     10.79761  eV     1   --> A'             
     e( 21 - 21) =     11.84988  eV     1   --> A'             
     e( 22 - 22) =     12.56226  eV     1   --> A'             
     e( 23 - 23) =     14.22711  eV     1   --> A'             
     e( 24 - 24) =     15.28751  eV     1   --> A'             
     e( 25 - 25) =     16.05022  eV     1   --> A'             
     e( 26 - 26) =     16.08203  eV     1   --> A''            

 **************************************************************************

 **************************************************************************

                    xk=(   0.35417,   0.20448,   0.00000  )

     Band symmetry, C_s (m)     point group:

     e(  1 -  1) =    -45.32636  eV     1   --> A'             
     e(  2 -  2) =    -23.77954  eV     1   --> A'             
     e(  3 -  3) =    -23.55753  eV     1   --> A'             
     e(  4 -  4) =    -23.18634  eV     1   --> A''            
     e(  5 -  5) =    -20.58172  eV     1   --> A'             
     e(  6 -  6) =    -12.31070  eV     1   --> A'             
     e(  7 -  7) =     -3.08561  eV     1   --> A'             
     e(  8 -  8) =     -2.59560  eV     1   --> A'             
     e(  9 -  9) =     -2.51259  eV     1   --> A''            
     e( 10 - 10) =     -1.96850  eV     1   --> A'             
     e( 11 - 11) =     -0.70391  eV     1   --> A'             
     e( 12 - 12) =      0.66310  eV     1   --> A''            
     e( 13 - 13) =      3.50222  eV     1   --> A'             
     e( 14 - 14) =      6.03903  eV     1   --> A'             
     e( 15 - 15) =      6.75714  eV     1   --> A'             
     e( 16 - 16) =      7.21978  eV     1   --> A''            
     e( 17 - 17) =      7.71818  eV     1   --> A''            
     e( 18 - 18) =      8.45603  eV     1   --> A'             
     e( 19 - 19) =      9.84062  eV     1   --> A'             
     e( 20 - 20) =     10.81114  eV     1   --> A'             
     e( 21 - 21) =     11.85936  eV     1   --> A'             
     e( 22 - 22) =     12.56023  eV     1   --> A'             
     e( 23 - 23) =     14.15264  eV     1   --> A'             
     e( 24 - 24) =     15.27762  eV     1   --> A'             
     e( 25 - 25) =     15.99232  eV     1   --> A'             
     e( 26 - 26) =     16.04743  eV     1   --> A''            

 **************************************************************************

 **************************************************************************

                    xk=(   0.35833,   0.20688,   0.00000  )

     Band symmetry, C_s (m)     point group:

     e(  1 -  1) =    -45.32574  eV     1   --> A'             
     e(  2 -  2) =    -23.78326  eV     1   --> A'             
     e(  3 -  3) =    -23.55789  eV     1   --> A'             
     e(  4 -  4) =    -23.18763  eV     1   --> A''            
     e(  5 -  5) =    -20.58143  eV     1   --> A'             
     e(  6 -  6) =    -12.30081  eV     1   --> A'             
     e(  7 -  7) =     -3.09166  eV     1   --> A'             
     e(  8 -  8) =     -2.59336  eV     1   --> A'             
     e(  9 -  9) =     -2.51357  eV     1   --> A''            
     e( 10 - 10) =     -1.99857  eV     1   --> A'             
     e( 11 - 11) =     -0.70037  eV     1   --> A'             
     e( 12 - 12) =      0.65519  eV     1   --> A''            
     e( 13 - 13) =      3.49705  eV     1   --> A'             
     e( 14 - 14) =      6.05351  eV     1   --> A'             
     e( 15 - 15) =      6.77078  eV     1   --> A'             
     e( 16 - 16) =      7.23764  eV     1   --> A''            
     e( 17 - 17) =      7.73673  eV     1   --> A''            
     e( 18 - 18) =      8.49680  eV     1   --> A'             
     e( 19 - 19) =      9.84818  eV     1   --> A'             
     e( 20 - 20) =     10.82450  eV     1   --> A'             
     e( 21 - 21) =     11.86921  eV     1   --> A'             
     e( 22 - 22) =     12.55925  eV     1   --> A'             
     e( 23 - 23) =     14.07852  eV     1   --> A'             
     e( 24 - 24) =     15.26440  eV     1   --> A'             
     e( 25 - 25) =     15.93327  eV     1   --> A'             
     e( 26 - 26) =     16.01295  eV     1   --> A''            

 **************************************************************************

 **************************************************************************

                    xk=(   0.36250,   0.20929,   0.00000  )

     Band symmetry, C_s (m)     point group:

     e(  1 -  1) =    -45.32513  eV     1   --> A'             
     e(  2 -  2) =    -23.78706  eV     1   --> A'             
     e(  3 -  3) =    -23.55806  eV     1   --> A'             
     e(  4 -  4) =    -23.18888  eV     1   --> A''            
     e(  5 -  5) =    -20.58116  eV     1   --> A'             
     e(  6 -  6) =    -12.29108  eV     1   --> A'             
     e(  7 -  7) =     -3.09763  eV     1   --> A'             
     e(  8 -  8) =     -2.59138  eV     1   --> A'             
     e(  9 -  9) =     -2.51452  eV     1   --> A''            
     e( 10 - 10) =     -2.02776  eV     1   --> A'             
     e( 11 - 11) =     -0.69683  eV     1   --> A'             
     e( 12 - 12) =      0.64748  eV     1   --> A''            
     e( 13 - 13) =      3.49210  eV     1   --> A'             
     e( 14 - 14) =      6.06808  eV     1   --> A'             
     e( 15 - 15) =      6.78371  eV     1   --> A'             
     e( 16 - 16) =      7.25469  eV     1   --> A''            
     e( 17 - 17) =      7.75569  eV     1   --> A''            
     e( 18 - 18) =      8.53801  eV     1   --> A'             
     e( 19 - 19) =      9.85528  eV     1   --> A'             
     e( 20 - 20) =     10.83768  eV     1   --> A'             
     e( 21 - 21) =     11.87936  eV     1   --> A'             
     e( 22 - 22) =     12.55925  eV     1   --> A'             
     e( 23 - 23) =     14.00501  eV     1   --> A'             
     e( 24 - 24) =     15.24810  eV     1   --> A'             
     e( 25 - 25) =     15.87336  eV     1   --> A'             
     e( 26 - 26) =     15.97863  eV     1   --> A''            

 **************************************************************************

 **************************************************************************

                    xk=(   0.36667,   0.21170,   0.00000  )

     Band symmetry, C_s (m)     point group:

     e(  1 -  1) =    -45.32453  eV     1   --> A'             
     e(  2 -  2) =    -23.79093  eV     1   --> A'             
     e(  3 -  3) =    -23.55804  eV     1   --> A'             
     e(  4 -  4) =    -23.19010  eV     1   --> A''            
     e(  5 -  5) =    -20.58092  eV     1   --> A'             
     e(  6 -  6) =    -12.28152  eV     1   --> A'             
     e(  7 -  7) =     -3.10351  eV     1   --> A'             
     e(  8 -  8) =     -2.58965  eV     1   --> A'             
     e(  9 -  9) =     -2.51547  eV     1   --> A''            
     e( 10 - 10) =     -2.05604  eV     1   --> A'             
     e( 11 - 11) =     -0.69331  eV     1   --> A'             
     e( 12 - 12) =      0.63997  eV     1   --> A''            
     e( 13 - 13) =      3.48736  eV     1   --> A'             
     e( 14 - 14) =      6.08275  eV     1   --> A'             
     e( 15 - 15) =      6.79588  eV     1   --> A'             
     e( 16 - 16) =      7.27091  eV     1   --> A''            
     e( 17 - 17) =      7.77501  eV     1   --> A''            
     e( 18 - 18) =      8.57964  eV     1   --> A'             
     e( 19 - 19) =      9.86200  eV     1   --> A'             
     e( 20 - 20) =     10.85065  eV     1   --> A'             
     e( 21 - 21) =     11.88969  eV     1   --> A'             
     e( 22 - 22) =     12.56015  eV     1   --> A'             
     e( 23 - 23) =     13.93236  eV     1   --> A'             
     e( 24 - 24) =     15.22902  eV     1   --> A'             
     e( 25 - 25) =     15.81288  eV     1   --> A'             
     e( 26 - 26) =     15.94450  eV     1   --> A''            

 **************************************************************************

 **************************************************************************

                    xk=(   0.37083,   0.21410,   0.00000  )

     Band symmetry, C_s (m)     point group:

     e(  1 -  1) =    -45.32395  eV     1   --> A'             
     e(  2 -  2) =    -23.79484  eV     1   --> A'             
     e(  3 -  3) =    -23.55788  eV     1   --> A'             
     e(  4 -  4) =    -23.19130  eV     1   --> A''            
     e(  5 -  5) =    -20.58070  eV     1   --> A'             
     e(  6 -  6) =    -12.27215  eV     1   --> A'             
     e(  7 -  7) =     -3.10933  eV     1   --> A'             
     e(  8 -  8) =     -2.58820  eV     1   --> A'             
     e(  9 -  9) =     -2.51640  eV     1   --> A''            
     e( 10 - 10) =     -2.08339  eV     1   --> A'             
     e( 11 - 11) =     -0.68982  eV     1   --> A'             
     e( 12 - 12) =      0.63266  eV     1   --> A''            
     e( 13 - 13) =      3.48283  eV     1   --> A'             
     e( 14 - 14) =      6.09748  eV     1   --> A'             
     e( 15 - 15) =      6.80726  eV     1   --> A'             
     e( 16 - 16) =      7.28632  eV     1   --> A''            
     e( 17 - 17) =      7.79464  eV     1   --> A''            
     e( 18 - 18) =      8.62166  eV     1   --> A'             
     e( 19 - 19) =      9.86842  eV     1   --> A'             
     e( 20 - 20) =     10.86339  eV     1   --> A'             
     e( 21 - 21) =     11.90010  eV     1   --> A'             
     e( 22 - 22) =     12.56184  eV     1   --> A'             
     e( 23 - 23) =     13.86080  eV     1   --> A'             
     e( 24 - 24) =     15.20741  eV     1   --> A'             
     e( 25 - 25) =     15.75212  eV     1   --> A'             
     e( 26 - 26) =     15.91063  eV     1   --> A''            

 **************************************************************************

 **************************************************************************

                    xk=(   0.37500,   0.21651,   0.00000  )

     Band symmetry, C_s (m)     point group:

     e(  1 -  1) =    -45.32338  eV     1   --> A'             
     e(  2 -  2) =    -23.79878  eV     1   --> A'             
     e(  3 -  3) =    -23.55758  eV     1   --> A'             
     e(  4 -  4) =    -23.19246  eV     1   --> A''            
     e(  5 -  5) =    -20.58050  eV     1   --> A'             
     e(  6 -  6) =    -12.26298  eV     1   --> A'             
     e(  7 -  7) =     -3.11505  eV     1   --> A'             
     e(  8 -  8) =     -2.58703  eV     1   --> A'             
     e(  9 -  9) =     -2.51731  eV     1   --> A''            
     e( 10 - 10) =     -2.10976  eV     1   --> A'             
     e( 11 - 11) =     -0.68637  eV     1   --> A'             
     e( 12 - 12) =      0.62555  eV     1   --> A''            
     e( 13 - 13) =      3.47851  eV     1   --> A'             
     e( 14 - 14) =      6.11227  eV     1   --> A'             
     e( 15 - 15) =      6.81781  eV     1   --> A'             
     e( 16 - 16) =      7.30090  eV     1   --> A''            
     e( 17 - 17) =      7.81454  eV     1   --> A''            
     e( 18 - 18) =      8.66407  eV     1   --> A'             
     e( 19 - 19) =      9.87459  eV     1   --> A'             
     e( 20 - 20) =     10.87589  eV     1   --> A'             
     e( 21 - 21) =     11.91048  eV     1   --> A'             
     e( 22 - 22) =     12.56417  eV     1   --> A'             
     e( 23 - 23) =     13.79058  eV     1   --> A'             
     e( 24 - 24) =     15.18356  eV     1   --> A'             
     e( 25 - 25) =     15.69136  eV     1   --> A'             
     e( 26 - 26) =     15.87706  eV     1   --> A''            

 **************************************************************************

 **************************************************************************

                    xk=(   0.37917,   0.21891,   0.00000  )

     Band symmetry, C_s (m)     point group:

     e(  1 -  1) =    -45.32282  eV     1   --> A'             
     e(  2 -  2) =    -23.80272  eV     1   --> A'             
     e(  3 -  3) =    -23.55716  eV     1   --> A'             
     e(  4 -  4) =    -23.19359  eV     1   --> A''            
     e(  5 -  5) =    -20.58032  eV     1   --> A'             
     e(  6 -  6) =    -12.25401  eV     1   --> A'             
     e(  7 -  7) =     -3.12068  eV     1   --> A'             
     e(  8 -  8) =     -2.58614  eV     1   --> A'             
     e(  9 -  9) =     -2.51820  eV     1   --> A''            
     e( 10 - 10) =     -2.13514  eV     1   --> A'             
     e( 11 - 11) =     -0.68297  eV     1   --> A'             
     e( 12 - 12) =      0.61865  eV     1   --> A''            
     e( 13 - 13) =      3.47439  eV     1   --> A'             
     e( 14 - 14) =      6.12712  eV     1   --> A'             
     e( 15 - 15) =      6.82754  eV     1   --> A'             
     e( 16 - 16) =      7.31471  eV     1   --> A''            
     e( 17 - 17) =      7.83467  eV     1   --> A''            
     e( 18 - 18) =      8.70683  eV     1   --> A'             
     e( 19 - 19) =      9.88058  eV     1   --> A'             
     e( 20 - 20) =     10.88815  eV     1   --> A'             
     e( 21 - 21) =     11.92071  eV     1   --> A'             
     e( 22 - 22) =     12.56701  eV     1   --> A'             
     e( 23 - 23) =     13.72197  eV     1   --> A'             
     e( 24 - 24) =     15.15769  eV     1   --> A'             
     e( 25 - 25) =     15.63088  eV     1   --> A'             
     e( 26 - 26) =     15.84385  eV     1   --> A''            

 **************************************************************************

 **************************************************************************

                    xk=(   0.38333,   0.22132,   0.00000  )

     Band symmetry, C_s (m)     point group:

     e(  1 -  1) =    -45.32228  eV     1   --> A'             
     e(  2 -  2) =    -23.80666  eV     1   --> A'             
     e(  3 -  3) =    -23.55665  eV     1   --> A'             
     e(  4 -  4) =    -23.19470  eV     1   --> A''            
     e(  5 -  5) =    -20.58016  eV     1   --> A'             
     e(  6 -  6) =    -12.24526  eV     1   --> A'             
     e(  7 -  7) =     -3.12625  eV     1   --> A'             
     e(  8 -  8) =     -2.58557  eV     1   --> A'             
     e(  9 -  9) =     -2.51909  eV     1   --> A''            
     e( 10 - 10) =     -2.15949  eV     1   --> A'             
     e( 11 - 11) =     -0.67962  eV     1   --> A'             
     e( 12 - 12) =      0.61196  eV     1   --> A''            
     e( 13 - 13) =      3.47048  eV     1   --> A'             
     e( 14 - 14) =      6.14199  eV     1   --> A'             
     e( 15 - 15) =      6.83639  eV     1   --> A'             
     e( 16 - 16) =      7.32772  eV     1   --> A''            
     e( 17 - 17) =      7.85494  eV     1   --> A''            
     e( 18 - 18) =      8.74990  eV     1   --> A'             
     e( 19 - 19) =      9.88644  eV     1   --> A'             
     e( 20 - 20) =     10.90013  eV     1   --> A'             
     e( 21 - 21) =     11.93067  eV     1   --> A'             
     e( 22 - 22) =     12.57013  eV     1   --> A'             
     e( 23 - 23) =     13.65527  eV     1   --> A'             
     e( 24 - 24) =     15.12998  eV     1   --> A'             
     e( 25 - 25) =     15.57095  eV     1   --> A'             
     e( 26 - 26) =     15.81104  eV     1   --> A''            

 **************************************************************************

 **************************************************************************

                    xk=(   0.38750,   0.22372,   0.00000  )

     Band symmetry, C_s (m)     point group:

     e(  1 -  1) =    -45.32176  eV     1   --> A'             
     e(  2 -  2) =    -23.81057  eV     1   --> A'             
     e(  3 -  3) =    -23.55605  eV     1   --> A'             
     e(  4 -  4) =    -23.19577  eV     1   --> A''            
     e(  5 -  5) =    -20.58002  eV     1   --> A'             
     e(  6 -  6) =    -12.23672  eV     1   --> A'             
     e(  7 -  7) =     -3.13174  eV     1   --> A'             
     e(  8 -  8) =     -2.58532  eV     1   --> A'             
     e(  9 -  9) =     -2.51997  eV     1   --> A''            
     e( 10 - 10) =     -2.18279  eV     1   --> A'             
     e( 11 - 11) =     -0.67633  eV     1   --> A'             
     e( 12 - 12) =      0.60548  eV     1   --> A''            
     e( 13 - 13) =      3.46677  eV     1   --> A'             
     e( 14 - 14) =      6.15688  eV     1   --> A'             
     e( 15 - 15) =      6.84436  eV     1   --> A'             
     e( 16 - 16) =      7.33998  eV     1   --> A''            
     e( 17 - 17) =      7.87528  eV     1   --> A''            
     e( 18 - 18) =      8.79325  eV     1   --> A'             
     e( 19 - 19) =      9.89222  eV     1   --> A'             
     e( 20 - 20) =     10.91185  eV     1   --> A'             
     e( 21 - 21) =     11.94021  eV     1   --> A'             
     e( 22 - 22) =     12.57332  eV     1   --> A'             
     e( 23 - 23) =     13.59083  eV     1   --> A'             
     e( 24 - 24) =     15.10058  eV     1   --> A'             
     e( 25 - 25) =     15.51190  eV     1   --> A'             
     e( 26 - 26) =     15.77869  eV     1   --> A''            

 **************************************************************************

 **************************************************************************

                    xk=(   0.39167,   0.22613,   0.00000  )

     Band symmetry, C_s (m)     point group:

     e(  1 -  1) =    -45.32125  eV     1   --> A'             
     e(  2 -  2) =    -23.81444  eV     1   --> A'             
     e(  3 -  3) =    -23.55538  eV     1   --> A'             
     e(  4 -  4) =    -23.19681  eV     1   --> A''            
     e(  5 -  5) =    -20.57990  eV     1   --> A'             
     e(  6 -  6) =    -12.22842  eV     1   --> A'             
     e(  7 -  7) =     -3.13713  eV     1   --> A'             
     e(  8 -  8) =     -2.58539  eV     1   --> A'             
     e(  9 -  9) =     -2.52082  eV     1   --> A''            
     e( 10 - 10) =     -2.20500  eV     1   --> A'             
     e( 11 - 11) =     -0.67311  eV     1   --> A'             
     e( 12 - 12) =      0.59922  eV     1   --> A''            
     e( 13 - 13) =      3.46325  eV     1   --> A'             
     e( 14 - 14) =      6.17177  eV     1   --> A'             
     e( 15 - 15) =      6.85145  eV     1   --> A'             
     e( 16 - 16) =      7.35152  eV     1   --> A''            
     e( 17 - 17) =      7.89566  eV     1   --> A''            
     e( 18 - 18) =      8.83683  eV     1   --> A'             
     e( 19 - 19) =      9.89797  eV     1   --> A'             
     e( 20 - 20) =     10.92329  eV     1   --> A'             
     e( 21 - 21) =     11.94920  eV     1   --> A'             
     e( 22 - 22) =     12.57630  eV     1   --> A'             
     e( 23 - 23) =     13.52904  eV     1   --> A'             
     e( 24 - 24) =     15.06956  eV     1   --> A'             
     e( 25 - 25) =     15.45402  eV     1   --> A'             
     e( 26 - 26) =     15.74686  eV     1   --> A''            

 **************************************************************************

 **************************************************************************

                    xk=(   0.39583,   0.22853,   0.00000  )

     Band symmetry, C_s (m)     point group:

     e(  1 -  1) =    -45.32075  eV     1   --> A'             
     e(  2 -  2) =    -23.81825  eV     1   --> A'             
     e(  3 -  3) =    -23.55465  eV     1   --> A'             
     e(  4 -  4) =    -23.19781  eV     1   --> A''            
     e(  5 -  5) =    -20.57979  eV     1   --> A'             
     e(  6 -  6) =    -12.22035  eV     1   --> A'             
     e(  7 -  7) =     -3.14241  eV     1   --> A'             
     e(  8 -  8) =     -2.58576  eV     1   --> A'             
     e(  9 -  9) =     -2.52164  eV     1   --> A''            
     e( 10 - 10) =     -2.22611  eV     1   --> A'             
     e( 11 - 11) =     -0.66996  eV     1   --> A'             
     e( 12 - 12) =      0.59317  eV     1   --> A''            
     e( 13 - 13) =      3.45993  eV     1   --> A'             
     e( 14 - 14) =      6.18666  eV     1   --> A'             
     e( 15 - 15) =      6.85767  eV     1   --> A'             
     e( 16 - 16) =      7.36238  eV     1   --> A''            
     e( 17 - 17) =      7.91600  eV     1   --> A''            
     e( 18 - 18) =      8.88060  eV     1   --> A'             
     e( 19 - 19) =      9.90371  eV     1   --> A'             
     e( 20 - 20) =     10.93447  eV     1   --> A'             
     e( 21 - 21) =     11.95746  eV     1   --> A'             
     e( 22 - 22) =     12.57875  eV     1   --> A'             
     e( 23 - 23) =     13.47037  eV     1   --> A'             
     e( 24 - 24) =     15.03697  eV     1   --> A'             
     e( 25 - 25) =     15.39766  eV     1   --> A'             
     e( 26 - 26) =     15.71559  eV     1   --> A''            

 **************************************************************************

 **************************************************************************

                    xk=(   0.40000,   0.23094,   0.00000  )

     Band symmetry, C_s (m)     point group:

     e(  1 -  1) =    -45.32028  eV     1   --> A'             
     e(  2 -  2) =    -23.82199  eV     1   --> A'             
     e(  3 -  3) =    -23.55387  eV     1   --> A'             
     e(  4 -  4) =    -23.19878  eV     1   --> A''            
     e(  5 -  5) =    -20.57969  eV     1   --> A'             
     e(  6 -  6) =    -12.21252  eV     1   --> A'             
     e(  7 -  7) =     -3.14758  eV     1   --> A'             
     e(  8 -  8) =     -2.58649  eV     1   --> A'             
     e(  9 -  9) =     -2.52245  eV     1   --> A''            
     e( 10 - 10) =     -2.24610  eV     1   --> A'             
     e( 11 - 11) =     -0.66690  eV     1   --> A'             
     e( 12 - 12) =      0.58734  eV     1   --> A''            
     e( 13 - 13) =      3.45680  eV     1   --> A'             
     e( 14 - 14) =      6.20152  eV     1   --> A'             
     e( 15 - 15) =      6.86302  eV     1   --> A'             
     e( 16 - 16) =      7.37256  eV     1   --> A''            
     e( 17 - 17) =      7.93621  eV     1   --> A''            
     e( 18 - 18) =      8.92449  eV     1   --> A'             
     e( 19 - 19) =      9.90947  eV     1   --> A'             
     e( 20 - 20) =     10.94540  eV     1   --> A'             
     e( 21 - 21) =     11.96481  eV     1   --> A'             
     e( 22 - 22) =     12.58030  eV     1   --> A'             
     e( 23 - 23) =     13.41533  eV     1   --> A'             
     e( 24 - 24) =     15.00277  eV     1   --> A'             
     e( 25 - 25) =     15.34317  eV     1   --> A'             
     e( 26 - 26) =     15.68496  eV     1   --> A''            

 **************************************************************************

 **************************************************************************

                    xk=(   0.40417,   0.23335,   0.00000  )

     Band symmetry, C_s (m)     point group:

     e(  1 -  1) =    -45.31982  eV     1   --> A'             
     e(  2 -  2) =    -23.82566  eV     1   --> A'             
     e(  3 -  3) =    -23.55306  eV     1   --> A'             
     e(  4 -  4) =    -23.19972  eV     1   --> A''            
     e(  5 -  5) =    -20.57962  eV     1   --> A'             
     e(  6 -  6) =    -12.20496  eV     1   --> A'             
     e(  7 -  7) =     -3.15266  eV     1   --> A'             
     e(  8 -  8) =     -2.58758  eV     1   --> A'             
     e(  9 -  9) =     -2.52324  eV     1   --> A''            
     e( 10 - 10) =     -2.26493  eV     1   --> A'             
     e( 11 - 11) =     -0.66393  eV     1   --> A'             
     e( 12 - 12) =      0.58174  eV     1   --> A''            
     e( 13 - 13) =      3.45384  eV     1   --> A'             
     e( 14 - 14) =      6.21631  eV     1   --> A'             
     e( 15 - 15) =      6.86748  eV     1   --> A'             
     e( 16 - 16) =      7.38210  eV     1   --> A''            
     e( 17 - 17) =      7.95623  eV     1   --> A''            
     e( 18 - 18) =      8.96844  eV     1   --> A'             
     e( 19 - 19) =      9.91527  eV     1   --> A'             
     e( 20 - 20) =     10.95609  eV     1   --> A'             
     e( 21 - 21) =     11.97102  eV     1   --> A'             
     e( 22 - 22) =     12.58055  eV     1   --> A'             
     e( 23 - 23) =     13.36451  eV     1   --> A'             
     e( 24 - 24) =     14.96690  eV     1   --> A'             
     e( 25 - 25) =     15.29091  eV     1   --> A'             
     e( 26 - 26) =     15.65500  eV     1   --> A''            

 **************************************************************************

 **************************************************************************

                    xk=(   0.40833,   0.23575,   0.00000  )

     Band symmetry, C_s (m)     point group:

     e(  1 -  1) =    -45.31938  eV     1   --> A'             
     e(  2 -  2) =    -23.82923  eV     1   --> A'             
     e(  3 -  3) =    -23.55223  eV     1   --> A'             
     e(  4 -  4) =    -23.20062  eV     1   --> A''            
     e(  5 -  5) =    -20.57955  eV     1   --> A'             
     e(  6 -  6) =    -12.19765  eV     1   --> A'             
     e(  7 -  7) =     -3.15762  eV     1   --> A'             
     e(  8 -  8) =     -2.58902  eV     1   --> A'             
     e(  9 -  9) =     -2.52400  eV     1   --> A''            
     e( 10 - 10) =     -2.28261  eV     1   --> A'             
     e( 11 - 11) =     -0.66104  eV     1   --> A'             
     e( 12 - 12) =      0.57636  eV     1   --> A''            
     e( 13 - 13) =      3.45107  eV     1   --> A'             
     e( 14 - 14) =      6.23104  eV     1   --> A'             
     e( 15 - 15) =      6.87109  eV     1   --> A'             
     e( 16 - 16) =      7.39104  eV     1   --> A''            
     e( 17 - 17) =      7.97599  eV     1   --> A''            
     e( 18 - 18) =      9.01236  eV     1   --> A'             
     e( 19 - 19) =      9.92111  eV     1   --> A'             
     e( 20 - 20) =     10.96657  eV     1   --> A'             
     e( 21 - 21) =     11.97587  eV     1   --> A'             
     e( 22 - 22) =     12.57907  eV     1   --> A'             
     e( 23 - 23) =     13.31854  eV     1   --> A'             
     e( 24 - 24) =     14.92931  eV     1   --> A'             
     e( 25 - 25) =     15.24124  eV     1   --> A'             
     e( 26 - 26) =     15.62579  eV     1   --> A''            

 **************************************************************************

 **************************************************************************

                    xk=(   0.41250,   0.23816,   0.00000  )

     Band symmetry, C_s (m)     point group:

     e(  1 -  1) =    -45.31895  eV     1   --> A'             
     e(  2 -  2) =    -23.83270  eV     1   --> A'             
     e(  3 -  3) =    -23.55138  eV     1   --> A'             
     e(  4 -  4) =    -23.20149  eV     1   --> A''            
     e(  5 -  5) =    -20.57949  eV     1   --> A'             
     e(  6 -  6) =    -12.19061  eV     1   --> A'             
     e(  7 -  7) =     -3.16246  eV     1   --> A'             
     e(  8 -  8) =     -2.59081  eV     1   --> A'             
     e(  9 -  9) =     -2.52474  eV     1   --> A''            
     e( 10 - 10) =     -2.29910  eV     1   --> A'             
     e( 11 - 11) =     -0.65826  eV     1   --> A'             
     e( 12 - 12) =      0.57120  eV     1   --> A''            
     e( 13 - 13) =      3.44847  eV     1   --> A'             
     e( 14 - 14) =      6.24567  eV     1   --> A'             
     e( 15 - 15) =      6.87388  eV     1   --> A'             
     e( 16 - 16) =      7.39939  eV     1   --> A''            
     e( 17 - 17) =      7.99543  eV     1   --> A''            
     e( 18 - 18) =      9.05617  eV     1   --> A'             
     e( 19 - 19) =      9.92701  eV     1   --> A'             
     e( 20 - 20) =     10.97688  eV     1   --> A'             
     e( 21 - 21) =     11.97908  eV     1   --> A'             
     e( 22 - 22) =     12.57548  eV     1   --> A'             
     e( 23 - 23) =     13.27803  eV     1   --> A'             
     e( 24 - 24) =     14.88994  eV     1   --> A'             
     e( 25 - 25) =     15.19446  eV     1   --> A'             
     e( 26 - 26) =     15.59737  eV     1   --> A''            

 **************************************************************************

 **************************************************************************

                    xk=(   0.41667,   0.24056,   0.00000  )

     Band symmetry, C_s (m)     point group:

     e(  1 -  1) =    -45.31855  eV     1   --> A'             
     e(  2 -  2) =    -23.83605  eV     1   --> A'             
     e(  3 -  3) =    -23.55052  eV     1   --> A'             
     e(  4 -  4) =    -23.20232  eV     1   --> A''            
     e(  5 -  5) =    -20.57945  eV     1   --> A'             
     e(  6 -  6) =    -12.18384  eV     1   --> A'             
     e(  7 -  7) =     -3.16715  eV     1   --> A'             
     e(  8 -  8) =     -2.59295  eV     1   --> A'             
     e(  9 -  9) =     -2.52545  eV     1   --> A''            
     e( 10 - 10) =     -2.31442  eV     1   --> A'             
     e( 11 - 11) =     -0.65557  eV     1   --> A'             
     e( 12 - 12) =      0.56627  eV     1   --> A''            
     e( 13 - 13) =      3.44604  eV     1   --> A'             
     e( 14 - 14) =      6.26018  eV     1   --> A'             
     e( 15 - 15) =      6.87586  eV     1   --> A'             
     e( 16 - 16) =      7.40719  eV     1   --> A''            
     e( 17 - 17) =      8.01447  eV     1   --> A''            
     e( 18 - 18) =      9.09978  eV     1   --> A'             
     e( 19 - 19) =      9.93295  eV     1   --> A'             
     e( 20 - 20) =     10.98704  eV     1   --> A'             
     e( 21 - 21) =     11.98035  eV     1   --> A'             
     e( 22 - 22) =     12.56948  eV     1   --> A'             
     e( 23 - 23) =     13.24356  eV     1   --> A'             
     e( 24 - 24) =     14.84879  eV     1   --> A'             
     e( 25 - 25) =     15.15079  eV     1   --> A'             
     e( 26 - 26) =     15.56981  eV     1   --> A''            

 **************************************************************************

 **************************************************************************

                    xk=(   0.42083,   0.24297,   0.00000  )

     Band symmetry, C_s (m)     point group:

     e(  1 -  1) =    -45.31816  eV     1   --> A'             
     e(  2 -  2) =    -23.83930  eV     1   --> A'             
     e(  3 -  3) =    -23.54967  eV     1   --> A'             
     e(  4 -  4) =    -23.20311  eV     1   --> A''            
     e(  5 -  5) =    -20.57941  eV     1   --> A'             
     e(  6 -  6) =    -12.17736  eV     1   --> A'             
     e(  7 -  7) =     -3.17173  eV     1   --> A'             
     e(  8 -  8) =     -2.59544  eV     1   --> A'             
     e(  9 -  9) =     -2.52615  eV     1   --> A''            
     e( 10 - 10) =     -2.32856  eV     1   --> A'             
     e( 11 - 11) =     -0.65299  eV     1   --> A'             
     e( 12 - 12) =      0.56157  eV     1   --> A''            
     e( 13 - 13) =      3.44376  eV     1   --> A'             
     e( 14 - 14) =      6.27452  eV     1   --> A'             
     e( 15 - 15) =      6.87706  eV     1   --> A'             
     e( 16 - 16) =      7.41447  eV     1   --> A''            
     e( 17 - 17) =      8.03303  eV     1   --> A''            
     e( 18 - 18) =      9.14306  eV     1   --> A'             
     e( 19 - 19) =      9.93893  eV     1   --> A'             
     e( 20 - 20) =     10.99711  eV     1   --> A'             
     e( 21 - 21) =     11.97936  eV     1   --> A'             
     e( 22 - 22) =     12.56098  eV     1   --> A'             
     e( 23 - 23) =     13.21552  eV     1   --> A'             
     e( 24 - 24) =     14.80599  eV     1   --> A'             
     e( 25 - 25) =     15.11036  eV     1   --> A'             
     e( 26 - 26) =     15.54315  eV     1   --> A''            

 **************************************************************************

 **************************************************************************

                    xk=(   0.42500,   0.24537,   0.00000  )

     Band symmetry, C_s (m)     point group:

     e(  1 -  1) =    -45.31779  eV     1   --> A'             
     e(  2 -  2) =    -23.84242  eV     1   --> A'             
     e(  3 -  3) =    -23.54882  eV     1   --> A'             
     e(  4 -  4) =    -23.20387  eV     1   --> A''            
     e(  5 -  5) =    -20.57938  eV     1   --> A'             
     e(  6 -  6) =    -12.17116  eV     1   --> A'             
     e(  7 -  7) =     -3.17614  eV     1   --> A'             
     e(  8 -  8) =     -2.59823  eV     1   --> A'             
     e(  9 -  9) =     -2.52680  eV     1   --> A''            
     e( 10 - 10) =     -2.34154  eV     1   --> A'             
     e( 11 - 11) =     -0.65052  eV     1   --> A'             
     e( 12 - 12) =      0.55710  eV     1   --> A''            
     e( 13 - 13) =      3.44165  eV     1   --> A'             
     e( 14 - 14) =      6.28870  eV     1   --> A'             
     e( 15 - 15) =      6.87753  eV     1   --> A'             
     e( 16 - 16) =      7.42125  eV     1   --> A''            
     e( 17 - 17) =      8.05107  eV     1   --> A''            
     e( 18 - 18) =      9.18592  eV     1   --> A'             
     e( 19 - 19) =      9.94492  eV     1   --> A'             
     e( 20 - 20) =     11.00714  eV     1   --> A'             
     e( 21 - 21) =     11.97577  eV     1   --> A'             
     e( 22 - 22) =     12.55009  eV     1   --> A'             
     e( 23 - 23) =     13.19410  eV     1   --> A'             
     e( 24 - 24) =     14.76173  eV     1   --> A'             
     e( 25 - 25) =     15.07317  eV     1   --> A'             
     e( 26 - 26) =     15.51747  eV     1   --> A''            

 **************************************************************************

 **************************************************************************

                    xk=(   0.42917,   0.24778,   0.00000  )

     Band symmetry, C_s (m)     point group:

     e(  1 -  1) =    -45.31744  eV     1   --> A'             
     e(  2 -  2) =    -23.84540  eV     1   --> A'             
     e(  3 -  3) =    -23.54799  eV     1   --> A'             
     e(  4 -  4) =    -23.20458  eV     1   --> A''            
     e(  5 -  5) =    -20.57937  eV     1   --> A'             
     e(  6 -  6) =    -12.16527  eV     1   --> A'             
     e(  7 -  7) =     -3.18041  eV     1   --> A'             
     e(  8 -  8) =     -2.60134  eV     1   --> A'             
     e(  9 -  9) =     -2.52743  eV     1   --> A''            
     e( 10 - 10) =     -2.35338  eV     1   --> A'             
     e( 11 - 11) =     -0.64817  eV     1   --> A'             
     e( 12 - 12) =      0.55287  eV     1   --> A''            
     e( 13 - 13) =      3.43969  eV     1   --> A'             
     e( 14 - 14) =      6.30264  eV     1   --> A'             
     e( 15 - 15) =      6.87731  eV     1   --> A'             
     e( 16 - 16) =      7.42754  eV     1   --> A''            
     e( 17 - 17) =      8.06853  eV     1   --> A''            
     e( 18 - 18) =      9.22821  eV     1   --> A'             
     e( 19 - 19) =      9.95090  eV     1   --> A'             
     e( 20 - 20) =     11.01719  eV     1   --> A'             
     e( 21 - 21) =     11.96925  eV     1   --> A'             
     e( 22 - 22) =     12.53722  eV     1   --> A'             
     e( 23 - 23) =     13.17921  eV     1   --> A'             
     e( 24 - 24) =     14.71632  eV     1   --> A'             
     e( 25 - 25) =     15.03912  eV     1   --> A'             
     e( 26 - 26) =     15.49280  eV     1   --> A''            

 **************************************************************************

 **************************************************************************

                    xk=(   0.43333,   0.25019,   0.00000  )

     Band symmetry, C_s (m)     point group:

     e(  1 -  1) =    -45.31711  eV     1   --> A'             
     e(  2 -  2) =    -23.84824  eV     1   --> A'             
     e(  3 -  3) =    -23.54717  eV     1   --> A'             
     e(  4 -  4) =    -23.20526  eV     1   --> A''            
     e(  5 -  5) =    -20.57935  eV     1   --> A'             
     e(  6 -  6) =    -12.15967  eV     1   --> A'             
     e(  7 -  7) =     -3.18450  eV     1   --> A'             
     e(  8 -  8) =     -2.60469  eV     1   --> A'             
     e(  9 -  9) =     -2.52803  eV     1   --> A''            
     e( 10 - 10) =     -2.36411  eV     1   --> A'             
     e( 11 - 11) =     -0.64593  eV     1   --> A'             
     e( 12 - 12) =      0.54887  eV     1   --> A''            
     e( 13 - 13) =      3.43788  eV     1   --> A'             
     e( 14 - 14) =      6.31633  eV     1   --> A'             
     e( 15 - 15) =      6.87645  eV     1   --> A'             
     e( 16 - 16) =      7.43337  eV     1   --> A''            
     e( 17 - 17) =      8.08532  eV     1   --> A''            
     e( 18 - 18) =      9.26978  eV     1   --> A'             
     e( 19 - 19) =      9.95685  eV     1   --> A'             
     e( 20 - 20) =     11.02731  eV     1   --> A'             
     e( 21 - 21) =     11.95951  eV     1   --> A'             
     e( 22 - 22) =     12.52301  eV     1   --> A'             
     e( 23 - 23) =     13.17049  eV     1   --> A'             
     e( 24 - 24) =     14.67012  eV     1   --> A'             
     e( 25 - 25) =     15.00802  eV     1   --> A'             
     e( 26 - 26) =     15.46922  eV     1   --> A''            

 **************************************************************************

 **************************************************************************

                    xk=(   0.43750,   0.25259,   0.00000  )

     Band symmetry, C_s (m)     point group:

     e(  1 -  1) =    -45.31679  eV     1   --> A'             
     e(  2 -  2) =    -23.85093  eV     1   --> A'             
     e(  3 -  3) =    -23.54638  eV     1   --> A'             
     e(  4 -  4) =    -23.20590  eV     1   --> A''            
     e(  5 -  5) =    -20.57934  eV     1   --> A'             
     e(  6 -  6) =    -12.15438  eV     1   --> A'             
     e(  7 -  7) =     -3.18842  eV     1   --> A'             
     e(  8 -  8) =     -2.60824  eV     1   --> A'             
     e(  9 -  9) =     -2.52859  eV     1   --> A''            
     e( 10 - 10) =     -2.37378  eV     1   --> A'             
     e( 11 - 11) =     -0.64382  eV     1   --> A'             
     e( 12 - 12) =      0.54510  eV     1   --> A''            
     e( 13 - 13) =      3.43620  eV     1   --> A'             
     e( 14 - 14) =      6.32972  eV     1   --> A'             
     e( 15 - 15) =      6.87501  eV     1   --> A'             
     e( 16 - 16) =      7.43877  eV     1   --> A''            
     e( 17 - 17) =      8.10142  eV     1   --> A''            
     e( 18 - 18) =      9.31048  eV     1   --> A'             
     e( 19 - 19) =      9.96272  eV     1   --> A'             
     e( 20 - 20) =     11.03756  eV     1   --> A'             
     e( 21 - 21) =     11.94635  eV     1   --> A'             
     e( 22 - 22) =     12.50822  eV     1   --> A'             
     e( 23 - 23) =     13.16735  eV     1   --> A'             
     e( 24 - 24) =     14.62352  eV     1   --> A'             
     e( 25 - 25) =     14.97969  eV     1   --> A'             
     e( 26 - 26) =     15.44676  eV     1   --> A''            

 **************************************************************************

 **************************************************************************

                    xk=(   0.44167,   0.25500,   0.00000  )

     Band symmetry, C_s (m)     point group:

     e(  1 -  1) =    -45.31650  eV     1   --> A'             
     e(  2 -  2) =    -23.85347  eV     1   --> A'             
     e(  3 -  3) =    -23.54563  eV     1   --> A'             
     e(  4 -  4) =    -23.20650  eV     1   --> A''            
     e(  5 -  5) =    -20.57934  eV     1   --> A'             
     e(  6 -  6) =    -12.14940  eV     1   --> A'             
     e(  7 -  7) =     -3.19215  eV     1   --> A'             
     e(  8 -  8) =     -2.61195  eV     1   --> A'             
     e(  9 -  9) =     -2.52913  eV     1   --> A''            
     e( 10 - 10) =     -2.38243  eV     1   --> A'             
     e( 11 - 11) =     -0.64182  eV     1   --> A'             
     e( 12 - 12) =      0.54157  eV     1   --> A''            
     e( 13 - 13) =      3.43467  eV     1   --> A'             
     e( 14 - 14) =      6.34275  eV     1   --> A'             
     e( 15 - 15) =      6.87304  eV     1   --> A'             
     e( 16 - 16) =      7.44374  eV     1   --> A''            
     e( 17 - 17) =      8.11674  eV     1   --> A''            
     e( 18 - 18) =      9.35012  eV     1   --> A'             
     e( 19 - 19) =      9.96849  eV     1   --> A'             
     e( 20 - 20) =     11.04802  eV     1   --> A'             
     e( 21 - 21) =     11.92967  eV     1   --> A'             
     e( 22 - 22) =     12.49362  eV     1   --> A'             
     e( 23 - 23) =     13.16911  eV     1   --> A'             
     e( 24 - 24) =     14.57693  eV     1   --> A'             
     e( 25 - 25) =     14.95392  eV     1   --> A'             
     e( 26 - 26) =     15.42548  eV     1   --> A''            

 **************************************************************************

 **************************************************************************

                    xk=(   0.44583,   0.25740,   0.00000  )

     Band symmetry, C_s (m)     point group:

     e(  1 -  1) =    -45.31622  eV     1   --> A'             
     e(  2 -  2) =    -23.85585  eV     1   --> A'             
     e(  3 -  3) =    -23.54490  eV     1   --> A'             
     e(  4 -  4) =    -23.20706  eV     1   --> A''            
     e(  5 -  5) =    -20.57934  eV     1   --> A'             
     e(  6 -  6) =    -12.14475  eV     1   --> A'             
     e(  7 -  7) =     -3.19567  eV     1   --> A'             
     e(  8 -  8) =     -2.61576  eV     1   --> A'             
     e(  9 -  9) =     -2.52963  eV     1   --> A''            
     e( 10 - 10) =     -2.39012  eV     1   --> A'             
     e( 11 - 11) =     -0.63995  eV     1   --> A'             
     e( 12 - 12) =      0.53828  eV     1   --> A''            
     e( 13 - 13) =      3.43327  eV     1   --> A'             
     e( 14 - 14) =      6.35539  eV     1   --> A'             
     e( 15 - 15) =      6.87063  eV     1   --> A'             
     e( 16 - 16) =      7.44831  eV     1   --> A''            
     e( 17 - 17) =      8.13125  eV     1   --> A''            
     e( 18 - 18) =      9.38852  eV     1   --> A'             
     e( 19 - 19) =      9.97410  eV     1   --> A'             
     e( 20 - 20) =     11.05873  eV     1   --> A'             
     e( 21 - 21) =     11.90958  eV     1   --> A'             
     e( 22 - 22) =     12.47987  eV     1   --> A'             
     e( 23 - 23) =     13.17501  eV     1   --> A'             
     e( 24 - 24) =     14.53073  eV     1   --> A'             
     e( 25 - 25) =     14.93052  eV     1   --> A'             
     e( 26 - 26) =     15.40543  eV     1   --> A''            

 **************************************************************************

 **************************************************************************

                    xk=(   0.45000,   0.25981,   0.00000  )

     Band symmetry, C_s (m)     point group:

     e(  1 -  1) =    -45.31597  eV     1   --> A'             
     e(  2 -  2) =    -23.85808  eV     1   --> A'             
     e(  3 -  3) =    -23.54422  eV     1   --> A'             
     e(  4 -  4) =    -23.20759  eV     1   --> A''            
     e(  5 -  5) =    -20.57934  eV     1   --> A'             
     e(  6 -  6) =    -12.14041  eV     1   --> A'             
     e(  7 -  7) =     -3.19899  eV     1   --> A'             
     e(  8 -  8) =     -2.61960  eV     1   --> A'             
     e(  9 -  9) =     -2.53009  eV     1   --> A''            
     e( 10 - 10) =     -2.39693  eV     1   --> A'             
     e( 11 - 11) =     -0.63821  eV     1   --> A'             
     e( 12 - 12) =      0.53523  eV     1   --> A''            
     e( 13 - 13) =      3.43199  eV     1   --> A'             
     e( 14 - 14) =      6.36756  eV     1   --> A'             
     e( 15 - 15) =      6.86784  eV     1   --> A'             
     e( 16 - 16) =      7.45249  eV     1   --> A''            
     e( 17 - 17) =      8.14489  eV     1   --> A''            
     e( 18 - 18) =      9.42547  eV     1   --> A'             
     e( 19 - 19) =      9.97953  eV     1   --> A'             
     e( 20 - 20) =     11.06976  eV     1   --> A'             
     e( 21 - 21) =     11.88633  eV     1   --> A'             
     e( 22 - 22) =     12.46745  eV     1   --> A'             
     e( 23 - 23) =     13.18432  eV     1   --> A'             
     e( 24 - 24) =     14.48530  eV     1   --> A'             
     e( 25 - 25) =     14.90933  eV     1   --> A'             
     e( 26 - 26) =     15.38666  eV     1   --> A''            

 **************************************************************************

 **************************************************************************

                    xk=(   0.45417,   0.26221,   0.00000  )

     Band symmetry, C_s (m)     point group:

     e(  1 -  1) =    -45.31573  eV     1   --> A'             
     e(  2 -  2) =    -23.86014  eV     1   --> A'             
     e(  3 -  3) =    -23.54359  eV     1   --> A'             
     e(  4 -  4) =    -23.20807  eV     1   --> A''            
     e(  5 -  5) =    -20.57935  eV     1   --> A'             
     e(  6 -  6) =    -12.13641  eV     1   --> A'             
     e(  7 -  7) =     -3.20210  eV     1   --> A'             
     e(  8 -  8) =     -2.62341  eV     1   --> A'             
     e(  9 -  9) =     -2.53054  eV     1   --> A''            
     e( 10 - 10) =     -2.40291  eV     1   --> A'             
     e( 11 - 11) =     -0.63660  eV     1   --> A'             
     e( 12 - 12) =      0.53242  eV     1   --> A''            
     e( 13 - 13) =      3.43082  eV     1   --> A'             
     e( 14 - 14) =      6.37920  eV     1   --> A'             
     e( 15 - 15) =      6.86473  eV     1   --> A'             
     e( 16 - 16) =      7.45628  eV     1   --> A''            
     e( 17 - 17) =      8.15761  eV     1   --> A''            
     e( 18 - 18) =      9.46075  eV     1   --> A'             
     e( 19 - 19) =      9.98472  eV     1   --> A'             
     e( 20 - 20) =     11.08113  eV     1   --> A'             
     e( 21 - 21) =     11.86036  eV     1   --> A'             
     e( 22 - 22) =     12.45661  eV     1   --> A'             
     e( 23 - 23) =     13.19633  eV     1   --> A'             
     e( 24 - 24) =     14.44100  eV     1   --> A'             
     e( 25 - 25) =     14.89019  eV     1   --> A'             
     e( 26 - 26) =     15.36921  eV     1   --> A''            

 **************************************************************************

 **************************************************************************

                    xk=(   0.45833,   0.26462,   0.00000  )

     Band symmetry, C_s (m)     point group:

     e(  1 -  1) =    -45.31552  eV     1   --> A'             
     e(  2 -  2) =    -23.86204  eV     1   --> A'             
     e(  3 -  3) =    -23.54299  eV     1   --> A'             
     e(  4 -  4) =    -23.20851  eV     1   --> A''            
     e(  5 -  5) =    -20.57936  eV     1   --> A'             
     e(  6 -  6) =    -12.13274  eV     1   --> A'             
     e(  7 -  7) =     -3.20498  eV     1   --> A'             
     e(  8 -  8) =     -2.62712  eV     1   --> A'             
     e(  9 -  9) =     -2.53094  eV     1   --> A''            
     e( 10 - 10) =     -2.40812  eV     1   --> A'             
     e( 11 - 11) =     -0.63513  eV     1   --> A'             
     e( 12 - 12) =      0.52985  eV     1   --> A''            
     e( 13 - 13) =      3.42978  eV     1   --> A'             
     e( 14 - 14) =      6.39025  eV     1   --> A'             
     e( 15 - 15) =      6.86142  eV     1   --> A'             
     e( 16 - 16) =      7.45971  eV     1   --> A''            
     e( 17 - 17) =      8.16937  eV     1   --> A''            
     e( 18 - 18) =      9.49412  eV     1   --> A'             
     e( 19 - 19) =      9.98963  eV     1   --> A'             
     e( 20 - 20) =     11.09287  eV     1   --> A'             
     e( 21 - 21) =     11.83226  eV     1   --> A'             
     e( 22 - 22) =     12.44744  eV     1   --> A'             
     e( 23 - 23) =     13.21037  eV     1   --> A'             
     e( 24 - 24) =     14.39821  eV     1   --> A'             
     e( 25 - 25) =     14.87302  eV     1   --> A'             
     e( 26 - 26) =     15.35312  eV     1   --> A''            

 **************************************************************************

 **************************************************************************

                    xk=(   0.46250,   0.26702,   0.00000  )

     Band symmetry, C_s (m)     point group:

     e(  1 -  1) =    -45.31533  eV     1   --> A'             
     e(  2 -  2) =    -23.86376  eV     1   --> A'             
     e(  3 -  3) =    -23.54244  eV     1   --> A'             
     e(  4 -  4) =    -23.20891  eV     1   --> A''            
     e(  5 -  5) =    -20.57937  eV     1   --> A'             
     e(  6 -  6) =    -12.12941  eV     1   --> A'             
     e(  7 -  7) =     -3.20763  eV     1   --> A'             
     e(  8 -  8) =     -2.63068  eV     1   --> A'             
     e(  9 -  9) =     -2.53131  eV     1   --> A''            
     e( 10 - 10) =     -2.41264  eV     1   --> A'             
     e( 11 - 11) =     -0.63379  eV     1   --> A'             
     e( 12 - 12) =      0.52752  eV     1   --> A''            
     e( 13 - 13) =      3.42885  eV     1   --> A'             
     e( 14 - 14) =      6.40062  eV     1   --> A'             
     e( 15 - 15) =      6.85799  eV     1   --> A'             
     e( 16 - 16) =      7.46278  eV     1   --> A''            
     e( 17 - 17) =      8.18015  eV     1   --> A''            
     e( 18 - 18) =      9.52536  eV     1   --> A'             
     e( 19 - 19) =      9.99421  eV     1   --> A'             
     e( 20 - 20) =     11.10496  eV     1   --> A'             
     e( 21 - 21) =     11.80272  eV     1   --> A'             
     e( 22 - 22) =     12.43987  eV     1   --> A'             
     e( 23 - 23) =     13.22584  eV     1   --> A'             
     e( 24 - 24) =     14.35730  eV     1   --> A'             
     e( 25 - 25) =     14.85770  eV     1   --> A'             
     e( 26 - 26) =     15.33844  eV     1   --> A''            

 **************************************************************************

 **************************************************************************

                    xk=(   0.46667,   0.26943,   0.00000  )

     Band symmetry, C_s (m)     point group:

     e(  1 -  1) =    -45.31515  eV     1   --> A'             
     e(  2 -  2) =    -23.86530  eV     1   --> A'             
     e(  3 -  3) =    -23.54194  eV     1   --> A'             
     e(  4 -  4) =    -23.20927  eV     1   --> A''            
     e(  5 -  5) =    -20.57937  eV     1   --> A'             
     e(  6 -  6) =    -12.12641  eV     1   --> A'             
     e(  7 -  7) =     -3.21000  eV     1   --> A'             
     e(  8 -  8) =     -2.63400  eV     1   --> A'             
     e(  9 -  9) =     -2.53163  eV     1   --> A''            
     e( 10 - 10) =     -2.41651  eV     1   --> A'             
     e( 11 - 11) =     -0.63258  eV     1   --> A'             
     e( 12 - 12) =      0.52544  eV     1   --> A''            
     e( 13 - 13) =      3.42804  eV     1   --> A'             
     e( 14 - 14) =      6.41025  eV     1   --> A'             
     e( 15 - 15) =      6.85455  eV     1   --> A'             
     e( 16 - 16) =      7.46551  eV     1   --> A''            
     e( 17 - 17) =      8.18989  eV     1   --> A''            
     e( 18 - 18) =      9.55421  eV     1   --> A'             
     e( 19 - 19) =      9.99844  eV     1   --> A'             
     e( 20 - 20) =     11.11734  eV     1   --> A'             
     e( 21 - 21) =     11.77252  eV     1   --> A'             
     e( 22 - 22) =     12.43377  eV     1   --> A'             
     e( 23 - 23) =     13.24212  eV     1   --> A'             
     e( 24 - 24) =     14.31867  eV     1   --> A'             
     e( 25 - 25) =     14.84416  eV     1   --> A'             
     e( 26 - 26) =     15.32521  eV     1   --> A''            

 **************************************************************************

 **************************************************************************

                    xk=(   0.47083,   0.27184,   0.00000  )

     Band symmetry, C_s (m)     point group:

     e(  1 -  1) =    -45.31499  eV     1   --> A'             
     e(  2 -  2) =    -23.86667  eV     1   --> A'             
     e(  3 -  3) =    -23.54150  eV     1   --> A'             
     e(  4 -  4) =    -23.20959  eV     1   --> A''            
     e(  5 -  5) =    -20.57938  eV     1   --> A'             
     e(  6 -  6) =    -12.12376  eV     1   --> A'             
     e(  7 -  7) =     -3.21213  eV     1   --> A'             
     e(  8 -  8) =     -2.63706  eV     1   --> A'             
     e(  9 -  9) =     -2.53192  eV     1   --> A''            
     e( 10 - 10) =     -2.41980  eV     1   --> A'             
     e( 11 - 11) =     -0.63152  eV     1   --> A'             
     e( 12 - 12) =      0.52360  eV     1   --> A''            
     e( 13 - 13) =      3.42732  eV     1   --> A'             
     e( 14 - 14) =      6.41904  eV     1   --> A'             
     e( 15 - 15) =      6.85119  eV     1   --> A'             
     e( 16 - 16) =      7.46790  eV     1   --> A''            
     e( 17 - 17) =      8.19856  eV     1   --> A''            
     e( 18 - 18) =      9.58042  eV     1   --> A'             
     e( 19 - 19) =     10.00225  eV     1   --> A'             
     e( 20 - 20) =     11.12987  eV     1   --> A'             
     e( 21 - 21) =     11.74246  eV     1   --> A'             
     e( 22 - 22) =     12.42894  eV     1   --> A'             
     e( 23 - 23) =     13.25861  eV     1   --> A'             
     e( 24 - 24) =     14.28276  eV     1   --> A'             
     e( 25 - 25) =     14.83235  eV     1   --> A'             
     e( 26 - 26) =     15.31344  eV     1   --> A''            

 **************************************************************************

 **************************************************************************

                    xk=(   0.47500,   0.27424,   0.00000  )

     Band symmetry, C_s (m)     point group:

     e(  1 -  1) =    -45.31486  eV     1   --> A'             
     e(  2 -  2) =    -23.86787  eV     1   --> A'             
     e(  3 -  3) =    -23.54111  eV     1   --> A'             
     e(  4 -  4) =    -23.20986  eV     1   --> A''            
     e(  5 -  5) =    -20.57939  eV     1   --> A'             
     e(  6 -  6) =    -12.12146  eV     1   --> A'             
     e(  7 -  7) =     -3.21400  eV     1   --> A'             
     e(  8 -  8) =     -2.63981  eV     1   --> A'             
     e(  9 -  9) =     -2.53217  eV     1   --> A''            
     e( 10 - 10) =     -2.42256  eV     1   --> A'             
     e( 11 - 11) =     -0.63059  eV     1   --> A'             
     e( 12 - 12) =      0.52200  eV     1   --> A''            
     e( 13 - 13) =      3.42671  eV     1   --> A'             
     e( 14 - 14) =      6.42690  eV     1   --> A'             
     e( 15 - 15) =      6.84798  eV     1   --> A'             
     e( 16 - 16) =      7.46996  eV     1   --> A''            
     e( 17 - 17) =      8.20613  eV     1   --> A''            
     e( 18 - 18) =      9.60375  eV     1   --> A'             
     e( 19 - 19) =     10.00563  eV     1   --> A'             
     e( 20 - 20) =     11.14234  eV     1   --> A'             
     e( 21 - 21) =     11.71340  eV     1   --> A'             
     e( 22 - 22) =     12.42520  eV     1   --> A'             
     e( 23 - 23) =     13.27473  eV     1   --> A'             
     e( 24 - 24) =     14.25004  eV     1   --> A'             
     e( 25 - 25) =     14.82220  eV     1   --> A'             
     e( 26 - 26) =     15.30319  eV     1   --> A''            

 **************************************************************************

 **************************************************************************

                    xk=(   0.47917,   0.27665,   0.00000  )

     Band symmetry, C_s (m)     point group:

     e(  1 -  1) =    -45.31474  eV     1   --> A'             
     e(  2 -  2) =    -23.86888  eV     1   --> A'             
     e(  3 -  3) =    -23.54078  eV     1   --> A'             
     e(  4 -  4) =    -23.21009  eV     1   --> A''            
     e(  5 -  5) =    -20.57940  eV     1   --> A'             
     e(  6 -  6) =    -12.11951  eV     1   --> A'             
     e(  7 -  7) =     -3.21560  eV     1   --> A'             
     e(  8 -  8) =     -2.64220  eV     1   --> A'             
     e(  9 -  9) =     -2.53238  eV     1   --> A''            
     e( 10 - 10) =     -2.42482  eV     1   --> A'             
     e( 11 - 11) =     -0.62980  eV     1   --> A'             
     e( 12 - 12) =      0.52065  eV     1   --> A''            
     e( 13 - 13) =      3.42620  eV     1   --> A'             
     e( 14 - 14) =      6.43374  eV     1   --> A'             
     e( 15 - 15) =      6.84506  eV     1   --> A'             
     e( 16 - 16) =      7.47169  eV     1   --> A''            
     e( 17 - 17) =      8.21259  eV     1   --> A''            
     e( 18 - 18) =      9.62395  eV     1   --> A'             
     e( 19 - 19) =     10.00854  eV     1   --> A'             
     e( 20 - 20) =     11.15443  eV     1   --> A'             
     e( 21 - 21) =     11.68626  eV     1   --> A'             
     e( 22 - 22) =     12.42234  eV     1   --> A'             
     e( 23 - 23) =     13.28985  eV     1   --> A'             
     e( 24 - 24) =     14.22101  eV     1   --> A'             
     e( 25 - 25) =     14.81368  eV     1   --> A'             
     e( 26 - 26) =     15.29446  eV     1   --> A''            

 **************************************************************************

 **************************************************************************

                    xk=(   0.48333,   0.27905,   0.00000  )

     Band symmetry, C_s (m)     point group:

     e(  1 -  1) =    -45.31465  eV     1   --> A'             
     e(  2 -  2) =    -23.86971  eV     1   --> A'             
     e(  3 -  3) =    -23.54051  eV     1   --> A'             
     e(  4 -  4) =    -23.21029  eV     1   --> A''            
     e(  5 -  5) =    -20.57940  eV     1   --> A'             
     e(  6 -  6) =    -12.11791  eV     1   --> A'             
     e(  7 -  7) =     -3.21691  eV     1   --> A'             
     e(  8 -  8) =     -2.64421  eV     1   --> A'             
     e(  9 -  9) =     -2.53256  eV     1   --> A''            
     e( 10 - 10) =     -2.42663  eV     1   --> A'             
     e( 11 - 11) =     -0.62916  eV     1   --> A'             
     e( 12 - 12) =      0.51954  eV     1   --> A''            
     e( 13 - 13) =      3.42578  eV     1   --> A'             
     e( 14 - 14) =      6.43947  eV     1   --> A'             
     e( 15 - 15) =      6.84251  eV     1   --> A'             
     e( 16 - 16) =      7.47310  eV     1   --> A''            
     e( 17 - 17) =      8.21790  eV     1   --> A''            
     e( 18 - 18) =      9.64082  eV     1   --> A'             
     e( 19 - 19) =     10.01096  eV     1   --> A'             
     e( 20 - 20) =     11.16567  eV     1   --> A'             
     e( 21 - 21) =     11.66199  eV     1   --> A'             
     e( 22 - 22) =     12.42022  eV     1   --> A'             
     e( 23 - 23) =     13.30337  eV     1   --> A'             
     e( 24 - 24) =     14.19622  eV     1   --> A'             
     e( 25 - 25) =     14.80675  eV     1   --> A'             
     e( 26 - 26) =     15.28729  eV     1   --> A''            

 **************************************************************************

 **************************************************************************

                    xk=(   0.48750,   0.28146,   0.00000  )

     Band symmetry, C_s (m)     point group:

     e(  1 -  1) =    -45.31458  eV     1   --> A'             
     e(  2 -  2) =    -23.87036  eV     1   --> A'             
     e(  3 -  3) =    -23.54030  eV     1   --> A'             
     e(  4 -  4) =    -23.21044  eV     1   --> A''            
     e(  5 -  5) =    -20.57941  eV     1   --> A'             
     e(  6 -  6) =    -12.11667  eV     1   --> A'             
     e(  7 -  7) =     -3.21794  eV     1   --> A'             
     e(  8 -  8) =     -2.64580  eV     1   --> A'             
     e(  9 -  9) =     -2.53270  eV     1   --> A''            
     e( 10 - 10) =     -2.42800  eV     1   --> A'             
     e( 11 - 11) =     -0.62866  eV     1   --> A'             
     e( 12 - 12) =      0.51868  eV     1   --> A''            
     e( 13 - 13) =      3.42546  eV     1   --> A'             
     e( 14 - 14) =      6.44403  eV     1   --> A'             
     e( 15 - 15) =      6.84043  eV     1   --> A'             
     e( 16 - 16) =      7.47418  eV     1   --> A''            
     e( 17 - 17) =      8.22204  eV     1   --> A''            
     e( 18 - 18) =      9.65416  eV     1   --> A'             
     e( 19 - 19) =     10.01286  eV     1   --> A'             
     e( 20 - 20) =     11.17548  eV     1   --> A'             
     e( 21 - 21) =     11.64160  eV     1   --> A'             
     e( 22 - 22) =     12.41871  eV     1   --> A'             
     e( 23 - 23) =     13.31468  eV     1   --> A'             
     e( 24 - 24) =     14.17620  eV     1   --> A'             
     e( 25 - 25) =     14.80139  eV     1   --> A'             
     e( 26 - 26) =     15.28170  eV     1   --> A''            

 **************************************************************************

 **************************************************************************

                    xk=(   0.49167,   0.28386,   0.00000  )

     Band symmetry, C_s (m)     point group:

     e(  1 -  1) =    -45.31453  eV     1   --> A'             
     e(  2 -  2) =    -23.87083  eV     1   --> A'             
     e(  3 -  3) =    -23.54015  eV     1   --> A'             
     e(  4 -  4) =    -23.21054  eV     1   --> A''            
     e(  5 -  5) =    -20.57941  eV     1   --> A'             
     e(  6 -  6) =    -12.11577  eV     1   --> A'             
     e(  7 -  7) =     -3.21867  eV     1   --> A'             
     e(  8 -  8) =     -2.64694  eV     1   --> A'             
     e(  9 -  9) =     -2.53279  eV     1   --> A''            
     e( 10 - 10) =     -2.42897  eV     1   --> A'             
     e( 11 - 11) =     -0.62830  eV     1   --> A'             
     e( 12 - 12) =      0.51806  eV     1   --> A''            
     e( 13 - 13) =      3.42523  eV     1   --> A'             
     e( 14 - 14) =      6.44733  eV     1   --> A'             
     e( 15 - 15) =      6.83888  eV     1   --> A'             
     e( 16 - 16) =      7.47497  eV     1   --> A''            
     e( 17 - 17) =      8.22502  eV     1   --> A''            
     e( 18 - 18) =      9.66381  eV     1   --> A'             
     e( 19 - 19) =     10.01422  eV     1   --> A'             
     e( 20 - 20) =     11.18321  eV     1   --> A'             
     e( 21 - 21) =     11.62608  eV     1   --> A'             
     e( 22 - 22) =     12.41770  eV     1   --> A'             
     e( 23 - 23) =     13.32322  eV     1   --> A'             
     e( 24 - 24) =     14.16146  eV     1   --> A'             
     e( 25 - 25) =     14.79757  eV     1   --> A'             
     e( 26 - 26) =     15.27769  eV     1   --> A''            

 **************************************************************************

 **************************************************************************

                    xk=(   0.49583,   0.28627,   0.00000  )

     Band symmetry, C_s (m)     point group:

     e(  1 -  1) =    -45.31450  eV     1   --> A'             
     e(  2 -  2) =    -23.87110  eV     1   --> A'             
     e(  3 -  3) =    -23.54006  eV     1   --> A'             
     e(  4 -  4) =    -23.21060  eV     1   --> A''            
     e(  5 -  5) =    -20.57942  eV     1   --> A'             
     e(  6 -  6) =    -12.11524  eV     1   --> A'             
     e(  7 -  7) =     -3.21912  eV     1   --> A'             
     e(  8 -  8) =     -2.64764  eV     1   --> A'             
     e(  9 -  9) =     -2.53285  eV     1   --> A''            
     e( 10 - 10) =     -2.42954  eV     1   --> A'             
     e( 11 - 11) =     -0.62808  eV     1   --> A'             
     e( 12 - 12) =      0.51769  eV     1   --> A''            
     e( 13 - 13) =      3.42509  eV     1   --> A'             
     e( 14 - 14) =      6.44934  eV     1   --> A'             
     e( 15 - 15) =      6.83793  eV     1   --> A'             
     e( 16 - 16) =      7.47543  eV     1   --> A''            
     e( 17 - 17) =      8.22681  eV     1   --> A''            
     e( 18 - 18) =      9.66965  eV     1   --> A'             
     e( 19 - 19) =     10.01505  eV     1   --> A'             
     e( 20 - 20) =     11.18818  eV     1   --> A'             
     e( 21 - 21) =     11.61633  eV     1   --> A'             
     e( 22 - 22) =     12.41712  eV     1   --> A'             
     e( 23 - 23) =     13.32855  eV     1   --> A'             
     e( 24 - 24) =     14.15242  eV     1   --> A'             
     e( 25 - 25) =     14.79529  eV     1   --> A'             
     e( 26 - 26) =     15.27528  eV     1   --> A''            

 **************************************************************************

 **************************************************************************

                    xk=(   0.50000,   0.28868,   0.00000  )

     Band symmetry, C_s (m)     point group:

     e(  1 -  1) =    -45.31448  eV     1   --> A'             
     e(  2 -  2) =    -23.87119  eV     1   --> A'             
     e(  3 -  3) =    -23.54003  eV     1   --> A'             
     e(  4 -  4) =    -23.21062  eV     1   --> A''            
     e(  5 -  5) =    -20.57942  eV     1   --> A'             
     e(  6 -  6) =    -12.11506  eV     1   --> A'             
     e(  7 -  7) =     -3.21925  eV     1   --> A'             
     e(  8 -  8) =     -2.64787  eV     1   --> A'             
     e(  9 -  9) =     -2.53286  eV     1   --> A''            
     e( 10 - 10) =     -2.42973  eV     1   --> A'             
     e( 11 - 11) =     -0.62801  eV     1   --> A'             
     e( 12 - 12) =      0.51757  eV     1   --> A''            
     e( 13 - 13) =      3.42505  eV     1   --> A'             
     e( 14 - 14) =      6.45002  eV     1   --> A'             
     e( 15 - 15) =      6.83761  eV     1   --> A'             
     e( 16 - 16) =      7.47559  eV     1   --> A''            
     e( 17 - 17) =      8.22742  eV     1   --> A''            
     e( 18 - 18) =      9.67161  eV     1   --> A'             
     e( 19 - 19) =     10.01532  eV     1   --> A'             
     e( 20 - 20) =     11.18990  eV     1   --> A'             
     e( 21 - 21) =     11.61301  eV     1   --> A'             
     e( 22 - 22) =     12.41693  eV     1   --> A'             
     e( 23 - 23) =     13.33036  eV     1   --> A'             
     e( 24 - 24) =     14.14938  eV     1   --> A'             
     e( 25 - 25) =     14.79453  eV     1   --> A'             
     e( 26 - 26) =     15.27448  eV     1   --> A''            

 **************************************************************************

 **************************************************************************

                    xk=(   0.49861,   0.29108,   0.00000  )

     point group C_1 (1)    
     there are  1 classes
     the character table:

       E    
A      1.00

     the symmetry operations in each class and the name of the first element:

     E        1
                                                                 

     Band symmetry, C_1 (1)     point group:

     e(  1 -  1) =    -45.31448  eV     1   --> A              
     e(  2 -  2) =    -23.87118  eV     1   --> A              
     e(  3 -  3) =    -23.54003  eV     1   --> A              
     e(  4 -  4) =    -23.21066  eV     1   --> A              
     e(  5 -  5) =    -20.57941  eV     1   --> A              
     e(  6 -  6) =    -12.11504  eV     1   --> A              
     e(  7 -  7) =     -3.21920  eV     1   --> A              
     e(  8 -  8) =     -2.64798  eV     1   --> A              
     e(  9 -  9) =     -2.53289  eV     1   --> A              
     e( 10 - 10) =     -2.42958  eV     1   --> A              
     e( 11 - 11) =     -0.62802  eV     1   --> A              
     e( 12 - 12) =      0.51724  eV     1   --> A              
     e( 13 - 13) =      3.42522  eV     1   --> A              
     e( 14 - 14) =      6.45008  eV     1   --> A              
     e( 15 - 15) =      6.83761  eV     1   --> A              
     e( 16 - 16) =      7.47545  eV     1   --> A              
     e( 17 - 17) =      8.22708  eV     1   --> A              
     e( 18 - 18) =      9.67210  eV     1   --> A              
     e( 19 - 19) =     10.01564  eV     1   --> A              
     e( 20 - 20) =     11.19009  eV     1   --> A              
     e( 21 - 21) =     11.61305  eV     1   --> A              
     e( 22 - 22) =     12.41698  eV     1   --> A              
     e( 23 - 23) =     13.33035  eV     1   --> A              
     e( 24 - 24) =     14.14926  eV     1   --> A              
     e( 25 - 25) =     14.79458  eV     1   --> A              
     e( 26 - 26) =     15.27430  eV     1   --> A              

 **************************************************************************

 **************************************************************************

                    xk=(   0.49722,   0.29349,   0.00000  )

     Band symmetry, C_1 (1)     point group:

     e(  1 -  1) =    -45.31448  eV     1   --> A              
     e(  2 -  2) =    -23.87113  eV     1   --> A              
     e(  3 -  3) =    -23.54001  eV     1   --> A              
     e(  4 -  4) =    -23.21076  eV     1   --> A              
     e(  5 -  5) =    -20.57939  eV     1   --> A              
     e(  6 -  6) =    -12.11498  eV     1   --> A              
     e(  7 -  7) =     -3.21903  eV     1   --> A              
     e(  8 -  8) =     -2.64830  eV     1   --> A              
     e(  9 -  9) =     -2.53295  eV     1   --> A              
     e( 10 - 10) =     -2.42910  eV     1   --> A              
     e( 11 - 11) =     -0.62803  eV     1   --> A              
     e( 12 - 12) =      0.51626  eV     1   --> A              
     e( 13 - 13) =      3.42576  eV     1   --> A              
     e( 14 - 14) =      6.45029  eV     1   --> A              
     e( 15 - 15) =      6.83761  eV     1   --> A              
     e( 16 - 16) =      7.47504  eV     1   --> A              
     e( 17 - 17) =      8.22610  eV     1   --> A              
     e( 18 - 18) =      9.67357  eV     1   --> A              
     e( 19 - 19) =     10.01661  eV     1   --> A              
     e( 20 - 20) =     11.19066  eV     1   --> A              
     e( 21 - 21) =     11.61319  eV     1   --> A              
     e( 22 - 22) =     12.41713  eV     1   --> A              
     e( 23 - 23) =     13.33033  eV     1   --> A              
     e( 24 - 24) =     14.14892  eV     1   --> A              
     e( 25 - 25) =     14.79472  eV     1   --> A              
     e( 26 - 26) =     15.27379  eV     1   --> A              

 **************************************************************************

 **************************************************************************

                    xk=(   0.49583,   0.29589,   0.00000  )

     Band symmetry, C_1 (1)     point group:

     e(  1 -  1) =    -45.31447  eV     1   --> A              
     e(  2 -  2) =    -23.87106  eV     1   --> A              
     e(  3 -  3) =    -23.53999  eV     1   --> A              
     e(  4 -  4) =    -23.21094  eV     1   --> A              
     e(  5 -  5) =    -20.57937  eV     1   --> A              
     e(  6 -  6) =    -12.11489  eV     1   --> A              
     e(  7 -  7) =     -3.21876  eV     1   --> A              
     e(  8 -  8) =     -2.64884  eV     1   --> A              
     e(  9 -  9) =     -2.53306  eV     1   --> A              
     e( 10 - 10) =     -2.42832  eV     1   --> A              
     e( 11 - 11) =     -0.62804  eV     1   --> A              
     e( 12 - 12) =      0.51462  eV     1   --> A              
     e( 13 - 13) =      3.42666  eV     1   --> A              
     e( 14 - 14) =      6.45062  eV     1   --> A              
     e( 15 - 15) =      6.83761  eV     1   --> A              
     e( 16 - 16) =      7.47436  eV     1   --> A              
     e( 17 - 17) =      8.22447  eV     1   --> A              
     e( 18 - 18) =      9.67601  eV     1   --> A              
     e( 19 - 19) =     10.01821  eV     1   --> A              
     e( 20 - 20) =     11.19162  eV     1   --> A              
     e( 21 - 21) =     11.61341  eV     1   --> A              
     e( 22 - 22) =     12.41738  eV     1   --> A              
     e( 23 - 23) =     13.33029  eV     1   --> A              
     e( 24 - 24) =     14.14834  eV     1   --> A              
     e( 25 - 25) =     14.79495  eV     1   --> A              
     e( 26 - 26) =     15.27293  eV     1   --> A              

 **************************************************************************

 **************************************************************************

                    xk=(   0.49444,   0.29830,   0.00000  )

     Band symmetry, C_1 (1)     point group:

     e(  1 -  1) =    -45.31447  eV     1   --> A              
     e(  2 -  2) =    -23.87095  eV     1   --> A              
     e(  3 -  3) =    -23.53996  eV     1   --> A              
     e(  4 -  4) =    -23.21119  eV     1   --> A              
     e(  5 -  5) =    -20.57933  eV     1   --> A              
     e(  6 -  6) =    -12.11476  eV     1   --> A              
     e(  7 -  7) =     -3.21838  eV     1   --> A              
     e(  8 -  8) =     -2.64960  eV     1   --> A              
     e(  9 -  9) =     -2.53320  eV     1   --> A              
     e( 10 - 10) =     -2.42724  eV     1   --> A              
     e( 11 - 11) =     -0.62807  eV     1   --> A              
     e( 12 - 12) =      0.51233  eV     1   --> A              
     e( 13 - 13) =      3.42791  eV     1   --> A              
     e( 14 - 14) =      6.45109  eV     1   --> A              
     e( 15 - 15) =      6.83761  eV     1   --> A              
     e( 16 - 16) =      7.47341  eV     1   --> A              
     e( 17 - 17) =      8.22218  eV     1   --> A              
     e( 18 - 18) =      9.67941  eV     1   --> A              
     e( 19 - 19) =     10.02047  eV     1   --> A              
     e( 20 - 20) =     11.19295  eV     1   --> A              
     e( 21 - 21) =     11.61372  eV     1   --> A              
     e( 22 - 22) =     12.41773  eV     1   --> A              
     e( 23 - 23) =     13.33023  eV     1   --> A              
     e( 24 - 24) =     14.14754  eV     1   --> A              
     e( 25 - 25) =     14.79527  eV     1   --> A              
     e( 26 - 26) =     15.27173  eV     1   --> A              

 **************************************************************************

 **************************************************************************

                    xk=(   0.49306,   0.30070,   0.00000  )

     Band symmetry, C_1 (1)     point group:

     e(  1 -  1) =    -45.31446  eV     1   --> A              
     e(  2 -  2) =    -23.87082  eV     1   --> A              
     e(  3 -  3) =    -23.53992  eV     1   --> A              
     e(  4 -  4) =    -23.21149  eV     1   --> A              
     e(  5 -  5) =    -20.57928  eV     1   --> A              
     e(  6 -  6) =    -12.11459  eV     1   --> A              
     e(  7 -  7) =     -3.21789  eV     1   --> A              
     e(  8 -  8) =     -2.65056  eV     1   --> A              
     e(  9 -  9) =     -2.53336  eV     1   --> A              
     e( 10 - 10) =     -2.42586  eV     1   --> A              
     e( 11 - 11) =     -0.62810  eV     1   --> A              
     e( 12 - 12) =      0.50939  eV     1   --> A              
     e( 13 - 13) =      3.42952  eV     1   --> A              
     e( 14 - 14) =      6.45169  eV     1   --> A              
     e( 15 - 15) =      6.83761  eV     1   --> A              
     e( 16 - 16) =      7.47220  eV     1   --> A              
     e( 17 - 17) =      8.21928  eV     1   --> A              
     e( 18 - 18) =      9.68374  eV     1   --> A              
     e( 19 - 19) =     10.02337  eV     1   --> A              
     e( 20 - 20) =     11.19467  eV     1   --> A              
     e( 21 - 21) =     11.61412  eV     1   --> A              
     e( 22 - 22) =     12.41818  eV     1   --> A              
     e( 23 - 23) =     13.33016  eV     1   --> A              
     e( 24 - 24) =     14.14652  eV     1   --> A              
     e( 25 - 25) =     14.79569  eV     1   --> A              
     e( 26 - 26) =     15.27021  eV     1   --> A              

 **************************************************************************

 **************************************************************************

                    xk=(   0.49167,   0.30311,   0.00000  )

     Band symmetry, C_1 (1)     point group:

     e(  1 -  1) =    -45.31444  eV     1   --> A              
     e(  2 -  2) =    -23.87066  eV     1   --> A              
     e(  3 -  3) =    -23.53987  eV     1   --> A              
     e(  4 -  4) =    -23.21188  eV     1   --> A              
     e(  5 -  5) =    -20.57922  eV     1   --> A              
     e(  6 -  6) =    -12.11438  eV     1   --> A              
     e(  7 -  7) =     -3.21729  eV     1   --> A              
     e(  8 -  8) =     -2.65172  eV     1   --> A              
     e(  9 -  9) =     -2.53355  eV     1   --> A              
     e( 10 - 10) =     -2.42421  eV     1   --> A              
     e( 11 - 11) =     -0.62814  eV     1   --> A              
     e( 12 - 12) =      0.50580  eV     1   --> A              
     e( 13 - 13) =      3.43147  eV     1   --> A              
     e( 14 - 14) =      6.45242  eV     1   --> A              
     e( 15 - 15) =      6.83760  eV     1   --> A              
     e( 16 - 16) =      7.47073  eV     1   --> A              
     e( 17 - 17) =      8.21576  eV     1   --> A              
     e( 18 - 18) =      9.68899  eV     1   --> A              
     e( 19 - 19) =     10.02693  eV     1   --> A              
     e( 20 - 20) =     11.19677  eV     1   --> A              
     e( 21 - 21) =     11.61461  eV     1   --> A              
     e( 22 - 22) =     12.41872  eV     1   --> A              
     e( 23 - 23) =     13.33006  eV     1   --> A              
     e( 24 - 24) =     14.14527  eV     1   --> A              
     e( 25 - 25) =     14.79620  eV     1   --> A              
     e( 26 - 26) =     15.26837  eV     1   --> A              

 **************************************************************************

 **************************************************************************

                    xk=(   0.49028,   0.30551,   0.00000  )

     Band symmetry, C_1 (1)     point group:

     e(  1 -  1) =    -45.31443  eV     1   --> A              
     e(  2 -  2) =    -23.87047  eV     1   --> A              
     e(  3 -  3) =    -23.53982  eV     1   --> A              
     e(  4 -  4) =    -23.21232  eV     1   --> A              
     e(  5 -  5) =    -20.57915  eV     1   --> A              
     e(  6 -  6) =    -12.11414  eV     1   --> A              
     e(  7 -  7) =     -3.21658  eV     1   --> A              
     e(  8 -  8) =     -2.65308  eV     1   --> A              
     e(  9 -  9) =     -2.53375  eV     1   --> A              
     e( 10 - 10) =     -2.42229  eV     1   --> A              
     e( 11 - 11) =     -0.62819  eV     1   --> A              
     e( 12 - 12) =      0.50157  eV     1   --> A              
     e( 13 - 13) =      3.43379  eV     1   --> A              
     e( 14 - 14) =      6.45328  eV     1   --> A              
     e( 15 - 15) =      6.83759  eV     1   --> A              
     e( 16 - 16) =      7.46900  eV     1   --> A              
     e( 17 - 17) =      8.21164  eV     1   --> A              
     e( 18 - 18) =      9.69513  eV     1   --> A              
     e( 19 - 19) =     10.03114  eV     1   --> A              
     e( 20 - 20) =     11.19925  eV     1   --> A              
     e( 21 - 21) =     11.61520  eV     1   --> A              
     e( 22 - 22) =     12.41936  eV     1   --> A              
     e( 23 - 23) =     13.32994  eV     1   --> A              
     e( 24 - 24) =     14.14382  eV     1   --> A              
     e( 25 - 25) =     14.79680  eV     1   --> A              
     e( 26 - 26) =     15.26621  eV     1   --> A              

 **************************************************************************

 **************************************************************************

                    xk=(   0.48889,   0.30792,   0.00000  )

     Band symmetry, C_1 (1)     point group:

     e(  1 -  1) =    -45.31441  eV     1   --> A              
     e(  2 -  2) =    -23.87025  eV     1   --> A              
     e(  3 -  3) =    -23.53976  eV     1   --> A              
     e(  4 -  4) =    -23.21284  eV     1   --> A              
     e(  5 -  5) =    -20.57907  eV     1   --> A              
     e(  6 -  6) =    -12.11386  eV     1   --> A              
     e(  7 -  7) =     -3.21576  eV     1   --> A              
     e(  8 -  8) =     -2.65462  eV     1   --> A              
     e(  9 -  9) =     -2.53397  eV     1   --> A              
     e( 10 - 10) =     -2.42011  eV     1   --> A              
     e( 11 - 11) =     -0.62824  eV     1   --> A              
     e( 12 - 12) =      0.49671  eV     1   --> A              
     e( 13 - 13) =      3.43644  eV     1   --> A              
     e( 14 - 14) =      6.45426  eV     1   --> A              
     e( 15 - 15) =      6.83758  eV     1   --> A              
     e( 16 - 16) =      7.46701  eV     1   --> A              
     e( 17 - 17) =      8.20695  eV     1   --> A              
     e( 18 - 18) =      9.70213  eV     1   --> A              
     e( 19 - 19) =     10.03602  eV     1   --> A              
     e( 20 - 20) =     11.20212  eV     1   --> A              
     e( 21 - 21) =     11.61587  eV     1   --> A              
     e( 22 - 22) =     12.42009  eV     1   --> A              
     e( 23 - 23) =     13.32979  eV     1   --> A              
     e( 24 - 24) =     14.14216  eV     1   --> A              
     e( 25 - 25) =     14.79749  eV     1   --> A              
     e( 26 - 26) =     15.26376  eV     1   --> A              

 **************************************************************************

 **************************************************************************

                    xk=(   0.48750,   0.31033,   0.00000  )

     Band symmetry, C_1 (1)     point group:

     e(  1 -  1) =    -45.31439  eV     1   --> A              
     e(  2 -  2) =    -23.87000  eV     1   --> A              
     e(  3 -  3) =    -23.53969  eV     1   --> A              
     e(  4 -  4) =    -23.21344  eV     1   --> A              
     e(  5 -  5) =    -20.57897  eV     1   --> A              
     e(  6 -  6) =    -12.11354  eV     1   --> A              
     e(  7 -  7) =     -3.21484  eV     1   --> A              
     e(  8 -  8) =     -2.65635  eV     1   --> A              
     e(  9 -  9) =     -2.53421  eV     1   --> A              
     e( 10 - 10) =     -2.41769  eV     1   --> A              
     e( 11 - 11) =     -0.62830  eV     1   --> A              
     e( 12 - 12) =      0.49121  eV     1   --> A              
     e( 13 - 13) =      3.43943  eV     1   --> A              
     e( 14 - 14) =      6.45537  eV     1   --> A              
     e( 15 - 15) =      6.83755  eV     1   --> A              
     e( 16 - 16) =      7.46477  eV     1   --> A              
     e( 17 - 17) =      8.20170  eV     1   --> A              
     e( 18 - 18) =      9.70994  eV     1   --> A              
     e( 19 - 19) =     10.04157  eV     1   --> A              
     e( 20 - 20) =     11.20538  eV     1   --> A              
     e( 21 - 21) =     11.61662  eV     1   --> A              
     e( 22 - 22) =     12.42091  eV     1   --> A              
     e( 23 - 23) =     13.32962  eV     1   --> A              
     e( 24 - 24) =     14.14031  eV     1   --> A              
     e( 25 - 25) =     14.79827  eV     1   --> A              
     e( 26 - 26) =     15.26102  eV     1   --> A              

 **************************************************************************

 **************************************************************************

                    xk=(   0.48611,   0.31273,   0.00000  )

     Band symmetry, C_1 (1)     point group:

     e(  1 -  1) =    -45.31437  eV     1   --> A              
     e(  2 -  2) =    -23.86971  eV     1   --> A              
     e(  3 -  3) =    -23.53962  eV     1   --> A              
     e(  4 -  4) =    -23.21409  eV     1   --> A              
     e(  5 -  5) =    -20.57887  eV     1   --> A              
     e(  6 -  6) =    -12.11318  eV     1   --> A              
     e(  7 -  7) =     -3.21380  eV     1   --> A              
     e(  8 -  8) =     -2.65825  eV     1   --> A              
     e(  9 -  9) =     -2.53442  eV     1   --> A              
     e( 10 - 10) =     -2.41505  eV     1   --> A              
     e( 11 - 11) =     -0.62837  eV     1   --> A              
     e( 12 - 12) =      0.48509  eV     1   --> A              
     e( 13 - 13) =      3.44277  eV     1   --> A              
     e( 14 - 14) =      6.45660  eV     1   --> A              
     e( 15 - 15) =      6.83752  eV     1   --> A              
     e( 16 - 16) =      7.46230  eV     1   --> A              
     e( 17 - 17) =      8.19593  eV     1   --> A              
     e( 18 - 18) =      9.71853  eV     1   --> A              
     e( 19 - 19) =     10.04779  eV     1   --> A              
     e( 20 - 20) =     11.20903  eV     1   --> A              
     e( 21 - 21) =     11.61748  eV     1   --> A              
     e( 22 - 22) =     12.42182  eV     1   --> A              
     e( 23 - 23) =     13.32941  eV     1   --> A              
     e( 24 - 24) =     14.13827  eV     1   --> A              
     e( 25 - 25) =     14.79914  eV     1   --> A              
     e( 26 - 26) =     15.25801  eV     1   --> A              

 **************************************************************************

 **************************************************************************

                    xk=(   0.48472,   0.31514,   0.00000  )

     Band symmetry, C_1 (1)     point group:

     e(  1 -  1) =    -45.31434  eV     1   --> A              
     e(  2 -  2) =    -23.86940  eV     1   --> A              
     e(  3 -  3) =    -23.53953  eV     1   --> A              
     e(  4 -  4) =    -23.21482  eV     1   --> A              
     e(  5 -  5) =    -20.57876  eV     1   --> A              
     e(  6 -  6) =    -12.11279  eV     1   --> A              
     e(  7 -  7) =     -3.21267  eV     1   --> A              
     e(  8 -  8) =     -2.66031  eV     1   --> A              
     e(  9 -  9) =     -2.53464  eV     1   --> A              
     e( 10 - 10) =     -2.41219  eV     1   --> A              
     e( 11 - 11) =     -0.62844  eV     1   --> A              
     e( 12 - 12) =      0.47835  eV     1   --> A              
     e( 13 - 13) =      3.44644  eV     1   --> A              
     e( 14 - 14) =      6.45793  eV     1   --> A              
     e( 15 - 15) =      6.83747  eV     1   --> A              
     e( 16 - 16) =      7.45959  eV     1   --> A              
     e( 17 - 17) =      8.18964  eV     1   --> A              
     e( 18 - 18) =      9.72786  eV     1   --> A              
     e( 19 - 19) =     10.05471  eV     1   --> A              
     e( 20 - 20) =     11.21307  eV     1   --> A              
     e( 21 - 21) =     11.61842  eV     1   --> A              
     e( 22 - 22) =     12.42281  eV     1   --> A              
     e( 23 - 23) =     13.32916  eV     1   --> A              
     e( 24 - 24) =     14.13605  eV     1   --> A              
     e( 25 - 25) =     14.80010  eV     1   --> A              
     e( 26 - 26) =     15.25475  eV     1   --> A              

 **************************************************************************

 **************************************************************************

                    xk=(   0.48333,   0.31754,   0.00000  )

     Band symmetry, C_1 (1)     point group:

     e(  1 -  1) =    -45.31432  eV     1   --> A              
     e(  2 -  2) =    -23.86906  eV     1   --> A              
     e(  3 -  3) =    -23.53944  eV     1   --> A              
     e(  4 -  4) =    -23.21561  eV     1   --> A              
     e(  5 -  5) =    -20.57863  eV     1   --> A              
     e(  6 -  6) =    -12.11236  eV     1   --> A              
     e(  7 -  7) =     -3.21143  eV     1   --> A              
     e(  8 -  8) =     -2.66252  eV     1   --> A              
     e(  9 -  9) =     -2.53485  eV     1   --> A              
     e( 10 - 10) =     -2.40914  eV     1   --> A              
     e( 11 - 11) =     -0.62853  eV     1   --> A              
     e( 12 - 12) =      0.47101  eV     1   --> A              
     e( 13 - 13) =      3.45044  eV     1   --> A              
     e( 14 - 14) =      6.45939  eV     1   --> A              
     e( 15 - 15) =      6.83741  eV     1   --> A              
     e( 16 - 16) =      7.45666  eV     1   --> A              
     e( 17 - 17) =      8.18288  eV     1   --> A              
     e( 18 - 18) =      9.73788  eV     1   --> A              
     e( 19 - 19) =     10.06232  eV     1   --> A              
     e( 20 - 20) =     11.21751  eV     1   --> A              
     e( 21 - 21) =     11.61944  eV     1   --> A              
     e( 22 - 22) =     12.42389  eV     1   --> A              
     e( 23 - 23) =     13.32888  eV     1   --> A              
     e( 24 - 24) =     14.13366  eV     1   --> A              
     e( 25 - 25) =     14.80114  eV     1   --> A              
     e( 26 - 26) =     15.25126  eV     1   --> A              

 **************************************************************************

 **************************************************************************

                    xk=(   0.48194,   0.31995,   0.00000  )

     Band symmetry, C_1 (1)     point group:

     e(  1 -  1) =    -45.31429  eV     1   --> A              
     e(  2 -  2) =    -23.86869  eV     1   --> A              
     e(  3 -  3) =    -23.53934  eV     1   --> A              
     e(  4 -  4) =    -23.21647  eV     1   --> A              
     e(  5 -  5) =    -20.57850  eV     1   --> A              
     e(  6 -  6) =    -12.11189  eV     1   --> A              
     e(  7 -  7) =     -3.21008  eV     1   --> A              
     e(  8 -  8) =     -2.66487  eV     1   --> A              
     e(  9 -  9) =     -2.53504  eV     1   --> A              
     e( 10 - 10) =     -2.40590  eV     1   --> A              
     e( 11 - 11) =     -0.62862  eV     1   --> A              
     e( 12 - 12) =      0.46306  eV     1   --> A              
     e( 13 - 13) =      3.45476  eV     1   --> A              
     e( 14 - 14) =      6.46094  eV     1   --> A              
     e( 15 - 15) =      6.83733  eV     1   --> A              
     e( 16 - 16) =      7.45352  eV     1   --> A              
     e( 17 - 17) =      8.17566  eV     1   --> A              
     e( 18 - 18) =      9.74854  eV     1   --> A              
     e( 19 - 19) =     10.07063  eV     1   --> A              
     e( 20 - 20) =     11.22234  eV     1   --> A              
     e( 21 - 21) =     11.62056  eV     1   --> A              
     e( 22 - 22) =     12.42504  eV     1   --> A              
     e( 23 - 23) =     13.32854  eV     1   --> A              
     e( 24 - 24) =     14.13112  eV     1   --> A              
     e( 25 - 25) =     14.80227  eV     1   --> A              
     e( 26 - 26) =     15.24754  eV     1   --> A              

 **************************************************************************

 **************************************************************************

                    xk=(   0.48056,   0.32235,   0.00000  )

     Band symmetry, C_1 (1)     point group:

     e(  1 -  1) =    -45.31426  eV     1   --> A              
     e(  2 -  2) =    -23.86830  eV     1   --> A              
     e(  3 -  3) =    -23.53923  eV     1   --> A              
     e(  4 -  4) =    -23.21740  eV     1   --> A              
     e(  5 -  5) =    -20.57835  eV     1   --> A              
     e(  6 -  6) =    -12.11139  eV     1   --> A              
     e(  7 -  7) =     -3.20864  eV     1   --> A              
     e(  8 -  8) =     -2.66736  eV     1   --> A              
     e(  9 -  9) =     -2.53521  eV     1   --> A              
     e( 10 - 10) =     -2.40249  eV     1   --> A              
     e( 11 - 11) =     -0.62872  eV     1   --> A              
     e( 12 - 12) =      0.45453  eV     1   --> A              
     e( 13 - 13) =      3.45941  eV     1   --> A              
     e( 14 - 14) =      6.46260  eV     1   --> A              
     e( 15 - 15) =      6.83723  eV     1   --> A              
     e( 16 - 16) =      7.45017  eV     1   --> A              
     e( 17 - 17) =      8.16802  eV     1   --> A              
     e( 18 - 18) =      9.75978  eV     1   --> A              
     e( 19 - 19) =     10.07967  eV     1   --> A              
     e( 20 - 20) =     11.22757  eV     1   --> A              
     e( 21 - 21) =     11.62177  eV     1   --> A              
     e( 22 - 22) =     12.42627  eV     1   --> A              
     e( 23 - 23) =     13.32816  eV     1   --> A              
     e( 24 - 24) =     14.12845  eV     1   --> A              
     e( 25 - 25) =     14.80349  eV     1   --> A              
     e( 26 - 26) =     15.24363  eV     1   --> A              

 **************************************************************************

 **************************************************************************

                    xk=(   0.47917,   0.32476,   0.00000  )

     Band symmetry, C_1 (1)     point group:

     e(  1 -  1) =    -45.31423  eV     1   --> A              
     e(  2 -  2) =    -23.86787  eV     1   --> A              
     e(  3 -  3) =    -23.53912  eV     1   --> A              
     e(  4 -  4) =    -23.21839  eV     1   --> A              
     e(  5 -  5) =    -20.57820  eV     1   --> A              
     e(  6 -  6) =    -12.11086  eV     1   --> A              
     e(  7 -  7) =     -3.20710  eV     1   --> A              
     e(  8 -  8) =     -2.66997  eV     1   --> A              
     e(  9 -  9) =     -2.53536  eV     1   --> A              
     e( 10 - 10) =     -2.39893  eV     1   --> A              
     e( 11 - 11) =     -0.62882  eV     1   --> A              
     e( 12 - 12) =      0.44541  eV     1   --> A              
     e( 13 - 13) =      3.46436  eV     1   --> A              
     e( 14 - 14) =      6.46436  eV     1   --> A              
     e( 15 - 15) =      6.83711  eV     1   --> A              
     e( 16 - 16) =      7.44662  eV     1   --> A              
     e( 17 - 17) =      8.15998  eV     1   --> A              
     e( 18 - 18) =      9.77156  eV     1   --> A              
     e( 19 - 19) =     10.08943  eV     1   --> A              
     e( 20 - 20) =     11.23321  eV     1   --> A              
     e( 21 - 21) =     11.62307  eV     1   --> A              
     e( 22 - 22) =     12.42757  eV     1   --> A              
     e( 23 - 23) =     13.32772  eV     1   --> A              
     e( 24 - 24) =     14.12565  eV     1   --> A              
     e( 25 - 25) =     14.80478  eV     1   --> A              
     e( 26 - 26) =     15.23954  eV     1   --> A              

 **************************************************************************

 **************************************************************************

                    xk=(   0.47778,   0.32717,   0.00000  )

     Band symmetry, C_1 (1)     point group:

     e(  1 -  1) =    -45.31419  eV     1   --> A              
     e(  2 -  2) =    -23.86742  eV     1   --> A              
     e(  3 -  3) =    -23.53900  eV     1   --> A              
     e(  4 -  4) =    -23.21945  eV     1   --> A              
     e(  5 -  5) =    -20.57804  eV     1   --> A              
     e(  6 -  6) =    -12.11028  eV     1   --> A              
     e(  7 -  7) =     -3.20545  eV     1   --> A              
     e(  8 -  8) =     -2.67269  eV     1   --> A              
     e(  9 -  9) =     -2.53549  eV     1   --> A              
     e( 10 - 10) =     -2.39521  eV     1   --> A              
     e( 11 - 11) =     -0.62894  eV     1   --> A              
     e( 12 - 12) =      0.43573  eV     1   --> A              
     e( 13 - 13) =      3.46962  eV     1   --> A              
     e( 14 - 14) =      6.46621  eV     1   --> A              
     e( 15 - 15) =      6.83695  eV     1   --> A              
     e( 16 - 16) =      7.44290  eV     1   --> A              
     e( 17 - 17) =      8.15158  eV     1   --> A              
     e( 18 - 18) =      9.78383  eV     1   --> A              
     e( 19 - 19) =     10.09994  eV     1   --> A              
     e( 20 - 20) =     11.23925  eV     1   --> A              
     e( 21 - 21) =     11.62446  eV     1   --> A              
     e( 22 - 22) =     12.42893  eV     1   --> A              
     e( 23 - 23) =     13.32723  eV     1   --> A              
     e( 24 - 24) =     14.12274  eV     1   --> A              
     e( 25 - 25) =     14.80615  eV     1   --> A              
     e( 26 - 26) =     15.23528  eV     1   --> A              

 **************************************************************************

 **************************************************************************

                    xk=(   0.47639,   0.32957,   0.00000  )

     Band symmetry, C_1 (1)     point group:

     e(  1 -  1) =    -45.31415  eV     1   --> A              
     e(  2 -  2) =    -23.86693  eV     1   --> A              
     e(  3 -  3) =    -23.53887  eV     1   --> A              
     e(  4 -  4) =    -23.22057  eV     1   --> A              
     e(  5 -  5) =    -20.57786  eV     1   --> A              
     e(  6 -  6) =    -12.10967  eV     1   --> A              
     e(  7 -  7) =     -3.20370  eV     1   --> A              
     e(  8 -  8) =     -2.67551  eV     1   --> A              
     e(  9 -  9) =     -2.53558  eV     1   --> A              
     e( 10 - 10) =     -2.39135  eV     1   --> A              
     e( 11 - 11) =     -0.62906  eV     1   --> A              
     e( 12 - 12) =      0.42548  eV     1   --> A              
     e( 13 - 13) =      3.47518  eV     1   --> A              
     e( 14 - 14) =      6.46815  eV     1   --> A              
     e( 15 - 15) =      6.83677  eV     1   --> A              
     e( 16 - 16) =      7.43901  eV     1   --> A              
     e( 17 - 17) =      8.14285  eV     1   --> A              
     e( 18 - 18) =      9.79652  eV     1   --> A              
     e( 19 - 19) =     10.11120  eV     1   --> A              
     e( 20 - 20) =     11.24570  eV     1   --> A              
     e( 21 - 21) =     11.62594  eV     1   --> A              
     e( 22 - 22) =     12.43035  eV     1   --> A              
     e( 23 - 23) =     13.32667  eV     1   --> A              
     e( 24 - 24) =     14.11974  eV     1   --> A              
     e( 25 - 25) =     14.80761  eV     1   --> A              
     e( 26 - 26) =     15.23089  eV     1   --> A              

 **************************************************************************

 **************************************************************************

                    xk=(   0.47500,   0.33198,   0.00000  )

     Band symmetry, C_1 (1)     point group:

     e(  1 -  1) =    -45.31412  eV     1   --> A              
     e(  2 -  2) =    -23.86643  eV     1   --> A              
     e(  3 -  3) =    -23.53874  eV     1   --> A              
     e(  4 -  4) =    -23.22177  eV     1   --> A              
     e(  5 -  5) =    -20.57768  eV     1   --> A              
     e(  6 -  6) =    -12.10903  eV     1   --> A              
     e(  7 -  7) =     -3.20187  eV     1   --> A              
     e(  8 -  8) =     -2.67844  eV     1   --> A              
     e(  9 -  9) =     -2.53566  eV     1   --> A              
     e( 10 - 10) =     -2.38737  eV     1   --> A              
     e( 11 - 11) =     -0.62919  eV     1   --> A              
     e( 12 - 12) =      0.41469  eV     1   --> A              
     e( 13 - 13) =      3.48103  eV     1   --> A              
     e( 14 - 14) =      6.47017  eV     1   --> A              
     e( 15 - 15) =      6.83653  eV     1   --> A              
     e( 16 - 16) =      7.43495  eV     1   --> A              
     e( 17 - 17) =      8.13378  eV     1   --> A              
     e( 18 - 18) =      9.80958  eV     1   --> A              
     e( 19 - 19) =     10.12323  eV     1   --> A              
     e( 20 - 20) =     11.25256  eV     1   --> A              
     e( 21 - 21) =     11.62750  eV     1   --> A              
     e( 22 - 22) =     12.43183  eV     1   --> A              
     e( 23 - 23) =     13.32604  eV     1   --> A              
     e( 24 - 24) =     14.11666  eV     1   --> A              
     e( 25 - 25) =     14.80913  eV     1   --> A              
     e( 26 - 26) =     15.22638  eV     1   --> A              

 **************************************************************************

 **************************************************************************

                    xk=(   0.47361,   0.33438,   0.00000  )

     Band symmetry, C_1 (1)     point group:

     e(  1 -  1) =    -45.31407  eV     1   --> A              
     e(  2 -  2) =    -23.86589  eV     1   --> A              
     e(  3 -  3) =    -23.53859  eV     1   --> A              
     e(  4 -  4) =    -23.22302  eV     1   --> A              
     e(  5 -  5) =    -20.57749  eV     1   --> A              
     e(  6 -  6) =    -12.10835  eV     1   --> A              
     e(  7 -  7) =     -3.19994  eV     1   --> A              
     e(  8 -  8) =     -2.68144  eV     1   --> A              
     e(  9 -  9) =     -2.53569  eV     1   --> A              
     e( 10 - 10) =     -2.38326  eV     1   --> A              
     e( 11 - 11) =     -0.62933  eV     1   --> A              
     e( 12 - 12) =      0.40336  eV     1   --> A              
     e( 13 - 13) =      3.48717  eV     1   --> A              
     e( 14 - 14) =      6.47226  eV     1   --> A              
     e( 15 - 15) =      6.83626  eV     1   --> A              
     e( 16 - 16) =      7.43077  eV     1   --> A              
     e( 17 - 17) =      8.12445  eV     1   --> A              
     e( 18 - 18) =      9.82297  eV     1   --> A              
     e( 19 - 19) =     10.13604  eV     1   --> A              
     e( 20 - 20) =     11.25984  eV     1   --> A              
     e( 21 - 21) =     11.62916  eV     1   --> A              
     e( 22 - 22) =     12.43336  eV     1   --> A              
     e( 23 - 23) =     13.32533  eV     1   --> A              
     e( 24 - 24) =     14.11353  eV     1   --> A              
     e( 25 - 25) =     14.81073  eV     1   --> A              
     e( 26 - 26) =     15.22176  eV     1   --> A              

 **************************************************************************

 **************************************************************************

                    xk=(   0.47222,   0.33679,   0.00000  )

     Band symmetry, C_1 (1)     point group:

     e(  1 -  1) =    -45.31403  eV     1   --> A              
     e(  2 -  2) =    -23.86532  eV     1   --> A              
     e(  3 -  3) =    -23.53844  eV     1   --> A              
     e(  4 -  4) =    -23.22434  eV     1   --> A              
     e(  5 -  5) =    -20.57729  eV     1   --> A              
     e(  6 -  6) =    -12.10764  eV     1   --> A              
     e(  7 -  7) =     -3.19791  eV     1   --> A              
     e(  8 -  8) =     -2.68452  eV     1   --> A              
     e(  9 -  9) =     -2.53571  eV     1   --> A              
     e( 10 - 10) =     -2.37904  eV     1   --> A              
     e( 11 - 11) =     -0.62948  eV     1   --> A              
     e( 12 - 12) =      0.39150  eV     1   --> A              
     e( 13 - 13) =      3.49359  eV     1   --> A              
     e( 14 - 14) =      6.47442  eV     1   --> A              
     e( 15 - 15) =      6.83594  eV     1   --> A              
     e( 16 - 16) =      7.42645  eV     1   --> A              
     e( 17 - 17) =      8.11485  eV     1   --> A              
     e( 18 - 18) =      9.83662  eV     1   --> A              
     e( 19 - 19) =     10.14964  eV     1   --> A              
     e( 20 - 20) =     11.26754  eV     1   --> A              
     e( 21 - 21) =     11.63091  eV     1   --> A              
     e( 22 - 22) =     12.43492  eV     1   --> A              
     e( 23 - 23) =     13.32456  eV     1   --> A              
     e( 24 - 24) =     14.11037  eV     1   --> A              
     e( 25 - 25) =     14.81240  eV     1   --> A              
     e( 26 - 26) =     15.21707  eV     1   --> A              

 **************************************************************************

 **************************************************************************

                    xk=(   0.47083,   0.33919,   0.00000  )

     Band symmetry, C_1 (1)     point group:

     e(  1 -  1) =    -45.31398  eV     1   --> A              
     e(  2 -  2) =    -23.86472  eV     1   --> A              
     e(  3 -  3) =    -23.53828  eV     1   --> A              
     e(  4 -  4) =    -23.22571  eV     1   --> A              
     e(  5 -  5) =    -20.57708  eV     1   --> A              
     e(  6 -  6) =    -12.10689  eV     1   --> A              
     e(  7 -  7) =     -3.19580  eV     1   --> A              
     e(  8 -  8) =     -2.68766  eV     1   --> A              
     e(  9 -  9) =     -2.53569  eV     1   --> A              
     e( 10 - 10) =     -2.37472  eV     1   --> A              
     e( 11 - 11) =     -0.62964  eV     1   --> A              
     e( 12 - 12) =      0.37913  eV     1   --> A              
     e( 13 - 13) =      3.50028  eV     1   --> A              
     e( 14 - 14) =      6.47665  eV     1   --> A              
     e( 15 - 15) =      6.83557  eV     1   --> A              
     e( 16 - 16) =      7.42202  eV     1   --> A              
     e( 17 - 17) =      8.10502  eV     1   --> A              
     e( 18 - 18) =      9.85048  eV     1   --> A              
     e( 19 - 19) =     10.16403  eV     1   --> A              
     e( 20 - 20) =     11.27566  eV     1   --> A              
     e( 21 - 21) =     11.63275  eV     1   --> A              
     e( 22 - 22) =     12.43652  eV     1   --> A              
     e( 23 - 23) =     13.32370  eV     1   --> A              
     e( 24 - 24) =     14.10719  eV     1   --> A              
     e( 25 - 25) =     14.81413  eV     1   --> A              
     e( 26 - 26) =     15.21232  eV     1   --> A              

 **************************************************************************

 **************************************************************************

                    xk=(   0.46944,   0.34160,   0.00000  )

     Band symmetry, C_1 (1)     point group:

     e(  1 -  1) =    -45.31394  eV     1   --> A              
     e(  2 -  2) =    -23.86410  eV     1   --> A              
     e(  3 -  3) =    -23.53811  eV     1   --> A              
     e(  4 -  4) =    -23.22716  eV     1   --> A              
     e(  5 -  5) =    -20.57686  eV     1   --> A              
     e(  6 -  6) =    -12.10611  eV     1   --> A              
     e(  7 -  7) =     -3.19360  eV     1   --> A              
     e(  8 -  8) =     -2.69086  eV     1   --> A              
     e(  9 -  9) =     -2.53565  eV     1   --> A              
     e( 10 - 10) =     -2.37030  eV     1   --> A              
     e( 11 - 11) =     -0.62980  eV     1   --> A              
     e( 12 - 12) =      0.36627  eV     1   --> A              
     e( 13 - 13) =      3.50724  eV     1   --> A              
     e( 14 - 14) =      6.47893  eV     1   --> A              
     e( 15 - 15) =      6.83514  eV     1   --> A              
     e( 16 - 16) =      7.41749  eV     1   --> A              
     e( 17 - 17) =      8.09497  eV     1   --> A              
     e( 18 - 18) =      9.86451  eV     1   --> A              
     e( 19 - 19) =     10.17922  eV     1   --> A              
     e( 20 - 20) =     11.28421  eV     1   --> A              
     e( 21 - 21) =     11.63468  eV     1   --> A              
     e( 22 - 22) =     12.43815  eV     1   --> A              
     e( 23 - 23) =     13.32275  eV     1   --> A              
     e( 24 - 24) =     14.10401  eV     1   --> A              
     e( 25 - 25) =     14.81593  eV     1   --> A              
     e( 26 - 26) =     15.20752  eV     1   --> A              

 **************************************************************************

 **************************************************************************

                    xk=(   0.46806,   0.34400,   0.00000  )

     Band symmetry, C_1 (1)     point group:

     e(  1 -  1) =    -45.31389  eV     1   --> A              
     e(  2 -  2) =    -23.86345  eV     1   --> A              
     e(  3 -  3) =    -23.53794  eV     1   --> A              
     e(  4 -  4) =    -23.22865  eV     1   --> A              
     e(  5 -  5) =    -20.57663  eV     1   --> A              
     e(  6 -  6) =    -12.10530  eV     1   --> A              
     e(  7 -  7) =     -3.19131  eV     1   --> A              
     e(  8 -  8) =     -2.69411  eV     1   --> A              
     e(  9 -  9) =     -2.53557  eV     1   --> A              
     e( 10 - 10) =     -2.36578  eV     1   --> A              
     e( 11 - 11) =     -0.62998  eV     1   --> A              
     e( 12 - 12) =      0.35291  eV     1   --> A              
     e( 13 - 13) =      3.51446  eV     1   --> A              
     e( 14 - 14) =      6.48126  eV     1   --> A              
     e( 15 - 15) =      6.83463  eV     1   --> A              
     e( 16 - 16) =      7.41288  eV     1   --> A              
     e( 17 - 17) =      8.08474  eV     1   --> A              
     e( 18 - 18) =      9.87866  eV     1   --> A              
     e( 19 - 19) =     10.19522  eV     1   --> A              
     e( 20 - 20) =     11.29319  eV     1   --> A              
     e( 21 - 21) =     11.63670  eV     1   --> A              
     e( 22 - 22) =     12.43980  eV     1   --> A              
     e( 23 - 23) =     13.32173  eV     1   --> A              
     e( 24 - 24) =     14.10086  eV     1   --> A              
     e( 25 - 25) =     14.81778  eV     1   --> A              
     e( 26 - 26) =     15.20271  eV     1   --> A              

 **************************************************************************

 **************************************************************************

                    xk=(   0.46667,   0.34641,   0.00000  )

     Band symmetry, C_1 (1)     point group:

     e(  1 -  1) =    -45.31383  eV     1   --> A              
     e(  2 -  2) =    -23.86277  eV     1   --> A              
     e(  3 -  3) =    -23.53776  eV     1   --> A              
     e(  4 -  4) =    -23.23021  eV     1   --> A              
     e(  5 -  5) =    -20.57639  eV     1   --> A              
     e(  6 -  6) =    -12.10445  eV     1   --> A              
     e(  7 -  7) =     -3.18894  eV     1   --> A              
     e(  8 -  8) =     -2.69741  eV     1   --> A              
     e(  9 -  9) =     -2.53546  eV     1   --> A              
     e( 10 - 10) =     -2.36117  eV     1   --> A              
     e( 11 - 11) =     -0.63016  eV     1   --> A              
     e( 12 - 12) =      0.33909  eV     1   --> A              
     e( 13 - 13) =      3.52193  eV     1   --> A              
     e( 14 - 14) =      6.48362  eV     1   --> A              
     e( 15 - 15) =      6.83406  eV     1   --> A              
     e( 16 - 16) =      7.40822  eV     1   --> A              
     e( 17 - 17) =      8.07434  eV     1   --> A              
     e( 18 - 18) =      9.89289  eV     1   --> A              
     e( 19 - 19) =     10.21202  eV     1   --> A              
     e( 20 - 20) =     11.30261  eV     1   --> A              
     e( 21 - 21) =     11.63882  eV     1   --> A              
     e( 22 - 22) =     12.44145  eV     1   --> A              
     e( 23 - 23) =     13.32061  eV     1   --> A              
     e( 24 - 24) =     14.09776  eV     1   --> A              
     e( 25 - 25) =     14.81969  eV     1   --> A              
     e( 26 - 26) =     15.19790  eV     1   --> A              

 **************************************************************************

 **************************************************************************

                    xk=(   0.46528,   0.34882,   0.00000  )

     Band symmetry, C_1 (1)     point group:

     e(  1 -  1) =    -45.31378  eV     1   --> A              
     e(  2 -  2) =    -23.86207  eV     1   --> A              
     e(  3 -  3) =    -23.53757  eV     1   --> A              
     e(  4 -  4) =    -23.23183  eV     1   --> A              
     e(  5 -  5) =    -20.57615  eV     1   --> A              
     e(  6 -  6) =    -12.10357  eV     1   --> A              
     e(  7 -  7) =     -3.18649  eV     1   --> A              
     e(  8 -  8) =     -2.70074  eV     1   --> A              
     e(  9 -  9) =     -2.53533  eV     1   --> A              
     e( 10 - 10) =     -2.35649  eV     1   --> A              
     e( 11 - 11) =     -0.63036  eV     1   --> A              
     e( 12 - 12) =      0.32480  eV     1   --> A              
     e( 13 - 13) =      3.52964  eV     1   --> A              
     e( 14 - 14) =      6.48603  eV     1   --> A              
     e( 15 - 15) =      6.83341  eV     1   --> A              
     e( 16 - 16) =      7.40351  eV     1   --> A              
     e( 17 - 17) =      8.06380  eV     1   --> A              
     e( 18 - 18) =      9.90716  eV     1   --> A              
     e( 19 - 19) =     10.22962  eV     1   --> A              
     e( 20 - 20) =     11.31247  eV     1   --> A              
     e( 21 - 21) =     11.64102  eV     1   --> A              
     e( 22 - 22) =     12.44311  eV     1   --> A              
     e( 23 - 23) =     13.31941  eV     1   --> A              
     e( 24 - 24) =     14.09473  eV     1   --> A              
     e( 25 - 25) =     14.82164  eV     1   --> A              
     e( 26 - 26) =     15.19310  eV     1   --> A              

 **************************************************************************

 **************************************************************************

                    xk=(   0.46389,   0.35122,   0.00000  )

     Band symmetry, C_1 (1)     point group:

     e(  1 -  1) =    -45.31372  eV     1   --> A              
     e(  2 -  2) =    -23.86134  eV     1   --> A              
     e(  3 -  3) =    -23.53738  eV     1   --> A              
     e(  4 -  4) =    -23.23351  eV     1   --> A              
     e(  5 -  5) =    -20.57590  eV     1   --> A              
     e(  6 -  6) =    -12.10266  eV     1   --> A              
     e(  7 -  7) =     -3.18396  eV     1   --> A              
     e(  8 -  8) =     -2.70411  eV     1   --> A              
     e(  9 -  9) =     -2.53518  eV     1   --> A              
     e( 10 - 10) =     -2.35172  eV     1   --> A              
     e( 11 - 11) =     -0.63056  eV     1   --> A              
     e( 12 - 12) =      0.31007  eV     1   --> A              
     e( 13 - 13) =      3.53759  eV     1   --> A              
     e( 14 - 14) =      6.48846  eV     1   --> A              
     e( 15 - 15) =      6.83266  eV     1   --> A              
     e( 16 - 16) =      7.39876  eV     1   --> A              
     e( 17 - 17) =      8.05313  eV     1   --> A              
     e( 18 - 18) =      9.92144  eV     1   --> A              
     e( 19 - 19) =     10.24801  eV     1   --> A              
     e( 20 - 20) =     11.32277  eV     1   --> A              
     e( 21 - 21) =     11.64332  eV     1   --> A              
     e( 22 - 22) =     12.44477  eV     1   --> A              
     e( 23 - 23) =     13.31812  eV     1   --> A              
     e( 24 - 24) =     14.09179  eV     1   --> A              
     e( 25 - 25) =     14.82363  eV     1   --> A              
     e( 26 - 26) =     15.18833  eV     1   --> A              

 **************************************************************************

 **************************************************************************

                    xk=(   0.46250,   0.35363,   0.00000  )

     Band symmetry, C_1 (1)     point group:

     e(  1 -  1) =    -45.31367  eV     1   --> A              
     e(  2 -  2) =    -23.86058  eV     1   --> A              
     e(  3 -  3) =    -23.53718  eV     1   --> A              
     e(  4 -  4) =    -23.23525  eV     1   --> A              
     e(  5 -  5) =    -20.57564  eV     1   --> A              
     e(  6 -  6) =    -12.10172  eV     1   --> A              
     e(  7 -  7) =     -3.18135  eV     1   --> A              
     e(  8 -  8) =     -2.70749  eV     1   --> A              
     e(  9 -  9) =     -2.53500  eV     1   --> A              
     e( 10 - 10) =     -2.34689  eV     1   --> A              
     e( 11 - 11) =     -0.63078  eV     1   --> A              
     e( 12 - 12) =      0.29490  eV     1   --> A              
     e( 13 - 13) =      3.54576  eV     1   --> A              
     e( 14 - 14) =      6.49091  eV     1   --> A              
     e( 15 - 15) =      6.83182  eV     1   --> A              
     e( 16 - 16) =      7.39401  eV     1   --> A              
     e( 17 - 17) =      8.04235  eV     1   --> A              
     e( 18 - 18) =      9.93569  eV     1   --> A              
     e( 19 - 19) =     10.26718  eV     1   --> A              
     e( 20 - 20) =     11.33352  eV     1   --> A              
     e( 21 - 21) =     11.64571  eV     1   --> A              
     e( 22 - 22) =     12.44641  eV     1   --> A              
     e( 23 - 23) =     13.31675  eV     1   --> A              
     e( 24 - 24) =     14.08897  eV     1   --> A              
     e( 25 - 25) =     14.82566  eV     1   --> A              
     e( 26 - 26) =     15.18362  eV     1   --> A              

 **************************************************************************

 **************************************************************************

                    xk=(   0.46111,   0.35603,   0.00000  )

     Band symmetry, C_1 (1)     point group:

     e(  1 -  1) =    -45.31361  eV     1   --> A              
     e(  2 -  2) =    -23.85980  eV     1   --> A              
     e(  3 -  3) =    -23.53697  eV     1   --> A              
     e(  4 -  4) =    -23.23705  eV     1   --> A              
     e(  5 -  5) =    -20.57537  eV     1   --> A              
     e(  6 -  6) =    -12.10075  eV     1   --> A              
     e(  7 -  7) =     -3.17868  eV     1   --> A              
     e(  8 -  8) =     -2.71089  eV     1   --> A              
     e(  9 -  9) =     -2.53480  eV     1   --> A              
     e( 10 - 10) =     -2.34198  eV     1   --> A              
     e( 11 - 11) =     -0.63101  eV     1   --> A              
     e( 12 - 12) =      0.27931  eV     1   --> A              
     e( 13 - 13) =      3.55416  eV     1   --> A              
     e( 14 - 14) =      6.49337  eV     1   --> A              
     e( 15 - 15) =      6.83088  eV     1   --> A              
     e( 16 - 16) =      7.38927  eV     1   --> A              
     e( 17 - 17) =      8.03148  eV     1   --> A              
     e( 18 - 18) =      9.94989  eV     1   --> A              
     e( 19 - 19) =     10.28712  eV     1   --> A              
     e( 20 - 20) =     11.34472  eV     1   --> A              
     e( 21 - 21) =     11.64820  eV     1   --> A              
     e( 22 - 22) =     12.44802  eV     1   --> A              
     e( 23 - 23) =     13.31529  eV     1   --> A              
     e( 24 - 24) =     14.08628  eV     1   --> A              
     e( 25 - 25) =     14.82772  eV     1   --> A              
     e( 26 - 26) =     15.17897  eV     1   --> A              

 **************************************************************************

 **************************************************************************

                    xk=(   0.45972,   0.35844,   0.00000  )

     Band symmetry, C_1 (1)     point group:

     e(  1 -  1) =    -45.31355  eV     1   --> A              
     e(  2 -  2) =    -23.85899  eV     1   --> A              
     e(  3 -  3) =    -23.53676  eV     1   --> A              
     e(  4 -  4) =    -23.23890  eV     1   --> A              
     e(  5 -  5) =    -20.57510  eV     1   --> A              
     e(  6 -  6) =    -12.09974  eV     1   --> A              
     e(  7 -  7) =     -3.17593  eV     1   --> A              
     e(  8 -  8) =     -2.71430  eV     1   --> A              
     e(  9 -  9) =     -2.53456  eV     1   --> A              
     e( 10 - 10) =     -2.33701  eV     1   --> A              
     e( 11 - 11) =     -0.63124  eV     1   --> A              
     e( 12 - 12) =      0.26332  eV     1   --> A              
     e( 13 - 13) =      3.56277  eV     1   --> A              
     e( 14 - 14) =      6.49584  eV     1   --> A              
     e( 15 - 15) =      6.82983  eV     1   --> A              
     e( 16 - 16) =      7.38456  eV     1   --> A              
     e( 17 - 17) =      8.02054  eV     1   --> A              
     e( 18 - 18) =      9.96403  eV     1   --> A              
     e( 19 - 19) =     10.30781  eV     1   --> A              
     e( 20 - 20) =     11.35638  eV     1   --> A              
     e( 21 - 21) =     11.65077  eV     1   --> A              
     e( 22 - 22) =     12.44960  eV     1   --> A              
     e( 23 - 23) =     13.31376  eV     1   --> A              
     e( 24 - 24) =     14.08375  eV     1   --> A              
     e( 25 - 25) =     14.82980  eV     1   --> A              
     e( 26 - 26) =     15.17441  eV     1   --> A              

 **************************************************************************

 **************************************************************************

                    xk=(   0.45833,   0.36084,   0.00000  )

     Band symmetry, C_1 (1)     point group:

     e(  1 -  1) =    -45.31348  eV     1   --> A              
     e(  2 -  2) =    -23.85816  eV     1   --> A              
     e(  3 -  3) =    -23.53654  eV     1   --> A              
     e(  4 -  4) =    -23.24080  eV     1   --> A              
     e(  5 -  5) =    -20.57481  eV     1   --> A              
     e(  6 -  6) =    -12.09871  eV     1   --> A              
     e(  7 -  7) =     -3.17312  eV     1   --> A              
     e(  8 -  8) =     -2.71771  eV     1   --> A              
     e(  9 -  9) =     -2.53430  eV     1   --> A              
     e( 10 - 10) =     -2.33197  eV     1   --> A              
     e( 11 - 11) =     -0.63149  eV     1   --> A              
     e( 12 - 12) =      0.24694  eV     1   --> A              
     e( 13 - 13) =      3.57160  eV     1   --> A              
     e( 14 - 14) =      6.49830  eV     1   --> A              
     e( 15 - 15) =      6.82865  eV     1   --> A              
     e( 16 - 16) =      7.37989  eV     1   --> A              
     e( 17 - 17) =      8.00954  eV     1   --> A              
     e( 18 - 18) =      9.97808  eV     1   --> A              
     e( 19 - 19) =     10.32922  eV     1   --> A              
     e( 20 - 20) =     11.36850  eV     1   --> A              
     e( 21 - 21) =     11.65345  eV     1   --> A              
     e( 22 - 22) =     12.45113  eV     1   --> A              
     e( 23 - 23) =     13.31216  eV     1   --> A              
     e( 24 - 24) =     14.08139  eV     1   --> A              
     e( 25 - 25) =     14.83189  eV     1   --> A              
     e( 26 - 26) =     15.16995  eV     1   --> A              

 **************************************************************************

 **************************************************************************

                    xk=(   0.45694,   0.36325,   0.00000  )

     Band symmetry, C_1 (1)     point group:

     e(  1 -  1) =    -45.31342  eV     1   --> A              
     e(  2 -  2) =    -23.85730  eV     1   --> A              
     e(  3 -  3) =    -23.53632  eV     1   --> A              
     e(  4 -  4) =    -23.24277  eV     1   --> A              
     e(  5 -  5) =    -20.57453  eV     1   --> A              
     e(  6 -  6) =    -12.09765  eV     1   --> A              
     e(  7 -  7) =     -3.17024  eV     1   --> A              
     e(  8 -  8) =     -2.72114  eV     1   --> A              
     e(  9 -  9) =     -2.53403  eV     1   --> A              
     e( 10 - 10) =     -2.32689  eV     1   --> A              
     e( 11 - 11) =     -0.63176  eV     1   --> A              
     e( 12 - 12) =      0.23018  eV     1   --> A              
     e( 13 - 13) =      3.58060  eV     1   --> A              
     e( 14 - 14) =      6.50075  eV     1   --> A              
     e( 15 - 15) =      6.82735  eV     1   --> A              
     e( 16 - 16) =      7.37529  eV     1   --> A              
     e( 17 - 17) =      7.99849  eV     1   --> A              
     e( 18 - 18) =      9.99202  eV     1   --> A              
     e( 19 - 19) =     10.35132  eV     1   --> A              
     e( 20 - 20) =     11.38109  eV     1   --> A              
     e( 21 - 21) =     11.65621  eV     1   --> A              
     e( 22 - 22) =     12.45260  eV     1   --> A              
     e( 23 - 23) =     13.31050  eV     1   --> A              
     e( 24 - 24) =     14.07923  eV     1   --> A              
     e( 25 - 25) =     14.83398  eV     1   --> A              
     e( 26 - 26) =     15.16561  eV     1   --> A              

 **************************************************************************

 **************************************************************************

                    xk=(   0.45556,   0.36566,   0.00000  )

     Band symmetry, C_1 (1)     point group:

     e(  1 -  1) =    -45.31335  eV     1   --> A              
     e(  2 -  2) =    -23.85642  eV     1   --> A              
     e(  3 -  3) =    -23.53609  eV     1   --> A              
     e(  4 -  4) =    -23.24479  eV     1   --> A              
     e(  5 -  5) =    -20.57423  eV     1   --> A              
     e(  6 -  6) =    -12.09655  eV     1   --> A              
     e(  7 -  7) =     -3.16731  eV     1   --> A              
     e(  8 -  8) =     -2.72454  eV     1   --> A              
     e(  9 -  9) =     -2.53373  eV     1   --> A              
     e( 10 - 10) =     -2.32173  eV     1   --> A              
     e( 11 - 11) =     -0.63203  eV     1   --> A              
     e( 12 - 12) =      0.21306  eV     1   --> A              
     e( 13 - 13) =      3.58981  eV     1   --> A              
     e( 14 - 14) =      6.50318  eV     1   --> A              
     e( 15 - 15) =      6.82591  eV     1   --> A              
     e( 16 - 16) =      7.37079  eV     1   --> A              
     e( 17 - 17) =      7.98741  eV     1   --> A              
     e( 18 - 18) =     10.00585  eV     1   --> A              
     e( 19 - 19) =     10.37410  eV     1   --> A              
     e( 20 - 20) =     11.39413  eV     1   --> A              
     e( 21 - 21) =     11.65908  eV     1   --> A              
     e( 22 - 22) =     12.45401  eV     1   --> A              
     e( 23 - 23) =     13.30879  eV     1   --> A              
     e( 24 - 24) =     14.07728  eV     1   --> A              
     e( 25 - 25) =     14.83606  eV     1   --> A              
     e( 26 - 26) =     15.16141  eV     1   --> A              

 **************************************************************************

 **************************************************************************

                    xk=(   0.45417,   0.36806,   0.00000  )

     Band symmetry, C_1 (1)     point group:

     e(  1 -  1) =    -45.31329  eV     1   --> A              
     e(  2 -  2) =    -23.85551  eV     1   --> A              
     e(  3 -  3) =    -23.53585  eV     1   --> A              
     e(  4 -  4) =    -23.24685  eV     1   --> A              
     e(  5 -  5) =    -20.57393  eV     1   --> A              
     e(  6 -  6) =    -12.09543  eV     1   --> A              
     e(  7 -  7) =     -3.16432  eV     1   --> A              
     e(  8 -  8) =     -2.72793  eV     1   --> A              
     e(  9 -  9) =     -2.53340  eV     1   --> A              
     e( 10 - 10) =     -2.31652  eV     1   --> A              
     e( 11 - 11) =     -0.63232  eV     1   --> A              
     e( 12 - 12) =      0.19559  eV     1   --> A              
     e( 13 - 13) =      3.59921  eV     1   --> A              
     e( 14 - 14) =      6.50559  eV     1   --> A              
     e( 15 - 15) =      6.82433  eV     1   --> A              
     e( 16 - 16) =      7.36639  eV     1   --> A              
     e( 17 - 17) =      7.97632  eV     1   --> A              
     e( 18 - 18) =     10.01956  eV     1   --> A              
     e( 19 - 19) =     10.39752  eV     1   --> A              
     e( 20 - 20) =     11.40765  eV     1   --> A              
     e( 21 - 21) =     11.66204  eV     1   --> A              
     e( 22 - 22) =     12.45533  eV     1   --> A              
     e( 23 - 23) =     13.30704  eV     1   --> A              
     e( 24 - 24) =     14.07556  eV     1   --> A              
     e( 25 - 25) =     14.83813  eV     1   --> A              
     e( 26 - 26) =     15.15736  eV     1   --> A              

 **************************************************************************

 **************************************************************************

                    xk=(   0.45278,   0.37047,   0.00000  )

     Band symmetry, C_1 (1)     point group:

     e(  1 -  1) =    -45.31322  eV     1   --> A              
     e(  2 -  2) =    -23.85457  eV     1   --> A              
     e(  3 -  3) =    -23.53561  eV     1   --> A              
     e(  4 -  4) =    -23.24897  eV     1   --> A              
     e(  5 -  5) =    -20.57363  eV     1   --> A              
     e(  6 -  6) =    -12.09428  eV     1   --> A              
     e(  7 -  7) =     -3.16128  eV     1   --> A              
     e(  8 -  8) =     -2.73130  eV     1   --> A              
     e(  9 -  9) =     -2.53306  eV     1   --> A              
     e( 10 - 10) =     -2.31125  eV     1   --> A              
     e( 11 - 11) =     -0.63262  eV     1   --> A              
     e( 12 - 12) =      0.17779  eV     1   --> A              
     e( 13 - 13) =      3.60879  eV     1   --> A              
     e( 14 - 14) =      6.50797  eV     1   --> A              
     e( 15 - 15) =      6.82259  eV     1   --> A              
     e( 16 - 16) =      7.36213  eV     1   --> A              
     e( 17 - 17) =      7.96521  eV     1   --> A              
     e( 18 - 18) =     10.03315  eV     1   --> A              
     e( 19 - 19) =     10.42155  eV     1   --> A              
     e( 20 - 20) =     11.42164  eV     1   --> A              
     e( 21 - 21) =     11.66510  eV     1   --> A              
     e( 22 - 22) =     12.45657  eV     1   --> A              
     e( 23 - 23) =     13.30527  eV     1   --> A              
     e( 24 - 24) =     14.07409  eV     1   --> A              
     e( 25 - 25) =     14.84016  eV     1   --> A              
     e( 26 - 26) =     15.15347  eV     1   --> A              

 **************************************************************************

 **************************************************************************

                    xk=(   0.45139,   0.37287,   0.00000  )

     Band symmetry, C_1 (1)     point group:

     e(  1 -  1) =    -45.31315  eV     1   --> A              
     e(  2 -  2) =    -23.85362  eV     1   --> A              
     e(  3 -  3) =    -23.53537  eV     1   --> A              
     e(  4 -  4) =    -23.25113  eV     1   --> A              
     e(  5 -  5) =    -20.57332  eV     1   --> A              
     e(  6 -  6) =    -12.09311  eV     1   --> A              
     e(  7 -  7) =     -3.15820  eV     1   --> A              
     e(  8 -  8) =     -2.73465  eV     1   --> A              
     e(  9 -  9) =     -2.53269  eV     1   --> A              
     e( 10 - 10) =     -2.30594  eV     1   --> A              
     e( 11 - 11) =     -0.63294  eV     1   --> A              
     e( 12 - 12) =      0.15967  eV     1   --> A              
     e( 13 - 13) =      3.61853  eV     1   --> A              
     e( 14 - 14) =      6.51030  eV     1   --> A              
     e( 15 - 15) =      6.82069  eV     1   --> A              
     e( 16 - 16) =      7.35800  eV     1   --> A              
     e( 17 - 17) =      7.95411  eV     1   --> A              
     e( 18 - 18) =     10.04659  eV     1   --> A              
     e( 19 - 19) =     10.44615  eV     1   --> A              
     e( 20 - 20) =     11.43610  eV     1   --> A              
     e( 21 - 21) =     11.66827  eV     1   --> A              
     e( 22 - 22) =     12.45771  eV     1   --> A              
     e( 23 - 23) =     13.30349  eV     1   --> A              
     e( 24 - 24) =     14.07289  eV     1   --> A              
     e( 25 - 25) =     14.84216  eV     1   --> A              
     e( 26 - 26) =     15.14977  eV     1   --> A              

 **************************************************************************

 **************************************************************************

                    xk=(   0.45000,   0.37528,   0.00000  )

     Band symmetry, C_1 (1)     point group:

     e(  1 -  1) =    -45.31307  eV     1   --> A              
     e(  2 -  2) =    -23.85264  eV     1   --> A              
     e(  3 -  3) =    -23.53511  eV     1   --> A              
     e(  4 -  4) =    -23.25335  eV     1   --> A              
     e(  5 -  5) =    -20.57300  eV     1   --> A              
     e(  6 -  6) =    -12.09190  eV     1   --> A              
     e(  7 -  7) =     -3.15507  eV     1   --> A              
     e(  8 -  8) =     -2.73796  eV     1   --> A              
     e(  9 -  9) =     -2.53231  eV     1   --> A              
     e( 10 - 10) =     -2.30057  eV     1   --> A              
     e( 11 - 11) =     -0.63328  eV     1   --> A              
     e( 12 - 12) =      0.14124  eV     1   --> A              
     e( 13 - 13) =      3.62844  eV     1   --> A              
     e( 14 - 14) =      6.51259  eV     1   --> A              
     e( 15 - 15) =      6.81863  eV     1   --> A              
     e( 16 - 16) =      7.35404  eV     1   --> A              
     e( 17 - 17) =      7.94302  eV     1   --> A              
     e( 18 - 18) =     10.05990  eV     1   --> A              
     e( 19 - 19) =     10.47130  eV     1   --> A              
     e( 20 - 20) =     11.45103  eV     1   --> A              
     e( 21 - 21) =     11.67153  eV     1   --> A              
     e( 22 - 22) =     12.45873  eV     1   --> A              
     e( 23 - 23) =     13.30172  eV     1   --> A              
     e( 24 - 24) =     14.07195  eV     1   --> A              
     e( 25 - 25) =     14.84409  eV     1   --> A              
     e( 26 - 26) =     15.14626  eV     1   --> A              

 **************************************************************************

 **************************************************************************

                    xk=(   0.44861,   0.37768,   0.00000  )

     Band symmetry, C_1 (1)     point group:

     e(  1 -  1) =    -45.31300  eV     1   --> A              
     e(  2 -  2) =    -23.85163  eV     1   --> A              
     e(  3 -  3) =    -23.53485  eV     1   --> A              
     e(  4 -  4) =    -23.25561  eV     1   --> A              
     e(  5 -  5) =    -20.57268  eV     1   --> A              
     e(  6 -  6) =    -12.09067  eV     1   --> A              
     e(  7 -  7) =     -3.15190  eV     1   --> A              
     e(  8 -  8) =     -2.74124  eV     1   --> A              
     e(  9 -  9) =     -2.53190  eV     1   --> A              
     e( 10 - 10) =     -2.29516  eV     1   --> A              
     e( 11 - 11) =     -0.63363  eV     1   --> A              
     e( 12 - 12) =      0.12252  eV     1   --> A              
     e( 13 - 13) =      3.63851  eV     1   --> A              
     e( 14 - 14) =      6.51482  eV     1   --> A              
     e( 15 - 15) =      6.81638  eV     1   --> A              
     e( 16 - 16) =      7.35027  eV     1   --> A              
     e( 17 - 17) =      7.93195  eV     1   --> A              
     e( 18 - 18) =     10.07307  eV     1   --> A              
     e( 19 - 19) =     10.49696  eV     1   --> A              
     e( 20 - 20) =     11.46644  eV     1   --> A              
     e( 21 - 21) =     11.67490  eV     1   --> A              
     e( 22 - 22) =     12.45964  eV     1   --> A              
     e( 23 - 23) =     13.29999  eV     1   --> A              
     e( 24 - 24) =     14.07131  eV     1   --> A              
     e( 25 - 25) =     14.84595  eV     1   --> A              
     e( 26 - 26) =     15.14297  eV     1   --> A              

 **************************************************************************

 **************************************************************************

                    xk=(   0.44722,   0.38009,   0.00000  )

     Band symmetry, C_1 (1)     point group:

     e(  1 -  1) =    -45.31292  eV     1   --> A              
     e(  2 -  2) =    -23.85061  eV     1   --> A              
     e(  3 -  3) =    -23.53459  eV     1   --> A              
     e(  4 -  4) =    -23.25791  eV     1   --> A              
     e(  5 -  5) =    -20.57235  eV     1   --> A              
     e(  6 -  6) =    -12.08942  eV     1   --> A              
     e(  7 -  7) =     -3.14870  eV     1   --> A              
     e(  8 -  8) =     -2.74448  eV     1   --> A              
     e(  9 -  9) =     -2.53147  eV     1   --> A              
     e( 10 - 10) =     -2.28969  eV     1   --> A              
     e( 11 - 11) =     -0.63400  eV     1   --> A              
     e( 12 - 12) =      0.10352  eV     1   --> A              
     e( 13 - 13) =      3.64873  eV     1   --> A              
     e( 14 - 14) =      6.51699  eV     1   --> A              
     e( 15 - 15) =      6.81396  eV     1   --> A              
     e( 16 - 16) =      7.34670  eV     1   --> A              
     e( 17 - 17) =      7.92092  eV     1   --> A              
     e( 18 - 18) =     10.08610  eV     1   --> A              
     e( 19 - 19) =     10.52309  eV     1   --> A              
     e( 20 - 20) =     11.48231  eV     1   --> A              
     e( 21 - 21) =     11.67838  eV     1   --> A              
     e( 22 - 22) =     12.46042  eV     1   --> A              
     e( 23 - 23) =     13.29830  eV     1   --> A              
     e( 24 - 24) =     14.07095  eV     1   --> A              
     e( 25 - 25) =     14.84772  eV     1   --> A              
     e( 26 - 26) =     15.13991  eV     1   --> A              

 **************************************************************************

 **************************************************************************

                    xk=(   0.44583,   0.38249,   0.00000  )

     Band symmetry, C_1 (1)     point group:

     e(  1 -  1) =    -45.31285  eV     1   --> A              
     e(  2 -  2) =    -23.84956  eV     1   --> A              
     e(  3 -  3) =    -23.53433  eV     1   --> A              
     e(  4 -  4) =    -23.26028  eV     1   --> A              
     e(  5 -  5) =    -20.57202  eV     1   --> A              
     e(  6 -  6) =    -12.08814  eV     1   --> A              
     e(  7 -  7) =     -3.14548  eV     1   --> A              
     e(  8 -  8) =     -2.74769  eV     1   --> A              
     e(  9 -  9) =     -2.53103  eV     1   --> A              
     e( 10 - 10) =     -2.28419  eV     1   --> A              
     e( 11 - 11) =     -0.63439  eV     1   --> A              
     e( 12 - 12) =      0.08426  eV     1   --> A              
     e( 13 - 13) =      3.65909  eV     1   --> A              
     e( 14 - 14) =      6.51909  eV     1   --> A              
     e( 15 - 15) =      6.81134  eV     1   --> A              
     e( 16 - 16) =      7.34334  eV     1   --> A              
     e( 17 - 17) =      7.90990  eV     1   --> A              
     e( 18 - 18) =     10.09897  eV     1   --> A              
     e( 19 - 19) =     10.54966  eV     1   --> A              
     e( 20 - 20) =     11.49865  eV     1   --> A              
     e( 21 - 21) =     11.68197  eV     1   --> A              
     e( 22 - 22) =     12.46106  eV     1   --> A              
     e( 23 - 23) =     13.29669  eV     1   --> A              
     e( 24 - 24) =     14.07090  eV     1   --> A              
     e( 25 - 25) =     14.84939  eV     1   --> A              
     e( 26 - 26) =     15.13709  eV     1   --> A              

 **************************************************************************

 **************************************************************************

                    xk=(   0.44444,   0.38490,   0.00000  )

     Band symmetry, C_1 (1)     point group:

     e(  1 -  1) =    -45.31277  eV     1   --> A              
     e(  2 -  2) =    -23.84849  eV     1   --> A              
     e(  3 -  3) =    -23.53405  eV     1   --> A              
     e(  4 -  4) =    -23.26267  eV     1   --> A              
     e(  5 -  5) =    -20.57168  eV     1   --> A              
     e(  6 -  6) =    -12.08684  eV     1   --> A              
     e(  7 -  7) =     -3.14223  eV     1   --> A              
     e(  8 -  8) =     -2.75083  eV     1   --> A              
     e(  9 -  9) =     -2.53056  eV     1   --> A              
     e( 10 - 10) =     -2.27863  eV     1   --> A              
     e( 11 - 11) =     -0.63480  eV     1   --> A              
     e( 12 - 12) =      0.06475  eV     1   --> A              
     e( 13 - 13) =      3.66959  eV     1   --> A              
     e( 14 - 14) =      6.52112  eV     1   --> A              
     e( 15 - 15) =      6.80854  eV     1   --> A              
     e( 16 - 16) =      7.34022  eV     1   --> A              
     e( 17 - 17) =      7.89895  eV     1   --> A              
     e( 18 - 18) =     10.11170  eV     1   --> A              
     e( 19 - 19) =     10.57665  eV     1   --> A              
     e( 20 - 20) =     11.51544  eV     1   --> A              
     e( 21 - 21) =     11.68567  eV     1   --> A              
     e( 22 - 22) =     12.46156  eV     1   --> A              
     e( 23 - 23) =     13.29519  eV     1   --> A              
     e( 24 - 24) =     14.07116  eV     1   --> A              
     e( 25 - 25) =     14.85093  eV     1   --> A              
     e( 26 - 26) =     15.13453  eV     1   --> A              

 **************************************************************************

 **************************************************************************

                    xk=(   0.44306,   0.38731,   0.00000  )

     Band symmetry, C_1 (1)     point group:

     e(  1 -  1) =    -45.31269  eV     1   --> A              
     e(  2 -  2) =    -23.84740  eV     1   --> A              
     e(  3 -  3) =    -23.53377  eV     1   --> A              
     e(  4 -  4) =    -23.26511  eV     1   --> A              
     e(  5 -  5) =    -20.57134  eV     1   --> A              
     e(  6 -  6) =    -12.08551  eV     1   --> A              
     e(  7 -  7) =     -3.13897  eV     1   --> A              
     e(  8 -  8) =     -2.75391  eV     1   --> A              
     e(  9 -  9) =     -2.53007  eV     1   --> A              
     e( 10 - 10) =     -2.27302  eV     1   --> A              
     e( 11 - 11) =     -0.63523  eV     1   --> A              
     e( 12 - 12) =      0.04501  eV     1   --> A              
     e( 13 - 13) =      3.68022  eV     1   --> A              
     e( 14 - 14) =      6.52307  eV     1   --> A              
     e( 15 - 15) =      6.80554  eV     1   --> A              
     e( 16 - 16) =      7.33734  eV     1   --> A              
     e( 17 - 17) =      7.88805  eV     1   --> A              
     e( 18 - 18) =     10.12427  eV     1   --> A              
     e( 19 - 19) =     10.60401  eV     1   --> A              
     e( 20 - 20) =     11.53268  eV     1   --> A              
     e( 21 - 21) =     11.68950  eV     1   --> A              
     e( 22 - 22) =     12.46192  eV     1   --> A              
     e( 23 - 23) =     13.29381  eV     1   --> A              
     e( 24 - 24) =     14.07173  eV     1   --> A              
     e( 25 - 25) =     14.85232  eV     1   --> A              
     e( 26 - 26) =     15.13224  eV     1   --> A              

 **************************************************************************

 **************************************************************************

                    xk=(   0.44167,   0.38971,   0.00000  )

     Band symmetry, C_1 (1)     point group:

     e(  1 -  1) =    -45.31261  eV     1   --> A              
     e(  2 -  2) =    -23.84629  eV     1   --> A              
     e(  3 -  3) =    -23.53349  eV     1   --> A              
     e(  4 -  4) =    -23.26759  eV     1   --> A              
     e(  5 -  5) =    -20.57100  eV     1   --> A              
     e(  6 -  6) =    -12.08416  eV     1   --> A              
     e(  7 -  7) =     -3.13569  eV     1   --> A              
     e(  8 -  8) =     -2.75694  eV     1   --> A              
     e(  9 -  9) =     -2.52957  eV     1   --> A              
     e( 10 - 10) =     -2.26737  eV     1   --> A              
     e( 11 - 11) =     -0.63569  eV     1   --> A              
     e( 12 - 12) =      0.02505  eV     1   --> A              
     e( 13 - 13) =      3.69098  eV     1   --> A              
     e( 14 - 14) =      6.52493  eV     1   --> A              
     e( 15 - 15) =      6.80235  eV     1   --> A              
     e( 16 - 16) =      7.33472  eV     1   --> A              
     e( 17 - 17) =      7.87720  eV     1   --> A              
     e( 18 - 18) =     10.13669  eV     1   --> A              
     e( 19 - 19) =     10.63171  eV     1   --> A              
     e( 20 - 20) =     11.55036  eV     1   --> A              
     e( 21 - 21) =     11.69346  eV     1   --> A              
     e( 22 - 22) =     12.46212  eV     1   --> A              
     e( 23 - 23) =     13.29259  eV     1   --> A              
     e( 24 - 24) =     14.07262  eV     1   --> A              
     e( 25 - 25) =     14.85355  eV     1   --> A              
     e( 26 - 26) =     15.13025  eV     1   --> A              

 **************************************************************************

 **************************************************************************

                    xk=(   0.44028,   0.39212,   0.00000  )

     Band symmetry, C_1 (1)     point group:

     e(  1 -  1) =    -45.31253  eV     1   --> A              
     e(  2 -  2) =    -23.84515  eV     1   --> A              
     e(  3 -  3) =    -23.53320  eV     1   --> A              
     e(  4 -  4) =    -23.27010  eV     1   --> A              
     e(  5 -  5) =    -20.57065  eV     1   --> A              
     e(  6 -  6) =    -12.08279  eV     1   --> A              
     e(  7 -  7) =     -3.13241  eV     1   --> A              
     e(  8 -  8) =     -2.75989  eV     1   --> A              
     e(  9 -  9) =     -2.52905  eV     1   --> A              
     e( 10 - 10) =     -2.26167  eV     1   --> A              
     e( 11 - 11) =     -0.63617  eV     1   --> A              
     e( 12 - 12) =      0.00489  eV     1   --> A              
     e( 13 - 13) =      3.70186  eV     1   --> A              
     e( 14 - 14) =      6.52669  eV     1   --> A              
     e( 15 - 15) =      6.79895  eV     1   --> A              
     e( 16 - 16) =      7.33236  eV     1   --> A              
     e( 17 - 17) =      7.86642  eV     1   --> A              
     e( 18 - 18) =     10.14895  eV     1   --> A              
     e( 19 - 19) =     10.65972  eV     1   --> A              
     e( 20 - 20) =     11.56844  eV     1   --> A              
     e( 21 - 21) =     11.69757  eV     1   --> A              
     e( 22 - 22) =     12.46218  eV     1   --> A              
     e( 23 - 23) =     13.29155  eV     1   --> A              
     e( 24 - 24) =     14.07382  eV     1   --> A              
     e( 25 - 25) =     14.85460  eV     1   --> A              
     e( 26 - 26) =     15.12857  eV     1   --> A              

 **************************************************************************

 **************************************************************************

                    xk=(   0.43889,   0.39452,   0.00000  )

     Band symmetry, C_1 (1)     point group:

     e(  1 -  1) =    -45.31244  eV     1   --> A              
     e(  2 -  2) =    -23.84400  eV     1   --> A              
     e(  3 -  3) =    -23.53291  eV     1   --> A              
     e(  4 -  4) =    -23.27266  eV     1   --> A              
     e(  5 -  5) =    -20.57030  eV     1   --> A              
     e(  6 -  6) =    -12.08139  eV     1   --> A              
     e(  7 -  7) =     -3.12912  eV     1   --> A              
     e(  8 -  8) =     -2.76277  eV     1   --> A              
     e(  9 -  9) =     -2.52851  eV     1   --> A              
     e( 10 - 10) =     -2.25593  eV     1   --> A              
     e( 11 - 11) =     -0.63668  eV     1   --> A              
     e( 12 - 12) =     -0.01547  eV     1   --> A              
     e( 13 - 13) =      3.71285  eV     1   --> A              
     e( 14 - 14) =      6.52836  eV     1   --> A              
     e( 15 - 15) =      6.79535  eV     1   --> A              
     e( 16 - 16) =      7.33028  eV     1   --> A              
     e( 17 - 17) =      7.85571  eV     1   --> A              
     e( 18 - 18) =     10.16104  eV     1   --> A              
     e( 19 - 19) =     10.68801  eV     1   --> A              
     e( 20 - 20) =     11.58691  eV     1   --> A              
     e( 21 - 21) =     11.70184  eV     1   --> A              
     e( 22 - 22) =     12.46209  eV     1   --> A              
     e( 23 - 23) =     13.29073  eV     1   --> A              
     e( 24 - 24) =     14.07534  eV     1   --> A              
     e( 25 - 25) =     14.85545  eV     1   --> A              
     e( 26 - 26) =     15.12721  eV     1   --> A              

 **************************************************************************

 **************************************************************************

                    xk=(   0.43750,   0.39693,   0.00000  )

     Band symmetry, C_1 (1)     point group:

     e(  1 -  1) =    -45.31236  eV     1   --> A              
     e(  2 -  2) =    -23.84282  eV     1   --> A              
     e(  3 -  3) =    -23.53261  eV     1   --> A              
     e(  4 -  4) =    -23.27525  eV     1   --> A              
     e(  5 -  5) =    -20.56995  eV     1   --> A              
     e(  6 -  6) =    -12.07998  eV     1   --> A              
     e(  7 -  7) =     -3.12585  eV     1   --> A              
     e(  8 -  8) =     -2.76558  eV     1   --> A              
     e(  9 -  9) =     -2.52794  eV     1   --> A              
     e( 10 - 10) =     -2.25015  eV     1   --> A              
     e( 11 - 11) =     -0.63723  eV     1   --> A              
     e( 12 - 12) =     -0.03599  eV     1   --> A              
     e( 13 - 13) =      3.72395  eV     1   --> A              
     e( 14 - 14) =      6.52993  eV     1   --> A              
     e( 15 - 15) =      6.79156  eV     1   --> A              
     e( 16 - 16) =      7.32849  eV     1   --> A              
     e( 17 - 17) =      7.84508  eV     1   --> A              
     e( 18 - 18) =     10.17297  eV     1   --> A              
     e( 19 - 19) =     10.71655  eV     1   --> A              
     e( 20 - 20) =     11.60572  eV     1   --> A              
     e( 21 - 21) =     11.70631  eV     1   --> A              
     e( 22 - 22) =     12.46187  eV     1   --> A              
     e( 23 - 23) =     13.29014  eV     1   --> A              
     e( 24 - 24) =     14.07716  eV     1   --> A              
     e( 25 - 25) =     14.85607  eV     1   --> A              
     e( 26 - 26) =     15.12619  eV     1   --> A              

 **************************************************************************

 **************************************************************************

                    xk=(   0.43611,   0.39933,   0.00000  )

     Band symmetry, C_1 (1)     point group:

     e(  1 -  1) =    -45.31227  eV     1   --> A              
     e(  2 -  2) =    -23.84164  eV     1   --> A              
     e(  3 -  3) =    -23.53231  eV     1   --> A              
     e(  4 -  4) =    -23.27788  eV     1   --> A              
     e(  5 -  5) =    -20.56960  eV     1   --> A              
     e(  6 -  6) =    -12.07855  eV     1   --> A              
     e(  7 -  7) =     -3.12259  eV     1   --> A              
     e(  8 -  8) =     -2.76830  eV     1   --> A              
     e(  9 -  9) =     -2.52737  eV     1   --> A              
     e( 10 - 10) =     -2.24432  eV     1   --> A              
     e( 11 - 11) =     -0.63781  eV     1   --> A              
     e( 12 - 12) =     -0.05668  eV     1   --> A              
     e( 13 - 13) =      3.73514  eV     1   --> A              
     e( 14 - 14) =      6.53139  eV     1   --> A              
     e( 15 - 15) =      6.78756  eV     1   --> A              
     e( 16 - 16) =      7.32699  eV     1   --> A              
     e( 17 - 17) =      7.83452  eV     1   --> A              
     e( 18 - 18) =     10.18473  eV     1   --> A              
     e( 19 - 19) =     10.74532  eV     1   --> A              
     e( 20 - 20) =     11.62480  eV     1   --> A              
     e( 21 - 21) =     11.71103  eV     1   --> A              
     e( 22 - 22) =     12.46151  eV     1   --> A              
     e( 23 - 23) =     13.28982  eV     1   --> A              
     e( 24 - 24) =     14.07929  eV     1   --> A              
     e( 25 - 25) =     14.85644  eV     1   --> A              
     e( 26 - 26) =     15.12551  eV     1   --> A              

 **************************************************************************

 **************************************************************************

                    xk=(   0.43472,   0.40174,   0.00000  )

     Band symmetry, C_1 (1)     point group:

     e(  1 -  1) =    -45.31218  eV     1   --> A              
     e(  2 -  2) =    -23.84042  eV     1   --> A              
     e(  3 -  3) =    -23.53201  eV     1   --> A              
     e(  4 -  4) =    -23.28054  eV     1   --> A              
     e(  5 -  5) =    -20.56924  eV     1   --> A              
     e(  6 -  6) =    -12.07709  eV     1   --> A              
     e(  7 -  7) =     -3.11935  eV     1   --> A              
     e(  8 -  8) =     -2.77092  eV     1   --> A              
     e(  9 -  9) =     -2.52677  eV     1   --> A              
     e( 10 - 10) =     -2.23845  eV     1   --> A              
     e( 11 - 11) =     -0.63842  eV     1   --> A              
     e( 12 - 12) =     -0.07751  eV     1   --> A              
     e( 13 - 13) =      3.74643  eV     1   --> A              
     e( 14 - 14) =      6.53274  eV     1   --> A              
     e( 15 - 15) =      6.78338  eV     1   --> A              
     e( 16 - 16) =      7.32578  eV     1   --> A              
     e( 17 - 17) =      7.82405  eV     1   --> A              
     e( 18 - 18) =     10.19632  eV     1   --> A              
     e( 19 - 19) =     10.77427  eV     1   --> A              
     e( 20 - 20) =     11.64404  eV     1   --> A              
     e( 21 - 21) =     11.71610  eV     1   --> A              
     e( 22 - 22) =     12.46106  eV     1   --> A              
     e( 23 - 23) =     13.28980  eV     1   --> A              
     e( 24 - 24) =     14.08172  eV     1   --> A              
     e( 25 - 25) =     14.85654  eV     1   --> A              
     e( 26 - 26) =     15.12520  eV     1   --> A              

 **************************************************************************

 **************************************************************************

                    xk=(   0.43333,   0.40415,   0.00000  )

     Band symmetry, C_1 (1)     point group:

     e(  1 -  1) =    -45.31209  eV     1   --> A              
     e(  2 -  2) =    -23.83919  eV     1   --> A              
     e(  3 -  3) =    -23.53170  eV     1   --> A              
     e(  4 -  4) =    -23.28323  eV     1   --> A              
     e(  5 -  5) =    -20.56888  eV     1   --> A              
     e(  6 -  6) =    -12.07562  eV     1   --> A              
     e(  7 -  7) =     -3.11613  eV     1   --> A              
     e(  8 -  8) =     -2.77345  eV     1   --> A              
     e(  9 -  9) =     -2.52616  eV     1   --> A              
     e( 10 - 10) =     -2.23253  eV     1   --> A              
     e( 11 - 11) =     -0.63908  eV     1   --> A              
     e( 12 - 12) =     -0.09847  eV     1   --> A              
     e( 13 - 13) =      3.75781  eV     1   --> A              
     e( 14 - 14) =      6.53396  eV     1   --> A              
     e( 15 - 15) =      6.77901  eV     1   --> A              
     e( 16 - 16) =      7.32488  eV     1   --> A              
     e( 17 - 17) =      7.81367  eV     1   --> A              
     e( 18 - 18) =     10.20772  eV     1   --> A              
     e( 19 - 19) =     10.80339  eV     1   --> A              
     e( 20 - 20) =     11.66321  eV     1   --> A              
     e( 21 - 21) =     11.72170  eV     1   --> A              
     e( 22 - 22) =     12.46051  eV     1   --> A              
     e( 23 - 23) =     13.29009  eV     1   --> A              
     e( 24 - 24) =     14.08444  eV     1   --> A              
     e( 25 - 25) =     14.85637  eV     1   --> A              
     e( 26 - 26) =     15.12526  eV     1   --> A              

 **************************************************************************

 **************************************************************************

                    xk=(   0.43194,   0.40655,   0.00000  )

     Band symmetry, C_1 (1)     point group:

     e(  1 -  1) =    -45.31200  eV     1   --> A              
     e(  2 -  2) =    -23.83795  eV     1   --> A              
     e(  3 -  3) =    -23.53138  eV     1   --> A              
     e(  4 -  4) =    -23.28594  eV     1   --> A              
     e(  5 -  5) =    -20.56851  eV     1   --> A              
     e(  6 -  6) =    -12.07413  eV     1   --> A              
     e(  7 -  7) =     -3.11295  eV     1   --> A              
     e(  8 -  8) =     -2.77588  eV     1   --> A              
     e(  9 -  9) =     -2.52552  eV     1   --> A              
     e( 10 - 10) =     -2.22657  eV     1   --> A              
     e( 11 - 11) =     -0.63979  eV     1   --> A              
     e( 12 - 12) =     -0.11954  eV     1   --> A              
     e( 13 - 13) =      3.76927  eV     1   --> A              
     e( 14 - 14) =      6.53507  eV     1   --> A              
     e( 15 - 15) =      6.77445  eV     1   --> A              
     e( 16 - 16) =      7.32427  eV     1   --> A              
     e( 17 - 17) =      7.80338  eV     1   --> A              
     e( 18 - 18) =     10.21895  eV     1   --> A              
     e( 19 - 19) =     10.83265  eV     1   --> A              
     e( 20 - 20) =     11.68190  eV     1   --> A              
     e( 21 - 21) =     11.72823  eV     1   --> A              
     e( 22 - 22) =     12.45991  eV     1   --> A              
     e( 23 - 23) =     13.29073  eV     1   --> A              
     e( 24 - 24) =     14.08745  eV     1   --> A              
     e( 25 - 25) =     14.85588  eV     1   --> A              
     e( 26 - 26) =     15.12569  eV     1   --> A              

 **************************************************************************

 **************************************************************************

                    xk=(   0.43056,   0.40896,   0.00000  )

     Band symmetry, C_1 (1)     point group:

     e(  1 -  1) =    -45.31191  eV     1   --> A              
     e(  2 -  2) =    -23.83669  eV     1   --> A              
     e(  3 -  3) =    -23.53107  eV     1   --> A              
     e(  4 -  4) =    -23.28870  eV     1   --> A              
     e(  5 -  5) =    -20.56815  eV     1   --> A              
     e(  6 -  6) =    -12.07263  eV     1   --> A              
     e(  7 -  7) =     -3.10982  eV     1   --> A              
     e(  8 -  8) =     -2.77820  eV     1   --> A              
     e(  9 -  9) =     -2.52489  eV     1   --> A              
     e( 10 - 10) =     -2.22056  eV     1   --> A              
     e( 11 - 11) =     -0.64055  eV     1   --> A              
     e( 12 - 12) =     -0.14070  eV     1   --> A              
     e( 13 - 13) =      3.78081  eV     1   --> A              
     e( 14 - 14) =      6.53605  eV     1   --> A              
     e( 15 - 15) =      6.76972  eV     1   --> A              
     e( 16 - 16) =      7.32394  eV     1   --> A              
     e( 17 - 17) =      7.79319  eV     1   --> A              
     e( 18 - 18) =     10.22998  eV     1   --> A              
     e( 19 - 19) =     10.86202  eV     1   --> A              
     e( 20 - 20) =     11.69920  eV     1   --> A              
     e( 21 - 21) =     11.73655  eV     1   --> A              
     e( 22 - 22) =     12.45929  eV     1   --> A              
     e( 23 - 23) =     13.29174  eV     1   --> A              
     e( 24 - 24) =     14.09072  eV     1   --> A              
     e( 25 - 25) =     14.85508  eV     1   --> A              
     e( 26 - 26) =     15.12651  eV     1   --> A              

 **************************************************************************

 **************************************************************************

                    xk=(   0.42917,   0.41136,   0.00000  )

     Band symmetry, C_1 (1)     point group:

     e(  1 -  1) =    -45.31182  eV     1   --> A              
     e(  2 -  2) =    -23.83541  eV     1   --> A              
     e(  3 -  3) =    -23.53076  eV     1   --> A              
     e(  4 -  4) =    -23.29148  eV     1   --> A              
     e(  5 -  5) =    -20.56779  eV     1   --> A              
     e(  6 -  6) =    -12.07111  eV     1   --> A              
     e(  7 -  7) =     -3.10673  eV     1   --> A              
     e(  8 -  8) =     -2.78042  eV     1   --> A              
     e(  9 -  9) =     -2.52424  eV     1   --> A              
     e( 10 - 10) =     -2.21452  eV     1   --> A              
     e( 11 - 11) =     -0.64137  eV     1   --> A              
     e( 12 - 12) =     -0.16194  eV     1   --> A              
     e( 13 - 13) =      3.79241  eV     1   --> A              
     e( 14 - 14) =      6.53689  eV     1   --> A              
     e( 15 - 15) =      6.76484  eV     1   --> A              
     e( 16 - 16) =      7.32391  eV     1   --> A              
     e( 17 - 17) =      7.78310  eV     1   --> A              
     e( 18 - 18) =     10.24082  eV     1   --> A              
     e( 19 - 19) =     10.89148  eV     1   --> A              
     e( 20 - 20) =     11.71366  eV     1   --> A              
     e( 21 - 21) =     11.74809  eV     1   --> A              
     e( 22 - 22) =     12.45869  eV     1   --> A              
     e( 23 - 23) =     13.29314  eV     1   --> A              
     e( 24 - 24) =     14.09424  eV     1   --> A              
     e( 25 - 25) =     14.85393  eV     1   --> A              
     e( 26 - 26) =     15.12772  eV     1   --> A              

 **************************************************************************

 **************************************************************************

                    xk=(   0.42778,   0.41377,   0.00000  )

     Band symmetry, C_1 (1)     point group:

     e(  1 -  1) =    -45.31173  eV     1   --> A              
     e(  2 -  2) =    -23.83411  eV     1   --> A              
     e(  3 -  3) =    -23.53044  eV     1   --> A              
     e(  4 -  4) =    -23.29429  eV     1   --> A              
     e(  5 -  5) =    -20.56743  eV     1   --> A              
     e(  6 -  6) =    -12.06957  eV     1   --> A              
     e(  7 -  7) =     -3.10369  eV     1   --> A              
     e(  8 -  8) =     -2.78252  eV     1   --> A              
     e(  9 -  9) =     -2.52357  eV     1   --> A              
     e( 10 - 10) =     -2.20842  eV     1   --> A              
     e( 11 - 11) =     -0.64226  eV     1   --> A              
     e( 12 - 12) =     -0.18323  eV     1   --> A              
     e( 13 - 13) =      3.80408  eV     1   --> A              
     e( 14 - 14) =      6.53761  eV     1   --> A              
     e( 15 - 15) =      6.75980  eV     1   --> A              
     e( 16 - 16) =      7.32415  eV     1   --> A              
     e( 17 - 17) =      7.77312  eV     1   --> A              
     e( 18 - 18) =     10.25146  eV     1   --> A              
     e( 19 - 19) =     10.92100  eV     1   --> A              
     e( 20 - 20) =     11.72447  eV     1   --> A              
     e( 21 - 21) =     11.76359  eV     1   --> A              
     e( 22 - 22) =     12.45817  eV     1   --> A              
     e( 23 - 23) =     13.29495  eV     1   --> A              
     e( 24 - 24) =     14.09801  eV     1   --> A              
     e( 25 - 25) =     14.85244  eV     1   --> A              
     e( 26 - 26) =     15.12932  eV     1   --> A              

 **************************************************************************

 **************************************************************************

                    xk=(   0.42639,   0.41617,   0.00000  )

     Band symmetry, C_1 (1)     point group:

     e(  1 -  1) =    -45.31163  eV     1   --> A              
     e(  2 -  2) =    -23.83280  eV     1   --> A              
     e(  3 -  3) =    -23.53012  eV     1   --> A              
     e(  4 -  4) =    -23.29711  eV     1   --> A              
     e(  5 -  5) =    -20.56706  eV     1   --> A              
     e(  6 -  6) =    -12.06802  eV     1   --> A              
     e(  7 -  7) =     -3.10072  eV     1   --> A              
     e(  8 -  8) =     -2.78448  eV     1   --> A              
     e(  9 -  9) =     -2.52288  eV     1   --> A              
     e( 10 - 10) =     -2.20228  eV     1   --> A              
     e( 11 - 11) =     -0.64322  eV     1   --> A              
     e( 12 - 12) =     -0.20456  eV     1   --> A              
     e( 13 - 13) =      3.81581  eV     1   --> A              
     e( 14 - 14) =      6.53819  eV     1   --> A              
     e( 15 - 15) =      6.75462  eV     1   --> A              
     e( 16 - 16) =      7.32468  eV     1   --> A              
     e( 17 - 17) =      7.76326  eV     1   --> A              
     e( 18 - 18) =     10.26190  eV     1   --> A              
     e( 19 - 19) =     10.95057  eV     1   --> A              
     e( 20 - 20) =     11.73263  eV     1   --> A              
     e( 21 - 21) =     11.78199  eV     1   --> A              
     e( 22 - 22) =     12.45780  eV     1   --> A              
     e( 23 - 23) =     13.29719  eV     1   --> A              
     e( 24 - 24) =     14.10201  eV     1   --> A              
     e( 25 - 25) =     14.85059  eV     1   --> A              
     e( 26 - 26) =     15.13130  eV     1   --> A              

 **************************************************************************

 **************************************************************************

                    xk=(   0.42500,   0.41858,   0.00000  )

     Band symmetry, C_1 (1)     point group:

     e(  1 -  1) =    -45.31154  eV     1   --> A              
     e(  2 -  2) =    -23.83148  eV     1   --> A              
     e(  3 -  3) =    -23.52979  eV     1   --> A              
     e(  4 -  4) =    -23.29997  eV     1   --> A              
     e(  5 -  5) =    -20.56670  eV     1   --> A              
     e(  6 -  6) =    -12.06646  eV     1   --> A              
     e(  7 -  7) =     -3.09782  eV     1   --> A              
     e(  8 -  8) =     -2.78632  eV     1   --> A              
     e(  9 -  9) =     -2.52218  eV     1   --> A              
     e( 10 - 10) =     -2.19609  eV     1   --> A              
     e( 11 - 11) =     -0.64428  eV     1   --> A              
     e( 12 - 12) =     -0.22591  eV     1   --> A              
     e( 13 - 13) =      3.82758  eV     1   --> A              
     e( 14 - 14) =      6.53863  eV     1   --> A              
     e( 15 - 15) =      6.74931  eV     1   --> A              
     e( 16 - 16) =      7.32547  eV     1   --> A              
     e( 17 - 17) =      7.75350  eV     1   --> A              
     e( 18 - 18) =     10.27213  eV     1   --> A              
     e( 19 - 19) =     10.98015  eV     1   --> A              
     e( 20 - 20) =     11.73946  eV     1   --> A              
     e( 21 - 21) =     11.80191  eV     1   --> A              
     e( 22 - 22) =     12.45765  eV     1   --> A              
     e( 23 - 23) =     13.29986  eV     1   --> A              
     e( 24 - 24) =     14.10621  eV     1   --> A              
     e( 25 - 25) =     14.84836  eV     1   --> A              
     e( 26 - 26) =     15.13368  eV     1   --> A              

 **************************************************************************

 **************************************************************************

                    xk=(   0.42361,   0.42098,   0.00000  )

     Band symmetry, C_1 (1)     point group:

     e(  1 -  1) =    -45.31145  eV     1   --> A              
     e(  2 -  2) =    -23.83014  eV     1   --> A              
     e(  3 -  3) =    -23.52947  eV     1   --> A              
     e(  4 -  4) =    -23.30285  eV     1   --> A              
     e(  5 -  5) =    -20.56633  eV     1   --> A              
     e(  6 -  6) =    -12.06489  eV     1   --> A              
     e(  7 -  7) =     -3.09501  eV     1   --> A              
     e(  8 -  8) =     -2.78804  eV     1   --> A              
     e(  9 -  9) =     -2.52147  eV     1   --> A              
     e( 10 - 10) =     -2.18986  eV     1   --> A              
     e( 11 - 11) =     -0.64544  eV     1   --> A              
     e( 12 - 12) =     -0.24724  eV     1   --> A              
     e( 13 - 13) =      3.83940  eV     1   --> A              
     e( 14 - 14) =      6.53892  eV     1   --> A              
     e( 15 - 15) =      6.74390  eV     1   --> A              
     e( 16 - 16) =      7.32650  eV     1   --> A              
     e( 17 - 17) =      7.74387  eV     1   --> A              
     e( 18 - 18) =     10.28214  eV     1   --> A              
     e( 19 - 19) =     11.00973  eV     1   --> A              
     e( 20 - 20) =     11.74568  eV     1   --> A              
     e( 21 - 21) =     11.82252  eV     1   --> A              
     e( 22 - 22) =     12.45782  eV     1   --> A              
     e( 23 - 23) =     13.30299  eV     1   --> A              
     e( 24 - 24) =     14.11061  eV     1   --> A              
     e( 25 - 25) =     14.84576  eV     1   --> A              
     e( 26 - 26) =     15.13643  eV     1   --> A              

 **************************************************************************

 **************************************************************************

                    xk=(   0.42222,   0.42339,   0.00000  )

     Band symmetry, C_1 (1)     point group:

     e(  1 -  1) =    -45.31135  eV     1   --> A              
     e(  2 -  2) =    -23.82879  eV     1   --> A              
     e(  3 -  3) =    -23.52915  eV     1   --> A              
     e(  4 -  4) =    -23.30574  eV     1   --> A              
     e(  5 -  5) =    -20.56597  eV     1   --> A              
     e(  6 -  6) =    -12.06330  eV     1   --> A              
     e(  7 -  7) =     -3.09227  eV     1   --> A              
     e(  8 -  8) =     -2.78960  eV     1   --> A              
     e(  9 -  9) =     -2.52074  eV     1   --> A              
     e( 10 - 10) =     -2.18359  eV     1   --> A              
     e( 11 - 11) =     -0.64672  eV     1   --> A              
     e( 12 - 12) =     -0.26854  eV     1   --> A              
     e( 13 - 13) =      3.85127  eV     1   --> A              
     e( 14 - 14) =      6.53907  eV     1   --> A              
     e( 15 - 15) =      6.73838  eV     1   --> A              
     e( 16 - 16) =      7.32779  eV     1   --> A              
     e( 17 - 17) =      7.73436  eV     1   --> A              
     e( 18 - 18) =     10.29193  eV     1   --> A              
     e( 19 - 19) =     11.03929  eV     1   --> A              
     e( 20 - 20) =     11.75163  eV     1   --> A              
     e( 21 - 21) =     11.84341  eV     1   --> A              
     e( 22 - 22) =     12.45841  eV     1   --> A              
     e( 23 - 23) =     13.30659  eV     1   --> A              
     e( 24 - 24) =     14.11517  eV     1   --> A              
     e( 25 - 25) =     14.84276  eV     1   --> A              
     e( 26 - 26) =     15.13955  eV     1   --> A              

 **************************************************************************

 **************************************************************************

                    xk=(   0.42083,   0.42580,   0.00000  )

     Band symmetry, C_1 (1)     point group:

     e(  1 -  1) =    -45.31126  eV     1   --> A              
     e(  2 -  2) =    -23.82743  eV     1   --> A              
     e(  3 -  3) =    -23.52882  eV     1   --> A              
     e(  4 -  4) =    -23.30866  eV     1   --> A              
     e(  5 -  5) =    -20.56561  eV     1   --> A              
     e(  6 -  6) =    -12.06171  eV     1   --> A              
     e(  7 -  7) =     -3.08964  eV     1   --> A              
     e(  8 -  8) =     -2.79103  eV     1   --> A              
     e(  9 -  9) =     -2.52000  eV     1   --> A              
     e( 10 - 10) =     -2.17726  eV     1   --> A              
     e( 11 - 11) =     -0.64813  eV     1   --> A              
     e( 12 - 12) =     -0.28977  eV     1   --> A              
     e( 13 - 13) =      3.86316  eV     1   --> A              
     e( 14 - 14) =      6.53907  eV     1   --> A              
     e( 15 - 15) =      6.73279  eV     1   --> A              
     e( 16 - 16) =      7.32930  eV     1   --> A              
     e( 17 - 17) =      7.72498  eV     1   --> A              
     e( 18 - 18) =     10.30149  eV     1   --> A              
     e( 19 - 19) =     11.06882  eV     1   --> A              
     e( 20 - 20) =     11.75748  eV     1   --> A              
     e( 21 - 21) =     11.86428  eV     1   --> A              
     e( 22 - 22) =     12.45955  eV     1   --> A              
     e( 23 - 23) =     13.31065  eV     1   --> A              
     e( 24 - 24) =     14.11988  eV     1   --> A              
     e( 25 - 25) =     14.83937  eV     1   --> A              
     e( 26 - 26) =     15.14303  eV     1   --> A              

 **************************************************************************

 **************************************************************************

                    xk=(   0.41944,   0.42820,   0.00000  )

     Band symmetry, C_1 (1)     point group:

     e(  1 -  1) =    -45.31116  eV     1   --> A              
     e(  2 -  2) =    -23.82605  eV     1   --> A              
     e(  3 -  3) =    -23.52849  eV     1   --> A              
     e(  4 -  4) =    -23.31159  eV     1   --> A              
     e(  5 -  5) =    -20.56525  eV     1   --> A              
     e(  6 -  6) =    -12.06010  eV     1   --> A              
     e(  7 -  7) =     -3.08710  eV     1   --> A              
     e(  8 -  8) =     -2.79230  eV     1   --> A              
     e(  9 -  9) =     -2.51924  eV     1   --> A              
     e( 10 - 10) =     -2.17088  eV     1   --> A              
     e( 11 - 11) =     -0.64971  eV     1   --> A              
     e( 12 - 12) =     -0.31090  eV     1   --> A              
     e( 13 - 13) =      3.87509  eV     1   --> A              
     e( 14 - 14) =      6.53892  eV     1   --> A              
     e( 15 - 15) =      6.72713  eV     1   --> A              
     e( 16 - 16) =      7.33103  eV     1   --> A              
     e( 17 - 17) =      7.71575  eV     1   --> A              
     e( 18 - 18) =     10.31083  eV     1   --> A              
     e( 19 - 19) =     11.09829  eV     1   --> A              
     e( 20 - 20) =     11.76331  eV     1   --> A              
     e( 21 - 21) =     11.88494  eV     1   --> A              
     e( 22 - 22) =     12.46137  eV     1   --> A              
     e( 23 - 23) =     13.31518  eV     1   --> A              
     e( 24 - 24) =     14.12471  eV     1   --> A              
     e( 25 - 25) =     14.83558  eV     1   --> A              
     e( 26 - 26) =     15.14686  eV     1   --> A              

 **************************************************************************

 **************************************************************************

                    xk=(   0.41806,   0.43061,   0.00000  )

     Band symmetry, C_1 (1)     point group:

     e(  1 -  1) =    -45.31107  eV     1   --> A              
     e(  2 -  2) =    -23.82467  eV     1   --> A              
     e(  3 -  3) =    -23.52816  eV     1   --> A              
     e(  4 -  4) =    -23.31453  eV     1   --> A              
     e(  5 -  5) =    -20.56489  eV     1   --> A              
     e(  6 -  6) =    -12.05849  eV     1   --> A              
     e(  7 -  7) =     -3.08467  eV     1   --> A              
     e(  8 -  8) =     -2.79343  eV     1   --> A              
     e(  9 -  9) =     -2.51848  eV     1   --> A              
     e( 10 - 10) =     -2.16446  eV     1   --> A              
     e( 11 - 11) =     -0.65149  eV     1   --> A              
     e( 12 - 12) =     -0.33188  eV     1   --> A              
     e( 13 - 13) =      3.88702  eV     1   --> A              
     e( 14 - 14) =      6.53861  eV     1   --> A              
     e( 15 - 15) =      6.72143  eV     1   --> A              
     e( 16 - 16) =      7.33296  eV     1   --> A              
     e( 17 - 17) =      7.70666  eV     1   --> A              
     e( 18 - 18) =     10.31992  eV     1   --> A              
     e( 19 - 19) =     11.12769  eV     1   --> A              
     e( 20 - 20) =     11.76915  eV     1   --> A              
     e( 21 - 21) =     11.90519  eV     1   --> A              
     e( 22 - 22) =     12.46402  eV     1   --> A              
     e( 23 - 23) =     13.32020  eV     1   --> A              
     e( 24 - 24) =     14.12963  eV     1   --> A              
     e( 25 - 25) =     14.83138  eV     1   --> A              
     e( 26 - 26) =     15.15102  eV     1   --> A              

 **************************************************************************

 **************************************************************************

                    xk=(   0.41667,   0.43301,   0.00000  )

     Band symmetry, C_1 (1)     point group:

     e(  1 -  1) =    -45.31097  eV     1   --> A              
     e(  2 -  2) =    -23.82328  eV     1   --> A              
     e(  3 -  3) =    -23.52782  eV     1   --> A              
     e(  4 -  4) =    -23.31749  eV     1   --> A              
     e(  5 -  5) =    -20.56453  eV     1   --> A              
     e(  6 -  6) =    -12.05687  eV     1   --> A              
     e(  7 -  7) =     -3.08236  eV     1   --> A              
     e(  8 -  8) =     -2.79439  eV     1   --> A              
     e(  9 -  9) =     -2.51768  eV     1   --> A              
     e( 10 - 10) =     -2.15798  eV     1   --> A              
     e( 11 - 11) =     -0.65349  eV     1   --> A              
     e( 12 - 12) =     -0.35268  eV     1   --> A              
     e( 13 - 13) =      3.89898  eV     1   --> A              
     e( 14 - 14) =      6.53815  eV     1   --> A              
     e( 15 - 15) =      6.71569  eV     1   --> A              
     e( 16 - 16) =      7.33506  eV     1   --> A              
     e( 17 - 17) =      7.69773  eV     1   --> A              
     e( 18 - 18) =     10.32878  eV     1   --> A              
     e( 19 - 19) =     11.15699  eV     1   --> A              
     e( 20 - 20) =     11.77505  eV     1   --> A              
     e( 21 - 21) =     11.92484  eV     1   --> A              
     e( 22 - 22) =     12.46769  eV     1   --> A              
     e( 23 - 23) =     13.32568  eV     1   --> A              
     e( 24 - 24) =     14.13463  eV     1   --> A              
     e( 25 - 25) =     14.82679  eV     1   --> A              
     e( 26 - 26) =     15.15551  eV     1   --> A              

 **************************************************************************

 **************************************************************************

                    xk=(   0.41528,   0.43542,   0.00000  )

     Band symmetry, C_1 (1)     point group:

     e(  1 -  1) =    -45.31087  eV     1   --> A              
     e(  2 -  2) =    -23.82187  eV     1   --> A              
     e(  3 -  3) =    -23.52749  eV     1   --> A              
     e(  4 -  4) =    -23.32045  eV     1   --> A              
     e(  5 -  5) =    -20.56417  eV     1   --> A              
     e(  6 -  6) =    -12.05524  eV     1   --> A              
     e(  7 -  7) =     -3.08016  eV     1   --> A              
     e(  8 -  8) =     -2.79519  eV     1   --> A              
     e(  9 -  9) =     -2.51688  eV     1   --> A              
     e( 10 - 10) =     -2.15144  eV     1   --> A              
     e( 11 - 11) =     -0.65576  eV     1   --> A              
     e( 12 - 12) =     -0.37323  eV     1   --> A              
     e( 13 - 13) =      3.91095  eV     1   --> A              
     e( 14 - 14) =      6.53753  eV     1   --> A              
     e( 15 - 15) =      6.70995  eV     1   --> A              
     e( 16 - 16) =      7.33733  eV     1   --> A              
     e( 17 - 17) =      7.68896  eV     1   --> A              
     e( 18 - 18) =     10.33739  eV     1   --> A              
     e( 19 - 19) =     11.18620  eV     1   --> A              
     e( 20 - 20) =     11.78102  eV     1   --> A              
     e( 21 - 21) =     11.94372  eV     1   --> A              
     e( 22 - 22) =     12.47254  eV     1   --> A              
     e( 23 - 23) =     13.33164  eV     1   --> A              
     e( 24 - 24) =     14.13966  eV     1   --> A              
     e( 25 - 25) =     14.82179  eV     1   --> A              
     e( 26 - 26) =     15.16029  eV     1   --> A              

 **************************************************************************

 **************************************************************************

                    xk=(   0.41389,   0.43782,   0.00000  )

     Band symmetry, C_1 (1)     point group:

     e(  1 -  1) =    -45.31078  eV     1   --> A              
     e(  2 -  2) =    -23.82046  eV     1   --> A              
     e(  3 -  3) =    -23.52716  eV     1   --> A              
     e(  4 -  4) =    -23.32342  eV     1   --> A              
     e(  5 -  5) =    -20.56381  eV     1   --> A              
     e(  6 -  6) =    -12.05361  eV     1   --> A              
     e(  7 -  7) =     -3.07808  eV     1   --> A              
     e(  8 -  8) =     -2.79582  eV     1   --> A              
     e(  9 -  9) =     -2.51607  eV     1   --> A              
     e( 10 - 10) =     -2.14485  eV     1   --> A              
     e( 11 - 11) =     -0.65837  eV     1   --> A              
     e( 12 - 12) =     -0.39346  eV     1   --> A              
     e( 13 - 13) =      3.92292  eV     1   --> A              
     e( 14 - 14) =      6.53675  eV     1   --> A              
     e( 15 - 15) =      6.70420  eV     1   --> A              
     e( 16 - 16) =      7.33974  eV     1   --> A              
     e( 17 - 17) =      7.68037  eV     1   --> A              
     e( 18 - 18) =     10.34575  eV     1   --> A              
     e( 19 - 19) =     11.21529  eV     1   --> A              
     e( 20 - 20) =     11.78707  eV     1   --> A              
     e( 21 - 21) =     11.96163  eV     1   --> A              
     e( 22 - 22) =     12.47877  eV     1   --> A              
     e( 23 - 23) =     13.33807  eV     1   --> A              
     e( 24 - 24) =     14.14469  eV     1   --> A              
     e( 25 - 25) =     14.81639  eV     1   --> A              
     e( 26 - 26) =     15.16536  eV     1   --> A              

 **************************************************************************

 **************************************************************************

                    xk=(   0.41250,   0.44023,   0.00000  )

     Band symmetry, C_1 (1)     point group:

     e(  1 -  1) =    -45.31068  eV     1   --> A              
     e(  2 -  2) =    -23.81905  eV     1   --> A              
     e(  3 -  3) =    -23.52683  eV     1   --> A              
     e(  4 -  4) =    -23.32640  eV     1   --> A              
     e(  5 -  5) =    -20.56346  eV     1   --> A              
     e(  6 -  6) =    -12.05198  eV     1   --> A              
     e(  7 -  7) =     -3.07614  eV     1   --> A              
     e(  8 -  8) =     -2.79630  eV     1   --> A              
     e(  9 -  9) =     -2.51525  eV     1   --> A              
     e( 10 - 10) =     -2.13822  eV     1   --> A              
     e( 11 - 11) =     -0.66139  eV     1   --> A              
     e( 12 - 12) =     -0.41331  eV     1   --> A              
     e( 13 - 13) =      3.93488  eV     1   --> A              
     e( 14 - 14) =      6.53581  eV     1   --> A              
     e( 15 - 15) =      6.69849  eV     1   --> A              
     e( 16 - 16) =      7.34225  eV     1   --> A              
     e( 17 - 17) =      7.67196  eV     1   --> A              
     e( 18 - 18) =     10.35385  eV     1   --> A              
     e( 19 - 19) =     11.24425  eV     1   --> A              
     e( 20 - 20) =     11.79320  eV     1   --> A              
     e( 21 - 21) =     11.97840  eV     1   --> A              
     e( 22 - 22) =     12.48655  eV     1   --> A              
     e( 23 - 23) =     13.34495  eV     1   --> A              
     e( 24 - 24) =     14.14968  eV     1   --> A              
     e( 25 - 25) =     14.81059  eV     1   --> A              
     e( 26 - 26) =     15.17069  eV     1   --> A              

 **************************************************************************

 **************************************************************************

                    xk=(   0.41111,   0.44264,   0.00000  )

     Band symmetry, C_1 (1)     point group:

     e(  1 -  1) =    -45.31058  eV     1   --> A              
     e(  2 -  2) =    -23.81762  eV     1   --> A              
     e(  3 -  3) =    -23.52649  eV     1   --> A              
     e(  4 -  4) =    -23.32939  eV     1   --> A              
     e(  5 -  5) =    -20.56311  eV     1   --> A              
     e(  6 -  6) =    -12.05033  eV     1   --> A              
     e(  7 -  7) =     -3.07433  eV     1   --> A              
     e(  8 -  8) =     -2.79661  eV     1   --> A              
     e(  9 -  9) =     -2.51442  eV     1   --> A              
     e( 10 - 10) =     -2.13152  eV     1   --> A              
     e( 11 - 11) =     -0.66489  eV     1   --> A              
     e( 12 - 12) =     -0.43267  eV     1   --> A              
     e( 13 - 13) =      3.94683  eV     1   --> A              
     e( 14 - 14) =      6.53470  eV     1   --> A              
     e( 15 - 15) =      6.69281  eV     1   --> A              
     e( 16 - 16) =      7.34486  eV     1   --> A              
     e( 17 - 17) =      7.66375  eV     1   --> A              
     e( 18 - 18) =     10.36170  eV     1   --> A              
     e( 19 - 19) =     11.27306  eV     1   --> A              
     e( 20 - 20) =     11.79943  eV     1   --> A              
     e( 21 - 21) =     11.99386  eV     1   --> A              
     e( 22 - 22) =     12.49605  eV     1   --> A              
     e( 23 - 23) =     13.35229  eV     1   --> A              
     e( 24 - 24) =     14.15460  eV     1   --> A              
     e( 25 - 25) =     14.80440  eV     1   --> A              
     e( 26 - 26) =     15.17626  eV     1   --> A              

 **************************************************************************

 **************************************************************************

                    xk=(   0.40972,   0.44504,   0.00000  )

     Band symmetry, C_1 (1)     point group:

     e(  1 -  1) =    -45.31049  eV     1   --> A              
     e(  2 -  2) =    -23.81619  eV     1   --> A              
     e(  3 -  3) =    -23.52616  eV     1   --> A              
     e(  4 -  4) =    -23.33237  eV     1   --> A              
     e(  5 -  5) =    -20.56276  eV     1   --> A              
     e(  6 -  6) =    -12.04869  eV     1   --> A              
     e(  7 -  7) =     -3.07266  eV     1   --> A              
     e(  8 -  8) =     -2.79675  eV     1   --> A              
     e(  9 -  9) =     -2.51357  eV     1   --> A              
     e( 10 - 10) =     -2.12476  eV     1   --> A              
     e( 11 - 11) =     -0.66899  eV     1   --> A              
     e( 12 - 12) =     -0.45143  eV     1   --> A              
     e( 13 - 13) =      3.95877  eV     1   --> A              
     e( 14 - 14) =      6.53343  eV     1   --> A              
     e( 15 - 15) =      6.68720  eV     1   --> A              
     e( 16 - 16) =      7.34753  eV     1   --> A              
     e( 17 - 17) =      7.65575  eV     1   --> A              
     e( 18 - 18) =     10.36928  eV     1   --> A              
     e( 19 - 19) =     11.30172  eV     1   --> A              
     e( 20 - 20) =     11.80576  eV     1   --> A              
     e( 21 - 21) =     12.00789  eV     1   --> A              
     e( 22 - 22) =     12.50742  eV     1   --> A              
     e( 23 - 23) =     13.36007  eV     1   --> A              
     e( 24 - 24) =     14.15940  eV     1   --> A              
     e( 25 - 25) =     14.79783  eV     1   --> A              
     e( 26 - 26) =     15.18205  eV     1   --> A              

 **************************************************************************

 **************************************************************************

                    xk=(   0.40833,   0.44745,   0.00000  )

     Band symmetry, C_1 (1)     point group:

     e(  1 -  1) =    -45.31039  eV     1   --> A              
     e(  2 -  2) =    -23.81476  eV     1   --> A              
     e(  3 -  3) =    -23.52583  eV     1   --> A              
     e(  4 -  4) =    -23.33536  eV     1   --> A              
     e(  5 -  5) =    -20.56241  eV     1   --> A              
     e(  6 -  6) =    -12.04705  eV     1   --> A              
     e(  7 -  7) =     -3.07112  eV     1   --> A              
     e(  8 -  8) =     -2.79672  eV     1   --> A              
     e(  9 -  9) =     -2.51271  eV     1   --> A              
     e( 10 - 10) =     -2.11795  eV     1   --> A              
     e( 11 - 11) =     -0.67382  eV     1   --> A              
     e( 12 - 12) =     -0.46945  eV     1   --> A              
     e( 13 - 13) =      3.97067  eV     1   --> A              
     e( 14 - 14) =      6.53200  eV     1   --> A              
     e( 15 - 15) =      6.68166  eV     1   --> A              
     e( 16 - 16) =      7.35024  eV     1   --> A              
     e( 17 - 17) =      7.64798  eV     1   --> A              
     e( 18 - 18) =     10.37659  eV     1   --> A              
     e( 19 - 19) =     11.33020  eV     1   --> A              
     e( 20 - 20) =     11.81218  eV     1   --> A              
     e( 21 - 21) =     12.02038  eV     1   --> A              
     e( 22 - 22) =     12.52076  eV     1   --> A              
     e( 23 - 23) =     13.36827  eV     1   --> A              
     e( 24 - 24) =     14.16404  eV     1   --> A              
     e( 25 - 25) =     14.79088  eV     1   --> A              
     e( 26 - 26) =     15.18803  eV     1   --> A              

 **************************************************************************

 **************************************************************************

                    xk=(   0.40694,   0.44985,   0.00000  )

     Band symmetry, C_1 (1)     point group:

     e(  1 -  1) =    -45.31029  eV     1   --> A              
     e(  2 -  2) =    -23.81332  eV     1   --> A              
     e(  3 -  3) =    -23.52550  eV     1   --> A              
     e(  4 -  4) =    -23.33834  eV     1   --> A              
     e(  5 -  5) =    -20.56207  eV     1   --> A              
     e(  6 -  6) =    -12.04540  eV     1   --> A              
     e(  7 -  7) =     -3.06973  eV     1   --> A              
     e(  8 -  8) =     -2.79652  eV     1   --> A              
     e(  9 -  9) =     -2.51185  eV     1   --> A              
     e( 10 - 10) =     -2.11108  eV     1   --> A              
     e( 11 - 11) =     -0.67951  eV     1   --> A              
     e( 12 - 12) =     -0.48658  eV     1   --> A              
     e( 13 - 13) =      3.98255  eV     1   --> A              
     e( 14 - 14) =      6.53040  eV     1   --> A              
     e( 15 - 15) =      6.67621  eV     1   --> A              
     e( 16 - 16) =      7.35295  eV     1   --> A              
     e( 17 - 17) =      7.64046  eV     1   --> A              
     e( 18 - 18) =     10.38363  eV     1   --> A              
     e( 19 - 19) =     11.35850  eV     1   --> A              
     e( 20 - 20) =     11.81871  eV     1   --> A              
     e( 21 - 21) =     12.03128  eV     1   --> A              
     e( 22 - 22) =     12.53613  eV     1   --> A              
     e( 23 - 23) =     13.37688  eV     1   --> A              
     e( 24 - 24) =     14.16845  eV     1   --> A              
     e( 25 - 25) =     14.78358  eV     1   --> A              
     e( 26 - 26) =     15.19418  eV     1   --> A              

 **************************************************************************

 **************************************************************************

                    xk=(   0.40556,   0.45226,   0.00000  )

     Band symmetry, C_1 (1)     point group:

     e(  1 -  1) =    -45.31019  eV     1   --> A              
     e(  2 -  2) =    -23.81187  eV     1   --> A              
     e(  3 -  3) =    -23.52517  eV     1   --> A              
     e(  4 -  4) =    -23.34132  eV     1   --> A              
     e(  5 -  5) =    -20.56173  eV     1   --> A              
     e(  6 -  6) =    -12.04376  eV     1   --> A              
     e(  7 -  7) =     -3.06847  eV     1   --> A              
     e(  8 -  8) =     -2.79617  eV     1   --> A              
     e(  9 -  9) =     -2.51096  eV     1   --> A              
     e( 10 - 10) =     -2.10414  eV     1   --> A              
     e( 11 - 11) =     -0.68622  eV     1   --> A              
     e( 12 - 12) =     -0.50265  eV     1   --> A              
     e( 13 - 13) =      3.99439  eV     1   --> A              
     e( 14 - 14) =      6.52864  eV     1   --> A              
     e( 15 - 15) =      6.67087  eV     1   --> A              
     e( 16 - 16) =      7.35564  eV     1   --> A              
     e( 17 - 17) =      7.63320  eV     1   --> A              
     e( 18 - 18) =     10.39040  eV     1   --> A              
     e( 19 - 19) =     11.38660  eV     1   --> A              
     e( 20 - 20) =     11.82535  eV     1   --> A              
     e( 21 - 21) =     12.04058  eV     1   --> A              
     e( 22 - 22) =     12.55356  eV     1   --> A              
     e( 23 - 23) =     13.38589  eV     1   --> A              
     e( 24 - 24) =     14.17258  eV     1   --> A              
     e( 25 - 25) =     14.77596  eV     1   --> A              
     e( 26 - 26) =     15.20046  eV     1   --> A              

 **************************************************************************

 **************************************************************************

                    xk=(   0.40417,   0.45466,   0.00000  )

     Band symmetry, C_1 (1)     point group:

     e(  1 -  1) =    -45.31010  eV     1   --> A              
     e(  2 -  2) =    -23.81042  eV     1   --> A              
     e(  3 -  3) =    -23.52484  eV     1   --> A              
     e(  4 -  4) =    -23.34430  eV     1   --> A              
     e(  5 -  5) =    -20.56140  eV     1   --> A              
     e(  6 -  6) =    -12.04211  eV     1   --> A              
     e(  7 -  7) =     -3.06735  eV     1   --> A              
     e(  8 -  8) =     -2.79565  eV     1   --> A              
     e(  9 -  9) =     -2.51007  eV     1   --> A              
     e( 10 - 10) =     -2.09715  eV     1   --> A              
     e( 11 - 11) =     -0.69411  eV     1   --> A              
     e( 12 - 12) =     -0.51750  eV     1   --> A              
     e( 13 - 13) =      4.00617  eV     1   --> A              
     e( 14 - 14) =      6.52672  eV     1   --> A              
     e( 15 - 15) =      6.66565  eV     1   --> A              
     e( 16 - 16) =      7.35827  eV     1   --> A              
     e( 17 - 17) =      7.62623  eV     1   --> A              
     e( 18 - 18) =     10.39688  eV     1   --> A              
     e( 19 - 19) =     11.41449  eV     1   --> A              
     e( 20 - 20) =     11.83209  eV     1   --> A              
     e( 21 - 21) =     12.04835  eV     1   --> A              
     e( 22 - 22) =     12.57299  eV     1   --> A              
     e( 23 - 23) =     13.39527  eV     1   --> A              
     e( 24 - 24) =     14.17637  eV     1   --> A              
     e( 25 - 25) =     14.76802  eV     1   --> A              
     e( 26 - 26) =     15.20685  eV     1   --> A              

 **************************************************************************

 **************************************************************************

                    xk=(   0.40278,   0.45707,   0.00000  )

     Band symmetry, C_1 (1)     point group:

     e(  1 -  1) =    -45.31000  eV     1   --> A              
     e(  2 -  2) =    -23.80898  eV     1   --> A              
     e(  3 -  3) =    -23.52451  eV     1   --> A              
     e(  4 -  4) =    -23.34726  eV     1   --> A              
     e(  5 -  5) =    -20.56107  eV     1   --> A              
     e(  6 -  6) =    -12.04047  eV     1   --> A              
     e(  7 -  7) =     -3.06638  eV     1   --> A              
     e(  8 -  8) =     -2.79498  eV     1   --> A              
     e(  9 -  9) =     -2.50917  eV     1   --> A              
     e( 10 - 10) =     -2.09009  eV     1   --> A              
     e( 11 - 11) =     -0.70333  eV     1   --> A              
     e( 12 - 12) =     -0.53098  eV     1   --> A              
     e( 13 - 13) =      4.01791  eV     1   --> A              
     e( 14 - 14) =      6.52464  eV     1   --> A              
     e( 15 - 15) =      6.66056  eV     1   --> A              
     e( 16 - 16) =      7.36080  eV     1   --> A              
     e( 17 - 17) =      7.61957  eV     1   --> A              
     e( 18 - 18) =     10.40309  eV     1   --> A              
     e( 19 - 19) =     11.44214  eV     1   --> A              
     e( 20 - 20) =     11.83894  eV     1   --> A              
     e( 21 - 21) =     12.05466  eV     1   --> A              
     e( 22 - 22) =     12.59436  eV     1   --> A              
     e( 23 - 23) =     13.40500  eV     1   --> A              
     e( 24 - 24) =     14.17975  eV     1   --> A              
     e( 25 - 25) =     14.75983  eV     1   --> A              
     e( 26 - 26) =     15.21330  eV     1   --> A              

 **************************************************************************

 **************************************************************************

                    xk=(   0.40139,   0.45947,   0.00000  )

     Band symmetry, C_1 (1)     point group:

     e(  1 -  1) =    -45.30990  eV     1   --> A              
     e(  2 -  2) =    -23.80754  eV     1   --> A              
     e(  3 -  3) =    -23.52419  eV     1   --> A              
     e(  4 -  4) =    -23.35022  eV     1   --> A              
     e(  5 -  5) =    -20.56074  eV     1   --> A              
     e(  6 -  6) =    -12.03884  eV     1   --> A              
     e(  7 -  7) =     -3.06555  eV     1   --> A              
     e(  8 -  8) =     -2.79416  eV     1   --> A              
     e(  9 -  9) =     -2.50825  eV     1   --> A              
     e( 10 - 10) =     -2.08296  eV     1   --> A              
     e( 11 - 11) =     -0.71394  eV     1   --> A              
     e( 12 - 12) =     -0.54300  eV     1   --> A              
     e( 13 - 13) =      4.02958  eV     1   --> A              
     e( 14 - 14) =      6.52241  eV     1   --> A              
     e( 15 - 15) =      6.65562  eV     1   --> A              
     e( 16 - 16) =      7.36320  eV     1   --> A              
     e( 17 - 17) =      7.61324  eV     1   --> A              
     e( 18 - 18) =     10.40901  eV     1   --> A              
     e( 19 - 19) =     11.46954  eV     1   --> A              
     e( 20 - 20) =     11.84590  eV     1   --> A              
     e( 21 - 21) =     12.05965  eV     1   --> A              
     e( 22 - 22) =     12.61753  eV     1   --> A              
     e( 23 - 23) =     13.41507  eV     1   --> A              
     e( 24 - 24) =     14.18264  eV     1   --> A              
     e( 25 - 25) =     14.75142  eV     1   --> A              
     e( 26 - 26) =     15.21979  eV     1   --> A              

 **************************************************************************

 **************************************************************************

                    xk=(   0.40000,   0.46188,   0.00000  )

     Band symmetry, C_1 (1)     point group:

     e(  1 -  1) =    -45.30981  eV     1   --> A              
     e(  2 -  2) =    -23.80610  eV     1   --> A              
     e(  3 -  3) =    -23.52386  eV     1   --> A              
     e(  4 -  4) =    -23.35317  eV     1   --> A              
     e(  5 -  5) =    -20.56042  eV     1   --> A              
     e(  6 -  6) =    -12.03721  eV     1   --> A              
     e(  7 -  7) =     -3.06486  eV     1   --> A              
     e(  8 -  8) =     -2.79320  eV     1   --> A              
     e(  9 -  9) =     -2.50733  eV     1   --> A              
     e( 10 - 10) =     -2.07577  eV     1   --> A              
     e( 11 - 11) =     -0.72598  eV     1   --> A              
     e( 12 - 12) =     -0.55352  eV     1   --> A              
     e( 13 - 13) =      4.04119  eV     1   --> A              
     e( 14 - 14) =      6.52004  eV     1   --> A              
     e( 15 - 15) =      6.65083  eV     1   --> A              
     e( 16 - 16) =      7.36543  eV     1   --> A              
     e( 17 - 17) =      7.60727  eV     1   --> A              
     e( 18 - 18) =     10.41465  eV     1   --> A              
     e( 19 - 19) =     11.49665  eV     1   --> A              
     e( 20 - 20) =     11.85297  eV     1   --> A              
     e( 21 - 21) =     12.06347  eV     1   --> A              
     e( 22 - 22) =     12.64238  eV     1   --> A              
     e( 23 - 23) =     13.42544  eV     1   --> A              
     e( 24 - 24) =     14.18496  eV     1   --> A              
     e( 25 - 25) =     14.74286  eV     1   --> A              
     e( 26 - 26) =     15.22625  eV     1   --> A              

 **************************************************************************

 **************************************************************************

                    xk=(   0.39861,   0.46429,   0.00000  )

     Band symmetry, C_1 (1)     point group:

     e(  1 -  1) =    -45.30971  eV     1   --> A              
     e(  2 -  2) =    -23.80466  eV     1   --> A              
     e(  3 -  3) =    -23.52354  eV     1   --> A              
     e(  4 -  4) =    -23.35610  eV     1   --> A              
     e(  5 -  5) =    -20.56010  eV     1   --> A              
     e(  6 -  6) =    -12.03558  eV     1   --> A              
     e(  7 -  7) =     -3.06430  eV     1   --> A              
     e(  8 -  8) =     -2.79209  eV     1   --> A              
     e(  9 -  9) =     -2.50640  eV     1   --> A              
     e( 10 - 10) =     -2.06851  eV     1   --> A              
     e( 11 - 11) =     -0.73938  eV     1   --> A              
     e( 12 - 12) =     -0.56260  eV     1   --> A              
     e( 13 - 13) =      4.05272  eV     1   --> A              
     e( 14 - 14) =      6.51753  eV     1   --> A              
     e( 15 - 15) =      6.64620  eV     1   --> A              
     e( 16 - 16) =      7.36744  eV     1   --> A              
     e( 17 - 17) =      7.60170  eV     1   --> A              
     e( 18 - 18) =     10.42001  eV     1   --> A              
     e( 19 - 19) =     11.52344  eV     1   --> A              
     e( 20 - 20) =     11.86017  eV     1   --> A              
     e( 21 - 21) =     12.06628  eV     1   --> A              
     e( 22 - 22) =     12.66875  eV     1   --> A              
     e( 23 - 23) =     13.43610  eV     1   --> A              
     e( 24 - 24) =     14.18662  eV     1   --> A              
     e( 25 - 25) =     14.73420  eV     1   --> A              
     e( 26 - 26) =     15.23265  eV     1   --> A              

 **************************************************************************

 **************************************************************************

                    xk=(   0.39722,   0.46669,   0.00000  )

     Band symmetry, C_1 (1)     point group:

     e(  1 -  1) =    -45.30961  eV     1   --> A              
     e(  2 -  2) =    -23.80322  eV     1   --> A              
     e(  3 -  3) =    -23.52322  eV     1   --> A              
     e(  4 -  4) =    -23.35902  eV     1   --> A              
     e(  5 -  5) =    -20.55978  eV     1   --> A              
     e(  6 -  6) =    -12.03397  eV     1   --> A              
     e(  7 -  7) =     -3.06386  eV     1   --> A              
     e(  8 -  8) =     -2.79086  eV     1   --> A              
     e(  9 -  9) =     -2.50546  eV     1   --> A              
     e( 10 - 10) =     -2.06118  eV     1   --> A              
     e( 11 - 11) =     -0.75403  eV     1   --> A              
     e( 12 - 12) =     -0.57035  eV     1   --> A              
     e( 13 - 13) =      4.06416  eV     1   --> A              
     e( 14 - 14) =      6.51489  eV     1   --> A              
     e( 15 - 15) =      6.64174  eV     1   --> A              
     e( 16 - 16) =      7.36921  eV     1   --> A              
     e( 17 - 17) =      7.59655  eV     1   --> A              
     e( 18 - 18) =     10.42507  eV     1   --> A              
     e( 19 - 19) =     11.54989  eV     1   --> A              
     e( 20 - 20) =     11.86750  eV     1   --> A              
     e( 21 - 21) =     12.06827  eV     1   --> A              
     e( 22 - 22) =     12.69647  eV     1   --> A              
     e( 23 - 23) =     13.44701  eV     1   --> A              
     e( 24 - 24) =     14.18753  eV     1   --> A              
     e( 25 - 25) =     14.72553  eV     1   --> A              
     e( 26 - 26) =     15.23893  eV     1   --> A              

 **************************************************************************

 **************************************************************************

                    xk=(   0.39583,   0.46910,   0.00000  )

     Band symmetry, C_1 (1)     point group:

     e(  1 -  1) =    -45.30952  eV     1   --> A              
     e(  2 -  2) =    -23.80179  eV     1   --> A              
     e(  3 -  3) =    -23.52291  eV     1   --> A              
     e(  4 -  4) =    -23.36192  eV     1   --> A              
     e(  5 -  5) =    -20.55947  eV     1   --> A              
     e(  6 -  6) =    -12.03236  eV     1   --> A              
     e(  7 -  7) =     -3.06355  eV     1   --> A              
     e(  8 -  8) =     -2.78949  eV     1   --> A              
     e(  9 -  9) =     -2.50451  eV     1   --> A              
     e( 10 - 10) =     -2.05378  eV     1   --> A              
     e( 11 - 11) =     -0.76978  eV     1   --> A              
     e( 12 - 12) =     -0.57691  eV     1   --> A              
     e( 13 - 13) =      4.07552  eV     1   --> A              
     e( 14 - 14) =      6.51213  eV     1   --> A              
     e( 15 - 15) =      6.63745  eV     1   --> A              
     e( 16 - 16) =      7.37068  eV     1   --> A              
     e( 17 - 17) =      7.59185  eV     1   --> A              
     e( 18 - 18) =     10.42985  eV     1   --> A              
     e( 19 - 19) =     11.57594  eV     1   --> A              
     e( 20 - 20) =     11.87498  eV     1   --> A              
     e( 21 - 21) =     12.06961  eV     1   --> A              
     e( 22 - 22) =     12.72539  eV     1   --> A              
     e( 23 - 23) =     13.45813  eV     1   --> A              
     e( 24 - 24) =     14.18760  eV     1   --> A              
     e( 25 - 25) =     14.71693  eV     1   --> A              
     e( 26 - 26) =     15.24501  eV     1   --> A              

 **************************************************************************

 **************************************************************************

                    xk=(   0.39444,   0.47150,   0.00000  )

     Band symmetry, C_1 (1)     point group:

     e(  1 -  1) =    -45.30942  eV     1   --> A              
     e(  2 -  2) =    -23.80036  eV     1   --> A              
     e(  3 -  3) =    -23.52259  eV     1   --> A              
     e(  4 -  4) =    -23.36479  eV     1   --> A              
     e(  5 -  5) =    -20.55917  eV     1   --> A              
     e(  6 -  6) =    -12.03075  eV     1   --> A              
     e(  7 -  7) =     -3.06336  eV     1   --> A              
     e(  8 -  8) =     -2.78801  eV     1   --> A              
     e(  9 -  9) =     -2.50354  eV     1   --> A              
     e( 10 - 10) =     -2.04630  eV     1   --> A              
     e( 11 - 11) =     -0.78644  eV     1   --> A              
     e( 12 - 12) =     -0.58245  eV     1   --> A              
     e( 13 - 13) =      4.08678  eV     1   --> A              
     e( 14 - 14) =      6.50928  eV     1   --> A              
     e( 15 - 15) =      6.63333  eV     1   --> A              
     e( 16 - 16) =      7.37182  eV     1   --> A              
     e( 17 - 17) =      7.58764  eV     1   --> A              
     e( 18 - 18) =     10.43434  eV     1   --> A              
     e( 19 - 19) =     11.60154  eV     1   --> A              
     e( 20 - 20) =     11.88263  eV     1   --> A              
     e( 21 - 21) =     12.07046  eV     1   --> A              
     e( 22 - 22) =     12.75535  eV     1   --> A              
     e( 23 - 23) =     13.46945  eV     1   --> A              
     e( 24 - 24) =     14.18674  eV     1   --> A              
     e( 25 - 25) =     14.70851  eV     1   --> A              
     e( 26 - 26) =     15.25085  eV     1   --> A              

 **************************************************************************

 **************************************************************************

                    xk=(   0.39306,   0.47391,   0.00000  )

     Band symmetry, C_1 (1)     point group:

     e(  1 -  1) =    -45.30933  eV     1   --> A              
     e(  2 -  2) =    -23.79894  eV     1   --> A              
     e(  3 -  3) =    -23.52228  eV     1   --> A              
     e(  4 -  4) =    -23.36765  eV     1   --> A              
     e(  5 -  5) =    -20.55887  eV     1   --> A              
     e(  6 -  6) =    -12.02917  eV     1   --> A              
     e(  7 -  7) =     -3.06328  eV     1   --> A              
     e(  8 -  8) =     -2.78643  eV     1   --> A              
     e(  9 -  9) =     -2.50258  eV     1   --> A              
     e( 10 - 10) =     -2.03876  eV     1   --> A              
     e( 11 - 11) =     -0.80385  eV     1   --> A              
     e( 12 - 12) =     -0.58714  eV     1   --> A              
     e( 13 - 13) =      4.09793  eV     1   --> A              
     e( 14 - 14) =      6.50633  eV     1   --> A              
     e( 15 - 15) =      6.62938  eV     1   --> A              
     e( 16 - 16) =      7.37259  eV     1   --> A              
     e( 17 - 17) =      7.58394  eV     1   --> A              
     e( 18 - 18) =     10.43855  eV     1   --> A              
     e( 19 - 19) =     11.62659  eV     1   --> A              
     e( 20 - 20) =     11.89049  eV     1   --> A              
     e( 21 - 21) =     12.07101  eV     1   --> A              
     e( 22 - 22) =     12.78620  eV     1   --> A              
     e( 23 - 23) =     13.48090  eV     1   --> A              
     e( 24 - 24) =     14.18484  eV     1   --> A              
     e( 25 - 25) =     14.70037  eV     1   --> A              
     e( 26 - 26) =     15.25635  eV     1   --> A              

 **************************************************************************

 **************************************************************************

                    xk=(   0.39167,   0.47631,   0.00000  )

     Band symmetry, C_1 (1)     point group:

     e(  1 -  1) =    -45.30924  eV     1   --> A              
     e(  2 -  2) =    -23.79754  eV     1   --> A              
     e(  3 -  3) =    -23.52197  eV     1   --> A              
     e(  4 -  4) =    -23.37048  eV     1   --> A              
     e(  5 -  5) =    -20.55857  eV     1   --> A              
     e(  6 -  6) =    -12.02759  eV     1   --> A              
     e(  7 -  7) =     -3.06331  eV     1   --> A              
     e(  8 -  8) =     -2.78475  eV     1   --> A              
     e(  9 -  9) =     -2.50161  eV     1   --> A              
     e( 10 - 10) =     -2.03114  eV     1   --> A              
     e( 11 - 11) =     -0.82185  eV     1   --> A              
     e( 12 - 12) =     -0.59111  eV     1   --> A              
     e( 13 - 13) =      4.10896  eV     1   --> A              
     e( 14 - 14) =      6.50330  eV     1   --> A              
     e( 15 - 15) =      6.62560  eV     1   --> A              
     e( 16 - 16) =      7.37295  eV     1   --> A              
     e( 17 - 17) =      7.58076  eV     1   --> A              
     e( 18 - 18) =     10.44247  eV     1   --> A              
     e( 19 - 19) =     11.65102  eV     1   --> A              
     e( 20 - 20) =     11.89861  eV     1   --> A              
     e( 21 - 21) =     12.07140  eV     1   --> A              
     e( 22 - 22) =     12.81779  eV     1   --> A              
     e( 23 - 23) =     13.49246  eV     1   --> A              
     e( 24 - 24) =     14.18184  eV     1   --> A              
     e( 25 - 25) =     14.69262  eV     1   --> A              
     e( 26 - 26) =     15.26146  eV     1   --> A              

 **************************************************************************

 **************************************************************************

                    xk=(   0.39028,   0.47872,   0.00000  )

     Band symmetry, C_1 (1)     point group:

     e(  1 -  1) =    -45.30914  eV     1   --> A              
     e(  2 -  2) =    -23.79613  eV     1   --> A              
     e(  3 -  3) =    -23.52167  eV     1   --> A              
     e(  4 -  4) =    -23.37328  eV     1   --> A              
     e(  5 -  5) =    -20.55828  eV     1   --> A              
     e(  6 -  6) =    -12.02602  eV     1   --> A              
     e(  7 -  7) =     -3.06344  eV     1   --> A              
     e(  8 -  8) =     -2.78298  eV     1   --> A              
     e(  9 -  9) =     -2.50064  eV     1   --> A              
     e( 10 - 10) =     -2.02344  eV     1   --> A              
     e( 11 - 11) =     -0.84032  eV     1   --> A              
     e( 12 - 12) =     -0.59450  eV     1   --> A              
     e( 13 - 13) =      4.11987  eV     1   --> A              
     e( 14 - 14) =      6.50022  eV     1   --> A              
     e( 15 - 15) =      6.62198  eV     1   --> A              
     e( 16 - 16) =      7.37289  eV     1   --> A              
     e( 17 - 17) =      7.57813  eV     1   --> A              
     e( 18 - 18) =     10.44610  eV     1   --> A              
     e( 19 - 19) =     11.67471  eV     1   --> A              
     e( 20 - 20) =     11.90706  eV     1   --> A              
     e( 21 - 21) =     12.07179  eV     1   --> A              
     e( 22 - 22) =     12.84999  eV     1   --> A              
     e( 23 - 23) =     13.50408  eV     1   --> A              
     e( 24 - 24) =     14.17765  eV     1   --> A              
     e( 25 - 25) =     14.68537  eV     1   --> A              
     e( 26 - 26) =     15.26609  eV     1   --> A              

 **************************************************************************

 **************************************************************************

                    xk=(   0.38889,   0.48113,   0.00000  )

     Band symmetry, C_1 (1)     point group:

     e(  1 -  1) =    -45.30905  eV     1   --> A              
     e(  2 -  2) =    -23.79475  eV     1   --> A              
     e(  3 -  3) =    -23.52137  eV     1   --> A              
     e(  4 -  4) =    -23.37605  eV     1   --> A              
     e(  5 -  5) =    -20.55800  eV     1   --> A              
     e(  6 -  6) =    -12.02447  eV     1   --> A              
     e(  7 -  7) =     -3.06367  eV     1   --> A              
     e(  8 -  8) =     -2.78114  eV     1   --> A              
     e(  9 -  9) =     -2.49967  eV     1   --> A              
     e( 10 - 10) =     -2.01567  eV     1   --> A              
     e( 11 - 11) =     -0.85913  eV     1   --> A              
     e( 12 - 12) =     -0.59741  eV     1   --> A              
     e( 13 - 13) =      4.13064  eV     1   --> A              
     e( 14 - 14) =      6.49709  eV     1   --> A              
     e( 15 - 15) =      6.61853  eV     1   --> A              
     e( 16 - 16) =      7.37239  eV     1   --> A              
     e( 17 - 17) =      7.57604  eV     1   --> A              
     e( 18 - 18) =     10.44945  eV     1   --> A              
     e( 19 - 19) =     11.69748  eV     1   --> A              
     e( 20 - 20) =     11.91595  eV     1   --> A              
     e( 21 - 21) =     12.07232  eV     1   --> A              
     e( 22 - 22) =     12.88266  eV     1   --> A              
     e( 23 - 23) =     13.51570  eV     1   --> A              
     e( 24 - 24) =     14.17224  eV     1   --> A              
     e( 25 - 25) =     14.67872  eV     1   --> A              
     e( 26 - 26) =     15.27019  eV     1   --> A              

 **************************************************************************

 **************************************************************************

                    xk=(   0.38750,   0.48353,   0.00000  )

     Band symmetry, C_1 (1)     point group:

     e(  1 -  1) =    -45.30896  eV     1   --> A              
     e(  2 -  2) =    -23.79337  eV     1   --> A              
     e(  3 -  3) =    -23.52108  eV     1   --> A              
     e(  4 -  4) =    -23.37880  eV     1   --> A              
     e(  5 -  5) =    -20.55773  eV     1   --> A              
     e(  6 -  6) =    -12.02294  eV     1   --> A              
     e(  7 -  7) =     -3.06399  eV     1   --> A              
     e(  8 -  8) =     -2.77923  eV     1   --> A              
     e(  9 -  9) =     -2.49869  eV     1   --> A              
     e( 10 - 10) =     -2.00782  eV     1   --> A              
     e( 11 - 11) =     -0.87819  eV     1   --> A              
     e( 12 - 12) =     -0.59992  eV     1   --> A              
     e( 13 - 13) =      4.14127  eV     1   --> A              
     e( 14 - 14) =      6.49393  eV     1   --> A              
     e( 15 - 15) =      6.61524  eV     1   --> A              
     e( 16 - 16) =      7.37143  eV     1   --> A              
     e( 17 - 17) =      7.57452  eV     1   --> A              
     e( 18 - 18) =     10.45253  eV     1   --> A              
     e( 19 - 19) =     11.71917  eV     1   --> A              
     e( 20 - 20) =     11.92541  eV     1   --> A              
     e( 21 - 21) =     12.07313  eV     1   --> A              
     e( 22 - 22) =     12.91568  eV     1   --> A              
     e( 23 - 23) =     13.52727  eV     1   --> A              
     e( 24 - 24) =     14.16558  eV     1   --> A              
     e( 25 - 25) =     14.67277  eV     1   --> A              
     e( 26 - 26) =     15.27371  eV     1   --> A              

 **************************************************************************

 **************************************************************************

                    xk=(   0.38611,   0.48594,   0.00000  )

     Band symmetry, C_1 (1)     point group:

     e(  1 -  1) =    -45.30887  eV     1   --> A              
     e(  2 -  2) =    -23.79201  eV     1   --> A              
     e(  3 -  3) =    -23.52079  eV     1   --> A              
     e(  4 -  4) =    -23.38151  eV     1   --> A              
     e(  5 -  5) =    -20.55746  eV     1   --> A              
     e(  6 -  6) =    -12.02142  eV     1   --> A              
     e(  7 -  7) =     -3.06440  eV     1   --> A              
     e(  8 -  8) =     -2.77726  eV     1   --> A              
     e(  9 -  9) =     -2.49772  eV     1   --> A              
     e( 10 - 10) =     -1.99990  eV     1   --> A              
     e( 11 - 11) =     -0.89744  eV     1   --> A              
     e( 12 - 12) =     -0.60210  eV     1   --> A              
     e( 13 - 13) =      4.15176  eV     1   --> A              
     e( 14 - 14) =      6.49077  eV     1   --> A              
     e( 15 - 15) =      6.61209  eV     1   --> A              
     e( 16 - 16) =      7.37002  eV     1   --> A              
     e( 17 - 17) =      7.57353  eV     1   --> A              
     e( 18 - 18) =     10.45532  eV     1   --> A              
     e( 19 - 19) =     11.73955  eV     1   --> A              
     e( 20 - 20) =     11.93562  eV     1   --> A              
     e( 21 - 21) =     12.07433  eV     1   --> A              
     e( 22 - 22) =     12.94892  eV     1   --> A              
     e( 23 - 23) =     13.53871  eV     1   --> A              
     e( 24 - 24) =     14.15768  eV     1   --> A              
     e( 25 - 25) =     14.66759  eV     1   --> A              
     e( 26 - 26) =     15.27663  eV     1   --> A              

 **************************************************************************

 **************************************************************************

                    xk=(   0.38472,   0.48834,   0.00000  )

     Band symmetry, C_1 (1)     point group:

     e(  1 -  1) =    -45.30879  eV     1   --> A              
     e(  2 -  2) =    -23.79067  eV     1   --> A              
     e(  3 -  3) =    -23.52051  eV     1   --> A              
     e(  4 -  4) =    -23.38418  eV     1   --> A              
     e(  5 -  5) =    -20.55719  eV     1   --> A              
     e(  6 -  6) =    -12.01992  eV     1   --> A              
     e(  7 -  7) =     -3.06488  eV     1   --> A              
     e(  8 -  8) =     -2.77523  eV     1   --> A              
     e(  9 -  9) =     -2.49674  eV     1   --> A              
     e( 10 - 10) =     -1.99189  eV     1   --> A              
     e( 11 - 11) =     -0.91680  eV     1   --> A              
     e( 12 - 12) =     -0.60401  eV     1   --> A              
     e( 13 - 13) =      4.16208  eV     1   --> A              
     e( 14 - 14) =      6.48761  eV     1   --> A              
     e( 15 - 15) =      6.60908  eV     1   --> A              
     e( 16 - 16) =      7.36817  eV     1   --> A              
     e( 17 - 17) =      7.57307  eV     1   --> A              
     e( 18 - 18) =     10.45785  eV     1   --> A              
     e( 19 - 19) =     11.75839  eV     1   --> A              
     e( 20 - 20) =     11.94677  eV     1   --> A              
     e( 21 - 21) =     12.07604  eV     1   --> A              
     e( 22 - 22) =     12.98226  eV     1   --> A              
     e( 23 - 23) =     13.54996  eV     1   --> A              
     e( 24 - 24) =     14.14860  eV     1   --> A              
     e( 25 - 25) =     14.66325  eV     1   --> A              
     e( 26 - 26) =     15.27898  eV     1   --> A              

 **************************************************************************

 **************************************************************************

                    xk=(   0.38333,   0.49075,   0.00000  )

     Band symmetry, C_1 (1)     point group:

     e(  1 -  1) =    -45.30870  eV     1   --> A              
     e(  2 -  2) =    -23.78934  eV     1   --> A              
     e(  3 -  3) =    -23.52023  eV     1   --> A              
     e(  4 -  4) =    -23.38682  eV     1   --> A              
     e(  5 -  5) =    -20.55693  eV     1   --> A              
     e(  6 -  6) =    -12.01844  eV     1   --> A              
     e(  7 -  7) =     -3.06543  eV     1   --> A              
     e(  8 -  8) =     -2.77317  eV     1   --> A              
     e(  9 -  9) =     -2.49576  eV     1   --> A              
     e( 10 - 10) =     -1.98381  eV     1   --> A              
     e( 11 - 11) =     -0.93622  eV     1   --> A              
     e( 12 - 12) =     -0.60568  eV     1   --> A              
     e( 13 - 13) =      4.17224  eV     1   --> A              
     e( 14 - 14) =      6.48448  eV     1   --> A              
     e( 15 - 15) =      6.60622  eV     1   --> A              
     e( 16 - 16) =      7.36590  eV     1   --> A              
     e( 17 - 17) =      7.57311  eV     1   --> A              
     e( 18 - 18) =     10.46011  eV     1   --> A              
     e( 19 - 19) =     11.77543  eV     1   --> A              
     e( 20 - 20) =     11.95908  eV     1   --> A              
     e( 21 - 21) =     12.07834  eV     1   --> A              
     e( 22 - 22) =     13.01556  eV     1   --> A              
     e( 23 - 23) =     13.56094  eV     1   --> A              
     e( 24 - 24) =     14.13841  eV     1   --> A              
     e( 25 - 25) =     14.65978  eV     1   --> A              
     e( 26 - 26) =     15.28080  eV     1   --> A              

 **************************************************************************

 **************************************************************************

                    xk=(   0.38194,   0.49315,   0.00000  )

     Band symmetry, C_1 (1)     point group:

     e(  1 -  1) =    -45.30862  eV     1   --> A              
     e(  2 -  2) =    -23.78803  eV     1   --> A              
     e(  3 -  3) =    -23.51996  eV     1   --> A              
     e(  4 -  4) =    -23.38941  eV     1   --> A              
     e(  5 -  5) =    -20.55668  eV     1   --> A              
     e(  6 -  6) =    -12.01697  eV     1   --> A              
     e(  7 -  7) =     -3.06603  eV     1   --> A              
     e(  8 -  8) =     -2.77108  eV     1   --> A              
     e(  9 -  9) =     -2.49479  eV     1   --> A              
     e( 10 - 10) =     -1.97565  eV     1   --> A              
     e( 11 - 11) =     -0.95566  eV     1   --> A              
     e( 12 - 12) =     -0.60717  eV     1   --> A              
     e( 13 - 13) =      4.18223  eV     1   --> A              
     e( 14 - 14) =      6.48139  eV     1   --> A              
     e( 15 - 15) =      6.60348  eV     1   --> A              
     e( 16 - 16) =      7.36324  eV     1   --> A              
     e( 17 - 17) =      7.57362  eV     1   --> A              
     e( 18 - 18) =     10.46212  eV     1   --> A              
     e( 19 - 19) =     11.79048  eV     1   --> A              
     e( 20 - 20) =     11.97273  eV     1   --> A              
     e( 21 - 21) =     12.08130  eV     1   --> A              
     e( 22 - 22) =     13.04868  eV     1   --> A              
     e( 23 - 23) =     13.57154  eV     1   --> A              
     e( 24 - 24) =     14.12726  eV     1   --> A              
     e( 25 - 25) =     14.65719  eV     1   --> A              
     e( 26 - 26) =     15.28219  eV     1   --> A              

 **************************************************************************

 **************************************************************************

                    xk=(   0.38056,   0.49556,   0.00000  )

     Band symmetry, C_1 (1)     point group:

     e(  1 -  1) =    -45.30853  eV     1   --> A              
     e(  2 -  2) =    -23.78674  eV     1   --> A              
     e(  3 -  3) =    -23.51969  eV     1   --> A              
     e(  4 -  4) =    -23.39196  eV     1   --> A              
     e(  5 -  5) =    -20.55644  eV     1   --> A              
     e(  6 -  6) =    -12.01553  eV     1   --> A              
     e(  7 -  7) =     -3.06669  eV     1   --> A              
     e(  8 -  8) =     -2.76896  eV     1   --> A              
     e(  9 -  9) =     -2.49381  eV     1   --> A              
     e( 10 - 10) =     -1.96741  eV     1   --> A              
     e( 11 - 11) =     -0.97508  eV     1   --> A              
     e( 12 - 12) =     -0.60849  eV     1   --> A              
     e( 13 - 13) =      4.19203  eV     1   --> A              
     e( 14 - 14) =      6.47836  eV     1   --> A              
     e( 15 - 15) =      6.60087  eV     1   --> A              
     e( 16 - 16) =      7.36021  eV     1   --> A              
     e( 17 - 17) =      7.57456  eV     1   --> A              
     e( 18 - 18) =     10.46387  eV     1   --> A              
     e( 19 - 19) =     11.80341  eV     1   --> A              
     e( 20 - 20) =     11.98784  eV     1   --> A              
     e( 21 - 21) =     12.08498  eV     1   --> A              
     e( 22 - 22) =     13.08149  eV     1   --> A              
     e( 23 - 23) =     13.58168  eV     1   --> A              
     e( 24 - 24) =     14.11533  eV     1   --> A              
     e( 25 - 25) =     14.65549  eV     1   --> A              
     e( 26 - 26) =     15.28325  eV     1   --> A              

 **************************************************************************

 **************************************************************************

                    xk=(   0.37917,   0.49796,   0.00000  )

     Band symmetry, C_1 (1)     point group:

     e(  1 -  1) =    -45.30845  eV     1   --> A              
     e(  2 -  2) =    -23.78546  eV     1   --> A              
     e(  3 -  3) =    -23.51943  eV     1   --> A              
     e(  4 -  4) =    -23.39446  eV     1   --> A              
     e(  5 -  5) =    -20.55620  eV     1   --> A              
     e(  6 -  6) =    -12.01411  eV     1   --> A              
     e(  7 -  7) =     -3.06740  eV     1   --> A              
     e(  8 -  8) =     -2.76682  eV     1   --> A              
     e(  9 -  9) =     -2.49284  eV     1   --> A              
     e( 10 - 10) =     -1.95910  eV     1   --> A              
     e( 11 - 11) =     -0.99445  eV     1   --> A              
     e( 12 - 12) =     -0.60967  eV     1   --> A              
     e( 13 - 13) =      4.20164  eV     1   --> A              
     e( 14 - 14) =      6.47541  eV     1   --> A              
     e( 15 - 15) =      6.59837  eV     1   --> A              
     e( 16 - 16) =      7.35685  eV     1   --> A              
     e( 17 - 17) =      7.57589  eV     1   --> A              
     e( 18 - 18) =     10.46537  eV     1   --> A              
     e( 19 - 19) =     11.81420  eV     1   --> A              
     e( 20 - 20) =     12.00443  eV     1   --> A              
     e( 21 - 21) =     12.08940  eV     1   --> A              
     e( 22 - 22) =     13.11381  eV     1   --> A              
     e( 23 - 23) =     13.59126  eV     1   --> A              
     e( 24 - 24) =     14.10285  eV     1   --> A              
     e( 25 - 25) =     14.65466  eV     1   --> A              
     e( 26 - 26) =     15.28413  eV     1   --> A              

 **************************************************************************

 **************************************************************************

                    xk=(   0.37778,   0.50037,   0.00000  )

     Band symmetry, C_1 (1)     point group:

     e(  1 -  1) =    -45.30837  eV     1   --> A              
     e(  2 -  2) =    -23.78421  eV     1   --> A              
     e(  3 -  3) =    -23.51917  eV     1   --> A              
     e(  4 -  4) =    -23.39692  eV     1   --> A              
     e(  5 -  5) =    -20.55596  eV     1   --> A              
     e(  6 -  6) =    -12.01272  eV     1   --> A              
     e(  7 -  7) =     -3.06815  eV     1   --> A              
     e(  8 -  8) =     -2.76468  eV     1   --> A              
     e(  9 -  9) =     -2.49187  eV     1   --> A              
     e( 10 - 10) =     -1.95070  eV     1   --> A              
     e( 11 - 11) =     -1.01373  eV     1   --> A              
     e( 12 - 12) =     -0.61073  eV     1   --> A              
     e( 13 - 13) =      4.21105  eV     1   --> A              
     e( 14 - 14) =      6.47254  eV     1   --> A              
     e( 15 - 15) =      6.59599  eV     1   --> A              
     e( 16 - 16) =      7.35320  eV     1   --> A              
     e( 17 - 17) =      7.57757  eV     1   --> A              
     e( 18 - 18) =     10.46663  eV     1   --> A              
     e( 19 - 19) =     11.82295  eV     1   --> A              
     e( 20 - 20) =     12.02245  eV     1   --> A              
     e( 21 - 21) =     12.09457  eV     1   --> A              
     e( 22 - 22) =     13.14545  eV     1   --> A              
     e( 23 - 23) =     13.60016  eV     1   --> A              
     e( 24 - 24) =     14.09008  eV     1   --> A              
     e( 25 - 25) =     14.65465  eV     1   --> A              
     e( 26 - 26) =     15.28497  eV     1   --> A              

 **************************************************************************

 **************************************************************************

                    xk=(   0.37639,   0.50278,   0.00000  )

     Band symmetry, C_1 (1)     point group:

     e(  1 -  1) =    -45.30829  eV     1   --> A              
     e(  2 -  2) =    -23.78299  eV     1   --> A              
     e(  3 -  3) =    -23.51892  eV     1   --> A              
     e(  4 -  4) =    -23.39932  eV     1   --> A              
     e(  5 -  5) =    -20.55574  eV     1   --> A              
     e(  6 -  6) =    -12.01134  eV     1   --> A              
     e(  7 -  7) =     -3.06894  eV     1   --> A              
     e(  8 -  8) =     -2.76254  eV     1   --> A              
     e(  9 -  9) =     -2.49091  eV     1   --> A              
     e( 10 - 10) =     -1.94223  eV     1   --> A              
     e( 11 - 11) =     -1.03292  eV     1   --> A              
     e( 12 - 12) =     -0.61169  eV     1   --> A              
     e( 13 - 13) =      4.22026  eV     1   --> A              
     e( 14 - 14) =      6.46978  eV     1   --> A              
     e( 15 - 15) =      6.59371  eV     1   --> A              
     e( 16 - 16) =      7.34930  eV     1   --> A              
     e( 17 - 17) =      7.57955  eV     1   --> A              
     e( 18 - 18) =     10.46767  eV     1   --> A              
     e( 19 - 19) =     11.82983  eV     1   --> A              
     e( 20 - 20) =     12.04174  eV     1   --> A              
     e( 21 - 21) =     12.10048  eV     1   --> A              
     e( 22 - 22) =     13.17620  eV     1   --> A              
     e( 23 - 23) =     13.60831  eV     1   --> A              
     e( 24 - 24) =     14.07733  eV     1   --> A              
     e( 25 - 25) =     14.65542  eV     1   --> A              
     e( 26 - 26) =     15.28592  eV     1   --> A              

 **************************************************************************

 **************************************************************************

                    xk=(   0.37500,   0.50518,   0.00000  )

     Band symmetry, C_1 (1)     point group:

     e(  1 -  1) =    -45.30821  eV     1   --> A              
     e(  2 -  2) =    -23.78178  eV     1   --> A              
     e(  3 -  3) =    -23.51868  eV     1   --> A              
     e(  4 -  4) =    -23.40167  eV     1   --> A              
     e(  5 -  5) =    -20.55552  eV     1   --> A              
     e(  6 -  6) =    -12.01000  eV     1   --> A              
     e(  7 -  7) =     -3.06976  eV     1   --> A              
     e(  8 -  8) =     -2.76042  eV     1   --> A              
     e(  9 -  9) =     -2.48996  eV     1   --> A              
     e( 10 - 10) =     -1.93369  eV     1   --> A              
     e( 11 - 11) =     -1.05197  eV     1   --> A              
     e( 12 - 12) =     -0.61255  eV     1   --> A              
     e( 13 - 13) =      4.22924  eV     1   --> A              
     e( 14 - 14) =      6.46713  eV     1   --> A              
     e( 15 - 15) =      6.59152  eV     1   --> A              
     e( 16 - 16) =      7.34518  eV     1   --> A              
     e( 17 - 17) =      7.58179  eV     1   --> A              
     e( 18 - 18) =     10.46848  eV     1   --> A              
     e( 19 - 19) =     11.83509  eV     1   --> A              
     e( 20 - 20) =     12.06213  eV     1   --> A              
     e( 21 - 21) =     12.10710  eV     1   --> A              
     e( 22 - 22) =     13.20579  eV     1   --> A              
     e( 23 - 23) =     13.61563  eV     1   --> A              
     e( 24 - 24) =     14.06492  eV     1   --> A              
     e( 25 - 25) =     14.65693  eV     1   --> A              
     e( 26 - 26) =     15.28710  eV     1   --> A              

 **************************************************************************

 **************************************************************************

                    xk=(   0.37361,   0.50759,   0.00000  )

     Band symmetry, C_1 (1)     point group:

     e(  1 -  1) =    -45.30813  eV     1   --> A              
     e(  2 -  2) =    -23.78061  eV     1   --> A              
     e(  3 -  3) =    -23.51844  eV     1   --> A              
     e(  4 -  4) =    -23.40398  eV     1   --> A              
     e(  5 -  5) =    -20.55531  eV     1   --> A              
     e(  6 -  6) =    -12.00868  eV     1   --> A              
     e(  7 -  7) =     -3.07060  eV     1   --> A              
     e(  8 -  8) =     -2.75831  eV     1   --> A              
     e(  9 -  9) =     -2.48902  eV     1   --> A              
     e( 10 - 10) =     -1.92507  eV     1   --> A              
     e( 11 - 11) =     -1.07088  eV     1   --> A              
     e( 12 - 12) =     -0.61334  eV     1   --> A              
     e( 13 - 13) =      4.23801  eV     1   --> A              
     e( 14 - 14) =      6.46460  eV     1   --> A              
     e( 15 - 15) =      6.58943  eV     1   --> A              
     e( 16 - 16) =      7.34088  eV     1   --> A              
     e( 17 - 17) =      7.58424  eV     1   --> A              
     e( 18 - 18) =     10.46908  eV     1   --> A              
     e( 19 - 19) =     11.83896  eV     1   --> A              
     e( 20 - 20) =     12.08342  eV     1   --> A              
     e( 21 - 21) =     12.11440  eV     1   --> A              
     e( 22 - 22) =     13.23389  eV     1   --> A              
     e( 23 - 23) =     13.62211  eV     1   --> A              
     e( 24 - 24) =     14.05318  eV     1   --> A              
     e( 25 - 25) =     14.65911  eV     1   --> A              
     e( 26 - 26) =     15.28863  eV     1   --> A              

 **************************************************************************

 **************************************************************************

                    xk=(   0.37222,   0.50999,   0.00000  )

     Band symmetry, C_1 (1)     point group:

     e(  1 -  1) =    -45.30806  eV     1   --> A              
     e(  2 -  2) =    -23.77946  eV     1   --> A              
     e(  3 -  3) =    -23.51821  eV     1   --> A              
     e(  4 -  4) =    -23.40622  eV     1   --> A              
     e(  5 -  5) =    -20.55511  eV     1   --> A              
     e(  6 -  6) =    -12.00739  eV     1   --> A              
     e(  7 -  7) =     -3.07147  eV     1   --> A              
     e(  8 -  8) =     -2.75622  eV     1   --> A              
     e(  9 -  9) =     -2.48809  eV     1   --> A              
     e( 10 - 10) =     -1.91638  eV     1   --> A              
     e( 11 - 11) =     -1.08962  eV     1   --> A              
     e( 12 - 12) =     -0.61405  eV     1   --> A              
     e( 13 - 13) =      4.24654  eV     1   --> A              
     e( 14 - 14) =      6.46220  eV     1   --> A              
     e( 15 - 15) =      6.58742  eV     1   --> A              
     e( 16 - 16) =      7.33644  eV     1   --> A              
     e( 17 - 17) =      7.58687  eV     1   --> A              
     e( 18 - 18) =     10.46948  eV     1   --> A              
     e( 19 - 19) =     11.84167  eV     1   --> A              
     e( 20 - 20) =     12.10545  eV     1   --> A              
     e( 21 - 21) =     12.12235  eV     1   --> A              
     e( 22 - 22) =     13.26009  eV     1   --> A              
     e( 23 - 23) =     13.62782  eV     1   --> A              
     e( 24 - 24) =     14.04247  eV     1   --> A              
     e( 25 - 25) =     14.66193  eV     1   --> A              
     e( 26 - 26) =     15.29061  eV     1   --> A              

 **************************************************************************

 **************************************************************************

                    xk=(   0.37083,   0.51240,   0.00000  )

     Band symmetry, C_1 (1)     point group:

     e(  1 -  1) =    -45.30799  eV     1   --> A              
     e(  2 -  2) =    -23.77835  eV     1   --> A              
     e(  3 -  3) =    -23.51799  eV     1   --> A              
     e(  4 -  4) =    -23.40841  eV     1   --> A              
     e(  5 -  5) =    -20.55491  eV     1   --> A              
     e(  6 -  6) =    -12.00613  eV     1   --> A              
     e(  7 -  7) =     -3.07235  eV     1   --> A              
     e(  8 -  8) =     -2.75418  eV     1   --> A              
     e(  9 -  9) =     -2.48718  eV     1   --> A              
     e( 10 - 10) =     -1.90763  eV     1   --> A              
     e( 11 - 11) =     -1.10817  eV     1   --> A              
     e( 12 - 12) =     -0.61470  eV     1   --> A              
     e( 13 - 13) =      4.25482  eV     1   --> A              
     e( 14 - 14) =      6.45994  eV     1   --> A              
     e( 15 - 15) =      6.58550  eV     1   --> A              
     e( 16 - 16) =      7.33188  eV     1   --> A              
     e( 17 - 17) =      7.58965  eV     1   --> A              
     e( 18 - 18) =     10.46968  eV     1   --> A              
     e( 19 - 19) =     11.84344  eV     1   --> A              
     e( 20 - 20) =     12.12805  eV     1   --> A              
     e( 21 - 21) =     12.13090  eV     1   --> A              
     e( 22 - 22) =     13.28390  eV     1   --> A              
     e( 23 - 23) =     13.63296  eV     1   --> A              
     e( 24 - 24) =     14.03308  eV     1   --> A              
     e( 25 - 25) =     14.66533  eV     1   --> A              
     e( 26 - 26) =     15.29313  eV     1   --> A              

 **************************************************************************

 **************************************************************************

                    xk=(   0.36944,   0.51480,   0.00000  )

     Band symmetry, C_1 (1)     point group:

     e(  1 -  1) =    -45.30792  eV     1   --> A              
     e(  2 -  2) =    -23.77726  eV     1   --> A              
     e(  3 -  3) =    -23.51778  eV     1   --> A              
     e(  4 -  4) =    -23.41053  eV     1   --> A              
     e(  5 -  5) =    -20.55472  eV     1   --> A              
     e(  6 -  6) =    -12.00490  eV     1   --> A              
     e(  7 -  7) =     -3.07324  eV     1   --> A              
     e(  8 -  8) =     -2.75216  eV     1   --> A              
     e(  9 -  9) =     -2.48627  eV     1   --> A              
     e( 10 - 10) =     -1.89882  eV     1   --> A              
     e( 11 - 11) =     -1.12653  eV     1   --> A              
     e( 12 - 12) =     -0.61529  eV     1   --> A              
     e( 13 - 13) =      4.26287  eV     1   --> A              
     e( 14 - 14) =      6.45784  eV     1   --> A              
     e( 15 - 15) =      6.58365  eV     1   --> A              
     e( 16 - 16) =      7.32726  eV     1   --> A              
     e( 17 - 17) =      7.59254  eV     1   --> A              
     e( 18 - 18) =     10.46971  eV     1   --> A              
     e( 19 - 19) =     11.84445  eV     1   --> A              
     e( 20 - 20) =     12.13999  eV     1   --> A              
     e( 21 - 21) =     12.15111  eV     1   --> A              
     e( 22 - 22) =     13.30470  eV     1   --> A              
     e( 23 - 23) =     13.63787  eV     1   --> A              
     e( 24 - 24) =     14.02526  eV     1   --> A              
     e( 25 - 25) =     14.66927  eV     1   --> A              
     e( 26 - 26) =     15.29625  eV     1   --> A              

 **************************************************************************

 **************************************************************************

                    xk=(   0.36806,   0.51721,   0.00000  )

     Band symmetry, C_1 (1)     point group:

     e(  1 -  1) =    -45.30784  eV     1   --> A              
     e(  2 -  2) =    -23.77620  eV     1   --> A              
     e(  3 -  3) =    -23.51757  eV     1   --> A              
     e(  4 -  4) =    -23.41258  eV     1   --> A              
     e(  5 -  5) =    -20.55454  eV     1   --> A              
     e(  6 -  6) =    -12.00370  eV     1   --> A              
     e(  7 -  7) =     -3.07412  eV     1   --> A              
     e(  8 -  8) =     -2.75017  eV     1   --> A              
     e(  9 -  9) =     -2.48539  eV     1   --> A              
     e( 10 - 10) =     -1.88994  eV     1   --> A              
     e( 11 - 11) =     -1.14466  eV     1   --> A              
     e( 12 - 12) =     -0.61584  eV     1   --> A              
     e( 13 - 13) =      4.27066  eV     1   --> A              
     e( 14 - 14) =      6.45588  eV     1   --> A              
     e( 15 - 15) =      6.58189  eV     1   --> A              
     e( 16 - 16) =      7.32258  eV     1   --> A              
     e( 17 - 17) =      7.59551  eV     1   --> A              
     e( 18 - 18) =     10.46958  eV     1   --> A              
     e( 19 - 19) =     11.84485  eV     1   --> A              
     e( 20 - 20) =     12.14961  eV     1   --> A              
     e( 21 - 21) =     12.17451  eV     1   --> A              
     e( 22 - 22) =     13.32179  eV     1   --> A              
     e( 23 - 23) =     13.64307  eV     1   --> A              
     e( 24 - 24) =     14.01919  eV     1   --> A              
     e( 25 - 25) =     14.67372  eV     1   --> A              
     e( 26 - 26) =     15.30002  eV     1   --> A              

 **************************************************************************

 **************************************************************************

                    xk=(   0.36667,   0.51962,   0.00000  )

     Band symmetry, C_1 (1)     point group:

     e(  1 -  1) =    -45.30778  eV     1   --> A              
     e(  2 -  2) =    -23.77518  eV     1   --> A              
     e(  3 -  3) =    -23.51738  eV     1   --> A              
     e(  4 -  4) =    -23.41457  eV     1   --> A              
     e(  5 -  5) =    -20.55436  eV     1   --> A              
     e(  6 -  6) =    -12.00254  eV     1   --> A              
     e(  7 -  7) =     -3.07501  eV     1   --> A              
     e(  8 -  8) =     -2.74824  eV     1   --> A              
     e(  9 -  9) =     -2.48452  eV     1   --> A              
     e( 10 - 10) =     -1.88101  eV     1   --> A              
     e( 11 - 11) =     -1.16256  eV     1   --> A              
     e( 12 - 12) =     -0.61633  eV     1   --> A              
     e( 13 - 13) =      4.27819  eV     1   --> A              
     e( 14 - 14) =      6.45409  eV     1   --> A              
     e( 15 - 15) =      6.58019  eV     1   --> A              
     e( 16 - 16) =      7.31788  eV     1   --> A              
     e( 17 - 17) =      7.59853  eV     1   --> A              
     e( 18 - 18) =     10.46929  eV     1   --> A              
     e( 19 - 19) =     11.84477  eV     1   --> A              
     e( 20 - 20) =     12.15969  eV     1   --> A              
     e( 21 - 21) =     12.19818  eV     1   --> A              
     e( 22 - 22) =     13.33445  eV     1   --> A              
     e( 23 - 23) =     13.64919  eV     1   --> A              
     e( 24 - 24) =     14.01494  eV     1   --> A              
     e( 25 - 25) =     14.67864  eV     1   --> A              
     e( 26 - 26) =     15.30448  eV     1   --> A              

 **************************************************************************

 **************************************************************************

                    xk=(   0.36528,   0.52202,   0.00000  )

     Band symmetry, C_1 (1)     point group:

     e(  1 -  1) =    -45.30771  eV     1   --> A              
     e(  2 -  2) =    -23.77419  eV     1   --> A              
     e(  3 -  3) =    -23.51719  eV     1   --> A              
     e(  4 -  4) =    -23.41649  eV     1   --> A              
     e(  5 -  5) =    -20.55419  eV     1   --> A              
     e(  6 -  6) =    -12.00141  eV     1   --> A              
     e(  7 -  7) =     -3.07590  eV     1   --> A              
     e(  8 -  8) =     -2.74637  eV     1   --> A              
     e(  9 -  9) =     -2.48367  eV     1   --> A              
     e( 10 - 10) =     -1.87204  eV     1   --> A              
     e( 11 - 11) =     -1.18020  eV     1   --> A              
     e( 12 - 12) =     -0.61679  eV     1   --> A              
     e( 13 - 13) =      4.28545  eV     1   --> A              
     e( 14 - 14) =      6.45246  eV     1   --> A              
     e( 15 - 15) =      6.57856  eV     1   --> A              
     e( 16 - 16) =      7.31319  eV     1   --> A              
     e( 17 - 17) =      7.60158  eV     1   --> A              
     e( 18 - 18) =     10.46885  eV     1   --> A              
     e( 19 - 19) =     11.84431  eV     1   --> A              
     e( 20 - 20) =     12.17021  eV     1   --> A              
     e( 21 - 21) =     12.22205  eV     1   --> A              
     e( 22 - 22) =     13.34203  eV     1   --> A              
     e( 23 - 23) =     13.65687  eV     1   --> A              
     e( 24 - 24) =     14.01249  eV     1   --> A              
     e( 25 - 25) =     14.68400  eV     1   --> A              
     e( 26 - 26) =     15.30964  eV     1   --> A              

 **************************************************************************

 **************************************************************************

                    xk=(   0.36389,   0.52443,   0.00000  )

     Band symmetry, C_1 (1)     point group:

     e(  1 -  1) =    -45.30765  eV     1   --> A              
     e(  2 -  2) =    -23.77323  eV     1   --> A              
     e(  3 -  3) =    -23.51700  eV     1   --> A              
     e(  4 -  4) =    -23.41834  eV     1   --> A              
     e(  5 -  5) =    -20.55403  eV     1   --> A              
     e(  6 -  6) =    -12.00031  eV     1   --> A              
     e(  7 -  7) =     -3.07678  eV     1   --> A              
     e(  8 -  8) =     -2.74454  eV     1   --> A              
     e(  9 -  9) =     -2.48284  eV     1   --> A              
     e( 10 - 10) =     -1.86303  eV     1   --> A              
     e( 11 - 11) =     -1.19758  eV     1   --> A              
     e( 12 - 12) =     -0.61721  eV     1   --> A              
     e( 13 - 13) =      4.29244  eV     1   --> A              
     e( 14 - 14) =      6.45100  eV     1   --> A              
     e( 15 - 15) =      6.57700  eV     1   --> A              
     e( 16 - 16) =      7.30852  eV     1   --> A              
     e( 17 - 17) =      7.60463  eV     1   --> A              
     e( 18 - 18) =     10.46829  eV     1   --> A              
     e( 19 - 19) =     11.84357  eV     1   --> A              
     e( 20 - 20) =     12.18113  eV     1   --> A              
     e( 21 - 21) =     12.24607  eV     1   --> A              
     e( 22 - 22) =     13.34412  eV     1   --> A              
     e( 23 - 23) =     13.66659  eV     1   --> A              
     e( 24 - 24) =     14.01175  eV     1   --> A              
     e( 25 - 25) =     14.68978  eV     1   --> A              
     e( 26 - 26) =     15.31552  eV     1   --> A              

 **************************************************************************

 **************************************************************************

                    xk=(   0.36250,   0.52683,   0.00000  )

     Band symmetry, C_1 (1)     point group:

     e(  1 -  1) =    -45.30759  eV     1   --> A              
     e(  2 -  2) =    -23.77232  eV     1   --> A              
     e(  3 -  3) =    -23.51683  eV     1   --> A              
     e(  4 -  4) =    -23.42012  eV     1   --> A              
     e(  5 -  5) =    -20.55388  eV     1   --> A              
     e(  6 -  6) =    -11.99925  eV     1   --> A              
     e(  7 -  7) =     -3.07764  eV     1   --> A              
     e(  8 -  8) =     -2.74278  eV     1   --> A              
     e(  9 -  9) =     -2.48203  eV     1   --> A              
     e( 10 - 10) =     -1.85399  eV     1   --> A              
     e( 11 - 11) =     -1.21466  eV     1   --> A              
     e( 12 - 12) =     -0.61759  eV     1   --> A              
     e( 13 - 13) =      4.29915  eV     1   --> A              
     e( 14 - 14) =      6.44970  eV     1   --> A              
     e( 15 - 15) =      6.57550  eV     1   --> A              
     e( 16 - 16) =      7.30390  eV     1   --> A              
     e( 17 - 17) =      7.60766  eV     1   --> A              
     e( 18 - 18) =     10.46761  eV     1   --> A              
     e( 19 - 19) =     11.84261  eV     1   --> A              
     e( 20 - 20) =     12.19242  eV     1   --> A              
     e( 21 - 21) =     12.27019  eV     1   --> A              
     e( 22 - 22) =     13.34066  eV     1   --> A              
     e( 23 - 23) =     13.67855  eV     1   --> A              
     e( 24 - 24) =     14.01254  eV     1   --> A              
     e( 25 - 25) =     14.69597  eV     1   --> A              
     e( 26 - 26) =     15.32211  eV     1   --> A              

 **************************************************************************

 **************************************************************************

                    xk=(   0.36111,   0.52924,   0.00000  )

     Band symmetry, C_1 (1)     point group:

     e(  1 -  1) =    -45.30753  eV     1   --> A              
     e(  2 -  2) =    -23.77144  eV     1   --> A              
     e(  3 -  3) =    -23.51666  eV     1   --> A              
     e(  4 -  4) =    -23.42183  eV     1   --> A              
     e(  5 -  5) =    -20.55373  eV     1   --> A              
     e(  6 -  6) =    -11.99823  eV     1   --> A              
     e(  7 -  7) =     -3.07849  eV     1   --> A              
     e(  8 -  8) =     -2.74109  eV     1   --> A              
     e(  9 -  9) =     -2.48125  eV     1   --> A              
     e( 10 - 10) =     -1.84493  eV     1   --> A              
     e( 11 - 11) =     -1.23143  eV     1   --> A              
     e( 12 - 12) =     -0.61794  eV     1   --> A              
     e( 13 - 13) =      4.30557  eV     1   --> A              
     e( 14 - 14) =      6.44856  eV     1   --> A              
     e( 15 - 15) =      6.57406  eV     1   --> A              
     e( 16 - 16) =      7.29935  eV     1   --> A              
     e( 17 - 17) =      7.61064  eV     1   --> A              
     e( 18 - 18) =     10.46683  eV     1   --> A              
     e( 19 - 19) =     11.84150  eV     1   --> A              
     e( 20 - 20) =     12.20405  eV     1   --> A              
     e( 21 - 21) =     12.29439  eV     1   --> A              
     e( 22 - 22) =     13.33194  eV     1   --> A              
     e( 23 - 23) =     13.69263  eV     1   --> A              
     e( 24 - 24) =     14.01463  eV     1   --> A              
     e( 25 - 25) =     14.70255  eV     1   --> A              
     e( 26 - 26) =     15.32939  eV     1   --> A              

 **************************************************************************

 **************************************************************************

                    xk=(   0.35972,   0.53164,   0.00000  )

     Band symmetry, C_1 (1)     point group:

     e(  1 -  1) =    -45.30747  eV     1   --> A              
     e(  2 -  2) =    -23.77060  eV     1   --> A              
     e(  3 -  3) =    -23.51650  eV     1   --> A              
     e(  4 -  4) =    -23.42346  eV     1   --> A              
     e(  5 -  5) =    -20.55359  eV     1   --> A              
     e(  6 -  6) =    -11.99725  eV     1   --> A              
     e(  7 -  7) =     -3.07932  eV     1   --> A              
     e(  8 -  8) =     -2.73946  eV     1   --> A              
     e(  9 -  9) =     -2.48050  eV     1   --> A              
     e( 10 - 10) =     -1.83588  eV     1   --> A              
     e( 11 - 11) =     -1.24788  eV     1   --> A              
     e( 12 - 12) =     -0.61827  eV     1   --> A              
     e( 13 - 13) =      4.31169  eV     1   --> A              
     e( 14 - 14) =      6.44759  eV     1   --> A              
     e( 15 - 15) =      6.57268  eV     1   --> A              
     e( 16 - 16) =      7.29489  eV     1   --> A              
     e( 17 - 17) =      7.61357  eV     1   --> A              
     e( 18 - 18) =     10.46597  eV     1   --> A              
     e( 19 - 19) =     11.84029  eV     1   --> A              
     e( 20 - 20) =     12.21598  eV     1   --> A              
     e( 21 - 21) =     12.31861  eV     1   --> A              
     e( 22 - 22) =     13.31850  eV     1   --> A              
     e( 23 - 23) =     13.70847  eV     1   --> A              
     e( 24 - 24) =     14.01782  eV     1   --> A              
     e( 25 - 25) =     14.70951  eV     1   --> A              
     e( 26 - 26) =     15.33734  eV     1   --> A              

 **************************************************************************

 **************************************************************************

                    xk=(   0.35833,   0.53405,   0.00000  )

     Band symmetry, C_1 (1)     point group:

     e(  1 -  1) =    -45.30742  eV     1   --> A              
     e(  2 -  2) =    -23.76980  eV     1   --> A              
     e(  3 -  3) =    -23.51635  eV     1   --> A              
     e(  4 -  4) =    -23.42502  eV     1   --> A              
     e(  5 -  5) =    -20.55346  eV     1   --> A              
     e(  6 -  6) =    -11.99630  eV     1   --> A              
     e(  7 -  7) =     -3.08013  eV     1   --> A              
     e(  8 -  8) =     -2.73791  eV     1   --> A              
     e(  9 -  9) =     -2.47978  eV     1   --> A              
     e( 10 - 10) =     -1.82683  eV     1   --> A              
     e( 11 - 11) =     -1.26397  eV     1   --> A              
     e( 12 - 12) =     -0.61856  eV     1   --> A              
     e( 13 - 13) =      4.31753  eV     1   --> A              
     e( 14 - 14) =      6.44678  eV     1   --> A              
     e( 15 - 15) =      6.57136  eV     1   --> A              
     e( 16 - 16) =      7.29053  eV     1   --> A              
     e( 17 - 17) =      7.61643  eV     1   --> A              
     e( 18 - 18) =     10.46503  eV     1   --> A              
     e( 19 - 19) =     11.83901  eV     1   --> A              
     e( 20 - 20) =     12.22820  eV     1   --> A              
     e( 21 - 21) =     12.34286  eV     1   --> A              
     e( 22 - 22) =     13.30100  eV     1   --> A              
     e( 23 - 23) =     13.72563  eV     1   --> A              
     e( 24 - 24) =     14.02185  eV     1   --> A              
     e( 25 - 25) =     14.71681  eV     1   --> A              
     e( 26 - 26) =     15.34592  eV     1   --> A              

 **************************************************************************

 **************************************************************************

                    xk=(   0.35694,   0.53645,   0.00000  )

     Band symmetry, C_1 (1)     point group:

     e(  1 -  1) =    -45.30736  eV     1   --> A              
     e(  2 -  2) =    -23.76904  eV     1   --> A              
     e(  3 -  3) =    -23.51621  eV     1   --> A              
     e(  4 -  4) =    -23.42650  eV     1   --> A              
     e(  5 -  5) =    -20.55333  eV     1   --> A              
     e(  6 -  6) =    -11.99540  eV     1   --> A              
     e(  7 -  7) =     -3.08092  eV     1   --> A              
     e(  8 -  8) =     -2.73643  eV     1   --> A              
     e(  9 -  9) =     -2.47908  eV     1   --> A              
     e( 10 - 10) =     -1.81782  eV     1   --> A              
     e( 11 - 11) =     -1.27969  eV     1   --> A              
     e( 12 - 12) =     -0.61883  eV     1   --> A              
     e( 13 - 13) =      4.32306  eV     1   --> A              
     e( 14 - 14) =      6.44613  eV     1   --> A              
     e( 15 - 15) =      6.57009  eV     1   --> A              
     e( 16 - 16) =      7.28630  eV     1   --> A              
     e( 17 - 17) =      7.61920  eV     1   --> A              
     e( 18 - 18) =     10.46403  eV     1   --> A              
     e( 19 - 19) =     11.83769  eV     1   --> A              
     e( 20 - 20) =     12.24068  eV     1   --> A              
     e( 21 - 21) =     12.36710  eV     1   --> A              
     e( 22 - 22) =     13.28009  eV     1   --> A              
     e( 23 - 23) =     13.74361  eV     1   --> A              
     e( 24 - 24) =     14.02651  eV     1   --> A              
     e( 25 - 25) =     14.72446  eV     1   --> A              
     e( 26 - 26) =     15.35505  eV     1   --> A              

 **************************************************************************

 **************************************************************************

                    xk=(   0.35556,   0.53886,   0.00000  )

     Band symmetry, C_1 (1)     point group:

     e(  1 -  1) =    -45.30731  eV     1   --> A              
     e(  2 -  2) =    -23.76832  eV     1   --> A              
     e(  3 -  3) =    -23.51607  eV     1   --> A              
     e(  4 -  4) =    -23.42790  eV     1   --> A              
     e(  5 -  5) =    -20.55321  eV     1   --> A              
     e(  6 -  6) =    -11.99454  eV     1   --> A              
     e(  7 -  7) =     -3.08167  eV     1   --> A              
     e(  8 -  8) =     -2.73503  eV     1   --> A              
     e(  9 -  9) =     -2.47841  eV     1   --> A              
     e( 10 - 10) =     -1.80885  eV     1   --> A              
     e( 11 - 11) =     -1.29500  eV     1   --> A              
     e( 12 - 12) =     -0.61908  eV     1   --> A              
     e( 13 - 13) =      4.32828  eV     1   --> A              
     e( 14 - 14) =      6.44562  eV     1   --> A              
     e( 15 - 15) =      6.56888  eV     1   --> A              
     e( 16 - 16) =      7.28221  eV     1   --> A              
     e( 17 - 17) =      7.62187  eV     1   --> A              
     e( 18 - 18) =     10.46298  eV     1   --> A              
     e( 19 - 19) =     11.83638  eV     1   --> A              
     e( 20 - 20) =     12.25338  eV     1   --> A              
     e( 21 - 21) =     12.39131  eV     1   --> A              
     e( 22 - 22) =     13.25635  eV     1   --> A              
     e( 23 - 23) =     13.76201  eV     1   --> A              
     e( 24 - 24) =     14.03161  eV     1   --> A              
     e( 25 - 25) =     14.73240  eV     1   --> A              
     e( 26 - 26) =     15.36466  eV     1   --> A              

 **************************************************************************

 **************************************************************************

                    xk=(   0.35417,   0.54127,   0.00000  )

     Band symmetry, C_1 (1)     point group:

     e(  1 -  1) =    -45.30727  eV     1   --> A              
     e(  2 -  2) =    -23.76765  eV     1   --> A              
     e(  3 -  3) =    -23.51595  eV     1   --> A              
     e(  4 -  4) =    -23.42922  eV     1   --> A              
     e(  5 -  5) =    -20.55310  eV     1   --> A              
     e(  6 -  6) =    -11.99373  eV     1   --> A              
     e(  7 -  7) =     -3.08239  eV     1   --> A              
     e(  8 -  8) =     -2.73371  eV     1   --> A              
     e(  9 -  9) =     -2.47778  eV     1   --> A              
     e( 10 - 10) =     -1.79997  eV     1   --> A              
     e( 11 - 11) =     -1.30987  eV     1   --> A              
     e( 12 - 12) =     -0.61930  eV     1   --> A              
     e( 13 - 13) =      4.33320  eV     1   --> A              
     e( 14 - 14) =      6.44527  eV     1   --> A              
     e( 15 - 15) =      6.56771  eV     1   --> A              
     e( 16 - 16) =      7.27827  eV     1   --> A              
     e( 17 - 17) =      7.62442  eV     1   --> A              
     e( 18 - 18) =     10.46191  eV     1   --> A              
     e( 19 - 19) =     11.83509  eV     1   --> A              
     e( 20 - 20) =     12.26628  eV     1   --> A              
     e( 21 - 21) =     12.41548  eV     1   --> A              
     e( 22 - 22) =     13.23029  eV     1   --> A              
     e( 23 - 23) =     13.78043  eV     1   --> A              
     e( 24 - 24) =     14.03697  eV     1   --> A              
     e( 25 - 25) =     14.74062  eV     1   --> A              
     e( 26 - 26) =     15.37464  eV     1   --> A              

 **************************************************************************

 **************************************************************************

                    xk=(   0.35278,   0.54367,   0.00000  )

     Band symmetry, C_1 (1)     point group:

     e(  1 -  1) =    -45.30722  eV     1   --> A              
     e(  2 -  2) =    -23.76702  eV     1   --> A              
     e(  3 -  3) =    -23.51583  eV     1   --> A              
     e(  4 -  4) =    -23.43045  eV     1   --> A              
     e(  5 -  5) =    -20.55300  eV     1   --> A              
     e(  6 -  6) =    -11.99296  eV     1   --> A              
     e(  7 -  7) =     -3.08308  eV     1   --> A              
     e(  8 -  8) =     -2.73247  eV     1   --> A              
     e(  9 -  9) =     -2.47718  eV     1   --> A              
     e( 10 - 10) =     -1.79119  eV     1   --> A              
     e( 11 - 11) =     -1.32427  eV     1   --> A              
     e( 12 - 12) =     -0.61950  eV     1   --> A              
     e( 13 - 13) =      4.33780  eV     1   --> A              
     e( 14 - 14) =      6.44504  eV     1   --> A              
     e( 15 - 15) =      6.56661  eV     1   --> A              
     e( 16 - 16) =      7.27451  eV     1   --> A              
     e( 17 - 17) =      7.62685  eV     1   --> A              
     e( 18 - 18) =     10.46081  eV     1   --> A              
     e( 19 - 19) =     11.83383  eV     1   --> A              
     e( 20 - 20) =     12.27935  eV     1   --> A              
     e( 21 - 21) =     12.43959  eV     1   --> A              
     e( 22 - 22) =     13.20234  eV     1   --> A              
     e( 23 - 23) =     13.79858  eV     1   --> A              
     e( 24 - 24) =     14.04246  eV     1   --> A              
     e( 25 - 25) =     14.74907  eV     1   --> A              
     e( 26 - 26) =     15.38485  eV     1   --> A              

 **************************************************************************

 **************************************************************************

                    xk=(   0.35139,   0.54608,   0.00000  )

     Band symmetry, C_1 (1)     point group:

     e(  1 -  1) =    -45.30718  eV     1   --> A              
     e(  2 -  2) =    -23.76643  eV     1   --> A              
     e(  3 -  3) =    -23.51572  eV     1   --> A              
     e(  4 -  4) =    -23.43160  eV     1   --> A              
     e(  5 -  5) =    -20.55290  eV     1   --> A              
     e(  6 -  6) =    -11.99223  eV     1   --> A              
     e(  7 -  7) =     -3.08373  eV     1   --> A              
     e(  8 -  8) =     -2.73131  eV     1   --> A              
     e(  9 -  9) =     -2.47661  eV     1   --> A              
     e( 10 - 10) =     -1.78255  eV     1   --> A              
     e( 11 - 11) =     -1.33816  eV     1   --> A              
     e( 12 - 12) =     -0.61969  eV     1   --> A              
     e( 13 - 13) =      4.34209  eV     1   --> A              
     e( 14 - 14) =      6.44495  eV     1   --> A              
     e( 15 - 15) =      6.56555  eV     1   --> A              
     e( 16 - 16) =      7.27094  eV     1   --> A              
     e( 17 - 17) =      7.62915  eV     1   --> A              
     e( 18 - 18) =     10.45972  eV     1   --> A              
     e( 19 - 19) =     11.83263  eV     1   --> A              
     e( 20 - 20) =     12.29255  eV     1   --> A              
     e( 21 - 21) =     12.46362  eV     1   --> A              
     e( 22 - 22) =     13.17286  eV     1   --> A              
     e( 23 - 23) =     13.81621  eV     1   --> A              
     e( 24 - 24) =     14.04794  eV     1   --> A              
     e( 25 - 25) =     14.75768  eV     1   --> A              
     e( 26 - 26) =     15.39509  eV     1   --> A              

 **************************************************************************

 **************************************************************************

                    xk=(   0.35000,   0.54848,   0.00000  )

     Band symmetry, C_1 (1)     point group:

     e(  1 -  1) =    -45.30714  eV     1   --> A              
     e(  2 -  2) =    -23.76588  eV     1   --> A              
     e(  3 -  3) =    -23.51562  eV     1   --> A              
     e(  4 -  4) =    -23.43267  eV     1   --> A              
     e(  5 -  5) =    -20.55281  eV     1   --> A              
     e(  6 -  6) =    -11.99155  eV     1   --> A              
     e(  7 -  7) =     -3.08434  eV     1   --> A              
     e(  8 -  8) =     -2.73023  eV     1   --> A              
     e(  9 -  9) =     -2.47609  eV     1   --> A              
     e( 10 - 10) =     -1.77410  eV     1   --> A              
     e( 11 - 11) =     -1.35150  eV     1   --> A              
     e( 12 - 12) =     -0.61985  eV     1   --> A              
     e( 13 - 13) =      4.34606  eV     1   --> A              
     e( 14 - 14) =      6.44497  eV     1   --> A              
     e( 15 - 15) =      6.56455  eV     1   --> A              
     e( 16 - 16) =      7.26757  eV     1   --> A              
     e( 17 - 17) =      7.63130  eV     1   --> A              
     e( 18 - 18) =     10.45863  eV     1   --> A              
     e( 19 - 19) =     11.83149  eV     1   --> A              
     e( 20 - 20) =     12.30585  eV     1   --> A              
     e( 21 - 21) =     12.48757  eV     1   --> A              
     e( 22 - 22) =     13.14215  eV     1   --> A              
     e( 23 - 23) =     13.83309  eV     1   --> A              
     e( 24 - 24) =     14.05334  eV     1   --> A              
     e( 25 - 25) =     14.76638  eV     1   --> A              
     e( 26 - 26) =     15.40510  eV     1   --> A              

 **************************************************************************

 **************************************************************************

                    xk=(   0.34861,   0.55089,   0.00000  )

     Band symmetry, C_1 (1)     point group:

     e(  1 -  1) =    -45.30710  eV     1   --> A              
     e(  2 -  2) =    -23.76538  eV     1   --> A              
     e(  3 -  3) =    -23.51553  eV     1   --> A              
     e(  4 -  4) =    -23.43365  eV     1   --> A              
     e(  5 -  5) =    -20.55273  eV     1   --> A              
     e(  6 -  6) =    -11.99092  eV     1   --> A              
     e(  7 -  7) =     -3.08491  eV     1   --> A              
     e(  8 -  8) =     -2.72923  eV     1   --> A              
     e(  9 -  9) =     -2.47559  eV     1   --> A              
     e( 10 - 10) =     -1.76588  eV     1   --> A              
     e( 11 - 11) =     -1.36422  eV     1   --> A              
     e( 12 - 12) =     -0.62000  eV     1   --> A              
     e( 13 - 13) =      4.34972  eV     1   --> A              
     e( 14 - 14) =      6.44509  eV     1   --> A              
     e( 15 - 15) =      6.56361  eV     1   --> A              
     e( 16 - 16) =      7.26441  eV     1   --> A              
     e( 17 - 17) =      7.63330  eV     1   --> A              
     e( 18 - 18) =     10.45757  eV     1   --> A              
     e( 19 - 19) =     11.83043  eV     1   --> A              
     e( 20 - 20) =     12.31919  eV     1   --> A              
     e( 21 - 21) =     12.51142  eV     1   --> A              
     e( 22 - 22) =     13.11047  eV     1   --> A              
     e( 23 - 23) =     13.84905  eV     1   --> A              
     e( 24 - 24) =     14.05857  eV     1   --> A              
     e( 25 - 25) =     14.77509  eV     1   --> A              
     e( 26 - 26) =     15.41454  eV     1   --> A              

 **************************************************************************

 **************************************************************************

                    xk=(   0.34722,   0.55329,   0.00000  )

     Band symmetry, C_1 (1)     point group:

     e(  1 -  1) =    -45.30707  eV     1   --> A              
     e(  2 -  2) =    -23.76493  eV     1   --> A              
     e(  3 -  3) =    -23.51544  eV     1   --> A              
     e(  4 -  4) =    -23.43455  eV     1   --> A              
     e(  5 -  5) =    -20.55266  eV     1   --> A              
     e(  6 -  6) =    -11.99034  eV     1   --> A              
     e(  7 -  7) =     -3.08545  eV     1   --> A              
     e(  8 -  8) =     -2.72834  eV     1   --> A              
     e(  9 -  9) =     -2.47515  eV     1   --> A              
     e( 10 - 10) =     -1.75795  eV     1   --> A              
     e( 11 - 11) =     -1.37628  eV     1   --> A              
     e( 12 - 12) =     -0.62014  eV     1   --> A              
     e( 13 - 13) =      4.35305  eV     1   --> A              
     e( 14 - 14) =      6.44530  eV     1   --> A              
     e( 15 - 15) =      6.56271  eV     1   --> A              
     e( 16 - 16) =      7.26147  eV     1   --> A              
     e( 17 - 17) =      7.63514  eV     1   --> A              
     e( 18 - 18) =     10.45654  eV     1   --> A              
     e( 19 - 19) =     11.82944  eV     1   --> A              
     e( 20 - 20) =     12.33252  eV     1   --> A              
     e( 21 - 21) =     12.53515  eV     1   --> A              
     e( 22 - 22) =     13.07805  eV     1   --> A              
     e( 23 - 23) =     13.86393  eV     1   --> A              
     e( 24 - 24) =     14.06359  eV     1   --> A              
     e( 25 - 25) =     14.78370  eV     1   --> A              
     e( 26 - 26) =     15.42296  eV     1   --> A              

 **************************************************************************

 **************************************************************************

                    xk=(   0.34583,   0.55570,   0.00000  )

     Band symmetry, C_1 (1)     point group:

     e(  1 -  1) =    -45.30704  eV     1   --> A              
     e(  2 -  2) =    -23.76452  eV     1   --> A              
     e(  3 -  3) =    -23.51537  eV     1   --> A              
     e(  4 -  4) =    -23.43536  eV     1   --> A              
     e(  5 -  5) =    -20.55259  eV     1   --> A              
     e(  6 -  6) =    -11.98981  eV     1   --> A              
     e(  7 -  7) =     -3.08593  eV     1   --> A              
     e(  8 -  8) =     -2.72753  eV     1   --> A              
     e(  9 -  9) =     -2.47474  eV     1   --> A              
     e( 10 - 10) =     -1.75037  eV     1   --> A              
     e( 11 - 11) =     -1.38760  eV     1   --> A              
     e( 12 - 12) =     -0.62025  eV     1   --> A              
     e( 13 - 13) =      4.35605  eV     1   --> A              
     e( 14 - 14) =      6.44559  eV     1   --> A              
     e( 15 - 15) =      6.56188  eV     1   --> A              
     e( 16 - 16) =      7.25878  eV     1   --> A              
     e( 17 - 17) =      7.63682  eV     1   --> A              
     e( 18 - 18) =     10.45556  eV     1   --> A              
     e( 19 - 19) =     11.82854  eV     1   --> A              
     e( 20 - 20) =     12.34578  eV     1   --> A              
     e( 21 - 21) =     12.55873  eV     1   --> A              
     e( 22 - 22) =     13.04512  eV     1   --> A              
     e( 23 - 23) =     13.87760  eV     1   --> A              
     e( 24 - 24) =     14.06835  eV     1   --> A              
     e( 25 - 25) =     14.79210  eV     1   --> A              
     e( 26 - 26) =     15.42985  eV     1   --> A              

 **************************************************************************

 **************************************************************************

                    xk=(   0.34444,   0.55811,   0.00000  )

     Band symmetry, C_1 (1)     point group:

     e(  1 -  1) =    -45.30701  eV     1   --> A              
     e(  2 -  2) =    -23.76416  eV     1   --> A              
     e(  3 -  3) =    -23.51530  eV     1   --> A              
     e(  4 -  4) =    -23.43609  eV     1   --> A              
     e(  5 -  5) =    -20.55253  eV     1   --> A              
     e(  6 -  6) =    -11.98933  eV     1   --> A              
     e(  7 -  7) =     -3.08638  eV     1   --> A              
     e(  8 -  8) =     -2.72680  eV     1   --> A              
     e(  9 -  9) =     -2.47436  eV     1   --> A              
     e( 10 - 10) =     -1.74322  eV     1   --> A              
     e( 11 - 11) =     -1.39810  eV     1   --> A              
     e( 12 - 12) =     -0.62035  eV     1   --> A              
     e( 13 - 13) =      4.35874  eV     1   --> A              
     e( 14 - 14) =      6.44594  eV     1   --> A              
     e( 15 - 15) =      6.56111  eV     1   --> A              
     e( 16 - 16) =      7.25633  eV     1   --> A              
     e( 17 - 17) =      7.63833  eV     1   --> A              
     e( 18 - 18) =     10.45464  eV     1   --> A              
     e( 19 - 19) =     11.82773  eV     1   --> A              
     e( 20 - 20) =     12.35887  eV     1   --> A              
     e( 21 - 21) =     12.58216  eV     1   --> A              
     e( 22 - 22) =     13.01188  eV     1   --> A              
     e( 23 - 23) =     13.88995  eV     1   --> A              
     e( 24 - 24) =     14.07282  eV     1   --> A              
     e( 25 - 25) =     14.80015  eV     1   --> A              
     e( 26 - 26) =     15.43464  eV     1   --> A              

 **************************************************************************

 **************************************************************************

                    xk=(   0.34306,   0.56051,   0.00000  )

     Band symmetry, C_1 (1)     point group:

     e(  1 -  1) =    -45.30699  eV     1   --> A              
     e(  2 -  2) =    -23.76384  eV     1   --> A              
     e(  3 -  3) =    -23.51524  eV     1   --> A              
     e(  4 -  4) =    -23.43674  eV     1   --> A              
     e(  5 -  5) =    -20.55248  eV     1   --> A              
     e(  6 -  6) =    -11.98890  eV     1   --> A              
     e(  7 -  7) =     -3.08678  eV     1   --> A              
     e(  8 -  8) =     -2.72618  eV     1   --> A              
     e(  9 -  9) =     -2.47404  eV     1   --> A              
     e( 10 - 10) =     -1.73659  eV     1   --> A              
     e( 11 - 11) =     -1.40770  eV     1   --> A              
     e( 12 - 12) =     -0.62044  eV     1   --> A              
     e( 13 - 13) =      4.36110  eV     1   --> A              
     e( 14 - 14) =      6.44632  eV     1   --> A              
     e( 15 - 15) =      6.56039  eV     1   --> A              
     e( 16 - 16) =      7.25414  eV     1   --> A              
     e( 17 - 17) =      7.63965  eV     1   --> A              
     e( 18 - 18) =     10.45379  eV     1   --> A              
     e( 19 - 19) =     11.82701  eV     1   --> A              
     e( 20 - 20) =     12.37167  eV     1   --> A              
     e( 21 - 21) =     12.60539  eV     1   --> A              
     e( 22 - 22) =     12.97857  eV     1   --> A              
     e( 23 - 23) =     13.90089  eV     1   --> A              
     e( 24 - 24) =     14.07698  eV     1   --> A              
     e( 25 - 25) =     14.80771  eV     1   --> A              
     e( 26 - 26) =     15.43694  eV     1   --> A              

 **************************************************************************

 **************************************************************************

                    xk=(   0.34167,   0.56292,   0.00000  )

     Band symmetry, C_1 (1)     point group:

     e(  1 -  1) =    -45.30696  eV     1   --> A              
     e(  2 -  2) =    -23.76357  eV     1   --> A              
     e(  3 -  3) =    -23.51519  eV     1   --> A              
     e(  4 -  4) =    -23.43729  eV     1   --> A              
     e(  5 -  5) =    -20.55244  eV     1   --> A              
     e(  6 -  6) =    -11.98853  eV     1   --> A              
     e(  7 -  7) =     -3.08713  eV     1   --> A              
     e(  8 -  8) =     -2.72563  eV     1   --> A              
     e(  9 -  9) =     -2.47376  eV     1   --> A              
     e( 10 - 10) =     -1.73056  eV     1   --> A              
     e( 11 - 11) =     -1.41631  eV     1   --> A              
     e( 12 - 12) =     -0.62052  eV     1   --> A              
     e( 13 - 13) =      4.36314  eV     1   --> A              
     e( 14 - 14) =      6.44673  eV     1   --> A              
     e( 15 - 15) =      6.55976  eV     1   --> A              
     e( 16 - 16) =      7.25222  eV     1   --> A              
     e( 17 - 17) =      7.64081  eV     1   --> A              
     e( 18 - 18) =     10.45303  eV     1   --> A              
     e( 19 - 19) =     11.82638  eV     1   --> A              
     e( 20 - 20) =     12.38404  eV     1   --> A              
     e( 21 - 21) =     12.62840  eV     1   --> A              
     e( 22 - 22) =     12.94544  eV     1   --> A              
     e( 23 - 23) =     13.91036  eV     1   --> A              
     e( 24 - 24) =     14.08080  eV     1   --> A              
     e( 25 - 25) =     14.81464  eV     1   --> A              
     e( 26 - 26) =     15.43674  eV     1   --> A              

 **************************************************************************

 **************************************************************************

                    xk=(   0.34028,   0.56532,   0.00000  )

     Band symmetry, C_1 (1)     point group:

     e(  1 -  1) =    -45.30695  eV     1   --> A              
     e(  2 -  2) =    -23.76334  eV     1   --> A              
     e(  3 -  3) =    -23.51514  eV     1   --> A              
     e(  4 -  4) =    -23.43776  eV     1   --> A              
     e(  5 -  5) =    -20.55240  eV     1   --> A              
     e(  6 -  6) =    -11.98821  eV     1   --> A              
     e(  7 -  7) =     -3.08742  eV     1   --> A              
     e(  8 -  8) =     -2.72516  eV     1   --> A              
     e(  9 -  9) =     -2.47352  eV     1   --> A              
     e( 10 - 10) =     -1.72524  eV     1   --> A              
     e( 11 - 11) =     -1.42381  eV     1   --> A              
     e( 12 - 12) =     -0.62058  eV     1   --> A              
     e( 13 - 13) =      4.36486  eV     1   --> A              
     e( 14 - 14) =      6.44714  eV     1   --> A              
     e( 15 - 15) =      6.55919  eV     1   --> A              
     e( 16 - 16) =      7.25058  eV     1   --> A              
     e( 17 - 17) =      7.64179  eV     1   --> A              
     e( 18 - 18) =     10.45236  eV     1   --> A              
     e( 19 - 19) =     11.82586  eV     1   --> A              
     e( 20 - 20) =     12.39577  eV     1   --> A              
     e( 21 - 21) =     12.65111  eV     1   --> A              
     e( 22 - 22) =     12.91281  eV     1   --> A              
     e( 23 - 23) =     13.91831  eV     1   --> A              
     e( 24 - 24) =     14.08424  eV     1   --> A              
     e( 25 - 25) =     14.82078  eV     1   --> A              
     e( 26 - 26) =     15.43448  eV     1   --> A              

 **************************************************************************

 **************************************************************************

                    xk=(   0.33889,   0.56773,   0.00000  )

     Band symmetry, C_1 (1)     point group:

     e(  1 -  1) =    -45.30693  eV     1   --> A              
     e(  2 -  2) =    -23.76315  eV     1   --> A              
     e(  3 -  3) =    -23.51511  eV     1   --> A              
     e(  4 -  4) =    -23.43815  eV     1   --> A              
     e(  5 -  5) =    -20.55237  eV     1   --> A              
     e(  6 -  6) =    -11.98795  eV     1   --> A              
     e(  7 -  7) =     -3.08767  eV     1   --> A              
     e(  8 -  8) =     -2.72479  eV     1   --> A              
     e(  9 -  9) =     -2.47332  eV     1   --> A              
     e( 10 - 10) =     -1.72072  eV     1   --> A              
     e( 11 - 11) =     -1.43012  eV     1   --> A              
     e( 12 - 12) =     -0.62063  eV     1   --> A              
     e( 13 - 13) =      4.36627  eV     1   --> A              
     e( 14 - 14) =      6.44752  eV     1   --> A              
     e( 15 - 15) =      6.55871  eV     1   --> A              
     e( 16 - 16) =      7.24923  eV     1   --> A              
     e( 17 - 17) =      7.64260  eV     1   --> A              
     e( 18 - 18) =     10.45179  eV     1   --> A              
     e( 19 - 19) =     11.82543  eV     1   --> A              
     e( 20 - 20) =     12.40658  eV     1   --> A              
     e( 21 - 21) =     12.67343  eV     1   --> A              
     e( 22 - 22) =     12.88111  eV     1   --> A              
     e( 23 - 23) =     13.92473  eV     1   --> A              
     e( 24 - 24) =     14.08724  eV     1   --> A              
     e( 25 - 25) =     14.82599  eV     1   --> A              
     e( 26 - 26) =     15.43096  eV     1   --> A              

 **************************************************************************

 **************************************************************************

                    xk=(   0.33750,   0.57013,   0.00000  )

     Band symmetry, C_1 (1)     point group:

     e(  1 -  1) =    -45.30691  eV     1   --> A              
     e(  2 -  2) =    -23.76300  eV     1   --> A              
     e(  3 -  3) =    -23.51507  eV     1   --> A              
     e(  4 -  4) =    -23.43844  eV     1   --> A              
     e(  5 -  5) =    -20.55234  eV     1   --> A              
     e(  6 -  6) =    -11.98774  eV     1   --> A              
     e(  7 -  7) =     -3.08784  eV     1   --> A              
     e(  8 -  8) =     -2.72448  eV     1   --> A              
     e(  9 -  9) =     -2.47315  eV     1   --> A              
     e( 10 - 10) =     -1.71709  eV     1   --> A              
     e( 11 - 11) =     -1.43513  eV     1   --> A              
     e( 12 - 12) =     -0.62067  eV     1   --> A              
     e( 13 - 13) =      4.36736  eV     1   --> A              
     e( 14 - 14) =      6.44788  eV     1   --> A              
     e( 15 - 15) =      6.55833  eV     1   --> A              
     e( 16 - 16) =      7.24818  eV     1   --> A              
     e( 17 - 17) =      7.64322  eV     1   --> A              
     e( 18 - 18) =     10.45134  eV     1   --> A              
     e( 19 - 19) =     11.82510  eV     1   --> A              
     e( 20 - 20) =     12.41612  eV     1   --> A              
     e( 21 - 21) =     12.69513  eV     1   --> A              
     e( 22 - 22) =     12.85097  eV     1   --> A              
     e( 23 - 23) =     13.92963  eV     1   --> A              
     e( 24 - 24) =     14.08974  eV     1   --> A              
     e( 25 - 25) =     14.83016  eV     1   --> A              
     e( 26 - 26) =     15.42709  eV     1   --> A              

 **************************************************************************

 **************************************************************************

                    xk=(   0.33611,   0.57254,   0.00000  )

     Band symmetry, C_1 (1)     point group:

     e(  1 -  1) =    -45.30691  eV     1   --> A              
     e(  2 -  2) =    -23.76290  eV     1   --> A              
     e(  3 -  3) =    -23.51505  eV     1   --> A              
     e(  4 -  4) =    -23.43865  eV     1   --> A              
     e(  5 -  5) =    -20.55232  eV     1   --> A              
     e(  6 -  6) =    -11.98759  eV     1   --> A              
     e(  7 -  7) =     -3.08798  eV     1   --> A              
     e(  8 -  8) =     -2.72428  eV     1   --> A              
     e(  9 -  9) =     -2.47304  eV     1   --> A              
     e( 10 - 10) =     -1.71445  eV     1   --> A              
     e( 11 - 11) =     -1.43877  eV     1   --> A              
     e( 12 - 12) =     -0.62070  eV     1   --> A              
     e( 13 - 13) =      4.36813  eV     1   --> A              
     e( 14 - 14) =      6.44815  eV     1   --> A              
     e( 15 - 15) =      6.55804  eV     1   --> A              
     e( 16 - 16) =      7.24742  eV     1   --> A              
     e( 17 - 17) =      7.64366  eV     1   --> A              
     e( 18 - 18) =     10.45101  eV     1   --> A              
     e( 19 - 19) =     11.82486  eV     1   --> A              
     e( 20 - 20) =     12.42385  eV     1   --> A              
     e( 21 - 21) =     12.71565  eV     1   --> A              
     e( 22 - 22) =     12.82348  eV     1   --> A              
     e( 23 - 23) =     13.93305  eV     1   --> A              
     e( 24 - 24) =     14.09164  eV     1   --> A              
     e( 25 - 25) =     14.83318  eV     1   --> A              
     e( 26 - 26) =     15.42367  eV     1   --> A              

 **************************************************************************

 **************************************************************************

                    xk=(   0.33472,   0.57494,   0.00000  )

     Band symmetry, C_1 (1)     point group:

     e(  1 -  1) =    -45.30690  eV     1   --> A              
     e(  2 -  2) =    -23.76284  eV     1   --> A              
     e(  3 -  3) =    -23.51504  eV     1   --> A              
     e(  4 -  4) =    -23.43877  eV     1   --> A              
     e(  5 -  5) =    -20.55231  eV     1   --> A              
     e(  6 -  6) =    -11.98750  eV     1   --> A              
     e(  7 -  7) =     -3.08806  eV     1   --> A              
     e(  8 -  8) =     -2.72414  eV     1   --> A              
     e(  9 -  9) =     -2.47298  eV     1   --> A              
     e( 10 - 10) =     -1.71285  eV     1   --> A              
     e( 11 - 11) =     -1.44097  eV     1   --> A              
     e( 12 - 12) =     -0.62071  eV     1   --> A              
     e( 13 - 13) =      4.36860  eV     1   --> A              
     e( 14 - 14) =      6.44834  eV     1   --> A              
     e( 15 - 15) =      6.55786  eV     1   --> A              
     e( 16 - 16) =      7.24697  eV     1   --> A              
     e( 17 - 17) =      7.64393  eV     1   --> A              
     e( 18 - 18) =     10.45080  eV     1   --> A              
     e( 19 - 19) =     11.82472  eV     1   --> A              
     e( 20 - 20) =     12.42912  eV     1   --> A              
     e( 21 - 21) =     12.73313  eV     1   --> A              
     e( 22 - 22) =     12.80119  eV     1   --> A              
     e( 23 - 23) =     13.93504  eV     1   --> A              
     e( 24 - 24) =     14.09286  eV     1   --> A              
     e( 25 - 25) =     14.83499  eV     1   --> A              
     e( 26 - 26) =     15.42132  eV     1   --> A              

 **************************************************************************

 **************************************************************************

                    xk=(   0.33333,   0.57735,   0.00000  )

     point group C_3 (3)    
     there are  3 classes
     the character table:

       E     C3    C3^2 
A      1.00  1.00  1.00
E      1.00 -0.50 -0.50
E*     1.00 -0.50 -0.50
     imaginary part
A      0.00  0.00  0.00
E      0.00  0.87 -0.87
E*     0.00 -0.87  0.87

     the symmetry operations in each class and the name of the first element:

     E        1
                                                                 
     C3       2
                                                                 
     C3^2     3
                                                                 

     Band symmetry, C_3 (3)     point group:

     e(  1 -  1) =    -45.30690  eV     1   --> A              
     e(  2 -  2) =    -23.76282  eV     1   --> E*             
     e(  3 -  3) =    -23.51503  eV     1   --> A              
     e(  4 -  4) =    -23.43881  eV     1   --> E              
     e(  5 -  5) =    -20.55231  eV     1   --> E*             
     e(  6 -  6) =    -11.98747  eV     1   --> E*             
     e(  7 -  7) =     -3.08808  eV     1   --> E              
     e(  8 -  8) =     -2.72410  eV     1   --> A              
     e(  9 -  9) =     -2.47294  eV     1   --> E*             
     e( 10 - 10) =     -1.71231  eV     1   --> E              
     e( 11 - 11) =     -1.44170  eV     1   --> A              
     e( 12 - 12) =     -0.62072  eV     1   --> E*             
     e( 13 - 13) =      4.36875  eV     1   --> E              
     e( 14 - 14) =      6.44841  eV     1   --> A              
     e( 15 - 15) =      6.55780  eV     1   --> E              
     e( 16 - 16) =      7.24682  eV     1   --> E*             
     e( 17 - 17) =      7.64402  eV     1   --> E*             
     e( 18 - 18) =     10.45074  eV     1   --> A              
     e( 19 - 19) =     11.82468  eV     1   --> E              
     e( 20 - 20) =     12.43108  eV     1   --> A              
     e( 21 - 21) =     12.74116  eV     1   --> E              
     e( 22 - 22) =     12.79135  eV     1   --> E*             
     e( 23 - 23) =     13.93569  eV     1   --> E              
     e( 24 - 24) =     14.09329  eV     1   --> A              
     e( 25 - 25) =     14.83559  eV     1   --> E*             
     e( 26 - 26) =     15.42047  eV     1   --> E              

 **************************************************************************

 **************************************************************************

                    xk=(   0.33056,   0.57254,   0.00000  )

     point group C_1 (1)    
     there are  1 classes
     the character table:

       E    
A      1.00

     the symmetry operations in each class and the name of the first element:

     E        1
                                                                 

     Band symmetry, C_1 (1)     point group:

     e(  1 -  1) =    -45.30691  eV     1   --> A              
     e(  2 -  2) =    -23.76290  eV     1   --> A              
     e(  3 -  3) =    -23.51505  eV     1   --> A              
     e(  4 -  4) =    -23.43865  eV     1   --> A              
     e(  5 -  5) =    -20.55232  eV     1   --> A              
     e(  6 -  6) =    -11.98759  eV     1   --> A              
     e(  7 -  7) =     -3.08798  eV     1   --> A              
     e(  8 -  8) =     -2.72427  eV     1   --> A              
     e(  9 -  9) =     -2.47304  eV     1   --> A              
     e( 10 - 10) =     -1.71439  eV     1   --> A              
     e( 11 - 11) =     -1.43883  eV     1   --> A              
     e( 12 - 12) =     -0.62070  eV     1   --> A              
     e( 13 - 13) =      4.36814  eV     1   --> A              
     e( 14 - 14) =      6.44809  eV     1   --> A              
     e( 15 - 15) =      6.55807  eV     1   --> A              
     e( 16 - 16) =      7.24742  eV     1   --> A              
     e( 17 - 17) =      7.64368  eV     1   --> A              
     e( 18 - 18) =     10.45102  eV     1   --> A              
     e( 19 - 19) =     11.82486  eV     1   --> A              
     e( 20 - 20) =     12.42147  eV     1   --> A              
     e( 21 - 21) =     12.72453  eV     1   --> A              
     e( 22 - 22) =     12.81698  eV     1   --> A              
     e( 23 - 23) =     13.93328  eV     1   --> A              
     e( 24 - 24) =     14.09138  eV     1   --> A              
     e( 25 - 25) =     14.83332  eV     1   --> A              
     e( 26 - 26) =     15.42415  eV     1   --> A              

 **************************************************************************

 **************************************************************************

                    xk=(   0.32778,   0.56773,   0.00000  )

     Band symmetry, C_1 (1)     point group:

     e(  1 -  1) =    -45.30693  eV     1   --> A              
     e(  2 -  2) =    -23.76313  eV     1   --> A              
     e(  3 -  3) =    -23.51511  eV     1   --> A              
     e(  4 -  4) =    -23.43816  eV     1   --> A              
     e(  5 -  5) =    -20.55237  eV     1   --> A              
     e(  6 -  6) =    -11.98797  eV     1   --> A              
     e(  7 -  7) =     -3.08766  eV     1   --> A              
     e(  8 -  8) =     -2.72475  eV     1   --> A              
     e(  9 -  9) =     -2.47331  eV     1   --> A              
     e( 10 - 10) =     -1.72026  eV     1   --> A              
     e( 11 - 11) =     -1.43059  eV     1   --> A              
     e( 12 - 12) =     -0.62064  eV     1   --> A              
     e( 13 - 13) =      4.36635  eV     1   --> A              
     e( 14 - 14) =      6.44702  eV     1   --> A              
     e( 15 - 15) =      6.55893  eV     1   --> A              
     e( 16 - 16) =      7.24923  eV     1   --> A              
     e( 17 - 17) =      7.64269  eV     1   --> A              
     e( 18 - 18) =     10.45191  eV     1   --> A              
     e( 19 - 19) =     11.82540  eV     1   --> A              
     e( 20 - 20) =     12.39033  eV     1   --> A              
     e( 21 - 21) =     12.71456  eV     1   --> A              
     e( 22 - 22) =     12.85626  eV     1   --> A              
     e( 23 - 23) =     13.92651  eV     1   --> A              
     e( 24 - 24) =     14.08525  eV     1   --> A              
     e( 25 - 25) =     14.82706  eV     1   --> A              
     e( 26 - 26) =     15.43509  eV     1   --> A              

 **************************************************************************

 **************************************************************************

                    xk=(   0.32500,   0.56292,   0.00000  )

     Band symmetry, C_1 (1)     point group:

     e(  1 -  1) =    -45.30696  eV     1   --> A              
     e(  2 -  2) =    -23.76348  eV     1   --> A              
     e(  3 -  3) =    -23.51519  eV     1   --> A              
     e(  4 -  4) =    -23.43734  eV     1   --> A              
     e(  5 -  5) =    -20.55243  eV     1   --> A              
     e(  6 -  6) =    -11.98860  eV     1   --> A              
     e(  7 -  7) =     -3.08708  eV     1   --> A              
     e(  8 -  8) =     -2.72549  eV     1   --> A              
     e(  9 -  9) =     -2.47372  eV     1   --> A              
     e( 10 - 10) =     -1.72913  eV     1   --> A              
     e( 11 - 11) =     -1.41776  eV     1   --> A              
     e( 12 - 12) =     -0.62054  eV     1   --> A              
     e( 13 - 13) =      4.36342  eV     1   --> A              
     e( 14 - 14) =      6.44505  eV     1   --> A              
     e( 15 - 15) =      6.56046  eV     1   --> A              
     e( 16 - 16) =      7.25220  eV     1   --> A              
     e( 17 - 17) =      7.64113  eV     1   --> A              
     e( 18 - 18) =     10.45342  eV     1   --> A              
     e( 19 - 19) =     11.82630  eV     1   --> A              
     e( 20 - 20) =     12.34018  eV     1   --> A              
     e( 21 - 21) =     12.72176  eV     1   --> A              
     e( 22 - 22) =     12.89605  eV     1   --> A              
     e( 23 - 23) =     13.91604  eV     1   --> A              
     e( 24 - 24) =     14.07451  eV     1   --> A              
     e( 25 - 25) =     14.81792  eV     1   --> A              
     e( 26 - 26) =     15.45166  eV     1   --> A              

 **************************************************************************

 **************************************************************************

                    xk=(   0.32222,   0.55811,   0.00000  )

     Band symmetry, C_1 (1)     point group:

     e(  1 -  1) =    -45.30701  eV     1   --> A              
     e(  2 -  2) =    -23.76395  eV     1   --> A              
     e(  3 -  3) =    -23.51531  eV     1   --> A              
     e(  4 -  4) =    -23.43621  eV     1   --> A              
     e(  5 -  5) =    -20.55252  eV     1   --> A              
     e(  6 -  6) =    -11.98949  eV     1   --> A              
     e(  7 -  7) =     -3.08627  eV     1   --> A              
     e(  8 -  8) =     -2.72650  eV     1   --> A              
     e(  9 -  9) =     -2.47432  eV     1   --> A              
     e( 10 - 10) =     -1.74012  eV     1   --> A              
     e( 11 - 11) =     -1.40125  eV     1   --> A              
     e( 12 - 12) =     -0.62040  eV     1   --> A              
     e( 13 - 13) =      4.35939  eV     1   --> A              
     e( 14 - 14) =      6.44205  eV     1   --> A              
     e( 15 - 15) =      6.56268  eV     1   --> A              
     e( 16 - 16) =      7.25623  eV     1   --> A              
     e( 17 - 17) =      7.63907  eV     1   --> A              
     e( 18 - 18) =     10.45556  eV     1   --> A              
     e( 19 - 19) =     11.82754  eV     1   --> A              
     e( 20 - 20) =     12.27747  eV     1   --> A              
     e( 21 - 21) =     12.74104  eV     1   --> A              
     e( 22 - 22) =     12.93475  eV     1   --> A              
     e( 23 - 23) =     13.90234  eV     1   --> A              
     e( 24 - 24) =     14.05923  eV     1   --> A              
     e( 25 - 25) =     14.80696  eV     1   --> A              
     e( 26 - 26) =     15.46772  eV     1   --> A              

 **************************************************************************

 **************************************************************************

                    xk=(   0.31944,   0.55329,   0.00000  )

     Band symmetry, C_1 (1)     point group:

     e(  1 -  1) =    -45.30708  eV     1   --> A              
     e(  2 -  2) =    -23.76453  eV     1   --> A              
     e(  3 -  3) =    -23.51548  eV     1   --> A              
     e(  4 -  4) =    -23.43478  eV     1   --> A              
     e(  5 -  5) =    -20.55263  eV     1   --> A              
     e(  6 -  6) =    -11.99065  eV     1   --> A              
     e(  7 -  7) =     -3.08524  eV     1   --> A              
     e(  8 -  8) =     -2.72775  eV     1   --> A              
     e(  9 -  9) =     -2.47507  eV     1   --> A              
     e( 10 - 10) =     -1.75245  eV     1   --> A              
     e( 11 - 11) =     -1.38186  eV     1   --> A              
     e( 12 - 12) =     -0.62022  eV     1   --> A              
     e( 13 - 13) =      4.35430  eV     1   --> A              
     e( 14 - 14) =      6.43794  eV     1   --> A              
     e( 15 - 15) =      6.56561  eV     1   --> A              
     e( 16 - 16) =      7.26120  eV     1   --> A              
     e( 17 - 17) =      7.63661  eV     1   --> A              
     e( 18 - 18) =     10.45831  eV     1   --> A              
     e( 19 - 19) =     11.82911  eV     1   --> A              
     e( 20 - 20) =     12.20741  eV     1   --> A              
     e( 21 - 21) =     12.76748  eV     1   --> A              
     e( 22 - 22) =     12.97178  eV     1   --> A              
     e( 23 - 23) =     13.88572  eV     1   --> A              
     e( 24 - 24) =     14.03992  eV     1   --> A              
     e( 25 - 25) =     14.79497  eV     1   --> A              
     e( 26 - 26) =     15.46270  eV     1   --> A              

 **************************************************************************

 **************************************************************************

                    xk=(   0.31667,   0.54848,   0.00000  )

     Band symmetry, C_1 (1)     point group:

     e(  1 -  1) =    -45.30716  eV     1   --> A              
     e(  2 -  2) =    -23.76521  eV     1   --> A              
     e(  3 -  3) =    -23.51569  eV     1   --> A              
     e(  4 -  4) =    -23.43306  eV     1   --> A              
     e(  5 -  5) =    -20.55277  eV     1   --> A              
     e(  6 -  6) =    -11.99210  eV     1   --> A              
     e(  7 -  7) =     -3.08400  eV     1   --> A              
     e(  8 -  8) =     -2.72921  eV     1   --> A              
     e(  9 -  9) =     -2.47597  eV     1   --> A              
     e( 10 - 10) =     -1.76550  eV     1   --> A              
     e( 11 - 11) =     -1.36023  eV     1   --> A              
     e( 12 - 12) =     -0.61999  eV     1   --> A              
     e( 13 - 13) =      4.34821  eV     1   --> A              
     e( 14 - 14) =      6.43270  eV     1   --> A              
     e( 15 - 15) =      6.56921  eV     1   --> A              
     e( 16 - 16) =      7.26693  eV     1   --> A              
     e( 17 - 17) =      7.63389  eV     1   --> A              
     e( 18 - 18) =     10.46165  eV     1   --> A              
     e( 19 - 19) =     11.83101  eV     1   --> A              
     e( 20 - 20) =     12.13306  eV     1   --> A              
     e( 21 - 21) =     12.79801  eV     1   --> A              
     e( 22 - 22) =     13.00676  eV     1   --> A              
     e( 23 - 23) =     13.86635  eV     1   --> A              
     e( 24 - 24) =     14.01754  eV     1   --> A              
     e( 25 - 25) =     14.78237  eV     1   --> A              
     e( 26 - 26) =     15.43284  eV     1   --> A              

 **************************************************************************

 **************************************************************************

                    xk=(   0.31389,   0.54367,   0.00000  )

     Band symmetry, C_1 (1)     point group:

     e(  1 -  1) =    -45.30727  eV     1   --> A              
     e(  2 -  2) =    -23.76596  eV     1   --> A              
     e(  3 -  3) =    -23.51595  eV     1   --> A              
     e(  4 -  4) =    -23.43107  eV     1   --> A              
     e(  5 -  5) =    -20.55293  eV     1   --> A              
     e(  6 -  6) =    -11.99382  eV     1   --> A              
     e(  7 -  7) =     -3.08254  eV     1   --> A              
     e(  8 -  8) =     -2.73087  eV     1   --> A              
     e(  9 -  9) =     -2.47703  eV     1   --> A              
     e( 10 - 10) =     -1.77881  eV     1   --> A              
     e( 11 - 11) =     -1.33686  eV     1   --> A              
     e( 12 - 12) =     -0.61973  eV     1   --> A              
     e( 13 - 13) =      4.34117  eV     1   --> A              
     e( 14 - 14) =      6.42632  eV     1   --> A              
     e( 15 - 15) =      6.57344  eV     1   --> A              
     e( 16 - 16) =      7.27319  eV     1   --> A              
     e( 17 - 17) =      7.63109  eV     1   --> A              
     e( 18 - 18) =     10.46554  eV     1   --> A              
     e( 19 - 19) =     11.83324  eV     1   --> A              
     e( 20 - 20) =     12.05611  eV     1   --> A              
     e( 21 - 21) =     12.83077  eV     1   --> A              
     e( 22 - 22) =     13.03939  eV     1   --> A              
     e( 23 - 23) =     13.84420  eV     1   --> A              
     e( 24 - 24) =     13.99343  eV     1   --> A              
     e( 25 - 25) =     14.76926  eV     1   --> A              
     e( 26 - 26) =     15.39754  eV     1   --> A              

 **************************************************************************

 **************************************************************************

                    xk=(   0.31111,   0.53886,   0.00000  )

     Band symmetry, C_1 (1)     point group:

     e(  1 -  1) =    -45.30738  eV     1   --> A              
     e(  2 -  2) =    -23.76676  eV     1   --> A              
     e(  3 -  3) =    -23.51625  eV     1   --> A              
     e(  4 -  4) =    -23.42881  eV     1   --> A              
     e(  5 -  5) =    -20.55312  eV     1   --> A              
     e(  6 -  6) =    -11.99583  eV     1   --> A              
     e(  7 -  7) =     -3.08085  eV     1   --> A              
     e(  8 -  8) =     -2.73265  eV     1   --> A              
     e(  9 -  9) =     -2.47820  eV     1   --> A              
     e( 10 - 10) =     -1.79204  eV     1   --> A              
     e( 11 - 11) =     -1.31210  eV     1   --> A              
     e( 12 - 12) =     -0.61941  eV     1   --> A              
     e( 13 - 13) =      4.33323  eV     1   --> A              
     e( 14 - 14) =      6.41887  eV     1   --> A              
     e( 15 - 15) =      6.57827  eV     1   --> A              
     e( 16 - 16) =      7.27975  eV     1   --> A              
     e( 17 - 17) =      7.62840  eV     1   --> A              
     e( 18 - 18) =     10.46990  eV     1   --> A              
     e( 19 - 19) =     11.83580  eV     1   --> A              
     e( 20 - 20) =     11.97753  eV     1   --> A              
     e( 21 - 21) =     12.86443  eV     1   --> A              
     e( 22 - 22) =     13.06948  eV     1   --> A              
     e( 23 - 23) =     13.81916  eV     1   --> A              
     e( 24 - 24) =     13.96912  eV     1   --> A              
     e( 25 - 25) =     14.75554  eV     1   --> A              
     e( 26 - 26) =     15.36300  eV     1   --> A              

 **************************************************************************

 **************************************************************************

                    xk=(   0.30833,   0.53405,   0.00000  )

     Band symmetry, C_1 (1)     point group:

     e(  1 -  1) =    -45.30752  eV     1   --> A              
     e(  2 -  2) =    -23.76761  eV     1   --> A              
     e(  3 -  3) =    -23.51660  eV     1   --> A              
     e(  4 -  4) =    -23.42629  eV     1   --> A              
     e(  5 -  5) =    -20.55332  eV     1   --> A              
     e(  6 -  6) =    -11.99814  eV     1   --> A              
     e(  7 -  7) =     -3.07896  eV     1   --> A              
     e(  8 -  8) =     -2.73455  eV     1   --> A              
     e(  9 -  9) =     -2.47951  eV     1   --> A              
     e( 10 - 10) =     -1.80495  eV     1   --> A              
     e( 11 - 11) =     -1.28624  eV     1   --> A              
     e( 12 - 12) =     -0.61903  eV     1   --> A              
     e( 13 - 13) =      4.32445  eV     1   --> A              
     e( 14 - 14) =      6.41038  eV     1   --> A              
     e( 15 - 15) =      6.58360  eV     1   --> A              
     e( 16 - 16) =      7.28627  eV     1   --> A              
     e( 17 - 17) =      7.62605  eV     1   --> A              
     e( 18 - 18) =     10.47466  eV     1   --> A              
     e( 19 - 19) =     11.83860  eV     1   --> A              
     e( 20 - 20) =     11.89797  eV     1   --> A              
     e( 21 - 21) =     12.89775  eV     1   --> A              
     e( 22 - 22) =     13.09702  eV     1   --> A              
     e( 23 - 23) =     13.79119  eV     1   --> A              
     e( 24 - 24) =     13.94610  eV     1   --> A              
     e( 25 - 25) =     14.74110  eV     1   --> A              
     e( 26 - 26) =     15.33091  eV     1   --> A              

 **************************************************************************

 **************************************************************************

                    xk=(   0.30556,   0.52924,   0.00000  )

     Band symmetry, C_1 (1)     point group:

     e(  1 -  1) =    -45.30766  eV     1   --> A              
     e(  2 -  2) =    -23.76847  eV     1   --> A              
     e(  3 -  3) =    -23.51700  eV     1   --> A              
     e(  4 -  4) =    -23.42354  eV     1   --> A              
     e(  5 -  5) =    -20.55354  eV     1   --> A              
     e(  6 -  6) =    -12.00074  eV     1   --> A              
     e(  7 -  7) =     -3.07687  eV     1   --> A              
     e(  8 -  8) =     -2.73650  eV     1   --> A              
     e(  9 -  9) =     -2.48092  eV     1   --> A              
     e( 10 - 10) =     -1.81739  eV     1   --> A              
     e( 11 - 11) =     -1.25949  eV     1   --> A              
     e( 12 - 12) =     -0.61859  eV     1   --> A              
     e( 13 - 13) =      4.31489  eV     1   --> A              
     e( 14 - 14) =      6.40092  eV     1   --> A              
     e( 15 - 15) =      6.58938  eV     1   --> A              
     e( 16 - 16) =      7.29241  eV     1   --> A              
     e( 17 - 17) =      7.62432  eV     1   --> A              
     e( 18 - 18) =     10.47971  eV     1   --> A              
     e( 19 - 19) =     11.81677  eV     1   --> A              
     e( 20 - 20) =     11.84273  eV     1   --> A              
     e( 21 - 21) =     12.92931  eV     1   --> A              
     e( 22 - 22) =     13.12240  eV     1   --> A              
     e( 23 - 23) =     13.76048  eV     1   --> A              
     e( 24 - 24) =     13.92562  eV     1   --> A              
     e( 25 - 25) =     14.72592  eV     1   --> A              
     e( 26 - 26) =     15.30191  eV     1   --> A              

 **************************************************************************

 **************************************************************************

                    xk=(   0.30278,   0.52443,   0.00000  )

     Band symmetry, C_1 (1)     point group:

     e(  1 -  1) =    -45.30783  eV     1   --> A              
     e(  2 -  2) =    -23.76935  eV     1   --> A              
     e(  3 -  3) =    -23.51745  eV     1   --> A              
     e(  4 -  4) =    -23.42056  eV     1   --> A              
     e(  5 -  5) =    -20.55378  eV     1   --> A              
     e(  6 -  6) =    -12.00364  eV     1   --> A              
     e(  7 -  7) =     -3.07460  eV     1   --> A              
     e(  8 -  8) =     -2.73848  eV     1   --> A              
     e(  9 -  9) =     -2.48244  eV     1   --> A              
     e( 10 - 10) =     -1.82922  eV     1   --> A              
     e( 11 - 11) =     -1.23199  eV     1   --> A              
     e( 12 - 12) =     -0.61807  eV     1   --> A              
     e( 13 - 13) =      4.30461  eV     1   --> A              
     e( 14 - 14) =      6.39057  eV     1   --> A              
     e( 15 - 15) =      6.59557  eV     1   --> A              
     e( 16 - 16) =      7.29781  eV     1   --> A              
     e( 17 - 17) =      7.62347  eV     1   --> A              
     e( 18 - 18) =     10.48492  eV     1   --> A              
     e( 19 - 19) =     11.73636  eV     1   --> A              
     e( 20 - 20) =     11.84602  eV     1   --> A              
     e( 21 - 21) =     12.95722  eV     1   --> A              
     e( 22 - 22) =     13.14657  eV     1   --> A              
     e( 23 - 23) =     13.72755  eV     1   --> A              
     e( 24 - 24) =     13.90841  eV     1   --> A              
     e( 25 - 25) =     14.71016  eV     1   --> A              
     e( 26 - 26) =     15.27617  eV     1   --> A              

 **************************************************************************

 **************************************************************************

                    xk=(   0.30000,   0.51962,   0.00000  )

     Band symmetry, C_1 (1)     point group:

     e(  1 -  1) =    -45.30801  eV     1   --> A              
     e(  2 -  2) =    -23.77021  eV     1   --> A              
     e(  3 -  3) =    -23.51796  eV     1   --> A              
     e(  4 -  4) =    -23.41736  eV     1   --> A              
     e(  5 -  5) =    -20.55404  eV     1   --> A              
     e(  6 -  6) =    -12.00685  eV     1   --> A              
     e(  7 -  7) =     -3.07216  eV     1   --> A              
     e(  8 -  8) =     -2.74044  eV     1   --> A              
     e(  9 -  9) =     -2.48407  eV     1   --> A              
     e( 10 - 10) =     -1.84037  eV     1   --> A              
     e( 11 - 11) =     -1.20390  eV     1   --> A              
     e( 12 - 12) =     -0.61745  eV     1   --> A              
     e( 13 - 13) =      4.29365  eV     1   --> A              
     e( 14 - 14) =      6.37939  eV     1   --> A              
     e( 15 - 15) =      6.60210  eV     1   --> A              
     e( 16 - 16) =      7.30208  eV     1   --> A              
     e( 17 - 17) =      7.62377  eV     1   --> A              
     e( 18 - 18) =     10.49014  eV     1   --> A              
     e( 19 - 19) =     11.65533  eV     1   --> A              
     e( 20 - 20) =     11.85010  eV     1   --> A              
     e( 21 - 21) =     12.97906  eV     1   --> A              
     e( 22 - 22) =     13.17119  eV     1   --> A              
     e( 23 - 23) =     13.69312  eV     1   --> A              
     e( 24 - 24) =     13.89479  eV     1   --> A              
     e( 25 - 25) =     14.69419  eV     1   --> A              
     e( 26 - 26) =     15.25360  eV     1   --> A              

 **************************************************************************

 **************************************************************************

                    xk=(   0.29722,   0.51480,   0.00000  )

     Band symmetry, C_1 (1)     point group:

     e(  1 -  1) =    -45.30821  eV     1   --> A              
     e(  2 -  2) =    -23.77106  eV     1   --> A              
     e(  3 -  3) =    -23.51852  eV     1   --> A              
     e(  4 -  4) =    -23.41397  eV     1   --> A              
     e(  5 -  5) =    -20.55432  eV     1   --> A              
     e(  6 -  6) =    -12.01037  eV     1   --> A              
     e(  7 -  7) =     -3.06956  eV     1   --> A              
     e(  8 -  8) =     -2.74232  eV     1   --> A              
     e(  9 -  9) =     -2.48578  eV     1   --> A              
     e( 10 - 10) =     -1.85077  eV     1   --> A              
     e( 11 - 11) =     -1.17533  eV     1   --> A              
     e( 12 - 12) =     -0.61672  eV     1   --> A              
     e( 13 - 13) =      4.28209  eV     1   --> A              
     e( 14 - 14) =      6.36744  eV     1   --> A              
     e( 15 - 15) =      6.60892  eV     1   --> A              
     e( 16 - 16) =      7.30487  eV     1   --> A              
     e( 17 - 17) =      7.62548  eV     1   --> A              
     e( 18 - 18) =     10.49521  eV     1   --> A              
     e( 19 - 19) =     11.57418  eV     1   --> A              
     e( 20 - 20) =     11.85467  eV     1   --> A              
     e( 21 - 21) =     12.99236  eV     1   --> A              
     e( 22 - 22) =     13.19820  eV     1   --> A              
     e( 23 - 23) =     13.65795  eV     1   --> A              
     e( 24 - 24) =     13.88475  eV     1   --> A              
     e( 25 - 25) =     14.67855  eV     1   --> A              
     e( 26 - 26) =     15.23391  eV     1   --> A              

 **************************************************************************

 **************************************************************************

                    xk=(   0.29444,   0.50999,   0.00000  )

     Band symmetry, C_1 (1)     point group:

     e(  1 -  1) =    -45.30844  eV     1   --> A              
     e(  2 -  2) =    -23.77187  eV     1   --> A              
     e(  3 -  3) =    -23.51913  eV     1   --> A              
     e(  4 -  4) =    -23.41040  eV     1   --> A              
     e(  5 -  5) =    -20.55462  eV     1   --> A              
     e(  6 -  6) =    -12.01420  eV     1   --> A              
     e(  7 -  7) =     -3.06684  eV     1   --> A              
     e(  8 -  8) =     -2.74411  eV     1   --> A              
     e(  9 -  9) =     -2.48759  eV     1   --> A              
     e( 10 - 10) =     -1.86039  eV     1   --> A              
     e( 11 - 11) =     -1.14637  eV     1   --> A              
     e( 12 - 12) =     -0.61584  eV     1   --> A              
     e( 13 - 13) =      4.26996  eV     1   --> A              
     e( 14 - 14) =      6.35480  eV     1   --> A              
     e( 15 - 15) =      6.61600  eV     1   --> A              
     e( 16 - 16) =      7.30589  eV     1   --> A              
     e( 17 - 17) =      7.62879  eV     1   --> A              
     e( 18 - 18) =     10.49990  eV     1   --> A              
     e( 19 - 19) =     11.49307  eV     1   --> A              
     e( 20 - 20) =     11.85973  eV     1   --> A              
     e( 21 - 21) =     12.99552  eV     1   --> A              
     e( 22 - 22) =     13.22896  eV     1   --> A              
     e( 23 - 23) =     13.62266  eV     1   --> A              
     e( 24 - 24) =     13.87803  eV     1   --> A              
     e( 25 - 25) =     14.66393  eV     1   --> A              
     e( 26 - 26) =     15.21673  eV     1   --> A              

 **************************************************************************

 **************************************************************************

                    xk=(   0.29167,   0.50518,   0.00000  )

     Band symmetry, C_1 (1)     point group:

     e(  1 -  1) =    -45.30867  eV     1   --> A              
     e(  2 -  2) =    -23.77262  eV     1   --> A              
     e(  3 -  3) =    -23.51980  eV     1   --> A              
     e(  4 -  4) =    -23.40666  eV     1   --> A              
     e(  5 -  5) =    -20.55493  eV     1   --> A              
     e(  6 -  6) =    -12.01835  eV     1   --> A              
     e(  7 -  7) =     -3.06399  eV     1   --> A              
     e(  8 -  8) =     -2.74571  eV     1   --> A              
     e(  9 -  9) =     -2.48948  eV     1   --> A              
     e( 10 - 10) =     -1.86919  eV     1   --> A              
     e( 11 - 11) =     -1.11713  eV     1   --> A              
     e( 12 - 12) =     -0.61479  eV     1   --> A              
     e( 13 - 13) =      4.25734  eV     1   --> A              
     e( 14 - 14) =      6.34153  eV     1   --> A              
     e( 15 - 15) =      6.62330  eV     1   --> A              
     e( 16 - 16) =      7.30496  eV     1   --> A              
     e( 17 - 17) =      7.63379  eV     1   --> A              
     e( 18 - 18) =     10.50399  eV     1   --> A              
     e( 19 - 19) =     11.41217  eV     1   --> A              
     e( 20 - 20) =     11.86531  eV     1   --> A              
     e( 21 - 21) =     12.98845  eV     1   --> A              
     e( 22 - 22) =     13.26366  eV     1   --> A              
     e( 23 - 23) =     13.58765  eV     1   --> A              
     e( 24 - 24) =     13.87426  eV     1   --> A              
     e( 25 - 25) =     14.65106  eV     1   --> A              
     e( 26 - 26) =     15.20164  eV     1   --> A              

 **************************************************************************

 **************************************************************************

                    xk=(   0.28889,   0.50037,   0.00000  )

     Band symmetry, C_1 (1)     point group:

     e(  1 -  1) =    -45.30893  eV     1   --> A              
     e(  2 -  2) =    -23.77331  eV     1   --> A              
     e(  3 -  3) =    -23.52052  eV     1   --> A              
     e(  4 -  4) =    -23.40276  eV     1   --> A              
     e(  5 -  5) =    -20.55526  eV     1   --> A              
     e(  6 -  6) =    -12.02281  eV     1   --> A              
     e(  7 -  7) =     -3.06104  eV     1   --> A              
     e(  8 -  8) =     -2.74712  eV     1   --> A              
     e(  9 -  9) =     -2.49144  eV     1   --> A              
     e( 10 - 10) =     -1.87715  eV     1   --> A              
     e( 11 - 11) =     -1.08770  eV     1   --> A              
     e( 12 - 12) =     -0.61352  eV     1   --> A              
     e( 13 - 13) =      4.24426  eV     1   --> A              
     e( 14 - 14) =      6.32768  eV     1   --> A              
     e( 15 - 15) =      6.63079  eV     1   --> A              
     e( 16 - 16) =      7.30196  eV     1   --> A              
     e( 17 - 17) =      7.64049  eV     1   --> A              
     e( 18 - 18) =     10.50720  eV     1   --> A              
     e( 19 - 19) =     11.33164  eV     1   --> A              
     e( 20 - 20) =     11.87143  eV     1   --> A              
     e( 21 - 21) =     12.97220  eV     1   --> A              
     e( 22 - 22) =     13.30158  eV     1   --> A              
     e( 23 - 23) =     13.55310  eV     1   --> A              
     e( 24 - 24) =     13.87295  eV     1   --> A              
     e( 25 - 25) =     14.64066  eV     1   --> A              
     e( 26 - 26) =     15.18825  eV     1   --> A              

 **************************************************************************

 **************************************************************************

                    xk=(   0.28611,   0.49556,   0.00000  )

     Band symmetry, C_1 (1)     point group:

     e(  1 -  1) =    -45.30920  eV     1   --> A              
     e(  2 -  2) =    -23.77392  eV     1   --> A              
     e(  3 -  3) =    -23.52129  eV     1   --> A              
     e(  4 -  4) =    -23.39871  eV     1   --> A              
     e(  5 -  5) =    -20.55561  eV     1   --> A              
     e(  6 -  6) =    -12.02759  eV     1   --> A              
     e(  7 -  7) =     -3.05802  eV     1   --> A              
     e(  8 -  8) =     -2.74827  eV     1   --> A              
     e(  9 -  9) =     -2.49348  eV     1   --> A              
     e( 10 - 10) =     -1.88425  eV     1   --> A              
     e( 11 - 11) =     -1.05820  eV     1   --> A              
     e( 12 - 12) =     -0.61197  eV     1   --> A              
     e( 13 - 13) =      4.23079  eV     1   --> A              
     e( 14 - 14) =      6.31331  eV     1   --> A              
     e( 15 - 15) =      6.63842  eV     1   --> A              
     e( 16 - 16) =      7.29692  eV     1   --> A              
     e( 17 - 17) =      7.64877  eV     1   --> A              
     e( 18 - 18) =     10.50919  eV     1   --> A              
     e( 19 - 19) =     11.25169  eV     1   --> A              
     e( 20 - 20) =     11.87811  eV     1   --> A              
     e( 21 - 21) =     12.94832  eV     1   --> A              
     e( 22 - 22) =     13.34172  eV     1   --> A              
     e( 23 - 23) =     13.51906  eV     1   --> A              
     e( 24 - 24) =     13.87368  eV     1   --> A              
     e( 25 - 25) =     14.63330  eV     1   --> A              
     e( 26 - 26) =     15.17623  eV     1   --> A              

 **************************************************************************

 **************************************************************************

                    xk=(   0.28333,   0.49075,   0.00000  )

     Band symmetry, C_1 (1)     point group:

     e(  1 -  1) =    -45.30950  eV     1   --> A              
     e(  2 -  2) =    -23.77446  eV     1   --> A              
     e(  3 -  3) =    -23.52211  eV     1   --> A              
     e(  4 -  4) =    -23.39453  eV     1   --> A              
     e(  5 -  5) =    -20.55597  eV     1   --> A              
     e(  6 -  6) =    -12.03269  eV     1   --> A              
     e(  7 -  7) =     -3.05495  eV     1   --> A              
     e(  8 -  8) =     -2.74912  eV     1   --> A              
     e(  9 -  9) =     -2.49559  eV     1   --> A              
     e( 10 - 10) =     -1.89048  eV     1   --> A              
     e( 11 - 11) =     -1.02873  eV     1   --> A              
     e( 12 - 12) =     -0.61008  eV     1   --> A              
     e( 13 - 13) =      4.21697  eV     1   --> A              
     e( 14 - 14) =      6.29847  eV     1   --> A              
     e( 15 - 15) =      6.64617  eV     1   --> A              
     e( 16 - 16) =      7.28994  eV     1   --> A              
     e( 17 - 17) =      7.65845  eV     1   --> A              
     e( 18 - 18) =     10.50955  eV     1   --> A              
     e( 19 - 19) =     11.17259  eV     1   --> A              
     e( 20 - 20) =     11.88535  eV     1   --> A              
     e( 21 - 21) =     12.91837  eV     1   --> A              
     e( 22 - 22) =     13.38301  eV     1   --> A              
     e( 23 - 23) =     13.48550  eV     1   --> A              
     e( 24 - 24) =     13.87614  eV     1   --> A              
     e( 25 - 25) =     14.62939  eV     1   --> A              
     e( 26 - 26) =     15.16538  eV     1   --> A              

 **************************************************************************

 **************************************************************************

                    xk=(   0.28056,   0.48594,   0.00000  )

     Band symmetry, C_1 (1)     point group:

     e(  1 -  1) =    -45.30982  eV     1   --> A              
     e(  2 -  2) =    -23.77489  eV     1   --> A              
     e(  3 -  3) =    -23.52298  eV     1   --> A              
     e(  4 -  4) =    -23.39024  eV     1   --> A              
     e(  5 -  5) =    -20.55635  eV     1   --> A              
     e(  6 -  6) =    -12.03810  eV     1   --> A              
     e(  7 -  7) =     -3.05185  eV     1   --> A              
     e(  8 -  8) =     -2.74964  eV     1   --> A              
     e(  9 -  9) =     -2.49777  eV     1   --> A              
     e( 10 - 10) =     -1.89584  eV     1   --> A              
     e( 11 - 11) =     -0.99941  eV     1   --> A              
     e( 12 - 12) =     -0.60774  eV     1   --> A              
     e( 13 - 13) =      4.20285  eV     1   --> A              
     e( 14 - 14) =      6.28320  eV     1   --> A              
     e( 15 - 15) =      6.65400  eV     1   --> A              
     e( 16 - 16) =      7.28117  eV     1   --> A              
     e( 17 - 17) =      7.66929  eV     1   --> A              
     e( 18 - 18) =     10.50775  eV     1   --> A              
     e( 19 - 19) =     11.09475  eV     1   --> A              
     e( 20 - 20) =     11.89313  eV     1   --> A              
     e( 21 - 21) =     12.88378  eV     1   --> A              
     e( 22 - 22) =     13.42359  eV     1   --> A              
     e( 23 - 23) =     13.45329  eV     1   --> A              
     e( 24 - 24) =     13.88025  eV     1   --> A              
     e( 25 - 25) =     14.62910  eV     1   --> A              
     e( 26 - 26) =     15.15558  eV     1   --> A              

 **************************************************************************

 **************************************************************************

                    xk=(   0.27778,   0.48113,   0.00000  )

     Band symmetry, C_1 (1)     point group:

     e(  1 -  1) =    -45.31014  eV     1   --> A              
     e(  2 -  2) =    -23.77520  eV     1   --> A              
     e(  3 -  3) =    -23.52389  eV     1   --> A              
     e(  4 -  4) =    -23.38583  eV     1   --> A              
     e(  5 -  5) =    -20.55673  eV     1   --> A              
     e(  6 -  6) =    -12.04384  eV     1   --> A              
     e(  7 -  7) =     -3.04870  eV     1   --> A              
     e(  8 -  8) =     -2.74976  eV     1   --> A              
     e(  9 -  9) =     -2.50001  eV     1   --> A              
     e( 10 - 10) =     -1.90031  eV     1   --> A              
     e( 11 - 11) =     -0.97042  eV     1   --> A              
     e( 12 - 12) =     -0.60484  eV     1   --> A              
     e( 13 - 13) =      4.18851  eV     1   --> A              
     e( 14 - 14) =      6.26757  eV     1   --> A              
     e( 15 - 15) =      6.66190  eV     1   --> A              
     e( 16 - 16) =      7.27085  eV     1   --> A              
     e( 17 - 17) =      7.68103  eV     1   --> A              
     e( 18 - 18) =     10.50309  eV     1   --> A              
     e( 19 - 19) =     11.01871  eV     1   --> A              
     e( 20 - 20) =     11.90142  eV     1   --> A              
     e( 21 - 21) =     12.84580  eV     1   --> A              
     e( 22 - 22) =     13.41707  eV     1   --> A              
     e( 23 - 23) =     13.46778  eV     1   --> A              
     e( 24 - 24) =     13.88628  eV     1   --> A              
     e( 25 - 25) =     14.63230  eV     1   --> A              
     e( 26 - 26) =     15.14690  eV     1   --> A              

 **************************************************************************

 **************************************************************************

                    xk=(   0.27500,   0.47631,   0.00000  )

     Band symmetry, C_1 (1)     point group:

     e(  1 -  1) =    -45.31050  eV     1   --> A              
     e(  2 -  2) =    -23.77541  eV     1   --> A              
     e(  3 -  3) =    -23.52485  eV     1   --> A              
     e(  4 -  4) =    -23.38132  eV     1   --> A              
     e(  5 -  5) =    -20.55713  eV     1   --> A              
     e(  6 -  6) =    -12.04989  eV     1   --> A              
     e(  7 -  7) =     -3.04558  eV     1   --> A              
     e(  8 -  8) =     -2.74948  eV     1   --> A              
     e(  9 -  9) =     -2.50233  eV     1   --> A              
     e( 10 - 10) =     -1.90388  eV     1   --> A              
     e( 11 - 11) =     -0.94194  eV     1   --> A              
     e( 12 - 12) =     -0.60122  eV     1   --> A              
     e( 13 - 13) =      4.17395  eV     1   --> A              
     e( 14 - 14) =      6.25161  eV     1   --> A              
     e( 15 - 15) =      6.66979  eV     1   --> A              
     e( 16 - 16) =      7.25916  eV     1   --> A              
     e( 17 - 17) =      7.69337  eV     1   --> A              
     e( 18 - 18) =     10.49460  eV     1   --> A              
     e( 19 - 19) =     10.94532  eV     1   --> A              
     e( 20 - 20) =     11.91011  eV     1   --> A              
     e( 21 - 21) =     12.80549  eV     1   --> A              
     e( 22 - 22) =     13.38428  eV     1   --> A              
     e( 23 - 23) =     13.50705  eV     1   --> A              
     e( 24 - 24) =     13.89487  eV     1   --> A              
     e( 25 - 25) =     14.63855  eV     1   --> A              
     e( 26 - 26) =     15.13954  eV     1   --> A              

 **************************************************************************

 **************************************************************************

                    xk=(   0.27222,   0.47150,   0.00000  )

     Band symmetry, C_1 (1)     point group:

     e(  1 -  1) =    -45.31087  eV     1   --> A              
     e(  2 -  2) =    -23.77550  eV     1   --> A              
     e(  3 -  3) =    -23.52585  eV     1   --> A              
     e(  4 -  4) =    -23.37673  eV     1   --> A              
     e(  5 -  5) =    -20.55755  eV     1   --> A              
     e(  6 -  6) =    -12.05626  eV     1   --> A              
     e(  7 -  7) =     -3.04249  eV     1   --> A              
     e(  8 -  8) =     -2.74876  eV     1   --> A              
     e(  9 -  9) =     -2.50471  eV     1   --> A              
     e( 10 - 10) =     -1.90655  eV     1   --> A              
     e( 11 - 11) =     -0.91419  eV     1   --> A              
     e( 12 - 12) =     -0.59668  eV     1   --> A              
     e( 13 - 13) =      4.15924  eV     1   --> A              
     e( 14 - 14) =      6.23535  eV     1   --> A              
     e( 15 - 15) =      6.67764  eV     1   --> A              
     e( 16 - 16) =      7.24632  eV     1   --> A              
     e( 17 - 17) =      7.70605  eV     1   --> A              
     e( 18 - 18) =     10.48095  eV     1   --> A              
     e( 19 - 19) =     10.87578  eV     1   --> A              
     e( 20 - 20) =     11.91909  eV     1   --> A              
     e( 21 - 21) =     12.76380  eV     1   --> A              
     e( 22 - 22) =     13.35098  eV     1   --> A              
     e( 23 - 23) =     13.54423  eV     1   --> A              
     e( 24 - 24) =     13.90700  eV     1   --> A              
     e( 25 - 25) =     14.64715  eV     1   --> A              
     e( 26 - 26) =     15.13389  eV     1   --> A              

 **************************************************************************

 **************************************************************************

                    xk=(   0.26944,   0.46669,   0.00000  )

     Band symmetry, C_1 (1)     point group:

     e(  1 -  1) =    -45.31125  eV     1   --> A              
     e(  2 -  2) =    -23.77545  eV     1   --> A              
     e(  3 -  3) =    -23.52688  eV     1   --> A              
     e(  4 -  4) =    -23.37205  eV     1   --> A              
     e(  5 -  5) =    -20.55798  eV     1   --> A              
     e(  6 -  6) =    -12.06294  eV     1   --> A              
     e(  7 -  7) =     -3.03942  eV     1   --> A              
     e(  8 -  8) =     -2.74757  eV     1   --> A              
     e(  9 -  9) =     -2.50716  eV     1   --> A              
     e( 10 - 10) =     -1.90829  eV     1   --> A              
     e( 11 - 11) =     -0.88745  eV     1   --> A              
     e( 12 - 12) =     -0.59096  eV     1   --> A              
     e( 13 - 13) =      4.14442  eV     1   --> A              
     e( 14 - 14) =      6.21883  eV     1   --> A              
     e( 15 - 15) =      6.68541  eV     1   --> A              
     e( 16 - 16) =      7.23256  eV     1   --> A              
     e( 17 - 17) =      7.71882  eV     1   --> A              
     e( 18 - 18) =     10.46035  eV     1   --> A              
     e( 19 - 19) =     10.81178  eV     1   --> A              
     e( 20 - 20) =     11.92816  eV     1   --> A              
     e( 21 - 21) =     12.72153  eV     1   --> A              
     e( 22 - 22) =     13.31753  eV     1   --> A              
     e( 23 - 23) =     13.57786  eV     1   --> A              
     e( 24 - 24) =     13.92388  eV     1   --> A              
     e( 25 - 25) =     14.65710  eV     1   --> A              
     e( 26 - 26) =     15.13053  eV     1   --> A              

 **************************************************************************

 **************************************************************************

                    xk=(   0.26667,   0.46188,   0.00000  )

     Band symmetry, C_1 (1)     point group:

     e(  1 -  1) =    -45.31166  eV     1   --> A              
     e(  2 -  2) =    -23.77527  eV     1   --> A              
     e(  3 -  3) =    -23.52795  eV     1   --> A              
     e(  4 -  4) =    -23.36730  eV     1   --> A              
     e(  5 -  5) =    -20.55842  eV     1   --> A              
     e(  6 -  6) =    -12.06993  eV     1   --> A              
     e(  7 -  7) =     -3.03640  eV     1   --> A              
     e(  8 -  8) =     -2.74590  eV     1   --> A              
     e(  9 -  9) =     -2.50967  eV     1   --> A              
     e( 10 - 10) =     -1.90911  eV     1   --> A              
     e( 11 - 11) =     -0.86206  eV     1   --> A              
     e( 12 - 12) =     -0.58377  eV     1   --> A              
     e( 13 - 13) =      4.12954  eV     1   --> A              
     e( 14 - 14) =      6.20210  eV     1   --> A              
     e( 15 - 15) =      6.69305  eV     1   --> A              
     e( 16 - 16) =      7.21805  eV     1   --> A              
     e( 17 - 17) =      7.73147  eV     1   --> A              
     e( 18 - 18) =     10.43078  eV     1   --> A              
     e( 19 - 19) =     10.75525  eV     1   --> A              
     e( 20 - 20) =     11.93704  eV     1   --> A              
     e( 21 - 21) =     12.67944  eV     1   --> A              
     e( 22 - 22) =     13.28399  eV     1   --> A              
     e( 23 - 23) =     13.60703  eV     1   --> A              
     e( 24 - 24) =     13.94660  eV     1   --> A              
     e( 25 - 25) =     14.66719  eV     1   --> A              
     e( 26 - 26) =     15.13018  eV     1   --> A              

 **************************************************************************

 **************************************************************************

                    xk=(   0.26389,   0.45707,   0.00000  )

     Band symmetry, C_1 (1)     point group:

     e(  1 -  1) =    -45.31209  eV     1   --> A              
     e(  2 -  2) =    -23.77497  eV     1   --> A              
     e(  3 -  3) =    -23.52904  eV     1   --> A              
     e(  4 -  4) =    -23.36249  eV     1   --> A              
     e(  5 -  5) =    -20.55887  eV     1   --> A              
     e(  6 -  6) =    -12.07724  eV     1   --> A              
     e(  7 -  7) =     -3.03345  eV     1   --> A              
     e(  8 -  8) =     -2.74376  eV     1   --> A              
     e(  9 -  9) =     -2.51227  eV     1   --> A              
     e( 10 - 10) =     -1.90898  eV     1   --> A              
     e( 11 - 11) =     -0.83839  eV     1   --> A              
     e( 12 - 12) =     -0.57474  eV     1   --> A              
     e( 13 - 13) =      4.11462  eV     1   --> A              
     e( 14 - 14) =      6.18517  eV     1   --> A              
     e( 15 - 15) =      6.70049  eV     1   --> A              
     e( 16 - 16) =      7.20297  eV     1   --> A              
     e( 17 - 17) =      7.74377  eV     1   --> A              
     e( 18 - 18) =     10.39071  eV     1   --> A              
     e( 19 - 19) =     10.70766  eV     1   --> A              
     e( 20 - 20) =     11.94535  eV     1   --> A              
     e( 21 - 21) =     12.63823  eV     1   --> A              
     e( 22 - 22) =     13.25041  eV     1   --> A              
     e( 23 - 23) =     13.63138  eV     1   --> A              
     e( 24 - 24) =     13.97583  eV     1   --> A              
     e( 25 - 25) =     14.67610  eV     1   --> A              
     e( 26 - 26) =     15.13371  eV     1   --> A              

 **************************************************************************

 **************************************************************************

                    xk=(   0.26111,   0.45226,   0.00000  )

     Band symmetry, C_1 (1)     point group:

     e(  1 -  1) =    -45.31253  eV     1   --> A              
     e(  2 -  2) =    -23.77452  eV     1   --> A              
     e(  3 -  3) =    -23.53017  eV     1   --> A              
     e(  4 -  4) =    -23.35763  eV     1   --> A              
     e(  5 -  5) =    -20.55934  eV     1   --> A              
     e(  6 -  6) =    -12.08485  eV     1   --> A              
     e(  7 -  7) =     -3.03058  eV     1   --> A              
     e(  8 -  8) =     -2.74113  eV     1   --> A              
     e(  9 -  9) =     -2.51494  eV     1   --> A              
     e( 10 - 10) =     -1.90790  eV     1   --> A              
     e( 11 - 11) =     -0.81682  eV     1   --> A              
     e( 12 - 12) =     -0.56353  eV     1   --> A              
     e( 13 - 13) =      4.09971  eV     1   --> A              
     e( 14 - 14) =      6.16807  eV     1   --> A              
     e( 15 - 15) =      6.70767  eV     1   --> A              
     e( 16 - 16) =      7.18750  eV     1   --> A              
     e( 17 - 17) =      7.75556  eV     1   --> A              
     e( 18 - 18) =     10.34006  eV     1   --> A              
     e( 19 - 19) =     10.66905  eV     1   --> A              
     e( 20 - 20) =     11.95263  eV     1   --> A              
     e( 21 - 21) =     12.59861  eV     1   --> A              
     e( 22 - 22) =     13.21688  eV     1   --> A              
     e( 23 - 23) =     13.65124  eV     1   --> A              
     e( 24 - 24) =     14.01159  eV     1   --> A              
     e( 25 - 25) =     14.68252  eV     1   --> A              
     e( 26 - 26) =     15.14197  eV     1   --> A              

 **************************************************************************

 **************************************************************************

                    xk=(   0.25833,   0.44745,   0.00000  )

     Band symmetry, C_1 (1)     point group:

     e(  1 -  1) =    -45.31300  eV     1   --> A              
     e(  2 -  2) =    -23.77394  eV     1   --> A              
     e(  3 -  3) =    -23.53131  eV     1   --> A              
     e(  4 -  4) =    -23.35273  eV     1   --> A              
     e(  5 -  5) =    -20.55982  eV     1   --> A              
     e(  6 -  6) =    -12.09277  eV     1   --> A              
     e(  7 -  7) =     -3.02776  eV     1   --> A              
     e(  8 -  8) =     -2.73802  eV     1   --> A              
     e(  9 -  9) =     -2.51769  eV     1   --> A              
     e( 10 - 10) =     -1.90585  eV     1   --> A              
     e( 11 - 11) =     -0.79770  eV     1   --> A              
     e( 12 - 12) =     -0.54979  eV     1   --> A              
     e( 13 - 13) =      4.08486  eV     1   --> A              
     e( 14 - 14) =      6.15084  eV     1   --> A              
     e( 15 - 15) =      6.71451  eV     1   --> A              
     e( 16 - 16) =      7.17181  eV     1   --> A              
     e( 17 - 17) =      7.76668  eV     1   --> A              
     e( 18 - 18) =     10.28042  eV     1   --> A              
     e( 19 - 19) =     10.63784  eV     1   --> A              
     e( 20 - 20) =     11.95826  eV     1   --> A              
     e( 21 - 21) =     12.56131  eV     1   --> A              
     e( 22 - 22) =     13.18349  eV     1   --> A              
     e( 23 - 23) =     13.66758  eV     1   --> A              
     e( 24 - 24) =     14.05327  eV     1   --> A              
     e( 25 - 25) =     14.68536  eV     1   --> A              
     e( 26 - 26) =     15.15564  eV     1   --> A              

 **************************************************************************

 **************************************************************************

                    xk=(   0.25556,   0.44264,   0.00000  )

     Band symmetry, C_1 (1)     point group:

     e(  1 -  1) =    -45.31348  eV     1   --> A              
     e(  2 -  2) =    -23.77321  eV     1   --> A              
     e(  3 -  3) =    -23.53245  eV     1   --> A              
     e(  4 -  4) =    -23.34779  eV     1   --> A              
     e(  5 -  5) =    -20.56031  eV     1   --> A              
     e(  6 -  6) =    -12.10099  eV     1   --> A              
     e(  7 -  7) =     -3.02501  eV     1   --> A              
     e(  8 -  8) =     -2.73445  eV     1   --> A              
     e(  9 -  9) =     -2.52052  eV     1   --> A              
     e( 10 - 10) =     -1.90279  eV     1   --> A              
     e( 11 - 11) =     -0.78126  eV     1   --> A              
     e( 12 - 12) =     -0.53334  eV     1   --> A              
     e( 13 - 13) =      4.07009  eV     1   --> A              
     e( 14 - 14) =      6.13351  eV     1   --> A              
     e( 15 - 15) =      6.72094  eV     1   --> A              
     e( 16 - 16) =      7.15605  eV     1   --> A              
     e( 17 - 17) =      7.77700  eV     1   --> A              
     e( 18 - 18) =     10.21405  eV     1   --> A              
     e( 19 - 19) =     10.61176  eV     1   --> A              
     e( 20 - 20) =     11.96151  eV     1   --> A              
     e( 21 - 21) =     12.52713  eV     1   --> A              
     e( 22 - 22) =     13.15034  eV     1   --> A              
     e( 23 - 23) =     13.68162  eV     1   --> A              
     e( 24 - 24) =     14.09999  eV     1   --> A              
     e( 25 - 25) =     14.68389  eV     1   --> A              
     e( 26 - 26) =     15.17508  eV     1   --> A              

 **************************************************************************

 **************************************************************************

                    xk=(   0.25278,   0.43782,   0.00000  )

     Band symmetry, C_1 (1)     point group:

     e(  1 -  1) =    -45.31399  eV     1   --> A              
     e(  2 -  2) =    -23.77235  eV     1   --> A              
     e(  3 -  3) =    -23.53362  eV     1   --> A              
     e(  4 -  4) =    -23.34282  eV     1   --> A              
     e(  5 -  5) =    -20.56082  eV     1   --> A              
     e(  6 -  6) =    -12.10950  eV     1   --> A              
     e(  7 -  7) =     -3.02232  eV     1   --> A              
     e(  8 -  8) =     -2.73044  eV     1   --> A              
     e(  9 -  9) =     -2.52344  eV     1   --> A              
     e( 10 - 10) =     -1.89873  eV     1   --> A              
     e( 11 - 11) =     -0.76755  eV     1   --> A              
     e( 12 - 12) =     -0.51413  eV     1   --> A              
     e( 13 - 13) =      4.05544  eV     1   --> A              
     e( 14 - 14) =      6.11609  eV     1   --> A              
     e( 15 - 15) =      6.72684  eV     1   --> A              
     e( 16 - 16) =      7.14037  eV     1   --> A              
     e( 17 - 17) =      7.78637  eV     1   --> A              
     e( 18 - 18) =     10.14306  eV     1   --> A              
     e( 19 - 19) =     10.58875  eV     1   --> A              
     e( 20 - 20) =     11.96158  eV     1   --> A              
     e( 21 - 21) =     12.49685  eV     1   --> A              
     e( 22 - 22) =     13.11755  eV     1   --> A              
     e( 23 - 23) =     13.69458  eV     1   --> A              
     e( 24 - 24) =     14.15084  eV     1   --> A              
     e( 25 - 25) =     14.67783  eV     1   --> A              
     e( 26 - 26) =     15.20026  eV     1   --> A              

 **************************************************************************

 **************************************************************************

                    xk=(   0.25000,   0.43301,   0.00000  )

     Band symmetry, C_1 (1)     point group:

     e(  1 -  1) =    -45.31451  eV     1   --> A              
     e(  2 -  2) =    -23.77134  eV     1   --> A              
     e(  3 -  3) =    -23.53477  eV     1   --> A              
     e(  4 -  4) =    -23.33782  eV     1   --> A              
     e(  5 -  5) =    -20.56134  eV     1   --> A              
     e(  6 -  6) =    -12.11830  eV     1   --> A              
     e(  7 -  7) =     -3.01966  eV     1   --> A              
     e(  8 -  8) =     -2.72601  eV     1   --> A              
     e(  9 -  9) =     -2.52643  eV     1   --> A              
     e( 10 - 10) =     -1.89363  eV     1   --> A              
     e( 11 - 11) =     -0.75646  eV     1   --> A              
     e( 12 - 12) =     -0.49228  eV     1   --> A              
     e( 13 - 13) =      4.04095  eV     1   --> A              
     e( 14 - 14) =      6.09862  eV     1   --> A              
     e( 15 - 15) =      6.73212  eV     1   --> A              
     e( 16 - 16) =      7.12495  eV     1   --> A              
     e( 17 - 17) =      7.79473  eV     1   --> A              
     e( 18 - 18) =     10.06900  eV     1   --> A              
     e( 19 - 19) =     10.56734  eV     1   --> A              
     e( 20 - 20) =     11.95764  eV     1   --> A              
     e( 21 - 21) =     12.47123  eV     1   --> A              
     e( 22 - 22) =     13.08525  eV     1   --> A              
     e( 23 - 23) =     13.70752  eV     1   --> A              
     e( 24 - 24) =     14.20502  eV     1   --> A              
     e( 25 - 25) =     14.66729  eV     1   --> A              
     e( 26 - 26) =     15.23079  eV     1   --> A              

 **************************************************************************

 **************************************************************************

                    xk=(   0.24722,   0.42820,   0.00000  )

     Band symmetry, C_1 (1)     point group:

     e(  1 -  1) =    -45.31504  eV     1   --> A              
     e(  2 -  2) =    -23.77019  eV     1   --> A              
     e(  3 -  3) =    -23.53590  eV     1   --> A              
     e(  4 -  4) =    -23.33280  eV     1   --> A              
     e(  5 -  5) =    -20.56186  eV     1   --> A              
     e(  6 -  6) =    -12.12738  eV     1   --> A              
     e(  7 -  7) =     -3.01702  eV     1   --> A              
     e(  8 -  8) =     -2.72118  eV     1   --> A              
     e(  9 -  9) =     -2.52948  eV     1   --> A              
     e( 10 - 10) =     -1.88748  eV     1   --> A              
     e( 11 - 11) =     -0.74773  eV     1   --> A              
     e( 12 - 12) =     -0.46809  eV     1   --> A              
     e( 13 - 13) =      4.02666  eV     1   --> A              
     e( 14 - 14) =      6.08112  eV     1   --> A              
     e( 15 - 15) =      6.73667  eV     1   --> A              
     e( 16 - 16) =      7.10994  eV     1   --> A              
     e( 17 - 17) =      7.80196  eV     1   --> A              
     e( 18 - 18) =      9.99293  eV     1   --> A              
     e( 19 - 19) =     10.54654  eV     1   --> A              
     e( 20 - 20) =     11.94898  eV     1   --> A              
     e( 21 - 21) =     12.45085  eV     1   --> A              
     e( 22 - 22) =     13.05355  eV     1   --> A              
     e( 23 - 23) =     13.72129  eV     1   --> A              
     e( 24 - 24) =     14.26194  eV     1   --> A              
     e( 25 - 25) =     14.65262  eV     1   --> A              
     e( 26 - 26) =     15.26609  eV     1   --> A              

 **************************************************************************

 **************************************************************************

                    xk=(   0.24444,   0.42339,   0.00000  )

     Band symmetry, C_1 (1)     point group:

     e(  1 -  1) =    -45.31560  eV     1   --> A              
     e(  2 -  2) =    -23.76891  eV     1   --> A              
     e(  3 -  3) =    -23.53701  eV     1   --> A              
     e(  4 -  4) =    -23.32777  eV     1   --> A              
     e(  5 -  5) =    -20.56241  eV     1   --> A              
     e(  6 -  6) =    -12.13674  eV     1   --> A              
     e(  7 -  7) =     -3.01440  eV     1   --> A              
     e(  8 -  8) =     -2.71602  eV     1   --> A              
     e(  9 -  9) =     -2.53263  eV     1   --> A              
     e( 10 - 10) =     -1.88024  eV     1   --> A              
     e( 11 - 11) =     -0.74103  eV     1   --> A              
     e( 12 - 12) =     -0.44188  eV     1   --> A              
     e( 13 - 13) =      4.01258  eV     1   --> A              
     e( 14 - 14) =      6.06360  eV     1   --> A              
     e( 15 - 15) =      6.74034  eV     1   --> A              
     e( 16 - 16) =      7.09550  eV     1   --> A              
     e( 17 - 17) =      7.80799  eV     1   --> A              
     e( 18 - 18) =      9.91557  eV     1   --> A              
     e( 19 - 19) =     10.52575  eV     1   --> A              
     e( 20 - 20) =     11.93518  eV     1   --> A              
     e( 21 - 21) =     12.43601  eV     1   --> A              
     e( 22 - 22) =     13.02257  eV     1   --> A              
     e( 23 - 23) =     13.73655  eV     1   --> A              
     e( 24 - 24) =     14.32111  eV     1   --> A              
     e( 25 - 25) =     14.63432  eV     1   --> A              
     e( 26 - 26) =     15.30546  eV     1   --> A              

 **************************************************************************

 **************************************************************************

                    xk=(   0.24167,   0.41858,   0.00000  )

     Band symmetry, C_1 (1)     point group:

     e(  1 -  1) =    -45.31617  eV     1   --> A              
     e(  2 -  2) =    -23.76752  eV     1   --> A              
     e(  3 -  3) =    -23.53810  eV     1   --> A              
     e(  4 -  4) =    -23.32273  eV     1   --> A              
     e(  5 -  5) =    -20.56296  eV     1   --> A              
     e(  6 -  6) =    -12.14638  eV     1   --> A              
     e(  7 -  7) =     -3.01181  eV     1   --> A              
     e(  8 -  8) =     -2.71056  eV     1   --> A              
     e(  9 -  9) =     -2.53587  eV     1   --> A              
     e( 10 - 10) =     -1.87191  eV     1   --> A              
     e( 11 - 11) =     -0.73602  eV     1   --> A              
     e( 12 - 12) =     -0.41402  eV     1   --> A              
     e( 13 - 13) =      3.99874  eV     1   --> A              
     e( 14 - 14) =      6.04609  eV     1   --> A              
     e( 15 - 15) =      6.74300  eV     1   --> A              
     e( 16 - 16) =      7.08180  eV     1   --> A              
     e( 17 - 17) =      7.81274  eV     1   --> A              
     e( 18 - 18) =      9.83739  eV     1   --> A              
     e( 19 - 19) =     10.50460  eV     1   --> A              
     e( 20 - 20) =     11.91618  eV     1   --> A              
     e( 21 - 21) =     12.42659  eV     1   --> A              
     e( 22 - 22) =     12.99245  eV     1   --> A              
     e( 23 - 23) =     13.75382  eV     1   --> A              
     e( 24 - 24) =     14.38219  eV     1   --> A              
     e( 25 - 25) =     14.61290  eV     1   --> A              
     e( 26 - 26) =     15.34824  eV     1   --> A              

 **************************************************************************

 **************************************************************************

                    xk=(   0.23889,   0.41377,   0.00000  )

     Band symmetry, C_1 (1)     point group:

     e(  1 -  1) =    -45.31677  eV     1   --> A              
     e(  2 -  2) =    -23.76601  eV     1   --> A              
     e(  3 -  3) =    -23.53915  eV     1   --> A              
     e(  4 -  4) =    -23.31770  eV     1   --> A              
     e(  5 -  5) =    -20.56353  eV     1   --> A              
     e(  6 -  6) =    -12.15628  eV     1   --> A              
     e(  7 -  7) =     -3.00921  eV     1   --> A              
     e(  8 -  8) =     -2.70486  eV     1   --> A              
     e(  9 -  9) =     -2.53920  eV     1   --> A              
     e( 10 - 10) =     -1.86245  eV     1   --> A              
     e( 11 - 11) =     -0.73241  eV     1   --> A              
     e( 12 - 12) =     -0.38483  eV     1   --> A              
     e( 13 - 13) =      3.98518  eV     1   --> A              
     e( 14 - 14) =      6.02861  eV     1   --> A              
     e( 15 - 15) =      6.74449  eV     1   --> A              
     e( 16 - 16) =      7.06900  eV     1   --> A              
     e( 17 - 17) =      7.81615  eV     1   --> A              
     e( 18 - 18) =      9.75876  eV     1   --> A              
     e( 19 - 19) =     10.48286  eV     1   --> A              
     e( 20 - 20) =     11.89230  eV     1   --> A              
     e( 21 - 21) =     12.42211  eV     1   --> A              
     e( 22 - 22) =     12.96329  eV     1   --> A              
     e( 23 - 23) =     13.77345  eV     1   --> A              
     e( 24 - 24) =     14.44490  eV     1   --> A              
     e( 25 - 25) =     14.58887  eV     1   --> A              
     e( 26 - 26) =     15.39383  eV     1   --> A              

 **************************************************************************

 **************************************************************************

                    xk=(   0.23611,   0.40896,   0.00000  )

     Band symmetry, C_1 (1)     point group:

     e(  1 -  1) =    -45.31738  eV     1   --> A              
     e(  2 -  2) =    -23.76439  eV     1   --> A              
     e(  3 -  3) =    -23.54014  eV     1   --> A              
     e(  4 -  4) =    -23.31267  eV     1   --> A              
     e(  5 -  5) =    -20.56412  eV     1   --> A              
     e(  6 -  6) =    -12.16644  eV     1   --> A              
     e(  7 -  7) =     -3.00658  eV     1   --> A              
     e(  8 -  8) =     -2.69896  eV     1   --> A              
     e(  9 -  9) =     -2.54261  eV     1   --> A              
     e( 10 - 10) =     -1.85185  eV     1   --> A              
     e( 11 - 11) =     -0.72993  eV     1   --> A              
     e( 12 - 12) =     -0.35457  eV     1   --> A              
     e( 13 - 13) =      3.97193  eV     1   --> A              
     e( 14 - 14) =      6.01118  eV     1   --> A              
     e( 15 - 15) =      6.74468  eV     1   --> A              
     e( 16 - 16) =      7.05725  eV     1   --> A              
     e( 17 - 17) =      7.81819  eV     1   --> A              
     e( 18 - 18) =      9.67991  eV     1   --> A              
     e( 19 - 19) =     10.46042  eV     1   --> A              
     e( 20 - 20) =     11.86412  eV     1   --> A              
     e( 21 - 21) =     12.42181  eV     1   --> A              
     e( 22 - 22) =     12.93521  eV     1   --> A              
     e( 23 - 23) =     13.79570  eV     1   --> A              
     e( 24 - 24) =     14.50885  eV     1   --> A              
     e( 25 - 25) =     14.56283  eV     1   --> A              
     e( 26 - 26) =     15.44169  eV     1   --> A              

 **************************************************************************

 **************************************************************************

                    xk=(   0.23333,   0.40415,   0.00000  )

     Band symmetry, C_1 (1)     point group:

     e(  1 -  1) =    -45.31801  eV     1   --> A              
     e(  2 -  2) =    -23.76267  eV     1   --> A              
     e(  3 -  3) =    -23.54106  eV     1   --> A              
     e(  4 -  4) =    -23.30764  eV     1   --> A              
     e(  5 -  5) =    -20.56472  eV     1   --> A              
     e(  6 -  6) =    -12.17685  eV     1   --> A              
     e(  7 -  7) =     -3.00391  eV     1   --> A              
     e(  8 -  8) =     -2.69291  eV     1   --> A              
     e(  9 -  9) =     -2.54608  eV     1   --> A              
     e( 10 - 10) =     -1.84009  eV     1   --> A              
     e( 11 - 11) =     -0.72837  eV     1   --> A              
     e( 12 - 12) =     -0.32348  eV     1   --> A              
     e( 13 - 13) =      3.95900  eV     1   --> A              
     e( 14 - 14) =      5.99381  eV     1   --> A              
     e( 15 - 15) =      6.74345  eV     1   --> A              
     e( 16 - 16) =      7.04668  eV     1   --> A              
     e( 17 - 17) =      7.81881  eV     1   --> A              
     e( 18 - 18) =      9.60106  eV     1   --> A              
     e( 19 - 19) =     10.43724  eV     1   --> A              
     e( 20 - 20) =     11.83236  eV     1   --> A              
     e( 21 - 21) =     12.42482  eV     1   --> A              
     e( 22 - 22) =     12.90832  eV     1   --> A              
     e( 23 - 23) =     13.82074  eV     1   --> A              
     e( 24 - 24) =     14.53350  eV     1   --> A              
     e( 25 - 25) =     14.57557  eV     1   --> A              
     e( 26 - 26) =     15.49137  eV     1   --> A              

 **************************************************************************

 **************************************************************************

                    xk=(   0.23056,   0.39933,   0.00000  )

     Band symmetry, C_1 (1)     point group:

     e(  1 -  1) =    -45.31865  eV     1   --> A              
     e(  2 -  2) =    -23.76087  eV     1   --> A              
     e(  3 -  3) =    -23.54190  eV     1   --> A              
     e(  4 -  4) =    -23.30263  eV     1   --> A              
     e(  5 -  5) =    -20.56534  eV     1   --> A              
     e(  6 -  6) =    -12.18750  eV     1   --> A              
     e(  7 -  7) =     -3.00118  eV     1   --> A              
     e(  8 -  8) =     -2.68676  eV     1   --> A              
     e(  9 -  9) =     -2.54962  eV     1   --> A              
     e( 10 - 10) =     -1.82714  eV     1   --> A              
     e( 11 - 11) =     -0.72756  eV     1   --> A              
     e( 12 - 12) =     -0.29173  eV     1   --> A              
     e( 13 - 13) =      3.94643  eV     1   --> A              
     e( 14 - 14) =      5.97655  eV     1   --> A              
     e( 15 - 15) =      6.74071  eV     1   --> A              
     e( 16 - 16) =      7.03741  eV     1   --> A              
     e( 17 - 17) =      7.81798  eV     1   --> A              
     e( 18 - 18) =      9.52235  eV     1   --> A              
     e( 19 - 19) =     10.41330  eV     1   --> A              
     e( 20 - 20) =     11.79770  eV     1   --> A              
     e( 21 - 21) =     12.43031  eV     1   --> A              
     e( 22 - 22) =     12.88274  eV     1   --> A              
     e( 23 - 23) =     13.84862  eV     1   --> A              
     e( 24 - 24) =     14.50421  eV     1   --> A              
     e( 25 - 25) =     14.64194  eV     1   --> A              
     e( 26 - 26) =     15.54248  eV     1   --> A              

 **************************************************************************

 **************************************************************************

                    xk=(   0.22778,   0.39452,   0.00000  )

     Band symmetry, C_1 (1)     point group:

     e(  1 -  1) =    -45.31931  eV     1   --> A              
     e(  2 -  2) =    -23.75901  eV     1   --> A              
     e(  3 -  3) =    -23.54265  eV     1   --> A              
     e(  4 -  4) =    -23.29763  eV     1   --> A              
     e(  5 -  5) =    -20.56597  eV     1   --> A              
     e(  6 -  6) =    -12.19838  eV     1   --> A              
     e(  7 -  7) =     -2.99840  eV     1   --> A              
     e(  8 -  8) =     -2.68059  eV     1   --> A              
     e(  9 -  9) =     -2.55323  eV     1   --> A              
     e( 10 - 10) =     -1.81300  eV     1   --> A              
     e( 11 - 11) =     -0.72736  eV     1   --> A              
     e( 12 - 12) =     -0.25948  eV     1   --> A              
     e( 13 - 13) =      3.93422  eV     1   --> A              
     e( 14 - 14) =      5.95938  eV     1   --> A              
     e( 15 - 15) =      6.73638  eV     1   --> A              
     e( 16 - 16) =      7.02946  eV     1   --> A              
     e( 17 - 17) =      7.81566  eV     1   --> A              
     e( 18 - 18) =      9.44391  eV     1   --> A              
     e( 19 - 19) =     10.38861  eV     1   --> A              
     e( 20 - 20) =     11.76078  eV     1   --> A              
     e( 21 - 21) =     12.43751  eV     1   --> A              
     e( 22 - 22) =     12.85858  eV     1   --> A              
     e( 23 - 23) =     13.87928  eV     1   --> A              
     e( 24 - 24) =     14.47338  eV     1   --> A              
     e( 25 - 25) =     14.70981  eV     1   --> A              
     e( 26 - 26) =     15.59467  eV     1   --> A              

 **************************************************************************

 **************************************************************************

                    xk=(   0.22500,   0.38971,   0.00000  )

     Band symmetry, C_1 (1)     point group:

     e(  1 -  1) =    -45.31999  eV     1   --> A              
     e(  2 -  2) =    -23.75708  eV     1   --> A              
     e(  3 -  3) =    -23.54327  eV     1   --> A              
     e(  4 -  4) =    -23.29267  eV     1   --> A              
     e(  5 -  5) =    -20.56662  eV     1   --> A              
     e(  6 -  6) =    -12.20950  eV     1   --> A              
     e(  7 -  7) =     -2.99553  eV     1   --> A              
     e(  8 -  8) =     -2.67445  eV     1   --> A              
     e(  9 -  9) =     -2.55686  eV     1   --> A              
     e( 10 - 10) =     -1.79765  eV     1   --> A              
     e( 11 - 11) =     -0.72767  eV     1   --> A              
     e( 12 - 12) =     -0.22683  eV     1   --> A              
     e( 13 - 13) =      3.92241  eV     1   --> A              
     e( 14 - 14) =      5.94234  eV     1   --> A              
     e( 15 - 15) =      6.73049  eV     1   --> A              
     e( 16 - 16) =      7.02283  eV     1   --> A              
     e( 17 - 17) =      7.81186  eV     1   --> A              
     e( 18 - 18) =      9.36588  eV     1   --> A              
     e( 19 - 19) =     10.36320  eV     1   --> A              
     e( 20 - 20) =     11.72212  eV     1   --> A              
     e( 21 - 21) =     12.44579  eV     1   --> A              
     e( 22 - 22) =     12.83595  eV     1   --> A              
     e( 23 - 23) =     13.91256  eV     1   --> A              
     e( 24 - 24) =     14.44168  eV     1   --> A              
     e( 25 - 25) =     14.77879  eV     1   --> A              
     e( 26 - 26) =     15.64762  eV     1   --> A              

 **************************************************************************

 **************************************************************************

                    xk=(   0.22222,   0.38490,   0.00000  )

     Band symmetry, C_1 (1)     point group:

     e(  1 -  1) =    -45.32069  eV     1   --> A              
     e(  2 -  2) =    -23.75512  eV     1   --> A              
     e(  3 -  3) =    -23.54376  eV     1   --> A              
     e(  4 -  4) =    -23.28772  eV     1   --> A              
     e(  5 -  5) =    -20.56729  eV     1   --> A              
     e(  6 -  6) =    -12.22083  eV     1   --> A              
     e(  7 -  7) =     -2.99255  eV     1   --> A              
     e(  8 -  8) =     -2.66841  eV     1   --> A              
     e(  9 -  9) =     -2.56051  eV     1   --> A              
     e( 10 - 10) =     -1.78108  eV     1   --> A              
     e( 11 - 11) =     -0.72841  eV     1   --> A              
     e( 12 - 12) =     -0.19389  eV     1   --> A              
     e( 13 - 13) =      3.91101  eV     1   --> A              
     e( 14 - 14) =      5.92544  eV     1   --> A              
     e( 15 - 15) =      6.72308  eV     1   --> A              
     e( 16 - 16) =      7.01748  eV     1   --> A              
     e( 17 - 17) =      7.80655  eV     1   --> A              
     e( 18 - 18) =      9.28835  eV     1   --> A              
     e( 19 - 19) =     10.33712  eV     1   --> A              
     e( 20 - 20) =     11.68213  eV     1   --> A              
     e( 21 - 21) =     12.45465  eV     1   --> A              
     e( 22 - 22) =     12.81498  eV     1   --> A              
     e( 23 - 23) =     13.94810  eV     1   --> A              
     e( 24 - 24) =     14.40961  eV     1   --> A              
     e( 25 - 25) =     14.84880  eV     1   --> A              
     e( 26 - 26) =     15.70105  eV     1   --> A              

 **************************************************************************

 **************************************************************************

                    xk=(   0.21944,   0.38009,   0.00000  )

     Band symmetry, C_1 (1)     point group:

     e(  1 -  1) =    -45.32139  eV     1   --> A              
     e(  2 -  2) =    -23.75313  eV     1   --> A              
     e(  3 -  3) =    -23.54410  eV     1   --> A              
     e(  4 -  4) =    -23.28279  eV     1   --> A              
     e(  5 -  5) =    -20.56798  eV     1   --> A              
     e(  6 -  6) =    -12.23237  eV     1   --> A              
     e(  7 -  7) =     -2.98945  eV     1   --> A              
     e(  8 -  8) =     -2.66253  eV     1   --> A              
     e(  9 -  9) =     -2.56412  eV     1   --> A              
     e( 10 - 10) =     -1.76329  eV     1   --> A              
     e( 11 - 11) =     -0.72949  eV     1   --> A              
     e( 12 - 12) =     -0.16073  eV     1   --> A              
     e( 13 - 13) =      3.90004  eV     1   --> A              
     e( 14 - 14) =      5.90871  eV     1   --> A              
     e( 15 - 15) =      6.71425  eV     1   --> A              
     e( 16 - 16) =      7.01329  eV     1   --> A              
     e( 17 - 17) =      7.79974  eV     1   --> A              
     e( 18 - 18) =      9.21143  eV     1   --> A              
     e( 19 - 19) =     10.31040  eV     1   --> A              
     e( 20 - 20) =     11.64115  eV     1   --> A              
     e( 21 - 21) =     12.46367  eV     1   --> A              
     e( 22 - 22) =     12.79580  eV     1   --> A              
     e( 23 - 23) =     13.98526  eV     1   --> A              
     e( 24 - 24) =     14.37788  eV     1   --> A              
     e( 25 - 25) =     14.91977  eV     1   --> A              
     e( 26 - 26) =     15.75469  eV     1   --> A              

 **************************************************************************

 **************************************************************************

                    xk=(   0.21667,   0.37528,   0.00000  )

     Band symmetry, C_1 (1)     point group:

     e(  1 -  1) =    -45.32212  eV     1   --> A              
     e(  2 -  2) =    -23.75115  eV     1   --> A              
     e(  3 -  3) =    -23.54426  eV     1   --> A              
     e(  4 -  4) =    -23.27791  eV     1   --> A              
     e(  5 -  5) =    -20.56869  eV     1   --> A              
     e(  6 -  6) =    -12.24410  eV     1   --> A              
     e(  7 -  7) =     -2.98624  eV     1   --> A              
     e(  8 -  8) =     -2.65693  eV     1   --> A              
     e(  9 -  9) =     -2.56767  eV     1   --> A              
     e( 10 - 10) =     -1.74427  eV     1   --> A              
     e( 11 - 11) =     -0.73087  eV     1   --> A              
     e( 12 - 12) =     -0.12742  eV     1   --> A              
     e( 13 - 13) =      3.88953  eV     1   --> A              
     e( 14 - 14) =      5.89216  eV     1   --> A              
     e( 15 - 15) =      6.70413  eV     1   --> A              
     e( 16 - 16) =      7.01008  eV     1   --> A              
     e( 17 - 17) =      7.79141  eV     1   --> A              
     e( 18 - 18) =      9.13520  eV     1   --> A              
     e( 19 - 19) =     10.28307  eV     1   --> A              
     e( 20 - 20) =     11.59942  eV     1   --> A              
     e( 21 - 21) =     12.47253  eV     1   --> A              
     e( 22 - 22) =     12.77854  eV     1   --> A              
     e( 23 - 23) =     14.02281  eV     1   --> A              
     e( 24 - 24) =     14.34771  eV     1   --> A              
     e( 25 - 25) =     14.99166  eV     1   --> A              
     e( 26 - 26) =     15.80824  eV     1   --> A              

 **************************************************************************

 **************************************************************************

                    xk=(   0.21389,   0.37047,   0.00000  )

     Band symmetry, C_1 (1)     point group:

     e(  1 -  1) =    -45.32286  eV     1   --> A              
     e(  2 -  2) =    -23.74919  eV     1   --> A              
     e(  3 -  3) =    -23.54422  eV     1   --> A              
     e(  4 -  4) =    -23.27305  eV     1   --> A              
     e(  5 -  5) =    -20.56942  eV     1   --> A              
     e(  6 -  6) =    -12.25603  eV     1   --> A              
     e(  7 -  7) =     -2.98288  eV     1   --> A              
     e(  8 -  8) =     -2.65170  eV     1   --> A              
     e(  9 -  9) =     -2.57103  eV     1   --> A              
     e( 10 - 10) =     -1.72403  eV     1   --> A              
     e( 11 - 11) =     -0.73249  eV     1   --> A              
     e( 12 - 12) =     -0.09402  eV     1   --> A              
     e( 13 - 13) =      3.87948  eV     1   --> A              
     e( 14 - 14) =      5.87581  eV     1   --> A              
     e( 15 - 15) =      6.69290  eV     1   --> A              
     e( 16 - 16) =      7.00770  eV     1   --> A              
     e( 17 - 17) =      7.78160  eV     1   --> A              
     e( 18 - 18) =      9.05977  eV     1   --> A              
     e( 19 - 19) =     10.25518  eV     1   --> A              
     e( 20 - 20) =     11.55717  eV     1   --> A              
     e( 21 - 21) =     12.48097  eV     1   --> A              
     e( 22 - 22) =     12.76336  eV     1   --> A              
     e( 23 - 23) =     14.05827  eV     1   --> A              
     e( 24 - 24) =     14.32152  eV     1   --> A              
     e( 25 - 25) =     15.06444  eV     1   --> A              
     e( 26 - 26) =     15.86143  eV     1   --> A              

 **************************************************************************

 **************************************************************************

                    xk=(   0.21111,   0.36566,   0.00000  )

     Band symmetry, C_1 (1)     point group:

     e(  1 -  1) =    -45.32361  eV     1   --> A              
     e(  2 -  2) =    -23.74727  eV     1   --> A              
     e(  3 -  3) =    -23.54397  eV     1   --> A              
     e(  4 -  4) =    -23.26823  eV     1   --> A              
     e(  5 -  5) =    -20.57017  eV     1   --> A              
     e(  6 -  6) =    -12.26814  eV     1   --> A              
     e(  7 -  7) =     -2.97940  eV     1   --> A              
     e(  8 -  8) =     -2.64698  eV     1   --> A              
     e(  9 -  9) =     -2.57412  eV     1   --> A              
     e( 10 - 10) =     -1.70257  eV     1   --> A              
     e( 11 - 11) =     -0.73430  eV     1   --> A              
     e( 12 - 12) =     -0.06057  eV     1   --> A              
     e( 13 - 13) =      3.86990  eV     1   --> A              
     e( 14 - 14) =      5.85968  eV     1   --> A              
     e( 15 - 15) =      6.68071  eV     1   --> A              
     e( 16 - 16) =      7.00595  eV     1   --> A              
     e( 17 - 17) =      7.77028  eV     1   --> A              
     e( 18 - 18) =      8.98522  eV     1   --> A              
     e( 19 - 19) =     10.22676  eV     1   --> A              
     e( 20 - 20) =     11.51455  eV     1   --> A              
     e( 21 - 21) =     12.48877  eV     1   --> A              
     e( 22 - 22) =     12.75042  eV     1   --> A              
     e( 23 - 23) =     14.08663  eV     1   --> A              
     e( 24 - 24) =     14.30423  eV     1   --> A              
     e( 25 - 25) =     15.13807  eV     1   --> A              
     e( 26 - 26) =     15.91396  eV     1   --> A              

 **************************************************************************

 **************************************************************************

                    xk=(   0.20833,   0.36084,   0.00000  )

     Band symmetry, C_1 (1)     point group:

     e(  1 -  1) =    -45.32438  eV     1   --> A              
     e(  2 -  2) =    -23.74542  eV     1   --> A              
     e(  3 -  3) =    -23.54347  eV     1   --> A              
     e(  4 -  4) =    -23.26345  eV     1   --> A              
     e(  5 -  5) =    -20.57095  eV     1   --> A              
     e(  6 -  6) =    -12.28041  eV     1   --> A              
     e(  7 -  7) =     -2.97576  eV     1   --> A              
     e(  8 -  8) =     -2.64297  eV     1   --> A              
     e(  9 -  9) =     -2.57678  eV     1   --> A              
     e( 10 - 10) =     -1.67992  eV     1   --> A              
     e( 11 - 11) =     -0.73627  eV     1   --> A              
     e( 12 - 12) =     -0.02711  eV     1   --> A              
     e( 13 - 13) =      3.86081  eV     1   --> A              
     e( 14 - 14) =      5.84379  eV     1   --> A              
     e( 15 - 15) =      6.66772  eV     1   --> A              
     e( 16 - 16) =      7.00463  eV     1   --> A              
     e( 17 - 17) =      7.75748  eV     1   --> A              
     e( 18 - 18) =      8.91165  eV     1   --> A              
     e( 19 - 19) =     10.19783  eV     1   --> A              
     e( 20 - 20) =     11.47168  eV     1   --> A              
     e( 21 - 21) =     12.49577  eV     1   --> A              
     e( 22 - 22) =     12.73987  eV     1   --> A              
     e( 23 - 23) =     14.09982  eV     1   --> A              
     e( 24 - 24) =     14.30378  eV     1   --> A              
     e( 25 - 25) =     15.21252  eV     1   --> A              
     e( 26 - 26) =     15.96548  eV     1   --> A              

 **************************************************************************

 **************************************************************************

                    xk=(   0.20556,   0.35603,   0.00000  )

     Band symmetry, C_1 (1)     point group:

     e(  1 -  1) =    -45.32516  eV     1   --> A              
     e(  2 -  2) =    -23.74366  eV     1   --> A              
     e(  3 -  3) =    -23.54270  eV     1   --> A              
     e(  4 -  4) =    -23.25872  eV     1   --> A              
     e(  5 -  5) =    -20.57175  eV     1   --> A              
     e(  6 -  6) =    -12.29285  eV     1   --> A              
     e(  7 -  7) =     -2.97198  eV     1   --> A              
     e(  8 -  8) =     -2.63989  eV     1   --> A              
     e(  9 -  9) =     -2.57879  eV     1   --> A              
     e( 10 - 10) =     -1.65608  eV     1   --> A              
     e( 11 - 11) =     -0.73836  eV     1   --> A              
     e( 12 - 12) =      0.00631  eV     1   --> A              
     e( 13 - 13) =      3.85223  eV     1   --> A              
     e( 14 - 14) =      5.82815  eV     1   --> A              
     e( 15 - 15) =      6.65409  eV     1   --> A              
     e( 16 - 16) =      7.00356  eV     1   --> A              
     e( 17 - 17) =      7.74322  eV     1   --> A              
     e( 18 - 18) =      8.83913  eV     1   --> A              
     e( 19 - 19) =     10.16842  eV     1   --> A              
     e( 20 - 20) =     11.42868  eV     1   --> A              
     e( 21 - 21) =     12.50184  eV     1   --> A              
     e( 22 - 22) =     12.73186  eV     1   --> A              
     e( 23 - 23) =     14.09295  eV     1   --> A              
     e( 24 - 24) =     14.32493  eV     1   --> A              
     e( 25 - 25) =     15.28777  eV     1   --> A              
     e( 26 - 26) =     16.01561  eV     1   --> A              

 **************************************************************************

 **************************************************************************

                    xk=(   0.20278,   0.35122,   0.00000  )

     Band symmetry, C_1 (1)     point group:

     e(  1 -  1) =    -45.32595  eV     1   --> A              
     e(  2 -  2) =    -23.74202  eV     1   --> A              
     e(  3 -  3) =    -23.54164  eV     1   --> A              
     e(  4 -  4) =    -23.25403  eV     1   --> A              
     e(  5 -  5) =    -20.57257  eV     1   --> A              
     e(  6 -  6) =    -12.30543  eV     1   --> A              
     e(  7 -  7) =     -2.96804  eV     1   --> A              
     e(  8 -  8) =     -2.63795  eV     1   --> A              
     e(  9 -  9) =     -2.57996  eV     1   --> A              
     e( 10 - 10) =     -1.63108  eV     1   --> A              
     e( 11 - 11) =     -0.74053  eV     1   --> A              
     e( 12 - 12) =      0.03968  eV     1   --> A              
     e( 13 - 13) =      3.84414  eV     1   --> A              
     e( 14 - 14) =      5.81278  eV     1   --> A              
     e( 15 - 15) =      6.63997  eV     1   --> A              
     e( 16 - 16) =      7.00257  eV     1   --> A              
     e( 17 - 17) =      7.72753  eV     1   --> A              
     e( 18 - 18) =      8.76778  eV     1   --> A              
     e( 19 - 19) =     10.13855  eV     1   --> A              
     e( 20 - 20) =     11.38561  eV     1   --> A              
     e( 21 - 21) =     12.50693  eV     1   --> A              
     e( 22 - 22) =     12.72648  eV     1   --> A              
     e( 23 - 23) =     14.07047  eV     1   --> A              
     e( 24 - 24) =     14.36306  eV     1   --> A              
     e( 25 - 25) =     15.36378  eV     1   --> A              
     e( 26 - 26) =     16.06390  eV     1   --> A              

 **************************************************************************

 **************************************************************************

                    xk=(   0.20000,   0.34641,   0.00000  )

     Band symmetry, C_1 (1)     point group:

     e(  1 -  1) =    -45.32676  eV     1   --> A              
     e(  2 -  2) =    -23.74051  eV     1   --> A              
     e(  3 -  3) =    -23.54026  eV     1   --> A              
     e(  4 -  4) =    -23.24939  eV     1   --> A              
     e(  5 -  5) =    -20.57342  eV     1   --> A              
     e(  6 -  6) =    -12.31816  eV     1   --> A              
     e(  7 -  7) =     -2.96394  eV     1   --> A              
     e(  8 -  8) =     -2.63735  eV     1   --> A              
     e(  9 -  9) =     -2.58012  eV     1   --> A              
     e( 10 - 10) =     -1.60496  eV     1   --> A              
     e( 11 - 11) =     -0.74274  eV     1   --> A              
     e( 12 - 12) =      0.07294  eV     1   --> A              
     e( 13 - 13) =      3.83657  eV     1   --> A              
     e( 14 - 14) =      5.79770  eV     1   --> A              
     e( 15 - 15) =      6.62546  eV     1   --> A              
     e( 16 - 16) =      7.00150  eV     1   --> A              
     e( 17 - 17) =      7.71043  eV     1   --> A              
     e( 18 - 18) =      8.69767  eV     1   --> A              
     e( 19 - 19) =     10.10823  eV     1   --> A              
     e( 20 - 20) =     11.34255  eV     1   --> A              
     e( 21 - 21) =     12.51105  eV     1   --> A              
     e( 22 - 22) =     12.72378  eV     1   --> A              
     e( 23 - 23) =     14.03918  eV     1   --> A              
     e( 24 - 24) =     14.41121  eV     1   --> A              
     e( 25 - 25) =     15.44052  eV     1   --> A              
     e( 26 - 26) =     16.10985  eV     1   --> A              

 **************************************************************************

 **************************************************************************

                    xk=(   0.19722,   0.34160,   0.00000  )

     Band symmetry, C_1 (1)     point group:

     e(  1 -  1) =    -45.32758  eV     1   --> A              
     e(  2 -  2) =    -23.73917  eV     1   --> A              
     e(  3 -  3) =    -23.53855  eV     1   --> A              
     e(  4 -  4) =    -23.24479  eV     1   --> A              
     e(  5 -  5) =    -20.57430  eV     1   --> A              
     e(  6 -  6) =    -12.33101  eV     1   --> A              
     e(  7 -  7) =     -2.95969  eV     1   --> A              
     e(  8 -  8) =     -2.63812  eV     1   --> A              
     e(  9 -  9) =     -2.57922  eV     1   --> A              
     e( 10 - 10) =     -1.57774  eV     1   --> A              
     e( 11 - 11) =     -0.74496  eV     1   --> A              
     e( 12 - 12) =      0.10609  eV     1   --> A              
     e( 13 - 13) =      3.82953  eV     1   --> A              
     e( 14 - 14) =      5.78294  eV     1   --> A              
     e( 15 - 15) =      6.61069  eV     1   --> A              
     e( 16 - 16) =      7.00020  eV     1   --> A              
     e( 17 - 17) =      7.69196  eV     1   --> A              
     e( 18 - 18) =      8.62889  eV     1   --> A              
     e( 19 - 19) =     10.07747  eV     1   --> A              
     e( 20 - 20) =     11.29956  eV     1   --> A              
     e( 21 - 21) =     12.51429  eV     1   --> A              
     e( 22 - 22) =     12.72374  eV     1   --> A              
     e( 23 - 23) =     14.00311  eV     1   --> A              
     e( 24 - 24) =     14.46516  eV     1   --> A              
     e( 25 - 25) =     15.51798  eV     1   --> A              
     e( 26 - 26) =     16.15284  eV     1   --> A              

 **************************************************************************

 **************************************************************************

                    xk=(   0.19444,   0.33679,   0.00000  )

     Band symmetry, C_1 (1)     point group:

     e(  1 -  1) =    -45.32841  eV     1   --> A              
     e(  2 -  2) =    -23.73801  eV     1   --> A              
     e(  3 -  3) =    -23.53650  eV     1   --> A              
     e(  4 -  4) =    -23.24025  eV     1   --> A              
     e(  5 -  5) =    -20.57520  eV     1   --> A              
     e(  6 -  6) =    -12.34398  eV     1   --> A              
     e(  7 -  7) =     -2.95528  eV     1   --> A              
     e(  8 -  8) =     -2.64019  eV     1   --> A              
     e(  9 -  9) =     -2.57735  eV     1   --> A              
     e( 10 - 10) =     -1.54948  eV     1   --> A              
     e( 11 - 11) =     -0.74714  eV     1   --> A              
     e( 12 - 12) =      0.13910  eV     1   --> A              
     e( 13 - 13) =      3.82300  eV     1   --> A              
     e( 14 - 14) =      5.76850  eV     1   --> A              
     e( 15 - 15) =      6.59572  eV     1   --> A              
     e( 16 - 16) =      6.99851  eV     1   --> A              
     e( 17 - 17) =      7.67215  eV     1   --> A              
     e( 18 - 18) =      8.56155  eV     1   --> A              
     e( 19 - 19) =     10.04627  eV     1   --> A              
     e( 20 - 20) =     11.25668  eV     1   --> A              
     e( 21 - 21) =     12.51684  eV     1   --> A              
     e( 22 - 22) =     12.72623  eV     1   --> A              
     e( 23 - 23) =     13.96424  eV     1   --> A              
     e( 24 - 24) =     14.52275  eV     1   --> A              
     e( 25 - 25) =     15.59612  eV     1   --> A              
     e( 26 - 26) =     16.19218  eV     1   --> A              

 **************************************************************************

 **************************************************************************

                    xk=(   0.19167,   0.33198,   0.00000  )

     Band symmetry, C_1 (1)     point group:

     e(  1 -  1) =    -45.32925  eV     1   --> A              
     e(  2 -  2) =    -23.73705  eV     1   --> A              
     e(  3 -  3) =    -23.53407  eV     1   --> A              
     e(  4 -  4) =    -23.23576  eV     1   --> A              
     e(  5 -  5) =    -20.57614  eV     1   --> A              
     e(  6 -  6) =    -12.35706  eV     1   --> A              
     e(  7 -  7) =     -2.95071  eV     1   --> A              
     e(  8 -  8) =     -2.64336  eV     1   --> A              
     e(  9 -  9) =     -2.57472  eV     1   --> A              
     e( 10 - 10) =     -1.52023  eV     1   --> A              
     e( 11 - 11) =     -0.74925  eV     1   --> A              
     e( 12 - 12) =      0.17193  eV     1   --> A              
     e( 13 - 13) =      3.81700  eV     1   --> A              
     e( 14 - 14) =      5.75441  eV     1   --> A              
     e( 15 - 15) =      6.58065  eV     1   --> A              
     e( 16 - 16) =      6.99631  eV     1   --> A              
     e( 17 - 17) =      7.65107  eV     1   --> A              
     e( 18 - 18) =      8.49573  eV     1   --> A              
     e( 19 - 19) =     10.01464  eV     1   --> A              
     e( 20 - 20) =     11.21394  eV     1   --> A              
     e( 21 - 21) =     12.51893  eV     1   --> A              
     e( 22 - 22) =     12.73108  eV     1   --> A              
     e( 23 - 23) =     13.92358  eV     1   --> A              
     e( 24 - 24) =     14.58280  eV     1   --> A              
     e( 25 - 25) =     15.67490  eV     1   --> A              
     e( 26 - 26) =     16.22710  eV     1   --> A              

 **************************************************************************

 **************************************************************************

                    xk=(   0.18889,   0.32717,   0.00000  )

     Band symmetry, C_1 (1)     point group:

     e(  1 -  1) =    -45.33010  eV     1   --> A              
     e(  2 -  2) =    -23.73629  eV     1   --> A              
     e(  3 -  3) =    -23.53126  eV     1   --> A              
     e(  4 -  4) =    -23.23133  eV     1   --> A              
     e(  5 -  5) =    -20.57711  eV     1   --> A              
     e(  6 -  6) =    -12.37023  eV     1   --> A              
     e(  7 -  7) =     -2.94599  eV     1   --> A              
     e(  8 -  8) =     -2.64742  eV     1   --> A              
     e(  9 -  9) =     -2.57155  eV     1   --> A              
     e( 10 - 10) =     -1.49004  eV     1   --> A              
     e( 11 - 11) =     -0.75121  eV     1   --> A              
     e( 12 - 12) =      0.20458  eV     1   --> A              
     e( 13 - 13) =      3.81152  eV     1   --> A              
     e( 14 - 14) =      5.74067  eV     1   --> A              
     e( 15 - 15) =      6.56554  eV     1   --> A              
     e( 16 - 16) =      6.99347  eV     1   --> A              
     e( 17 - 17) =      7.62877  eV     1   --> A              
     e( 18 - 18) =      8.43152  eV     1   --> A              
     e( 19 - 19) =      9.98258  eV     1   --> A              
     e( 20 - 20) =     11.17139  eV     1   --> A              
     e( 21 - 21) =     12.52083  eV     1   --> A              
     e( 22 - 22) =     12.73808  eV     1   --> A              
     e( 23 - 23) =     13.88166  eV     1   --> A              
     e( 24 - 24) =     14.64459  eV     1   --> A              
     e( 25 - 25) =     15.75430  eV     1   --> A              
     e( 26 - 26) =     16.25681  eV     1   --> A              

 **************************************************************************

 **************************************************************************

                    xk=(   0.18611,   0.32235,   0.00000  )

     Band symmetry, C_1 (1)     point group:

     e(  1 -  1) =    -45.33096  eV     1   --> A              
     e(  2 -  2) =    -23.73576  eV     1   --> A              
     e(  3 -  3) =    -23.52805  eV     1   --> A              
     e(  4 -  4) =    -23.22694  eV     1   --> A              
     e(  5 -  5) =    -20.57810  eV     1   --> A              
     e(  6 -  6) =    -12.38349  eV     1   --> A              
     e(  7 -  7) =     -2.94108  eV     1   --> A              
     e(  8 -  8) =     -2.65217  eV     1   --> A              
     e(  9 -  9) =     -2.56800  eV     1   --> A              
     e( 10 - 10) =     -1.45899  eV     1   --> A              
     e( 11 - 11) =     -0.75298  eV     1   --> A              
     e( 12 - 12) =      0.23701  eV     1   --> A              
     e( 13 - 13) =      3.80657  eV     1   --> A              
     e( 14 - 14) =      5.72733  eV     1   --> A              
     e( 15 - 15) =      6.55046  eV     1   --> A              
     e( 16 - 16) =      6.98987  eV     1   --> A              
     e( 17 - 17) =      7.60534  eV     1   --> A              
     e( 18 - 18) =      8.36899  eV     1   --> A              
     e( 19 - 19) =      9.95009  eV     1   --> A              
     e( 20 - 20) =     11.12904  eV     1   --> A              
     e( 21 - 21) =     12.52283  eV     1   --> A              
     e( 22 - 22) =     12.74701  eV     1   --> A              
     e( 23 - 23) =     13.83881  eV     1   --> A              
     e( 24 - 24) =     14.70760  eV     1   --> A              
     e( 25 - 25) =     15.83428  eV     1   --> A              
     e( 26 - 26) =     16.28057  eV     1   --> A              

 **************************************************************************

 **************************************************************************

                    xk=(   0.18333,   0.31754,   0.00000  )

     Band symmetry, C_1 (1)     point group:

     e(  1 -  1) =    -45.33183  eV     1   --> A              
     e(  2 -  2) =    -23.73546  eV     1   --> A              
     e(  3 -  3) =    -23.52445  eV     1   --> A              
     e(  4 -  4) =    -23.22263  eV     1   --> A              
     e(  5 -  5) =    -20.57913  eV     1   --> A              
     e(  6 -  6) =    -12.39682  eV     1   --> A              
     e(  7 -  7) =     -2.93604  eV     1   --> A              
     e(  8 -  8) =     -2.65748  eV     1   --> A              
     e(  9 -  9) =     -2.56424  eV     1   --> A              
     e( 10 - 10) =     -1.42718  eV     1   --> A              
     e( 11 - 11) =     -0.75448  eV     1   --> A              
     e( 12 - 12) =      0.26922  eV     1   --> A              
     e( 13 - 13) =      3.80213  eV     1   --> A              
     e( 14 - 14) =      5.71438  eV     1   --> A              
     e( 15 - 15) =      6.53543  eV     1   --> A              
     e( 16 - 16) =      6.98537  eV     1   --> A              
     e( 17 - 17) =      7.58086  eV     1   --> A              
     e( 18 - 18) =      8.30823  eV     1   --> A              
     e( 19 - 19) =      9.91715  eV     1   --> A              
     e( 20 - 20) =     11.08692  eV     1   --> A              
     e( 21 - 21) =     12.52516  eV     1   --> A              
     e( 22 - 22) =     12.75764  eV     1   --> A              
     e( 23 - 23) =     13.79525  eV     1   --> A              
     e( 24 - 24) =     14.77142  eV     1   --> A              
     e( 25 - 25) =     15.91479  eV     1   --> A              
     e( 26 - 26) =     16.29781  eV     1   --> A              

 **************************************************************************

 **************************************************************************

                    xk=(   0.18056,   0.31273,   0.00000  )

     Band symmetry, C_1 (1)     point group:

     e(  1 -  1) =    -45.33271  eV     1   --> A              
     e(  2 -  2) =    -23.73541  eV     1   --> A              
     e(  3 -  3) =    -23.52046  eV     1   --> A              
     e(  4 -  4) =    -23.21837  eV     1   --> A              
     e(  5 -  5) =    -20.58020  eV     1   --> A              
     e(  6 -  6) =    -12.41023  eV     1   --> A              
     e(  7 -  7) =     -2.93088  eV     1   --> A              
     e(  8 -  8) =     -2.66324  eV     1   --> A              
     e(  9 -  9) =     -2.56038  eV     1   --> A              
     e( 10 - 10) =     -1.39470  eV     1   --> A              
     e( 11 - 11) =     -0.75562  eV     1   --> A              
     e( 12 - 12) =      0.30117  eV     1   --> A              
     e( 13 - 13) =      3.79820  eV     1   --> A              
     e( 14 - 14) =      5.70184  eV     1   --> A              
     e( 15 - 15) =      6.52050  eV     1   --> A              
     e( 16 - 16) =      6.97983  eV     1   --> A              
     e( 17 - 17) =      7.55542  eV     1   --> A              
     e( 18 - 18) =      8.24930  eV     1   --> A              
     e( 19 - 19) =      9.88378  eV     1   --> A              
     e( 20 - 20) =     11.04503  eV     1   --> A              
     e( 21 - 21) =     12.52806  eV     1   --> A              
     e( 22 - 22) =     12.76978  eV     1   --> A              
     e( 23 - 23) =     13.75115  eV     1   --> A              
     e( 24 - 24) =     14.83569  eV     1   --> A              
     e( 25 - 25) =     15.99578  eV     1   --> A              
     e( 26 - 26) =     16.30827  eV     1   --> A              

 **************************************************************************

 **************************************************************************

                    xk=(   0.17778,   0.30792,   0.00000  )

     Band symmetry, C_1 (1)     point group:

     e(  1 -  1) =    -45.33359  eV     1   --> A              
     e(  2 -  2) =    -23.73559  eV     1   --> A              
     e(  3 -  3) =    -23.51606  eV     1   --> A              
     e(  4 -  4) =    -23.21417  eV     1   --> A              
     e(  5 -  5) =    -20.58129  eV     1   --> A              
     e(  6 -  6) =    -12.42368  eV     1   --> A              
     e(  7 -  7) =     -2.92556  eV     1   --> A              
     e(  8 -  8) =     -2.66936  eV     1   --> A              
     e(  9 -  9) =     -2.55647  eV     1   --> A              
     e( 10 - 10) =     -1.36168  eV     1   --> A              
     e( 11 - 11) =     -0.75631  eV     1   --> A              
     e( 12 - 12) =      0.33286  eV     1   --> A              
     e( 13 - 13) =      3.79477  eV     1   --> A              
     e( 14 - 14) =      5.68974  eV     1   --> A              
     e( 15 - 15) =      6.50573  eV     1   --> A              
     e( 16 - 16) =      6.97313  eV     1   --> A              
     e( 17 - 17) =      7.52919  eV     1   --> A              
     e( 18 - 18) =      8.19224  eV     1   --> A              
     e( 19 - 19) =      9.84996  eV     1   --> A              
     e( 20 - 20) =     11.00340  eV     1   --> A              
     e( 21 - 21) =     12.53171  eV     1   --> A              
     e( 22 - 22) =     12.78322  eV     1   --> A              
     e( 23 - 23) =     13.70667  eV     1   --> A              
     e( 24 - 24) =     14.90006  eV     1   --> A              
     e( 25 - 25) =     16.07718  eV     1   --> A              
     e( 26 - 26) =     16.31213  eV     1   --> A              

 **************************************************************************

 **************************************************************************

                    xk=(   0.17500,   0.30311,   0.00000  )

     Band symmetry, C_1 (1)     point group:

     e(  1 -  1) =    -45.33449  eV     1   --> A              
     e(  2 -  2) =    -23.73601  eV     1   --> A              
     e(  3 -  3) =    -23.51128  eV     1   --> A              
     e(  4 -  4) =    -23.21004  eV     1   --> A              
     e(  5 -  5) =    -20.58243  eV     1   --> A              
     e(  6 -  6) =    -12.43717  eV     1   --> A              
     e(  7 -  7) =     -2.92011  eV     1   --> A              
     e(  8 -  8) =     -2.67578  eV     1   --> A              
     e(  9 -  9) =     -2.55257  eV     1   --> A              
     e( 10 - 10) =     -1.32827  eV     1   --> A              
     e( 11 - 11) =     -0.75639  eV     1   --> A              
     e( 12 - 12) =      0.36427  eV     1   --> A              
     e( 13 - 13) =      3.79185  eV     1   --> A              
     e( 14 - 14) =      5.67809  eV     1   --> A              
     e( 15 - 15) =      6.49112  eV     1   --> A              
     e( 16 - 16) =      6.96512  eV     1   --> A              
     e( 17 - 17) =      7.50230  eV     1   --> A              
     e( 18 - 18) =      8.13712  eV     1   --> A              
     e( 19 - 19) =      9.81570  eV     1   --> A              
     e( 20 - 20) =     10.96202  eV     1   --> A              
     e( 21 - 21) =     12.53627  eV     1   --> A              
     e( 22 - 22) =     12.79780  eV     1   --> A              
     e( 23 - 23) =     13.66195  eV     1   --> A              
     e( 24 - 24) =     14.96419  eV     1   --> A              
     e( 25 - 25) =     16.15887  eV     1   --> A              
     e( 26 - 26) =     16.30997  eV     1   --> A              

 **************************************************************************

 **************************************************************************

                    xk=(   0.17222,   0.29830,   0.00000  )

     Band symmetry, C_1 (1)     point group:

     e(  1 -  1) =    -45.33538  eV     1   --> A              
     e(  2 -  2) =    -23.73666  eV     1   --> A              
     e(  3 -  3) =    -23.50611  eV     1   --> A              
     e(  4 -  4) =    -23.20597  eV     1   --> A              
     e(  5 -  5) =    -20.58360  eV     1   --> A              
     e(  6 -  6) =    -12.45069  eV     1   --> A              
     e(  7 -  7) =     -2.91453  eV     1   --> A              
     e(  8 -  8) =     -2.68246  eV     1   --> A              
     e(  9 -  9) =     -2.54871  eV     1   --> A              
     e( 10 - 10) =     -1.29467  eV     1   --> A              
     e( 11 - 11) =     -0.75571  eV     1   --> A              
     e( 12 - 12) =      0.39538  eV     1   --> A              
     e( 13 - 13) =      3.78941  eV     1   --> A              
     e( 14 - 14) =      5.66692  eV     1   --> A              
     e( 15 - 15) =      6.47670  eV     1   --> A              
     e( 16 - 16) =      6.95568  eV     1   --> A              
     e( 17 - 17) =      7.47495  eV     1   --> A              
     e( 18 - 18) =      8.08393  eV     1   --> A              
     e( 19 - 19) =      9.78099  eV     1   --> A              
     e( 20 - 20) =     10.92090  eV     1   --> A              
     e( 21 - 21) =     12.54186  eV     1   --> A              
     e( 22 - 22) =     12.81332  eV     1   --> A              
     e( 23 - 23) =     13.61714  eV     1   --> A              
     e( 24 - 24) =     15.02770  eV     1   --> A              
     e( 25 - 25) =     16.24038  eV     1   --> A              
     e( 26 - 26) =     16.30305  eV     1   --> A              

 **************************************************************************

 **************************************************************************

                    xk=(   0.16944,   0.29349,   0.00000  )

     Band symmetry, C_1 (1)     point group:

     e(  1 -  1) =    -45.33629  eV     1   --> A              
     e(  2 -  2) =    -23.73752  eV     1   --> A              
     e(  3 -  3) =    -23.50056  eV     1   --> A              
     e(  4 -  4) =    -23.20196  eV     1   --> A              
     e(  5 -  5) =    -20.58480  eV     1   --> A              
     e(  6 -  6) =    -12.46423  eV     1   --> A              
     e(  7 -  7) =     -2.90885  eV     1   --> A              
     e(  8 -  8) =     -2.68934  eV     1   --> A              
     e(  9 -  9) =     -2.54492  eV     1   --> A              
     e( 10 - 10) =     -1.26111  eV     1   --> A              
     e( 11 - 11) =     -0.75406  eV     1   --> A              
     e( 12 - 12) =      0.42618  eV     1   --> A              
     e( 13 - 13) =      3.78744  eV     1   --> A              
     e( 14 - 14) =      5.65623  eV     1   --> A              
     e( 15 - 15) =      6.46251  eV     1   --> A              
     e( 16 - 16) =      6.94465  eV     1   --> A              
     e( 17 - 17) =      7.44733  eV     1   --> A              
     e( 18 - 18) =      8.03269  eV     1   --> A              
     e( 19 - 19) =      9.74584  eV     1   --> A              
     e( 20 - 20) =     10.88005  eV     1   --> A              
     e( 21 - 21) =     12.54857  eV     1   --> A              
     e( 22 - 22) =     12.82957  eV     1   --> A              
     e( 23 - 23) =     13.57244  eV     1   --> A              
     e( 24 - 24) =     15.09018  eV     1   --> A              
     e( 25 - 25) =     16.28833  eV     1   --> A              
     e( 26 - 26) =     16.32574  eV     1   --> A              

 **************************************************************************

 **************************************************************************

                    xk=(   0.16667,   0.28868,   0.00000  )

     Band symmetry, C_1 (1)     point group:

     e(  1 -  1) =    -45.33720  eV     1   --> A              
     e(  2 -  2) =    -23.73861  eV     1   --> A              
     e(  3 -  3) =    -23.49466  eV     1   --> A              
     e(  4 -  4) =    -23.19802  eV     1   --> A              
     e(  5 -  5) =    -20.58604  eV     1   --> A              
     e(  6 -  6) =    -12.47779  eV     1   --> A              
     e(  7 -  7) =     -2.90308  eV     1   --> A              
     e(  8 -  8) =     -2.69639  eV     1   --> A              
     e(  9 -  9) =     -2.54122  eV     1   --> A              
     e( 10 - 10) =     -1.22786  eV     1   --> A              
     e( 11 - 11) =     -0.75117  eV     1   --> A              
     e( 12 - 12) =      0.45664  eV     1   --> A              
     e( 13 - 13) =      3.78593  eV     1   --> A              
     e( 14 - 14) =      5.64604  eV     1   --> A              
     e( 15 - 15) =      6.44856  eV     1   --> A              
     e( 16 - 16) =      6.93188  eV     1   --> A              
     e( 17 - 17) =      7.41967  eV     1   --> A              
     e( 18 - 18) =      7.98338  eV     1   --> A              
     e( 19 - 19) =      9.71025  eV     1   --> A              
     e( 20 - 20) =     10.83944  eV     1   --> A              
     e( 21 - 21) =     12.55647  eV     1   --> A              
     e( 22 - 22) =     12.84631  eV     1   --> A              
     e( 23 - 23) =     13.52810  eV     1   --> A              
     e( 24 - 24) =     15.15113  eV     1   --> A              
     e( 25 - 25) =     16.27499  eV     1   --> A              
     e( 26 - 26) =     16.40685  eV     1   --> A              

 **************************************************************************

 **************************************************************************

                    xk=(   0.16389,   0.28386,   0.00000  )

     Band symmetry, C_1 (1)     point group:

     e(  1 -  1) =    -45.33811  eV     1   --> A              
     e(  2 -  2) =    -23.73990  eV     1   --> A              
     e(  3 -  3) =    -23.48842  eV     1   --> A              
     e(  4 -  4) =    -23.19414  eV     1   --> A              
     e(  5 -  5) =    -20.58733  eV     1   --> A              
     e(  6 -  6) =    -12.49134  eV     1   --> A              
     e(  7 -  7) =     -2.89726  eV     1   --> A              
     e(  8 -  8) =     -2.70359  eV     1   --> A              
     e(  9 -  9) =     -2.53762  eV     1   --> A              
     e( 10 - 10) =     -1.19528  eV     1   --> A              
     e( 11 - 11) =     -0.74673  eV     1   --> A              
     e( 12 - 12) =      0.48677  eV     1   --> A              
     e( 13 - 13) =      3.78486  eV     1   --> A              
     e( 14 - 14) =      5.63637  eV     1   --> A              
     e( 15 - 15) =      6.43486  eV     1   --> A              
     e( 16 - 16) =      6.91725  eV     1   --> A              
     e( 17 - 17) =      7.39218  eV     1   --> A              
     e( 18 - 18) =      7.93595  eV     1   --> A              
     e( 19 - 19) =      9.67423  eV     1   --> A              
     e( 20 - 20) =     10.79909  eV     1   --> A              
     e( 21 - 21) =     12.56560  eV     1   --> A              
     e( 22 - 22) =     12.86320  eV     1   --> A              
     e( 23 - 23) =     13.48444  eV     1   --> A              
     e( 24 - 24) =     15.20998  eV     1   --> A              
     e( 25 - 25) =     16.25877  eV     1   --> A              
     e( 26 - 26) =     16.48909  eV     1   --> A              

 **************************************************************************

 **************************************************************************

                    xk=(   0.16111,   0.27905,   0.00000  )

     Band symmetry, C_1 (1)     point group:

     e(  1 -  1) =    -45.33903  eV     1   --> A              
     e(  2 -  2) =    -23.74138  eV     1   --> A              
     e(  3 -  3) =    -23.48185  eV     1   --> A              
     e(  4 -  4) =    -23.19034  eV     1   --> A              
     e(  5 -  5) =    -20.58865  eV     1   --> A              
     e(  6 -  6) =    -12.50488  eV     1   --> A              
     e(  7 -  7) =     -2.89139  eV     1   --> A              
     e(  8 -  8) =     -2.71088  eV     1   --> A              
     e(  9 -  9) =     -2.53413  eV     1   --> A              
     e( 10 - 10) =     -1.16380  eV     1   --> A              
     e( 11 - 11) =     -0.74033  eV     1   --> A              
     e( 12 - 12) =      0.51653  eV     1   --> A              
     e( 13 - 13) =      3.78421  eV     1   --> A              
     e( 14 - 14) =      5.62723  eV     1   --> A              
     e( 15 - 15) =      6.42142  eV     1   --> A              
     e( 16 - 16) =      6.90065  eV     1   --> A              
     e( 17 - 17) =      7.36511  eV     1   --> A              
     e( 18 - 18) =      7.89037  eV     1   --> A              
     e( 19 - 19) =      9.63778  eV     1   --> A              
     e( 20 - 20) =     10.75898  eV     1   --> A              
     e( 21 - 21) =     12.57601  eV     1   --> A              
     e( 22 - 22) =     12.87978  eV     1   --> A              
     e( 23 - 23) =     13.44194  eV     1   --> A              
     e( 24 - 24) =     15.26602  eV     1   --> A              
     e( 25 - 25) =     16.24203  eV     1   --> A              
     e( 26 - 26) =     16.57126  eV     1   --> A              

 **************************************************************************

 **************************************************************************

                    xk=(   0.15833,   0.27424,   0.00000  )

     Band symmetry, C_1 (1)     point group:

     e(  1 -  1) =    -45.33995  eV     1   --> A              
     e(  2 -  2) =    -23.74303  eV     1   --> A              
     e(  3 -  3) =    -23.47497  eV     1   --> A              
     e(  4 -  4) =    -23.18659  eV     1   --> A              
     e(  5 -  5) =    -20.59001  eV     1   --> A              
     e(  6 -  6) =    -12.51840  eV     1   --> A              
     e(  7 -  7) =     -2.88552  eV     1   --> A              
     e(  8 -  8) =     -2.71820  eV     1   --> A              
     e(  9 -  9) =     -2.53074  eV     1   --> A              
     e( 10 - 10) =     -1.13390  eV     1   --> A              
     e( 11 - 11) =     -0.73152  eV     1   --> A              
     e( 12 - 12) =      0.54593  eV     1   --> A              
     e( 13 - 13) =      3.78396  eV     1   --> A              
     e( 14 - 14) =      5.61865  eV     1   --> A              
     e( 15 - 15) =      6.40828  eV     1   --> A              
     e( 16 - 16) =      6.88202  eV     1   --> A              
     e( 17 - 17) =      7.33868  eV     1   --> A              
     e( 18 - 18) =      7.84656  eV     1   --> A              
     e( 19 - 19) =      9.60093  eV     1   --> A              
     e( 20 - 20) =     10.71910  eV     1   --> A              
     e( 21 - 21) =     12.58770  eV     1   --> A              
     e( 22 - 22) =     12.89541  eV     1   --> A              
     e( 23 - 23) =     13.40127  eV     1   --> A              
     e( 24 - 24) =     15.31837  eV     1   --> A              
     e( 25 - 25) =     16.22624  eV     1   --> A              
     e( 26 - 26) =     16.65303  eV     1   --> A              

 **************************************************************************

 **************************************************************************

                    xk=(   0.15556,   0.26943,   0.00000  )

     Band symmetry, C_1 (1)     point group:

     e(  1 -  1) =    -45.34087  eV     1   --> A              
     e(  2 -  2) =    -23.74485  eV     1   --> A              
     e(  3 -  3) =    -23.46779  eV     1   --> A              
     e(  4 -  4) =    -23.18292  eV     1   --> A              
     e(  5 -  5) =    -20.59141  eV     1   --> A              
     e(  6 -  6) =    -12.53188  eV     1   --> A              
     e(  7 -  7) =     -2.87970  eV     1   --> A              
     e(  8 -  8) =     -2.72552  eV     1   --> A              
     e(  9 -  9) =     -2.52747  eV     1   --> A              
     e( 10 - 10) =     -1.10612  eV     1   --> A              
     e( 11 - 11) =     -0.71979  eV     1   --> A              
     e( 12 - 12) =      0.57495  eV     1   --> A              
     e( 13 - 13) =      3.78410  eV     1   --> A              
     e( 14 - 14) =      5.61063  eV     1   --> A              
     e( 15 - 15) =      6.39542  eV     1   --> A              
     e( 16 - 16) =      6.86130  eV     1   --> A              
     e( 17 - 17) =      7.31306  eV     1   --> A              
     e( 18 - 18) =      7.80443  eV     1   --> A              
     e( 19 - 19) =      9.56367  eV     1   --> A              
     e( 20 - 20) =     10.67945  eV     1   --> A              
     e( 21 - 21) =     12.60066  eV     1   --> A              
     e( 22 - 22) =     12.90916  eV     1   --> A              
     e( 23 - 23) =     13.36338  eV     1   --> A              
     e( 24 - 24) =     15.36599  eV     1   --> A              
     e( 25 - 25) =     16.21291  eV     1   --> A              
     e( 26 - 26) =     16.73405  eV     1   --> A              

 **************************************************************************

 **************************************************************************

                    xk=(   0.15278,   0.26462,   0.00000  )

     Band symmetry, C_1 (1)     point group:

     e(  1 -  1) =    -45.34180  eV     1   --> A              
     e(  2 -  2) =    -23.74682  eV     1   --> A              
     e(  3 -  3) =    -23.46035  eV     1   --> A              
     e(  4 -  4) =    -23.17931  eV     1   --> A              
     e(  5 -  5) =    -20.59285  eV     1   --> A              
     e(  6 -  6) =    -12.54532  eV     1   --> A              
     e(  7 -  7) =     -2.87402  eV     1   --> A              
     e(  8 -  8) =     -2.73274  eV     1   --> A              
     e(  9 -  9) =     -2.52432  eV     1   --> A              
     e( 10 - 10) =     -1.08099  eV     1   --> A              
     e( 11 - 11) =     -0.70463  eV     1   --> A              
     e( 12 - 12) =      0.60357  eV     1   --> A              
     e( 13 - 13) =      3.78458  eV     1   --> A              
     e( 14 - 14) =      5.60319  eV     1   --> A              
     e( 15 - 15) =      6.38287  eV     1   --> A              
     e( 16 - 16) =      6.83851  eV     1   --> A              
     e( 17 - 17) =      7.28839  eV     1   --> A              
     e( 18 - 18) =      7.76391  eV     1   --> A              
     e( 19 - 19) =      9.52604  eV     1   --> A              
     e( 20 - 20) =     10.63999  eV     1   --> A              
     e( 21 - 21) =     12.61484  eV     1   --> A              
     e( 22 - 22) =     12.91971  eV     1   --> A              
     e( 23 - 23) =     13.32967  eV     1   --> A              
     e( 24 - 24) =     15.40767  eV     1   --> A              
     e( 25 - 25) =     16.20357  eV     1   --> A              
     e( 26 - 26) =     16.81380  eV     1   --> A              

 **************************************************************************

 **************************************************************************

                    xk=(   0.15000,   0.25981,   0.00000  )

     Band symmetry, C_1 (1)     point group:

     e(  1 -  1) =    -45.34273  eV     1   --> A              
     e(  2 -  2) =    -23.74893  eV     1   --> A              
     e(  3 -  3) =    -23.45265  eV     1   --> A              
     e(  4 -  4) =    -23.17578  eV     1   --> A              
     e(  5 -  5) =    -20.59432  eV     1   --> A              
     e(  6 -  6) =    -12.55871  eV     1   --> A              
     e(  7 -  7) =     -2.86856  eV     1   --> A              
     e(  8 -  8) =     -2.73976  eV     1   --> A              
     e(  9 -  9) =     -2.52128  eV     1   --> A              
     e( 10 - 10) =     -1.05894  eV     1   --> A              
     e( 11 - 11) =     -0.68564  eV     1   --> A              
     e( 12 - 12) =      0.63178  eV     1   --> A              
     e( 13 - 13) =      3.78541  eV     1   --> A              
     e( 14 - 14) =      5.59634  eV     1   --> A              
     e( 15 - 15) =      6.37063  eV     1   --> A              
     e( 16 - 16) =      6.81374  eV     1   --> A              
     e( 17 - 17) =      7.26476  eV     1   --> A              
     e( 18 - 18) =      7.72490  eV     1   --> A              
     e( 19 - 19) =      9.48804  eV     1   --> A              
     e( 20 - 20) =     10.60072  eV     1   --> A              
     e( 21 - 21) =     12.63016  eV     1   --> A              
     e( 22 - 22) =     12.92534  eV     1   --> A              
     e( 23 - 23) =     13.30194  eV     1   --> A              
     e( 24 - 24) =     15.44214  eV     1   --> A              
     e( 25 - 25) =     16.19979  eV     1   --> A              
     e( 26 - 26) =     16.89149  eV     1   --> A              

 **************************************************************************

 **************************************************************************

                    xk=(   0.14722,   0.25500,   0.00000  )

     Band symmetry, C_1 (1)     point group:

     e(  1 -  1) =    -45.34365  eV     1   --> A              
     e(  2 -  2) =    -23.75117  eV     1   --> A              
     e(  3 -  3) =    -23.44472  eV     1   --> A              
     e(  4 -  4) =    -23.17231  eV     1   --> A              
     e(  5 -  5) =    -20.59584  eV     1   --> A              
     e(  6 -  6) =    -12.57204  eV     1   --> A              
     e(  7 -  7) =     -2.86347  eV     1   --> A              
     e(  8 -  8) =     -2.74643  eV     1   --> A              
     e(  9 -  9) =     -2.51837  eV     1   --> A              
     e( 10 - 10) =     -1.04025  eV     1   --> A              
     e( 11 - 11) =     -0.66258  eV     1   --> A              
     e( 12 - 12) =      0.65958  eV     1   --> A              
     e( 13 - 13) =      3.78653  eV     1   --> A              
     e( 14 - 14) =      5.59009  eV     1   --> A              
     e( 15 - 15) =      6.35871  eV     1   --> A              
     e( 16 - 16) =      6.78712  eV     1   --> A              
     e( 17 - 17) =      7.24218  eV     1   --> A              
     e( 18 - 18) =      7.68731  eV     1   --> A              
     e( 19 - 19) =      9.44970  eV     1   --> A              
     e( 20 - 20) =     10.56162  eV     1   --> A              
     e( 21 - 21) =     12.64648  eV     1   --> A              
     e( 22 - 22) =     12.92417  eV     1   --> A              
     e( 23 - 23) =     13.28223  eV     1   --> A              
     e( 24 - 24) =     15.46825  eV     1   --> A              
     e( 25 - 25) =     16.20291  eV     1   --> A              
     e( 26 - 26) =     16.96555  eV     1   --> A              

 **************************************************************************

 **************************************************************************

                    xk=(   0.14444,   0.25019,   0.00000  )

     Band symmetry, C_1 (1)     point group:

     e(  1 -  1) =    -45.34458  eV     1   --> A              
     e(  2 -  2) =    -23.75352  eV     1   --> A              
     e(  3 -  3) =    -23.43656  eV     1   --> A              
     e(  4 -  4) =    -23.16891  eV     1   --> A              
     e(  5 -  5) =    -20.59740  eV     1   --> A              
     e(  6 -  6) =    -12.58529  eV     1   --> A              
     e(  7 -  7) =     -2.85893  eV     1   --> A              
     e(  8 -  8) =     -2.75255  eV     1   --> A              
     e(  9 -  9) =     -2.51556  eV     1   --> A              
     e( 10 - 10) =     -1.02498  eV     1   --> A              
     e( 11 - 11) =     -0.63541  eV     1   --> A              
     e( 12 - 12) =      0.68695  eV     1   --> A              
     e( 13 - 13) =      3.78794  eV     1   --> A              
     e( 14 - 14) =      5.58447  eV     1   --> A              
     e( 15 - 15) =      6.34712  eV     1   --> A              
     e( 16 - 16) =      6.75885  eV     1   --> A              
     e( 17 - 17) =      7.22065  eV     1   --> A              
     e( 18 - 18) =      7.65106  eV     1   --> A              
     e( 19 - 19) =      9.41105  eV     1   --> A              
     e( 20 - 20) =     10.52267  eV     1   --> A              
     e( 21 - 21) =     12.66348  eV     1   --> A              
     e( 22 - 22) =     12.91491  eV     1   --> A              
     e( 23 - 23) =     13.27215  eV     1   --> A              
     e( 24 - 24) =     15.48522  eV     1   --> A              
     e( 25 - 25) =     16.21384  eV     1   --> A              
     e( 26 - 26) =     17.03197  eV     1   --> A              

 **************************************************************************

 **************************************************************************

                    xk=(   0.14167,   0.24537,   0.00000  )

     Band symmetry, C_1 (1)     point group:

     e(  1 -  1) =    -45.34550  eV     1   --> A              
     e(  2 -  2) =    -23.75597  eV     1   --> A              
     e(  3 -  3) =    -23.42821  eV     1   --> A              
     e(  4 -  4) =    -23.16558  eV     1   --> A              
     e(  5 -  5) =    -20.59899  eV     1   --> A              
     e(  6 -  6) =    -12.59846  eV     1   --> A              
     e(  7 -  7) =     -2.85522  eV     1   --> A              
     e(  8 -  8) =     -2.75786  eV     1   --> A              
     e(  9 -  9) =     -2.51288  eV     1   --> A              
     e( 10 - 10) =     -1.01296  eV     1   --> A              
     e( 11 - 11) =     -0.60435  eV     1   --> A              
     e( 12 - 12) =      0.71388  eV     1   --> A              
     e( 13 - 13) =      3.78959  eV     1   --> A              
     e( 14 - 14) =      5.57947  eV     1   --> A              
     e( 15 - 15) =      6.33586  eV     1   --> A              
     e( 16 - 16) =      6.72911  eV     1   --> A              
     e( 17 - 17) =      7.20008  eV     1   --> A              
     e( 18 - 18) =      7.61604  eV     1   --> A              
     e( 19 - 19) =      9.37211  eV     1   --> A              
     e( 20 - 20) =     10.48386  eV     1   --> A              
     e( 21 - 21) =     12.68058  eV     1   --> A              
     e( 22 - 22) =     12.89773  eV     1   --> A              
     e( 23 - 23) =     13.27208  eV     1   --> A              
     e( 24 - 24) =     15.49291  eV     1   --> A              
     e( 25 - 25) =     16.23275  eV     1   --> A              
     e( 26 - 26) =     17.07488  eV     1   --> A              

 **************************************************************************

 **************************************************************************

                    xk=(   0.13889,   0.24056,   0.00000  )

     Band symmetry, C_1 (1)     point group:

     e(  1 -  1) =    -45.34642  eV     1   --> A              
     e(  2 -  2) =    -23.75851  eV     1   --> A              
     e(  3 -  3) =    -23.41967  eV     1   --> A              
     e(  4 -  4) =    -23.16233  eV     1   --> A              
     e(  5 -  5) =    -20.60063  eV     1   --> A              
     e(  6 -  6) =    -12.61153  eV     1   --> A              
     e(  7 -  7) =     -2.85267  eV     1   --> A              
     e(  8 -  8) =     -2.76202  eV     1   --> A              
     e(  9 -  9) =     -2.51033  eV     1   --> A              
     e( 10 - 10) =     -1.00385  eV     1   --> A              
     e( 11 - 11) =     -0.56975  eV     1   --> A              
     e( 12 - 12) =      0.74036  eV     1   --> A              
     e( 13 - 13) =      3.79146  eV     1   --> A              
     e( 14 - 14) =      5.57510  eV     1   --> A              
     e( 15 - 15) =      6.32493  eV     1   --> A              
     e( 16 - 16) =      6.69817  eV     1   --> A              
     e( 17 - 17) =      7.18037  eV     1   --> A              
     e( 18 - 18) =      7.58220  eV     1   --> A              
     e( 19 - 19) =      9.33291  eV     1   --> A              
     e( 20 - 20) =     10.44515  eV     1   --> A              
     e( 21 - 21) =     12.69647  eV     1   --> A              
     e( 22 - 22) =     12.87495  eV     1   --> A              
     e( 23 - 23) =     13.28105  eV     1   --> A              
     e( 24 - 24) =     15.49185  eV     1   --> A              
     e( 25 - 25) =     16.25907  eV     1   --> A              
     e( 26 - 26) =     17.05461  eV     1   --> A              

 **************************************************************************

 **************************************************************************

                    xk=(   0.13611,   0.23575,   0.00000  )

     Band symmetry, C_1 (1)     point group:

     e(  1 -  1) =    -45.34734  eV     1   --> A              
     e(  2 -  2) =    -23.76113  eV     1   --> A              
     e(  3 -  3) =    -23.41097  eV     1   --> A              
     e(  4 -  4) =    -23.15914  eV     1   --> A              
     e(  5 -  5) =    -20.60230  eV     1   --> A              
     e(  6 -  6) =    -12.62450  eV     1   --> A              
     e(  7 -  7) =     -2.85161  eV     1   --> A              
     e(  8 -  8) =     -2.76467  eV     1   --> A              
     e(  9 -  9) =     -2.50789  eV     1   --> A              
     e( 10 - 10) =     -0.99727  eV     1   --> A              
     e( 11 - 11) =     -0.53205  eV     1   --> A              
     e( 12 - 12) =      0.76638  eV     1   --> A              
     e( 13 - 13) =      3.79352  eV     1   --> A              
     e( 14 - 14) =      5.57138  eV     1   --> A              
     e( 15 - 15) =      6.31434  eV     1   --> A              
     e( 16 - 16) =      6.66628  eV     1   --> A              
     e( 17 - 17) =      7.16142  eV     1   --> A              
     e( 18 - 18) =      7.54946  eV     1   --> A              
     e( 19 - 19) =      9.29349  eV     1   --> A              
     e( 20 - 20) =     10.40653  eV     1   --> A              
     e( 21 - 21) =     12.70796  eV     1   --> A              
     e( 22 - 22) =     12.85143  eV     1   --> A              
     e( 23 - 23) =     13.29733  eV     1   --> A              
     e( 24 - 24) =     15.48309  eV     1   --> A              
     e( 25 - 25) =     16.29148  eV     1   --> A              
     e( 26 - 26) =     16.99021  eV     1   --> A              

 **************************************************************************

 **************************************************************************

                    xk=(   0.13333,   0.23094,   0.00000  )

     Band symmetry, C_1 (1)     point group:

     e(  1 -  1) =    -45.34826  eV     1   --> A              
     e(  2 -  2) =    -23.76381  eV     1   --> A              
     e(  3 -  3) =    -23.40212  eV     1   --> A              
     e(  4 -  4) =    -23.15602  eV     1   --> A              
     e(  5 -  5) =    -20.60401  eV     1   --> A              
     e(  6 -  6) =    -12.63736  eV     1   --> A              
     e(  7 -  7) =     -2.85232  eV     1   --> A              
     e(  8 -  8) =     -2.76554  eV     1   --> A              
     e(  9 -  9) =     -2.50556  eV     1   --> A              
     e( 10 - 10) =     -0.99279  eV     1   --> A              
     e( 11 - 11) =     -0.49169  eV     1   --> A              
     e( 12 - 12) =      0.79194  eV     1   --> A              
     e( 13 - 13) =      3.79574  eV     1   --> A              
     e( 14 - 14) =      5.56831  eV     1   --> A              
     e( 15 - 15) =      6.30410  eV     1   --> A              
     e( 16 - 16) =      6.63370  eV     1   --> A              
     e( 17 - 17) =      7.14309  eV     1   --> A              
     e( 18 - 18) =      7.51776  eV     1   --> A              
     e( 19 - 19) =      9.25387  eV     1   --> A              
     e( 20 - 20) =     10.36798  eV     1   --> A              
     e( 21 - 21) =     12.70828  eV     1   --> A              
     e( 22 - 22) =     12.83567  eV     1   --> A              
     e( 23 - 23) =     13.31921  eV     1   --> A              
     e( 24 - 24) =     15.46796  eV     1   --> A              
     e( 25 - 25) =     16.32810  eV     1   --> A              
     e( 26 - 26) =     16.91619  eV     1   --> A              

 **************************************************************************

 **************************************************************************

                    xk=(   0.13056,   0.22613,   0.00000  )

     Band symmetry, C_1 (1)     point group:

     e(  1 -  1) =    -45.34917  eV     1   --> A              
     e(  2 -  2) =    -23.76655  eV     1   --> A              
     e(  3 -  3) =    -23.39315  eV     1   --> A              
     e(  4 -  4) =    -23.15298  eV     1   --> A              
     e(  5 -  5) =    -20.60576  eV     1   --> A              
     e(  6 -  6) =    -12.65010  eV     1   --> A              
     e(  7 -  7) =     -2.85488  eV     1   --> A              
     e(  8 -  8) =     -2.76456  eV     1   --> A              
     e(  9 -  9) =     -2.50335  eV     1   --> A              
     e( 10 - 10) =     -0.99004  eV     1   --> A              
     e( 11 - 11) =     -0.44908  eV     1   --> A              
     e( 12 - 12) =      0.81703  eV     1   --> A              
     e( 13 - 13) =      3.79808  eV     1   --> A              
     e( 14 - 14) =      5.56590  eV     1   --> A              
     e( 15 - 15) =      6.29420  eV     1   --> A              
     e( 16 - 16) =      6.60066  eV     1   --> A              
     e( 17 - 17) =      7.12526  eV     1   --> A              
     e( 18 - 18) =      7.48704  eV     1   --> A              
     e( 19 - 19) =      9.21409  eV     1   --> A              
     e( 20 - 20) =     10.32948  eV     1   --> A              
     e( 21 - 21) =     12.69056  eV     1   --> A              
     e( 22 - 22) =     12.83588  eV     1   --> A              
     e( 23 - 23) =     13.34530  eV     1   --> A              
     e( 24 - 24) =     15.44779  eV     1   --> A              
     e( 25 - 25) =     16.36635  eV     1   --> A              
     e( 26 - 26) =     16.84232  eV     1   --> A              

 **************************************************************************

 **************************************************************************

                    xk=(   0.12778,   0.22132,   0.00000  )

     Band symmetry, C_1 (1)     point group:

     e(  1 -  1) =    -45.35007  eV     1   --> A              
     e(  2 -  2) =    -23.76935  eV     1   --> A              
     e(  3 -  3) =    -23.38406  eV     1   --> A              
     e(  4 -  4) =    -23.15000  eV     1   --> A              
     e(  5 -  5) =    -20.60754  eV     1   --> A              
     e(  6 -  6) =    -12.66271  eV     1   --> A              
     e(  7 -  7) =     -2.85914  eV     1   --> A              
     e(  8 -  8) =     -2.76187  eV     1   --> A              
     e(  9 -  9) =     -2.50125  eV     1   --> A              
     e( 10 - 10) =     -0.98870  eV     1   --> A              
     e( 11 - 11) =     -0.40459  eV     1   --> A              
     e( 12 - 12) =      0.84163  eV     1   --> A              
     e( 13 - 13) =      3.80051  eV     1   --> A              
     e( 14 - 14) =      5.56414  eV     1   --> A              
     e( 15 - 15) =      6.28464  eV     1   --> A              
     e( 16 - 16) =      6.56738  eV     1   --> A              
     e( 17 - 17) =      7.10783  eV     1   --> A              
     e( 18 - 18) =      7.45726  eV     1   --> A              
     e( 19 - 19) =      9.17419  eV     1   --> A              
     e( 20 - 20) =     10.29100  eV     1   --> A              
     e( 21 - 21) =     12.65768  eV     1   --> A              
     e( 22 - 22) =     12.85019  eV     1   --> A              
     e( 23 - 23) =     13.37459  eV     1   --> A              
     e( 24 - 24) =     15.42377  eV     1   --> A              
     e( 25 - 25) =     16.40215  eV     1   --> A              
     e( 26 - 26) =     16.77385  eV     1   --> A              

 **************************************************************************

 **************************************************************************

                    xk=(   0.12500,   0.21651,   0.00000  )

     Band symmetry, C_1 (1)     point group:

     e(  1 -  1) =    -45.35097  eV     1   --> A              
     e(  2 -  2) =    -23.77218  eV     1   --> A              
     e(  3 -  3) =    -23.37487  eV     1   --> A              
     e(  4 -  4) =    -23.14710  eV     1   --> A              
     e(  5 -  5) =    -20.60936  eV     1   --> A              
     e(  6 -  6) =    -12.67518  eV     1   --> A              
     e(  7 -  7) =     -2.86481  eV     1   --> A              
     e(  8 -  8) =     -2.75773  eV     1   --> A              
     e(  9 -  9) =     -2.49926  eV     1   --> A              
     e( 10 - 10) =     -0.98851  eV     1   --> A              
     e( 11 - 11) =     -0.35851  eV     1   --> A              
     e( 12 - 12) =      0.86574  eV     1   --> A              
     e( 13 - 13) =      3.80300  eV     1   --> A              
     e( 14 - 14) =      5.56305  eV     1   --> A              
     e( 15 - 15) =      6.27542  eV     1   --> A              
     e( 16 - 16) =      6.53407  eV     1   --> A              
     e( 17 - 17) =      7.09069  eV     1   --> A              
     e( 18 - 18) =      7.42837  eV     1   --> A              
     e( 19 - 19) =      9.13420  eV     1   --> A              
     e( 20 - 20) =     10.25253  eV     1   --> A              
     e( 21 - 21) =     12.61652  eV     1   --> A              
     e( 22 - 22) =     12.87241  eV     1   --> A              
     e( 23 - 23) =     13.40635  eV     1   --> A              
     e( 24 - 24) =     15.39692  eV     1   --> A              
     e( 25 - 25) =     16.42772  eV     1   --> A              
     e( 26 - 26) =     16.71853  eV     1   --> A              

 **************************************************************************

 **************************************************************************

                    xk=(   0.12222,   0.21170,   0.00000  )

     Band symmetry, C_1 (1)     point group:

     e(  1 -  1) =    -45.35187  eV     1   --> A              
     e(  2 -  2) =    -23.77505  eV     1   --> A              
     e(  3 -  3) =    -23.36560  eV     1   --> A              
     e(  4 -  4) =    -23.14427  eV     1   --> A              
     e(  5 -  5) =    -20.61121  eV     1   --> A              
     e(  6 -  6) =    -12.68751  eV     1   --> A              
     e(  7 -  7) =     -2.87158  eV     1   --> A              
     e(  8 -  8) =     -2.75248  eV     1   --> A              
     e(  9 -  9) =     -2.49739  eV     1   --> A              
     e( 10 - 10) =     -0.98924  eV     1   --> A              
     e( 11 - 11) =     -0.31111  eV     1   --> A              
     e( 12 - 12) =      0.88935  eV     1   --> A              
     e( 13 - 13) =      3.80552  eV     1   --> A              
     e( 14 - 14) =      5.56261  eV     1   --> A              
     e( 15 - 15) =      6.26653  eV     1   --> A              
     e( 16 - 16) =      6.50091  eV     1   --> A              
     e( 17 - 17) =      7.07376  eV     1   --> A              
     e( 18 - 18) =      7.40035  eV     1   --> A              
     e( 19 - 19) =      9.09417  eV     1   --> A              
     e( 20 - 20) =     10.21403  eV     1   --> A              
     e( 21 - 21) =     12.57108  eV     1   --> A              
     e( 22 - 22) =     12.89901  eV     1   --> A              
     e( 23 - 23) =     13.44005  eV     1   --> A              
     e( 24 - 24) =     15.36806  eV     1   --> A              
     e( 25 - 25) =     16.42950  eV     1   --> A              
     e( 26 - 26) =     16.68962  eV     1   --> A              

 **************************************************************************

 **************************************************************************

                    xk=(   0.11944,   0.20688,   0.00000  )

     Band symmetry, C_1 (1)     point group:

     e(  1 -  1) =    -45.35275  eV     1   --> A              
     e(  2 -  2) =    -23.77794  eV     1   --> A              
     e(  3 -  3) =    -23.35626  eV     1   --> A              
     e(  4 -  4) =    -23.14150  eV     1   --> A              
     e(  5 -  5) =    -20.61309  eV     1   --> A              
     e(  6 -  6) =    -12.69967  eV     1   --> A              
     e(  7 -  7) =     -2.87917  eV     1   --> A              
     e(  8 -  8) =     -2.74637  eV     1   --> A              
     e(  9 -  9) =     -2.49560  eV     1   --> A              
     e( 10 - 10) =     -0.99073  eV     1   --> A              
     e( 11 - 11) =     -0.26259  eV     1   --> A              
     e( 12 - 12) =      0.91246  eV     1   --> A              
     e( 13 - 13) =      3.80804  eV     1   --> A              
     e( 14 - 14) =      5.56284  eV     1   --> A              
     e( 15 - 15) =      6.25799  eV     1   --> A              
     e( 16 - 16) =      6.46805  eV     1   --> A              
     e( 17 - 17) =      7.05699  eV     1   --> A              
     e( 18 - 18) =      7.37316  eV     1   --> A              
     e( 19 - 19) =      9.05413  eV     1   --> A              
     e( 20 - 20) =     10.17550  eV     1   --> A              
     e( 21 - 21) =     12.52326  eV     1   --> A              
     e( 22 - 22) =     12.92848  eV     1   --> A              
     e( 23 - 23) =     13.47531  eV     1   --> A              
     e( 24 - 24) =     15.33785  eV     1   --> A              
     e( 25 - 25) =     16.39875  eV     1   --> A              
     e( 26 - 26) =     16.69553  eV     1   --> A              

 **************************************************************************

 **************************************************************************

                    xk=(   0.11667,   0.20207,   0.00000  )

     Band symmetry, C_1 (1)     point group:

     e(  1 -  1) =    -45.35362  eV     1   --> A              
     e(  2 -  2) =    -23.78084  eV     1   --> A              
     e(  3 -  3) =    -23.34687  eV     1   --> A              
     e(  4 -  4) =    -23.13880  eV     1   --> A              
     e(  5 -  5) =    -20.61499  eV     1   --> A              
     e(  6 -  6) =    -12.71167  eV     1   --> A              
     e(  7 -  7) =     -2.88736  eV     1   --> A              
     e(  8 -  8) =     -2.73959  eV     1   --> A              
     e(  9 -  9) =     -2.49390  eV     1   --> A              
     e( 10 - 10) =     -0.99283  eV     1   --> A              
     e( 11 - 11) =     -0.21314  eV     1   --> A              
     e( 12 - 12) =      0.93505  eV     1   --> A              
     e( 13 - 13) =      3.81053  eV     1   --> A              
     e( 14 - 14) =      5.56374  eV     1   --> A              
     e( 15 - 15) =      6.24978  eV     1   --> A              
     e( 16 - 16) =      6.43565  eV     1   --> A              
     e( 17 - 17) =      7.04031  eV     1   --> A              
     e( 18 - 18) =      7.34678  eV     1   --> A              
     e( 19 - 19) =      9.01413  eV     1   --> A              
     e( 20 - 20) =     10.13692  eV     1   --> A              
     e( 21 - 21) =     12.47401  eV     1   --> A              
     e( 22 - 22) =     12.96010  eV     1   --> A              
     e( 23 - 23) =     13.51181  eV     1   --> A              
     e( 24 - 24) =     15.30682  eV     1   --> A              
     e( 25 - 25) =     16.34495  eV     1   --> A              
     e( 26 - 26) =     16.72650  eV     1   --> A              

 **************************************************************************

 **************************************************************************

                    xk=(   0.11389,   0.19726,   0.00000  )

     Band symmetry, C_1 (1)     point group:

     e(  1 -  1) =    -45.35449  eV     1   --> A              
     e(  2 -  2) =    -23.78376  eV     1   --> A              
     e(  3 -  3) =    -23.33744  eV     1   --> A              
     e(  4 -  4) =    -23.13618  eV     1   --> A              
     e(  5 -  5) =    -20.61693  eV     1   --> A              
     e(  6 -  6) =    -12.72350  eV     1   --> A              
     e(  7 -  7) =     -2.89600  eV     1   --> A              
     e(  8 -  8) =     -2.73233  eV     1   --> A              
     e(  9 -  9) =     -2.49233  eV     1   --> A              
     e( 10 - 10) =     -0.99545  eV     1   --> A              
     e( 11 - 11) =     -0.16290  eV     1   --> A              
     e( 12 - 12) =      0.95713  eV     1   --> A              
     e( 13 - 13) =      3.81295  eV     1   --> A              
     e( 14 - 14) =      5.56528  eV     1   --> A              
     e( 15 - 15) =      6.24188  eV     1   --> A              
     e( 16 - 16) =      6.40380  eV     1   --> A              
     e( 17 - 17) =      7.02369  eV     1   --> A              
     e( 18 - 18) =      7.32119  eV     1   --> A              
     e( 19 - 19) =      8.97421  eV     1   --> A              
     e( 20 - 20) =     10.09825  eV     1   --> A              
     e( 21 - 21) =     12.42390  eV     1   --> A              
     e( 22 - 22) =     12.99352  eV     1   --> A              
     e( 23 - 23) =     13.54928  eV     1   --> A              
     e( 24 - 24) =     15.27542  eV     1   --> A              
     e( 25 - 25) =     16.28061  eV     1   --> A              
     e( 26 - 26) =     16.76977  eV     1   --> A              

 **************************************************************************

 **************************************************************************

                    xk=(   0.11111,   0.19245,   0.00000  )

     Band symmetry, C_1 (1)     point group:

     e(  1 -  1) =    -45.35535  eV     1   --> A              
     e(  2 -  2) =    -23.78667  eV     1   --> A              
     e(  3 -  3) =    -23.32800  eV     1   --> A              
     e(  4 -  4) =    -23.13362  eV     1   --> A              
     e(  5 -  5) =    -20.61889  eV     1   --> A              
     e(  6 -  6) =    -12.73515  eV     1   --> A              
     e(  7 -  7) =     -2.90497  eV     1   --> A              
     e(  8 -  8) =     -2.72472  eV     1   --> A              
     e(  9 -  9) =     -2.49086  eV     1   --> A              
     e( 10 - 10) =     -0.99849  eV     1   --> A              
     e( 11 - 11) =     -0.11201  eV     1   --> A              
     e( 12 - 12) =      0.97869  eV     1   --> A              
     e( 13 - 13) =      3.81528  eV     1   --> A              
     e( 14 - 14) =      5.56745  eV     1   --> A              
     e( 15 - 15) =      6.23428  eV     1   --> A              
     e( 16 - 16) =      6.37262  eV     1   --> A              
     e( 17 - 17) =      7.00711  eV     1   --> A              
     e( 18 - 18) =      7.29636  eV     1   --> A              
     e( 19 - 19) =      8.93441  eV     1   --> A              
     e( 20 - 20) =     10.05949  eV     1   --> A              
     e( 21 - 21) =     12.37327  eV     1   --> A              
     e( 22 - 22) =     13.02853  eV     1   --> A              
     e( 23 - 23) =     13.58752  eV     1   --> A              
     e( 24 - 24) =     15.24401  eV     1   --> A              
     e( 25 - 25) =     16.21218  eV     1   --> A              
     e( 26 - 26) =     16.81868  eV     1   --> A              

 **************************************************************************

 **************************************************************************

                    xk=(   0.10833,   0.18764,   0.00000  )

     Band symmetry, C_1 (1)     point group:

     e(  1 -  1) =    -45.35620  eV     1   --> A              
     e(  2 -  2) =    -23.78959  eV     1   --> A              
     e(  3 -  3) =    -23.31855  eV     1   --> A              
     e(  4 -  4) =    -23.13114  eV     1   --> A              
     e(  5 -  5) =    -20.62087  eV     1   --> A              
     e(  6 -  6) =    -12.74661  eV     1   --> A              
     e(  7 -  7) =     -2.91417  eV     1   --> A              
     e(  8 -  8) =     -2.71682  eV     1   --> A              
     e(  9 -  9) =     -2.48948  eV     1   --> A              
     e( 10 - 10) =     -1.00188  eV     1   --> A              
     e( 11 - 11) =     -0.06058  eV     1   --> A              
     e( 12 - 12) =      0.99972  eV     1   --> A              
     e( 13 - 13) =      3.81749  eV     1   --> A              
     e( 14 - 14) =      5.57026  eV     1   --> A              
     e( 15 - 15) =      6.22698  eV     1   --> A              
     e( 16 - 16) =      6.34220  eV     1   --> A              
     e( 17 - 17) =      6.99057  eV     1   --> A              
     e( 18 - 18) =      7.27228  eV     1   --> A              
     e( 19 - 19) =      8.89477  eV     1   --> A              
     e( 20 - 20) =     10.02063  eV     1   --> A              
     e( 21 - 21) =     12.32241  eV     1   --> A              
     e( 22 - 22) =     13.06500  eV     1   --> A              
     e( 23 - 23) =     13.62629  eV     1   --> A              
     e( 24 - 24) =     15.21291  eV     1   --> A              
     e( 25 - 25) =     16.14250  eV     1   --> A              
     e( 26 - 26) =     16.87020  eV     1   --> A              

 **************************************************************************

 **************************************************************************

                    xk=(   0.10556,   0.18283,   0.00000  )

     Band symmetry, C_1 (1)     point group:

     e(  1 -  1) =    -45.35704  eV     1   --> A              
     e(  2 -  2) =    -23.79249  eV     1   --> A              
     e(  3 -  3) =    -23.30912  eV     1   --> A              
     e(  4 -  4) =    -23.12873  eV     1   --> A              
     e(  5 -  5) =    -20.62288  eV     1   --> A              
     e(  6 -  6) =    -12.75788  eV     1   --> A              
     e(  7 -  7) =     -2.92355  eV     1   --> A              
     e(  8 -  8) =     -2.70870  eV     1   --> A              
     e(  9 -  9) =     -2.48820  eV     1   --> A              
     e( 10 - 10) =     -1.00556  eV     1   --> A              
     e( 11 - 11) =     -0.00873  eV     1   --> A              
     e( 12 - 12) =      1.02022  eV     1   --> A              
     e( 13 - 13) =      3.81955  eV     1   --> A              
     e( 14 - 14) =      5.57367  eV     1   --> A              
     e( 15 - 15) =      6.21995  eV     1   --> A              
     e( 16 - 16) =      6.31259  eV     1   --> A              
     e( 17 - 17) =      6.97407  eV     1   --> A              
     e( 18 - 18) =      7.24893  eV     1   --> A              
     e( 19 - 19) =      8.85535  eV     1   --> A              
     e( 20 - 20) =      9.98165  eV     1   --> A              
     e( 21 - 21) =     12.27151  eV     1   --> A              
     e( 22 - 22) =     13.10283  eV     1   --> A              
     e( 23 - 23) =     13.66538  eV     1   --> A              
     e( 24 - 24) =     15.18238  eV     1   --> A              
     e( 25 - 25) =     16.07291  eV     1   --> A              
     e( 26 - 26) =     16.92285  eV     1   --> A              

 **************************************************************************

 **************************************************************************

                    xk=(   0.10278,   0.17802,   0.00000  )

     Band symmetry, C_1 (1)     point group:

     e(  1 -  1) =    -45.35786  eV     1   --> A              
     e(  2 -  2) =    -23.79538  eV     1   --> A              
     e(  3 -  3) =    -23.29971  eV     1   --> A              
     e(  4 -  4) =    -23.12639  eV     1   --> A              
     e(  5 -  5) =    -20.62490  eV     1   --> A              
     e(  6 -  6) =    -12.76894  eV     1   --> A              
     e(  7 -  7) =     -2.93304  eV     1   --> A              
     e(  8 -  8) =     -2.70041  eV     1   --> A              
     e(  9 -  9) =     -2.48701  eV     1   --> A              
     e( 10 - 10) =     -1.00948  eV     1   --> A              
     e( 11 - 11) =      0.04346  eV     1   --> A              
     e( 12 - 12) =      1.04018  eV     1   --> A              
     e( 13 - 13) =      3.82144  eV     1   --> A              
     e( 14 - 14) =      5.57769  eV     1   --> A              
     e( 15 - 15) =      6.21317  eV     1   --> A              
     e( 16 - 16) =      6.28387  eV     1   --> A              
     e( 17 - 17) =      6.95765  eV     1   --> A              
     e( 18 - 18) =      7.22629  eV     1   --> A              
     e( 19 - 19) =      8.81618  eV     1   --> A              
     e( 20 - 20) =      9.94253  eV     1   --> A              
     e( 21 - 21) =     12.22074  eV     1   --> A              
     e( 22 - 22) =     13.14196  eV     1   --> A              
     e( 23 - 23) =     13.70460  eV     1   --> A              
     e( 24 - 24) =     15.15269  eV     1   --> A              
     e( 25 - 25) =     16.00411  eV     1   --> A              
     e( 26 - 26) =     16.97580  eV     1   --> A              

 **************************************************************************

 **************************************************************************

                    xk=(   0.10000,   0.17321,   0.00000  )

     Band symmetry, C_1 (1)     point group:

     e(  1 -  1) =    -45.35868  eV     1   --> A              
     e(  2 -  2) =    -23.79825  eV     1   --> A              
     e(  3 -  3) =    -23.29035  eV     1   --> A              
     e(  4 -  4) =    -23.12411  eV     1   --> A              
     e(  5 -  5) =    -20.62694  eV     1   --> A              
     e(  6 -  6) =    -12.77980  eV     1   --> A              
     e(  7 -  7) =     -2.94262  eV     1   --> A              
     e(  8 -  8) =     -2.69201  eV     1   --> A              
     e(  9 -  9) =     -2.48592  eV     1   --> A              
     e( 10 - 10) =     -1.01361  eV     1   --> A              
     e( 11 - 11) =      0.09588  eV     1   --> A              
     e( 12 - 12) =      1.05960  eV     1   --> A              
     e( 13 - 13) =      3.82314  eV     1   --> A              
     e( 14 - 14) =      5.58228  eV     1   --> A              
     e( 15 - 15) =      6.20660  eV     1   --> A              
     e( 16 - 16) =      6.25608  eV     1   --> A              
     e( 17 - 17) =      6.94132  eV     1   --> A              
     e( 18 - 18) =      7.20435  eV     1   --> A              
     e( 19 - 19) =      8.77731  eV     1   --> A              
     e( 20 - 20) =      9.90327  eV     1   --> A              
     e( 21 - 21) =     12.17025  eV     1   --> A              
     e( 22 - 22) =     13.18232  eV     1   --> A              
     e( 23 - 23) =     13.74372  eV     1   --> A              
     e( 24 - 24) =     15.12408  eV     1   --> A              
     e( 25 - 25) =     15.93650  eV     1   --> A              
     e( 26 - 26) =     17.02853  eV     1   --> A              

 **************************************************************************

 **************************************************************************

                    xk=(   0.09722,   0.16839,   0.00000  )

     Band symmetry, C_1 (1)     point group:

     e(  1 -  1) =    -45.35948  eV     1   --> A              
     e(  2 -  2) =    -23.80110  eV     1   --> A              
     e(  3 -  3) =    -23.28103  eV     1   --> A              
     e(  4 -  4) =    -23.12191  eV     1   --> A              
     e(  5 -  5) =    -20.62899  eV     1   --> A              
     e(  6 -  6) =    -12.79043  eV     1   --> A              
     e(  7 -  7) =     -2.95222  eV     1   --> A              
     e(  8 -  8) =     -2.68347  eV     1   --> A              
     e(  9 -  9) =     -2.48490  eV     1   --> A              
     e( 10 - 10) =     -1.01790  eV     1   --> A              
     e( 11 - 11) =      0.14846  eV     1   --> A              
     e( 12 - 12) =      1.07848  eV     1   --> A              
     e( 13 - 13) =      3.82464  eV     1   --> A              
     e( 14 - 14) =      5.58745  eV     1   --> A              
     e( 15 - 15) =      6.20023  eV     1   --> A              
     e( 16 - 16) =      6.22928  eV     1   --> A              
     e( 17 - 17) =      6.92516  eV     1   --> A              
     e( 18 - 18) =      7.18309  eV     1   --> A              
     e( 19 - 19) =      8.73880  eV     1   --> A              
     e( 20 - 20) =      9.86387  eV     1   --> A              
     e( 21 - 21) =     12.12017  eV     1   --> A              
     e( 22 - 22) =     13.22386  eV     1   --> A              
     e( 23 - 23) =     13.78251  eV     1   --> A              
     e( 24 - 24) =     15.09677  eV     1   --> A              
     e( 25 - 25) =     15.87035  eV     1   --> A              
     e( 26 - 26) =     17.08067  eV     1   --> A              

 **************************************************************************

 **************************************************************************

                    xk=(   0.09444,   0.16358,   0.00000  )

     Band symmetry, C_1 (1)     point group:

     e(  1 -  1) =    -45.36027  eV     1   --> A              
     e(  2 -  2) =    -23.80391  eV     1   --> A              
     e(  3 -  3) =    -23.27178  eV     1   --> A              
     e(  4 -  4) =    -23.11977  eV     1   --> A              
     e(  5 -  5) =    -20.63105  eV     1   --> A              
     e(  6 -  6) =    -12.80084  eV     1   --> A              
     e(  7 -  7) =     -2.96183  eV     1   --> A              
     e(  8 -  8) =     -2.67487  eV     1   --> A              
     e(  9 -  9) =     -2.48395  eV     1   --> A              
     e( 10 - 10) =     -1.02233  eV     1   --> A              
     e( 11 - 11) =      0.20110  eV     1   --> A              
     e( 12 - 12) =      1.09681  eV     1   --> A              
     e( 13 - 13) =      3.82591  eV     1   --> A              
     e( 14 - 14) =      5.59314  eV     1   --> A              
     e( 15 - 15) =      6.19396  eV     1   --> A              
     e( 16 - 16) =      6.20353  eV     1   --> A              
     e( 17 - 17) =      6.90920  eV     1   --> A              
     e( 18 - 18) =      7.16251  eV     1   --> A              
     e( 19 - 19) =      8.70068  eV     1   --> A              
     e( 20 - 20) =      9.82433  eV     1   --> A              
     e( 21 - 21) =     12.07062  eV     1   --> A              
     e( 22 - 22) =     13.26652  eV     1   --> A              
     e( 23 - 23) =     13.82070  eV     1   --> A              
     e( 24 - 24) =     15.07100  eV     1   --> A              
     e( 25 - 25) =     15.80582  eV     1   --> A              
     e( 26 - 26) =     17.13194  eV     1   --> A              

 **************************************************************************

 **************************************************************************

                    xk=(   0.09167,   0.15877,   0.00000  )

     Band symmetry, C_1 (1)     point group:

     e(  1 -  1) =    -45.36104  eV     1   --> A              
     e(  2 -  2) =    -23.80669  eV     1   --> A              
     e(  3 -  3) =    -23.26261  eV     1   --> A              
     e(  4 -  4) =    -23.11770  eV     1   --> A              
     e(  5 -  5) =    -20.63311  eV     1   --> A              
     e(  6 -  6) =    -12.81103  eV     1   --> A              
     e(  7 -  7) =     -2.97142  eV     1   --> A              
     e(  8 -  8) =     -2.66622  eV     1   --> A              
     e(  9 -  9) =     -2.48309  eV     1   --> A              
     e( 10 - 10) =     -1.02688  eV     1   --> A              
     e( 11 - 11) =      0.25374  eV     1   --> A              
     e( 12 - 12) =      1.11459  eV     1   --> A              
     e( 13 - 13) =      3.82695  eV     1   --> A              
     e( 14 - 14) =      5.59933  eV     1   --> A              
     e( 15 - 15) =      6.17852  eV     1   --> A              
     e( 16 - 16) =      6.18810  eV     1   --> A              
     e( 17 - 17) =      6.89352  eV     1   --> A              
     e( 18 - 18) =      7.14257  eV     1   --> A              
     e( 19 - 19) =      8.66300  eV     1   --> A              
     e( 20 - 20) =      9.78465  eV     1   --> A              
     e( 21 - 21) =     12.02170  eV     1   --> A              
     e( 22 - 22) =     13.31025  eV     1   --> A              
     e( 23 - 23) =     13.85803  eV     1   --> A              
     e( 24 - 24) =     15.04702  eV     1   --> A              
     e( 25 - 25) =     15.74305  eV     1   --> A              
     e( 26 - 26) =     17.18212  eV     1   --> A              

 **************************************************************************

 **************************************************************************

                    xk=(   0.08889,   0.15396,   0.00000  )

     Band symmetry, C_1 (1)     point group:

     e(  1 -  1) =    -45.36180  eV     1   --> A              
     e(  2 -  2) =    -23.80943  eV     1   --> A              
     e(  3 -  3) =    -23.25354  eV     1   --> A              
     e(  4 -  4) =    -23.11570  eV     1   --> A              
     e(  5 -  5) =    -20.63518  eV     1   --> A              
     e(  6 -  6) =    -12.82097  eV     1   --> A              
     e(  7 -  7) =     -2.98096  eV     1   --> A              
     e(  8 -  8) =     -2.65755  eV     1   --> A              
     e(  9 -  9) =     -2.48231  eV     1   --> A              
     e( 10 - 10) =     -1.03151  eV     1   --> A              
     e( 11 - 11) =      0.30627  eV     1   --> A              
     e( 12 - 12) =      1.13182  eV     1   --> A              
     e( 13 - 13) =      3.82775  eV     1   --> A              
     e( 14 - 14) =      5.60601  eV     1   --> A              
     e( 15 - 15) =      6.15482  eV     1   --> A              
     e( 16 - 16) =      6.18203  eV     1   --> A              
     e( 17 - 17) =      6.87821  eV     1   --> A              
     e( 18 - 18) =      7.12326  eV     1   --> A              
     e( 19 - 19) =      8.62581  eV     1   --> A              
     e( 20 - 20) =      9.74484  eV     1   --> A              
     e( 21 - 21) =     11.97352  eV     1   --> A              
     e( 22 - 22) =     13.35500  eV     1   --> A              
     e( 23 - 23) =     13.89421  eV     1   --> A              
     e( 24 - 24) =     15.02506  eV     1   --> A              
     e( 25 - 25) =     15.68215  eV     1   --> A              
     e( 26 - 26) =     17.23102  eV     1   --> A              

 **************************************************************************

 **************************************************************************

                    xk=(   0.08611,   0.14915,   0.00000  )

     Band symmetry, C_1 (1)     point group:

     e(  1 -  1) =    -45.36254  eV     1   --> A              
     e(  2 -  2) =    -23.81212  eV     1   --> A              
     e(  3 -  3) =    -23.24457  eV     1   --> A              
     e(  4 -  4) =    -23.11376  eV     1   --> A              
     e(  5 -  5) =    -20.63724  eV     1   --> A              
     e(  6 -  6) =    -12.83067  eV     1   --> A              
     e(  7 -  7) =     -2.99043  eV     1   --> A              
     e(  8 -  8) =     -2.64888  eV     1   --> A              
     e(  9 -  9) =     -2.48159  eV     1   --> A              
     e( 10 - 10) =     -1.03621  eV     1   --> A              
     e( 11 - 11) =      0.35864  eV     1   --> A              
     e( 12 - 12) =      1.14849  eV     1   --> A              
     e( 13 - 13) =      3.82829  eV     1   --> A              
     e( 14 - 14) =      5.61313  eV     1   --> A              
     e( 15 - 15) =      6.13211  eV     1   --> A              
     e( 16 - 16) =      6.17603  eV     1   --> A              
     e( 17 - 17) =      6.86335  eV     1   --> A              
     e( 18 - 18) =      7.10458  eV     1   --> A              
     e( 19 - 19) =      8.58916  eV     1   --> A              
     e( 20 - 20) =      9.70490  eV     1   --> A              
     e( 21 - 21) =     11.92617  eV     1   --> A              
     e( 22 - 22) =     13.40072  eV     1   --> A              
     e( 23 - 23) =     13.92891  eV     1   --> A              
     e( 24 - 24) =     15.00539  eV     1   --> A              
     e( 25 - 25) =     15.62320  eV     1   --> A              
     e( 26 - 26) =     17.27845  eV     1   --> A              

 **************************************************************************

 **************************************************************************

                    xk=(   0.08333,   0.14434,   0.00000  )

     Band symmetry, C_1 (1)     point group:

     e(  1 -  1) =    -45.36326  eV     1   --> A              
     e(  2 -  2) =    -23.81476  eV     1   --> A              
     e(  3 -  3) =    -23.23572  eV     1   --> A              
     e(  4 -  4) =    -23.11189  eV     1   --> A              
     e(  5 -  5) =    -20.63929  eV     1   --> A              
     e(  6 -  6) =    -12.84012  eV     1   --> A              
     e(  7 -  7) =     -2.99980  eV     1   --> A              
     e(  8 -  8) =     -2.64020  eV     1   --> A              
     e(  9 -  9) =     -2.48093  eV     1   --> A              
     e( 10 - 10) =     -1.04096  eV     1   --> A              
     e( 11 - 11) =      0.41075  eV     1   --> A              
     e( 12 - 12) =      1.16462  eV     1   --> A              
     e( 13 - 13) =      3.82858  eV     1   --> A              
     e( 14 - 14) =      5.62067  eV     1   --> A              
     e( 15 - 15) =      6.11042  eV     1   --> A              
     e( 16 - 16) =      6.17001  eV     1   --> A              
     e( 17 - 17) =      6.84904  eV     1   --> A              
     e( 18 - 18) =      7.08652  eV     1   --> A              
     e( 19 - 19) =      8.55309  eV     1   --> A              
     e( 20 - 20) =      9.66487  eV     1   --> A              
     e( 21 - 21) =     11.87975  eV     1   --> A              
     e( 22 - 22) =     13.44734  eV     1   --> A              
     e( 23 - 23) =     13.96179  eV     1   --> A              
     e( 24 - 24) =     14.98825  eV     1   --> A              
     e( 25 - 25) =     15.56629  eV     1   --> A              
     e( 26 - 26) =     17.32426  eV     1   --> A              

 **************************************************************************

 **************************************************************************

                    xk=(   0.08056,   0.13953,   0.00000  )

     Band symmetry, C_1 (1)     point group:

     e(  1 -  1) =    -45.36397  eV     1   --> A              
     e(  2 -  2) =    -23.81736  eV     1   --> A              
     e(  3 -  3) =    -23.22701  eV     1   --> A              
     e(  4 -  4) =    -23.11009  eV     1   --> A              
     e(  5 -  5) =    -20.64134  eV     1   --> A              
     e(  6 -  6) =    -12.84932  eV     1   --> A              
     e(  7 -  7) =     -3.00906  eV     1   --> A              
     e(  8 -  8) =     -2.63158  eV     1   --> A              
     e(  9 -  9) =     -2.48036  eV     1   --> A              
     e( 10 - 10) =     -1.04575  eV     1   --> A              
     e( 11 - 11) =      0.46253  eV     1   --> A              
     e( 12 - 12) =      1.18018  eV     1   --> A              
     e( 13 - 13) =      3.82860  eV     1   --> A              
     e( 14 - 14) =      5.62856  eV     1   --> A              
     e( 15 - 15) =      6.08976  eV     1   --> A              
     e( 16 - 16) =      6.16390  eV     1   --> A              
     e( 17 - 17) =      6.83537  eV     1   --> A              
     e( 18 - 18) =      7.06904  eV     1   --> A              
     e( 19 - 19) =      8.51765  eV     1   --> A              
     e( 20 - 20) =      9.62477  eV     1   --> A              
     e( 21 - 21) =     11.83434  eV     1   --> A              
     e( 22 - 22) =     13.49481  eV     1   --> A              
     e( 23 - 23) =     13.99251  eV     1   --> A              
     e( 24 - 24) =     14.97389  eV     1   --> A              
     e( 25 - 25) =     15.51150  eV     1   --> A              
     e( 26 - 26) =     17.36824  eV     1   --> A              

 **************************************************************************

 **************************************************************************

                    xk=(   0.07778,   0.13472,   0.00000  )

     Band symmetry, C_1 (1)     point group:

     e(  1 -  1) =    -45.36465  eV     1   --> A              
     e(  2 -  2) =    -23.81989  eV     1   --> A              
     e(  3 -  3) =    -23.21845  eV     1   --> A              
     e(  4 -  4) =    -23.10835  eV     1   --> A              
     e(  5 -  5) =    -20.64338  eV     1   --> A              
     e(  6 -  6) =    -12.85825  eV     1   --> A              
     e(  7 -  7) =     -3.01819  eV     1   --> A              
     e(  8 -  8) =     -2.62301  eV     1   --> A              
     e(  9 -  9) =     -2.47983  eV     1   --> A              
     e( 10 - 10) =     -1.05055  eV     1   --> A              
     e( 11 - 11) =      0.51388  eV     1   --> A              
     e( 12 - 12) =      1.19520  eV     1   --> A              
     e( 13 - 13) =      3.82838  eV     1   --> A              
     e( 14 - 14) =      5.63680  eV     1   --> A              
     e( 15 - 15) =      6.07012  eV     1   --> A              
     e( 16 - 16) =      6.15763  eV     1   --> A              
     e( 17 - 17) =      6.82245  eV     1   --> A              
     e( 18 - 18) =      7.05216  eV     1   --> A              
     e( 19 - 19) =      8.48289  eV     1   --> A              
     e( 20 - 20) =      9.58462  eV     1   --> A              
     e( 21 - 21) =     11.79003  eV     1   --> A              
     e( 22 - 22) =     13.54306  eV     1   --> A              
     e( 23 - 23) =     14.02073  eV     1   --> A              
     e( 24 - 24) =     14.96253  eV     1   --> A              
     e( 25 - 25) =     15.45891  eV     1   --> A              
     e( 26 - 26) =     17.41020  eV     1   --> A              

 **************************************************************************

 **************************************************************************

                    xk=(   0.07500,   0.12990,   0.00000  )

     Band symmetry, C_1 (1)     point group:

     e(  1 -  1) =    -45.36533  eV     1   --> A              
     e(  2 -  2) =    -23.82237  eV     1   --> A              
     e(  3 -  3) =    -23.21006  eV     1   --> A              
     e(  4 -  4) =    -23.10667  eV     1   --> A              
     e(  5 -  5) =    -20.64540  eV     1   --> A              
     e(  6 -  6) =    -12.86693  eV     1   --> A              
     e(  7 -  7) =     -3.02717  eV     1   --> A              
     e(  8 -  8) =     -2.61453  eV     1   --> A              
     e(  9 -  9) =     -2.47936  eV     1   --> A              
     e( 10 - 10) =     -1.05535  eV     1   --> A              
     e( 11 - 11) =      0.56473  eV     1   --> A              
     e( 12 - 12) =      1.20965  eV     1   --> A              
     e( 13 - 13) =      3.82790  eV     1   --> A              
     e( 14 - 14) =      5.64533  eV     1   --> A              
     e( 15 - 15) =      6.05148  eV     1   --> A              
     e( 16 - 16) =      6.15113  eV     1   --> A              
     e( 17 - 17) =      6.81037  eV     1   --> A              
     e( 18 - 18) =      7.03585  eV     1   --> A              
     e( 19 - 19) =      8.44884  eV     1   --> A              
     e( 20 - 20) =      9.54447  eV     1   --> A              
     e( 21 - 21) =     11.74687  eV     1   --> A              
     e( 22 - 22) =     13.59202  eV     1   --> A              
     e( 23 - 23) =     14.04612  eV     1   --> A              
     e( 24 - 24) =     14.95434  eV     1   --> A              
     e( 25 - 25) =     15.40863  eV     1   --> A              
     e( 26 - 26) =     17.44987  eV     1   --> A              

 **************************************************************************

 **************************************************************************

                    xk=(   0.07222,   0.12509,   0.00000  )

     Band symmetry, C_1 (1)     point group:

     e(  1 -  1) =    -45.36598  eV     1   --> A              
     e(  2 -  2) =    -23.82478  eV     1   --> A              
     e(  3 -  3) =    -23.20183  eV     1   --> A              
     e(  4 -  4) =    -23.10507  eV     1   --> A              
     e(  5 -  5) =    -20.64739  eV     1   --> A              
     e(  6 -  6) =    -12.87532  eV     1   --> A              
     e(  7 -  7) =     -3.03598  eV     1   --> A              
     e(  8 -  8) =     -2.60611  eV     1   --> A              
     e(  9 -  9) =     -2.47894  eV     1   --> A              
     e( 10 - 10) =     -1.06013  eV     1   --> A              
     e( 11 - 11) =      0.61499  eV     1   --> A              
     e( 12 - 12) =      1.22355  eV     1   --> A              
     e( 13 - 13) =      3.82719  eV     1   --> A              
     e( 14 - 14) =      5.65412  eV     1   --> A              
     e( 15 - 15) =      6.03383  eV     1   --> A              
     e( 16 - 16) =      6.14436  eV     1   --> A              
     e( 17 - 17) =      6.79925  eV     1   --> A              
     e( 18 - 18) =      7.02012  eV     1   --> A              
     e( 19 - 19) =      8.41557  eV     1   --> A              
     e( 20 - 20) =      9.50435  eV     1   --> A              
     e( 21 - 21) =     11.70494  eV     1   --> A              
     e( 22 - 22) =     13.64158  eV     1   --> A              
     e( 23 - 23) =     14.06843  eV     1   --> A              
     e( 24 - 24) =     14.94939  eV     1   --> A              
     e( 25 - 25) =     15.36080  eV     1   --> A              
     e( 26 - 26) =     17.48682  eV     1   --> A              

 **************************************************************************

 **************************************************************************

                    xk=(   0.06944,   0.12028,   0.00000  )

     Band symmetry, C_1 (1)     point group:

     e(  1 -  1) =    -45.36661  eV     1   --> A              
     e(  2 -  2) =    -23.82713  eV     1   --> A              
     e(  3 -  3) =    -23.19380  eV     1   --> A              
     e(  4 -  4) =    -23.10352  eV     1   --> A              
     e(  5 -  5) =    -20.64936  eV     1   --> A              
     e(  6 -  6) =    -12.88345  eV     1   --> A              
     e(  7 -  7) =     -3.04461  eV     1   --> A              
     e(  8 -  8) =     -2.59782  eV     1   --> A              
     e(  9 -  9) =     -2.47857  eV     1   --> A              
     e( 10 - 10) =     -1.06489  eV     1   --> A              
     e( 11 - 11) =      0.66456  eV     1   --> A              
     e( 12 - 12) =      1.23690  eV     1   --> A              
     e( 13 - 13) =      3.82624  eV     1   --> A              
     e( 14 - 14) =      5.66311  eV     1   --> A              
     e( 15 - 15) =      6.01715  eV     1   --> A              
     e( 16 - 16) =      6.13724  eV     1   --> A              
     e( 17 - 17) =      6.78918  eV     1   --> A              
     e( 18 - 18) =      7.00495  eV     1   --> A              
     e( 19 - 19) =      8.38310  eV     1   --> A              
     e( 20 - 20) =      9.46434  eV     1   --> A              
     e( 21 - 21) =     11.66432  eV     1   --> A              
     e( 22 - 22) =     13.69166  eV     1   --> A              
     e( 23 - 23) =     14.08747  eV     1   --> A              
     e( 24 - 24) =     14.94762  eV     1   --> A              
     e( 25 - 25) =     15.31562  eV     1   --> A              
     e( 26 - 26) =     17.52040  eV     1   --> A              

 **************************************************************************

 **************************************************************************

                    xk=(   0.06667,   0.11547,   0.00000  )

     Band symmetry, C_1 (1)     point group:

     e(  1 -  1) =    -45.36722  eV     1   --> A              
     e(  2 -  2) =    -23.82942  eV     1   --> A              
     e(  3 -  3) =    -23.18597  eV     1   --> A              
     e(  4 -  4) =    -23.10204  eV     1   --> A              
     e(  5 -  5) =    -20.65130  eV     1   --> A              
     e(  6 -  6) =    -12.89129  eV     1   --> A              
     e(  7 -  7) =     -3.05304  eV     1   --> A              
     e(  8 -  8) =     -2.58966  eV     1   --> A              
     e(  9 -  9) =     -2.47824  eV     1   --> A              
     e( 10 - 10) =     -1.06961  eV     1   --> A              
     e( 11 - 11) =      0.71337  eV     1   --> A              
     e( 12 - 12) =      1.24969  eV     1   --> A              
     e( 13 - 13) =      3.82508  eV     1   --> A              
     e( 14 - 14) =      5.67227  eV     1   --> A              
     e( 15 - 15) =      6.00140  eV     1   --> A              
     e( 16 - 16) =      6.12972  eV     1   --> A              
     e( 17 - 17) =      6.78024  eV     1   --> A              
     e( 18 - 18) =      6.99035  eV     1   --> A              
     e( 19 - 19) =      8.35149  eV     1   --> A              
     e( 20 - 20) =      9.42448  eV     1   --> A              
     e( 21 - 21) =     11.62504  eV     1   --> A              
     e( 22 - 22) =     13.74213  eV     1   --> A              
     e( 23 - 23) =     14.10317  eV     1   --> A              
     e( 24 - 24) =     14.94875  eV     1   --> A              
     e( 25 - 25) =     15.27336  eV     1   --> A              
     e( 26 - 26) =     17.54943  eV     1   --> A              

 **************************************************************************

 **************************************************************************

                    xk=(   0.06389,   0.11066,   0.00000  )

     Band symmetry, C_1 (1)     point group:

     e(  1 -  1) =    -45.36781  eV     1   --> A              
     e(  2 -  2) =    -23.83162  eV     1   --> A              
     e(  3 -  3) =    -23.17835  eV     1   --> A              
     e(  4 -  4) =    -23.10062  eV     1   --> A              
     e(  5 -  5) =    -20.65320  eV     1   --> A              
     e(  6 -  6) =    -12.89885  eV     1   --> A              
     e(  7 -  7) =     -3.06125  eV     1   --> A              
     e(  8 -  8) =     -2.58165  eV     1   --> A              
     e(  9 -  9) =     -2.47795  eV     1   --> A              
     e( 10 - 10) =     -1.07427  eV     1   --> A              
     e( 11 - 11) =      0.76132  eV     1   --> A              
     e( 12 - 12) =      1.26194  eV     1   --> A              
     e( 13 - 13) =      3.82372  eV     1   --> A              
     e( 14 - 14) =      5.68156  eV     1   --> A              
     e( 15 - 15) =      5.98656  eV     1   --> A              
     e( 16 - 16) =      6.12176  eV     1   --> A              
     e( 17 - 17) =      6.77251  eV     1   --> A              
     e( 18 - 18) =      6.97630  eV     1   --> A              
     e( 19 - 19) =      8.32077  eV     1   --> A              
     e( 20 - 20) =      9.38485  eV     1   --> A              
     e( 21 - 21) =     11.58716  eV     1   --> A              
     e( 22 - 22) =     13.79282  eV     1   --> A              
     e( 23 - 23) =     14.11563  eV     1   --> A              
     e( 24 - 24) =     14.95222  eV     1   --> A              
     e( 25 - 25) =     15.23451  eV     1   --> A              
     e( 26 - 26) =     17.57204  eV     1   --> A              

 **************************************************************************

 **************************************************************************

                    xk=(   0.06111,   0.10585,   0.00000  )

     Band symmetry, C_1 (1)     point group:

     e(  1 -  1) =    -45.36838  eV     1   --> A              
     e(  2 -  2) =    -23.83376  eV     1   --> A              
     e(  3 -  3) =    -23.17096  eV     1   --> A              
     e(  4 -  4) =    -23.09927  eV     1   --> A              
     e(  5 -  5) =    -20.65507  eV     1   --> A              
     e(  6 -  6) =    -12.90612  eV     1   --> A              
     e(  7 -  7) =     -3.06923  eV     1   --> A              
     e(  8 -  8) =     -2.57380  eV     1   --> A              
     e(  9 -  9) =     -2.47771  eV     1   --> A              
     e( 10 - 10) =     -1.07886  eV     1   --> A              
     e( 11 - 11) =      0.80831  eV     1   --> A              
     e( 12 - 12) =      1.27363  eV     1   --> A              
     e( 13 - 13) =      3.82218  eV     1   --> A              
     e( 14 - 14) =      5.69092  eV     1   --> A              
     e( 15 - 15) =      5.97261  eV     1   --> A              
     e( 16 - 16) =      6.11333  eV     1   --> A              
     e( 17 - 17) =      6.76604  eV     1   --> A              
     e( 18 - 18) =      6.96282  eV     1   --> A              
     e( 19 - 19) =      8.29099  eV     1   --> A              
     e( 20 - 20) =      9.34552  eV     1   --> A              
     e( 21 - 21) =     11.55074  eV     1   --> A              
     e( 22 - 22) =     13.84350  eV     1   --> A              
     e( 23 - 23) =     14.12507  eV     1   --> A              
     e( 24 - 24) =     14.95703  eV     1   --> A              
     e( 25 - 25) =     15.19981  eV     1   --> A              
     e( 26 - 26) =     17.58612  eV     1   --> A              

 **************************************************************************

 **************************************************************************

                    xk=(   0.05833,   0.10104,   0.00000  )

     Band symmetry, C_1 (1)     point group:

     e(  1 -  1) =    -45.36893  eV     1   --> A              
     e(  2 -  2) =    -23.83582  eV     1   --> A              
     e(  3 -  3) =    -23.16380  eV     1   --> A              
     e(  4 -  4) =    -23.09798  eV     1   --> A              
     e(  5 -  5) =    -20.65689  eV     1   --> A              
     e(  6 -  6) =    -12.91309  eV     1   --> A              
     e(  7 -  7) =     -3.07696  eV     1   --> A              
     e(  8 -  8) =     -2.56614  eV     1   --> A              
     e(  9 -  9) =     -2.47751  eV     1   --> A              
     e( 10 - 10) =     -1.08337  eV     1   --> A              
     e( 11 - 11) =      0.85424  eV     1   --> A              
     e( 12 - 12) =      1.28477  eV     1   --> A              
     e( 13 - 13) =      3.82047  eV     1   --> A              
     e( 14 - 14) =      5.70032  eV     1   --> A              
     e( 15 - 15) =      5.95952  eV     1   --> A              
     e( 16 - 16) =      6.10440  eV     1   --> A              
     e( 17 - 17) =      6.76087  eV     1   --> A              
     e( 18 - 18) =      6.94990  eV     1   --> A              
     e( 19 - 19) =      8.26219  eV     1   --> A              
     e( 20 - 20) =      9.30658  eV     1   --> A              
     e( 21 - 21) =     11.51580  eV     1   --> A              
     e( 22 - 22) =     13.89381  eV     1   --> A              
     e( 23 - 23) =     14.13199  eV     1   --> A              
     e( 24 - 24) =     14.96158  eV     1   --> A              
     e( 25 - 25) =     15.17053  eV     1   --> A              
     e( 26 - 26) =     17.59117  eV     1   --> A              

 **************************************************************************

 **************************************************************************

                    xk=(   0.05556,   0.09623,   0.00000  )

     Band symmetry, C_1 (1)     point group:

     e(  1 -  1) =    -45.36945  eV     1   --> A              
     e(  2 -  2) =    -23.83779  eV     1   --> A              
     e(  3 -  3) =    -23.15689  eV     1   --> A              
     e(  4 -  4) =    -23.09675  eV     1   --> A              
     e(  5 -  5) =    -20.65866  eV     1   --> A              
     e(  6 -  6) =    -12.91977  eV     1   --> A              
     e(  7 -  7) =     -3.08442  eV     1   --> A              
     e(  8 -  8) =     -2.55868  eV     1   --> A              
     e(  9 -  9) =     -2.47734  eV     1   --> A              
     e( 10 - 10) =     -1.08779  eV     1   --> A              
     e( 11 - 11) =      0.89902  eV     1   --> A              
     e( 12 - 12) =      1.29536  eV     1   --> A              
     e( 13 - 13) =      3.81862  eV     1   --> A              
     e( 14 - 14) =      5.70970  eV     1   --> A              
     e( 15 - 15) =      5.94725  eV     1   --> A              
     e( 16 - 16) =      6.09499  eV     1   --> A              
     e( 17 - 17) =      6.75703  eV     1   --> A              
     e( 18 - 18) =      6.93754  eV     1   --> A              
     e( 19 - 19) =      8.23440  eV     1   --> A              
     e( 20 - 20) =      9.26813  eV     1   --> A              
     e( 21 - 21) =     11.48239  eV     1   --> A              
     e( 22 - 22) =     13.94313  eV     1   --> A              
     e( 23 - 23) =     14.13721  eV     1   --> A              
     e( 24 - 24) =     14.96352  eV     1   --> A              
     e( 25 - 25) =     15.14857  eV     1   --> A              
     e( 26 - 26) =     17.58889  eV     1   --> A              

 **************************************************************************

 **************************************************************************

                    xk=(   0.05278,   0.09141,   0.00000  )

     Band symmetry, C_1 (1)     point group:

     e(  1 -  1) =    -45.36996  eV     1   --> A              
     e(  2 -  2) =    -23.83969  eV     1   --> A              
     e(  3 -  3) =    -23.15025  eV     1   --> A              
     e(  4 -  4) =    -23.09559  eV     1   --> A              
     e(  5 -  5) =    -20.66038  eV     1   --> A              
     e(  6 -  6) =    -12.92614  eV     1   --> A              
     e(  7 -  7) =     -3.09162  eV     1   --> A              
     e(  8 -  8) =     -2.55144  eV     1   --> A              
     e(  9 -  9) =     -2.47721  eV     1   --> A              
     e( 10 - 10) =     -1.09210  eV     1   --> A              
     e( 11 - 11) =      0.94255  eV     1   --> A              
     e( 12 - 12) =      1.30541  eV     1   --> A              
     e( 13 - 13) =      3.81664  eV     1   --> A              
     e( 14 - 14) =      5.71904  eV     1   --> A              
     e( 15 - 15) =      5.93577  eV     1   --> A              
     e( 16 - 16) =      6.08511  eV     1   --> A              
     e( 17 - 17) =      6.75449  eV     1   --> A              
     e( 18 - 18) =      6.92574  eV     1   --> A              
     e( 19 - 19) =      8.20767  eV     1   --> A              
     e( 20 - 20) =      9.23027  eV     1   --> A              
     e( 21 - 21) =     11.45054  eV     1   --> A              
     e( 22 - 22) =     13.99014  eV     1   --> A              
     e( 23 - 23) =     14.14227  eV     1   --> A              
     e( 24 - 24) =     14.96027  eV     1   --> A              
     e( 25 - 25) =     15.13601  eV     1   --> A              
     e( 26 - 26) =     17.58142  eV     1   --> A              

 **************************************************************************

 **************************************************************************

                    xk=(   0.05000,   0.08660,   0.00000  )

     Band symmetry, C_1 (1)     point group:

     e(  1 -  1) =    -45.37044  eV     1   --> A              
     e(  2 -  2) =    -23.84150  eV     1   --> A              
     e(  3 -  3) =    -23.14388  eV     1   --> A              
     e(  4 -  4) =    -23.09449  eV     1   --> A              
     e(  5 -  5) =    -20.66205  eV     1   --> A              
     e(  6 -  6) =    -12.93221  eV     1   --> A              
     e(  7 -  7) =     -3.09853  eV     1   --> A              
     e(  8 -  8) =     -2.54446  eV     1   --> A              
     e(  9 -  9) =     -2.47710  eV     1   --> A              
     e( 10 - 10) =     -1.09628  eV     1   --> A              
     e( 11 - 11) =      0.98471  eV     1   --> A              
     e( 12 - 12) =      1.31492  eV     1   --> A              
     e( 13 - 13) =      3.81457  eV     1   --> A              
     e( 14 - 14) =      5.72827  eV     1   --> A              
     e( 15 - 15) =      5.92506  eV     1   --> A              
     e( 16 - 16) =      6.07479  eV     1   --> A              
     e( 17 - 17) =      6.75323  eV     1   --> A              
     e( 18 - 18) =      6.91451  eV     1   --> A              
     e( 19 - 19) =      8.18203  eV     1   --> A              
     e( 20 - 20) =      9.19311  eV     1   --> A              
     e( 21 - 21) =     11.42026  eV     1   --> A              
     e( 22 - 22) =     14.03190  eV     1   --> A              
     e( 23 - 23) =     14.15036  eV     1   --> A              
     e( 24 - 24) =     14.95043  eV     1   --> A              
     e( 25 - 25) =     15.13370  eV     1   --> A              
     e( 26 - 26) =     17.57020  eV     1   --> A              

 **************************************************************************

 **************************************************************************

                    xk=(   0.04722,   0.08179,   0.00000  )

     Band symmetry, C_1 (1)     point group:

     e(  1 -  1) =    -45.37089  eV     1   --> A              
     e(  2 -  2) =    -23.84323  eV     1   --> A              
     e(  3 -  3) =    -23.13777  eV     1   --> A              
     e(  4 -  4) =    -23.09344  eV     1   --> A              
     e(  5 -  5) =    -20.66364  eV     1   --> A              
     e(  6 -  6) =    -12.93797  eV     1   --> A              
     e(  7 -  7) =     -3.10514  eV     1   --> A              
     e(  8 -  8) =     -2.53769  eV     1   --> A              
     e(  9 -  9) =     -2.47699  eV     1   --> A              
     e( 10 - 10) =     -1.10033  eV     1   --> A              
     e( 11 - 11) =      1.02542  eV     1   --> A              
     e( 12 - 12) =      1.32390  eV     1   --> A              
     e( 13 - 13) =      3.81243  eV     1   --> A              
     e( 14 - 14) =      5.73741  eV     1   --> A              
     e( 15 - 15) =      5.91510  eV     1   --> A              
     e( 16 - 16) =      6.06410  eV     1   --> A              
     e( 17 - 17) =      6.75320  eV     1   --> A              
     e( 18 - 18) =      6.90385  eV     1   --> A              
     e( 19 - 19) =      8.15751  eV     1   --> A              
     e( 20 - 20) =      9.15677  eV     1   --> A              
     e( 21 - 21) =     11.39159  eV     1   --> A              
     e( 22 - 22) =     14.06254  eV     1   --> A              
     e( 23 - 23) =     14.16760  eV     1   --> A              
     e( 24 - 24) =     14.93493  eV     1   --> A              
     e( 25 - 25) =     15.14018  eV     1   --> A              
     e( 26 - 26) =     17.55603  eV     1   --> A              

 **************************************************************************

 **************************************************************************

                    xk=(   0.04444,   0.07698,   0.00000  )

     Band symmetry, C_1 (1)     point group:

     e(  1 -  1) =    -45.37133  eV     1   --> A              
     e(  2 -  2) =    -23.84487  eV     1   --> A              
     e(  3 -  3) =    -23.13197  eV     1   --> A              
     e(  4 -  4) =    -23.09247  eV     1   --> A              
     e(  5 -  5) =    -20.66518  eV     1   --> A              
     e(  6 -  6) =    -12.94342  eV     1   --> A              
     e(  7 -  7) =     -3.11144  eV     1   --> A              
     e(  8 -  8) =     -2.53124  eV     1   --> A              
     e(  9 -  9) =     -2.47693  eV     1   --> A              
     e( 10 - 10) =     -1.10423  eV     1   --> A              
     e( 11 - 11) =      1.06455  eV     1   --> A              
     e( 12 - 12) =      1.33233  eV     1   --> A              
     e( 13 - 13) =      3.81024  eV     1   --> A              
     e( 14 - 14) =      5.74634  eV     1   --> A              
     e( 15 - 15) =      5.90583  eV     1   --> A              
     e( 16 - 16) =      6.05310  eV     1   --> A              
     e( 17 - 17) =      6.75429  eV     1   --> A              
     e( 18 - 18) =      6.89377  eV     1   --> A              
     e( 19 - 19) =      8.13416  eV     1   --> A              
     e( 20 - 20) =      9.12138  eV     1   --> A              
     e( 21 - 21) =     11.36453  eV     1   --> A              
     e( 22 - 22) =     14.07767  eV     1   --> A              
     e( 23 - 23) =     14.19858  eV     1   --> A              
     e( 24 - 24) =     14.91596  eV     1   --> A              
     e( 25 - 25) =     15.15271  eV     1   --> A              
     e( 26 - 26) =     17.53939  eV     1   --> A              

 **************************************************************************

 **************************************************************************

                    xk=(   0.04167,   0.07217,   0.00000  )

     Band symmetry, C_1 (1)     point group:

     e(  1 -  1) =    -45.37174  eV     1   --> A              
     e(  2 -  2) =    -23.84641  eV     1   --> A              
     e(  3 -  3) =    -23.12646  eV     1   --> A              
     e(  4 -  4) =    -23.09155  eV     1   --> A              
     e(  5 -  5) =    -20.66665  eV     1   --> A              
     e(  6 -  6) =    -12.94855  eV     1   --> A              
     e(  7 -  7) =     -3.11742  eV     1   --> A              
     e(  8 -  8) =     -2.52504  eV     1   --> A              
     e(  9 -  9) =     -2.47688  eV     1   --> A              
     e( 10 - 10) =     -1.10797  eV     1   --> A              
     e( 11 - 11) =      1.10201  eV     1   --> A              
     e( 12 - 12) =      1.34024  eV     1   --> A              
     e( 13 - 13) =      3.80803  eV     1   --> A              
     e( 14 - 14) =      5.75508  eV     1   --> A              
     e( 15 - 15) =      5.89727  eV     1   --> A              
     e( 16 - 16) =      6.04188  eV     1   --> A              
     e( 17 - 17) =      6.75643  eV     1   --> A              
     e( 18 - 18) =      6.88428  eV     1   --> A              
     e( 19 - 19) =      8.11200  eV     1   --> A              
     e( 20 - 20) =      9.08706  eV     1   --> A              
     e( 21 - 21) =     11.33911  eV     1   --> A              
     e( 22 - 22) =     14.08129  eV     1   --> A              
     e( 23 - 23) =     14.23946  eV     1   --> A              
     e( 24 - 24) =     14.89548  eV     1   --> A              
     e( 25 - 25) =     15.16884  eV     1   --> A              
     e( 26 - 26) =     17.52060  eV     1   --> A              

 **************************************************************************

 **************************************************************************

                    xk=(   0.03889,   0.06736,   0.00000  )

     Band symmetry, C_1 (1)     point group:

     e(  1 -  1) =    -45.37212  eV     1   --> A              
     e(  2 -  2) =    -23.84787  eV     1   --> A              
     e(  3 -  3) =    -23.12127  eV     1   --> A              
     e(  4 -  4) =    -23.09070  eV     1   --> A              
     e(  5 -  5) =    -20.66804  eV     1   --> A              
     e(  6 -  6) =    -12.95337  eV     1   --> A              
     e(  7 -  7) =     -3.12306  eV     1   --> A              
     e(  8 -  8) =     -2.51918  eV     1   --> A              
     e(  9 -  9) =     -2.47685  eV     1   --> A              
     e( 10 - 10) =     -1.11154  eV     1   --> A              
     e( 11 - 11) =      1.13769  eV     1   --> A              
     e( 12 - 12) =      1.34761  eV     1   --> A              
     e( 13 - 13) =      3.80582  eV     1   --> A              
     e( 14 - 14) =      5.76358  eV     1   --> A              
     e( 15 - 15) =      5.88934  eV     1   --> A              
     e( 16 - 16) =      6.03053  eV     1   --> A              
     e( 17 - 17) =      6.75950  eV     1   --> A              
     e( 18 - 18) =      6.87536  eV     1   --> A              
     e( 19 - 19) =      8.09107  eV     1   --> A              
     e( 20 - 20) =      9.05397  eV     1   --> A              
     e( 21 - 21) =     11.31532  eV     1   --> A              
     e( 22 - 22) =     14.07914  eV     1   --> A              
     e( 23 - 23) =     14.28461  eV     1   --> A              
     e( 24 - 24) =     14.87475  eV     1   --> A              
     e( 25 - 25) =     15.18681  eV     1   --> A              
     e( 26 - 26) =     17.49995  eV     1   --> A              

 **************************************************************************

 **************************************************************************

                    xk=(   0.03611,   0.06255,   0.00000  )

     Band symmetry, C_1 (1)     point group:

     e(  1 -  1) =    -45.37248  eV     1   --> A              
     e(  2 -  2) =    -23.84923  eV     1   --> A              
     e(  3 -  3) =    -23.11639  eV     1   --> A              
     e(  4 -  4) =    -23.08990  eV     1   --> A              
     e(  5 -  5) =    -20.66936  eV     1   --> A              
     e(  6 -  6) =    -12.95786  eV     1   --> A              
     e(  7 -  7) =     -3.12835  eV     1   --> A              
     e(  8 -  8) =     -2.51362  eV     1   --> A              
     e(  9 -  9) =     -2.47683  eV     1   --> A              
     e( 10 - 10) =     -1.11492  eV     1   --> A              
     e( 11 - 11) =      1.17148  eV     1   --> A              
     e( 12 - 12) =      1.35446  eV     1   --> A              
     e( 13 - 13) =      3.80364  eV     1   --> A              
     e( 14 - 14) =      5.77182  eV     1   --> A              
     e( 15 - 15) =      5.88206  eV     1   --> A              
     e( 16 - 16) =      6.01916  eV     1   --> A              
     e( 17 - 17) =      6.76335  eV     1   --> A              
     e( 18 - 18) =      6.86705  eV     1   --> A              
     e( 19 - 19) =      8.07140  eV     1   --> A              
     e( 20 - 20) =      9.02225  eV     1   --> A              
     e( 21 - 21) =     11.29318  eV     1   --> A              
     e( 22 - 22) =     14.07421  eV     1   --> A              
     e( 23 - 23) =     14.33109  eV     1   --> A              
     e( 24 - 24) =     14.85456  eV     1   --> A              
     e( 25 - 25) =     15.20541  eV     1   --> A              
     e( 26 - 26) =     17.47778  eV     1   --> A              

 **************************************************************************

 **************************************************************************

                    xk=(   0.03333,   0.05774,   0.00000  )

     Band symmetry, C_1 (1)     point group:

     e(  1 -  1) =    -45.37282  eV     1   --> A              
     e(  2 -  2) =    -23.85050  eV     1   --> A              
     e(  3 -  3) =    -23.11184  eV     1   --> A              
     e(  4 -  4) =    -23.08917  eV     1   --> A              
     e(  5 -  5) =    -20.67060  eV     1   --> A              
     e(  6 -  6) =    -12.96204  eV     1   --> A              
     e(  7 -  7) =     -3.13331  eV     1   --> A              
     e(  8 -  8) =     -2.50841  eV     1   --> A              
     e(  9 -  9) =     -2.47683  eV     1   --> A              
     e( 10 - 10) =     -1.11812  eV     1   --> A              
     e( 11 - 11) =      1.20328  eV     1   --> A              
     e( 12 - 12) =      1.36079  eV     1   --> A              
     e( 13 - 13) =      3.80150  eV     1   --> A              
     e( 14 - 14) =      5.77976  eV     1   --> A              
     e( 15 - 15) =      5.87538  eV     1   --> A              
     e( 16 - 16) =      6.00787  eV     1   --> A              
     e( 17 - 17) =      6.76783  eV     1   --> A              
     e( 18 - 18) =      6.85932  eV     1   --> A              
     e( 19 - 19) =      8.05303  eV     1   --> A              
     e( 20 - 20) =      8.99203  eV     1   --> A              
     e( 21 - 21) =     11.27268  eV     1   --> A              
     e( 22 - 22) =     14.06790  eV     1   --> A              
     e( 23 - 23) =     14.37749  eV     1   --> A              
     e( 24 - 24) =     14.83533  eV     1   --> A              
     e( 25 - 25) =     15.22380  eV     1   --> A              
     e( 26 - 26) =     17.45445  eV     1   --> A              

 **************************************************************************

 **************************************************************************

                    xk=(   0.03056,   0.05292,   0.00000  )

     Band symmetry, C_1 (1)     point group:

     e(  1 -  1) =    -45.37312  eV     1   --> A              
     e(  2 -  2) =    -23.85167  eV     1   --> A              
     e(  3 -  3) =    -23.10761  eV     1   --> A              
     e(  4 -  4) =    -23.08849  eV     1   --> A              
     e(  5 -  5) =    -20.67174  eV     1   --> A              
     e(  6 -  6) =    -12.96588  eV     1   --> A              
     e(  7 -  7) =     -3.13788  eV     1   --> A              
     e(  8 -  8) =     -2.50354  eV     1   --> A              
     e(  9 -  9) =     -2.47682  eV     1   --> A              
     e( 10 - 10) =     -1.12109  eV     1   --> A              
     e( 11 - 11) =      1.23298  eV     1   --> A              
     e( 12 - 12) =      1.36660  eV     1   --> A              
     e( 13 - 13) =      3.79945  eV     1   --> A              
     e( 14 - 14) =      5.78738  eV     1   --> A              
     e( 15 - 15) =      5.86929  eV     1   --> A              
     e( 16 - 16) =      5.99678  eV     1   --> A              
     e( 17 - 17) =      6.77281  eV     1   --> A              
     e( 18 - 18) =      6.85220  eV     1   --> A              
     e( 19 - 19) =      8.03598  eV     1   --> A              
     e( 20 - 20) =      8.96349  eV     1   --> A              
     e( 21 - 21) =     11.25384  eV     1   --> A              
     e( 22 - 22) =     14.06094  eV     1   --> A              
     e( 23 - 23) =     14.42302  eV     1   --> A              
     e( 24 - 24) =     14.81734  eV     1   --> A              
     e( 25 - 25) =     15.24140  eV     1   --> A              
     e( 26 - 26) =     17.43041  eV     1   --> A              

 **************************************************************************

 **************************************************************************

                    xk=(   0.02778,   0.04811,   0.00000  )

     Band symmetry, C_1 (1)     point group:

     e(  1 -  1) =    -45.37340  eV     1   --> A              
     e(  2 -  2) =    -23.85274  eV     1   --> A              
     e(  3 -  3) =    -23.10373  eV     1   --> A              
     e(  4 -  4) =    -23.08787  eV     1   --> A              
     e(  5 -  5) =    -20.67280  eV     1   --> A              
     e(  6 -  6) =    -12.96940  eV     1   --> A              
     e(  7 -  7) =     -3.14209  eV     1   --> A              
     e(  8 -  8) =     -2.49905  eV     1   --> A              
     e(  9 -  9) =     -2.47683  eV     1   --> A              
     e( 10 - 10) =     -1.12385  eV     1   --> A              
     e( 11 - 11) =      1.26049  eV     1   --> A              
     e( 12 - 12) =      1.37189  eV     1   --> A              
     e( 13 - 13) =      3.79749  eV     1   --> A              
     e( 14 - 14) =      5.79465  eV     1   --> A              
     e( 15 - 15) =      5.86378  eV     1   --> A              
     e( 16 - 16) =      5.98600  eV     1   --> A              
     e( 17 - 17) =      6.77808  eV     1   --> A              
     e( 18 - 18) =      6.84567  eV     1   --> A              
     e( 19 - 19) =      8.02028  eV     1   --> A              
     e( 20 - 20) =      8.93677  eV     1   --> A              
     e( 21 - 21) =     11.23665  eV     1   --> A              
     e( 22 - 22) =     14.05377  eV     1   --> A              
     e( 23 - 23) =     14.46710  eV     1   --> A              
     e( 24 - 24) =     14.80074  eV     1   --> A              
     e( 25 - 25) =     15.25775  eV     1   --> A              
     e( 26 - 26) =     17.40612  eV     1   --> A              

 **************************************************************************

 **************************************************************************

                    xk=(   0.02500,   0.04330,   0.00000  )

     Band symmetry, C_1 (1)     point group:

     e(  1 -  1) =    -45.37366  eV     1   --> A              
     e(  2 -  2) =    -23.85372  eV     1   --> A              
     e(  3 -  3) =    -23.10020  eV     1   --> A              
     e(  4 -  4) =    -23.08732  eV     1   --> A              
     e(  5 -  5) =    -20.67377  eV     1   --> A              
     e(  6 -  6) =    -12.97259  eV     1   --> A              
     e(  7 -  7) =     -3.14593  eV     1   --> A              
     e(  8 -  8) =     -2.49494  eV     1   --> A              
     e(  9 -  9) =     -2.47685  eV     1   --> A              
     e( 10 - 10) =     -1.12638  eV     1   --> A              
     e( 11 - 11) =      1.28570  eV     1   --> A              
     e( 12 - 12) =      1.37667  eV     1   --> A              
     e( 13 - 13) =      3.79564  eV     1   --> A              
     e( 14 - 14) =      5.80154  eV     1   --> A              
     e( 15 - 15) =      5.85881  eV     1   --> A              
     e( 16 - 16) =      5.97564  eV     1   --> A              
     e( 17 - 17) =      6.78351  eV     1   --> A              
     e( 18 - 18) =      6.83976  eV     1   --> A              
     e( 19 - 19) =      8.00597  eV     1   --> A              
     e( 20 - 20) =      8.91201  eV     1   --> A              
     e( 21 - 21) =     11.22111  eV     1   --> A              
     e( 22 - 22) =     14.04668  eV     1   --> A              
     e( 23 - 23) =     14.50924  eV     1   --> A              
     e( 24 - 24) =     14.78561  eV     1   --> A              
     e( 25 - 25) =     15.27254  eV     1   --> A              
     e( 26 - 26) =     17.38213  eV     1   --> A              

 **************************************************************************

 **************************************************************************

                    xk=(   0.02222,   0.03849,   0.00000  )

     Band symmetry, C_1 (1)     point group:

     e(  1 -  1) =    -45.37389  eV     1   --> A              
     e(  2 -  2) =    -23.85459  eV     1   --> A              
     e(  3 -  3) =    -23.09703  eV     1   --> A              
     e(  4 -  4) =    -23.08682  eV     1   --> A              
     e(  5 -  5) =    -20.67465  eV     1   --> A              
     e(  6 -  6) =    -12.97545  eV     1   --> A              
     e(  7 -  7) =     -3.14938  eV     1   --> A              
     e(  8 -  8) =     -2.49123  eV     1   --> A              
     e(  9 -  9) =     -2.47687  eV     1   --> A              
     e( 10 - 10) =     -1.12867  eV     1   --> A              
     e( 11 - 11) =      1.30854  eV     1   --> A              
     e( 12 - 12) =      1.38093  eV     1   --> A              
     e( 13 - 13) =      3.79393  eV     1   --> A              
     e( 14 - 14) =      5.80804  eV     1   --> A              
     e( 15 - 15) =      5.85440  eV     1   --> A              
     e( 16 - 16) =      5.96580  eV     1   --> A              
     e( 17 - 17) =      6.78891  eV     1   --> A              
     e( 18 - 18) =      6.83446  eV     1   --> A              
     e( 19 - 19) =      7.99307  eV     1   --> A              
     e( 20 - 20) =      8.88938  eV     1   --> A              
     e( 21 - 21) =     11.20722  eV     1   --> A              
     e( 22 - 22) =     14.03990  eV     1   --> A              
     e( 23 - 23) =     14.54896  eV     1   --> A              
     e( 24 - 24) =     14.77203  eV     1   --> A              
     e( 25 - 25) =     15.28557  eV     1   --> A              
     e( 26 - 26) =     17.35896  eV     1   --> A              

 **************************************************************************

 **************************************************************************

                    xk=(   0.01944,   0.03368,   0.00000  )

     Band symmetry, C_1 (1)     point group:

     e(  1 -  1) =    -45.37409  eV     1   --> A              
     e(  2 -  2) =    -23.85537  eV     1   --> A              
     e(  3 -  3) =    -23.09422  eV     1   --> A              
     e(  4 -  4) =    -23.08639  eV     1   --> A              
     e(  5 -  5) =    -20.67543  eV     1   --> A              
     e(  6 -  6) =    -12.97797  eV     1   --> A              
     e(  7 -  7) =     -3.15244  eV     1   --> A              
     e(  8 -  8) =     -2.48793  eV     1   --> A              
     e(  9 -  9) =     -2.47690  eV     1   --> A              
     e( 10 - 10) =     -1.13072  eV     1   --> A              
     e( 11 - 11) =      1.32890  eV     1   --> A              
     e( 12 - 12) =      1.38469  eV     1   --> A              
     e( 13 - 13) =      3.79238  eV     1   --> A              
     e( 14 - 14) =      5.81409  eV     1   --> A              
     e( 15 - 15) =      5.85052  eV     1   --> A              
     e( 16 - 16) =      5.95660  eV     1   --> A              
     e( 17 - 17) =      6.79413  eV     1   --> A              
     e( 18 - 18) =      6.82977  eV     1   --> A              
     e( 19 - 19) =      7.98161  eV     1   --> A              
     e( 20 - 20) =      8.86902  eV     1   --> A              
     e( 21 - 21) =     11.19498  eV     1   --> A              
     e( 22 - 22) =     14.03360  eV     1   --> A              
     e( 23 - 23) =     14.58579  eV     1   --> A              
     e( 24 - 24) =     14.76002  eV     1   --> A              
     e( 25 - 25) =     15.29670  eV     1   --> A              
     e( 26 - 26) =     17.33713  eV     1   --> A              

 **************************************************************************

 **************************************************************************

                    xk=(   0.01667,   0.02887,   0.00000  )

     Band symmetry, C_1 (1)     point group:

     e(  1 -  1) =    -45.37427  eV     1   --> A              
     e(  2 -  2) =    -23.85603  eV     1   --> A              
     e(  3 -  3) =    -23.09176  eV     1   --> A              
     e(  4 -  4) =    -23.08600  eV     1   --> A              
     e(  5 -  5) =    -20.67610  eV     1   --> A              
     e(  6 -  6) =    -12.98016  eV     1   --> A              
     e(  7 -  7) =     -3.15509  eV     1   --> A              
     e(  8 -  8) =     -2.48502  eV     1   --> A              
     e(  9 -  9) =     -2.47691  eV     1   --> A              
     e( 10 - 10) =     -1.13250  eV     1   --> A              
     e( 11 - 11) =      1.34673  eV     1   --> A              
     e( 12 - 12) =      1.38794  eV     1   --> A              
     e( 13 - 13) =      3.79100  eV     1   --> A              
     e( 14 - 14) =      5.81966  eV     1   --> A              
     e( 15 - 15) =      5.84717  eV     1   --> A              
     e( 16 - 16) =      5.94816  eV     1   --> A              
     e( 17 - 17) =      6.79903  eV     1   --> A              
     e( 18 - 18) =      6.82570  eV     1   --> A              
     e( 19 - 19) =      7.97161  eV     1   --> A              
     e( 20 - 20) =      8.85106  eV     1   --> A              
     e( 21 - 21) =     11.18437  eV     1   --> A              
     e( 22 - 22) =     14.02791  eV     1   --> A              
     e( 23 - 23) =     14.61921  eV     1   --> A              
     e( 24 - 24) =     14.74960  eV     1   --> A              
     e( 25 - 25) =     15.30593  eV     1   --> A              
     e( 26 - 26) =     17.31714  eV     1   --> A              

 **************************************************************************

 **************************************************************************

                    xk=(   0.01389,   0.02406,   0.00000  )

     Band symmetry, C_1 (1)     point group:

     e(  1 -  1) =    -45.37442  eV     1   --> A              
     e(  2 -  2) =    -23.85660  eV     1   --> A              
     e(  3 -  3) =    -23.08969  eV     1   --> A              
     e(  4 -  4) =    -23.08569  eV     1   --> A              
     e(  5 -  5) =    -20.67668  eV     1   --> A              
     e(  6 -  6) =    -12.98202  eV     1   --> A              
     e(  7 -  7) =     -3.15735  eV     1   --> A              
     e(  8 -  8) =     -2.48258  eV     1   --> A              
     e(  9 -  9) =     -2.47694  eV     1   --> A              
     e( 10 - 10) =     -1.13403  eV     1   --> A              
     e( 11 - 11) =      1.36193  eV     1   --> A              
     e( 12 - 12) =      1.39069  eV     1   --> A              
     e( 13 - 13) =      3.78980  eV     1   --> A              
     e( 14 - 14) =      5.82468  eV     1   --> A              
     e( 15 - 15) =      5.84433  eV     1   --> A              
     e( 16 - 16) =      5.94059  eV     1   --> A              
     e( 17 - 17) =      6.80344  eV     1   --> A              
     e( 18 - 18) =      6.82226  eV     1   --> A              
     e( 19 - 19) =      7.96311  eV     1   --> A              
     e( 20 - 20) =      8.83562  eV     1   --> A              
     e( 21 - 21) =     11.17541  eV     1   --> A              
     e( 22 - 22) =     14.02293  eV     1   --> A              
     e( 23 - 23) =     14.64872  eV     1   --> A              
     e( 24 - 24) =     14.74078  eV     1   --> A              
     e( 25 - 25) =     15.31330  eV     1   --> A              
     e( 26 - 26) =     17.29943  eV     1   --> A              

 **************************************************************************

 **************************************************************************

                    xk=(   0.01111,   0.01925,   0.00000  )

     Band symmetry, C_1 (1)     point group:

     e(  1 -  1) =    -45.37455  eV     1   --> A              
     e(  2 -  2) =    -23.85707  eV     1   --> A              
     e(  3 -  3) =    -23.08800  eV     1   --> A              
     e(  4 -  4) =    -23.08543  eV     1   --> A              
     e(  5 -  5) =    -20.67716  eV     1   --> A              
     e(  6 -  6) =    -12.98355  eV     1   --> A              
     e(  7 -  7) =     -3.15920  eV     1   --> A              
     e(  8 -  8) =     -2.48060  eV     1   --> A              
     e(  9 -  9) =     -2.47697  eV     1   --> A              
     e( 10 - 10) =     -1.13529  eV     1   --> A              
     e( 11 - 11) =      1.37446  eV     1   --> A              
     e( 12 - 12) =      1.39294  eV     1   --> A              
     e( 13 - 13) =      3.78881  eV     1   --> A              
     e( 14 - 14) =      5.82907  eV     1   --> A              
     e( 15 - 15) =      5.84200  eV     1   --> A              
     e( 16 - 16) =      5.93404  eV     1   --> A              
     e( 17 - 17) =      6.80722  eV     1   --> A              
     e( 18 - 18) =      6.81943  eV     1   --> A              
     e( 19 - 19) =      7.95612  eV     1   --> A              
     e( 20 - 20) =      8.82283  eV     1   --> A              
     e( 21 - 21) =     11.16808  eV     1   --> A              
     e( 22 - 22) =     14.01875  eV     1   --> A              
     e( 23 - 23) =     14.67379  eV     1   --> A              
     e( 24 - 24) =     14.73356  eV     1   --> A              
     e( 25 - 25) =     15.31895  eV     1   --> A              
     e( 26 - 26) =     17.28439  eV     1   --> A              

 **************************************************************************

 **************************************************************************

                    xk=(   0.00833,   0.01443,   0.00000  )

     Band symmetry, C_1 (1)     point group:

     e(  1 -  1) =    -45.37464  eV     1   --> A              
     e(  2 -  2) =    -23.85743  eV     1   --> A              
     e(  3 -  3) =    -23.08667  eV     1   --> A              
     e(  4 -  4) =    -23.08522  eV     1   --> A              
     e(  5 -  5) =    -20.67753  eV     1   --> A              
     e(  6 -  6) =    -12.98473  eV     1   --> A              
     e(  7 -  7) =     -3.16065  eV     1   --> A              
     e(  8 -  8) =     -2.47903  eV     1   --> A              
     e(  9 -  9) =     -2.47698  eV     1   --> A              
     e( 10 - 10) =     -1.13627  eV     1   --> A              
     e( 11 - 11) =      1.38425  eV     1   --> A              
     e( 12 - 12) =      1.39468  eV     1   --> A              
     e( 13 - 13) =      3.78802  eV     1   --> A              
     e( 14 - 14) =      5.83273  eV     1   --> A              
     e( 15 - 15) =      5.84019  eV     1   --> A              
     e( 16 - 16) =      5.92866  eV     1   --> A              
     e( 17 - 17) =      6.81031  eV     1   --> A              
     e( 18 - 18) =      6.81724  eV     1   --> A              
     e( 19 - 19) =      7.95066  eV     1   --> A              
     e( 20 - 20) =      8.81277  eV     1   --> A              
     e( 21 - 21) =     11.16238  eV     1   --> A              
     e( 22 - 22) =     14.01544  eV     1   --> A              
     e( 23 - 23) =     14.69393  eV     1   --> A              
     e( 24 - 24) =     14.72794  eV     1   --> A              
     e( 25 - 25) =     15.32304  eV     1   --> A              
     e( 26 - 26) =     17.27235  eV     1   --> A              

 **************************************************************************

 **************************************************************************

                    xk=(   0.00556,   0.00962,   0.00000  )

     Band symmetry, C_1 (1)     point group:

     e(  1 -  1) =    -45.37471  eV     1   --> A              
     e(  2 -  2) =    -23.85770  eV     1   --> A              
     e(  3 -  3) =    -23.08573  eV     1   --> A              
     e(  4 -  4) =    -23.08508  eV     1   --> A              
     e(  5 -  5) =    -20.67780  eV     1   --> A              
     e(  6 -  6) =    -12.98558  eV     1   --> A              
     e(  7 -  7) =     -3.16169  eV     1   --> A              
     e(  8 -  8) =     -2.47791  eV     1   --> A              
     e(  9 -  9) =     -2.47699  eV     1   --> A              
     e( 10 - 10) =     -1.13698  eV     1   --> A              
     e( 11 - 11) =      1.39128  eV     1   --> A              
     e( 12 - 12) =      1.39593  eV     1   --> A              
     e( 13 - 13) =      3.78745  eV     1   --> A              
     e( 14 - 14) =      5.83551  eV     1   --> A              
     e( 15 - 15) =      5.83890  eV     1   --> A              
     e( 16 - 16) =      5.92462  eV     1   --> A              
     e( 17 - 17) =      6.81256  eV     1   --> A              
     e( 18 - 18) =      6.81566  eV     1   --> A              
     e( 19 - 19) =      7.94675  eV     1   --> A              
     e( 20 - 20) =      8.80553  eV     1   --> A              
     e( 21 - 21) =     11.15831  eV     1   --> A              
     e( 22 - 22) =     14.01304  eV     1   --> A              
     e( 23 - 23) =     14.70869  eV     1   --> A              
     e( 24 - 24) =     14.72393  eV     1   --> A              
     e( 25 - 25) =     15.32578  eV     1   --> A              
     e( 26 - 26) =     17.26357  eV     1   --> A              

 **************************************************************************

 **************************************************************************

                    xk=(   0.00278,   0.00481,   0.00000  )

     Band symmetry, C_1 (1)     point group:

     e(  1 -  1) =    -45.37476  eV     1   --> A              
     e(  2 -  2) =    -23.85786  eV     1   --> A              
     e(  3 -  3) =    -23.08516  eV     1   --> A              
     e(  4 -  4) =    -23.08500  eV     1   --> A              
     e(  5 -  5) =    -20.67797  eV     1   --> A              
     e(  6 -  6) =    -12.98609  eV     1   --> A              
     e(  7 -  7) =     -3.16232  eV     1   --> A              
     e(  8 -  8) =     -2.47724  eV     1   --> A              
     e(  9 -  9) =     -2.47701  eV     1   --> A              
     e( 10 - 10) =     -1.13741  eV     1   --> A              
     e( 11 - 11) =      1.39551  eV     1   --> A              
     e( 12 - 12) =      1.39667  eV     1   --> A              
     e( 13 - 13) =      3.78710  eV     1   --> A              
     e( 14 - 14) =      5.83726  eV     1   --> A              
     e( 15 - 15) =      5.83812  eV     1   --> A              
     e( 16 - 16) =      5.92211  eV     1   --> A              
     e( 17 - 17) =      6.81393  eV     1   --> A              
     e( 18 - 18) =      6.81470  eV     1   --> A              
     e( 19 - 19) =      7.94440  eV     1   --> A              
     e( 20 - 20) =      8.80116  eV     1   --> A              
     e( 21 - 21) =     11.15587  eV     1   --> A              
     e( 22 - 22) =     14.01158  eV     1   --> A              
     e( 23 - 23) =     14.71770  eV     1   --> A              
     e( 24 - 24) =     14.72153  eV     1   --> A              
     e( 25 - 25) =     15.32734  eV     1   --> A              
     e( 26 - 26) =     17.25823  eV     1   --> A              

 **************************************************************************

 **************************************************************************

                    xk=(   0.00000,   0.00000,   0.00000  )

     point group C_3v (3m)  
     there are  3 classes
     the character table:

       E     2C3   3s_v 
A_1    1.00  1.00  1.00
A_2    1.00  1.00 -1.00
E      2.00 -1.00  0.00

     the symmetry operations in each class and the name of the first element:

     E        1
                                                                 
     2C3      2    3
                                                                 
     3s_v     4    5    6
                                                                 

     Band symmetry, C_3v (3m)   point group:

     e(  1 -  1) =    -45.37477  eV     1   --> A_1  L_1       
     e(  2 -  2) =    -23.85792  eV     1   --> A_1  L_1       
     e(  3 -  4) =    -23.08495  eV     2   --> E    L_3       
     e(  5 -  5) =    -20.67802  eV     1   --> A_1  L_1       
     e(  6 -  6) =    -12.98625  eV     1   --> A_1  L_1       
     e(  7 -  7) =     -3.16254  eV     1   --> A_1  L_1       
     e(  8 -  9) =     -2.47697  eV     2   --> E    L_3       
     e( 10 - 10) =     -1.13756  eV     1   --> A_1  L_1       
     e( 11 - 12) =      1.39693  eV     2   --> E    L_3       
     e( 13 - 13) =      3.78698  eV     1   --> A_1  L_1       
     e( 14 - 15) =      5.83789  eV     2   --> E    L_3       
     e( 16 - 16) =      5.92125  eV     1   --> A_1  L_1       
     e( 17 - 18) =      6.81439  eV     2   --> E    L_3       
     e( 19 - 19) =      7.94362  eV     1   --> A_1  L_1       
     e( 20 - 20) =      8.79970  eV     1   --> A_1  L_1       
     e( 21 - 21) =     11.15506  eV     1   --> A_1  L_1       
     e( 22 - 22) =     14.01110  eV     1   --> A_1  L_1       
     e( 23 - 24) =     14.72073  eV     2   --> E    L_3       
     e( 25 - 25) =     15.32784  eV     1   --> A_1  L_1       
     e( 26 - 26) =     17.25644  eV     1   --> A_1  L_1       

 **************************************************************************

     BANDS        :      7.75s CPU      8.55s WALL


   This run was terminated on:   8:28:11  18Sep2026            

=------------------------------------------------------------------------------=
   JOB DONE.
=------------------------------------------------------------------------------=
